scrip,company,headline,summary,published_date,source,url
AUBANK,AU Small Finance Bank Limited,"AUBANK Outlook for the Week (March 02, 2026 – March 06, 2026) - Equitypandit","<a href=""https://news.google.com/rss/articles/CBMiaEFVX3lxTE5xSHlKajdnQ0Nwb25NaVpuYnh6c1NneDROb0dZSHNZLXRNSUxRRmNfVFh6dTh4RDVOeTZJY1NuVFpRSmZMc1RmU0RHcjFoOGhXSFFPNlN5X3pKQldOakp0dmxVdnE3M1FF?oc=5"" target=""_blank"">AUBANK Outlook for the Week (March 02, 2026 – March 06, 2026)</a>&nbsp;&nbsp;<font color=""#6f6f6f"">Equitypandit</font>",2026-02-27 08:00:00,Equitypandit,https://news.google.com/rss/articles/CBMiaEFVX3lxTE5xSHlKajdnQ0Nwb25NaVpuYnh6c1NneDROb0dZSHNZLXRNSUxRRmNfVFh6dTh4RDVOeTZJY1NuVFpRSmZMc1RmU0RHcjFoOGhXSFFPNlN5X3pKQldOakp0dmxVdnE3M1FF?oc=5
AUBANK,AU Small Finance Bank Limited,Institutional investors may overlook AU Small Finance Bank Limited's (NSE:AUBANK) recent ₹44b market cap drop as long-term gains remain positive - simplywall.st,"<a href=""https://news.google.com/rss/articles/CBMi2wFBVV95cUxOajdzeFZFSjI3djRURWdaVXN1U3Y3YTF1LWl6M050N3RHN1RGejRRUzdINTk1NDJCa0pXbC1SS1ljbWtHaWJ3Ql9vMHBQTEtNVW83MWktRW1qUFAwYUJkM3B5aWRBUnFiYVV4SjFDc01oc2dBZkU5TnpOaS1uRHhOR2NmZk5SdG0xQ0JoVVEwWUxCNUhhNFprRmNPMFhhY0M0M01PMTlocHJqT2hnVERYRWhEb3Y1YzhwWkxlN0x0bWg0V3FLQm02UmZNMDJQLXNoeVhGLV9oTENsYlXSAeABQVVfeXFMTVhzSTYtOUI4aUYzVVFSM3hhQnJjZ2Q1RUJ5elBuR0ZtUzBmWGJtdWpTMzloTm04V2RlTEN1X1B4SVFjMUNPV2l5Z0JlQ1lMbUE0ZVYxanVqMUREY0VGTlNCWDV3d3lWSEFoTm9LdUp0bmFHME5SU3VibnVwRlMwa2NySDFjRjYtMkNhbkVWbVllbVV4YU9aVW9zMjVhbHlwVmJWQUgzajZjMWJVeFRpZFNleEMtb19oOGh2ZFhwM2dfSkI5S1lyX2VXRzBtZGVoa0xHUU94OGRsNXpUcUFFdUw?oc=5"" target=""_blank"">Institutional investors may overlook AU Small Finance Bank Limited's (NSE:AUBANK) recent ₹44b market cap drop as long-term gains remain positive</a>&nbsp;&nbsp;<font color=""#6f6f6f"">simplywall.st</font>",2026-01-26 08:00:00,simplywall.st,https://news.google.com/rss/articles/CBMi2wFBVV95cUxOajdzeFZFSjI3djRURWdaVXN1U3Y3YTF1LWl6M050N3RHN1RGejRRUzdINTk1NDJCa0pXbC1SS1ljbWtHaWJ3Ql9vMHBQTEtNVW83MWktRW1qUFAwYUJkM3B5aWRBUnFiYVV4SjFDc01oc2dBZkU5TnpOaS1uRHhOR2NmZk5SdG0xQ0JoVVEwWUxCNUhhNFprRmNPMFhhY0M0M01PMTlocHJqT2hnVERYRWhEb3Y1YzhwWkxlN0x0bWg0V3FLQm02UmZNMDJQLXNoeVhGLV9oTENsYlXSAeABQVVfeXFMTVhzSTYtOUI4aUYzVVFSM3hhQnJjZ2Q1RUJ5elBuR0ZtUzBmWGJtdWpTMzloTm04V2RlTEN1X1B4SVFjMUNPV2l5Z0JlQ1lMbUE0ZVYxanVqMUREY0VGTlNCWDV3d3lWSEFoTm9LdUp0bmFHME5SU3VibnVwRlMwa2NySDFjRjYtMkNhbkVWbVllbVV4YU9aVW9zMjVhbHlwVmJWQUgzajZjMWJVeFRpZFNleEMtb19oOGh2ZFhwM2dfSkI5S1lyX2VXRzBtZGVoa0xHUU94OGRsNXpUcUFFdUw?oc=5
AUBANK,AU Small Finance Bank Limited,AU Small Finance Bank Allots 2.52 Lakh Shares Under ESOP Schemes - PSU Connect,"<a href=""https://news.google.com/rss/articles/CBMiogFBVV95cUxNaE1mRHJyaFl5NmdVNnRHZGRlSDJQZDEtcXR6Q1BpenZoTDdXdUNzbVBYOXdaZjExMGt1bWhNZXgyTXlRN1YzcE5VcURVNG93bTBpZW9ZMUFTd1VDX0JwdWN3b3hGNkJEQ05SWUtfZEZfS2xueVIwZGVoU1RreUd1U0tPMUpKWDFTQnppVnctbEF1c2ZkbS13VFZQZ0tuRU4zaWc?oc=5"" target=""_blank"">AU Small Finance Bank Allots 2.52 Lakh Shares Under ESOP Schemes</a>&nbsp;&nbsp;<font color=""#6f6f6f"">PSU Connect</font>",2026-02-13 08:00:00,PSU Connect,https://news.google.com/rss/articles/CBMiogFBVV95cUxNaE1mRHJyaFl5NmdVNnRHZGRlSDJQZDEtcXR6Q1BpenZoTDdXdUNzbVBYOXdaZjExMGt1bWhNZXgyTXlRN1YzcE5VcURVNG93bTBpZW9ZMUFTd1VDX0JwdWN3b3hGNkJEQ05SWUtfZEZfS2xueVIwZGVoU1RreUd1U0tPMUpKWDFTQnppVnctbEF1c2ZkbS13VFZQZ0tuRU4zaWc?oc=5
AUBANK,AU Small Finance Bank Limited,AU Small Finance Bank stock rating upgraded by Nomura on strong earnings - Investing.com,"<a href=""https://news.google.com/rss/articles/CBMizAFBVV95cUxPQjhSNk83ZnFaWVVZYXBvdXhRMFY1QUdsTjJwNElMQ01LSlpYdUdLeWdqZkpsT3hXWG9pNGs1anNtYnRlMkdFNnlMdkxyRDhmZ20tNkR4ZUp4azFJVXFyZVcxYkp3UHI0bko1UjNheU44VmE4YndLS2ZHQXZibm8yaDJSRDdqdlZUUUh3WjY2ODk5TGhDVXFsRGdVQ2hzcERjZ2xrOFdNZHYtTUxPaGRiWDc4M3NXaUJrc2wwblJLa1YyamZJRFdxaGpZdGU?oc=5"" target=""_blank"">AU Small Finance Bank stock rating upgraded by Nomura on strong earnings</a>&nbsp;&nbsp;<font color=""#6f6f6f"">Investing.com</font>",2025-10-20 07:00:00,Investing.com,https://news.google.com/rss/articles/CBMizAFBVV95cUxPQjhSNk83ZnFaWVVZYXBvdXhRMFY1QUdsTjJwNElMQ01LSlpYdUdLeWdqZkpsT3hXWG9pNGs1anNtYnRlMkdFNnlMdkxyRDhmZ20tNkR4ZUp4azFJVXFyZVcxYkp3UHI0bko1UjNheU44VmE4YndLS2ZHQXZibm8yaDJSRDdqdlZUUUh3WjY2ODk5TGhDVXFsRGdVQ2hzcERjZ2xrOFdNZHYtTUxPaGRiWDc4M3NXaUJrc2wwblJLa1YyamZJRFdxaGpZdGU?oc=5
AUBANK,AU Small Finance Bank Limited,AU Small Finance Bank Ltd (NSE:AUBANK) Q1 2026 Earnings Call Highlights: Strong Deposit Growth ... - Yahoo Finance,"<a href=""https://news.google.com/rss/articles/CBMie0FVX3lxTE54NFFpVHloeWplSEZJVzhfNDVBNFNVc2U4bUlQelVXZlo4VjR6S19EX25JUk5aOVhDN2lRN3hZYUIwb3BJZF9ucy1OUUt0WlBXWkMwSHgzS1JuTzZTMGlOdW1LTnRiZUZyOXpVVEJ6MndCTlZtNE1WZDRfSQ?oc=5"" target=""_blank"">AU Small Finance Bank Ltd (NSE:AUBANK) Q1 2026 Earnings Call Highlights: Strong Deposit Growth ...</a>&nbsp;&nbsp;<font color=""#6f6f6f"">Yahoo Finance</font>",2025-07-21 07:00:00,Yahoo Finance,https://news.google.com/rss/articles/CBMie0FVX3lxTE54NFFpVHloeWplSEZJVzhfNDVBNFNVc2U4bUlQelVXZlo4VjR6S19EX25JUk5aOVhDN2lRN3hZYUIwb3BJZF9ucy1OUUt0WlBXWkMwSHgzS1JuTzZTMGlOdW1LTnRiZUZyOXpVVEJ6MndCTlZtNE1WZDRfSQ?oc=5
AUBANK,AU Small Finance Bank Limited,AU Small Finance Bank Sees Heavy Put Option Activity Ahead of January Expiry - Markets Mojo,"<a href=""https://news.google.com/rss/articles/CBMizwFBVV95cUxNNFQ3UTFGVWJ0bEJxWldRTXhmOFRCZEY1MUtPQ3dXbUlXcGh5dG1STTlra2xOcnJQZlRFVVh4aURNZjE0MFlRSUdFTWU2UlF5b2dIb09jTDB1ZHFJUVdMNEFpbEhhS1FSV3lxNlMtb3N4QTdlQ0dOc0FzZXRwa1NMNENjYl8yNmZYWlpUclAwU2lJMVJJM3JneGkyMm43eXN3Zk5kdFBfWDVDN3VZOGtUVG1Pd2daUXZYWXhieHc3RDJXWm5jYUFtbEJWSWdvTUk?oc=5"" target=""_blank"">AU Small Finance Bank Sees Heavy Put Option Activity Ahead of January Expiry</a>&nbsp;&nbsp;<font color=""#6f6f6f"">Markets Mojo</font>",2026-01-21 08:00:00,Markets Mojo,https://news.google.com/rss/articles/CBMizwFBVV95cUxNNFQ3UTFGVWJ0bEJxWldRTXhmOFRCZEY1MUtPQ3dXbUlXcGh5dG1STTlra2xOcnJQZlRFVVh4aURNZjE0MFlRSUdFTWU2UlF5b2dIb09jTDB1ZHFJUVdMNEFpbEhhS1FSV3lxNlMtb3N4QTdlQ0dOc0FzZXRwa1NMNENjYl8yNmZYWlpUclAwU2lJMVJJM3JneGkyMm43eXN3Zk5kdFBfWDVDN3VZOGtUVG1Pd2daUXZYWXhieHc3RDJXWm5jYUFtbEJWSWdvTUk?oc=5
AUBANK,AU Small Finance Bank Limited,AU Small Finance Bank Share Price: AUBANK stock in focus as lender gets RBI nod to become universal bank - India TV News,"<a href=""https://news.google.com/rss/articles/CBMi7AFBVV95cUxQWHdVbFlsX3VoSy1WQXhiM0xiS3dWaG9Zb0lZUkctVXdhYjBaTnkwTUdzYVZJcHpSWHpVZlFBMzhVTy1CWXdwNVJ6U1dCVWMzQk9LQzVLRTNtRjh0Uk43bDFNWm1aZ0FJWU96ejM0TFloNDBiZXZoSnpzWjUwUHFPQ2RSZ1hjZWVBZEFHbFZFTWp4YmRaZzdNT0t5ZzRCc2NrRXVLMElLUERRdDF3SFNKS3BkUXU0Rk9MNVFwQXlHSUhUUWl6R2RsVHR4aTdJcFdEdnIwMUJvU3lMM1VJRGdEUXJuVS1qYk1GZElucdIB8gFBVV95cUxQallRT0VROWdNWFdkeHNUVlFzbGNKWmhlUDJnRnphUXlPa2dHOEJTenNlS2lGRFhoZklxc3ZMdTJHX1dFYk9pUzVhUTlLZS1Eenc2LVhvcjF5VndkbmdKMmNibHo1RXhOYlotMzN2VnYwdlYtWl9kUDN1Zlg2clA2MG5RRlNxN1pjNGM3NzVtb1hOYXUtX2kwWEI4UEttbXl3MHBYNTNyYjdxVWJJbHVQSzVYNXJUQk1hVnN3M09pb0l2SXNCRDVHcTUwOWdzakRUMGxyRkxYbk9xeWd2RVhNNWhwNEZnRWkzb19QWTc3V1JZdw?oc=5"" target=""_blank"">AU Small Finance Bank Share Price: AUBANK stock in focus as lender gets RBI nod to become universal bank</a>&nbsp;&nbsp;<font color=""#6f6f6f"">India TV News</font>",2025-08-08 07:00:00,India TV News,https://news.google.com/rss/articles/CBMi7AFBVV95cUxQWHdVbFlsX3VoSy1WQXhiM0xiS3dWaG9Zb0lZUkctVXdhYjBaTnkwTUdzYVZJcHpSWHpVZlFBMzhVTy1CWXdwNVJ6U1dCVWMzQk9LQzVLRTNtRjh0Uk43bDFNWm1aZ0FJWU96ejM0TFloNDBiZXZoSnpzWjUwUHFPQ2RSZ1hjZWVBZEFHbFZFTWp4YmRaZzdNT0t5ZzRCc2NrRXVLMElLUERRdDF3SFNKS3BkUXU0Rk9MNVFwQXlHSUhUUWl6R2RsVHR4aTdJcFdEdnIwMUJvU3lMM1VJRGdEUXJuVS1qYk1GZElucdIB8gFBVV95cUxQallRT0VROWdNWFdkeHNUVlFzbGNKWmhlUDJnRnphUXlPa2dHOEJTenNlS2lGRFhoZklxc3ZMdTJHX1dFYk9pUzVhUTlLZS1Eenc2LVhvcjF5VndkbmdKMmNibHo1RXhOYlotMzN2VnYwdlYtWl9kUDN1Zlg2clA2MG5RRlNxN1pjNGM3NzVtb1hOYXUtX2kwWEI4UEttbXl3MHBYNTNyYjdxVWJJbHVQSzVYNXJUQk1hVnN3M09pb0l2SXNCRDVHcTUwOWdzakRUMGxyRkxYbk9xeWd2RVhNNWhwNEZnRWkzb19QWTc3V1JZdw?oc=5
AUBANK,AU Small Finance Bank Limited,"Is AU Bank ‘Buy’ or ‘Sell’ now? Brokerages divided- Motilal sees 27% upside, but others warn - The Financial Express","<a href=""https://news.google.com/rss/articles/CBMizgFBVV95cUxPOEg5OVY3bXRsc19KUVZuU3BFd25jeEJOWS1DQVZBaXoxVlhoMEZsYXpjN3BEdVhKaURLWFRtRkUxQVRKZlFkdDZLQjNQUG5XRzJFMXJrYVdDWGNEbF9YSV96ZEg0UFRheW4weFdJNlI3X0prQUVkS3JhTWQ4ZHhYbDN1S1NyZEgzQ1BkeXVXOG5TdVFnSThja1UzelhaNnJIZkQ0RUFRZzd1OFBFYk9sS3lKRC1LU2RPMUkxOHBROXZQTnVIcExwejhOdFl5Z9IB1AFBVV95cUxON2Y1Vzdtc1ZGbExETDJfY0laSERHYlZvcUR1RDh1Z3RZVk5RSU9KODBRa2NGN2Q2X2VjMVBlSTZkMkF0UktJNzdzY2YwNHJ0RDRGeTBKV3VZc0JEaWZsTGxOSU5GMGlJSkRuZ2dTS2FGVDRSWENxaFNqNTMyOTh3XzhuOHAwamYtY241bC1ydi1qcGxyS0xEVFJMRVkwTUZIYUl0U1A0SVlNRmJ0dnRMVVVPbDdmc0VpTGdKR3R6blJPV1hubFh3VlpiYmxJVjhkUjRvbg?oc=5"" target=""_blank"">Is AU Bank ‘Buy’ or ‘Sell’ now? Brokerages divided- Motilal sees 27% upside, but others warn</a>&nbsp;&nbsp;<font color=""#6f6f6f"">The Financial Express</font>",2026-01-22 08:00:00,The Financial Express,https://news.google.com/rss/articles/CBMizgFBVV95cUxPOEg5OVY3bXRsc19KUVZuU3BFd25jeEJOWS1DQVZBaXoxVlhoMEZsYXpjN3BEdVhKaURLWFRtRkUxQVRKZlFkdDZLQjNQUG5XRzJFMXJrYVdDWGNEbF9YSV96ZEg0UFRheW4weFdJNlI3X0prQUVkS3JhTWQ4ZHhYbDN1S1NyZEgzQ1BkeXVXOG5TdVFnSThja1UzelhaNnJIZkQ0RUFRZzd1OFBFYk9sS3lKRC1LU2RPMUkxOHBROXZQTnVIcExwejhOdFl5Z9IB1AFBVV95cUxON2Y1Vzdtc1ZGbExETDJfY0laSERHYlZvcUR1RDh1Z3RZVk5RSU9KODBRa2NGN2Q2X2VjMVBlSTZkMkF0UktJNzdzY2YwNHJ0RDRGeTBKV3VZc0JEaWZsTGxOSU5GMGlJSkRuZ2dTS2FGVDRSWENxaFNqNTMyOTh3XzhuOHAwamYtY241bC1ydi1qcGxyS0xEVFJMRVkwTUZIYUl0U1A0SVlNRmJ0dnRMVVVPbDdmc0VpTGdKR3R6blJPV1hubFh3VlpiYmxJVjhkUjRvbg?oc=5
AUBANK,AU Small Finance Bank Limited,AU Small Finance Bank shares dive 7% post Q1 FY26 results; here's why - Business Today,"<a href=""https://news.google.com/rss/articles/CBMizwFBVV95cUxNb1ZOVHVwTHFfckVNWVVGVTUzTExYVG9KN2tORUstNlJKUXJHZUdrZWhSNjZuZVJoZnRLN3NyekNLb3JoeGlMQzhLUlBsSVEybVlZQzh3Smk2V2M5TDVCc3lRbGFjWXc1VHRTdGdJOXQ1VGZEdjcxNFJJU3Jsb2g2RGxOWEpXUFgwRFdlaTM3U0xCemJrR1pVMDhCU25FeTZIcUxBT1kyWU1fbU1ZU3lrV2NDYk84OXIwMXZiekpHS0R3SzBYRUl1OTRIY040NUHSAdQBQVVfeXFMTXhYYmtGRC1hN3B6Q1NoNkt1UU9PRGtzdExzNmdOYmlOYk90Sk1IMzVIM2dNWkdlM0ljZEt4UkYxazBJZGswRFRZY0N1SEpTS3hGc1ZRUUVtcUFRZHZpZmF1MzQ0YndDdnl0NHdmVVdQNGdldEExZWp2ODFUNXYtZWtyS212RlNCZmNNS0lUWTc4U25tUXQycS1zbGZ4X2xkaktCTTJVTDJKZXQwb09FLWFzLVZuaXlSdzJQWHBzUnBNMWxfR0pjY0M0N21Oell0UmN2RWI?oc=5"" target=""_blank"">AU Small Finance Bank shares dive 7% post Q1 FY26 results; here's why</a>&nbsp;&nbsp;<font color=""#6f6f6f"">Business Today</font>",2025-07-21 07:00:00,Business Today,https://news.google.com/rss/articles/CBMizwFBVV95cUxNb1ZOVHVwTHFfckVNWVVGVTUzTExYVG9KN2tORUstNlJKUXJHZUdrZWhSNjZuZVJoZnRLN3NyekNLb3JoeGlMQzhLUlBsSVEybVlZQzh3Smk2V2M5TDVCc3lRbGFjWXc1VHRTdGdJOXQ1VGZEdjcxNFJJU3Jsb2g2RGxOWEpXUFgwRFdlaTM3U0xCemJrR1pVMDhCU25FeTZIcUxBT1kyWU1fbU1ZU3lrV2NDYk84OXIwMXZiekpHS0R3SzBYRUl1OTRIY040NUHSAdQBQVVfeXFMTXhYYmtGRC1hN3B6Q1NoNkt1UU9PRGtzdExzNmdOYmlOYk90Sk1IMzVIM2dNWkdlM0ljZEt4UkYxazBJZGswRFRZY0N1SEpTS3hGc1ZRUUVtcUFRZHZpZmF1MzQ0YndDdnl0NHdmVVdQNGdldEExZWp2ODFUNXYtZWtyS212RlNCZmNNS0lUWTc4U25tUXQycS1zbGZ4X2xkaktCTTJVTDJKZXQwb09FLWFzLVZuaXlSdzJQWHBzUnBNMWxfR0pjY0M0N21Oell0UmN2RWI?oc=5
AUBANK,AU Small Finance Bank Limited,AU Small Finance Bank (AUBANK IN): Increased FOL & Large Passive Flows/ Impact - Smartkarma,"<a href=""https://news.google.com/rss/articles/CBMirAFBVV95cUxQcDc3OHcxb21pNHJ4clgyN1JiakJZWE52Z2hTZXMzOGNhSGJYbzZGWGtrRXQ5N3JydUc4eWMwNXd4QXBnamtzUHZZTDZWNkt1eWplajN3blNMQUJ3NnE3TU81cERQYU5NdTJzN181QmtPUVREaTdhYTNGM3piYWt3V2dGT0UyYlJPREVwWjBkMVlnU2Z0X0FCUlRyMXZ3RlZ3YVRZNExPcDFfOEFD?oc=5"" target=""_blank"">AU Small Finance Bank (AUBANK IN): Increased FOL & Large Passive Flows/ Impact</a>&nbsp;&nbsp;<font color=""#6f6f6f"">Smartkarma</font>",2025-12-09 08:00:00,Smartkarma,https://news.google.com/rss/articles/CBMirAFBVV95cUxQcDc3OHcxb21pNHJ4clgyN1JiakJZWE52Z2hTZXMzOGNhSGJYbzZGWGtrRXQ5N3JydUc4eWMwNXd4QXBnamtzUHZZTDZWNkt1eWplajN3blNMQUJ3NnE3TU81cERQYU5NdTJzN181QmtPUVREaTdhYTNGM3piYWt3V2dGT0UyYlJPREVwWjBkMVlnU2Z0X0FCUlRyMXZ3RlZ3YVRZNExPcDFfOEFD?oc=5
AUBANK,AU Small Finance Bank Limited,Buyl AU Small Finance Bank; target of Rs 875: Motilal Oswal - Moneycontrol.com,"<a href=""https://news.google.com/rss/articles/CBMivgFBVV95cUxOOWVMR1NhTGV0cVVMS2xZYWk1Nkttb0lMQzhxaXNtODVvVEhPSDZ5elZQTDViX0VkenNCblF5R1FnM08wWUpDamV2cS1yb1ZoMHBTVW9JVnM4Rm1jeEE4c1JBWFlSWko2UzFjbHRmV1c4RC1hSFNhV0RxWFZ0dTM5Z1dxZ25TamltT0FhU1RRZkpybER2Q3lRNzZYcmpGRTJIWHUwNGpzUUhsSjF4NVp5SFhHNENJOTUxZmZ6bm1B0gHDAUFVX3lxTE9Hd1dTMXRtczNiV2lXZ1VFTW1RS1lCMkJiR0RKaWFkeUhCTHkzVXpvd1JYck1obG9UMVQ2SWdicFowNC0wS1FXUm80MkdHcE1hR2F6cHVvN3JFcG1YRm10eEU0SHQxUFRjR29iUU0xWVlGWWxKXzVOdVd3WlNiZldGUkMxcDh3anRRN29wLWVySmdHN0wxQ3hPYU5zcE1WeWxseTZPZkludDdyN1p2cEE2YVAyMnhQb1AxVkcxalc0Q3ZwVQ?oc=5"" target=""_blank"">Buyl AU Small Finance Bank; target of Rs 875: Motilal Oswal</a>&nbsp;&nbsp;<font color=""#6f6f6f"">Moneycontrol.com</font>",2025-09-23 07:00:00,Moneycontrol.com,https://news.google.com/rss/articles/CBMivgFBVV95cUxOOWVMR1NhTGV0cVVMS2xZYWk1Nkttb0lMQzhxaXNtODVvVEhPSDZ5elZQTDViX0VkenNCblF5R1FnM08wWUpDamV2cS1yb1ZoMHBTVW9JVnM4Rm1jeEE4c1JBWFlSWko2UzFjbHRmV1c4RC1hSFNhV0RxWFZ0dTM5Z1dxZ25TamltT0FhU1RRZkpybER2Q3lRNzZYcmpGRTJIWHUwNGpzUUhsSjF4NVp5SFhHNENJOTUxZmZ6bm1B0gHDAUFVX3lxTE9Hd1dTMXRtczNiV2lXZ1VFTW1RS1lCMkJiR0RKaWFkeUhCTHkzVXpvd1JYck1obG9UMVQ2SWdicFowNC0wS1FXUm80MkdHcE1hR2F6cHVvN3JFcG1YRm10eEU0SHQxUFRjR29iUU0xWVlGWWxKXzVOdVd3WlNiZldGUkMxcDh3anRRN29wLWVySmdHN0wxQ3hPYU5zcE1WeWxseTZPZkludDdyN1p2cEE2YVAyMnhQb1AxVkcxalc0Q3ZwVQ?oc=5
AUBANK,AU Small Finance Bank Limited,AU Small Finance Bank (NSE:AUBANK) Ticks All The Boxes When It Comes To Earnings Growth - simplywall.st,"<a href=""https://news.google.com/rss/articles/CBMi2gFBVV95cUxNSnp4aHlGYmVIN2RHUDlwbVkyVFViTkRTRkY0b2hEdVg5dkhmR0lTT1U4bVE2Y0dwZEZFcVBiTUlkOWk2SEg1aThxUFRaVHJTaUYxRnRrOGJVUDl3Zld6RGdIa1dqampNbEFuQ19IRWZMUEhDTnRSeGlMVUFEVlZCS3lxRURrZUpsNW5PWWhPLWNYMGVLRWpvWUtWeE1KTlo1LXh0RVpkMkxNMkh0UFd1LW55VTlkVEtIOGFxelduUE9hUlVUQzBIOGlZUXFuUTZEb1lZNjMyR0VCUQ?oc=5"" target=""_blank"">AU Small Finance Bank (NSE:AUBANK) Ticks All The Boxes When It Comes To Earnings Growth</a>&nbsp;&nbsp;<font color=""#6f6f6f"">simplywall.st</font>",2025-12-22 08:00:00,simplywall.st,https://news.google.com/rss/articles/CBMi2gFBVV95cUxNSnp4aHlGYmVIN2RHUDlwbVkyVFViTkRTRkY0b2hEdVg5dkhmR0lTT1U4bVE2Y0dwZEZFcVBiTUlkOWk2SEg1aThxUFRaVHJTaUYxRnRrOGJVUDl3Zld6RGdIa1dqampNbEFuQ19IRWZMUEhDTnRSeGlMVUFEVlZCS3lxRURrZUpsNW5PWWhPLWNYMGVLRWpvWUtWeE1KTlo1LXh0RVpkMkxNMkh0UFd1LW55VTlkVEtIOGFxelduUE9hUlVUQzBIOGlZUXFuUTZEb1lZNjMyR0VCUQ?oc=5
AUBANK,AU Small Finance Bank Limited,AU Small Finance Bank Share Price Hits Record High After FDI Limit Hike: Is AUBANK Still a Buy in December 2025? - TechStock²,"<a href=""https://news.google.com/rss/articles/CBMiywFBVV95cUxPRXJmTXZIdlJGVUtjXzd3NG9WQllRNWYxbFNaN2RYZ0cwV3ZWdGN0OHNiZmVuUEptV18yV2M4TXM2V1VRU1h4QUhoOVBMUEU2WDJiOFdWc1MtUmxaajEwUzdzdk5MWWtxNWhVWllZUzd0SG9ZTVVYZXlEQ1NxRkg4U3ZqOHh2X3NhVklEQTVNdHJ0d0hUbVZXWmFMZUVLZDEyZ1RjOE40WXMzQVpBZi1rZmxwZWNtOXJvVGVBZGo5bTQzQWRUVkZLVmZ2RQ?oc=5"" target=""_blank"">AU Small Finance Bank Share Price Hits Record High After FDI Limit Hike: Is AUBANK Still a Buy in December 2025?</a>&nbsp;&nbsp;<font color=""#6f6f6f"">TechStock²</font>",2025-12-10 08:00:00,TechStock²,https://news.google.com/rss/articles/CBMiywFBVV95cUxPRXJmTXZIdlJGVUtjXzd3NG9WQllRNWYxbFNaN2RYZ0cwV3ZWdGN0OHNiZmVuUEptV18yV2M4TXM2V1VRU1h4QUhoOVBMUEU2WDJiOFdWc1MtUmxaajEwUzdzdk5MWWtxNWhVWllZUzd0SG9ZTVVYZXlEQ1NxRkg4U3ZqOHh2X3NhVklEQTVNdHJ0d0hUbVZXWmFMZUVLZDEyZ1RjOE40WXMzQVpBZi1rZmxwZWNtOXJvVGVBZGo5bTQzQWRUVkZLVmZ2RQ?oc=5
AUBANK,AU Small Finance Bank Limited,AU Small Finance Bank Ltd (NSE:AUBANK) Q2 2026 Earnings Call Highlights: Strong Growth in ... - Yahoo Finance,"<a href=""https://news.google.com/rss/articles/CBMie0FVX3lxTFBhSzVVQ09WNll4TmxGTkF2ZlZEQ3pXRS1uQkhjX0hxVXRLYVJqd0hMRUk1SzFhaXhDZ04zVmNuNzFDUFh6UnpFb1BUdThCeUxEYTFOUVNjZUp0N2pvak9TbUxPczc1YWdyYjMwLWNjYUpRajZFOVdqRXBNZw?oc=5"" target=""_blank"">AU Small Finance Bank Ltd (NSE:AUBANK) Q2 2026 Earnings Call Highlights: Strong Growth in ...</a>&nbsp;&nbsp;<font color=""#6f6f6f"">Yahoo Finance</font>",2025-10-17 07:00:00,Yahoo Finance,https://news.google.com/rss/articles/CBMie0FVX3lxTFBhSzVVQ09WNll4TmxGTkF2ZlZEQ3pXRS1uQkhjX0hxVXRLYVJqd0hMRUk1SzFhaXhDZ04zVmNuNzFDUFh6UnpFb1BUdThCeUxEYTFOUVNjZUp0N2pvak9TbUxPczc1YWdyYjMwLWNjYUpRajZFOVdqRXBNZw?oc=5
AUBANK,AU Small Finance Bank Limited,Ambit Capital initiates AU Small Finance Bank stock with Sell rating - Investing.com,"<a href=""https://news.google.com/rss/articles/CBMixwFBVV95cUxPN19yb3R5RTBfdllmc1EyWjNQdDJvcVVVel8xNTNlUVZ3SVM4Rk8xUk10RDNBaWQxdEFZM2tqSmc0anpXVjdaeFBUbGZYYlVPb3NhS0JWQUI0V3NKYzNEUXN1WUFCdmtJZWw4dDMyeXFKaThqQ2ZPSTJiTktnaEJkODJva3FiaE5aYU9wanBNWXB4R1ZudXBUU3NEUU1kYTZwMnVLb1Q3S0xrd2p0LU9HMEQza3lMb0pDWjdwaWUxMG5Db1lqbjFZ?oc=5"" target=""_blank"">Ambit Capital initiates AU Small Finance Bank stock with Sell rating</a>&nbsp;&nbsp;<font color=""#6f6f6f"">Investing.com</font>",2025-12-12 08:00:00,Investing.com,https://news.google.com/rss/articles/CBMixwFBVV95cUxPN19yb3R5RTBfdllmc1EyWjNQdDJvcVVVel8xNTNlUVZ3SVM4Rk8xUk10RDNBaWQxdEFZM2tqSmc0anpXVjdaeFBUbGZYYlVPb3NhS0JWQUI0V3NKYzNEUXN1WUFCdmtJZWw4dDMyeXFKaThqQ2ZPSTJiTktnaEJkODJva3FiaE5aYU9wanBNWXB4R1ZudXBUU3NEUU1kYTZwMnVLb1Q3S0xrd2p0LU9HMEQza3lMb0pDWjdwaWUxMG5Db1lqbjFZ?oc=5
AUBANK,AU Small Finance Bank Limited,AU Small Finance Bank Sees 13.23% Surge in Open Interest Amid Increased Trading Activity - Markets Mojo,"<a href=""https://news.google.com/rss/articles/CBMi3AFBVV95cUxQdUtDYktDUi1vczlscjV1UzBKdFdfeFRuU1M5cTd3aGhVYXNNNDduMEFvdVduM0NER0dqVTRNMGhjRkExaXdSeENsbGV4VVNyS2NSV3liYmNyQms3d0ZOS3Z5cTdsQ001bVlFSVBiemFsVHZIUXh6RW1nRGt6NldlNHJNampuczVVZlJ6X3dOUExSdU1PUnE2YTJmdC1rY0hLOUdhdDVHdWEzYTcxVmRibFBYM0liQnJtdHJ3SmxUaU1SemYxbTVZdnBUcjc3TldzTWlNRjBpZVNWbXQ1?oc=5"" target=""_blank"">AU Small Finance Bank Sees 13.23% Surge in Open Interest Amid Increased Trading Activity</a>&nbsp;&nbsp;<font color=""#6f6f6f"">Markets Mojo</font>",2025-11-07 09:50:23,Markets Mojo,https://news.google.com/rss/articles/CBMi3AFBVV95cUxQdUtDYktDUi1vczlscjV1UzBKdFdfeFRuU1M5cTd3aGhVYXNNNDduMEFvdVduM0NER0dqVTRNMGhjRkExaXdSeENsbGV4VVNyS2NSV3liYmNyQms3d0ZOS3Z5cTdsQ001bVlFSVBiemFsVHZIUXh6RW1nRGt6NldlNHJNampuczVVZlJ6X3dOUExSdU1PUnE2YTJmdC1rY0hLOUdhdDVHdWEzYTcxVmRibFBYM0liQnJtdHJ3SmxUaU1SemYxbTVZdnBUcjc3TldzTWlNRjBpZVNWbXQ1?oc=5
AUBANK,AU Small Finance Bank Limited,Investing in AU Small Finance Bank (NSE:AUBANK) five years ago would have delivered you a 104% gain - simplywall.st,"<a href=""https://news.google.com/rss/articles/CBMi2gFBVV95cUxQbnprb2Z6Wjl4dFFKSHE1ZXgtXzNHQ2d5MnV3Rm1fNm9lNDdBaXdMSElnZXRwc2ZnZHNvSEQ2Umxrd1dnQmlfN2xRdXNWcndLdDV5b011Zy14TlBLZ0VXajhiaHFEcDU5Z2MwSVlKTVp0di1TQmhKWXNpZnJOcks2YnMwRlZwWnRkUjJqRnhKdVNDRDhuMExZcVA4TE1BV2psYnlFamdCdlZGd2pIbHhidG5WV3p0cllHLUZCTy1mTVp2MkFNMGFwbzVPNDlIRVJBRnZmci03TmgtQQ?oc=5"" target=""_blank"">Investing in AU Small Finance Bank (NSE:AUBANK) five years ago would have delivered you a 104% gain</a>&nbsp;&nbsp;<font color=""#6f6f6f"">simplywall.st</font>",2025-11-17 08:00:00,simplywall.st,https://news.google.com/rss/articles/CBMi2gFBVV95cUxQbnprb2Z6Wjl4dFFKSHE1ZXgtXzNHQ2d5MnV3Rm1fNm9lNDdBaXdMSElnZXRwc2ZnZHNvSEQ2Umxrd1dnQmlfN2xRdXNWcndLdDV5b011Zy14TlBLZ0VXajhiaHFEcDU5Z2MwSVlKTVp0di1TQmhKWXNpZnJOcks2YnMwRlZwWnRkUjJqRnhKdVNDRDhuMExZcVA4TE1BV2psYnlFamdCdlZGd2pIbHhidG5WV3p0cllHLUZCTy1mTVp2MkFNMGFwbzVPNDlIRVJBRnZmci03TmgtQQ?oc=5
AUBANK,AU Small Finance Bank Limited,AU Small Finance Bank Full Year 2025 Earnings: EPS: ₹28.32 (vs ₹22.98 in FY 2024) - simplywall.st,"<a href=""https://news.google.com/rss/articles/CBMi2wFBVV95cUxNdnNvYnpST0IwdE1Ja1lnZ2ZTLV91cGJPZENhUUVUcVVaMXRDVjRIQXJwLXVrUkN5cEFKYXl4dzBHcXc3V3NFLWN4RFRMckU5UnhDTGpYNFRPSnFhZGxjYVNYcEhOX2kxNzIybzNLUHB3RUh2TXdvcWhjbzZQdjZTUnJaWmlYM3JnUkpKY3IzT3JzOXloczdrNEY3LXZkX1JLdVJZazVSbFlmeGhlRXBxTGxuOENQYlJuYU94enpDM19KNElqNkRlbkFxT3A0R3FHZFA0ODhNbFgtOGPSAeABQVVfeXFMT2lyckhsSmNSaGtrZTVJbVFkalI2Q0c3eHhRR2hHM0I5cTh0eFFfWG5Wc0hZUi1xcFl1N3AyZFhfUHdwbENuX1ByZDRXcmYzenNSTHdpTDFoWHMwX0VZV19mOXY2M0VpbmlibHp3NlZkNHBYbDNyT2NiOTNhZ3h4ZXFSeUVkNUc4OG5uR1RYdTItUE8xenc0a0pyMUR2VEE3UUJWVVBUU1haVGtLUHRxcXVPU2R5QW4zRzJ4SW8xcHdFVHZ5eTV3RHhQSENDbGo2Qi1EX3Z3SWdWUVhJNkIyQzc?oc=5"" target=""_blank"">AU Small Finance Bank Full Year 2025 Earnings: EPS: ₹28.32 (vs ₹22.98 in FY 2024)</a>&nbsp;&nbsp;<font color=""#6f6f6f"">simplywall.st</font>",2025-07-18 07:00:00,simplywall.st,https://news.google.com/rss/articles/CBMi2wFBVV95cUxNdnNvYnpST0IwdE1Ja1lnZ2ZTLV91cGJPZENhUUVUcVVaMXRDVjRIQXJwLXVrUkN5cEFKYXl4dzBHcXc3V3NFLWN4RFRMckU5UnhDTGpYNFRPSnFhZGxjYVNYcEhOX2kxNzIybzNLUHB3RUh2TXdvcWhjbzZQdjZTUnJaWmlYM3JnUkpKY3IzT3JzOXloczdrNEY3LXZkX1JLdVJZazVSbFlmeGhlRXBxTGxuOENQYlJuYU94enpDM19KNElqNkRlbkFxT3A0R3FHZFA0ODhNbFgtOGPSAeABQVVfeXFMT2lyckhsSmNSaGtrZTVJbVFkalI2Q0c3eHhRR2hHM0I5cTh0eFFfWG5Wc0hZUi1xcFl1N3AyZFhfUHdwbENuX1ByZDRXcmYzenNSTHdpTDFoWHMwX0VZV19mOXY2M0VpbmlibHp3NlZkNHBYbDNyT2NiOTNhZ3h4ZXFSeUVkNUc4OG5uR1RYdTItUE8xenc0a0pyMUR2VEE3UUJWVVBUU1haVGtLUHRxcXVPU2R5QW4zRzJ4SW8xcHdFVHZ5eTV3RHhQSENDbGo2Qi1EX3Z3SWdWUVhJNkIyQzc?oc=5
AUBANK,AU Small Finance Bank Limited,Here's Why Shareholders May Want To Be Cautious With Increasing AU Small Finance Bank Limited's (NSE:AUBANK) CEO Pay Packet - simplywall.st,"<a href=""https://news.google.com/rss/articles/CBMi4AFBVV95cUxOTEM3NEF3MWFOMVB6Ulk3OWpKNTkteVZQYkc2WXROZVEwRDFoM09hY1VIVnlNaTRqUC1CVHNvNW8zcTZrbzZ3MmxySmZ3Vm5wcnNNTHhFRUlyS0wzRmROUUxVdGN0TTVRcElSbmRqYzFETTZjTTlqYUsxT1pEZzhZVXRfeExMbGZrc3FWNTg0a1VjYkp3X2x3WUtWNFhsdHZJcTFzS2xhNWJnYmRoc19Ea29mbFNDNTlSRzNDc3ZjRUZxNXY2Z0FHSElOX0V1X1JsVVFUZVN1RmphdzZEUXBJetIB5gFBVV95cUxOOVBRM3FNM3RwMF9iUXhBRWNpRXcxQzRzWnpyTy1ON05XMUw5bjd2bzNsRVQ1d2NFdlZQazgyOEFsX2NrcXZtN2QwZEJXOGh5YnVUTUhTbXNGa29Yclc0VVpJOHVFcVZoRHQ0em90V3RJak9PNGt3N2FmSnkzYzVqc3JrOEZnSHh1OU00WVdfTlRQWExtSkJMZ01OcVFuR193aGRUZ3pBc2lWTTEtSEZkS0s1ZnRzVjJvMUVrSFZQYmU0aGI4dmNkSUhOVTlFY01DRWd1TFQyU1N2ZWJYTWFBMkU5SHpLdw?oc=5"" target=""_blank"">Here's Why Shareholders May Want To Be Cautious With Increasing AU Small Finance Bank Limited's (NSE:AUBANK) CEO Pay Packet</a>&nbsp;&nbsp;<font color=""#6f6f6f"">simplywall.st</font>",2025-08-02 07:00:00,simplywall.st,https://news.google.com/rss/articles/CBMi4AFBVV95cUxOTEM3NEF3MWFOMVB6Ulk3OWpKNTkteVZQYkc2WXROZVEwRDFoM09hY1VIVnlNaTRqUC1CVHNvNW8zcTZrbzZ3MmxySmZ3Vm5wcnNNTHhFRUlyS0wzRmROUUxVdGN0TTVRcElSbmRqYzFETTZjTTlqYUsxT1pEZzhZVXRfeExMbGZrc3FWNTg0a1VjYkp3X2x3WUtWNFhsdHZJcTFzS2xhNWJnYmRoc19Ea29mbFNDNTlSRzNDc3ZjRUZxNXY2Z0FHSElOX0V1X1JsVVFUZVN1RmphdzZEUXBJetIB5gFBVV95cUxOOVBRM3FNM3RwMF9iUXhBRWNpRXcxQzRzWnpyTy1ON05XMUw5bjd2bzNsRVQ1d2NFdlZQazgyOEFsX2NrcXZtN2QwZEJXOGh5YnVUTUhTbXNGa29Yclc0VVpJOHVFcVZoRHQ0em90V3RJak9PNGt3N2FmSnkzYzVqc3JrOEZnSHh1OU00WVdfTlRQWExtSkJMZ01OcVFuR193aGRUZ3pBc2lWTTEtSEZkS0s1ZnRzVjJvMUVrSFZQYmU0aGI4dmNkSUhOVTlFY01DRWd1TFQyU1N2ZWJYTWFBMkU5SHpLdw?oc=5
AUBANK,AU Small Finance Bank Limited,AU Small Finance Bank Hits ₹803.95 | Up 45% in 3 Months - HDFC Sky,"<a href=""https://news.google.com/rss/articles/CBMiqwFBVV95cUxPUnoxLWNPa21VcHNmY0RWcW9IY19zaGVoVEdLVkFHUkNFU0FPZDY3N2NXU0c5UVZjUXFwdlpUUHhpOVdZUlgxUDFQY0kxYWxaeWpxRG4tYU8wNEJ5TWpfNmhuZ1F0dE0wcjg3WVhQS0M0TGJYY21ZQVlmNzNpWkRuUnZhbUFXSG9FN0RQcG1ZUDZ6RVFkR2pwRWJiXzZRWmFnUWdyU21FaU9VcFE?oc=5"" target=""_blank"">AU Small Finance Bank Hits ₹803.95 | Up 45% in 3 Months</a>&nbsp;&nbsp;<font color=""#6f6f6f"">HDFC Sky</font>",2025-06-19 07:00:00,HDFC Sky,https://news.google.com/rss/articles/CBMiqwFBVV95cUxPUnoxLWNPa21VcHNmY0RWcW9IY19zaGVoVEdLVkFHUkNFU0FPZDY3N2NXU0c5UVZjUXFwdlpUUHhpOVdZUlgxUDFQY0kxYWxaeWpxRG4tYU8wNEJ5TWpfNmhuZ1F0dE0wcjg3WVhQS0M0TGJYY21ZQVlmNzNpWkRuUnZhbUFXSG9FN0RQcG1ZUDZ6RVFkR2pwRWJiXzZRWmFnUWdyU21FaU9VcFE?oc=5
AUBANK,AU Small Finance Bank Limited,AU Small Finance Bank Sees 10.28% Surge in Open Interest Amid Active Trading - Markets Mojo,"<a href=""https://news.google.com/rss/articles/CBMizAFBVV95cUxPNlJUWWF1N0FnNHZmeEowNHd4WHhha3h1ZWJvbTA4M1J4bHZzQ1huTWk0ZTFQMFRFZkFhWjd4UE5jOXU4X0lOeGFvdFpzR1ZRdmUyNDdONWNDY2tLOVY1R0pUN3BIUm1lNVZYMjhmZmFONzc0WTNjQ25SZzNMOC14MmNtN2xjc1BVSHZhdnc0aUpHQ0RDU2pQNDd0TW5FTTQzVkdrZ1VkUld5a2Y4TWlfWWZrVXUxSUhiYjBFaGVvYjQ4VlpqSzlieENYZy0?oc=5"" target=""_blank"">AU Small Finance Bank Sees 10.28% Surge in Open Interest Amid Active Trading</a>&nbsp;&nbsp;<font color=""#6f6f6f"">Markets Mojo</font>",2025-10-23 10:04:37,Markets Mojo,https://news.google.com/rss/articles/CBMizAFBVV95cUxPNlJUWWF1N0FnNHZmeEowNHd4WHhha3h1ZWJvbTA4M1J4bHZzQ1huTWk0ZTFQMFRFZkFhWjd4UE5jOXU4X0lOeGFvdFpzR1ZRdmUyNDdONWNDY2tLOVY1R0pUN3BIUm1lNVZYMjhmZmFONzc0WTNjQ25SZzNMOC14MmNtN2xjc1BVSHZhdnc0aUpHQ0RDU2pQNDd0TW5FTTQzVkdrZ1VkUld5a2Y4TWlfWWZrVXUxSUhiYjBFaGVvYjQ4VlpqSzlieENYZy0?oc=5
AUBANK,AU Small Finance Bank Limited,AU Small Finance Bank Ltd (NSE:AUBANK) Q4 2025 Earnings Call Highlights: Strong Deposit and ... - Yahoo Finance,"<a href=""https://news.google.com/rss/articles/CBMie0FVX3lxTFBkbGRsNndhQzBhNmduNjRKTEZhZUV0TzN2anZXR19FZnFmc084UGE4NmFQSGVLemR4LXVUaXFoZFZSOXZxdkZCRUJIa2dvRU9qY1Z3bEt6bFp6UXJyYWFXQmVPWFk2TmgzMmYtVlNzTGc3VFVjZ1FyYTN0VQ?oc=5"" target=""_blank"">AU Small Finance Bank Ltd (NSE:AUBANK) Q4 2025 Earnings Call Highlights: Strong Deposit and ...</a>&nbsp;&nbsp;<font color=""#6f6f6f"">Yahoo Finance</font>",2025-04-23 07:00:00,Yahoo Finance,https://news.google.com/rss/articles/CBMie0FVX3lxTFBkbGRsNndhQzBhNmduNjRKTEZhZUV0TzN2anZXR19FZnFmc084UGE4NmFQSGVLemR4LXVUaXFoZFZSOXZxdkZCRUJIa2dvRU9qY1Z3bEt6bFp6UXJyYWFXQmVPWFk2TmgzMmYtVlNzTGc3VFVjZ1FyYTN0VQ?oc=5
AUBANK,AU Small Finance Bank Limited,AU Small Finance Bank Ltd Sees Rs 45.02 Crore in Trade Value Today - Markets Mojo,"<a href=""https://news.google.com/rss/articles/CBMiwAFBVV95cUxNdkpyWmp5Q1JRQkhKeGdQMGxpSzd6V0kzc0VaNktfa2lsb1hPcnAtbHc2NlNTb1M1YWNVS1U2VTZFUGlOTnllN29HcEV2ZHd6aVFGRzVnUC1qS3o1U0JPOFRHcUxmVzZkWklUS1dPdWdLeW1xNUxpRFpWQzhSemNrQW1BMXFJV1lSX1cxSElLYTMtQWkwUk90ZFVOcXBsYTg3LWRtc0pDb2NfZkhqTnlPMVY3NDhWeEVESzZ6NURZSUw?oc=5"" target=""_blank"">AU Small Finance Bank Ltd Sees Rs 45.02 Crore in Trade Value Today</a>&nbsp;&nbsp;<font color=""#6f6f6f"">Markets Mojo</font>",2025-10-20 06:07:34,Markets Mojo,https://news.google.com/rss/articles/CBMiwAFBVV95cUxNdkpyWmp5Q1JRQkhKeGdQMGxpSzd6V0kzc0VaNktfa2lsb1hPcnAtbHc2NlNTb1M1YWNVS1U2VTZFUGlOTnllN29HcEV2ZHd6aVFGRzVnUC1qS3o1U0JPOFRHcUxmVzZkWklUS1dPdWdLeW1xNUxpRFpWQzhSemNrQW1BMXFJV1lSX1cxSElLYTMtQWkwUk90ZFVOcXBsYTg3LWRtc0pDb2NfZkhqTnlPMVY3NDhWeEVESzZ6NURZSUw?oc=5
AUBANK,AU Small Finance Bank Limited,"AU Bank, SBI Life Tie Up to Expand Insurance Reach - HDFC Sky","<a href=""https://news.google.com/rss/articles/CBMipwFBVV95cUxPZl93dmFXNF81X2l6SWRDLXc5dndoYkU0d0gySWN3b1BaTWJnNXdVcWZSaUx6VHlxaWE2OW93Um1XZ1NLdjQ1ZV9XUFo3VDB2YUFoR05ha0pDVTAtaGh3S3FQSklzc0NsOEZfRjRwcHY5RTltRGE2akczMDZMeXF2WGdBZktnMl9DaXpmYzJ5cUFDOEpfVlFIUzlIbmtKSC1PZl9jeXBGRQ?oc=5"" target=""_blank"">AU Bank, SBI Life Tie Up to Expand Insurance Reach</a>&nbsp;&nbsp;<font color=""#6f6f6f"">HDFC Sky</font>",2025-08-04 07:00:00,HDFC Sky,https://news.google.com/rss/articles/CBMipwFBVV95cUxPZl93dmFXNF81X2l6SWRDLXc5dndoYkU0d0gySWN3b1BaTWJnNXdVcWZSaUx6VHlxaWE2OW93Um1XZ1NLdjQ1ZV9XUFo3VDB2YUFoR05ha0pDVTAtaGh3S3FQSklzc0NsOEZfRjRwcHY5RTltRGE2akczMDZMeXF2WGdBZktnMl9DaXpmYzJ5cUFDOEpfVlFIUzlIbmtKSC1PZl9jeXBGRQ?oc=5
AUBANK,AU Small Finance Bank Limited,AU Small Finance Bank gets RBI nod to become universal bank - The Indian Express,"<a href=""https://news.google.com/rss/articles/CBMisgFBVV95cUxQR1Q1ek1fRVlLalVtcEMwU0tqcU13YnZtbVF1LXJWSy1acDhXa1ZEazZ4ZFZ0Q3BCSmFKenBkQXdIdTQ0dUpjWllSbzl3OXdCbWw5clFLQzFfeldvRy1ObEYyaS1wWlNJQmxtV1hBUUFfZ3d4R0F0NTMtYVJtNndKamVoUzVEOEFnZkRZeEp0LTZMRjVPMTJ1M1BXcGhwT0Y4OURIUzl0dnBUZkt1NWluNGhB0gG4AUFVX3lxTE9SOWdPNVRNdVl0aUtETWdpVTlRWEk1b1JWTFhFUHBteEFwV2g2bENVZVdMaFAwdjRJenBDbWZ6cVJnZVVZRTlOTzQ3WDdFVXhjUm9OM2tKTFp5d3ctTHlkR3JnTlNQWUJtYWlpRk8xLUFiaExJN29RczVIX24zZ1VteWdJcWRpNXdNbGM4c0N5MkU4Nm8wdTd0OHlERHVzOElDRTc1TC1JdVRPbUdZUEFGY0pialFGZjM?oc=5"" target=""_blank"">AU Small Finance Bank gets RBI nod to become universal bank</a>&nbsp;&nbsp;<font color=""#6f6f6f"">The Indian Express</font>",2025-08-07 07:00:00,The Indian Express,https://news.google.com/rss/articles/CBMisgFBVV95cUxQR1Q1ek1fRVlLalVtcEMwU0tqcU13YnZtbVF1LXJWSy1acDhXa1ZEazZ4ZFZ0Q3BCSmFKenBkQXdIdTQ0dUpjWllSbzl3OXdCbWw5clFLQzFfeldvRy1ObEYyaS1wWlNJQmxtV1hBUUFfZ3d4R0F0NTMtYVJtNndKamVoUzVEOEFnZkRZeEp0LTZMRjVPMTJ1M1BXcGhwT0Y4OURIUzl0dnBUZkt1NWluNGhB0gG4AUFVX3lxTE9SOWdPNVRNdVl0aUtETWdpVTlRWEk1b1JWTFhFUHBteEFwV2g2bENVZVdMaFAwdjRJenBDbWZ6cVJnZVVZRTlOTzQ3WDdFVXhjUm9OM2tKTFp5d3ctTHlkR3JnTlNQWUJtYWlpRk8xLUFiaExJN29RczVIX24zZ1VteWdJcWRpNXdNbGM4c0N5MkU4Nm8wdTd0OHlERHVzOElDRTc1TC1JdVRPbUdZUEFGY0pialFGZjM?oc=5
AUBANK,AU Small Finance Bank Limited,AU Small Finance Bank eyeing an upgrade. What should investors do? - The Economic Times,"<a href=""https://news.google.com/rss/articles/CBMi1AFBVV95cUxOMUFlZVMwRTNlTF9Bd3NTdURaWVVpdUZHNjc3TjNIVzE5UmQ5eTFNaVpVVHFMMExISElCZFFqYlVWXzNfT3Y4NlU1MVpYLUY1MnY0amE2OEJ3V2QydTBpdVd4ZXhCT3FqVU84SHFsWnN2SlFMSVY5Y0ZrOHpJUnJ3aGxtSUU5XzhfQi1jd19ObjJoYVE3dmQ4endQbUp6MV9idFI5cEVmZUs0LV90S1ZEQWpQSU8wTmVpellLS25pdE5fajVVRlF1bmFFWVhIZHNybm10eNIB2gFBVV95cUxQMy1FMmdHdng3V0stcEZuUlJIZjdrRWlZWjlxY194LUZVTGlhVTJNVm9qMnJ6NUZnakR6TUlyMlZ4b25jTVBHU1hzN3F0YzlpYXFrWV80SkhCZnhRRFFxcUYxOXlhRURpN1hULU83ZFk3ajEzN1pkVkxPTUtUVUhPcG1IM1MwbGQ5VzRuaTJsTGE3ZTAwQnNFVGdJMkNEc3QtZDU3NTZTX2MwcVNUdEg4dEtPWHdoNG9leUFKMzF4bE5qbl92a19oMEVjUzc1anJlUEFVd2VrRjVIUQ?oc=5"" target=""_blank"">AU Small Finance Bank eyeing an upgrade. What should investors do?</a>&nbsp;&nbsp;<font color=""#6f6f6f"">The Economic Times</font>",2025-06-10 07:00:00,The Economic Times,https://news.google.com/rss/articles/CBMi1AFBVV95cUxOMUFlZVMwRTNlTF9Bd3NTdURaWVVpdUZHNjc3TjNIVzE5UmQ5eTFNaVpVVHFMMExISElCZFFqYlVWXzNfT3Y4NlU1MVpYLUY1MnY0amE2OEJ3V2QydTBpdVd4ZXhCT3FqVU84SHFsWnN2SlFMSVY5Y0ZrOHpJUnJ3aGxtSUU5XzhfQi1jd19ObjJoYVE3dmQ4endQbUp6MV9idFI5cEVmZUs0LV90S1ZEQWpQSU8wTmVpellLS25pdE5fajVVRlF1bmFFWVhIZHNybm10eNIB2gFBVV95cUxQMy1FMmdHdng3V0stcEZuUlJIZjdrRWlZWjlxY194LUZVTGlhVTJNVm9qMnJ6NUZnakR6TUlyMlZ4b25jTVBHU1hzN3F0YzlpYXFrWV80SkhCZnhRRFFxcUYxOXlhRURpN1hULU83ZFk3ajEzN1pkVkxPTUtUVUhPcG1IM1MwbGQ5VzRuaTJsTGE3ZTAwQnNFVGdJMkNEc3QtZDU3NTZTX2MwcVNUdEg4dEtPWHdoNG9leUFKMzF4bE5qbl92a19oMEVjUzc1anJlUEFVd2VrRjVIUQ?oc=5
AUBANK,AU Small Finance Bank Limited,AU Small Finance Bank has to fulfil one precondition to become universal lender | Mint - Mint,"<a href=""https://news.google.com/rss/articles/CBMiiwJBVV95cUxNcEF1NnhuUmdYN0JtMzk5a2tldWpFTmJfNjFtaDNIUG9Rbm91clFVeVo2bElyVlRmczdCQThlVkxYS3BFZHgzVWVLMlY5QmxETXFWNndCa2NBeV9lRWtkZmF1Q3pIV1dHWEVqdXhMOWlFaDFiUWV6MDU3Mll6cVZuRDVwaDJPd0JoaVpYTGNFajVKSkVNalcwME15UnRMalh0NzRtVjlOREQ5V3l1VTA5UEp1U2xUc3FZSVcwZzVZOTFLbGYwNi1FV2dUNXhCQTdvb0hOSWFtVkJjX2tFRFdkUzNPM1liYUVyMHp6RDBXNEVsN0I1Z0pLOEl2UVVuVF9nSlcwWjNZYjhtQzjSAZACQVVfeXFMT04wWDR4WnRVN00zZm5FUlVIN1pCMzhfTWZuVldxeHZJeHlrLW40V2JUNS1vOHU0VzVpa2hYNWFjUFFMSjZSM3lCeFpuMkZpMEhoMUVUZ0Z4WEk4cEx4dFpoRmJXbmdfeHhXcFJBUDlyRVZNMTRrY2lHdGpDWVA4SVNvbWJXOFdEZ3ZBVDBUeWdBejI1WS1YSVhiMHBoaVk3OFllSVdyRlhlWVdMZUUtaHp3RDMwZjFJMUhPcWhmVEJzSGxOX1FvVTF2eEkxYXd0UTNwcmFlazlWX01ka0pXdE10YUtJNDhHMDJQVjVCWGg1b21pR3A0SVY5S1hxMGpJa1NRZmRNSzFNX0hrc3dZX3k?oc=5"" target=""_blank"">AU Small Finance Bank has to fulfil one precondition to become universal lender | Mint</a>&nbsp;&nbsp;<font color=""#6f6f6f"">Mint</font>",2025-08-09 07:00:00,Mint,https://news.google.com/rss/articles/CBMiiwJBVV95cUxNcEF1NnhuUmdYN0JtMzk5a2tldWpFTmJfNjFtaDNIUG9Rbm91clFVeVo2bElyVlRmczdCQThlVkxYS3BFZHgzVWVLMlY5QmxETXFWNndCa2NBeV9lRWtkZmF1Q3pIV1dHWEVqdXhMOWlFaDFiUWV6MDU3Mll6cVZuRDVwaDJPd0JoaVpYTGNFajVKSkVNalcwME15UnRMalh0NzRtVjlOREQ5V3l1VTA5UEp1U2xUc3FZSVcwZzVZOTFLbGYwNi1FV2dUNXhCQTdvb0hOSWFtVkJjX2tFRFdkUzNPM1liYUVyMHp6RDBXNEVsN0I1Z0pLOEl2UVVuVF9nSlcwWjNZYjhtQzjSAZACQVVfeXFMT04wWDR4WnRVN00zZm5FUlVIN1pCMzhfTWZuVldxeHZJeHlrLW40V2JUNS1vOHU0VzVpa2hYNWFjUFFMSjZSM3lCeFpuMkZpMEhoMUVUZ0Z4WEk4cEx4dFpoRmJXbmdfeHhXcFJBUDlyRVZNMTRrY2lHdGpDWVA4SVNvbWJXOFdEZ3ZBVDBUeWdBejI1WS1YSVhiMHBoaVk3OFllSVdyRlhlWVdMZUUtaHp3RDMwZjFJMUhPcWhmVEJzSGxOX1FvVTF2eEkxYXd0UTNwcmFlazlWX01ka0pXdE10YUtJNDhHMDJQVjVCWGg1b21pR3A0SVY5S1hxMGpJa1NRZmRNSzFNX0hrc3dZX3k?oc=5
AUBANK,AU Small Finance Bank Limited,RBI grants in-principle approval to AU Small Finance Bank for transition into universal bank - Moneycontrol.com,"<a href=""https://news.google.com/rss/articles/CBMiigJBVV95cUxPX0FXc0JBWlpRRkItRFlvYkZRV3FBRDNKNmNwbjdFYmdOc0JFaFR4ODd4b2toc2VpYVp1VGFrZFVYaWI0Qk96RkQxYjFyRnpmbF9abjlVUkF4RWpTeHcxRWpsZkJXVF9rR19ZYzdoZnVvaThXQ2NEZW5oR2Q4MkZRLXVqYm84M3hmQVNIRk1ncFUyVDctSmlDNl91aE5lRFV0aUlCeVF1Q2Q0UlJhengyWnRFNzBtSWJyb0JINlRuUHM2d19JWDBvY1Fub3JaWmdSRHJKeVFLU0o3ZXVHRnRlWWczQUlzTEdxUXFpQzNqYUNobFZRNDZVMS0yYXA4TzloNHhUVjJzZ3ZvQdIBjwJBVV95cUxNcUFLVUVkS3pTTEVFWjFiUmpWeU5xUi12QUJ2ZE9iVUY3dUhWc0ZpelRrSkRYR0doR1hqX2ZtUU1BVDNRQnhWS2laTU1GcUZFN2Nidy1QNGoyVmMzeUdraFNBSXh3dlJUWmZiX2hzSHdCMzdKVnd1REVaSzFnQlBka0w4cXF0WU9ib0dRVzlpay02VmV4SHRfd2JtT3VPVUNyVFJ3YlI3S1RBN2NHeDFSanRWVHdFRDh3Z3MzaDdFMFZpWW43eHNRZm1WQVg4eVZScUoySUZyY21CU1dlRDM0WTJQUDFlNGJqb2IwOUdjdS1vaUNTTUY5ZV9jaWVySUxBZjRSajdjblRfMlJDcEFR?oc=5"" target=""_blank"">RBI grants in-principle approval to AU Small Finance Bank for transition into universal bank</a>&nbsp;&nbsp;<font color=""#6f6f6f"">Moneycontrol.com</font>",2025-08-07 07:00:00,Moneycontrol.com,https://news.google.com/rss/articles/CBMiigJBVV95cUxPX0FXc0JBWlpRRkItRFlvYkZRV3FBRDNKNmNwbjdFYmdOc0JFaFR4ODd4b2toc2VpYVp1VGFrZFVYaWI0Qk96RkQxYjFyRnpmbF9abjlVUkF4RWpTeHcxRWpsZkJXVF9rR19ZYzdoZnVvaThXQ2NEZW5oR2Q4MkZRLXVqYm84M3hmQVNIRk1ncFUyVDctSmlDNl91aE5lRFV0aUlCeVF1Q2Q0UlJhengyWnRFNzBtSWJyb0JINlRuUHM2d19JWDBvY1Fub3JaWmdSRHJKeVFLU0o3ZXVHRnRlWWczQUlzTEdxUXFpQzNqYUNobFZRNDZVMS0yYXA4TzloNHhUVjJzZ3ZvQdIBjwJBVV95cUxNcUFLVUVkS3pTTEVFWjFiUmpWeU5xUi12QUJ2ZE9iVUY3dUhWc0ZpelRrSkRYR0doR1hqX2ZtUU1BVDNRQnhWS2laTU1GcUZFN2Nidy1QNGoyVmMzeUdraFNBSXh3dlJUWmZiX2hzSHdCMzdKVnd1REVaSzFnQlBka0w4cXF0WU9ib0dRVzlpay02VmV4SHRfd2JtT3VPVUNyVFJ3YlI3S1RBN2NHeDFSanRWVHdFRDh3Z3MzaDdFMFZpWW43eHNRZm1WQVg4eVZScUoySUZyY21CU1dlRDM0WTJQUDFlNGJqb2IwOUdjdS1vaUNTTUY5ZV9jaWVySUxBZjRSajdjblRfMlJDcEFR?oc=5
AUBANK,AU Small Finance Bank Limited,AU Small Finance Bank gets RBI nod for universal bank license. Details here - Mint,"<a href=""https://news.google.com/rss/articles/CBMi8AFBVV95cUxOS2JIYk1wVmRUaXJ2S2ZsTkJ3NjFJTkpoOTdjU3JBa2s0VDFVcWF2c3FreWxqNElpUHM1T2NremU5dmhEcFppRlIwRkRwLWo0Q3ZWUWtJVWdzbG90SFE3MTZuLVJtLU5YLU9uNTllUXhYS0prX080QXFNT0oxNm9waTdmc0ltLVNnbnlJSm42Z0FKSnlVVHdEX1J3NUhhaVQtVUxTYXJvOXVxTmJwNnRNRHFzRmxhTkRMdUhXajBDRTBNb1RLOW5uNzlRakNPNk1OTUFEQ1lJTGJrUWEzOE9zQ0dJMnVPTGdHYy10aEsxMjDSAfYBQVVfeXFMUFAxWFoxZUwtNWc4NXdGOEtrU2lfUzIyTVplSEt6UGtvVVRQV2g1aWNhZUFlNDRBaHk3eHBLcm02Z2M2Rk1nRUlQMWpPS1E4WWI3MkM2U1dGTC11QWE3TmlnQXpYWUVLX3RnVEpKOVRzYUNyMTE3ZHdVaEd4V1FGcVh2YlJPalU0eUV6ZFcxUl9mbmctaXFFVWlWcVpsaW9NTll1RXBFcno4MTB5NllXVTc2TllDcDcwcmtkWE9ZakNSRExOVHhzZTktSEk2WE5GRFpnOFZZZGxwLUx0ZHB2Y1VLY3lfamVnQmlEZEt5NW1Tc254eEFB?oc=5"" target=""_blank"">AU Small Finance Bank gets RBI nod for universal bank license. Details here</a>&nbsp;&nbsp;<font color=""#6f6f6f"">Mint</font>",2025-08-08 03:13:18,Mint,https://news.google.com/rss/articles/CBMi8AFBVV95cUxOS2JIYk1wVmRUaXJ2S2ZsTkJ3NjFJTkpoOTdjU3JBa2s0VDFVcWF2c3FreWxqNElpUHM1T2NremU5dmhEcFppRlIwRkRwLWo0Q3ZWUWtJVWdzbG90SFE3MTZuLVJtLU5YLU9uNTllUXhYS0prX080QXFNT0oxNm9waTdmc0ltLVNnbnlJSm42Z0FKSnlVVHdEX1J3NUhhaVQtVUxTYXJvOXVxTmJwNnRNRHFzRmxhTkRMdUhXajBDRTBNb1RLOW5uNzlRakNPNk1OTUFEQ1lJTGJrUWEzOE9zQ0dJMnVPTGdHYy10aEsxMjDSAfYBQVVfeXFMUFAxWFoxZUwtNWc4NXdGOEtrU2lfUzIyTVplSEt6UGtvVVRQV2g1aWNhZUFlNDRBaHk3eHBLcm02Z2M2Rk1nRUlQMWpPS1E4WWI3MkM2U1dGTC11QWE3TmlnQXpYWUVLX3RnVEpKOVRzYUNyMTE3ZHdVaEd4V1FGcVh2YlJPalU0eUV6ZFcxUl9mbmctaXFFVWlWcVpsaW9NTll1RXBFcno4MTB5NllXVTc2TllDcDcwcmtkWE9ZakNSRExOVHhzZTktSEk2WE5GRFpnOFZZZGxwLUx0ZHB2Y1VLY3lfamVnQmlEZEt5NW1Tc254eEFB?oc=5
AUBANK,AU Small Finance Bank Limited,"RBI approves AU to operate as universal bank: Costumers can avail of insurance, foreign currency, big loans... - Bhaskar English","<a href=""https://news.google.com/rss/articles/CBMipgFBVV95cUxNdjZKMF8zc1JrallEcE02bENtT053NWpHSnRUZmFEazlicHkzQ1AxUGdidm9FcjAzNzZKSGJWSVF4YmpPSVdVOUFITTJaTWVNNDJ4d2RHTFpiTEZ3OVUxM29DTS00NE5NMlpKNGZzaFBwRExOUkFuZ2VZV2VvS1BfQ2ZadUthQWNpM292NVhTNzBrQkRoc3JpbnNyc2pMcWoxY3FyS2J30gGrAUFVX3lxTFAydzE1QjRERHpBY1gwUUNtdTR1aVZYVHlmUlNscnJBcGI4VlB2Y21nVkNxMVpzeHMxSFUtQVZvZllRUm50Z3VjSnhjUVNMaTVGRmlQbkE0T0kxa3VQRlRxNzhiUmRqYk9POFVnMExDTzdhQURvRnlFLUp0VDJWcmlUbmplaTdkMk0xMjNidE0xeFhLcXlLV2FiR016eEtuZ1dDV19paDVmSGp3RQ?oc=5"" target=""_blank"">RBI approves AU to operate as universal bank: Costumers can avail of insurance, foreign currency, big loans...</a>&nbsp;&nbsp;<font color=""#6f6f6f"">Bhaskar English</font>",2025-08-25 11:52:24,Bhaskar English,https://news.google.com/rss/articles/CBMipgFBVV95cUxNdjZKMF8zc1JrallEcE02bENtT053NWpHSnRUZmFEazlicHkzQ1AxUGdidm9FcjAzNzZKSGJWSVF4YmpPSVdVOUFITTJaTWVNNDJ4d2RHTFpiTEZ3OVUxM29DTS00NE5NMlpKNGZzaFBwRExOUkFuZ2VZV2VvS1BfQ2ZadUthQWNpM292NVhTNzBrQkRoc3JpbnNyc2pMcWoxY3FyS2J30gGrAUFVX3lxTFAydzE1QjRERHpBY1gwUUNtdTR1aVZYVHlmUlNscnJBcGI4VlB2Y21nVkNxMVpzeHMxSFUtQVZvZllRUm50Z3VjSnhjUVNMaTVGRmlQbkE0T0kxa3VQRlRxNzhiUmRqYk9POFVnMExDTzdhQURvRnlFLUp0VDJWcmlUbmplaTdkMk0xMjNidE0xeFhLcXlLV2FiR016eEtuZ1dDV19paDVmSGp3RQ?oc=5
AUBANK,AU Small Finance Bank Limited,RBI grants AU Small Finance Bank in-principle nod for universal bank licence — first in 10 years - Business Today,"<a href=""https://news.google.com/rss/articles/CBMi9AFBVV95cUxOLXlSc1o0bE9aWWF5bU14Z0xDeFJXcTMteTM2SzVOWW5mTlBDNmRfSTktT19raTB0UVplYkZPR3U1QVU2bUs0TGZ5YjNmbk9iUjBlVnVUWmprTEJqZDY3SDJhWGZEMHA3UnBTbzFHaUI1UVV2eDlIdVE0c3BLXzlCNzlQWVJtcXBXVDhMcWhfamZqWUczOXlhbWcxOUZacVA3X21DM2dGNmVOUEx4eTVVcndTZWx4Y2kwamptUWRnRUtxVGgyWTUxSkcxZ2FzQXRmcERDYUxjeE80Mll5RWFnaEJjUlNoNDJqYkl4Ny1fN2paZE5W0gH6AUFVX3lxTE5WbHd0cUxxdU5ETGNKUVA1Q1otLXpZVEhsbTFISGloM19BQWRCUXphbkkxZHFtMG9ZSkx4czdMdmFyZXdqcUNKUGNFc09ueEpkLVNNM1ZPN0U1X2J0WV9GT0lfVXJkRHZiNzhwMDJ6LVd1V0l2NGhCMmZXWXBlemlDY2JFYUt0UTkwNEtTdXh4T0hYX1ZRcm9ZS1F5Q18tbjh6aDgtbGN3cHNfU2FGd0FLZ3VqWEp0cjE1X1lJeGhSTE9lUDI4WFhxRVNZLXdmLU5SZk85YnJYREpDQ1huN2VmWXY2OVJtTEpVNFRwVmlBT3h5Y1RKeXZvMkE?oc=5"" target=""_blank"">RBI grants AU Small Finance Bank in-principle nod for universal bank licence — first in 10 years</a>&nbsp;&nbsp;<font color=""#6f6f6f"">Business Today</font>",2025-08-07 07:00:00,Business Today,https://news.google.com/rss/articles/CBMi9AFBVV95cUxOLXlSc1o0bE9aWWF5bU14Z0xDeFJXcTMteTM2SzVOWW5mTlBDNmRfSTktT19raTB0UVplYkZPR3U1QVU2bUs0TGZ5YjNmbk9iUjBlVnVUWmprTEJqZDY3SDJhWGZEMHA3UnBTbzFHaUI1UVV2eDlIdVE0c3BLXzlCNzlQWVJtcXBXVDhMcWhfamZqWUczOXlhbWcxOUZacVA3X21DM2dGNmVOUEx4eTVVcndTZWx4Y2kwamptUWRnRUtxVGgyWTUxSkcxZ2FzQXRmcERDYUxjeE80Mll5RWFnaEJjUlNoNDJqYkl4Ny1fN2paZE5W0gH6AUFVX3lxTE5WbHd0cUxxdU5ETGNKUVA1Q1otLXpZVEhsbTFISGloM19BQWRCUXphbkkxZHFtMG9ZSkx4czdMdmFyZXdqcUNKUGNFc09ueEpkLVNNM1ZPN0U1X2J0WV9GT0lfVXJkRHZiNzhwMDJ6LVd1V0l2NGhCMmZXWXBlemlDY2JFYUt0UTkwNEtTdXh4T0hYX1ZRcm9ZS1F5Q18tbjh6aDgtbGN3cHNfU2FGd0FLZ3VqWEp0cjE1X1lJeGhSTE9lUDI4WFhxRVNZLXdmLU5SZk85YnJYREpDQ1huN2VmWXY2OVJtTEpVNFRwVmlBT3h5Y1RKeXZvMkE?oc=5
AUBANK,AU Small Finance Bank Limited,"Bank Nifty Hits Record High: Kotak Mahindra, Federal, Axis, Bandhan, PNB, AU Small Finance Among Top Gainers - Goodreturns","<a href=""https://news.google.com/rss/articles/CBMi1gFBVV95cUxNSHhidlI4cHpqa1BybFBjTXpvUld4OFI2a3lnMDBVdV91NVNBUG9rdjByQ0M3QWtjLVF5V1pQZUZNT296R09tckpZaG9oOFFGR2U5NFJjcThrdHBnaWUyWUhWOWRkbnpPLU1jRkpQYUZacE9YWWxWaE5HTXVmQmhVZDhHTWNXZ2RwQTVlUTZldnFpUnVRWHB6bDhhMUdjRWVFR1RRUzJ3SnlfSFZfVExiX2pCWTRUTjM1Z2N1RUxWcFVwdTNWRWRTc3AtODdSbDlPOVp6OGlR?oc=5"" target=""_blank"">Bank Nifty Hits Record High: Kotak Mahindra, Federal, Axis, Bandhan, PNB, AU Small Finance Among Top Gainers</a>&nbsp;&nbsp;<font color=""#6f6f6f"">Goodreturns</font>",2025-06-09 07:00:00,Goodreturns,https://news.google.com/rss/articles/CBMi1gFBVV95cUxNSHhidlI4cHpqa1BybFBjTXpvUld4OFI2a3lnMDBVdV91NVNBUG9rdjByQ0M3QWtjLVF5V1pQZUZNT296R09tckpZaG9oOFFGR2U5NFJjcThrdHBnaWUyWUhWOWRkbnpPLU1jRkpQYUZacE9YWWxWaE5HTXVmQmhVZDhHTWNXZ2RwQTVlUTZldnFpUnVRWHB6bDhhMUdjRWVFR1RRUzJ3SnlfSFZfVExiX2pCWTRUTjM1Z2N1RUxWcFVwdTNWRWRTc3AtODdSbDlPOVp6OGlR?oc=5
AUBANK,AU Small Finance Bank Limited,AU Small Finance Bank Announces Director Tenure Completion - TipRanks,"<a href=""https://news.google.com/rss/articles/CBMirwFBVV95cUxOU3FRZ0QtXzFpSVlJdEJ2VkJ0UHNMQm0xV0ZoQUZFUDJEWThyQ19GQVB4b2NMRVE5MFhrcXNMcW93b29pajd1ck9rOXVMRF9jZm9JX1kzRlBnVXVDcUR0YXJnVnBMcmRoeFhuY0dnUVI5c3lEVGZiNVNETHVzYWhZVFB3aXRiSE9DVEE0dnV2aGNYZERjTXZ0d3c4VWNuVUlscWI5VTI3X0dYUmR2N3BB?oc=5"" target=""_blank"">AU Small Finance Bank Announces Director Tenure Completion</a>&nbsp;&nbsp;<font color=""#6f6f6f"">TipRanks</font>",2025-10-20 07:00:00,TipRanks,https://news.google.com/rss/articles/CBMirwFBVV95cUxOU3FRZ0QtXzFpSVlJdEJ2VkJ0UHNMQm0xV0ZoQUZFUDJEWThyQ19GQVB4b2NMRVE5MFhrcXNMcW93b29pajd1ck9rOXVMRF9jZm9JX1kzRlBnVXVDcUR0YXJnVnBMcmRoeFhuY0dnUVI5c3lEVGZiNVNETHVzYWhZVFB3aXRiSE9DVEE0dnV2aGNYZERjTXZ0d3c4VWNuVUlscWI5VTI3X0dYUmR2N3BB?oc=5
AUBANK,AU Small Finance Bank Limited,AU Bank can beat stress by growing its secured book - The Economic Times,"<a href=""https://news.google.com/rss/articles/CBMi7gFBVV95cUxQZXZzOXpjT25xWTJDNkd0Sk9ybHR1WWdSa1NwSS1vMjRHZnVvWEE0RWg3WlZpSmdyb1hDTU5tZXVJUnRWY0I3ZW1CMURqdGFoN0Q3TDdtQnR2eTBhdV84eS1uNkJCSlhvaHN3T3JwanAxeUVtTHdCRTAxdXg1WUVabWYyU1Z4bzRmTmd4VmhNTHlwWmlMaTFQMW9DSGFfRDF5d1J5OHpzaHA3cjJkRndfV1l3eUpIb29HZ05CRTJzTUIzbHlYTGpZOF9QdFNNbzNNTkN0S09KVXlsdGItdFFadW1GYV9ZckFHNnBDenhn0gHzAUFVX3lxTE5Tb3laa0JqTzlaN1JUU0lkbUJCR3Z2dVI1ZjBxeHpDdmhrb0Z0MUFGekk5cGNUX3RVWXN3YnRjeTlLVmtMWnR1VWZGZThPN0piWms1Mm52UlRLTl9ja0lneTFadGFaZkFOdFlBSkl6RXNDT3l3WV9Kczlod2JyN0Y4YnhqWkJkQ2Z0dXotdzV0SlZwSmVOMkdDVDZnX0xROFI5TjdPcjNEeGgtNEFtLUdpM0xIWjBpV21QLWhuZDdBcXNOQ2wxV2p6dGQwS0NzVzZDaEVwMTJ2Ym42LWJkRWROWEpRaXp6WHIxZEljLU95YWUtQQ?oc=5"" target=""_blank"">AU Bank can beat stress by growing its secured book</a>&nbsp;&nbsp;<font color=""#6f6f6f"">The Economic Times</font>",2025-03-04 08:00:00,The Economic Times,https://news.google.com/rss/articles/CBMi7gFBVV95cUxQZXZzOXpjT25xWTJDNkd0Sk9ybHR1WWdSa1NwSS1vMjRHZnVvWEE0RWg3WlZpSmdyb1hDTU5tZXVJUnRWY0I3ZW1CMURqdGFoN0Q3TDdtQnR2eTBhdV84eS1uNkJCSlhvaHN3T3JwanAxeUVtTHdCRTAxdXg1WUVabWYyU1Z4bzRmTmd4VmhNTHlwWmlMaTFQMW9DSGFfRDF5d1J5OHpzaHA3cjJkRndfV1l3eUpIb29HZ05CRTJzTUIzbHlYTGpZOF9QdFNNbzNNTkN0S09KVXlsdGItdFFadW1GYV9ZckFHNnBDenhn0gHzAUFVX3lxTE5Tb3laa0JqTzlaN1JUU0lkbUJCR3Z2dVI1ZjBxeHpDdmhrb0Z0MUFGekk5cGNUX3RVWXN3YnRjeTlLVmtMWnR1VWZGZThPN0piWms1Mm52UlRLTl9ja0lneTFadGFaZkFOdFlBSkl6RXNDT3l3WV9Kczlod2JyN0Y4YnhqWkJkQ2Z0dXotdzV0SlZwSmVOMkdDVDZnX0xROFI5TjdPcjNEeGgtNEFtLUdpM0xIWjBpV21QLWhuZDdBcXNOQ2wxV2p6dGQwS0NzVzZDaEVwMTJ2Ym42LWJkRWROWEpRaXp6WHIxZEljLU95YWUtQQ?oc=5
AUBANK,AU Small Finance Bank Limited,AU Bank mops up ₹770 crore via tier-II bonds - The Economic Times,"<a href=""https://news.google.com/rss/articles/CBMiuAFBVV95cUxPMDlHVzV4WGFfQzA2N1FxNXJLWWM3Y3EwbUpTUzNDMERlczZVUlJMNFlKTzhodkgzc1dUbzM0S18ycmNwczVpUXoxYWlncGM4R0RKUm9Rdk81akdyelQtVEhHZzJPUVFPUndfYVdVMXp4aFlxVExDZWNwRThSdlRteTVXS2RscGpsRl85ZGRDS1VYOUEtUUlSdmhqSEllTEozLWFzcFRlU0JOeWNfX1lOcFdZMFVSb19u0gG-AUFVX3lxTE94VWIxb1F1bE8zT09DMnZpeUktZzJrUDh2LVhKbHViWll1NHBJX3R4M2lCbkpOc0d1NmM0a2RLV3Vxd2ZXeEJLSGxGeTk4dmYwelF3NTZJc0FCOUo1S2M2WnRSNlM2ajFTYVVoMFRsTU85THF1WU5qR0gzWUxLSFNNRy1XZVc2Zk5RTTRUZlRRQU5NUUMwOWZwalB6SGV3QVFJQXZTemNtMFJBaVdrUjc1TS01Zm56TXBXWm9HV0E?oc=5"" target=""_blank"">AU Bank mops up ₹770 crore via tier-II bonds</a>&nbsp;&nbsp;<font color=""#6f6f6f"">The Economic Times</font>",2025-03-29 07:00:00,The Economic Times,https://news.google.com/rss/articles/CBMiuAFBVV95cUxPMDlHVzV4WGFfQzA2N1FxNXJLWWM3Y3EwbUpTUzNDMERlczZVUlJMNFlKTzhodkgzc1dUbzM0S18ycmNwczVpUXoxYWlncGM4R0RKUm9Rdk81akdyelQtVEhHZzJPUVFPUndfYVdVMXp4aFlxVExDZWNwRThSdlRteTVXS2RscGpsRl85ZGRDS1VYOUEtUUlSdmhqSEllTEozLWFzcFRlU0JOeWNfX1lOcFdZMFVSb19u0gG-AUFVX3lxTE94VWIxb1F1bE8zT09DMnZpeUktZzJrUDh2LVhKbHViWll1NHBJX3R4M2lCbkpOc0d1NmM0a2RLV3Vxd2ZXeEJLSGxGeTk4dmYwelF3NTZJc0FCOUo1S2M2WnRSNlM2ajFTYVVoMFRsTU85THF1WU5qR0gzWUxLSFNNRy1XZVc2Zk5RTTRUZlRRQU5NUUMwOWZwalB6SGV3QVFJQXZTemNtMFJBaVdrUjc1TS01Zm56TXBXWm9HV0E?oc=5
AUBANK,AU Small Finance Bank Limited,AU Small Finance Bank universal bank licence: Nirmal Bang ups stock price target. Here's why - Business Today,"<a href=""https://news.google.com/rss/articles/CBMi7gFBVV95cUxNQmlXVG5mZjZ6YnlkcnBUdGZteTg3R2ZRY0RqZ1o3REFxT0RKZ1o0eW5tU0x4NVZkTTRZX3VYWmROcy1fcEp3bHBlbTF0bV9PYWZQUEhiQ2lxMVY4aHdkbjlVN2t6UVMxTlltc2JJcnh4YmlwMm5RNEN6RU9oN0dfRDYzMTdubll4ZHBTRE5CTTdXV1UyNXZMUXJ5MkljRHI2N2FQTU9ILTJlM1c4ZVZXdmZydV9IMktZX0JzMVY1NDN0VG15WUJxYjJ5c0c0dG5GVC1wcTRnenVFeW1SUDFCcmRXZ1FJamYwa0dvOWhB0gHzAUFVX3lxTE5FQU9uOXBWV1plYUlUR3Z3akMtRmlBdnBWY2NwS1JVWlFOUURFQWhvM0JCMmtXWVhqZjVhSU5JTnBXZ2F0REZxTy1mcTZXZHJSOGNJOGduMUJVakZKN0IyVHhkWEJ5T25VY0wzQWI0aEVTdm5YalRsaFNCWHMzS1hkbXduNzlCd09PM2s3WndKdXdLaFJoZnZqMHM2MmVMYlBXbTd6cnFycnMzRV9HWlNVaHlQcGpIV1VrZGQtSGJJWlRFTHk1Ukc2R051ejZubnpnOWxPS0hqQlBRUTAtZU0xQ0NTREtIY1BlQ1hFcGpiQXlvZw?oc=5"" target=""_blank"">AU Small Finance Bank universal bank licence: Nirmal Bang ups stock price target. Here's why</a>&nbsp;&nbsp;<font color=""#6f6f6f"">Business Today</font>",2024-09-09 07:00:00,Business Today,https://news.google.com/rss/articles/CBMi7gFBVV95cUxNQmlXVG5mZjZ6YnlkcnBUdGZteTg3R2ZRY0RqZ1o3REFxT0RKZ1o0eW5tU0x4NVZkTTRZX3VYWmROcy1fcEp3bHBlbTF0bV9PYWZQUEhiQ2lxMVY4aHdkbjlVN2t6UVMxTlltc2JJcnh4YmlwMm5RNEN6RU9oN0dfRDYzMTdubll4ZHBTRE5CTTdXV1UyNXZMUXJ5MkljRHI2N2FQTU9ILTJlM1c4ZVZXdmZydV9IMktZX0JzMVY1NDN0VG15WUJxYjJ5c0c0dG5GVC1wcTRnenVFeW1SUDFCcmRXZ1FJamYwa0dvOWhB0gHzAUFVX3lxTE5FQU9uOXBWV1plYUlUR3Z3akMtRmlBdnBWY2NwS1JVWlFOUURFQWhvM0JCMmtXWVhqZjVhSU5JTnBXZ2F0REZxTy1mcTZXZHJSOGNJOGduMUJVakZKN0IyVHhkWEJ5T25VY0wzQWI0aEVTdm5YalRsaFNCWHMzS1hkbXduNzlCd09PM2s3WndKdXdLaFJoZnZqMHM2MmVMYlBXbTd6cnFycnMzRV9HWlNVaHlQcGpIV1VrZGQtSGJJWlRFTHk1Ukc2R051ejZubnpnOWxPS0hqQlBRUTAtZU0xQ0NTREtIY1BlQ1hFcGpiQXlvZw?oc=5
AUBANK,AU Small Finance Bank Limited,How safe is AU Small Finance Bank? - Capitalmind,"<a href=""https://news.google.com/rss/articles/CBMifkFVX3lxTFBhTlJfRHJpTDJrSVo2aDZPWTI5WkNFTmVldjA4T2VZcGhxM2xwV3gwR1p6NnNpUEpSaVNveXlNWVBWaWlaWE5ibC1EQlhoZ3hGbUdTcDFqeHVjN09IUHlkX0xLcUdwaC16c3J4TllJcy0tbXZqcVZENEY1SVktdw?oc=5"" target=""_blank"">How safe is AU Small Finance Bank?</a>&nbsp;&nbsp;<font color=""#6f6f6f"">Capitalmind</font>",2021-09-02 07:00:00,Capitalmind,https://news.google.com/rss/articles/CBMifkFVX3lxTFBhTlJfRHJpTDJrSVo2aDZPWTI5WkNFTmVldjA4T2VZcGhxM2xwV3gwR1p6NnNpUEpSaVNveXlNWVBWaWlaWE5ibC1EQlhoZ3hGbUdTcDFqeHVjN09IUHlkX0xLcUdwaC16c3J4TllJcy0tbXZqcVZENEY1SVktdw?oc=5
AUBANK,AU Small Finance Bank Limited,"AU Small Finance Bank merger with Fincare SFB to be effective from April 1; Should you buy, sell or hold the stock? - Mint","<a href=""https://news.google.com/rss/articles/CBMijwJBVV95cUxOQzNIWk9GanJTVTNoMmNlZnFCQ1ZySWhRZVFqQVVWZURxMm1aWHp4Mlc3dDNWaWFBNXpBOWxmUEFEcVVrSFJyZzl6RnFGYldsLW5jZl9aOGFqVXlFa050cXhtUjUtbHhBUUJFemhVUmtmNF9kcGdTVzZvazdBdl81NUZrMHY4dG4xRlRVSUlSV1FFZWd2SXk5OFgtOEM2Y0dId2NyMU1OQ0NDdVpCOVl5RFZpT0pEVWFKTm8zYWZ0YzZ2NzBUUFlwYzVGZHJYNllGQk1udTJaa0E4WjR2dGVPNGwzTVFwd3pUWkhBWEQxdms0eDhhWjZGaFpjeXFwTm82NnFkOUhZbndUVTZENWMw0gGUAkFVX3lxTE5PQjFobWJuX3M1RG8xMER2ZTA3cXhFNk9EbU1CLXBmMERBbmxzWDBHYzMyN3I1czQ0UFhadmJhaG1fUnl3RzJsMXlXanljQTV6N2lWcnhtc0VxT0t6dHRQRF85UkxQVjlHUHNBX1E3VEtwZThuc2lrZU0wUkhKRFAzcmZMQjl2aVFfblh4cDM3RUNOZVpNd1JPTmRaVVFDd29JUDVfSnRmRklzLWZCWWhyc25DOWNOVzdkZUg4RFhWQ01nd01DNll6YjRvR0FoeVg2MFZWNm05T0wtVU5sa1doYklxMkdlMlBxc3pQVjUwVUw5VjJpRjNnQThqelFQN0FrVWo1a0lvZ2Y0VTVjdjcwb2MwMw?oc=5"" target=""_blank"">AU Small Finance Bank merger with Fincare SFB to be effective from April 1; Should you buy, sell or hold the stock?</a>&nbsp;&nbsp;<font color=""#6f6f6f"">Mint</font>",2024-03-19 07:00:00,Mint,https://news.google.com/rss/articles/CBMijwJBVV95cUxOQzNIWk9GanJTVTNoMmNlZnFCQ1ZySWhRZVFqQVVWZURxMm1aWHp4Mlc3dDNWaWFBNXpBOWxmUEFEcVVrSFJyZzl6RnFGYldsLW5jZl9aOGFqVXlFa050cXhtUjUtbHhBUUJFemhVUmtmNF9kcGdTVzZvazdBdl81NUZrMHY4dG4xRlRVSUlSV1FFZWd2SXk5OFgtOEM2Y0dId2NyMU1OQ0NDdVpCOVl5RFZpT0pEVWFKTm8zYWZ0YzZ2NzBUUFlwYzVGZHJYNllGQk1udTJaa0E4WjR2dGVPNGwzTVFwd3pUWkhBWEQxdms0eDhhWjZGaFpjeXFwTm82NnFkOUhZbndUVTZENWMw0gGUAkFVX3lxTE5PQjFobWJuX3M1RG8xMER2ZTA3cXhFNk9EbU1CLXBmMERBbmxzWDBHYzMyN3I1czQ0UFhadmJhaG1fUnl3RzJsMXlXanljQTV6N2lWcnhtc0VxT0t6dHRQRF85UkxQVjlHUHNBX1E3VEtwZThuc2lrZU0wUkhKRFAzcmZMQjl2aVFfblh4cDM3RUNOZVpNd1JPTmRaVVFDd29JUDVfSnRmRklzLWZCWWhyc25DOWNOVzdkZUg4RFhWQ01nd01DNll6YjRvR0FoeVg2MFZWNm05T0wtVU5sa1doYklxMkdlMlBxc3pQVjUwVUw5VjJpRjNnQThqelFQN0FrVWo1a0lvZ2Y0VTVjdjcwb2MwMw?oc=5
AUBANK,AU Small Finance Bank Limited,"AU Bank, Torrent Pharma among 3 breakout stocks; strategy, key levels here - Business Standard","<a href=""https://news.google.com/rss/articles/CBMi8AFBVV95cUxNdHhDVGJwbjYtcG5oU3o3X2FvSlp0VVJUZ0dCNm9XYU1hclRVdGFjYUhXM0d3VmNTcWU2SlVNMDNxOTVkX01ZX0Q5bDU1LXFjbGZGYWZ4NF8xblRRd29qai0wWWZld0gxZFp0U0FPNlFQVUp2RkZzVEthSS1zMzZqTVJBYk5ndlphVEwtSmd4blByaFMzeVVYdlM4WjZkSW9rRXgtR0pBMG1Tc051eEh5S3A2Wm5vSmprS2RWOVMxNDBJYTg0UHlGcGpSSlprZjdGaTM3UzUtcHlEcW94dEZycmkyNnJ3aXVEUllqMHVxNE7SAfYBQVVfeXFMTTR2LUlrcTJuRGpuR3ZxSG5SWmlkeEtDNEtoSGlPZWRrTkFmbjdTcS1wYmdkWlB4Tk15dWtISnBaSkRWUXlBRGtHQkpXLWhXakFNWjFRYUNXU3JmRTRSUmh6SHhuaUZsNUVUU1pnWGdWNWtKM01KQWVLRHUyQXp0SE54OVFJWnpuOEVpU1V4d21TMDhFcHRKc1NoMk4tYnRfYnRGNnhtUUdhNG1ZLVVEWnlzWXFxdjdHaXh0cm9vaDByMWFRSTNjd3A3RFlHMnJNQXllc3d3RkdENnpUZHZMMzJpY3F5TU96QUFTTjVqRmVzREp6S0hR?oc=5"" target=""_blank"">AU Bank, Torrent Pharma among 3 breakout stocks; strategy, key levels here</a>&nbsp;&nbsp;<font color=""#6f6f6f"">Business Standard</font>",2026-02-18 08:00:00,Business Standard,https://news.google.com/rss/articles/CBMi8AFBVV95cUxNdHhDVGJwbjYtcG5oU3o3X2FvSlp0VVJUZ0dCNm9XYU1hclRVdGFjYUhXM0d3VmNTcWU2SlVNMDNxOTVkX01ZX0Q5bDU1LXFjbGZGYWZ4NF8xblRRd29qai0wWWZld0gxZFp0U0FPNlFQVUp2RkZzVEthSS1zMzZqTVJBYk5ndlphVEwtSmd4blByaFMzeVVYdlM4WjZkSW9rRXgtR0pBMG1Tc051eEh5S3A2Wm5vSmprS2RWOVMxNDBJYTg0UHlGcGpSSlprZjdGaTM3UzUtcHlEcW94dEZycmkyNnJ3aXVEUllqMHVxNE7SAfYBQVVfeXFMTTR2LUlrcTJuRGpuR3ZxSG5SWmlkeEtDNEtoSGlPZWRrTkFmbjdTcS1wYmdkWlB4Tk15dWtISnBaSkRWUXlBRGtHQkpXLWhXakFNWjFRYUNXU3JmRTRSUmh6SHhuaUZsNUVUU1pnWGdWNWtKM01KQWVLRHUyQXp0SE54OVFJWnpuOEVpU1V4d21TMDhFcHRKc1NoMk4tYnRfYnRGNnhtUUdhNG1ZLVVEWnlzWXFxdjdHaXh0cm9vaDByMWFRSTNjd3A3RFlHMnJNQXllc3d3RkdENnpUZHZMMzJpY3F5TU96QUFTTjVqRmVzREp6S0hR?oc=5
AUBANK,AU Small Finance Bank Limited,AU Small Finance Bank shares hit life-time high after Q4 results. Experts see more upside - Mint,"<a href=""https://news.google.com/rss/articles/CBMi7wFBVV95cUxQRk9sTW50UjdadExTU0daUVF2UVJsWVl3ZlJ1VnRiTDdZX1l1Sm4wQ040YnRGd2pfeHBQNlVJUDdkUkV2RlNsZm1PbTFxS0hheGt1d01RQUhfMlNPa29OYlkyZkxLdUxHYURXUXdESEhTaXpzWTNTMEtob2FqZ0ZuZ1hTNm9PTkFPZVRfWGkyeXl0TmFHY09pMHU3S2YxWnlFeG1USTFVRzRINzFNNjV4dTNBelQxMW5MVnlxOFZfS3pVQUwxQ2JJNUNMeUQzcVk2V2FiY2VjenF0ZWpjOFFEQWV1cVAwckw1NENEa0VHVdIB9AFBVV95cUxPbTZBOWhnMTBXak1xTkdVQjB2SGFHbEdNaEo1cENrcVNIVzNrVTV6LTJyejVXOUdKX1VJc3JnTUQ1UHpnOVBFcGxBaVR0Q0lnQU95ZmZIdjczS25TelJTMjFHcW1IQlJIdDlVMHpwWG9oY0V6VTVwNHNpaTJJc2hoMHVlQW9GaUlKSmFqRVRXb2FIVUowYllGYmtCcHRLdWRfUTNMck9ORW55a1llYlNTTnZPcDNXLW14dEhkOFNYMlR4ZDR0UzhuMkQ5S2o1VWEwakxyLUt5R3RCdEtUZXdHU1drZ0xvTFI2OEUycEFua25Iejd4?oc=5"" target=""_blank"">AU Small Finance Bank shares hit life-time high after Q4 results. Experts see more upside</a>&nbsp;&nbsp;<font color=""#6f6f6f"">Mint</font>",2023-05-16 07:00:00,Mint,https://news.google.com/rss/articles/CBMi7wFBVV95cUxQRk9sTW50UjdadExTU0daUVF2UVJsWVl3ZlJ1VnRiTDdZX1l1Sm4wQ040YnRGd2pfeHBQNlVJUDdkUkV2RlNsZm1PbTFxS0hheGt1d01RQUhfMlNPa29OYlkyZkxLdUxHYURXUXdESEhTaXpzWTNTMEtob2FqZ0ZuZ1hTNm9PTkFPZVRfWGkyeXl0TmFHY09pMHU3S2YxWnlFeG1USTFVRzRINzFNNjV4dTNBelQxMW5MVnlxOFZfS3pVQUwxQ2JJNUNMeUQzcVk2V2FiY2VjenF0ZWpjOFFEQWV1cVAwckw1NENEa0VHVdIB9AFBVV95cUxPbTZBOWhnMTBXak1xTkdVQjB2SGFHbEdNaEo1cENrcVNIVzNrVTV6LTJyejVXOUdKX1VJc3JnTUQ1UHpnOVBFcGxBaVR0Q0lnQU95ZmZIdjczS25TelJTMjFHcW1IQlJIdDlVMHpwWG9oY0V6VTVwNHNpaTJJc2hoMHVlQW9GaUlKSmFqRVRXb2FIVUowYllGYmtCcHRLdWRfUTNMck9ORW55a1llYlNTTnZPcDNXLW14dEhkOFNYMlR4ZDR0UzhuMkQ5S2o1VWEwakxyLUt5R3RCdEtUZXdHU1drZ0xvTFI2OEUycEFua25Iejd4?oc=5
AUBANK,AU Small Finance Bank Limited,RBI gives approval to Fincare Small Finance Bank's merger with AU bank - The Times of India,"<a href=""https://news.google.com/rss/articles/CBMi7wFBVV95cUxOWU5faTh4aTJqVEJuZE96cGgzRG5UcDBFUVNaQmx1SmVOUlRQR0pOTDdZV3hTZ2owZHg3eXVVWDR4Qk5vQnBPNms2UWJmOWR4V2pBWEJNMnM2SDFreTJta05aVUNDaTR3b3Q0ZTZFdEJra201WUJRcTZuZXliWDFsdTNPMDVCVXhPN25aNjBzbUV0bmRsaU5XaW9NMXV2SU8zZ2s1dlZ0ZFVaWHVYcVRxVzRqNFI2UXpoRlk0cm1aT1lGenBCMmJybFkxVy1abzdnRXFkeE50Qm5KNU1uOVBhNjJxZDEzNjZOMDJ0YUlIRdIB9AFBVV95cUxQSkVMY0JDRUNEOFNaM2Nfb0ZtSHdBdEt5Qlg4QTlJR2hFQmhjNEVYc28wYnFMa2NROU9FcmxHclIwcERwVVdkQU5udjdGczN4UGxZdlVUUy1tWHRzRFZvckpheU9zSnVTV2RVX3N6VnNZcDJMcEtXS3pIZDBMcU1Qc2RLZFJtaUQycGJMWlhsaUwtM2s1T1hjQWM3VHA4Sk9jWjY5akN2SXNLN0QyRTM0MkRESzA0a3Btd0FwWkl3ZVBiTEtxZk82UXh4SzVqMnZLOEgxNklFUzJCM3dHdkxVcVRTejMwZHBURG91WjdpemVIOEQ3?oc=5"" target=""_blank"">RBI gives approval to Fincare Small Finance Bank's merger with AU bank</a>&nbsp;&nbsp;<font color=""#6f6f6f"">The Times of India</font>",2024-03-05 08:00:00,The Times of India,https://news.google.com/rss/articles/CBMi7wFBVV95cUxOWU5faTh4aTJqVEJuZE96cGgzRG5UcDBFUVNaQmx1SmVOUlRQR0pOTDdZV3hTZ2owZHg3eXVVWDR4Qk5vQnBPNms2UWJmOWR4V2pBWEJNMnM2SDFreTJta05aVUNDaTR3b3Q0ZTZFdEJra201WUJRcTZuZXliWDFsdTNPMDVCVXhPN25aNjBzbUV0bmRsaU5XaW9NMXV2SU8zZ2s1dlZ0ZFVaWHVYcVRxVzRqNFI2UXpoRlk0cm1aT1lGenBCMmJybFkxVy1abzdnRXFkeE50Qm5KNU1uOVBhNjJxZDEzNjZOMDJ0YUlIRdIB9AFBVV95cUxQSkVMY0JDRUNEOFNaM2Nfb0ZtSHdBdEt5Qlg4QTlJR2hFQmhjNEVYc28wYnFMa2NROU9FcmxHclIwcERwVVdkQU5udjdGczN4UGxZdlVUUy1tWHRzRFZvckpheU9zSnVTV2RVX3N6VnNZcDJMcEtXS3pIZDBMcU1Qc2RLZFJtaUQycGJMWlhsaUwtM2s1T1hjQWM3VHA4Sk9jWjY5akN2SXNLN0QyRTM0MkRESzA0a3Btd0FwWkl3ZVBiTEtxZk82UXh4SzVqMnZLOEgxNklFUzJCM3dHdkxVcVRTejMwZHBURG91WjdpemVIOEQ3?oc=5
AUBANK,AU Small Finance Bank Limited,Eluru police arrest loan fraudsters who cheated AU Bank of Rs 2.5 crores - The Times of India,"<a href=""https://news.google.com/rss/articles/CBMi4wFBVV95cUxPckNjYW8wWkpjc1NVeU9vNEY5dmdUc3ZLS0VGYlBlU09LQUxEVG9jMXFYMFRmYU41UHREN1Noc21mS3IyWHZhWC00MTJaTmN5WW1nOEhsdHBYckJkU0JQb0JJajVmTjd6V3F1enA2TFBNbnI5NmR6Ymg2Yk5TWWM0WWJMM3RDekJUbmFxWUNHVDFlWVhYRzQ4eU40cFdSUjdaSC1jSGNOa3RYWFFfUVR0RC1kZm9pMUNfNTZNU3FMRUlxZjRtYTF6QXI4dWRHdXVWZWNzWHpPd0F3aHBPZXBFRGZaWdIB6AFBVV95cUxOZFdlX3lxNjNaZ093dGxiMVpzNTBuTWYzV09IWmpRV2Y1R0JpbWNsbkU5aUFjRlBTdkhaUmNSOC1GT1FIcm9fcTIyNmdSX1AwQjdfdzFJVkZMYUdsSEJ2cXpCRGpNMGdwMzJYbnJNOS1qYnRGa2VFWTlWVVVSeDZNUG1YdGpYX3pKV3pRX3BBTm1kT3RZZU11eFFUckhMUGg0Rm1wb0I5TXBDNGtwQlE0WGZvX1hZbl94b2VjWEJKMlFTV2JlRklLd2tCTFNzMFNhZHNCSFJvZTcyR3plcHBuTXdtYnQ4LUcz?oc=5"" target=""_blank"">Eluru police arrest loan fraudsters who cheated AU Bank of Rs 2.5 crores</a>&nbsp;&nbsp;<font color=""#6f6f6f"">The Times of India</font>",2025-08-25 07:00:00,The Times of India,https://news.google.com/rss/articles/CBMi4wFBVV95cUxPckNjYW8wWkpjc1NVeU9vNEY5dmdUc3ZLS0VGYlBlU09LQUxEVG9jMXFYMFRmYU41UHREN1Noc21mS3IyWHZhWC00MTJaTmN5WW1nOEhsdHBYckJkU0JQb0JJajVmTjd6V3F1enA2TFBNbnI5NmR6Ymg2Yk5TWWM0WWJMM3RDekJUbmFxWUNHVDFlWVhYRzQ4eU40cFdSUjdaSC1jSGNOa3RYWFFfUVR0RC1kZm9pMUNfNTZNU3FMRUlxZjRtYTF6QXI4dWRHdXVWZWNzWHpPd0F3aHBPZXBFRGZaWdIB6AFBVV95cUxOZFdlX3lxNjNaZ093dGxiMVpzNTBuTWYzV09IWmpRV2Y1R0JpbWNsbkU5aUFjRlBTdkhaUmNSOC1GT1FIcm9fcTIyNmdSX1AwQjdfdzFJVkZMYUdsSEJ2cXpCRGpNMGdwMzJYbnJNOS1qYnRGa2VFWTlWVVVSeDZNUG1YdGpYX3pKV3pRX3BBTm1kT3RZZU11eFFUckhMUGg0Rm1wb0I5TXBDNGtwQlE0WGZvX1hZbl94b2VjWEJKMlFTV2JlRklLd2tCTFNzMFNhZHNCSFJvZTcyR3plcHBuTXdtYnQ4LUcz?oc=5
AUBANK,AU Small Finance Bank Limited,AU Small Finance Bank’s Credit Ratings Reaffirmed Amidst Growth and Challenges - TipRanks,"<a href=""https://news.google.com/rss/articles/CBMiyAFBVV95cUxPb3BqR1lZRmJNVVBmQzBwNjE5cEFaOWVuTVZLdDBaWWp6ZG9ES2s1SUpaTkNnLXp2VzdRR2ZoQXB5SmhpTDRfanh3ajFqSkQtMmVYRnpCdE90TlJ3SFJmVEtmbEpzY3VVRFotbm83MXBOYVpJU2tQQVBzRTI2QjJsQTRtbDJJV0hnTmQwR0g4akFNbDljdmlFZVIzeHdUVjE1a1RzbWxiNksxU2RnQ0dfaUtTOF84clh1ZmZVbnBKUHNhbndqV25GTQ?oc=5"" target=""_blank"">AU Small Finance Bank’s Credit Ratings Reaffirmed Amidst Growth and Challenges</a>&nbsp;&nbsp;<font color=""#6f6f6f"">TipRanks</font>",2025-10-16 07:00:00,TipRanks,https://news.google.com/rss/articles/CBMiyAFBVV95cUxPb3BqR1lZRmJNVVBmQzBwNjE5cEFaOWVuTVZLdDBaWWp6ZG9ES2s1SUpaTkNnLXp2VzdRR2ZoQXB5SmhpTDRfanh3ajFqSkQtMmVYRnpCdE90TlJ3SFJmVEtmbEpzY3VVRFotbm83MXBOYVpJU2tQQVBzRTI2QjJsQTRtbDJJV0hnTmQwR0g4akFNbDljdmlFZVIzeHdUVjE1a1RzbWxiNksxU2RnQ0dfaUtTOF84clh1ZmZVbnBKUHNhbndqV25GTQ?oc=5
AUBANK,AU Small Finance Bank Limited,AU Small Finance Bank Q4 Results 2026 - Find AU Small Finance Bank Q4 Earnings Result | AUBANK Q4 results - Mint,"<a href=""https://news.google.com/rss/articles/CBMijwFBVV95cUxQV0dlOFotQ3NaNEJWRWlBLXNVemdQYmNjZ3pZQ2txVTM0NURBS1FYREFwNkRwcEpTQUptNUFMaTcwSFJPdzZBOU05T2locWJ0MHk1d0Jtd2dGTkFTU2VwUHZubFBZQkEzSUFTSEx3YXZFOFhpT3E3aTZzNmYzMmtESFFhX3BrdVRpX3A3VWVpdw?oc=5"" target=""_blank"">AU Small Finance Bank Q4 Results 2026 - Find AU Small Finance Bank Q4 Earnings Result | AUBANK Q4 results</a>&nbsp;&nbsp;<font color=""#6f6f6f"">Mint</font>",2023-07-24 23:45:43,Mint,https://news.google.com/rss/articles/CBMijwFBVV95cUxQV0dlOFotQ3NaNEJWRWlBLXNVemdQYmNjZ3pZQ2txVTM0NURBS1FYREFwNkRwcEpTQUptNUFMaTcwSFJPdzZBOU05T2locWJ0MHk1d0Jtd2dGTkFTU2VwUHZubFBZQkEzSUFTSEx3YXZFOFhpT3E3aTZzNmYzMmtESFFhX3BrdVRpX3A3VWVpdw?oc=5
AUBANK,AU Small Finance Bank Limited,AU Small Finance Bank shares rise nearly 3% after lender raises Rs 625.50 crore via QIP - The Statesman,"<a href=""https://news.google.com/rss/articles/CBMizwFBVV95cUxPMlVMS3RhdnJEQ3ZDdzVDdEFmd3JUUnpJQ3hKb29sTTRtdFdwVnEzWWs4UXY2X0VZWTU3NEdoYi13cXNaR0xSYkptSUpVaW5YSlFoZ0d2aDRlQjdDTW00ZU84TXpKWm0zdjJYc295LWNBSW9Fc0lpNjViekhlMDFUeHhxZm9rV1hVdDFseFJUdlAxTzE2cHowM0dnbHdRWEM4YW56VW9rM1oyWk8wVlpzZGJET3NwbWV4aUJpc2YzZmp3ZFZPallfc1VhUXBNd3fSAdQBQVVfeXFMUGNaOGFLR3JnM0ZOZWNuMTJpdTM4SjZfUTNHNXVObkJVZ1l0cUxLV1JhVjdHSkFYR0ZObzZwSjZMTDVqOS1zQ2kzS2tJQ1FqRndEanFOYUl0OUYwVTFnLWUtVzhXbGE2NURkU0diN3U1TW4zN0tib3VqcnpaMENoTU9GMGJRYnBpemJjMkxRNTFmVzVZWjZfUXlicU9oUXJTcVdTYnNidUcwZDdiM0poMFQzNTNqWlZBUS10SHlSc0pzc2Z4ZXJPQVlBTDNTQ1dqV0hTR2M?oc=5"" target=""_blank"">AU Small Finance Bank shares rise nearly 3% after lender raises Rs 625.50 crore via QIP</a>&nbsp;&nbsp;<font color=""#6f6f6f"">The Statesman</font>",2021-03-16 07:00:00,The Statesman,https://news.google.com/rss/articles/CBMizwFBVV95cUxPMlVMS3RhdnJEQ3ZDdzVDdEFmd3JUUnpJQ3hKb29sTTRtdFdwVnEzWWs4UXY2X0VZWTU3NEdoYi13cXNaR0xSYkptSUpVaW5YSlFoZ0d2aDRlQjdDTW00ZU84TXpKWm0zdjJYc295LWNBSW9Fc0lpNjViekhlMDFUeHhxZm9rV1hVdDFseFJUdlAxTzE2cHowM0dnbHdRWEM4YW56VW9rM1oyWk8wVlpzZGJET3NwbWV4aUJpc2YzZmp3ZFZPallfc1VhUXBNd3fSAdQBQVVfeXFMUGNaOGFLR3JnM0ZOZWNuMTJpdTM4SjZfUTNHNXVObkJVZ1l0cUxLV1JhVjdHSkFYR0ZObzZwSjZMTDVqOS1zQ2kzS2tJQ1FqRndEanFOYUl0OUYwVTFnLWUtVzhXbGE2NURkU0diN3U1TW4zN0tib3VqcnpaMENoTU9GMGJRYnBpemJjMkxRNTFmVzVZWjZfUXlicU9oUXJTcVdTYnNidUcwZDdiM0poMFQzNTNqWlZBUS10SHlSc0pzc2Z4ZXJPQVlBTDNTQ1dqV0hTR2M?oc=5
AUBANK,AU Small Finance Bank Limited,"Top stocks of the week: JSW Infra, Shriram Finance, AU Small Finance, Bandhan Bank, Voltas and more - Business Today","<a href=""https://news.google.com/rss/articles/CBMi8wFBVV95cUxNUDZzYjh6YTNUbVItSkYwNmxzZzR4MExwY1FCWFk3aEtUTW1pclliUk1YcFZ5LUtQUG1iZjZHQ04wYmZUTHhBSDJxRXhod2tqMDBsc3RSLUpaZ21GajlwbjF0UWZJTmo3X18xZDRqSm90UE1YeEFySXd6LUFBdENocnVXU1NtNFBtUU9HNUJMakhwWkNQYXNyZVhPcGFzOU9rd2tjNG9NRUZSNzVCQl9LNzVFN3Z0b1ZsMXhQY0RxOFpZSkpuTzZoZXVEMThxUGNnZURpRkcxa0toMXpFcGtKaFduekdWZTRiWHdDc2x6T3oyOFXSAfMBQVVfeXFMTVA2c2I4emEzVG1SLUpGMDZsc2c0eDBMcGNRQlhZN2hLVE1taXJZYlJNWHBWeS1LUFBtYmY2R0NOMGJmVEx4QUgycUV4aHdrajAwbHN0Ui1KWmdtRmo5cG4xdFFmSU5qN19fMWQ0akpvdFBNWHhBckl3ei1BQXRDaHJ1V1NTbTRQbVFPRzVCTGpIcFpDUGFzcmVYT3BhczlPa3drYzRvTUVGUjc1QkJfSzc1RTd2dG9WbDF4UGNEcThaWUpKbk82aGV1RDE4cVBjZ2VEaUZHMWtLaDF6RXBrSmhXbnpHVmU0Ylh3Q3Nsek96MjhV?oc=5"" target=""_blank"">Top stocks of the week: JSW Infra, Shriram Finance, AU Small Finance, Bandhan Bank, Voltas and more</a>&nbsp;&nbsp;<font color=""#6f6f6f"">Business Today</font>",2025-03-01 08:00:00,Business Today,https://news.google.com/rss/articles/CBMi8wFBVV95cUxNUDZzYjh6YTNUbVItSkYwNmxzZzR4MExwY1FCWFk3aEtUTW1pclliUk1YcFZ5LUtQUG1iZjZHQ04wYmZUTHhBSDJxRXhod2tqMDBsc3RSLUpaZ21GajlwbjF0UWZJTmo3X18xZDRqSm90UE1YeEFySXd6LUFBdENocnVXU1NtNFBtUU9HNUJMakhwWkNQYXNyZVhPcGFzOU9rd2tjNG9NRUZSNzVCQl9LNzVFN3Z0b1ZsMXhQY0RxOFpZSkpuTzZoZXVEMThxUGNnZURpRkcxa0toMXpFcGtKaFduekdWZTRiWHdDc2x6T3oyOFXSAfMBQVVfeXFMTVA2c2I4emEzVG1SLUpGMDZsc2c0eDBMcGNRQlhZN2hLVE1taXJZYlJNWHBWeS1LUFBtYmY2R0NOMGJmVEx4QUgycUV4aHdrajAwbHN0Ui1KWmdtRmo5cG4xdFFmSU5qN19fMWQ0akpvdFBNWHhBckl3ei1BQXRDaHJ1V1NTbTRQbVFPRzVCTGpIcFpDUGFzcmVYT3BhczlPa3drYzRvTUVGUjc1QkJfSzc1RTd2dG9WbDF4UGNEcThaWUpKbk82aGV1RDE4cVBjZ2VEaUZHMWtLaDF6RXBrSmhXbnpHVmU0Ylh3Q3Nsek96MjhV?oc=5
AUBANK,AU Small Finance Bank Limited,"AU Small Finance Bank Ltd. Announces Q2FY23 Financial Results for the Quarter ended September 30, 2022 - Global Prime News","<a href=""https://news.google.com/rss/articles/CBMi1wFBVV95cUxOZjRDVkJRZWgwT2x3Y3BuOHlkbThfb2FNYWRXeFV5S3NZNV9Lc1VzMXpocS1rcmZjbDZVZGltZzM0cE9vbG94OEdmS1pmOG9qUVRjdHdGOUxyZ2NXNlJUeVBhM2NvNmxRWXpWMDNGaDA0d0FrOVJWLUZnWmpoV2F0YXBhN3JyRkFCeTY1T05xeHN1UlVLVW1jcFFZZ0xheXptTGUzU08yMzlLWW9yRUZ6SW9ORzQ2QlFMVDdkdGg5Q3dkNmlLbzFMWTJyd2dmNUZmQXN2VzI4aw?oc=5"" target=""_blank"">AU Small Finance Bank Ltd. Announces Q2FY23 Financial Results for the Quarter ended September 30, 2022</a>&nbsp;&nbsp;<font color=""#6f6f6f"">Global Prime News</font>",2022-10-25 07:00:00,Global Prime News,https://news.google.com/rss/articles/CBMi1wFBVV95cUxOZjRDVkJRZWgwT2x3Y3BuOHlkbThfb2FNYWRXeFV5S3NZNV9Lc1VzMXpocS1rcmZjbDZVZGltZzM0cE9vbG94OEdmS1pmOG9qUVRjdHdGOUxyZ2NXNlJUeVBhM2NvNmxRWXpWMDNGaDA0d0FrOVJWLUZnWmpoV2F0YXBhN3JyRkFCeTY1T05xeHN1UlVLVW1jcFFZZ0xheXptTGUzU08yMzlLWW9yRUZ6SW9ORzQ2QlFMVDdkdGg5Q3dkNmlLbzFMWTJyd2dmNUZmQXN2VzI4aw?oc=5
AUBANK,AU Small Finance Bank Limited,AU Small Finance Bank Announces Q2 FY23 Results - Global Prime News,"<a href=""https://news.google.com/rss/articles/CBMikAFBVV95cUxQeUpFcF9zRXAzU2hSOU8yQkZCMjY0UmhwVTVVb1pDVE5POU5GZUp3ZE1hU0E5ZWtoSWF1WXdHYmt6bDNHSjZUek4tUnk5SEMybWhsc3dxRXpLQjJYMU4xcDNvdVNWUk1kanZOZlRvcExBbF9ZTzJFYlJwbFhZZkl5T2c1dTFRTkVmdUtyRExKalU?oc=5"" target=""_blank"">AU Small Finance Bank Announces Q2 FY23 Results</a>&nbsp;&nbsp;<font color=""#6f6f6f"">Global Prime News</font>",2022-10-19 07:00:00,Global Prime News,https://news.google.com/rss/articles/CBMikAFBVV95cUxQeUpFcF9zRXAzU2hSOU8yQkZCMjY0UmhwVTVVb1pDVE5POU5GZUp3ZE1hU0E5ZWtoSWF1WXdHYmt6bDNHSjZUek4tUnk5SEMybWhsc3dxRXpLQjJYMU4xcDNvdVNWUk1kanZOZlRvcExBbF9ZTzJFYlJwbFhZZkl5T2c1dTFRTkVmdUtyRExKalU?oc=5
AUBANK,AU Small Finance Bank Limited,AU Small Finance Bank partners with insurtech firm Acko General Insurance - Deccan Chronicle,"<a href=""https://news.google.com/rss/articles/CBMizgFBVV95cUxNUXRSc0N0Z3VLdXRWOGZFekZQSVFmTVZDdFRSQUlDTzZ1R1NaRmtLUmowQnFHMHAyXzctdnZJd3dVR1ZmYU5PVW4xT3gxc2xpdlBYdHBXdkU2ckFJcTlPdlN3eDVmbDFMOW8tcXBnQWVhR3YyR1Jya1BFMmg5NG1mblg1al9RZEdWRXVWbjMzdDB1Z196YVVoRldkRzlfalFOd0NFdGNGWnhvVW1kLUh5a2h1N0w1cFhvd2poWVhDbERGeDlXaGVOcnczWld1Z9IB0wFBVV95cUxPaS1tTUtHb2taTTU2X01LRXdaVGpGbTljS3RxbGdOdjRBVFoyVS1oZlpUbEx1aG5ZM0YtamVyczV3QmQzZlFkaHRVeTVhZ3R1alBXQ0xLS3FrbjVLSWhIc1U5TVdrRVR0bkJOd1BwZTAxckVXRl8yaFh3dl9LdUtlbUtudldiWnZIcGVCNG5aVzc2emtyU0VVd0JOejBuaFhlTkFWOEltU0VDQTZnVWtIcUpPSTMtSWVvMkZrU2UxaGd3eWNyRkVkbmZBak9FLTVUcU9r?oc=5"" target=""_blank"">AU Small Finance Bank partners with insurtech firm Acko General Insurance</a>&nbsp;&nbsp;<font color=""#6f6f6f"">Deccan Chronicle</font>",2019-03-07 08:00:00,Deccan Chronicle,https://news.google.com/rss/articles/CBMizgFBVV95cUxNUXRSc0N0Z3VLdXRWOGZFekZQSVFmTVZDdFRSQUlDTzZ1R1NaRmtLUmowQnFHMHAyXzctdnZJd3dVR1ZmYU5PVW4xT3gxc2xpdlBYdHBXdkU2ckFJcTlPdlN3eDVmbDFMOW8tcXBnQWVhR3YyR1Jya1BFMmg5NG1mblg1al9RZEdWRXVWbjMzdDB1Z196YVVoRldkRzlfalFOd0NFdGNGWnhvVW1kLUh5a2h1N0w1cFhvd2poWVhDbERGeDlXaGVOcnczWld1Z9IB0wFBVV95cUxPaS1tTUtHb2taTTU2X01LRXdaVGpGbTljS3RxbGdOdjRBVFoyVS1oZlpUbEx1aG5ZM0YtamVyczV3QmQzZlFkaHRVeTVhZ3R1alBXQ0xLS3FrbjVLSWhIc1U5TVdrRVR0bkJOd1BwZTAxckVXRl8yaFh3dl9LdUtlbUtudldiWnZIcGVCNG5aVzc2emtyU0VVd0JOejBuaFhlTkFWOEltU0VDQTZnVWtIcUpPSTMtSWVvMkZrU2UxaGd3eWNyRkVkbmZBak9FLTVUcU9r?oc=5
AUBANK,AU Small Finance Bank Limited,"AU Small Finance Bank Stock Price Near ₹1,000: Breakout or Breather? - Creative Learning Guild","<a href=""https://news.google.com/rss/articles/CBMirgFBVV95cUxQNnp2VmhNbzFnNzlkbnNYLUlFejlEY3diTUwxbVBFME9SUkNwTG95dHNBNFM1RlhZbHFPM19DY0FoLURjNDJyUE9ZOXB2bFY3QUlxTktmUFVpdmNmZ2JrSjBSSS1OZDlKcWE0LXFMeHk4dXBydUllTkdwd2V3dUtibGp3SFlpNmV4Q0JtX1pQVlRkaFJpTGpxQWRVZ0VYQWhqY080c054dS1aQl9VRVE?oc=5"" target=""_blank"">AU Small Finance Bank Stock Price Near ₹1,000: Breakout or Breather?</a>&nbsp;&nbsp;<font color=""#6f6f6f"">Creative Learning Guild</font>",2026-02-25 08:08:59,Creative Learning Guild,https://news.google.com/rss/articles/CBMirgFBVV95cUxQNnp2VmhNbzFnNzlkbnNYLUlFejlEY3diTUwxbVBFME9SUkNwTG95dHNBNFM1RlhZbHFPM19DY0FoLURjNDJyUE9ZOXB2bFY3QUlxTktmUFVpdmNmZ2JrSjBSSS1OZDlKcWE0LXFMeHk4dXBydUllTkdwd2V3dUtibGp3SFlpNmV4Q0JtX1pQVlRkaFJpTGpxQWRVZ0VYQWhqY080c054dS1aQl9VRVE?oc=5
AUBANK,AU Small Finance Bank Limited,AU Small Finance Bank Ltd eases for fifth straight session - Business Standard,"<a href=""https://news.google.com/rss/articles/CBMi1wFBVV95cUxONW5fcTMyU3UwVlk0dWxDWDdtWnNTRV80UXl2eEFmRldoTlVwRnZEd0d2Mk1fRFlMWnFQZ0dRb1dhYk8tU2J2TThITVdxUzVkb0pna0hKbWswemh1bmpzUTF6c2RIOHM1VmYxTWRTMXY5RFJfWExLNThySkt5bndGYjBJOHFJWENtTWpvSkhJU19TSlUwWnRMYktYUlY5QktLNHh0MEpNWmZZaW1aMV8xNkZrNi1NZlAzeHVVUEl1RUxubjBGS3RxMUtlWmNTbUFmWmNpNW1DMNIB3AFBVV95cUxOb2o1eHlnTXdLM3VjSUhXS1ZHY3hPaTRTcWN4SmJzMmFUWTdJWGFTNjA4VDkwZ0lNVlVNT1M0RnBxZEkyTEtnbGM5NE5aTGY5dHplNjBjbURnMnYyR2hyQWFrNXdHeThtbUUxWXFTZTVWQV9MX3JRWEJ6cUN1VkdfZnp0ZWY1TFBYLXFXV0lDZUs2TVJlZUxzTXpmVmI0TmVUaUpacFFLamFBQTN0Y0lIT2RtN1V4bXM0Z2ZlMF8zNEIwOUJWOFo3anRvLTRPQTFpNGhoZXd4MDV0Q2hk?oc=5"" target=""_blank"">AU Small Finance Bank Ltd eases for fifth straight session</a>&nbsp;&nbsp;<font color=""#6f6f6f"">Business Standard</font>",2026-03-04 08:20:14,Business Standard,https://news.google.com/rss/articles/CBMi1wFBVV95cUxONW5fcTMyU3UwVlk0dWxDWDdtWnNTRV80UXl2eEFmRldoTlVwRnZEd0d2Mk1fRFlMWnFQZ0dRb1dhYk8tU2J2TThITVdxUzVkb0pna0hKbWswemh1bmpzUTF6c2RIOHM1VmYxTWRTMXY5RFJfWExLNThySkt5bndGYjBJOHFJWENtTWpvSkhJU19TSlUwWnRMYktYUlY5QktLNHh0MEpNWmZZaW1aMV8xNkZrNi1NZlAzeHVVUEl1RUxubjBGS3RxMUtlWmNTbUFmWmNpNW1DMNIB3AFBVV95cUxOb2o1eHlnTXdLM3VjSUhXS1ZHY3hPaTRTcWN4SmJzMmFUWTdJWGFTNjA4VDkwZ0lNVlVNT1M0RnBxZEkyTEtnbGM5NE5aTGY5dHplNjBjbURnMnYyR2hyQWFrNXdHeThtbUUxWXFTZTVWQV9MX3JRWEJ6cUN1VkdfZnp0ZWY1TFBYLXFXV0lDZUs2TVJlZUxzTXpmVmI0TmVUaUpacFFLamFBQTN0Y0lIT2RtN1V4bXM0Z2ZlMF8zNEIwOUJWOFo3anRvLTRPQTFpNGhoZXd4MDV0Q2hk?oc=5
AUBANK,AU Small Finance Bank Limited,AU Small Finance Bank Executes Significant Block Trade on NSE - scanx.trade,"<a href=""https://news.google.com/rss/articles/CBMivgFBVV95cUxPcjB0ZmlVWnp3TDVJWV9fQnJ0WmlBUWpnMloxVVFiRzk3NVZQZmM2a0ZFOU9nOFI4dzdpdWlDWDE4TnhFUXRPeDVRdnNCQ0k4TXRFNVVYX18tRThVMVJnSU50TU9GN0c5SjB5amIxVlpPNUljdUxaYlB5U0huS3c1QTdaMFJpckVTNVlNSVBMc1JoTE5DTnE0OFRmcTI0UWhsRjVkVTdncHhkSzJGcGRjRmNhS2tDbkpOaC1kR1dR?oc=5"" target=""_blank"">AU Small Finance Bank Executes Significant Block Trade on NSE</a>&nbsp;&nbsp;<font color=""#6f6f6f"">scanx.trade</font>",2025-11-05 08:00:00,scanx.trade,https://news.google.com/rss/articles/CBMivgFBVV95cUxPcjB0ZmlVWnp3TDVJWV9fQnJ0WmlBUWpnMloxVVFiRzk3NVZQZmM2a0ZFOU9nOFI4dzdpdWlDWDE4TnhFUXRPeDVRdnNCQ0k4TXRFNVVYX18tRThVMVJnSU50TU9GN0c5SjB5amIxVlpPNUljdUxaYlB5U0huS3c1QTdaMFJpckVTNVlNSVBMc1JoTE5DTnE0OFRmcTI0UWhsRjVkVTdncHhkSzJGcGRjRmNhS2tDbkpOaC1kR1dR?oc=5
AUBANK,AU Small Finance Bank Limited,"Federal Bank, AU Small Finance Bank stocks jump 8% after Q2 results; Bank Nifty hits record high - Moneycontrol.com","<a href=""https://news.google.com/rss/articles/CBMi7gFBVV95cUxNZk5fNWxxZkRwOHNobUhzNTRmVHdsOVRyNlZaVDZZSmJ3d205VjZRQ0NPVGRWN0ptV051RWJISExKV1RwY3lfX3RuZmtGT2R4OUpuNjZSMFQwdzhLTGY3X04wQ1BmTjA4SHVEUVNOZGFFVWEwdFMyam9WUFI3cjhiNWJlaEVFZWFzWmdfNUJDa0hhU1ROVENzSVNvQ3B6MGtuaFhsS291bUtDMVRFU0FheDRGSW9vTV9xQjRhbnF3ZzlhREc0MV9BbkJyVVBHNEh6YTY0SXNfMWNzSHpWQmdnUHFzUXd4d3B3QmRtWjNR0gHzAUFVX3lxTE9IUHVWMmc2dEJUYXRSc3dwMWllVDk5QWxzQTFHMGpvclV4QWFHOXpVZlhtamc3MXlucWp2aWhOVkdkVFVwNzA1dm1VNmFCTmhZWEdsNUd5MEtwNk9hQkxmaVcwWTJUYjZSbmdVaFhMSHhJai1KQzhwcWpzZ0l4V2phbGM3bFFXS2J1bWp0MjBRSjFvaTVkTnBsZk1UNnM2WTJqZDRPUnlaMV9iUVJzMDlsbTg4Y21lenFHSVZ4NmRxMG9zMWtXUUFwWVVsY2Iwa0llZnFKQmEwMzNQeGNON2tJYWlya2dNRllZZjFaUjVBd1ZSNA?oc=5"" target=""_blank"">Federal Bank, AU Small Finance Bank stocks jump 8% after Q2 results; Bank Nifty hits record high</a>&nbsp;&nbsp;<font color=""#6f6f6f"">Moneycontrol.com</font>",2025-10-20 07:00:00,Moneycontrol.com,https://news.google.com/rss/articles/CBMi7gFBVV95cUxNZk5fNWxxZkRwOHNobUhzNTRmVHdsOVRyNlZaVDZZSmJ3d205VjZRQ0NPVGRWN0ptV051RWJISExKV1RwY3lfX3RuZmtGT2R4OUpuNjZSMFQwdzhLTGY3X04wQ1BmTjA4SHVEUVNOZGFFVWEwdFMyam9WUFI3cjhiNWJlaEVFZWFzWmdfNUJDa0hhU1ROVENzSVNvQ3B6MGtuaFhsS291bUtDMVRFU0FheDRGSW9vTV9xQjRhbnF3ZzlhREc0MV9BbkJyVVBHNEh6YTY0SXNfMWNzSHpWQmdnUHFzUXd4d3B3QmRtWjNR0gHzAUFVX3lxTE9IUHVWMmc2dEJUYXRSc3dwMWllVDk5QWxzQTFHMGpvclV4QWFHOXpVZlhtamc3MXlucWp2aWhOVkdkVFVwNzA1dm1VNmFCTmhZWEdsNUd5MEtwNk9hQkxmaVcwWTJUYjZSbmdVaFhMSHhJai1KQzhwcWpzZ0l4V2phbGM3bFFXS2J1bWp0MjBRSjFvaTVkTnBsZk1UNnM2WTJqZDRPUnlaMV9iUVJzMDlsbTg4Y21lenFHSVZ4NmRxMG9zMWtXUUFwWVVsY2Iwa0llZnFKQmEwMzNQeGNON2tJYWlya2dNRllZZjFaUjVBd1ZSNA?oc=5
AUBANK,AU Small Finance Bank Limited,AU Small Finance Bank Q1 results: Net profit rises 16% YoY to ₹581 crore; NII surges over 6% - Upstox,"<a href=""https://news.google.com/rss/articles/CBMi4wFBVV95cUxPX0Nic194X0REOVloRzBoQlVQS3ZDTm9PWXRyZWNxdklOOUxja3l3T21TNHNOQ1JhU0VoVDBzWXVRUThuTE5Uc3lqWTg2VF90d0h5ZlA0a3luTDZYQ3RoMlowNjB4cW0zek5oNnJrWWJHd2JiMkRrbldDeHZIbFBjVEJ3OEFYV25LeTNjQ25pRjBhdWlFNEdEWEF4UzdJS3VXVzIxZEViMUI2UUdDcGFXNGdtY3VRUjhDY1czbXpPZC15MHZRRGUxa2gwVWJZTS1HazdiS2I1ZU1MMTcyLXk3MlRUYw?oc=5"" target=""_blank"">AU Small Finance Bank Q1 results: Net profit rises 16% YoY to ₹581 crore; NII surges over 6%</a>&nbsp;&nbsp;<font color=""#6f6f6f"">Upstox</font>",2025-07-20 07:00:00,Upstox,https://news.google.com/rss/articles/CBMi4wFBVV95cUxPX0Nic194X0REOVloRzBoQlVQS3ZDTm9PWXRyZWNxdklOOUxja3l3T21TNHNOQ1JhU0VoVDBzWXVRUThuTE5Uc3lqWTg2VF90d0h5ZlA0a3luTDZYQ3RoMlowNjB4cW0zek5oNnJrWWJHd2JiMkRrbldDeHZIbFBjVEJ3OEFYV25LeTNjQ25pRjBhdWlFNEdEWEF4UzdJS3VXVzIxZEViMUI2UUdDcGFXNGdtY3VRUjhDY1czbXpPZC15MHZRRGUxa2gwVWJZTS1HazdiS2I1ZU1MMTcyLXk3MlRUYw?oc=5
AUBANK,AU Small Finance Bank Limited,"From IndiGo, AU Small Finance Bank, Swiggy to Adani Enterprises – Here are 10 stocks to watch - The Financial Express","<a href=""https://news.google.com/rss/articles/CBMi3gJBVV95cUxNdEhnSlJvVWhzSV9PT2FKRUp2UmZnclNnNzRTaWFwVW0tdzVneWs1bTZnYS1jXzVCUmIyS1R1cGdRaW51ZXRLUW5nQ1dSTHlNMWJkM3BHbXNHR0tudXdncS0yQkhJNnR1dWZodm5wVnVtZmU1aHhJWkY1OEFkQm1rUm9rbGZoRmhBb0hWNWdYczdNcWxSZ09wUUduSThfY1Fva3dfQzlHU09BcE9aSGZfQnFWd0hQMWU4UzZpTURROHVJRVFSQUM1djBfb05xbUM4clFoRGhWWEZyUUdtM1B6WXlxOF84a1Bub19WVmg2T0h4R1YxNUNYczBWT2xNSzJVSFc4YldFZ3cydGxjbFJqQ0pZc3B2cjY1Y3YxUnJBMk1kQXA1UVhkby1vZzg4d0RlRjh4QWNXMjlsOFNRVnYwU2ZGQTBJSG1sLV9nRVRsQ2FrX3JrWHdfclFhaFJhQdIB5AJBVV95cUxOekREdkh1NnZiNUY5RThTLTJxRkZaWFFaLUFzVzZVZUplNUJIOGJUZTZQS1hKLXNfV3pTREdMTFBfeFl5Y29uR29ERzNMb0FRNlg0bjdXMmhnSGpKNVVmRmNDa0M5N0xrSG81UDRKcHN4WVgtQUpqc3E3N1NtVW56bU5GYndhT3ZmSE1aUEh0T3NUcllIV2JfSUdYcmxScTd4VW45WEE5MHljVVVuWDZSRTRTWlNyQUdxRFVwdmZUR0hzUGVHYk5OMnFzRDg1RE81eW9makVLV0JYZWF0TzQzYW1MUENkY0R4UkNSd3ZCQmZjcWphSmhzdXU1YjVxbVhwaFlmVDU1VDFPSkR5ZDZkN2l3TEpXbGdpbDlNZlFZdkJIY2tsem1ERTJnaVM5d3lmTGh4RnJtN3RZMGt4ZXZ3ZU4yMmUwTGpHbm1haDNKR2x0Z3I3Q3pzQi1VMzVIRGJjTWVPSg?oc=5"" target=""_blank"">From IndiGo, AU Small Finance Bank, Swiggy to Adani Enterprises – Here are 10 stocks to watch</a>&nbsp;&nbsp;<font color=""#6f6f6f"">The Financial Express</font>",2025-12-10 08:00:00,The Financial Express,https://news.google.com/rss/articles/CBMi3gJBVV95cUxNdEhnSlJvVWhzSV9PT2FKRUp2UmZnclNnNzRTaWFwVW0tdzVneWs1bTZnYS1jXzVCUmIyS1R1cGdRaW51ZXRLUW5nQ1dSTHlNMWJkM3BHbXNHR0tudXdncS0yQkhJNnR1dWZodm5wVnVtZmU1aHhJWkY1OEFkQm1rUm9rbGZoRmhBb0hWNWdYczdNcWxSZ09wUUduSThfY1Fva3dfQzlHU09BcE9aSGZfQnFWd0hQMWU4UzZpTURROHVJRVFSQUM1djBfb05xbUM4clFoRGhWWEZyUUdtM1B6WXlxOF84a1Bub19WVmg2T0h4R1YxNUNYczBWT2xNSzJVSFc4YldFZ3cydGxjbFJqQ0pZc3B2cjY1Y3YxUnJBMk1kQXA1UVhkby1vZzg4d0RlRjh4QWNXMjlsOFNRVnYwU2ZGQTBJSG1sLV9nRVRsQ2FrX3JrWHdfclFhaFJhQdIB5AJBVV95cUxOekREdkh1NnZiNUY5RThTLTJxRkZaWFFaLUFzVzZVZUplNUJIOGJUZTZQS1hKLXNfV3pTREdMTFBfeFl5Y29uR29ERzNMb0FRNlg0bjdXMmhnSGpKNVVmRmNDa0M5N0xrSG81UDRKcHN4WVgtQUpqc3E3N1NtVW56bU5GYndhT3ZmSE1aUEh0T3NUcllIV2JfSUdYcmxScTd4VW45WEE5MHljVVVuWDZSRTRTWlNyQUdxRFVwdmZUR0hzUGVHYk5OMnFzRDg1RE81eW9makVLV0JYZWF0TzQzYW1MUENkY0R4UkNSd3ZCQmZjcWphSmhzdXU1YjVxbVhwaFlmVDU1VDFPSkR5ZDZkN2l3TEpXbGdpbDlNZlFZdkJIY2tsem1ERTJnaVM5d3lmTGh4RnJtN3RZMGt4ZXZ3ZU4yMmUwTGpHbm1haDNKR2x0Z3I3Q3pzQi1VMzVIRGJjTWVPSg?oc=5
AUBANK,AU Small Finance Bank Limited,AU Small Finance Bank Records ₹90.55 Crore Block Trade on NSE - scanx.trade,"<a href=""https://news.google.com/rss/articles/CBMivAFBVV95cUxNTG5CX0dCbFptQ245d2lKUDloWHpqazlwYzhoSkYtSVF1YW9LN2lwQmJrU2w0dDU4WTlNYm5Vb0x6VE1HbmxsSFNuNjlFR1E0Tnc4Z1dNdEFYQ0dVTTM4UDVybzRPZE1pR3hReUVNWnZIcE1TdXkybDZuMHlZSENsc3I0VC0zNWJKLUpoRVRUaUU3WlZhdjBCTkw2bFdiQnhPSGlORGpyLVhHaDFUY3JrX29jS0s5aTQwTllIUA?oc=5"" target=""_blank"">AU Small Finance Bank Records ₹90.55 Crore Block Trade on NSE</a>&nbsp;&nbsp;<font color=""#6f6f6f"">scanx.trade</font>",2026-01-15 08:00:00,scanx.trade,https://news.google.com/rss/articles/CBMivAFBVV95cUxNTG5CX0dCbFptQ245d2lKUDloWHpqazlwYzhoSkYtSVF1YW9LN2lwQmJrU2w0dDU4WTlNYm5Vb0x6VE1HbmxsSFNuNjlFR1E0Tnc4Z1dNdEFYQ0dVTTM4UDVybzRPZE1pR3hReUVNWnZIcE1TdXkybDZuMHlZSENsc3I0VC0zNWJKLUpoRVRUaUU3WlZhdjBCTkw2bFdiQnhPSGlORGpyLVhHaDFUY3JrX29jS0s5aTQwTllIUA?oc=5
AUBANK,AU Small Finance Bank Limited,"AU Small Finance Bank stock up 94% in 8 mths; should you buy, hold or sell? - Business Standard","<a href=""https://news.google.com/rss/articles/CBMi1AFBVV95cUxOSmwxVGFlejRMLVYyM0IyZmtSenRrQUdKRjZDc0wtcXlXd0FNRmx4a0JpS3A5N1c2dmlfLXpRUkEyUDZ5VlNzSlZUMVZGRVhoUHY3SDhjZ1cyWmZIaGtzSmlBRTdVSFFadU9DZjRtTkRIRFVZTDgzTFAwQWRIUzlRcDgxY3FQT0daU1k4dG9SNWV0ZHFkbVFwMWJrUzhteVN0MDBJNGNFa1JhZHowQVdqVWhWeDRkWjJTSFBNX2tmdnVIUV9SeE90MjVsUmVWZ3NQc3otONIB2gFBVV95cUxQSDVaeE1aa3VwWGpEM2dfc3hjbW1aSEItODZvSEZoUi1EalJ1RE5iUzlTRjhBTzRneWpzTzg0WWV2Tnl2eXNYMmJ0WjY0VkUyTHVKbTg0RzlIdjJnVmUxLW52eVc4MDhSalQ0YXR5STVGdUpwUmxnRlJrR1d6aHZSb2tRd1hOQ0NMSldoZ2xiLWRCNkRwYXA4MFJ6UUtEYXVGZHV4SkMzY05BdU0waC1WYVdaLUI1MzJGS0REenJtUXhSY0VWem9laFVWQVVLNzE5X2hIRC1LRzM3UQ?oc=5"" target=""_blank"">AU Small Finance Bank stock up 94% in 8 mths; should you buy, hold or sell?</a>&nbsp;&nbsp;<font color=""#6f6f6f"">Business Standard</font>",2025-11-18 08:00:00,Business Standard,https://news.google.com/rss/articles/CBMi1AFBVV95cUxOSmwxVGFlejRMLVYyM0IyZmtSenRrQUdKRjZDc0wtcXlXd0FNRmx4a0JpS3A5N1c2dmlfLXpRUkEyUDZ5VlNzSlZUMVZGRVhoUHY3SDhjZ1cyWmZIaGtzSmlBRTdVSFFadU9DZjRtTkRIRFVZTDgzTFAwQWRIUzlRcDgxY3FQT0daU1k4dG9SNWV0ZHFkbVFwMWJrUzhteVN0MDBJNGNFa1JhZHowQVdqVWhWeDRkWjJTSFBNX2tmdnVIUV9SeE90MjVsUmVWZ3NQc3otONIB2gFBVV95cUxQSDVaeE1aa3VwWGpEM2dfc3hjbW1aSEItODZvSEZoUi1EalJ1RE5iUzlTRjhBTzRneWpzTzg0WWV2Tnl2eXNYMmJ0WjY0VkUyTHVKbTg0RzlIdjJnVmUxLW52eVc4MDhSalQ0YXR5STVGdUpwUmxnRlJrR1d6aHZSb2tRd1hOQ0NMSldoZ2xiLWRCNkRwYXA4MFJ6UUtEYXVGZHV4SkMzY05BdU0waC1WYVdaLUI1MzJGS0REenJtUXhSY0VWem9laFVWQVVLNzE5X2hIRC1LRzM3UQ?oc=5
AUBANK,AU Small Finance Bank Limited,AU Small Finance Bank Records ₹116.27 Crore Block Trade on NSE - scanx.trade,"<a href=""https://news.google.com/rss/articles/CBMivgFBVV95cUxPd3RMUURQVVY2ZUtSaEx5UFpGSGRaMW1CS0c3QkxVZzVrbzByMWhJMUlMWDJGRmhsUTRCcms1Q3MtRDU2VkdFS2JMVkVFMWY5a1NfYnRqdzBEcVFEYWQtVTBDUkFzNnZqeDVvN1RfTEZQLTdUVXdUM0ItNGtrUWh1M3BCOEQ4RFpXU25YOGlwVEoyNHc1cEJDSDFoc2k0c3Znb1hRRXNxelpvOUs5ZjZwajdjQnNMM21RNVlUVW53?oc=5"" target=""_blank"">AU Small Finance Bank Records ₹116.27 Crore Block Trade on NSE</a>&nbsp;&nbsp;<font color=""#6f6f6f"">scanx.trade</font>",2026-01-22 08:00:00,scanx.trade,https://news.google.com/rss/articles/CBMivgFBVV95cUxPd3RMUURQVVY2ZUtSaEx5UFpGSGRaMW1CS0c3QkxVZzVrbzByMWhJMUlMWDJGRmhsUTRCcms1Q3MtRDU2VkdFS2JMVkVFMWY5a1NfYnRqdzBEcVFEYWQtVTBDUkFzNnZqeDVvN1RfTEZQLTdUVXdUM0ItNGtrUWh1M3BCOEQ4RFpXU25YOGlwVEoyNHc1cEJDSDFoc2k0c3Znb1hRRXNxelpvOUs5ZjZwajdjQnNMM21RNVlUVW53?oc=5
AUBANK,AU Small Finance Bank Limited,AU Small Finance Bank Ltd rises for third consecutive session - Business Standard,"<a href=""https://news.google.com/rss/articles/CBMi2wFBVV95cUxNTUVTQjBXV0RXUHBrQUdLcjFxdnd6Z0hHbUdOUE1fdWRfZFBYTndReWtnT0N4bURnZHpudlVNM05RbFAwQll4TzNjR290cWZXeFF2UjBJYWF3VldiRVVkSC0yR2twYXNHUFRMdVNlemc5UmJrYThGb1BSR0NyamVoT0hKWnV4VFhrSkNSSG11SldoSGVNOFJ5c2NROXZHY0RGeVBsYmtFbjV5OVMxMzREMDFMZ1B3eHhLbVpZdE1nWW5xQi1FZHlYcThVUVo1RmFYeWxEMk5qTUVCVTjSAeABQVVfeXFMTzZxZk1BZzFqU0wwWGVLSWx0ZVRMcXQ5bjlqaHg4YkUtNDVYdVFuZ2YzSzN3YUtxNzNTeVNmbVlSWUVabFlpMjZtTXluZ1lOTHZMQ0lfVGRNOUlnY096alozdFpJR2wtNEl0bE50ZmdOZGZjYWNxUWhuaVdrZkVjMkFrMUttcklRc0tra21LN1lJR0FRWHBNTXlPeFBqWlNKZmdkMDVEYzd3Y2hVcjIxSnh2Y09IdVVYLWo1Qi1oUkZha01XQW1MNkJuTGdJU01KRV9OZmFiRlFIYzQzbWRVS0I?oc=5"" target=""_blank"">AU Small Finance Bank Ltd rises for third consecutive session</a>&nbsp;&nbsp;<font color=""#6f6f6f"">Business Standard</font>",2025-11-17 08:00:00,Business Standard,https://news.google.com/rss/articles/CBMi2wFBVV95cUxNTUVTQjBXV0RXUHBrQUdLcjFxdnd6Z0hHbUdOUE1fdWRfZFBYTndReWtnT0N4bURnZHpudlVNM05RbFAwQll4TzNjR290cWZXeFF2UjBJYWF3VldiRVVkSC0yR2twYXNHUFRMdVNlemc5UmJrYThGb1BSR0NyamVoT0hKWnV4VFhrSkNSSG11SldoSGVNOFJ5c2NROXZHY0RGeVBsYmtFbjV5OVMxMzREMDFMZ1B3eHhLbVpZdE1nWW5xQi1FZHlYcThVUVo1RmFYeWxEMk5qTUVCVTjSAeABQVVfeXFMTzZxZk1BZzFqU0wwWGVLSWx0ZVRMcXQ5bjlqaHg4YkUtNDVYdVFuZ2YzSzN3YUtxNzNTeVNmbVlSWUVabFlpMjZtTXluZ1lOTHZMQ0lfVGRNOUlnY096alozdFpJR2wtNEl0bE50ZmdOZGZjYWNxUWhuaVdrZkVjMkFrMUttcklRc0tra21LN1lJR0FRWHBNTXlPeFBqWlNKZmdkMDVEYzd3Y2hVcjIxSnh2Y09IdVVYLWo1Qi1oUkZha01XQW1MNkJuTGdJU01KRV9OZmFiRlFIYzQzbWRVS0I?oc=5
AUBANK,AU Small Finance Bank Limited,"AU Small Finance Bank shares tumble 2% as Kotak flags lofty valuations, downgrades to 'sell' - Moneycontrol.com","<a href=""https://news.google.com/rss/articles/CBMi6AFBVV95cUxPUTFGOWdoMFF0MzhkVXBWNmdjVzZmOXM3dF9jSDZuN0pvdDB5UGV1RWVGeWVaYTlfUVlTR3ZCNFBmYXQ5YVBqZzlFSmFuUFpIam82Ni1HQ1M4RjhTcDBRdW5rMVNlZl9yVEVnWmlaMVpkWmxIcThPTnhIWXE4Z2t6RzZBWU9fVE1DV2FPal91SFJvYl9jZkhBMTFpaWhMd1Vmb3lCZlNPRzdIb3hUVFFjYzJzcnNVSEhONEo0Z0tpeEk2UFI2aF9qZFBOc3FGX3JnRW4wTDFKNzFpT3dTM2VoSUZsVDltaTl60gHuAUFVX3lxTE1vNlQzZ2lJbllBcGNHRHFGQ0EwQ2Rwb3JEUnE4cXdscVh1bGtyR1o5OFM0SDltNTdBRk9ueWM2SlMwTGMwZTUwY2l4b0ktTXlKOGhDVnhFUWNZV0xDT2tiRHdpSVpmR1lnMm4wQ1pOTkRTVHpHSXhZLWRSbVlrU3lZUmRqOEl0VlNsLW5FNmdfWDhWN3pVOXcxTmJKSHliV0NkcFllNTYzQmJaZGUwZmpHZVBWNV9jX0RTbUNqOFZPc0VZYnlCLVRnQ19vWGFNREpqMVNGQklQYTljNGg3TWprczdyYkQ5UjB5VEdsd3c?oc=5"" target=""_blank"">AU Small Finance Bank shares tumble 2% as Kotak flags lofty valuations, downgrades to 'sell'</a>&nbsp;&nbsp;<font color=""#6f6f6f"">Moneycontrol.com</font>",2025-07-14 07:00:00,Moneycontrol.com,https://news.google.com/rss/articles/CBMi6AFBVV95cUxPUTFGOWdoMFF0MzhkVXBWNmdjVzZmOXM3dF9jSDZuN0pvdDB5UGV1RWVGeWVaYTlfUVlTR3ZCNFBmYXQ5YVBqZzlFSmFuUFpIam82Ni1HQ1M4RjhTcDBRdW5rMVNlZl9yVEVnWmlaMVpkWmxIcThPTnhIWXE4Z2t6RzZBWU9fVE1DV2FPal91SFJvYl9jZkhBMTFpaWhMd1Vmb3lCZlNPRzdIb3hUVFFjYzJzcnNVSEhONEo0Z0tpeEk2UFI2aF9qZFBOc3FGX3JnRW4wTDFKNzFpT3dTM2VoSUZsVDltaTl60gHuAUFVX3lxTE1vNlQzZ2lJbllBcGNHRHFGQ0EwQ2Rwb3JEUnE4cXdscVh1bGtyR1o5OFM0SDltNTdBRk9ueWM2SlMwTGMwZTUwY2l4b0ktTXlKOGhDVnhFUWNZV0xDT2tiRHdpSVpmR1lnMm4wQ1pOTkRTVHpHSXhZLWRSbVlrU3lZUmRqOEl0VlNsLW5FNmdfWDhWN3pVOXcxTmJKSHliV0NkcFllNTYzQmJaZGUwZmpHZVBWNV9jX0RTbUNqOFZPc0VZYnlCLVRnQ19vWGFNREpqMVNGQklQYTljNGg3TWprczdyYkQ5UjB5VEdsd3c?oc=5
AUBANK,AU Small Finance Bank Limited,AU Small Finance Bank Issues Official Press Release on Haryana De-Empanelment - scanx.trade,"<a href=""https://news.google.com/rss/articles/CBMi0gFBVV95cUxNblZQZkliYmdVMlg2OUFlT3p5aTY1WUtFU2U5eXk0UGRVSUxkQ2tWTFU2VDU2VVlJdnR0eWZSVW1SMnEwVElHdFZJdmJWazhNTFBmU3BpUjBteFo0ZFI2M3ZueGJrbWREV29RM1dyQkFVTGtNdnF5OWN6bVd3QTJHT2FtbWFtNzBlNmJlRUF6ZWl6SHBBQUk2RURmWF9vLUlFeGxmUmxrU0NtSUdFRThfZHpWVzY5ZjdvMFZ5c0hzZjduSDd4TWYzRUQ0OVlyTjVSY3c?oc=5"" target=""_blank"">AU Small Finance Bank Issues Official Press Release on Haryana De-Empanelment</a>&nbsp;&nbsp;<font color=""#6f6f6f"">scanx.trade</font>",2026-02-22 08:00:00,scanx.trade,https://news.google.com/rss/articles/CBMi0gFBVV95cUxNblZQZkliYmdVMlg2OUFlT3p5aTY1WUtFU2U5eXk0UGRVSUxkQ2tWTFU2VDU2VVlJdnR0eWZSVW1SMnEwVElHdFZJdmJWazhNTFBmU3BpUjBteFo0ZFI2M3ZueGJrbWREV29RM1dyQkFVTGtNdnF5OWN6bVd3QTJHT2FtbWFtNzBlNmJlRUF6ZWl6SHBBQUk2RURmWF9vLUlFeGxmUmxrU0NtSUdFRThfZHpWVzY5ZjdvMFZ5c0hzZjduSDd4TWYzRUQ0OVlyTjVSY3c?oc=5
AUBANK,AU Small Finance Bank Limited,AU Small Finance Bank Receives RBI Approval for Sanjay Agarwal's Reappointment as MD & CEO - scanx.trade,"<a href=""https://news.google.com/rss/articles/CBMi2gFBVV95cUxPLUotcmlJU2FYOVVnUnpDU2l5NGV5SmJzUG85VS1nLW01V2FHTXh6NVhsZFZwV3lZUUZzVTRDMVpBbThKSXYxYllQVWRSTjg5QmFwN3RqQm5rTFpiTF94Ry1jczJTU0xkRzhyTWtVbHF0UHhHdVN0WTlVdS1hRUJnWUNmd3lqTnNsQjR5M1JUUE5hZ3NoUFItVG9fZDBLNlZ6Njh0cllPR3h6eXBFdzYyTXBtN0padWh2Nlp2cUNZb1djT0RHYnhQQWRfU3R2bWZVM05Xc29qZmt2QQ?oc=5"" target=""_blank"">AU Small Finance Bank Receives RBI Approval for Sanjay Agarwal's Reappointment as MD & CEO</a>&nbsp;&nbsp;<font color=""#6f6f6f"">scanx.trade</font>",2026-02-12 08:00:00,scanx.trade,https://news.google.com/rss/articles/CBMi2gFBVV95cUxPLUotcmlJU2FYOVVnUnpDU2l5NGV5SmJzUG85VS1nLW01V2FHTXh6NVhsZFZwV3lZUUZzVTRDMVpBbThKSXYxYllQVWRSTjg5QmFwN3RqQm5rTFpiTF94Ry1jczJTU0xkRzhyTWtVbHF0UHhHdVN0WTlVdS1hRUJnWUNmd3lqTnNsQjR5M1JUUE5hZ3NoUFItVG9fZDBLNlZ6Njh0cllPR3h6eXBFdzYyTXBtN0padWh2Nlp2cUNZb1djT0RHYnhQQWRfU3R2bWZVM05Xc29qZmt2QQ?oc=5
AUBANK,AU Small Finance Bank Limited,AU Small Finance Bank Executes Rs. 71.09 Crore Block Trade on NSE - scanx.trade,"<a href=""https://news.google.com/rss/articles/CBMiwgFBVV95cUxNNDVYN0JXM2dlR0pvZ2pEcjU2cmhXTjQ2OXY0WGNZVjRtRkJfWHEzUmZFam44b0FSOEZXSzdHbHdaUUtlY3kyZElnT3Jmc2xPWTFRVlpIcEVfY1pzOUF0UV9FMlF4TEJvbDdtNVNldzV6clF0S082SjRpa3JGWER1VXliQXlER2RxbWxPUlJSdXhRYWdhYkJDbTEtM0o1S2FQWEt5aWQ0SkJXVEpfRmV2emljbGo1eFFIRko5ZDA5Q2Q4UQ?oc=5"" target=""_blank"">AU Small Finance Bank Executes Rs. 71.09 Crore Block Trade on NSE</a>&nbsp;&nbsp;<font color=""#6f6f6f"">scanx.trade</font>",2025-09-10 07:00:00,scanx.trade,https://news.google.com/rss/articles/CBMiwgFBVV95cUxNNDVYN0JXM2dlR0pvZ2pEcjU2cmhXTjQ2OXY0WGNZVjRtRkJfWHEzUmZFam44b0FSOEZXSzdHbHdaUUtlY3kyZElnT3Jmc2xPWTFRVlpIcEVfY1pzOUF0UV9FMlF4TEJvbDdtNVNldzV6clF0S082SjRpa3JGWER1VXliQXlER2RxbWxPUlJSdXhRYWdhYkJDbTEtM0o1S2FQWEt5aWQ0SkJXVEpfRmV2emljbGo1eFFIRko5ZDA5Q2Q4UQ?oc=5
AUBANK,AU Small Finance Bank Limited,"AU Small Finance Bank Ltd soars 1.23%, Gains for third straight session - Business Standard","<a href=""https://news.google.com/rss/articles/CBMi5gFBVV95cUxPNWY0VlJQV0xVR3ZwWm1RZHd6TURDbVdqYmVOSWUxZm56R2dxb18tblQ2bEdhaW9OeUZwYXdkcnZwazU0UGZrYm8xd2tHNFEyLWtHYVZZd1lGVWJrTVZxYnF1VXVNeWpBMFBpRVpEaGJlYTQya0F2enZrS212ZGt3S1YtMnhVYXR2aEVQdlZwQlJtTzFoVUZwY05RdlBwRmZocmFuWkN2a29pc18zQjI0Wjk5WGlTcDMxTm5rUzFuSjNBRTlpWGFqeVdmSXVMdmxlbnByd2FBLV9oT0JDRFpEbUJ2X2hPUdIB6wFBVV95cUxOTDhnTWhMdWJ2cFBqTEFaSmlXbTNGX0RKUS1YcC1oSUFHb2lvdWNTMW1QNGY5SUxMRTk0MnVmVHRwTGdRak9tQVp3a3NwejdwSVlVZDdlN2RxMDFuLTV1dGtvRXJZMzM3NlVsaVZmQ05NVkhGa2Q3M3pydkpIeFdCLXRpVTdjZjNzTHVydHo3ZUl4YVp5QjhETW9tZ19xbS1MVmRmZW1qZFdkTmxfTEJ2VDl3WnhWYU1VcF9zVG9VQVJoZEs4el9GSWp4ckR0TTRMZ1FGWjhiWHo4ZTM1NTU0RXVzYzNFb3ZjT21F?oc=5"" target=""_blank"">AU Small Finance Bank Ltd soars 1.23%, Gains for third straight session</a>&nbsp;&nbsp;<font color=""#6f6f6f"">Business Standard</font>",2025-12-30 08:00:00,Business Standard,https://news.google.com/rss/articles/CBMi5gFBVV95cUxPNWY0VlJQV0xVR3ZwWm1RZHd6TURDbVdqYmVOSWUxZm56R2dxb18tblQ2bEdhaW9OeUZwYXdkcnZwazU0UGZrYm8xd2tHNFEyLWtHYVZZd1lGVWJrTVZxYnF1VXVNeWpBMFBpRVpEaGJlYTQya0F2enZrS212ZGt3S1YtMnhVYXR2aEVQdlZwQlJtTzFoVUZwY05RdlBwRmZocmFuWkN2a29pc18zQjI0Wjk5WGlTcDMxTm5rUzFuSjNBRTlpWGFqeVdmSXVMdmxlbnByd2FBLV9oT0JDRFpEbUJ2X2hPUdIB6wFBVV95cUxOTDhnTWhMdWJ2cFBqTEFaSmlXbTNGX0RKUS1YcC1oSUFHb2lvdWNTMW1QNGY5SUxMRTk0MnVmVHRwTGdRak9tQVp3a3NwejdwSVlVZDdlN2RxMDFuLTV1dGtvRXJZMzM3NlVsaVZmQ05NVkhGa2Q3M3pydkpIeFdCLXRpVTdjZjNzTHVydHo3ZUl4YVp5QjhETW9tZ19xbS1MVmRmZW1qZFdkTmxfTEJ2VDl3WnhWYU1VcF9zVG9VQVJoZEs4el9GSWp4ckR0TTRMZ1FGWjhiWHo4ZTM1NTU0RXVzYzNFb3ZjT21F?oc=5
AUBANK,AU Small Finance Bank Limited,AU Small Finance Bank's Joint Statutory Auditor Converts to LLP Structure - scanx.trade,"<a href=""https://news.google.com/rss/articles/CBMixgFBVV95cUxNdGRwQUliQWJ5YWlsczEtZ3RFMlp0TFJXMHQ5QTJOS1M1bFlkejctc0FTTkVLVEl0V0dYN2pYMTdzS2FWaVd6WGM1c3pZWTIxRTZ0U05sU3RIMG9jdWhqLTFacjZGb1ZfTG9LWS1RdTN4eHR0OHZpSTdyNHVqMzIzMUNJOUJWb0FTYmdYdmRYb0RVRVhmT0JXR0NhdXpWelJUSk5yWTQ4cVU4X201WkUxLWMtWW0xUXpRYkhWSHlTOURycUhIemc?oc=5"" target=""_blank"">AU Small Finance Bank's Joint Statutory Auditor Converts to LLP Structure</a>&nbsp;&nbsp;<font color=""#6f6f6f"">scanx.trade</font>",2026-01-16 08:00:00,scanx.trade,https://news.google.com/rss/articles/CBMixgFBVV95cUxNdGRwQUliQWJ5YWlsczEtZ3RFMlp0TFJXMHQ5QTJOS1M1bFlkejctc0FTTkVLVEl0V0dYN2pYMTdzS2FWaVd6WGM1c3pZWTIxRTZ0U05sU3RIMG9jdWhqLTFacjZGb1ZfTG9LWS1RdTN4eHR0OHZpSTdyNHVqMzIzMUNJOUJWb0FTYmdYdmRYb0RVRVhmT0JXR0NhdXpWelJUSk5yWTQ4cVU4X201WkUxLWMtWW0xUXpRYkhWSHlTOURycUhIemc?oc=5
AUBANK,AU Small Finance Bank Limited,AU Small Finance Bank enters into strategic corporate agency partnership with SBI Life Insurance - Upstox,"<a href=""https://news.google.com/rss/articles/CBMi6wFBVV95cUxNaTBiVlhydjNRU3RWTFNLaXlTT1hHNlZOQTRzejZoSm1QX0QtSGRYNExtWlpUMGpiQjNEaXJ6X1FPem85QTZuQVpGUVdGRkszZ3NBSVNrRXFTdDlEN2RVcTVackVTYXdoZHZiOUYyWm5fNGlHSk5qY1pkdHRiRml6RzZ2YVF3OWVvQlEwOVhicTBlNGdwVTRSUEFoLWQzOEM4bmY2TTBKSUxZWU5HVDdKdnpPaWJKQVlwYkdMeXFLbmdGY3pQenVMZ2dxeThlSjRqa21uSktvbmhHTWZfdzFOUUplcFYxZ21OeHRN?oc=5"" target=""_blank"">AU Small Finance Bank enters into strategic corporate agency partnership with SBI Life Insurance</a>&nbsp;&nbsp;<font color=""#6f6f6f"">Upstox</font>",2025-08-04 07:00:00,Upstox,https://news.google.com/rss/articles/CBMi6wFBVV95cUxNaTBiVlhydjNRU3RWTFNLaXlTT1hHNlZOQTRzejZoSm1QX0QtSGRYNExtWlpUMGpiQjNEaXJ6X1FPem85QTZuQVpGUVdGRkszZ3NBSVNrRXFTdDlEN2RVcTVackVTYXdoZHZiOUYyWm5fNGlHSk5qY1pkdHRiRml6RzZ2YVF3OWVvQlEwOVhicTBlNGdwVTRSUEFoLWQzOEM4bmY2TTBKSUxZWU5HVDdKdnpPaWJKQVlwYkdMeXFLbmdGY3pQenVMZ2dxeThlSjRqa21uSktvbmhHTWZfdzFOUUplcFYxZ21OeHRN?oc=5
AUBANK,AU Small Finance Bank Limited,AU Small Finance Bank Shares Surge 7% on RBI Approval - Equitypandit,"<a href=""https://news.google.com/rss/articles/CBMiigFBVV95cUxNOFE1cm4xZEFkOFhHN0o1TnJhcUhoZ042VHlrb1ozbG5XSVhPM2FyNFh2Z2NjLVRDakhzSHprdklVeEt0c3UtbXhsS3NOeEVvWTFYd1RMeTMyenhXMmd4dnlVZzczNU5MeWo5Z2VHN09CUE5qX0lhTEVHZm9NVWZoV3BfaXZBdlhib3c?oc=5"" target=""_blank"">AU Small Finance Bank Shares Surge 7% on RBI Approval</a>&nbsp;&nbsp;<font color=""#6f6f6f"">Equitypandit</font>",2025-08-08 07:00:00,Equitypandit,https://news.google.com/rss/articles/CBMiigFBVV95cUxNOFE1cm4xZEFkOFhHN0o1TnJhcUhoZ042VHlrb1ozbG5XSVhPM2FyNFh2Z2NjLVRDakhzSHprdklVeEt0c3UtbXhsS3NOeEVvWTFYd1RMeTMyenhXMmd4dnlVZzczNU5MeWo5Z2VHN09CUE5qX0lhTEVHZm9NVWZoV3BfaXZBdlhib3c?oc=5
AUBANK,AU Small Finance Bank Limited,"AU Small Finance Bank Ltd spurts 0.23%, rises for fifth straight session - Business Standard","<a href=""https://news.google.com/rss/articles/CBMi5wFBVV95cUxNNkZtRWFSMGJsOFZST0tsOTQ4TlNDTnBGRlVVc3p4dTlhd0NCZzJ5NGV1aXUyLU83MjZYZkhPaXBKY1ROUFNtQ3FmbmVyc0VRT0ZzaFEwenpoU3Zrb1c2V3ZGZUJES2g0ZzhkVFNRcFBjUHMxRmtvWkJLZTFMT2N6Nm1SUDY5NWlsV2RsNEx6Um51eG50azJTX1ZXUXN2NjY0ak1yOTVBWTJyTC1Kc1l0YVFWYkI1QXI1NC1NWU52dUxNa1F3WkRIWG5ZdnB4MUhOTXJhaGJya3N4U0J1VnE5T3loT3Jva1nSAewBQVVfeXFMT0dUdzRYQUppTnY2OTlwek5aSF82LWgwazRoUlU0ZzdCV3l4V3ZWLVJoQ0VRNC1FMmpadThSaGdLRHprdlRnUnhHdzNvWGxRZ3RPbnkwTER0TUdpTV9Md1c0LUZWZXVqUTh5Zjc5VnFVTmFld1JxYmZIZHB1YTFMQUdBTlMzcWFpako4NHUya01vSURGRWhOeVJJdGdiOXltZmJONGlGWGYwUlpycXRFSzQtQVNHYTlNRXdEeHliS1loQjFBOFBGc3RWZklLdWZ3WEVVbDhMc3JkSXlvYlozbHZQM0NhSjJwQzZJdnQ?oc=5"" target=""_blank"">AU Small Finance Bank Ltd spurts 0.23%, rises for fifth straight session</a>&nbsp;&nbsp;<font color=""#6f6f6f"">Business Standard</font>",2025-10-16 07:00:00,Business Standard,https://news.google.com/rss/articles/CBMi5wFBVV95cUxNNkZtRWFSMGJsOFZST0tsOTQ4TlNDTnBGRlVVc3p4dTlhd0NCZzJ5NGV1aXUyLU83MjZYZkhPaXBKY1ROUFNtQ3FmbmVyc0VRT0ZzaFEwenpoU3Zrb1c2V3ZGZUJES2g0ZzhkVFNRcFBjUHMxRmtvWkJLZTFMT2N6Nm1SUDY5NWlsV2RsNEx6Um51eG50azJTX1ZXUXN2NjY0ak1yOTVBWTJyTC1Kc1l0YVFWYkI1QXI1NC1NWU52dUxNa1F3WkRIWG5ZdnB4MUhOTXJhaGJya3N4U0J1VnE5T3loT3Jva1nSAewBQVVfeXFMT0dUdzRYQUppTnY2OTlwek5aSF82LWgwazRoUlU0ZzdCV3l4V3ZWLVJoQ0VRNC1FMmpadThSaGdLRHprdlRnUnhHdzNvWGxRZ3RPbnkwTER0TUdpTV9Md1c0LUZWZXVqUTh5Zjc5VnFVTmFld1JxYmZIZHB1YTFMQUdBTlMzcWFpako4NHUya01vSURGRWhOeVJJdGdiOXltZmJONGlGWGYwUlpycXRFSzQtQVNHYTlNRXdEeHliS1loQjFBOFBGc3RWZklLdWZ3WEVVbDhMc3JkSXlvYlozbHZQM0NhSjJwQzZJdnQ?oc=5
AUBANK,AU Small Finance Bank Limited,"Bank Nifty gains over 1% from day’s low as ICICI Bank, AU Small Finance stocks lead rebound - Moneycontrol.com","<a href=""https://news.google.com/rss/articles/CBMi-AFBVV95cUxOR2RlTVFoSEl5ZVJSM29ZN3NlVnJwY3hmeXJLUzVCR2RVMnBZcG5KOWp6QUJFOGx6Sjd1ZldTclJKTHd6bG1MTlRudk0xTzFKd1FUa0xXUm5FTXpVUmpzZkFrSVhSUE5oMFpwRkF0WXljd0lvVE1BTy1nSXZtN09PQndPcVM4MklWT0hNcVBGTTJkajVDQXBjcUg1TlV2c2Q2OHMwckhUVzQzSU1LUmxaWWdZQlZSNk55UUxsZTBBRUQxczMwR0hEdHJjZmZFbm1XVXBORmprY2M2MG1ycVZRWENxbVozSDBrOFNmRzZYcnE2M2hXb1N1ZNIB_gFBVV95cUxNeS1OTGVCeFgzNlgwN25lZkdRcUZheDkxU1lmTHRXcWowTHFMRDhOZ3U3bjhtS3dxamFtbUR0MzQ2UWxCbjlVU3NXZUpYQzhKTXdWUmlyRmFGeGxXNDNqUllxRGtPMHQyaExoeWNjbkNDb3h0LUNJUG9MSzhHUkczTkEyb3VpanlRU0FzTzktM3loa3I1bFVtZVhmclVCZl8wa0F4QkRuV1ZLektrOHpWbThoa3RzWmpSOGVrTEJ6VW5DNzlhUU5BWXA0QXR1dkhrZHhicEpoMkx3RkNQVk1OWHV6bV9LQnczLTkyVzNtS2ZpaU1sdXlic24xdjk5Zw?oc=5"" target=""_blank"">Bank Nifty gains over 1% from day’s low as ICICI Bank, AU Small Finance stocks lead rebound</a>&nbsp;&nbsp;<font color=""#6f6f6f"">Moneycontrol.com</font>",2025-11-07 08:00:00,Moneycontrol.com,https://news.google.com/rss/articles/CBMi-AFBVV95cUxOR2RlTVFoSEl5ZVJSM29ZN3NlVnJwY3hmeXJLUzVCR2RVMnBZcG5KOWp6QUJFOGx6Sjd1ZldTclJKTHd6bG1MTlRudk0xTzFKd1FUa0xXUm5FTXpVUmpzZkFrSVhSUE5oMFpwRkF0WXljd0lvVE1BTy1nSXZtN09PQndPcVM4MklWT0hNcVBGTTJkajVDQXBjcUg1TlV2c2Q2OHMwckhUVzQzSU1LUmxaWWdZQlZSNk55UUxsZTBBRUQxczMwR0hEdHJjZmZFbm1XVXBORmprY2M2MG1ycVZRWENxbVozSDBrOFNmRzZYcnE2M2hXb1N1ZNIB_gFBVV95cUxNeS1OTGVCeFgzNlgwN25lZkdRcUZheDkxU1lmTHRXcWowTHFMRDhOZ3U3bjhtS3dxamFtbUR0MzQ2UWxCbjlVU3NXZUpYQzhKTXdWUmlyRmFGeGxXNDNqUllxRGtPMHQyaExoeWNjbkNDb3h0LUNJUG9MSzhHUkczTkEyb3VpanlRU0FzTzktM3loa3I1bFVtZVhmclVCZl8wa0F4QkRuV1ZLektrOHpWbThoa3RzWmpSOGVrTEJ6VW5DNzlhUU5BWXA0QXR1dkhrZHhicEpoMkx3RkNQVk1OWHV6bV9LQnczLTkyVzNtS2ZpaU1sdXlic24xdjk5Zw?oc=5
AUBANK,AU Small Finance Bank Limited,AU Small Finance Bank Executes Block Trade Worth Rs. 52.63 Crores on NSE - scanx.trade,"<a href=""https://news.google.com/rss/articles/CBMiwwFBVV95cUxQTEQ2em8tRUZzb09zb3NqYnFTZ05FYUw4cW5QNWJBNFE3RzdWdVJORUxhYkcyYzF3MEpLS3czVjlUclE5bEVrZzZXYTN6Y3dUYW9xaUVvRnVqTWdtMjhqSHVra3lYaUNKd3VXVE5ELVc3NlFNVlBGMXpxOU85UXlQbFpVYWozQVNKYm9CYXgxZkpQbm9OdFlnNnQ4MWJyQlpnRm9qTnc1TjBvVkdWdUVsdnR2bUc1cnRHS3kxTkxKVlM0SEE?oc=5"" target=""_blank"">AU Small Finance Bank Executes Block Trade Worth Rs. 52.63 Crores on NSE</a>&nbsp;&nbsp;<font color=""#6f6f6f"">scanx.trade</font>",2025-07-30 07:00:00,scanx.trade,https://news.google.com/rss/articles/CBMiwwFBVV95cUxQTEQ2em8tRUZzb09zb3NqYnFTZ05FYUw4cW5QNWJBNFE3RzdWdVJORUxhYkcyYzF3MEpLS3czVjlUclE5bEVrZzZXYTN6Y3dUYW9xaUVvRnVqTWdtMjhqSHVra3lYaUNKd3VXVE5ELVc3NlFNVlBGMXpxOU85UXlQbFpVYWozQVNKYm9CYXgxZkpQbm9OdFlnNnQ4MWJyQlpnRm9qTnc1TjBvVkdWdUVsdnR2bUc1cnRHS3kxTkxKVlM0SEE?oc=5
AUBANK,AU Small Finance Bank Limited,AU Small Finance Bank Sees Block Trade of 3.04 Lakh Shares Worth ₹24.50 Crore - scanx.trade,"<a href=""https://news.google.com/rss/articles/CBMiygFBVV95cUxQWVJOeG90elUwYmhSSWZPR21CMnJzZ2dMSjR2M2lFMzFoSk1fcU9OTXRPY3pQeGZ2Qm9zUXREZTNTUHNtQVlIRmo4dy10S09vbGJxdzcwTEdEbVlxWDVRZFRfemNhSFFZZ0otYXRwM1UwTUJzSUw3a1F2clllRzhhM1dvVEdyYUdZU1FsS1l0ZVFFR0toemFWUUhvMDR2Rzl3S1A3Z2JXSU5ta194T1lvZFZNdUJ5SklmZTdpM1Y5N2ZKZU1YZ29uaE1n?oc=5"" target=""_blank"">AU Small Finance Bank Sees Block Trade of 3.04 Lakh Shares Worth ₹24.50 Crore</a>&nbsp;&nbsp;<font color=""#6f6f6f"">scanx.trade</font>",2025-06-25 07:00:00,scanx.trade,https://news.google.com/rss/articles/CBMiygFBVV95cUxQWVJOeG90elUwYmhSSWZPR21CMnJzZ2dMSjR2M2lFMzFoSk1fcU9OTXRPY3pQeGZ2Qm9zUXREZTNTUHNtQVlIRmo4dy10S09vbGJxdzcwTEdEbVlxWDVRZFRfemNhSFFZZ0otYXRwM1UwTUJzSUw3a1F2clllRzhhM1dvVEdyYUdZU1FsS1l0ZVFFR0toemFWUUhvMDR2Rzl3S1A3Z2JXSU5ta194T1lvZFZNdUJ5SklmZTdpM1Y5N2ZKZU1YZ29uaE1n?oc=5
AUBANK,AU Small Finance Bank Limited,AU Small Finance Bank Ltd eases for fifth straight session - Business Standard,"<a href=""https://news.google.com/rss/articles/CBMi1wFBVV95cUxQUTJRTS1nOGtZcGJNbmRNUkRwMDU1Y09HX0t1X2xPbkZwOFpoamdHLU9jVGpLdmEzcGxZVFNILU9DTmYwVzB1SnFzLTVjRnJLaXUyanJxTVdKOUszR0Q2UnZ5cU1id25QZ1VLSDllOXpnZ0dBaHl3WkU4NmlIcHpGZnJ4Y25USjNWZmZjbDdmRlZPczNBUE5ERnpXUUM5Tkx0ajRjTUdtNnBrdXVJeGtvOUF2VldnUTVNRVNsYlNkNld2a21TdWUzYk04OXFiUnI3akg4bHFFNNIB3AFBVV95cUxPLU9xYnA5ZTNyRW5RdHFuU1RjaTVfMlVBSDV5X002MEVCdnp5RWttYTlJTWl4MVpFRDBRam5WYXk4TXpLOC1Wa2E3Y1MwRDBFNXJVaE0xcHdaOHdjWUZCR2ljLWdFLW90ZEdkY3Zwc3hoaTJQemhaVTI1anY5VVlwMmtPUGJ6ZHE5YlR2NUtzc3lwWEp1Y2xCYmpBS1RlOHY0SV9yck1mb3NfZmVlY0Z3TmFBc2hUV2I4N3lDdGNsNHp3U2xJblQ1SHRKS040c1NuWml3WjBrWk56NU5p?oc=5"" target=""_blank"">AU Small Finance Bank Ltd eases for fifth straight session</a>&nbsp;&nbsp;<font color=""#6f6f6f"">Business Standard</font>",2025-12-24 08:00:00,Business Standard,https://news.google.com/rss/articles/CBMi1wFBVV95cUxQUTJRTS1nOGtZcGJNbmRNUkRwMDU1Y09HX0t1X2xPbkZwOFpoamdHLU9jVGpLdmEzcGxZVFNILU9DTmYwVzB1SnFzLTVjRnJLaXUyanJxTVdKOUszR0Q2UnZ5cU1id25QZ1VLSDllOXpnZ0dBaHl3WkU4NmlIcHpGZnJ4Y25USjNWZmZjbDdmRlZPczNBUE5ERnpXUUM5Tkx0ajRjTUdtNnBrdXVJeGtvOUF2VldnUTVNRVNsYlNkNld2a21TdWUzYk04OXFiUnI3akg4bHFFNNIB3AFBVV95cUxPLU9xYnA5ZTNyRW5RdHFuU1RjaTVfMlVBSDV5X002MEVCdnp5RWttYTlJTWl4MVpFRDBRam5WYXk4TXpLOC1Wa2E3Y1MwRDBFNXJVaE0xcHdaOHdjWUZCR2ljLWdFLW90ZEdkY3Zwc3hoaTJQemhaVTI1anY5VVlwMmtPUGJ6ZHE5YlR2NUtzc3lwWEp1Y2xCYmpBS1RlOHY0SV9yck1mb3NfZmVlY0Z3TmFBc2hUV2I4N3lDdGNsNHp3U2xJblQ1SHRKS040c1NuWml3WjBrWk56NU5p?oc=5
AUBANK,AU Small Finance Bank Limited,Why have AU Small Finance Bank shares plunged 7%? Brokerages say the big concern is… - The Financial Express,"<a href=""https://news.google.com/rss/articles/CBMiygFBVV95cUxPV1JuczBtdWlHelZxRWhVR2gwZi1veFNnQlRCOW9Oei1FWXhXclJ3RERNOHhEaUhheGNBemd3UVR3YjR5TGplRFJJVGpZaS1tQXFmQno4c1VqTUtqZVZfV2FZV2ZtRHA2MXdKNWotMmxucURBY1hIUVFXTHNPWFBnUC10dFZuOUVXcjF1TmdLWjFFU0dtV0Y5N3pUWE9ORHRsR3NzamRTeEg0TE9xU1duUzlIdGg1R2xIZVJFb0lpMTVxYmQ5QW9JOG9n0gHQAUFVX3lxTE44OG9odVhhMzVnWVpYTXRyVy1hLTlwMGdmTTVNZHhneUNPaVAwY3B4OVZxNVJKSnRobkxjTEZiZ2VnakxQMkM2d3ZzM2ZacFUzM1RLU1RLVlBxNjl1TzNfRWtMWktCOHFGVmk2bTdUbkJxVlBSSXlnTTRyS0hmOHRZdldNdXZMbXFVOENnclNocExFZWtibUtJN2FZamJpd0N0bEtYdkxheFFLVU5VcUlSNzhmbWR3U1M2U29uUmk2bDBDZHpId2pRR0tsWHRidnM?oc=5"" target=""_blank"">Why have AU Small Finance Bank shares plunged 7%? Brokerages say the big concern is…</a>&nbsp;&nbsp;<font color=""#6f6f6f"">The Financial Express</font>",2025-07-21 07:00:00,The Financial Express,https://news.google.com/rss/articles/CBMiygFBVV95cUxPV1JuczBtdWlHelZxRWhVR2gwZi1veFNnQlRCOW9Oei1FWXhXclJ3RERNOHhEaUhheGNBemd3UVR3YjR5TGplRFJJVGpZaS1tQXFmQno4c1VqTUtqZVZfV2FZV2ZtRHA2MXdKNWotMmxucURBY1hIUVFXTHNPWFBnUC10dFZuOUVXcjF1TmdLWjFFU0dtV0Y5N3pUWE9ORHRsR3NzamRTeEg0TE9xU1duUzlIdGg1R2xIZVJFb0lpMTVxYmQ5QW9JOG9n0gHQAUFVX3lxTE44OG9odVhhMzVnWVpYTXRyVy1hLTlwMGdmTTVNZHhneUNPaVAwY3B4OVZxNVJKSnRobkxjTEZiZ2VnakxQMkM2d3ZzM2ZacFUzM1RLU1RLVlBxNjl1TzNfRWtMWktCOHFGVmk2bTdUbkJxVlBSSXlnTTRyS0hmOHRZdldNdXZMbXFVOENnclNocExFZWtibUtJN2FZamJpd0N0bEtYdkxheFFLVU5VcUlSNzhmbWR3U1M2U29uUmk2bDBDZHpId2pRR0tsWHRidnM?oc=5
AUBANK,AU Small Finance Bank Limited,AU Small Finance Bank up 7%; first SFB to get RBI's universal bank approval - Business Standard,"<a href=""https://news.google.com/rss/articles/CBMi1wFBVV95cUxQWFg2Q1RlRk5rT3d0Q1dIZ3FpWFZpLVp5b2drZ0dITTVtTk1FNnpKcVR4QXhoS3NnekJybkdXbXppcHoxc0VDQXdzT2ZTeUpnZWl5cTNRaGhhMUYxY0ZndHJWRVFPN0Y1WExXcFpjZlpZckxQWmgyX3Bsekx2Q3gtV2taUi1qSDZBWlBOdU9WYXpXaTR6aUpxdkRSSlZHZ0RkQjNlbHBVSTFDQ3dWZXVOakEyV0pDME02el9fbWl1V2pnaWJVMmF1WGNhWXVhdGc5SS1DRjFhUdIB3AFBVV95cUxOMWdnZEs3UGdfWEFtMEZHcGhlamRiMjVJUDFmdkpHdUdvZE1IYnByZzlNVjdSWFpIWWdXZDEtbmdIdkZZVjJ0RDBmTnRMRGRIUm5VQnNPaHZ6aGJpWVl5anNhdUduUHYxcjJQTkppdDJWbG13WjMxbDdRbWN6TW5CQ0VqMkpvaDZxUEY1eXFBMDNzZGVRVEJWWUxLVndmVG9vLXphMjZtQ0h4cVU5T1VyYUVXVmQtanVwVVpUUzVNakNrckFsNWhVRDQzT0tlZ2dJQmJsaWVtX0gtOUkz?oc=5"" target=""_blank"">AU Small Finance Bank up 7%; first SFB to get RBI's universal bank approval</a>&nbsp;&nbsp;<font color=""#6f6f6f"">Business Standard</font>",2025-08-08 07:00:00,Business Standard,https://news.google.com/rss/articles/CBMi1wFBVV95cUxQWFg2Q1RlRk5rT3d0Q1dIZ3FpWFZpLVp5b2drZ0dITTVtTk1FNnpKcVR4QXhoS3NnekJybkdXbXppcHoxc0VDQXdzT2ZTeUpnZWl5cTNRaGhhMUYxY0ZndHJWRVFPN0Y1WExXcFpjZlpZckxQWmgyX3Bsekx2Q3gtV2taUi1qSDZBWlBOdU9WYXpXaTR6aUpxdkRSSlZHZ0RkQjNlbHBVSTFDQ3dWZXVOakEyV0pDME02el9fbWl1V2pnaWJVMmF1WGNhWXVhdGc5SS1DRjFhUdIB3AFBVV95cUxOMWdnZEs3UGdfWEFtMEZHcGhlamRiMjVJUDFmdkpHdUdvZE1IYnByZzlNVjdSWFpIWWdXZDEtbmdIdkZZVjJ0RDBmTnRMRGRIUm5VQnNPaHZ6aGJpWVl5anNhdUduUHYxcjJQTkppdDJWbG13WjMxbDdRbWN6TW5CQ0VqMkpvaDZxUEY1eXFBMDNzZGVRVEJWWUxLVndmVG9vLXphMjZtQ0h4cVU5T1VyYUVXVmQtanVwVVpUUzVNakNrckFsNWhVRDQzT0tlZ2dJQmJsaWVtX0gtOUkz?oc=5
AUBANK,AU Small Finance Bank Limited,"Trade Spotlight: How should you trade IDFC First Bank, Shriram Finance, NBCC, Aditya Birla Capital, AU... - Moneycontrol.com","<a href=""https://news.google.com/rss/articles/CBMisAJBVV95cUxPWERyVDZORW9lcWFzb0preTZ5TE5LVl9Tc095NEE3aW9qeDBBTTkzQldwTnJKZ2lmWEVOVmxReEtxeURvSlMtOGQ2R09GVnpaaUlVTFdka29YX3dQakRFZGUzQ3h4VFl1RkRBWjNNa0xCRGRqYi1SLTVIMnlrWkNUX1RMS2xka2pEQjJhajJsRDctOGk0dE9rcG9hY1pJcTVMNk5CRm0wVm1PbTlfM2NGSDBsN2VoRlRSaGhHZ1VSSm1Oa3VBVEhMalBKa3VjZzdCZ2pMcGJUVnNfUjdtT0t3VDBMcmVuOU1aQmhCZmt1WG9zQ2tjMGVDMlVOR18xOEViVTlTZDdGcnNubWtEZnNfa1lPNEY4Szd1VjJiR0ltbjFHanpqU3JKWktId0VmQWYy0gG2AkFVX3lxTE91VzdWVDZCbnlSZnl6OU95alZSS21TcF9zbktLMnlPSkJmOG56bEhaUXJ2MmZrUjliNVBZWTN6MklkMkFfRDA4T2NzT0FLVHp5ZGtJT29kZ2xHLVVTODRrNHNxZ0xveDNrdGJtQTBUOFFZOWp4R2JLeWVBblNodThVM2JJWUZUOUdwM2RjanJoaVFtcHZHQWpxMXB0dGFYR3pQTmVYMm5EMUd0dlhDcWZWSmM4dlQ5b0dEUHpxNTZBaWNNdUx1MDFycUxSeVVCS2VpM0J4NUU4aE9tbkhkV20zdkszaU9NZjAtZmk2NGhLMW5mWkJkLUh4UjJWZlJLeFJqXzJsdkRzbE90eTUta0ZjVHEtRzI3THNNNEEtUklkTmFsMDRSamg2RzRRaGFmZVpscWgzZVE?oc=5"" target=""_blank"">Trade Spotlight: How should you trade IDFC First Bank, Shriram Finance, NBCC, Aditya Birla Capital, AU...</a>&nbsp;&nbsp;<font color=""#6f6f6f"">Moneycontrol.com</font>",2025-11-26 08:00:00,Moneycontrol.com,https://news.google.com/rss/articles/CBMisAJBVV95cUxPWERyVDZORW9lcWFzb0preTZ5TE5LVl9Tc095NEE3aW9qeDBBTTkzQldwTnJKZ2lmWEVOVmxReEtxeURvSlMtOGQ2R09GVnpaaUlVTFdka29YX3dQakRFZGUzQ3h4VFl1RkRBWjNNa0xCRGRqYi1SLTVIMnlrWkNUX1RMS2xka2pEQjJhajJsRDctOGk0dE9rcG9hY1pJcTVMNk5CRm0wVm1PbTlfM2NGSDBsN2VoRlRSaGhHZ1VSSm1Oa3VBVEhMalBKa3VjZzdCZ2pMcGJUVnNfUjdtT0t3VDBMcmVuOU1aQmhCZmt1WG9zQ2tjMGVDMlVOR18xOEViVTlTZDdGcnNubWtEZnNfa1lPNEY4Szd1VjJiR0ltbjFHanpqU3JKWktId0VmQWYy0gG2AkFVX3lxTE91VzdWVDZCbnlSZnl6OU95alZSS21TcF9zbktLMnlPSkJmOG56bEhaUXJ2MmZrUjliNVBZWTN6MklkMkFfRDA4T2NzT0FLVHp5ZGtJT29kZ2xHLVVTODRrNHNxZ0xveDNrdGJtQTBUOFFZOWp4R2JLeWVBblNodThVM2JJWUZUOUdwM2RjanJoaVFtcHZHQWpxMXB0dGFYR3pQTmVYMm5EMUd0dlhDcWZWSmM4dlQ5b0dEUHpxNTZBaWNNdUx1MDFycUxSeVVCS2VpM0J4NUU4aE9tbkhkV20zdkszaU9NZjAtZmk2NGhLMW5mWkJkLUh4UjJWZlJLeFJqXzJsdkRzbE90eTUta0ZjVHEtRzI3THNNNEEtUklkTmFsMDRSamg2RzRRaGFmZVpscWgzZVE?oc=5
AUBANK,AU Small Finance Bank Limited,AU Small Finance Bank Ltd spurts 2.1% - Business Standard,"<a href=""https://news.google.com/rss/articles/CBMiugFBVV95cUxQWS1nN2M2VGhZOU5mRHB3VlRsblN1WGg2LTV1UkFveDVEOHk5Y3hxVGkybk44S0JwQlJQN2V0WG5wSElKSG01RTJiZnFmZTBGbVJ4Q0pOY1owUUNnYmRURUVJQUoyLVhFVlY1UEJfSl9xZXRWckhfeDJrME9DeW1rTnV2Wm15djNwUC0yRU0zOHNSSndfREV3ZFQzdUhFV0JfWS1PMkRlYnNjM0ZjRzFyZmxtTklHeldoWnfSAb8BQVVfeXFMUDBXYVFoTVdIZXdUbE4xZzl1VXBvQ3FXRC1jdnRRcUpQOHB0VmRIVURORUhiVEpCOG1VdW95dC15VkxaaDBSSzFGYXM5RllRR3dVNkc4Z3NjY0FSLUQwc3JiZnpBLTZabmxrNU5yS2pyeTdlNjdzc1BxMHRVTDJ6Rk5NUHlKaXVjU0d5THh1OFkwZnNES0VEZ1pqU0FtcWxHTkpBbHR3SFdOZnVlX2c2TDB0WXh4V2NyZHFuTnZFdjQ?oc=5"" target=""_blank"">AU Small Finance Bank Ltd spurts 2.1%</a>&nbsp;&nbsp;<font color=""#6f6f6f"">Business Standard</font>",2025-11-07 08:00:00,Business Standard,https://news.google.com/rss/articles/CBMiugFBVV95cUxQWS1nN2M2VGhZOU5mRHB3VlRsblN1WGg2LTV1UkFveDVEOHk5Y3hxVGkybk44S0JwQlJQN2V0WG5wSElKSG01RTJiZnFmZTBGbVJ4Q0pOY1owUUNnYmRURUVJQUoyLVhFVlY1UEJfSl9xZXRWckhfeDJrME9DeW1rTnV2Wm15djNwUC0yRU0zOHNSSndfREV3ZFQzdUhFV0JfWS1PMkRlYnNjM0ZjRzFyZmxtTklHeldoWnfSAb8BQVVfeXFMUDBXYVFoTVdIZXdUbE4xZzl1VXBvQ3FXRC1jdnRRcUpQOHB0VmRIVURORUhiVEpCOG1VdW95dC15VkxaaDBSSzFGYXM5RllRR3dVNkc4Z3NjY0FSLUQwc3JiZnpBLTZabmxrNU5yS2pyeTdlNjdzc1BxMHRVTDJ6Rk5NUHlKaXVjU0d5THh1OFkwZnNES0VEZ1pqU0FtcWxHTkpBbHR3SFdOZnVlX2c2TDB0WXh4V2NyZHFuTnZFdjQ?oc=5
AUBANK,AU Small Finance Bank Limited,"Trade Spotlight: How should you trade Colgate, AU Small Finance Bank, Aditya Birla Capital, L&T... - Moneycontrol.com","<a href=""https://news.google.com/rss/articles/CBMirwJBVV95cUxNLU5lUm5pUFlNWWR1dVB2WGp6Y19fZzg3VGdPVXJGb0VlSXJPYTB5Z1hWUENkLWo5a2ZDZ1ZTbmQ1MEgyeEpnN1Z6RDd3YU5tSlV3My05c0p0VFdEdHhySzFVd3ZPRVpuRXM5TnBNYUFaY1dDWTg5aEZmUzJiYk4xSFlRcjJSRHFCR3pvOWU0dXVGSFlLYk0zdnVoNVJxR0xFcXFEc2tFTVVuWG51WmZpVW1fR2pwX29sWGtTaXZTZnA3VG9MNlJNQXU5UjVXMkZ5UGJrX1pRMVp5TVoyV1c3RkZDWWd3MVlTR1BFSzVXbHhnMjdVY3pmaENVczhGR3VTNHIwRy1iRjRfZy1oNUxtVTJtVzB2cWxSVVMxcUFtbDlTUlllVGRwUW01OVBtNGvSAbQCQVVfeXFMUFZuNnZCY0pseHEwU3pXLUdvVnhkLUs4V2t5M3ZaS0V2cDhubWNaRUcwM0hDUTNTbFJUb2ZqX01CYWRieHkwbzhQVGtnRWpnVUt0eEZwX1lqTUpPNE1mN2RlMG9IQ1VfOUR4MWNEd01GX0pGSHdBMmZpbE0zNXJzc3Zid2lzeDVoWFRNdmJCaFQ4ZVFrbGNXR1k0X2J2OVlGdXdsUkRpaFZDLUJyUERZcTB6cExqZEY4UGxnMzZvRklXT0t5Sl9ZaS1ZWjhCaENjUm5sbndBRkZBUUZrN3FRNDROQUQwSEZ1eGxndkdaN0lMOTFkNTdBVHdVSmVJZXpIOGtzSDd1eFJsRS0xOHRnWHRSbHRKRXNYYzN6Q1hnUnZyU183NzFYT2ZxRVhqaGFKSzA3SXQ?oc=5"" target=""_blank"">Trade Spotlight: How should you trade Colgate, AU Small Finance Bank, Aditya Birla Capital, L&amp;T...</a>&nbsp;&nbsp;<font color=""#6f6f6f"">Moneycontrol.com</font>",2025-12-10 08:00:00,Moneycontrol.com,https://news.google.com/rss/articles/CBMirwJBVV95cUxNLU5lUm5pUFlNWWR1dVB2WGp6Y19fZzg3VGdPVXJGb0VlSXJPYTB5Z1hWUENkLWo5a2ZDZ1ZTbmQ1MEgyeEpnN1Z6RDd3YU5tSlV3My05c0p0VFdEdHhySzFVd3ZPRVpuRXM5TnBNYUFaY1dDWTg5aEZmUzJiYk4xSFlRcjJSRHFCR3pvOWU0dXVGSFlLYk0zdnVoNVJxR0xFcXFEc2tFTVVuWG51WmZpVW1fR2pwX29sWGtTaXZTZnA3VG9MNlJNQXU5UjVXMkZ5UGJrX1pRMVp5TVoyV1c3RkZDWWd3MVlTR1BFSzVXbHhnMjdVY3pmaENVczhGR3VTNHIwRy1iRjRfZy1oNUxtVTJtVzB2cWxSVVMxcUFtbDlTUlllVGRwUW01OVBtNGvSAbQCQVVfeXFMUFZuNnZCY0pseHEwU3pXLUdvVnhkLUs4V2t5M3ZaS0V2cDhubWNaRUcwM0hDUTNTbFJUb2ZqX01CYWRieHkwbzhQVGtnRWpnVUt0eEZwX1lqTUpPNE1mN2RlMG9IQ1VfOUR4MWNEd01GX0pGSHdBMmZpbE0zNXJzc3Zid2lzeDVoWFRNdmJCaFQ4ZVFrbGNXR1k0X2J2OVlGdXdsUkRpaFZDLUJyUERZcTB6cExqZEY4UGxnMzZvRklXT0t5Sl9ZaS1ZWjhCaENjUm5sbndBRkZBUUZrN3FRNDROQUQwSEZ1eGxndkdaN0lMOTFkNTdBVHdVSmVJZXpIOGtzSDd1eFJsRS0xOHRnWHRSbHRKRXNYYzN6Q1hnUnZyU183NzFYT2ZxRVhqaGFKSzA3SXQ?oc=5
AUBANK,AU Small Finance Bank Limited,"AU Small Finance Bank Ltd soars 1.35%, up for third straight session - Business Standard","<a href=""https://news.google.com/rss/articles/CBMi4gFBVV95cUxNWkV3LXlHZmVTY1VfdXBJNV91NVM2dHNlRzFjblBzUy1tX1BTdmtvWU8wMHZKYkF0OWViMlZyb0lHdm9CanZHcUpSd09xRGFCXzI0MjFLdUE2OUZSRjdXNVZqd05aNUJzZGY5aXJiOWlfQWdLV2RBQnRZdWI0VnpKTmRFeTFNc25KNFd6LUptM0dvcGxlLTVsakJPY1VyZHBSekpVTDFaYl9tVURGMjE3RzYyYjQtaW5iRzNkNGFBeGl5SFp6ZzIwTEs5QUV2QW5OWWRZVFFQaXU2OWxFaVRCY2p30gHnAUFVX3lxTE1WZzRRSmoxYVA1NE13ZnViOWN5cG81SkVmQ0l2UWR5MlVhUHBmajV2OTBqS1Q4VGNNa2p0Tmc1MndhVXBfclk1SlJlMjFPT1djZU9ackF2blFBQUp2Vi1yaUtJWFhlZFZCWnFmcjJUUVRBS0pHa1VjRVN3Ti1OWWdHR2NQbzVFdnV0SDBVandxTzJrX1pfa2JoTWRRWDRoelRnWGJKVFE3QWFYNUdJcFZVQzIwd1lfbVpFYTVINjNyLS1MRk5BY2FZNktPNHczVm9YODQ0ckFOeXB4MDVEVDFSWUc3OW9ONA?oc=5"" target=""_blank"">AU Small Finance Bank Ltd soars 1.35%, up for third straight session</a>&nbsp;&nbsp;<font color=""#6f6f6f"">Business Standard</font>",2025-12-17 08:00:00,Business Standard,https://news.google.com/rss/articles/CBMi4gFBVV95cUxNWkV3LXlHZmVTY1VfdXBJNV91NVM2dHNlRzFjblBzUy1tX1BTdmtvWU8wMHZKYkF0OWViMlZyb0lHdm9CanZHcUpSd09xRGFCXzI0MjFLdUE2OUZSRjdXNVZqd05aNUJzZGY5aXJiOWlfQWdLV2RBQnRZdWI0VnpKTmRFeTFNc25KNFd6LUptM0dvcGxlLTVsakJPY1VyZHBSekpVTDFaYl9tVURGMjE3RzYyYjQtaW5iRzNkNGFBeGl5SFp6ZzIwTEs5QUV2QW5OWWRZVFFQaXU2OWxFaVRCY2p30gHnAUFVX3lxTE1WZzRRSmoxYVA1NE13ZnViOWN5cG81SkVmQ0l2UWR5MlVhUHBmajV2OTBqS1Q4VGNNa2p0Tmc1MndhVXBfclk1SlJlMjFPT1djZU9ackF2blFBQUp2Vi1yaUtJWFhlZFZCWnFmcjJUUVRBS0pHa1VjRVN3Ti1OWWdHR2NQbzVFdnV0SDBVandxTzJrX1pfa2JoTWRRWDRoelRnWGJKVFE3QWFYNUdJcFZVQzIwd1lfbVpFYTVINjNyLS1MRk5BY2FZNktPNHczVm9YODQ0ckFOeXB4MDVEVDFSWUc3OW9ONA?oc=5
AUBANK,AU Small Finance Bank Limited,Should you buy or sell AU Small Finance Bank shares post its Q4 results? - Business Standard,"<a href=""https://news.google.com/rss/articles/CBMi1AFBVV95cUxPUk82RVBPS0xaSmtmNUdYUE1Del8zYWZZY2R3YXB4NHNsd0tqSkJHeVlZX2hlaFVSUTJNLW8xR0JvT2p2Snp2MWdhTkJmMFVqWm9rU2dfQTVmQTQ3Y2YxejhTbUg5elJlU3BSLTFKZmdhYWkyUmhUb2VRT01RMjdwLW1DbVQwVFdaTHphajZJQlVoSFdZb2hiYkJGQmRhZmhNdXdrTmVoSXZfRGFRaDVGRndkRms2QmNzQkVfTkFPMXZBZDAwV3hsTm1VSEFGMDZud3c1ZNIB2gFBVV95cUxQdVJuUktXUjdNLUFSTmVDQ0RKLVRzRUR5d1dJR0xHSlBpbGpnZEtTNGlieHlmUnByZ0lmdXI5R0pQMndKRGctS3NIUGItVWIxZjJDSzdTQTBpRzZlZmd3cWZXZWRmVEt3RjdGSktOYzFKRGo4LVZ6MFlBWU1YZFBUcjhucGMwMmRSVS1adGdKSjRRVGQ0SjB4dTJTN0o4c3RGVm5MdFNjaWM5d0VNTktXVmVlaTRiMVlqa1BaZUJfOVo1U1E4aHNxUW1WaldZUm5tNThlX2gxd0F6UQ?oc=5"" target=""_blank"">Should you buy or sell AU Small Finance Bank shares post its Q4 results?</a>&nbsp;&nbsp;<font color=""#6f6f6f"">Business Standard</font>",2025-04-23 07:00:00,Business Standard,https://news.google.com/rss/articles/CBMi1AFBVV95cUxPUk82RVBPS0xaSmtmNUdYUE1Del8zYWZZY2R3YXB4NHNsd0tqSkJHeVlZX2hlaFVSUTJNLW8xR0JvT2p2Snp2MWdhTkJmMFVqWm9rU2dfQTVmQTQ3Y2YxejhTbUg5elJlU3BSLTFKZmdhYWkyUmhUb2VRT01RMjdwLW1DbVQwVFdaTHphajZJQlVoSFdZb2hiYkJGQmRhZmhNdXdrTmVoSXZfRGFRaDVGRndkRms2QmNzQkVfTkFPMXZBZDAwV3hsTm1VSEFGMDZud3c1ZNIB2gFBVV95cUxQdVJuUktXUjdNLUFSTmVDQ0RKLVRzRUR5d1dJR0xHSlBpbGpnZEtTNGlieHlmUnByZ0lmdXI5R0pQMndKRGctS3NIUGItVWIxZjJDSzdTQTBpRzZlZmd3cWZXZWRmVEt3RjdGSktOYzFKRGo4LVZ6MFlBWU1YZFBUcjhucGMwMmRSVS1adGdKSjRRVGQ0SjB4dTJTN0o4c3RGVm5MdFNjaWM5d0VNTktXVmVlaTRiMVlqa1BaZUJfOVo1U1E4aHNxUW1WaldZUm5tNThlX2gxd0F6UQ?oc=5
AUBANK,AU Small Finance Bank Limited,AU SFB rises after RBI grants in-principle nod for transitioning to universal bank - Business Standard,"<a href=""https://news.google.com/rss/articles/CBMi9wFBVV95cUxOckFnaS0zSnprM0lOU1l6dmdBODhHUTZMWTBpX2xoTmp4OTZBY3J6ZXNZeUlfNFIyTmFmRm1uOS1NU2p4T1d2cURPbWhUdGtibU5tdzYxT3J5ZnNZV1pzTHJ5dWQyVVdrRmtmeEFNWEFCSlpBMTRQSk1TbkpIRWg5MnM4ZjZrb0gyZC05ejNSajR6LTlxOTl1bHBhWVhib3pZUUlXMGlDWUJwWnBtcEF2czZTU3lwSGp1cEdnVnNiWV9TeXdPbXExd0hyRU03UUtRczBoSnhXNE5UNEVXMmNWU0EzdENCZ1JPeFR5VThWNkFrbmJfZHdJ0gH8AUFVX3lxTE1nSWhmNXhkMUZmdldrSk1tWmlGZUdhMzBiZEVtdVY4Mk5JTDJQMVdUdTUwcVVTaml3cnplZjZVWlJ1aXUwT3NSTzNfS29pblh4SDZweVIwajV4RTJGWWRxSnlveDhWR01aUWtkODRVR0xPNTVtdzFyLWFYM3J1azZJWk5vemxFal9nWjhFWGhIVVBNLXFiUWdHY3IxY0lXcUJZZm9VRGMzWkN2T3FZQVl0Vl83RmRMQUpNOFdjcDVwallaMF91ZGZMTGJMX21IVF85RDh3WEtpWk5EQW8zYWhvb1FuU1FTZlJqWXdxQ1BLM3U1TGtMa2dzVEZHSw?oc=5"" target=""_blank"">AU SFB rises after RBI grants in-principle nod for transitioning to universal bank</a>&nbsp;&nbsp;<font color=""#6f6f6f"">Business Standard</font>",2025-08-08 07:00:00,Business Standard,https://news.google.com/rss/articles/CBMi9wFBVV95cUxOckFnaS0zSnprM0lOU1l6dmdBODhHUTZMWTBpX2xoTmp4OTZBY3J6ZXNZeUlfNFIyTmFmRm1uOS1NU2p4T1d2cURPbWhUdGtibU5tdzYxT3J5ZnNZV1pzTHJ5dWQyVVdrRmtmeEFNWEFCSlpBMTRQSk1TbkpIRWg5MnM4ZjZrb0gyZC05ejNSajR6LTlxOTl1bHBhWVhib3pZUUlXMGlDWUJwWnBtcEF2czZTU3lwSGp1cEdnVnNiWV9TeXdPbXExd0hyRU03UUtRczBoSnhXNE5UNEVXMmNWU0EzdENCZ1JPeFR5VThWNkFrbmJfZHdJ0gH8AUFVX3lxTE1nSWhmNXhkMUZmdldrSk1tWmlGZUdhMzBiZEVtdVY4Mk5JTDJQMVdUdTUwcVVTaml3cnplZjZVWlJ1aXUwT3NSTzNfS29pblh4SDZweVIwajV4RTJGWWRxSnlveDhWR01aUWtkODRVR0xPNTVtdzFyLWFYM3J1azZJWk5vemxFal9nWjhFWGhIVVBNLXFiUWdHY3IxY0lXcUJZZm9VRGMzWkN2T3FZQVl0Vl83RmRMQUpNOFdjcDVwallaMF91ZGZMTGJMX21IVF85RDh3WEtpWk5EQW8zYWhvb1FuU1FTZlJqWXdxQ1BLM3U1TGtMa2dzVEZHSw?oc=5
AUBANK,AU Small Finance Bank Limited,AU Small Finance Bank Block Deal: Tata AIG General Insurance Buys Shares Worth Rs 62 Crore - NDTV Profit,"<a href=""https://news.google.com/rss/articles/CBMizgFBVV95cUxNVnBfaTZGX1ZUR0VpZUk5QXh0NW1JQzYxUndKSEV2bDR3S0RDc29pUmVxQmlZOFRxaVprWkRuYWhXN2ItUlJfZmJGVFdTelpBZnhkMWYtSzd1LVQ3eWRIdzlweWd4RXA3NjIySlhRcWJxZS0wX3JuTUNmZUxXT21UWnJYdHN4ZXRiSEx3YlN4WjRvWlNJZng3dzJkZGNRLTIxaWZUX0dUcmI4VGtIOXcyb0hfbmQ0YVcxSVh6dl8zUTJqcDdvR2l6TTNraEplZ9IB1gFBVV95cUxQU0xVTXpFRDNmZTgzbU1XemFJZ2JZYkc4LUdfU09Ja3g2RVQwTmVMeng2cU5DdzFlQkxLTWZfblpSeFF1S2JaSEk0cWlzQXVsZjFDMGlpSWotUnFkdkROVjQtVG80djlKMFNKWldUWGo4cEFPQTQ0cEhibVdlZzk5NG1BS2VaN2ZBUzA4Q2VXUVF0aVhhQmJudjV2N2tvNXVvOEhtYlQ0UVV0OVhNQ1c5N1lPcTlFODNsZ1R6MmNZTTRWV1RoTkJNanAtdUV3Y1pUaFBseThR?oc=5"" target=""_blank"">AU Small Finance Bank Block Deal: Tata AIG General Insurance Buys Shares Worth Rs 62 Crore</a>&nbsp;&nbsp;<font color=""#6f6f6f"">NDTV Profit</font>",2025-06-02 07:00:00,NDTV Profit,https://news.google.com/rss/articles/CBMizgFBVV95cUxNVnBfaTZGX1ZUR0VpZUk5QXh0NW1JQzYxUndKSEV2bDR3S0RDc29pUmVxQmlZOFRxaVprWkRuYWhXN2ItUlJfZmJGVFdTelpBZnhkMWYtSzd1LVQ3eWRIdzlweWd4RXA3NjIySlhRcWJxZS0wX3JuTUNmZUxXT21UWnJYdHN4ZXRiSEx3YlN4WjRvWlNJZng3dzJkZGNRLTIxaWZUX0dUcmI4VGtIOXcyb0hfbmQ0YVcxSVh6dl8zUTJqcDdvR2l6TTNraEplZ9IB1gFBVV95cUxQU0xVTXpFRDNmZTgzbU1XemFJZ2JZYkc4LUdfU09Ja3g2RVQwTmVMeng2cU5DdzFlQkxLTWZfblpSeFF1S2JaSEk0cWlzQXVsZjFDMGlpSWotUnFkdkROVjQtVG80djlKMFNKWldUWGo4cEFPQTQ0cEhibVdlZzk5NG1BS2VaN2ZBUzA4Q2VXUVF0aVhhQmJudjV2N2tvNXVvOEhtYlQ0UVV0OVhNQ1c5N1lPcTlFODNsZ1R6MmNZTTRWV1RoTkJNanAtdUV3Y1pUaFBseThR?oc=5
AUBANK,AU Small Finance Bank Limited,AU Small Finance Bank Ltd (NSE:AUBANK) Q3 2025 Earnings Call Highlights: Navigating Growth ... - Yahoo Finance,"<a href=""https://news.google.com/rss/articles/CBMie0FVX3lxTFBqRE4tX0VqQ1BONy1TLW1ydUxqZU9lUlc0MXltOGVTTHluNDlIU0IwSHlSbFYwcFJ3TklENkRNWHAtLVpWZWEwNnJhNTZMbnMxWkhUekRpN2RyRTEyQWRoSFYzMmFqbldka3JNRlMxa1gtNVlCR05uYjNNcw?oc=5"" target=""_blank"">AU Small Finance Bank Ltd (NSE:AUBANK) Q3 2025 Earnings Call Highlights: Navigating Growth ...</a>&nbsp;&nbsp;<font color=""#6f6f6f"">Yahoo Finance</font>",2025-01-24 08:00:00,Yahoo Finance,https://news.google.com/rss/articles/CBMie0FVX3lxTFBqRE4tX0VqQ1BONy1TLW1ydUxqZU9lUlc0MXltOGVTTHluNDlIU0IwSHlSbFYwcFJ3TklENkRNWHAtLVpWZWEwNnJhNTZMbnMxWkhUekRpN2RyRTEyQWRoSFYzMmFqbldka3JNRlMxa1gtNVlCR05uYjNNcw?oc=5
AUBANK,AU Small Finance Bank Limited,Here's why AU Small Finance Bank shares advanced 3% in trade today - Business Standard,"<a href=""https://news.google.com/rss/articles/CBMi0AFBVV95cUxPdVRQMnZsMDhoNm9WbkpyeDkxdElnbmotU1lzQU5SZUdTeEtqTXVNcjRoaW1xV0tyYzJJREtoY1dXbXhUSDlPYm0xQTFKVjdNamliU3NTV3ZJMGRLUUV3blB1VHljcU1ZdnQ3MWRzNnk5T1VlRFo1MjJLWTBHVHhESTJ1c2RJd2JuRGtCdTZzbUlYWW9mR0VUNkxGaWZGXzFsTDRHbmpzeHRDUnM0TFA5a1hlUG9neDYxTFRYNmtmUll2TGs4cG8yNDhJYUs0elBt0gHWAUFVX3lxTE5uMUpmWlZKUF92bk5RWU83Zk5vQWFvMlZrUk5kZ0lONUJvSkoyTkY1Z0ZtT01DTDNIZUIxaGVlR3ZEWE85emxUYk9HU2xNVzlITHRsU0NxLWJ0ZXM4TXNPVFZBc1YtZjZNWUZsTElnN1B6cXFUWEdwRXZ3ZGFuTFRzQ0d2aTJmQXhwU1VYTnFuTW04NVFQRVRvM0s0ODZKc2h4VE5lcENmOHlUMUdiOWNqLS1Zb3dueXpGS2xOekFwZ2paMXFuZk1oamdLVHRHeWlqQzRnSnc?oc=5"" target=""_blank"">Here's why AU Small Finance Bank shares advanced 3% in trade today</a>&nbsp;&nbsp;<font color=""#6f6f6f"">Business Standard</font>",2025-01-06 08:00:00,Business Standard,https://news.google.com/rss/articles/CBMi0AFBVV95cUxPdVRQMnZsMDhoNm9WbkpyeDkxdElnbmotU1lzQU5SZUdTeEtqTXVNcjRoaW1xV0tyYzJJREtoY1dXbXhUSDlPYm0xQTFKVjdNamliU3NTV3ZJMGRLUUV3blB1VHljcU1ZdnQ3MWRzNnk5T1VlRFo1MjJLWTBHVHhESTJ1c2RJd2JuRGtCdTZzbUlYWW9mR0VUNkxGaWZGXzFsTDRHbmpzeHRDUnM0TFA5a1hlUG9neDYxTFRYNmtmUll2TGs4cG8yNDhJYUs0elBt0gHWAUFVX3lxTE5uMUpmWlZKUF92bk5RWU83Zk5vQWFvMlZrUk5kZ0lONUJvSkoyTkY1Z0ZtT01DTDNIZUIxaGVlR3ZEWE85emxUYk9HU2xNVzlITHRsU0NxLWJ0ZXM4TXNPVFZBc1YtZjZNWUZsTElnN1B6cXFUWEdwRXZ3ZGFuTFRzQ0d2aTJmQXhwU1VYTnFuTW04NVFQRVRvM0s0ODZKc2h4VE5lcENmOHlUMUdiOWNqLS1Zb3dueXpGS2xOekFwZ2paMXFuZk1oamdLVHRHeWlqQzRnSnc?oc=5
AUBANK,AU Small Finance Bank Limited,"AU Small Finance Bank Q3 net profit declines 7.5% QoQ to ₹528.4 crore, NII up 2.4% - Upstox","<a href=""https://news.google.com/rss/articles/CBMi1wFBVV95cUxQeUh6b0J0MVhsR3l4dzVpUmNNdzFlUlpvRFhSRjB1RGJnbzQ0MmNWMHpMMnNTSEhieGt5NkFCWXhsWTZIS1JhRkZoeHdmVGEzSzN2cXpySGFVUGMzaHBTeWNJYXZIYXpQVnFFLUdfdFpBVnF4RkV4enhpN3VWMTZ5eWU5RGNFOWNZTzQ0d1lvbTNtaU94MWtOemozbWhNQzE3cnViRUhVbTFCcGZrRnBfZVZzMVoyaHBWZkZkZ0htU04tWVFncGt0V0NES3NQYTlMZjRnZHRCTQ?oc=5"" target=""_blank"">AU Small Finance Bank Q3 net profit declines 7.5% QoQ to ₹528.4 crore, NII up 2.4%</a>&nbsp;&nbsp;<font color=""#6f6f6f"">Upstox</font>",2025-01-24 08:00:00,Upstox,https://news.google.com/rss/articles/CBMi1wFBVV95cUxQeUh6b0J0MVhsR3l4dzVpUmNNdzFlUlpvRFhSRjB1RGJnbzQ0MmNWMHpMMnNTSEhieGt5NkFCWXhsWTZIS1JhRkZoeHdmVGEzSzN2cXpySGFVUGMzaHBTeWNJYXZIYXpQVnFFLUdfdFpBVnF4RkV4enhpN3VWMTZ5eWU5RGNFOWNZTzQ0d1lvbTNtaU94MWtOemozbWhNQzE3cnViRUhVbTFCcGZrRnBfZVZzMVoyaHBWZkZkZ0htU04tWVFncGt0V0NES3NQYTlMZjRnZHRCTQ?oc=5
AUBANK,AU Small Finance Bank Limited,AU Small Finance Bank Share Price Gains After Q3 Results - NDTV Profit,"<a href=""https://news.google.com/rss/articles/CBMioAFBVV95cUxNSHRCbjBKMWI5VWItRUpNVi1fYUxCNVhGaDU5SmdGZ0ZCQnJrT3pYNXBhVDZnSExiMVNBak01Vk9UMVVDSTl4dTBKcG1MQmEyOTRkMlB1OTRoRWJ3dU9TbE1FR1BKOUhnQXV5UXhyTWVLbk80cloxR3BtWlYzaDBfSXNEQ1UtVTFiRGhZY2ROOEdTMDg1T2dsVFNSb2ZxTVhN0gGoAUFVX3lxTFBNNWVOTll0YjBiVHY5WjhGTEtNLVhYekFJaTctRnNVQl9PTTBkSEJzWFRCUFdiQ2pKaGZ0YXZFdGVpcXF3SlVIUlhrS3RzUlZnOEdXZ1R4ZFBRWDZHemJSX0JnTm14cGRHejNhODlGUUZXaXFqQU93QjBDdG82NWgtQ0h2UER2WS00c0l6c0t6MWpuQVk4RVFZZnE3VjQ0dk4ySTN5b0lGSw?oc=5"" target=""_blank"">AU Small Finance Bank Share Price Gains After Q3 Results</a>&nbsp;&nbsp;<font color=""#6f6f6f"">NDTV Profit</font>",2025-01-24 08:00:00,NDTV Profit,https://news.google.com/rss/articles/CBMioAFBVV95cUxNSHRCbjBKMWI5VWItRUpNVi1fYUxCNVhGaDU5SmdGZ0ZCQnJrT3pYNXBhVDZnSExiMVNBak01Vk9UMVVDSTl4dTBKcG1MQmEyOTRkMlB1OTRoRWJ3dU9TbE1FR1BKOUhnQXV5UXhyTWVLbk80cloxR3BtWlYzaDBfSXNEQ1UtVTFiRGhZY2ROOEdTMDg1T2dsVFNSb2ZxTVhN0gGoAUFVX3lxTFBNNWVOTll0YjBiVHY5WjhGTEtNLVhYekFJaTctRnNVQl9PTTBkSEJzWFRCUFdiQ2pKaGZ0YXZFdGVpcXF3SlVIUlhrS3RzUlZnOEdXZ1R4ZFBRWDZHemJSX0JnTm14cGRHejNhODlGUUZXaXFqQU93QjBDdG82NWgtQ0h2UER2WS00c0l6c0t6MWpuQVk4RVFZZnE3VjQ0dk4ySTN5b0lGSw?oc=5
AUBANK,AU Small Finance Bank Limited,AU Small Finance Bank calls board meeting to discuss proposed fundraiser via QIP route - Upstox,"<a href=""https://news.google.com/rss/articles/CBMi3AFBVV95cUxPNDNQNGhhb09JSm53enMxb1ZJMWg4RVhOZTB1WHhFdnUtd08wT2JuaWdwUWxrN00wT0VSM1hmVDFuRkExZzk1S09kRTJYVlRhWmJTR0xJUjZiSkVBdzNhb0JYUHpueGFjbUxQVGItTjE0UGNVM1N3Z0twWk1xdDNtb2NPcTlUQ005V3ZULVowaUc5S3NZOUh0VUZ6bXF1elJfTTRWbHlTdmhRZU1RejdoTWNGbXBmVDJQbENITVBaeDM3RHVPMW1HX3RER29KLV8xUFVneDVNODBXOGV5?oc=5"" target=""_blank"">AU Small Finance Bank calls board meeting to discuss proposed fundraiser via QIP route</a>&nbsp;&nbsp;<font color=""#6f6f6f"">Upstox</font>",2024-06-25 07:00:00,Upstox,https://news.google.com/rss/articles/CBMi3AFBVV95cUxPNDNQNGhhb09JSm53enMxb1ZJMWg4RVhOZTB1WHhFdnUtd08wT2JuaWdwUWxrN00wT0VSM1hmVDFuRkExZzk1S09kRTJYVlRhWmJTR0xJUjZiSkVBdzNhb0JYUHpueGFjbUxQVGItTjE0UGNVM1N3Z0twWk1xdDNtb2NPcTlUQ005V3ZULVowaUc5S3NZOUh0VUZ6bXF1elJfTTRWbHlTdmhRZU1RejdoTWNGbXBmVDJQbENITVBaeDM3RHVPMW1HX3RER29KLV8xUFVneDVNODBXOGV5?oc=5
AUBANK,AU Small Finance Bank Limited,"AU Small Finance Bank ready for next innings, says Goldman Sachs; Projects 21% upside - CNBC TV18","<a href=""https://news.google.com/rss/articles/CBMi2AFBVV95cUxQVnFVckFmM2NmTVlpbGgwUTFieVFnV1l4YTlkRkdFRVFaM3NPNjEzajFuY0E4WjVXOHljcWZxN01oTjRwM1JGMThOVzc3cW1ZNGJOMXk5cVBrTU1rMVJwOVhVUnN6ODU5YW8wQ2xwRE13T0RsS3lHaGs1VlpORTlLRHRYY25wMDZ3NC0tTnlnUTlIcldEbnBoaUZTVTBUakZMb2hmZHNsOW1RNjZqbHhUT0hqc2l2SDJWRnVEYjZ4M21SXzNQNjJaQ1lEOUFjVzVQQk9VbDMyVXXSAd4BQVVfeXFMUGlLeGkxdkZUc3lWTHdMZFY2U19oOFVWLURQUUdUUDRxTkZ4R0pGd0ctLWd5aEU0dGJkN3I2akR5d0ZLOGgzQVdUaGtiNUpDT01Odm5Oa2U1T0kyYVdyd1V0OTdFdmpVdG1YMVR4b3FmNkhqbUJPQTF1UzQ3TV9tOTQtaFVkQmFOb05JdWliQ3hwWVB5bXNrQldaejJRekxKVEpFMVJydHhaZDg5bGNzT1JpbTVidWxRaTJtVHZ2dW15bnVuTkxLTzV1bktKak1sMHZnZTdOSXV4SFhfaExB?oc=5"" target=""_blank"">AU Small Finance Bank ready for next innings, says Goldman Sachs; Projects 21% upside</a>&nbsp;&nbsp;<font color=""#6f6f6f"">CNBC TV18</font>",2024-09-05 07:00:00,CNBC TV18,https://news.google.com/rss/articles/CBMi2AFBVV95cUxQVnFVckFmM2NmTVlpbGgwUTFieVFnV1l4YTlkRkdFRVFaM3NPNjEzajFuY0E4WjVXOHljcWZxN01oTjRwM1JGMThOVzc3cW1ZNGJOMXk5cVBrTU1rMVJwOVhVUnN6ODU5YW8wQ2xwRE13T0RsS3lHaGs1VlpORTlLRHRYY25wMDZ3NC0tTnlnUTlIcldEbnBoaUZTVTBUakZMb2hmZHNsOW1RNjZqbHhUT0hqc2l2SDJWRnVEYjZ4M21SXzNQNjJaQ1lEOUFjVzVQQk9VbDMyVXXSAd4BQVVfeXFMUGlLeGkxdkZUc3lWTHdMZFY2U19oOFVWLURQUUdUUDRxTkZ4R0pGd0ctLWd5aEU0dGJkN3I2akR5d0ZLOGgzQVdUaGtiNUpDT01Odm5Oa2U1T0kyYVdyd1V0OTdFdmpVdG1YMVR4b3FmNkhqbUJPQTF1UzQ3TV9tOTQtaFVkQmFOb05JdWliQ3hwWVB5bXNrQldaejJRekxKVEpFMVJydHhaZDg5bGNzT1JpbTVidWxRaTJtVHZ2dW15bnVuTkxLTzV1bktKak1sMHZnZTdOSXV4SFhfaExB?oc=5
AUBANK,AU Small Finance Bank Limited,"Stocks to watch, January 27: Mazagon Dock, Tata Steel, Coal India, ACC, Petronet LNG, ICICI Bank, YES Bank, AU Small Finance Bank, and more - Upstox","<a href=""https://news.google.com/rss/articles/CBMilwJBVV95cUxNYV85Z2xjNmFxUUpZOTE4NHBUQV8xeTJ4Q2QzSUlwUnBVYjUtTTNERG9NdVpORDRvSlJHN0RMVUsxM2tuNzJFNVctUTJqU0M0Nk5uVFlEdmxEamJHVDVXX1VqN3Zla2w5TUdiYTA2UndQTHRXMngwenJReEgyZ1ozRjFaN21UYno2dDJkeVlJZm5wQy15cWgtUklvTVR3M09zb0dRNzctUld5M1JFYWhhNkJJUDFCRDc5VTcyaHlWTm94RWFBRlBBWTc2aDY2SHU1bkRkZkF4WVNRVlUwS2ZTOU9HQkdEWmM5ZGxVOVJNekpaTFh0cS1TbXJzbF9mVFBHeFYxSTBGMzdGNXU5c0NqU2I4ZXl1Rjg?oc=5"" target=""_blank"">Stocks to watch, January 27: Mazagon Dock, Tata Steel, Coal India, ACC, Petronet LNG, ICICI Bank, YES Bank, AU Small Finance Bank, and more</a>&nbsp;&nbsp;<font color=""#6f6f6f"">Upstox</font>",2025-01-27 08:00:00,Upstox,https://news.google.com/rss/articles/CBMilwJBVV95cUxNYV85Z2xjNmFxUUpZOTE4NHBUQV8xeTJ4Q2QzSUlwUnBVYjUtTTNERG9NdVpORDRvSlJHN0RMVUsxM2tuNzJFNVctUTJqU0M0Nk5uVFlEdmxEamJHVDVXX1VqN3Zla2w5TUdiYTA2UndQTHRXMngwenJReEgyZ1ozRjFaN21UYno2dDJkeVlJZm5wQy15cWgtUklvTVR3M09zb0dRNzctUld5M1JFYWhhNkJJUDFCRDc5VTcyaHlWTm94RWFBRlBBWTc2aDY2SHU1bkRkZkF4WVNRVlUwS2ZTOU9HQkdEWmM5ZGxVOVJNekpaTFh0cS1TbXJzbF9mVFBHeFYxSTBGMzdGNXU5c0NqU2I4ZXl1Rjg?oc=5
AUBANK,AU Small Finance Bank Limited,RBI approves Temasek’s Zulia Investments to acquire 7% stake in AU Small Finance Bank - BusinessLine,"<a href=""https://news.google.com/rss/articles/CBMi4AFBVV95cUxNdWhUdWFfQl9STnRWRm5kNDJVb2NyU2tLd1dSbzVNNWZYSng3XzIyYlZTMnlZRzBGQ0RGaURUaWRPVGkxU2d1OUtuVWdzRllsZjFyYUFYS05rczJYcW8xWXN5REhmdXVYcTA0XzRYbnhBeDVLTkFhRW5oZ0ZMdnNXOG16RGQ2c3l4UnY3dWFNZS1NRXB5dzZKemFINllFYUJ3M1J1VkNaUlYxQzVSVVBudFhiS0dMajZJazhmR04wUVhHRlNuU1FBdkNuZ0ZkWEN4cVNSdXRrRXRjb1BVa05GadIB5wFBVV95cUxNaFdoc28xb1NKLWxVWGt1MDEwcHNiU3YtZEs3Q0ltVlF1YUxqRzVsUTA3ZDhWbExUQmQ0MXhkQ180bFlUbTZqQjVsdHFuYW90dXBsOW1Cc1M4U2lGeFY1dm55bEVEeFJhMU9ETU00M2V3b2ZoODExbjhqTE1oOXZfdExQWjJ1Q1UwYmNKM1l2ellJVkxUazZWUUs3YkRqOTlCU25OcEpmbmxfemV3Ym1Pemx0OUxNc1pIaW5lTlZPNXJJZ0FvOXpHaUZJUmtZQ216TExGZzU2NnpnYUNDZTZEbFY2eXhIakk?oc=5"" target=""_blank"">RBI approves Temasek’s Zulia Investments to acquire 7% stake in AU Small Finance Bank</a>&nbsp;&nbsp;<font color=""#6f6f6f"">BusinessLine</font>",2025-02-13 08:00:00,BusinessLine,https://news.google.com/rss/articles/CBMi4AFBVV95cUxNdWhUdWFfQl9STnRWRm5kNDJVb2NyU2tLd1dSbzVNNWZYSng3XzIyYlZTMnlZRzBGQ0RGaURUaWRPVGkxU2d1OUtuVWdzRllsZjFyYUFYS05rczJYcW8xWXN5REhmdXVYcTA0XzRYbnhBeDVLTkFhRW5oZ0ZMdnNXOG16RGQ2c3l4UnY3dWFNZS1NRXB5dzZKemFINllFYUJ3M1J1VkNaUlYxQzVSVVBudFhiS0dMajZJazhmR04wUVhHRlNuU1FBdkNuZ0ZkWEN4cVNSdXRrRXRjb1BVa05GadIB5wFBVV95cUxNaFdoc28xb1NKLWxVWGt1MDEwcHNiU3YtZEs3Q0ltVlF1YUxqRzVsUTA3ZDhWbExUQmQ0MXhkQ180bFlUbTZqQjVsdHFuYW90dXBsOW1Cc1M4U2lGeFY1dm55bEVEeFJhMU9ETU00M2V3b2ZoODExbjhqTE1oOXZfdExQWjJ1Q1UwYmNKM1l2ellJVkxUazZWUUs3YkRqOTlCU25OcEpmbmxfemV3Ym1Pemx0OUxNc1pIaW5lTlZPNXJJZ0FvOXpHaUZJUmtZQ216TExGZzU2NnpnYUNDZTZEbFY2eXhIakk?oc=5
AUBANK,AU Small Finance Bank Limited,AU SMALL FINANCE BANK LTD Option Chain: Live NIFTY/NSE Option Chain Price Chart - ICICI Direct,"<a href=""https://news.google.com/rss/articles/CBMijwFBVV95cUxQQ3BaOEpnSTFRNTVlVWtPUTJ4bHFCZjluaUpLd2JRVjBjeS1ObHVBWm9UYkZEM2Z4alN1MENyTVo4VlNvcTlrTDlJOWpnZ1ExOTV1UTdYUlpvV1pLcGt4VWdBU1p3Zl96bXhFOG9xWlJPaG5jX21Hby0xUTh5U0xWenhBMkhjUVc3aGptM1NmYw?oc=5"" target=""_blank"">AU SMALL FINANCE BANK LTD Option Chain: Live NIFTY/NSE Option Chain Price Chart</a>&nbsp;&nbsp;<font color=""#6f6f6f"">ICICI Direct</font>",2022-05-18 07:55:42,ICICI Direct,https://news.google.com/rss/articles/CBMijwFBVV95cUxQQ3BaOEpnSTFRNTVlVWtPUTJ4bHFCZjluaUpLd2JRVjBjeS1ObHVBWm9UYkZEM2Z4alN1MENyTVo4VlNvcTlrTDlJOWpnZ1ExOTV1UTdYUlpvV1pLcGt4VWdBU1p3Zl96bXhFOG9xWlJPaG5jX21Hby0xUTh5U0xWenhBMkhjUVc3aGptM1NmYw?oc=5
AUBANK,AU Small Finance Bank Limited,"AU Small Finance Bank's board approves fundraise of Rs 11,000 crore - Moneycontrol.com","<a href=""https://news.google.com/rss/articles/CBMizAFBVV95cUxOS3dwY3RzLUZJeEk4ZXZDNTRES0VxWHJEeWQ1angwWjItUmhTckVOOVZFOXhMY3A3dHBZejB2eWF1QWhxS01QVGo2SVdvWTRsY1ZiOWUyRnJRcHZIV0lobGhDbHREd1d0a3JseDAzS2xhcy12MGMzSUpVbjh3WGlfSWhWVzhHOVVmT3V1OTdJWVpKM3Y4SWNuYlZkUDMwOWNQMG5kbk9GYWNRLXpPajZSamZYTWxwTlJac0hSUjZtLUJtZXVJV3cyY1RpdUbSAdIBQVVfeXFMTUhSdFo2SEU5OHRLZ0tCOGI4N21KbkFmeHV3OXU0Mmc3NHVHaTRzd3dnTkJFUkRITnRUQi1DLVNwazJqQWpGdnRBN3BRMkFteFAxbmp6SFBkeldzUkxlRmg3Nl9Sd1VSZlpBTFQtOW5KUDVtZEV1QWxKdGd5ZkFiOFZ1TG1JakJmQk1lWnpwb2ZXcmItei1RNzRLbTlXREJRMWlHNXZfQ0l5NERHWkc5b0FSX29IM3BPVndMOFF1dEhLZ3Vra3BibjFYQThQcFJlNVhB?oc=5"" target=""_blank"">AU Small Finance Bank's board approves fundraise of Rs 11,000 crore</a>&nbsp;&nbsp;<font color=""#6f6f6f"">Moneycontrol.com</font>",2024-06-27 07:00:00,Moneycontrol.com,https://news.google.com/rss/articles/CBMizAFBVV95cUxOS3dwY3RzLUZJeEk4ZXZDNTRES0VxWHJEeWQ1angwWjItUmhTckVOOVZFOXhMY3A3dHBZejB2eWF1QWhxS01QVGo2SVdvWTRsY1ZiOWUyRnJRcHZIV0lobGhDbHREd1d0a3JseDAzS2xhcy12MGMzSUpVbjh3WGlfSWhWVzhHOVVmT3V1OTdJWVpKM3Y4SWNuYlZkUDMwOWNQMG5kbk9GYWNRLXpPajZSamZYTWxwTlJac0hSUjZtLUJtZXVJV3cyY1RpdUbSAdIBQVVfeXFMTUhSdFo2SEU5OHRLZ0tCOGI4N21KbkFmeHV3OXU0Mmc3NHVHaTRzd3dnTkJFUkRITnRUQi1DLVNwazJqQWpGdnRBN3BRMkFteFAxbmp6SFBkeldzUkxlRmg3Nl9Sd1VSZlpBTFQtOW5KUDVtZEV1QWxKdGd5ZkFiOFZ1TG1JakJmQk1lWnpwb2ZXcmItei1RNzRLbTlXREJRMWlHNXZfQ0l5NERHWkc5b0FSX29IM3BPVndMOFF1dEhLZ3Vra3BibjFYQThQcFJlNVhB?oc=5
AUBANK,AU Small Finance Bank Limited,AUBANK Forecast — Price Target — Prediction for 2027 - TradingView,"<a href=""https://news.google.com/rss/articles/CBMiZ0FVX3lxTE1EZXd6djJVbHRJSklnaWN4MEdINkx5RDZYZFYxR1IyOURSel8xd0l4VUtLcDUzeEZRTFFzNTl6TXo5THp3eHFYRGdQd3dDSm9fYWRqRHliZ2JCa1JGM1JpdnhMR1AxOWs?oc=5"" target=""_blank"">AUBANK Forecast — Price Target — Prediction for 2027</a>&nbsp;&nbsp;<font color=""#6f6f6f"">TradingView</font>",2022-08-16 14:14:16,TradingView,https://news.google.com/rss/articles/CBMiZ0FVX3lxTE1EZXd6djJVbHRJSklnaWN4MEdINkx5RDZYZFYxR1IyOURSel8xd0l4VUtLcDUzeEZRTFFzNTl6TXo5THp3eHFYRGdQd3dDSm9fYWRqRHliZ2JCa1JGM1JpdnhMR1AxOWs?oc=5
AUBANK,AU Small Finance Bank Limited,AU Small Finance Bank Shares Plunge 12% on Earnings Miss - Rediff MoneyWiz,"<a href=""https://news.google.com/rss/articles/CBMiqgFBVV95cUxPMVRyV1ZUcE9BaWJ6YXg2ODFwZEJWbzlWMTlPWno3VnZQSTJ2WGs1aUVIVHQwVW5LMlc1WEJNOFpvV0RCTnJyNmFHWmw3SmNlbkQ0cEtRV0EwQ0NqNmNZTUo3R1c1UW9iN2Q2TWpuUm5aRTJReGZWZVgwa0c3Sm5FU2NsYkF6MGx1V3k2clVBa1hITHVHV3gxd1l4eUpKa1lYQnBxVmlkUng5QdIBrwFBVV95cUxOQ0ZSMTQ0bW5RTWNla1ByU1NpbGU0VUw0U1dCdjkxZzBUcjY4VnNSd2FrcFJacjlmamVwcTlFa1NfdW1yZHB6S0ZiX21PR0FhbzVJcHUybTZVMTVVTXFxTkZ6ak5fRlpiVk1LUWJoZFBSMGxveE10U2thNUM1ZG9uZUpPa3F3NW5Yb1Q1V2VlaVJCTXZudmRTWlZPZV8xNk5kOE9ma2NIVmEzRXpwOUY0?oc=5"" target=""_blank"">AU Small Finance Bank Shares Plunge 12% on Earnings Miss</a>&nbsp;&nbsp;<font color=""#6f6f6f"">Rediff MoneyWiz</font>",2024-01-29 08:00:00,Rediff MoneyWiz,https://news.google.com/rss/articles/CBMiqgFBVV95cUxPMVRyV1ZUcE9BaWJ6YXg2ODFwZEJWbzlWMTlPWno3VnZQSTJ2WGs1aUVIVHQwVW5LMlc1WEJNOFpvV0RCTnJyNmFHWmw3SmNlbkQ0cEtRV0EwQ0NqNmNZTUo3R1c1UW9iN2Q2TWpuUm5aRTJReGZWZVgwa0c3Sm5FU2NsYkF6MGx1V3k2clVBa1hITHVHV3gxd1l4eUpKa1lYQnBxVmlkUng5QdIBrwFBVV95cUxOQ0ZSMTQ0bW5RTWNla1ByU1NpbGU0VUw0U1dCdjkxZzBUcjY4VnNSd2FrcFJacjlmamVwcTlFa1NfdW1yZHB6S0ZiX21PR0FhbzVJcHUybTZVMTVVTXFxTkZ6ak5fRlpiVk1LUWJoZFBSMGxveE10U2thNUM1ZG9uZUpPa3F3NW5Yb1Q1V2VlaVJCTXZudmRTWlZPZV8xNk5kOE9ma2NIVmEzRXpwOUY0?oc=5
AUBANK,AU Small Finance Bank Limited,"AU Small Finance Bank Limited (AUBANK.NS) Stock Price, News, Quote & History - Yahoo Finance","<a href=""https://news.google.com/rss/articles/CBMiVEFVX3lxTE9JdFJqRExZWVBBcW9SOGYyVGlxMjVlZ0h4S002aWg3aFFEZEVHWWdVU3BVN1dtdFloUldocXBwd0ViYVVkS3FVemVoYjZLZXJKODB6TQ?oc=5"" target=""_blank"">AU Small Finance Bank Limited (AUBANK.NS) Stock Price, News, Quote & History</a>&nbsp;&nbsp;<font color=""#6f6f6f"">Yahoo Finance</font>",2018-05-16 22:59:27,Yahoo Finance,https://news.google.com/rss/articles/CBMiVEFVX3lxTE9JdFJqRExZWVBBcW9SOGYyVGlxMjVlZ0h4S002aWg3aFFEZEVHWWdVU3BVN1dtdFloUldocXBwd0ViYVVkS3FVemVoYjZLZXJKODB6TQ?oc=5
AUBANK,AU Small Finance Bank Limited,AU Small Finance Bank stock price jumps 4% after Singapore govt buys over 19 lakh shares - Moneycontrol.com,"<a href=""https://news.google.com/rss/articles/CBMi5AFBVV95cUxNU2dBazBEdjNDdHBrdDMtUVhFVXdnS2I5XzBnbHVicWZTNXBGS0ZQaDdseDIzcmFTREV3Rk1UUjFfUVc2aHRpRTJ5c2d3WEREeUVFbU1UYWw0eU13eFhVSWkzVGhnREZyWWk1X2hoOFZHYzhDcWpHOHhDbGI3RnpDOVRpRzI4MFhubmdSSW5oRG1UWFJiSWVlNGFYeTBaTnZiYVhoek1UbVJNQjV6STJ0OW5Hb25HcThjQjRzeWtqOWFjUmZxajRhaE5naG1IdjFqOHV3M1c5UlRqX1pJY1dsRkZiSHDSAeoBQVVfeXFMTUtHR3V2VnhLakt0NDBLcHkzV25ZbkJjTXIzOWJDWFhkWWJJSThyMWJLdEJVTGtRb3pIVWZIdzV4RzA5aWp5TUVzZnhFQ0lsQm1zb2QyRDR6VEJwT3NqN0J0M3Q3SGJYSjhkZUl2NjFCbDhDYnliLTY1NHNtaHh2dy1UZzY1Y3czUGFsMk1uVERTTXN1WHJ4Qjdzcm41eElWQm9vTjBPNE1Xck5jM29BaV93VS0xa2hPTHRyMmNaQ0JOcXB1RWlxZzQtTm13TEZ4OWE4dGRWLTVmUUhuSkJPQzRKUlJxTV9OSTBB?oc=5"" target=""_blank"">AU Small Finance Bank stock price jumps 4% after Singapore govt buys over 19 lakh shares</a>&nbsp;&nbsp;<font color=""#6f6f6f"">Moneycontrol.com</font>",2020-05-19 07:00:00,Moneycontrol.com,https://news.google.com/rss/articles/CBMi5AFBVV95cUxNU2dBazBEdjNDdHBrdDMtUVhFVXdnS2I5XzBnbHVicWZTNXBGS0ZQaDdseDIzcmFTREV3Rk1UUjFfUVc2aHRpRTJ5c2d3WEREeUVFbU1UYWw0eU13eFhVSWkzVGhnREZyWWk1X2hoOFZHYzhDcWpHOHhDbGI3RnpDOVRpRzI4MFhubmdSSW5oRG1UWFJiSWVlNGFYeTBaTnZiYVhoek1UbVJNQjV6STJ0OW5Hb25HcThjQjRzeWtqOWFjUmZxajRhaE5naG1IdjFqOHV3M1c5UlRqX1pJY1dsRkZiSHDSAeoBQVVfeXFMTUtHR3V2VnhLakt0NDBLcHkzV25ZbkJjTXIzOWJDWFhkWWJJSThyMWJLdEJVTGtRb3pIVWZIdzV4RzA5aWp5TUVzZnhFQ0lsQm1zb2QyRDR6VEJwT3NqN0J0M3Q3SGJYSjhkZUl2NjFCbDhDYnliLTY1NHNtaHh2dy1UZzY1Y3czUGFsMk1uVERTTXN1WHJ4Qjdzcm41eElWQm9vTjBPNE1Xck5jM29BaV93VS0xa2hPTHRyMmNaQ0JOcXB1RWlxZzQtTm13TEZ4OWE4dGRWLTVmUUhuSkJPQzRKUlJxTV9OSTBB?oc=5
AUBANK,AU Small Finance Bank Limited,"Top stocks of this week: SBI Cards, Gujarat Gas, AU Small Finance Bank, Paytm and more - Business Today","<a href=""https://news.google.com/rss/articles/CBMi4wFBVV95cUxOOEU4VXdsS01sc1JpN1Byb08zVWFMSkZuaWFKRFppTDZ6VkhYYlNaZ0JnZTFBYU5FUlBaYTBENWxwaUZBWW5YWnNEYlJJX2dUNUtTLVNRTGszZF92TDkzTU9ZbVpMczNQUXZnQkFkdVgxT0VleWxoNkcwZXIyQlFleTMydzBXWXBkQXRJczZTVDU4Wlp1UzVvSU1abHEtcnoxTTI5ZjV3aDI3akh1UGhQSi10TmNKSC1veE1ud1VKV3FwdllvWGF1cnFGUFlSQjY2d1lmN3FxV2E3TjZRZUphMmpqY9IB4wFBVV95cUxOOEU4VXdsS01sc1JpN1Byb08zVWFMSkZuaWFKRFppTDZ6VkhYYlNaZ0JnZTFBYU5FUlBaYTBENWxwaUZBWW5YWnNEYlJJX2dUNUtTLVNRTGszZF92TDkzTU9ZbVpMczNQUXZnQkFkdVgxT0VleWxoNkcwZXIyQlFleTMydzBXWXBkQXRJczZTVDU4Wlp1UzVvSU1abHEtcnoxTTI5ZjV3aDI3akh1UGhQSi10TmNKSC1veE1ud1VKV3FwdllvWGF1cnFGUFlSQjY2d1lmN3FxV2E3TjZRZUphMmpqYw?oc=5"" target=""_blank"">Top stocks of this week: SBI Cards, Gujarat Gas, AU Small Finance Bank, Paytm and more</a>&nbsp;&nbsp;<font color=""#6f6f6f"">Business Today</font>",2024-09-07 07:00:00,Business Today,https://news.google.com/rss/articles/CBMi4wFBVV95cUxOOEU4VXdsS01sc1JpN1Byb08zVWFMSkZuaWFKRFppTDZ6VkhYYlNaZ0JnZTFBYU5FUlBaYTBENWxwaUZBWW5YWnNEYlJJX2dUNUtTLVNRTGszZF92TDkzTU9ZbVpMczNQUXZnQkFkdVgxT0VleWxoNkcwZXIyQlFleTMydzBXWXBkQXRJczZTVDU4Wlp1UzVvSU1abHEtcnoxTTI5ZjV3aDI3akh1UGhQSi10TmNKSC1veE1ud1VKV3FwdllvWGF1cnFGUFlSQjY2d1lmN3FxV2E3TjZRZUphMmpqY9IB4wFBVV95cUxOOEU4VXdsS01sc1JpN1Byb08zVWFMSkZuaWFKRFppTDZ6VkhYYlNaZ0JnZTFBYU5FUlBaYTBENWxwaUZBWW5YWnNEYlJJX2dUNUtTLVNRTGszZF92TDkzTU9ZbVpMczNQUXZnQkFkdVgxT0VleWxoNkcwZXIyQlFleTMydzBXWXBkQXRJczZTVDU4Wlp1UzVvSU1abHEtcnoxTTI5ZjV3aDI3akh1UGhQSi10TmNKSC1veE1ud1VKV3FwdllvWGF1cnFGUFlSQjY2d1lmN3FxV2E3TjZRZUphMmpqYw?oc=5
AUBANK,AU Small Finance Bank Limited,Technical Analysis of AU Small Finance Bank Limited (NSE:AUBANK) - TradingView,"<a href=""https://news.google.com/rss/articles/CBMiakFVX3lxTE1PODRHMGlXMng4QXhSa09BQ0pjeXVUaG03aTBodnkyRnhFZlV4ekw2bG9yZjg0Mk9qbWMzaU8zME12SXFtVFhabTE5UnF6Wkdub05IXzlIVEZqa0ZaR1hseExvNDQtRC1nR2c?oc=5"" target=""_blank"">Technical Analysis of AU Small Finance Bank Limited (NSE:AUBANK)</a>&nbsp;&nbsp;<font color=""#6f6f6f"">TradingView</font>",2018-02-01 02:05:20,TradingView,https://news.google.com/rss/articles/CBMiakFVX3lxTE1PODRHMGlXMng4QXhSa09BQ0pjeXVUaG03aTBodnkyRnhFZlV4ekw2bG9yZjg0Mk9qbWMzaU8zME12SXFtVFhabTE5UnF6Wkdub05IXzlIVEZqa0ZaR1hseExvNDQtRC1nR2c?oc=5
