scrip,company,headline,summary,published_date,source,url
BOMDYEING,Bombay Dyeing & Mfg Company Limited,"Bombay Dyeing and Manufacturing (NSE:BOMDYEING) delivers shareholders favorable 21% CAGR over 3 years, surging 10% in the last week alone - simplywall.st","<a href=""https://news.google.com/rss/articles/CBMi_AFBVV95cUxNS2VaRl9nUndjb3kxUmZ2amNKQzAzSkRsX3VMdnNvdUZJb1FZeXVxdzlYN01BbWFhX3pBanAtN0QySW9BTHhweGU3X1p4ODBqdngwZHhiMUUwX1llUWpXZm9hNEdCY0otVlhyVjMzb0pCRjhvcXAya1ZWU0ZGd0FSdmV2NDFWcmdicS1XMnFqUnpUM05ITG40bG5pX1FSQVdZZ015UUo1SnBvT0JhYmRBSG1SMHM3VWJFZkwzN1Utb3prRmhjLVRRNHVvYjFsMFJ4SVVseFQzd0RNUlVkSzJic1JsY2IyWERiMi1QSmxibjZCUUZreVJxUVgzS0w?oc=5"" target=""_blank"">Bombay Dyeing and Manufacturing (NSE:BOMDYEING) delivers shareholders favorable 21% CAGR over 3 years, surging 10% in the last week alone</a>&nbsp;&nbsp;<font color=""#6f6f6f"">simplywall.st</font>",2026-02-05 08:00:00,simplywall.st,https://news.google.com/rss/articles/CBMi_AFBVV95cUxNS2VaRl9nUndjb3kxUmZ2amNKQzAzSkRsX3VMdnNvdUZJb1FZeXVxdzlYN01BbWFhX3pBanAtN0QySW9BTHhweGU3X1p4ODBqdngwZHhiMUUwX1llUWpXZm9hNEdCY0otVlhyVjMzb0pCRjhvcXAya1ZWU0ZGd0FSdmV2NDFWcmdicS1XMnFqUnpUM05ITG40bG5pX1FSQVdZZ015UUo1SnBvT0JhYmRBSG1SMHM3VWJFZkwzN1Utb3prRmhjLVRRNHVvYjFsMFJ4SVVseFQzd0RNUlVkSzJic1JsY2IyWERiMi1QSmxibjZCUUZreVJxUVgzS0w?oc=5
BOMDYEING,Bombay Dyeing & Mfg Company Limited,"BOMDYEING Consolidated September 2025 Net Sales at Rs 362.63 crore, down 4.73% Y-o-Y - Moneycontrol.com","<a href=""https://news.google.com/rss/articles/CBMi4gFBVV95cUxNV2NPTUdZN09XMUQyMTNtTmIza0cxZzFDalhpQnVFcE14ejg3UTc1ZFhMTkNUakhmZFdaZnFzV1hQc2xUcjY2TXgzekdXcHltS2VtSkJHd0FYQTRmNGV4YmRHRHgxS1MtaFZveHAzd2xqZnFlWXB1a0ZQNlNoaWhhNnh1aVZqRXduTUhSNWh4YnNaWDNDeFhCMWdGSEFzNFg5U3NIZVhvUWxmdUxSYW5aWkRQc0hxMmozeEJRZEFybjA4dWctMmJteUlObDhWMEQ2V3UxbHU5N1N3dVBCOWdBLTZ30gHnAUFVX3lxTE9rWGg2dnpmb0FxUlRwc3pMVWRaWmVJcTNJNWxnajM3b3lST1I1ZGRrR2xVM3VuVnpYbE1Rek1sTjdfTTZCMDdIYnk1RkZ3UTB3c3FZVXBqWWN0b1paOWEwUnRQQnplLU9ianpGSG14MmR4UXR5SUF3TlAyLXBPclhOc2VOYnlodktqSnY1SHh1RmMtdkxoUW1KY1ZISXZRa0xWamN1RFNWMFc4X21tUVRvVFpvRTN1N1Z5RmVTTEltdkpwY2w1ajlteW9feGRrZ3V6MFAyZVZ3cF9lR1M5bHNmOEFvcTFKRQ?oc=5"" target=""_blank"">BOMDYEING Consolidated September 2025 Net Sales at Rs 362.63 crore, down 4.73% Y-o-Y</a>&nbsp;&nbsp;<font color=""#6f6f6f"">Moneycontrol.com</font>",2025-11-07 08:00:00,Moneycontrol.com,https://news.google.com/rss/articles/CBMi4gFBVV95cUxNV2NPTUdZN09XMUQyMTNtTmIza0cxZzFDalhpQnVFcE14ejg3UTc1ZFhMTkNUakhmZFdaZnFzV1hQc2xUcjY2TXgzekdXcHltS2VtSkJHd0FYQTRmNGV4YmRHRHgxS1MtaFZveHAzd2xqZnFlWXB1a0ZQNlNoaWhhNnh1aVZqRXduTUhSNWh4YnNaWDNDeFhCMWdGSEFzNFg5U3NIZVhvUWxmdUxSYW5aWkRQc0hxMmozeEJRZEFybjA4dWctMmJteUlObDhWMEQ2V3UxbHU5N1N3dVBCOWdBLTZ30gHnAUFVX3lxTE9rWGg2dnpmb0FxUlRwc3pMVWRaWmVJcTNJNWxnajM3b3lST1I1ZGRrR2xVM3VuVnpYbE1Rek1sTjdfTTZCMDdIYnk1RkZ3UTB3c3FZVXBqWWN0b1paOWEwUnRQQnplLU9ianpGSG14MmR4UXR5SUF3TlAyLXBPclhOc2VOYnlodktqSnY1SHh1RmMtdkxoUW1KY1ZISXZRa0xWamN1RFNWMFc4X21tUVRvVFpvRTN1N1Z5RmVTTEltdkpwY2w1ajlteW9feGRrZ3V6MFAyZVZ3cF9lR1M5bHNmOEFvcTFKRQ?oc=5
BOMDYEING,Bombay Dyeing & Mfg Company Limited,Bombay Dyeing shares zoom 16%; more upside ahead or time to book profits? - Business Today,"<a href=""https://news.google.com/rss/articles/CBMi1AFBVV95cUxPc2tQdFkxUGNUdWRSVTFGdnVVSmx1QWo1Q0F0NjNVdTlnNVdLaDRvSzdsTktrUWVFalhBNlVLV3BQLUN5V0RqdjIzTjBzNzBBdGNWcFloWDhOd2s3VEJ4dzlZdDN1OWpJTGM4MHBqZDk5cUx4VHJ1REZpendkRmhuN1cwLTcyODNiX0VHMkRDa21xVXg4aDlDUFhTWU93WlpHVWZ0dWw5c3pDVkItS0dZQkdSSGdnemo2bDl1X2ptWGJNbUxvUVZLTTVNY3haeW5IVDZDTdIB2gFBVV95cUxQRFJ2S0pwQWFURmgxZHprcVhodHBmZ0pKYURJWngybi02ME9YNU1YbFR3VG5xZUwtUDgyNndJc1JQNmx1NnZJQWFYclZ2Y2hPbmYzNEZzMWxmX0tNT2wzaGlYRzdTM2hWSmtJbVFucHVDYW1nNTZIaW80LVFFc18wLVZyOHBIbG92Wko2X0RrZGI4dTJBLTVJQVhRVTA3QS14WWhYUW9GckF5UzJxeERYLU5zdnlCaEs2TG1UV1VaOU1udHFGWXd4elJBWXl0REJvTlpSNkdlbzladw?oc=5"" target=""_blank"">Bombay Dyeing shares zoom 16%; more upside ahead or time to book profits?</a>&nbsp;&nbsp;<font color=""#6f6f6f"">Business Today</font>",2025-07-23 07:00:00,Business Today,https://news.google.com/rss/articles/CBMi1AFBVV95cUxPc2tQdFkxUGNUdWRSVTFGdnVVSmx1QWo1Q0F0NjNVdTlnNVdLaDRvSzdsTktrUWVFalhBNlVLV3BQLUN5V0RqdjIzTjBzNzBBdGNWcFloWDhOd2s3VEJ4dzlZdDN1OWpJTGM4MHBqZDk5cUx4VHJ1REZpendkRmhuN1cwLTcyODNiX0VHMkRDa21xVXg4aDlDUFhTWU93WlpHVWZ0dWw5c3pDVkItS0dZQkdSSGdnemo2bDl1X2ptWGJNbUxvUVZLTTVNY3haeW5IVDZDTdIB2gFBVV95cUxQRFJ2S0pwQWFURmgxZHprcVhodHBmZ0pKYURJWngybi02ME9YNU1YbFR3VG5xZUwtUDgyNndJc1JQNmx1NnZJQWFYclZ2Y2hPbmYzNEZzMWxmX0tNT2wzaGlYRzdTM2hWSmtJbVFucHVDYW1nNTZIaW80LVFFc18wLVZyOHBIbG92Wko2X0RrZGI4dTJBLTVJQVhRVTA3QS14WWhYUW9GckF5UzJxeERYLU5zdnlCaEs2TG1UV1VaOU1udHFGWXd4elJBWXl0REJvTlpSNkdlbzladw?oc=5
BOMDYEING,Bombay Dyeing & Mfg Company Limited,"The Bombay Dyeing and Manufacturing Company Limited Announces Resignation of Khiroda Jena as Chief Risk Officer and Key Managerial Personnel, Effective February 13, 2026 - marketscreener.com","<a href=""https://news.google.com/rss/articles/CBMi6AFBVV95cUxORnZBbUhqRk9oWGtQR0ZsMXNwUXhReVg3MWNRQkNnTl9oYTd3NHpyX3E3SWJpSzhaUWVwWUJmdkRVdkZGUlBmZkZjZzV1bmc4dHVBb1BmSXN5amJnRC1wRWE0VkwwX2NfT01sR2IwTGJEWG0wcFYyeDlyaVQ2TEdBNEtTbVBrUXo1T1FzRHMyZW85b2s0TmtIRjJBdnJmQW5DME0tMTh5dy1wRXhyLUVoclE2TzNvX2NIX29iRGtCRURGOFMyQ1dNWHdmOGo2Zk9hY3R5UjZneUI2TmYzQWpuMUxFN3Z6LWxp?oc=5"" target=""_blank"">The Bombay Dyeing and Manufacturing Company Limited Announces Resignation of Khiroda Jena as Chief Risk Officer and Key Managerial Personnel, Effective February 13, 2026</a>&nbsp;&nbsp;<font color=""#6f6f6f"">marketscreener.com</font>",2026-02-11 08:00:00,marketscreener.com,https://news.google.com/rss/articles/CBMi6AFBVV95cUxORnZBbUhqRk9oWGtQR0ZsMXNwUXhReVg3MWNRQkNnTl9oYTd3NHpyX3E3SWJpSzhaUWVwWUJmdkRVdkZGUlBmZkZjZzV1bmc4dHVBb1BmSXN5amJnRC1wRWE0VkwwX2NfT01sR2IwTGJEWG0wcFYyeDlyaVQ2TEdBNEtTbVBrUXo1T1FzRHMyZW85b2s0TmtIRjJBdnJmQW5DME0tMTh5dy1wRXhyLUVoclE2TzNvX2NIX29iRGtCRURGOFMyQ1dNWHdmOGo2Zk9hY3R5UjZneUI2TmYzQWpuMUxFN3Z6LWxp?oc=5
BOMDYEING,Bombay Dyeing & Mfg Company Limited,Subdued Growth No Barrier To The Bombay Dyeing and Manufacturing Company Limited (NSE:BOMDYEING) With Shares Advancing 28% - simplywall.st,"<a href=""https://news.google.com/rss/articles/CBMi_AFBVV95cUxQcVFnUnAzUEdyUkxSb2J6ZzBtZTNUaVBpM09yMUhMbmt5eWhuOTJnaVFtcUsxWFpmTXZLR1dLTXRKaElvR1B5TmM1STd3bnR5Y0ItUDRiWDhrX0ZRUGV2NkxNUEJUTjZnYjVFOXV2QUhPV1c0dVkyamdwVk52eEwwTTNtdHBfQ0Rad3dOeDFhZ0FxaU1td2VYY0pHTzh0YzVQR1g2Zi1SdTQ5TUQ2amhnS1FmRXN3NHV4VW1aTWJidWNJcWRLRDUxNmJWb0I2enUzcGxOc3R6TjlVdG84V2FjbW03X1NNUm1NdTZQa0g2UEowVGZGX0FCWkFNVzg?oc=5"" target=""_blank"">Subdued Growth No Barrier To The Bombay Dyeing and Manufacturing Company Limited (NSE:BOMDYEING) With Shares Advancing 28%</a>&nbsp;&nbsp;<font color=""#6f6f6f"">simplywall.st</font>",2025-07-24 07:00:00,simplywall.st,https://news.google.com/rss/articles/CBMi_AFBVV95cUxQcVFnUnAzUEdyUkxSb2J6ZzBtZTNUaVBpM09yMUhMbmt5eWhuOTJnaVFtcUsxWFpmTXZLR1dLTXRKaElvR1B5TmM1STd3bnR5Y0ItUDRiWDhrX0ZRUGV2NkxNUEJUTjZnYjVFOXV2QUhPV1c0dVkyamdwVk52eEwwTTNtdHBfQ0Rad3dOeDFhZ0FxaU1td2VYY0pHTzh0YzVQR1g2Zi1SdTQ5TUQ2amhnS1FmRXN3NHV4VW1aTWJidWNJcWRLRDUxNmJWb0I2enUzcGxOc3R6TjlVdG84V2FjbW03X1NNUm1NdTZQa0g2UEowVGZGX0FCWkFNVzg?oc=5
BOMDYEING,Bombay Dyeing & Mfg Company Limited,Bombay Dyeing and Manufacturing (NSE:BOMDYEING) Will Pay A Dividend Of ₹1.20 - simplywall.st,"<a href=""https://news.google.com/rss/articles/CBMi_AFBVV95cUxQQnVOb1Y0dV9FY0VCekNicVh1ZHNtd1NjLVBUSWFJRjQ2eE51c2E0c0xqblA2b3BQaWotbFQ4WUZEbmJjdU1aejVnTUszLWU1bHpzTHI5OHhveDVGUzNpaDkzVGhjdDR4b0J1Z1REODlMZC1ZQy1kMm1MSnlSVDliXzNoMU9GY0dKRldrYTd5VkwtMUVaWnVaSUVFZmpGc3hibUduT1VBZG5kajM5OGhwQVRLcWNsWnV3bnBQTUdqOHpWeWV3bV9GMEk2UENCX2M3bDNVa093OXVpNFN0bjkxOFRlRXh2bFZXeS1ibG1MNVJfYzFoMnlablgtNjPSAYICQVVfeXFMTi1sa3RtUzgyQjhqenJha1hJU1pGRTNnMzdKbENTWGk4MVVidXlGWUhNS3hSc3lTQ2RzUm5aM2tibEhRbHZ4NHk0OVY0R3FRdTV3dGVHWmRQUDdyVGJpNW5fWW5ralVDcnZCRkxtc3ZsQkJJT0tHUGhPaURHcGMzUnNjMkRUMVN5M1E3WTFkd2lHNERXS0RaWkdiZ2dqX1J6VTlRaTc0UTB3eEVKcGhKMkwxeml0T2lwLU1zNjBfOTU4WXpsYUt6OWhwUngwc1BncS1aOC1ENks5TDdEenE1OVdzb3ZGM3ZlbXotNFJVcFBjVGNzNFN2dGxtQjUyWDJBRnN3?oc=5"" target=""_blank"">Bombay Dyeing and Manufacturing (NSE:BOMDYEING) Will Pay A Dividend Of ₹1.20</a>&nbsp;&nbsp;<font color=""#6f6f6f"">simplywall.st</font>",2025-07-30 07:00:00,simplywall.st,https://news.google.com/rss/articles/CBMi_AFBVV95cUxQQnVOb1Y0dV9FY0VCekNicVh1ZHNtd1NjLVBUSWFJRjQ2eE51c2E0c0xqblA2b3BQaWotbFQ4WUZEbmJjdU1aejVnTUszLWU1bHpzTHI5OHhveDVGUzNpaDkzVGhjdDR4b0J1Z1REODlMZC1ZQy1kMm1MSnlSVDliXzNoMU9GY0dKRldrYTd5VkwtMUVaWnVaSUVFZmpGc3hibUduT1VBZG5kajM5OGhwQVRLcWNsWnV3bnBQTUdqOHpWeWV3bV9GMEk2UENCX2M3bDNVa093OXVpNFN0bjkxOFRlRXh2bFZXeS1ibG1MNVJfYzFoMnlablgtNjPSAYICQVVfeXFMTi1sa3RtUzgyQjhqenJha1hJU1pGRTNnMzdKbENTWGk4MVVidXlGWUhNS3hSc3lTQ2RzUm5aM2tibEhRbHZ4NHk0OVY0R3FRdTV3dGVHWmRQUDdyVGJpNW5fWW5ralVDcnZCRkxtc3ZsQkJJT0tHUGhPaURHcGMzUnNjMkRUMVN5M1E3WTFkd2lHNERXS0RaWkdiZ2dqX1J6VTlRaTc0UTB3eEVKcGhKMkwxeml0T2lwLU1zNjBfOTU4WXpsYUt6OWhwUngwc1BncS1aOC1ENks5TDdEenE1OVdzb3ZGM3ZlbXotNFJVcFBjVGNzNFN2dGxtQjUyWDJBRnN3?oc=5
BOMDYEING,Bombay Dyeing & Mfg Company Limited,"BOMDYEING Standalone June 2025 Net Sales at Rs 377.84 crore, down 16.22% Y-o-Y - Moneycontrol.com","<a href=""https://news.google.com/rss/articles/CBMi2gFBVV95cUxNLVBWcGN2a0FCaEVJTnYzcDNXcHl6SlN3NVRKaDltTVZOU1dzWGpQN19tdkZpUGJBTWxQNXMxZWJiaHZhMVg4MElNQVBpSVJQWk1mVTZaSDBxZkJwdE1WNGhfLTZWdmRmQ3hZSWdiVU1fQmduNlJtZG9IdHBjX0hnbF9CaVVUNzFwMFdXQTBneUJQR3YwQVFheURTVWhZNjhpaDFaaW1jVEhCaVpBUlYtTDFyS1NZcVRxZGdNaHZpZDZ3ckp6dkhPWG5DTXprbTd0RFpRQjF5dmdBQdIB3wFBVV95cUxOVjZsQ1ktRHh5SGFpOTBhQ2dBNC1HQzhxX3EtQkwydW5qVFU2SHRCOVF4M0ZHa1pFcHlVQlp6MzVOOE16M0p6WFYzdXd4MVlyR0luSlJxSTVTR3BWOHNITzRhNDJ1VmhGUFdjNDRodlg3cF9kTnZrR2xKMUtyX2dDei02cG9pUmsyQ1lqSVRicndQTFJFM0FkZDFIeUExc3J1LVRyQ3I0akk4emMybTRoYVZGS1c1UG5kLTJ0TzFnZ2RRc1g5WGFjazlDY1dEZW85VU04N3c0eVBVU1JYcXZV?oc=5"" target=""_blank"">BOMDYEING Standalone June 2025 Net Sales at Rs 377.84 crore, down 16.22% Y-o-Y</a>&nbsp;&nbsp;<font color=""#6f6f6f"">Moneycontrol.com</font>",2025-08-28 07:00:00,Moneycontrol.com,https://news.google.com/rss/articles/CBMi2gFBVV95cUxNLVBWcGN2a0FCaEVJTnYzcDNXcHl6SlN3NVRKaDltTVZOU1dzWGpQN19tdkZpUGJBTWxQNXMxZWJiaHZhMVg4MElNQVBpSVJQWk1mVTZaSDBxZkJwdE1WNGhfLTZWdmRmQ3hZSWdiVU1fQmduNlJtZG9IdHBjX0hnbF9CaVVUNzFwMFdXQTBneUJQR3YwQVFheURTVWhZNjhpaDFaaW1jVEhCaVpBUlYtTDFyS1NZcVRxZGdNaHZpZDZ3ckp6dkhPWG5DTXprbTd0RFpRQjF5dmdBQdIB3wFBVV95cUxOVjZsQ1ktRHh5SGFpOTBhQ2dBNC1HQzhxX3EtQkwydW5qVFU2SHRCOVF4M0ZHa1pFcHlVQlp6MzVOOE16M0p6WFYzdXd4MVlyR0luSlJxSTVTR3BWOHNITzRhNDJ1VmhGUFdjNDRodlg3cF9kTnZrR2xKMUtyX2dDei02cG9pUmsyQ1lqSVRicndQTFJFM0FkZDFIeUExc3J1LVRyQ3I0akk4emMybTRoYVZGS1c1UG5kLTJ0TzFnZ2RRc1g5WGFjazlDY1dEZW85VU04N3c0eVBVU1JYcXZV?oc=5
BOMDYEING,Bombay Dyeing & Mfg Company Limited,Bombay Dyeing share price surges 6% after Q3 results; more details here - Business Standard,"<a href=""https://news.google.com/rss/articles/CBMi0gFBVV95cUxPZjZVc0ZkMThYcEpZRW0zVGJLTVBWbk90dDl6bURwWnMwNUZ1ZE9KYVFVWjdtX1ZibmprcXo1ZTlOQzBtbWh3b2UxSDA1LXNZNDQ1VXVOaUhHUV9aN05xeVRjZXZWaDZ3cXA0ejR2N09jZzZjbWVlNExrclVuOW1KQlFoaUdNaUtUUUE3amJ5a18zTGpPWEhMMHBkMFJDbHhiMHp3VF9HczFMeXdFUjRoZFQ5LWtVc1BKcUNsb2twVWlJRklwLXpzQ0t5N0xjUlFIVVHSAdcBQVVfeXFMT0RZeWxOemtsZERBRWhRYnl2ajByLXFhYndLWkhKQjFZczNxZzdWLVVTVTZKd1I4XzlVODg3TEk2TEE0bk1vZlFtN3FSaVIwU0hUUGFmdUI1S3doTndwT1UtRS0taXo3aW1OTE8zX1k5UmNYNG9DQm9zaDNRUklLb0cwM0s0R25DVDctMmNWZEwzdC05R1J4LVhkeExLbURCYVo5am92TkFCMzV6aGk3c3pxZnhuUm5KZlJHSEtscXJBMExuUHliSERicE8xeFdab1pOVmNJRHc?oc=5"" target=""_blank"">Bombay Dyeing share price surges 6% after Q3 results; more details here</a>&nbsp;&nbsp;<font color=""#6f6f6f"">Business Standard</font>",2025-02-04 08:00:00,Business Standard,https://news.google.com/rss/articles/CBMi0gFBVV95cUxPZjZVc0ZkMThYcEpZRW0zVGJLTVBWbk90dDl6bURwWnMwNUZ1ZE9KYVFVWjdtX1ZibmprcXo1ZTlOQzBtbWh3b2UxSDA1LXNZNDQ1VXVOaUhHUV9aN05xeVRjZXZWaDZ3cXA0ejR2N09jZzZjbWVlNExrclVuOW1KQlFoaUdNaUtUUUE3amJ5a18zTGpPWEhMMHBkMFJDbHhiMHp3VF9HczFMeXdFUjRoZFQ5LWtVc1BKcUNsb2twVWlJRklwLXpzQ0t5N0xjUlFIVVHSAdcBQVVfeXFMT0RZeWxOemtsZERBRWhRYnl2ajByLXFhYndLWkhKQjFZczNxZzdWLVVTVTZKd1I4XzlVODg3TEk2TEE0bk1vZlFtN3FSaVIwU0hUUGFmdUI1S3doTndwT1UtRS0taXo3aW1OTE8zX1k5UmNYNG9DQm9zaDNRUklLb0cwM0s0R25DVDctMmNWZEwzdC05R1J4LVhkeExLbURCYVo5am92TkFCMzV6aGk3c3pxZnhuUm5KZlJHSEtscXJBMExuUHliSERicE8xeFdab1pOVmNJRHc?oc=5
BOMDYEING,Bombay Dyeing & Mfg Company Limited,Why Bombay Dyeing Share Price is Falling - Equitymaster,"<a href=""https://news.google.com/rss/articles/CBMirwFBVV95cUxPLVpqZ0xHX0xMc2lJX1FKUTNadkpsaEF4cnUwNmVkazZZZGNmYmN0TEJyRnpRZWllMWw1bHA1aVRyV2pEeVZLUThuaktVNWVnYnhaTUdXcHVTQ0N2N1MwLTczak1lLXVlb0MyUi1lRnI3cUlOWk5mX1Zoc000bmM3UDlhU041Z0VGZnM3bC1ZSDBqWFBNVGdreloxcnVHVHhER2VxZ1FfNzl0eEZCOThV?oc=5"" target=""_blank"">Why Bombay Dyeing Share Price is Falling</a>&nbsp;&nbsp;<font color=""#6f6f6f"">Equitymaster</font>",2025-05-07 07:00:00,Equitymaster,https://news.google.com/rss/articles/CBMirwFBVV95cUxPLVpqZ0xHX0xMc2lJX1FKUTNadkpsaEF4cnUwNmVkazZZZGNmYmN0TEJyRnpRZWllMWw1bHA1aVRyV2pEeVZLUThuaktVNWVnYnhaTUdXcHVTQ0N2N1MwLTczak1lLXVlb0MyUi1lRnI3cUlOWk5mX1Zoc000bmM3UDlhU041Z0VGZnM3bC1ZSDBqWFBNVGdreloxcnVHVHhER2VxZ1FfNzl0eEZCOThV?oc=5
BOMDYEING,Bombay Dyeing & Mfg Company Limited,Bombay Dyeing and Manufacturing's (NSE:BOMDYEING) Shareholders Have More To Worry About Than Lackluster Earnings - simplywall.st,"<a href=""https://news.google.com/rss/articles/CBMi_AFBVV95cUxOeWtKX292MTBsSHRRQ050aEgtUDd5TlhmamJ3Y1YtQlUtem8wX2Z4TzZMQ1RlY3JXZU51emNjRHRfV040bDBDVmJLNHRQeWM1aGZsakpxQlFxWDRXZnpuc1AzOGJDanliS3pPTVpmNXFGcHVWNm5oYVJ3NENfbS1nTEFiRGZZTWl3NHVsMzJZZGJNVm9WbDhlTzdhbkQtUm5TNWp3ejFSeFJ0eUZEQzJrQWhzUWpzMi1nV0tHMkc1c01QT2RJSDRxWHhXb2FnQndWeE9mNEc3eUtGX1JNN213c2pDWHlrOHp1dU9wTG1tZ1dxX2JyeFBaVWF0bVLSAYICQVVfeXFMUEZ0blhXMXJYV2JScTVNaE1hdFV2dTU5Y281OW9rZjdnakRSN0FndmVQcGxBanBUYURKdVhSNUp6bkxyVnlsY0tQU1lTaDE4dTY1ZmpyanZSekNHOXhHakJ1a3Q1aVhhaVR0MGE4dHJpRmFBYTVUQ240RHE1QllKeFAtV2NLc2ppS0Q0OU4xOUdkYmVwVzFXR01vdm5VX0dPZjQtMkVpeG83ci1LMkdCMGY5cG0taURtMndYUjVrY29GQTJHTWJmQVN3Q25vUFlmZ2k4UXg1ekdRcHFiVkIwZkdhUW1OOVp4dXFBTEVPMDkxTWd3SmlRZkR5VEdxZDNxVE1n?oc=5"" target=""_blank"">Bombay Dyeing and Manufacturing's (NSE:BOMDYEING) Shareholders Have More To Worry About Than Lackluster Earnings</a>&nbsp;&nbsp;<font color=""#6f6f6f"">simplywall.st</font>",2025-07-27 07:00:00,simplywall.st,https://news.google.com/rss/articles/CBMi_AFBVV95cUxOeWtKX292MTBsSHRRQ050aEgtUDd5TlhmamJ3Y1YtQlUtem8wX2Z4TzZMQ1RlY3JXZU51emNjRHRfV040bDBDVmJLNHRQeWM1aGZsakpxQlFxWDRXZnpuc1AzOGJDanliS3pPTVpmNXFGcHVWNm5oYVJ3NENfbS1nTEFiRGZZTWl3NHVsMzJZZGJNVm9WbDhlTzdhbkQtUm5TNWp3ejFSeFJ0eUZEQzJrQWhzUWpzMi1nV0tHMkc1c01QT2RJSDRxWHhXb2FnQndWeE9mNEc3eUtGX1JNN213c2pDWHlrOHp1dU9wTG1tZ1dxX2JyeFBaVWF0bVLSAYICQVVfeXFMUEZ0blhXMXJYV2JScTVNaE1hdFV2dTU5Y281OW9rZjdnakRSN0FndmVQcGxBanBUYURKdVhSNUp6bkxyVnlsY0tQU1lTaDE4dTY1ZmpyanZSekNHOXhHakJ1a3Q1aVhhaVR0MGE4dHJpRmFBYTVUQ240RHE1QllKeFAtV2NLc2ppS0Q0OU4xOUdkYmVwVzFXR01vdm5VX0dPZjQtMkVpeG83ci1LMkdCMGY5cG0taURtMndYUjVrY29GQTJHTWJmQVN3Q25vUFlmZ2k4UXg1ekdRcHFiVkIwZkdhUW1OOVp4dXFBTEVPMDkxTWd3SmlRZkR5VEdxZDNxVE1n?oc=5
BOMDYEING,Bombay Dyeing & Mfg Company Limited,Bombay Dyeing gains up to 2% on receiving ₹538 crore for a land deal with a Japanese firm - Upstox,"<a href=""https://news.google.com/rss/articles/CBMi3wFBVV95cUxOMUtVTGQwX194aWJNdmx3RHhrZHcwLU5hZm5SSzJKNXlHU3k0OTFCNGx2TDcxR2lVd29TQ20zNlZweTlFenRKeDJoRGtfTmJ3YkpPWjhLMG5WMEZuMllIMFFiNGlWQWZDR2RiSWd6ZU9hc0hsWWsyeFlCaWg1c0pVX21ONUU3UGk3UUpiUld6RHdQZjJqWWNscFNhSE9qb3RqNm1pNzdqRW9OYUd4QjMxMUJqRDIwLVBHNjNKZ2NqaXliM205OXhyYnhybXE2X3Mxc3AtOTVkNndMa0VNazZR?oc=5"" target=""_blank"">Bombay Dyeing gains up to 2% on receiving ₹538 crore for a land deal with a Japanese firm</a>&nbsp;&nbsp;<font color=""#6f6f6f"">Upstox</font>",2024-08-14 07:00:00,Upstox,https://news.google.com/rss/articles/CBMi3wFBVV95cUxOMUtVTGQwX194aWJNdmx3RHhrZHcwLU5hZm5SSzJKNXlHU3k0OTFCNGx2TDcxR2lVd29TQ20zNlZweTlFenRKeDJoRGtfTmJ3YkpPWjhLMG5WMEZuMllIMFFiNGlWQWZDR2RiSWd6ZU9hc0hsWWsyeFlCaWg1c0pVX21ONUU3UGk3UUpiUld6RHdQZjJqWWNscFNhSE9qb3RqNm1pNzdqRW9OYUd4QjMxMUJqRDIwLVBHNjNKZ2NqaXliM205OXhyYnhybXE2X3Mxc3AtOTVkNndMa0VNazZR?oc=5
BOMDYEING,Bombay Dyeing & Mfg Company Limited,"BOMDYEING Consolidated June 2025 Net Sales at Rs 377.84 crore, down 16.22% Y-o-Y - Moneycontrol.com","<a href=""https://news.google.com/rss/articles/CBMi3AFBVV95cUxQZk5SZDc3Zmo1cnRaZWlSRWc5Vm1zc051UGlkbFNJMWhUR1lnWlRJQ2dwOG9EUWJEZzlDOU4yaW44Y1dqVXBhOERvXzF6LUg0aHZwWm1oWV92cXExRkJtTjB2Z2ZEdlV5MzdPTmVHOE1kMVpsWkZsRklERThIUlhJWWc2SHljbnZCalVySWdLTGRBaWdyNWFJT1FvVEN3OUhTanU2bENCallpRkRkRTdGSGNFaTNtNTJoeXN3d2s0M2Y0a25tZmlhV3RQLTVaekhBWHQ3eTF1eEdHVkhO0gHiAUFVX3lxTE4yQ2VoeG45bGFrbWdNQ1oxb2pNMnpwdy1XRDdVbW5VQzRZVi04b1U3TllQMG1VVkI0azNxWTBVYUJQRE5QS1lxVWJjUlZxb2tyQzYwclRkZnlkUVVZQVZud09Lb0VSUUkybFNuMGlCcXowaU5NdEFfX29FUVdkbUN1OERXc2lLRmFhNjlvRG0xSGRZSjhZZndNTnpBRHQ2QkdRSi1aR3RocDhqVWxuMVpGdTFsT2xOVDllazkzVFRZajNkblZJeFRScXBUUWtmR0hJX1Z4Ulh1Q3AyeXczeGJxS1E?oc=5"" target=""_blank"">BOMDYEING Consolidated June 2025 Net Sales at Rs 377.84 crore, down 16.22% Y-o-Y</a>&nbsp;&nbsp;<font color=""#6f6f6f"">Moneycontrol.com</font>",2025-08-12 07:00:00,Moneycontrol.com,https://news.google.com/rss/articles/CBMi3AFBVV95cUxQZk5SZDc3Zmo1cnRaZWlSRWc5Vm1zc051UGlkbFNJMWhUR1lnWlRJQ2dwOG9EUWJEZzlDOU4yaW44Y1dqVXBhOERvXzF6LUg0aHZwWm1oWV92cXExRkJtTjB2Z2ZEdlV5MzdPTmVHOE1kMVpsWkZsRklERThIUlhJWWc2SHljbnZCalVySWdLTGRBaWdyNWFJT1FvVEN3OUhTanU2bENCallpRkRkRTdGSGNFaTNtNTJoeXN3d2s0M2Y0a25tZmlhV3RQLTVaekhBWHQ3eTF1eEdHVkhO0gHiAUFVX3lxTE4yQ2VoeG45bGFrbWdNQ1oxb2pNMnpwdy1XRDdVbW5VQzRZVi04b1U3TllQMG1VVkI0azNxWTBVYUJQRE5QS1lxVWJjUlZxb2tyQzYwclRkZnlkUVVZQVZud09Lb0VSUUkybFNuMGlCcXowaU5NdEFfX29FUVdkbUN1OERXc2lLRmFhNjlvRG0xSGRZSjhZZndNTnpBRHQ2QkdRSi1aR3RocDhqVWxuMVpGdTFsT2xOVDllazkzVFRZajNkblZJeFRScXBUUWtmR0hJX1Z4Ulh1Q3AyeXczeGJxS1E?oc=5
BOMDYEING,Bombay Dyeing & Mfg Company Limited,Technical Analysis of Bombay Dyeing & Manufacturing Co. Ltd. (NSE:BOMDYEING) - TradingView,"<a href=""https://news.google.com/rss/articles/CBMibkFVX3lxTFBPbnczSzIybTI3X09DaDBhTWFBOWFiWEJPeVk1amZQaXVwc1BrRGVyZjdqbFRaWGZLNG1LVFV1WG5DTHNGRlVrMVA4czFTN0tNbHpnNDU3dVJER2RxM0pDV1MtNkJzbnRTS053VC1B?oc=5"" target=""_blank"">Technical Analysis of Bombay Dyeing & Manufacturing Co. Ltd. (NSE:BOMDYEING)</a>&nbsp;&nbsp;<font color=""#6f6f6f"">TradingView</font>",2018-02-03 10:46:31,TradingView,https://news.google.com/rss/articles/CBMibkFVX3lxTFBPbnczSzIybTI3X09DaDBhTWFBOWFiWEJPeVk1amZQaXVwc1BrRGVyZjdqbFRaWGZLNG1LVFV1WG5DTHNGRlVrMVA4czFTN0tNbHpnNDU3dVJER2RxM0pDV1MtNkJzbnRTS053VC1B?oc=5
BOMDYEING,Bombay Dyeing & Mfg Company Limited,"Bombay Dyeing to sell 22-acre land in Mumbai's Worli to Japan's Sumitomo for Rs 5,200 cr - Business Today","<a href=""https://news.google.com/rss/articles/CBMi4AFBVV95cUxPcDhhOGFRSWtnalFLVHlZRk9HUVF4a1RUblZnVEl2ZFg5aldPOC1CNVgzeUtTUkU2M1VhOElBOFlReTBFTTNEZnhaSmNTdnZ2Tmg3Rkl2WTRnaDBucjlaS0M3c0ptV3IwZllKVTRRVzFpRUdHSVgxWHFCVE5XMEVyQXIzZDNPdnYtQ2s0ZlR3Rm02LWlxdzJXaEpZZ2lJdlpoMmdXU3hudmtMQ3poRE1meUs1WndWQVR1bWgxbldkTFpnLTBpZWVSeUNZb2RJbDZ0ZmFzaXRoZEx5dHEwVHJ1WNIB5gFBVV95cUxNZzA2ZzQ3NDMzS0txTEFnZ3NTYXFNaEdhXzZNZkJLQ2FUd0dLd2NsemJHXzBMN2Z6VDdxbXp6MlZ6VFlPWWdVaVhVS0JRdkFOZ2Q4c3hYelhjZGpfbGF2bkRvek5ody1rYUFDMElwYTNTamE2TU9ROFJYS0lBS3R6V0dNRmJtME1IRWs3MkNON1dYdi02czVYcTdYUEJTWjVRYkdQRy1SUlRmaTBsazZtODJLY1RyQUVIV2lyTkUtZ2ozbUNRaXhMd0FQcHVPZ2g5TzA2MHZnRHI4Z2VHWE50Rm1Ua2J1dw?oc=5"" target=""_blank"">Bombay Dyeing to sell 22-acre land in Mumbai's Worli to Japan's Sumitomo for Rs 5,200 cr</a>&nbsp;&nbsp;<font color=""#6f6f6f"">Business Today</font>",2023-09-13 07:00:00,Business Today,https://news.google.com/rss/articles/CBMi4AFBVV95cUxPcDhhOGFRSWtnalFLVHlZRk9HUVF4a1RUblZnVEl2ZFg5aldPOC1CNVgzeUtTUkU2M1VhOElBOFlReTBFTTNEZnhaSmNTdnZ2Tmg3Rkl2WTRnaDBucjlaS0M3c0ptV3IwZllKVTRRVzFpRUdHSVgxWHFCVE5XMEVyQXIzZDNPdnYtQ2s0ZlR3Rm02LWlxdzJXaEpZZ2lJdlpoMmdXU3hudmtMQ3poRE1meUs1WndWQVR1bWgxbldkTFpnLTBpZWVSeUNZb2RJbDZ0ZmFzaXRoZEx5dHEwVHJ1WNIB5gFBVV95cUxNZzA2ZzQ3NDMzS0txTEFnZ3NTYXFNaEdhXzZNZkJLQ2FUd0dLd2NsemJHXzBMN2Z6VDdxbXp6MlZ6VFlPWWdVaVhVS0JRdkFOZ2Q4c3hYelhjZGpfbGF2bkRvek5ody1rYUFDMElwYTNTamE2TU9ROFJYS0lBS3R6V0dNRmJtME1IRWs3MkNON1dYdi02czVYcTdYUEJTWjVRYkdQRy1SUlRmaTBsazZtODJLY1RyQUVIV2lyTkUtZ2ozbUNRaXhMd0FQcHVPZ2g5TzA2MHZnRHI4Z2VHWE50Rm1Ua2J1dw?oc=5
BOMDYEING,Bombay Dyeing & Mfg Company Limited,Bombay Dyeing Q4 results: Wadia firm's net loss widens to Rs 246 cr - Business Today,"<a href=""https://news.google.com/rss/articles/CBMi1wFBVV95cUxNb3h6cmZyeUtFZ19iMDNLb2dUOEJpRnlJcndESjZXWUxxSnR1Q1B5d2tla0JubzBIZXQ4UXREVndoUkRBandzS3lZdGlZanV5aHBlYUNLeTBvOG5rc2FtSmkwTkdseVY4Z1dhT0xjUkptQk5QR0RIRGREcEtPTk1NbXNvLXppTjZ5djVuRi13TVpMemlUdktpTmRlRFNkcVZpWkpXTTRKb2d4RUx1LV9vTVk1Y3dOdUlWbzBKT3lzUGptLWRaOU5SMGVTYWI5MmNLekdNTUpuQdIB3AFBVV95cUxQTmJ2a3JTaDItcGJoR0VxdDN1a05PbE14X3NDSmV3Z3U5NF9yNld2WWs1Z0lGQ0RrQXRibzVneEFjaU81ZWZERFVlaVJTUU1mWXpkQmd0WDJiYWZxN2Y4NUhaOHVPT1BMbmMydXM0WEZXYnhsS2pIQXNWbDJzT293b2dCd2ktYTdZMVpmbnlFT3pZOGZwTVYxTkhsRnJLTzNveTRYN2tqUGUyT0FuWUs0Y1ZRcmpRQzFBbHU2d0FySDNJajM2OXpBMmVjcThXaDdRaHBTc3dfd19KQTds?oc=5"" target=""_blank"">Bombay Dyeing Q4 results: Wadia firm's net loss widens to Rs 246 cr</a>&nbsp;&nbsp;<font color=""#6f6f6f"">Business Today</font>",2023-05-04 07:00:00,Business Today,https://news.google.com/rss/articles/CBMi1wFBVV95cUxNb3h6cmZyeUtFZ19iMDNLb2dUOEJpRnlJcndESjZXWUxxSnR1Q1B5d2tla0JubzBIZXQ4UXREVndoUkRBandzS3lZdGlZanV5aHBlYUNLeTBvOG5rc2FtSmkwTkdseVY4Z1dhT0xjUkptQk5QR0RIRGREcEtPTk1NbXNvLXppTjZ5djVuRi13TVpMemlUdktpTmRlRFNkcVZpWkpXTTRKb2d4RUx1LV9vTVk1Y3dOdUlWbzBKT3lzUGptLWRaOU5SMGVTYWI5MmNLekdNTUpuQdIB3AFBVV95cUxQTmJ2a3JTaDItcGJoR0VxdDN1a05PbE14X3NDSmV3Z3U5NF9yNld2WWs1Z0lGQ0RrQXRibzVneEFjaU81ZWZERFVlaVJTUU1mWXpkQmd0WDJiYWZxN2Y4NUhaOHVPT1BMbmMydXM0WEZXYnhsS2pIQXNWbDJzT293b2dCd2ktYTdZMVpmbnlFT3pZOGZwTVYxTkhsRnJLTzNveTRYN2tqUGUyT0FuWUs0Y1ZRcmpRQzFBbHU2d0FySDNJajM2OXpBMmVjcThXaDdRaHBTc3dfd19KQTds?oc=5
BOMDYEING,Bombay Dyeing & Mfg Company Limited,How Should Investors React To The Bombay Dyeing and Manufacturing Company Limited's (NSE:BOMDYEING) CEO Pay? - simplywall.st,"<a href=""https://news.google.com/rss/articles/CBMivgJBVV95cUxNN2dHOVk4WTJ3dDBNMUNydjdfeHBPaGZLTVJVeTJTX1MxbWFSdU5VR2lJUmJvdXhKazdWM2dPZElLNEVLNFl0NGNjdHNlOFZWMnJvTTNTYnN1dVNScjlMMWlZNklValEzRnFVRjZ2Q3RacmVxNFNBZXB4di1iZXMtUG1BeU9KVzZ6UkZHcjVVNEdJWGFYU0EzdUsyaGlzaS1OdC1BWGNFcUZpaXl2ODRENDFMd2FzNGlZTzRDT19QaTI2NzM1dmFrTHVyNTZhM2pvZFNQdThkX29oaGdYR0RveFpDY2FmdFZNcDJrSFlqVTktZUJHZ3ZkNG9RQjQweW9tOFM4eS1KRTd1LTZQUXRCLU1SU0ZhemlwbmVzMWE2bGVCd0owbjJRZS1qeF9JU0RCeXdDZ3JVYlZKb0h3NUHSAb4CQVVfeXFMTTdnRzlZOFkyd3QwTTFDcnY3X3hwT2hmS01SVXkyU19TMW1hUnVOVUdpSVJib3V4Sms3VjNnT2RJSzRFSzRZdDRjY3RzZThWVjJyb00zU2JzdXVTUnI5TDFpWTZJVWpRM0ZxVUY2dkN0WnJlcTRTQWVweHYtYmVzLVBtQXlPSlc2elJGR3I1VTRHSVhhWFNBM3VLMmhpc2ktTnQtQVhjRXFGaWl5djg0RDQxTHdhczRpWU80Q09fUGkyNjczNXZha0x1cjU2YTNqb2RTUHU4ZF9vaGhnWEdEb3haQ2NhZnRWTXAya0hZalU5LWVCR2d2ZDRvUUI0MHlvbThTOHktSkU3dS02UFF0Qi1NUlNGYXppcG5lczFhNmxlQndKMG4yUWUtanhfSVNEQnl3Q2dyVWJWSm9IdzVB?oc=5"" target=""_blank"">How Should Investors React To The Bombay Dyeing and Manufacturing Company Limited's (NSE:BOMDYEING) CEO Pay?</a>&nbsp;&nbsp;<font color=""#6f6f6f"">simplywall.st</font>",2019-06-01 07:00:00,simplywall.st,https://news.google.com/rss/articles/CBMivgJBVV95cUxNN2dHOVk4WTJ3dDBNMUNydjdfeHBPaGZLTVJVeTJTX1MxbWFSdU5VR2lJUmJvdXhKazdWM2dPZElLNEVLNFl0NGNjdHNlOFZWMnJvTTNTYnN1dVNScjlMMWlZNklValEzRnFVRjZ2Q3RacmVxNFNBZXB4di1iZXMtUG1BeU9KVzZ6UkZHcjVVNEdJWGFYU0EzdUsyaGlzaS1OdC1BWGNFcUZpaXl2ODRENDFMd2FzNGlZTzRDT19QaTI2NzM1dmFrTHVyNTZhM2pvZFNQdThkX29oaGdYR0RveFpDY2FmdFZNcDJrSFlqVTktZUJHZ3ZkNG9RQjQweW9tOFM4eS1KRTd1LTZQUXRCLU1SU0ZhemlwbmVzMWE2bGVCd0owbjJRZS1qeF9JU0RCeXdDZ3JVYlZKb0h3NUHSAb4CQVVfeXFMTTdnRzlZOFkyd3QwTTFDcnY3X3hwT2hmS01SVXkyU19TMW1hUnVOVUdpSVJib3V4Sms3VjNnT2RJSzRFSzRZdDRjY3RzZThWVjJyb00zU2JzdXVTUnI5TDFpWTZJVWpRM0ZxVUY2dkN0WnJlcTRTQWVweHYtYmVzLVBtQXlPSlc2elJGR3I1VTRHSVhhWFNBM3VLMmhpc2ktTnQtQVhjRXFGaWl5djg0RDQxTHdhczRpWU80Q09fUGkyNjczNXZha0x1cjU2YTNqb2RTUHU4ZF9vaGhnWEdEb3haQ2NhZnRWTXAya0hZalU5LWVCR2d2ZDRvUUI0MHlvbThTOHktSkU3dS02UFF0Qi1NUlNGYXppcG5lczFhNmxlQndKMG4yUWUtanhfSVNEQnl3Q2dyVWJWSm9IdzVB?oc=5
BOMDYEING,Bombay Dyeing & Mfg Company Limited,Bombay Dyeing & Manufacturing Company Ltd is Rated Strong Sell - Markets Mojo,"<a href=""https://news.google.com/rss/articles/CBMivwFBVV95cUxPb3hUTlVBdExPQ2EtSTFYRklEbWw5NlJ1NU5aLTlJMUpqa1R6QUZwTk9pczNjNGMwZnRKc3IwN1p0STNITFVrdm9XT1Z3SjFMSk50SXpzYzZxdGZOWk81TTAxTGZ4LXlpeFRyQzdpMlRELWdQVUFXblFCa05uQnRfcWRjNUtELVZ2S1R0Wk0xbkdONXlEMDQ3OHhUWG9FM2diUUxHbU1mN2pKVWRTbTcydEZPb1lJMnp3WEZRTGFzWQ?oc=5"" target=""_blank"">Bombay Dyeing & Manufacturing Company Ltd is Rated Strong Sell</a>&nbsp;&nbsp;<font color=""#6f6f6f"">Markets Mojo</font>",2026-03-04 03:39:19,Markets Mojo,https://news.google.com/rss/articles/CBMivwFBVV95cUxPb3hUTlVBdExPQ2EtSTFYRklEbWw5NlJ1NU5aLTlJMUpqa1R6QUZwTk9pczNjNGMwZnRKc3IwN1p0STNITFVrdm9XT1Z3SjFMSk50SXpzYzZxdGZOWk81TTAxTGZ4LXlpeFRyQzdpMlRELWdQVUFXblFCa05uQnRfcWRjNUtELVZ2S1R0Wk0xbkdONXlEMDQ3OHhUWG9FM2diUUxHbU1mN2pKVWRTbTcydEZPb1lJMnp3WEZRTGFzWQ?oc=5
BOMDYEING,Bombay Dyeing & Mfg Company Limited,145 years of trust: Why Bombay Dyeing refuses to compromise on quality - The Textile Magazine,"<a href=""https://news.google.com/rss/articles/CBMiqwFBVV95cUxPX0FxUGdYbFdUbjBtd0FIajJmbVRMTXpsS2xmMGlsWkdiNzJPMkdHMHEyX3F1c2UwMnE2Nnh6d29kbTk3bkNINzZpVFZwd25IYmp1c2ptaWxPcXU4aWRVXy1JbDc0UFdLcm5JN1h4U3dqQ0k0VlFtQnlFbHdRM05VeThqZ25sbGEyVk5GSjBnOUEtYXZXNGs4X3lQVklvZmxsR0dDYXlIYTBHRHc?oc=5"" target=""_blank"">145 years of trust: Why Bombay Dyeing refuses to compromise on quality</a>&nbsp;&nbsp;<font color=""#6f6f6f"">The Textile Magazine</font>",2026-03-03 08:27:01,The Textile Magazine,https://news.google.com/rss/articles/CBMiqwFBVV95cUxPX0FxUGdYbFdUbjBtd0FIajJmbVRMTXpsS2xmMGlsWkdiNzJPMkdHMHEyX3F1c2UwMnE2Nnh6d29kbTk3bkNINzZpVFZwd25IYmp1c2ptaWxPcXU4aWRVXy1JbDc0UFdLcm5JN1h4U3dqQ0k0VlFtQnlFbHdRM05VeThqZ25sbGEyVk5GSjBnOUEtYXZXNGs4X3lQVklvZmxsR0dDYXlIYTBHRHc?oc=5
BOMDYEING,Bombay Dyeing & Mfg Company Limited,Bombay Dyeing Receives MahaRERA Registration for Three ICC – A Wing Residential Project - scanx.trade,"<a href=""https://news.google.com/rss/articles/CBMi1gFBVV95cUxQX3N0d2FidlVjdENmOC1mdG9VQkRtMHUzYjRWVDdMSVRfMDdQdlJKclozb0RzY3hxNERNUnc3b2lyZFlZdXpiQ2JZbXR6aVB5dl9PWC1nWnFRUThIbnhCd2ZQbUJ6a2llWFdKRmxObHpIYnFPbnNmQ28xLURESFYtQ01DOXZQRWFyOGhYM3FrQjFmVWNjV0dEaG1kcmlBWjZsSThDT1dyV3owdklPaG1JUmtfYmRyTk1fMnQ1UFFmNkVmWWlseS1LcEx6S0FabHA3MnMxR05B?oc=5"" target=""_blank"">Bombay Dyeing Receives MahaRERA Registration for Three ICC – A Wing Residential Project</a>&nbsp;&nbsp;<font color=""#6f6f6f"">scanx.trade</font>",2026-03-02 16:40:07,scanx.trade,https://news.google.com/rss/articles/CBMi1gFBVV95cUxQX3N0d2FidlVjdENmOC1mdG9VQkRtMHUzYjRWVDdMSVRfMDdQdlJKclozb0RzY3hxNERNUnc3b2lyZFlZdXpiQ2JZbXR6aVB5dl9PWC1nWnFRUThIbnhCd2ZQbUJ6a2llWFdKRmxObHpIYnFPbnNmQ28xLURESFYtQ01DOXZQRWFyOGhYM3FrQjFmVWNjV0dEaG1kcmlBWjZsSThDT1dyV3owdklPaG1JUmtfYmRyTk1fMnQ1UFFmNkVmWWlseS1LcEx6S0FabHA3MnMxR05B?oc=5
BOMDYEING,Bombay Dyeing & Mfg Company Limited,Bombay Dyeing and Mfg Co Says Revised Tax Liability Now 1.23 Billion Rupees - TradingView,"<a href=""https://news.google.com/rss/articles/CBMi3gFBVV95cUxQa01GcjJnV1RKV3lDLVBkVWxsdndYVmFUUUNucGxEZWhTbEJOQkFHSVZXTDJKRDJlV0JQT04zRndYNHQwLWgtaXNmTTl3czZBT3kzRzRZMTdCUDFJa0NJRkpCbk9tQUNSWHlJb2otLTRkbjFpMTFwS193QlFXdEdlM04ybWNXT2VOSTRVdmdwREdIUW1SZklNa0tjdENrdTAtakxaZ281WGNkWlZSWXRiaEhHaWMzZDVtcTRVLVRlSS02R2x2RVBOT2ptV2x0bDBHUk9ZU2VDYXlSN3ZySXc?oc=5"" target=""_blank"">Bombay Dyeing and Mfg Co Says Revised Tax Liability Now 1.23 Billion Rupees</a>&nbsp;&nbsp;<font color=""#6f6f6f"">TradingView</font>",2026-02-25 10:40:28,TradingView,https://news.google.com/rss/articles/CBMi3gFBVV95cUxQa01GcjJnV1RKV3lDLVBkVWxsdndYVmFUUUNucGxEZWhTbEJOQkFHSVZXTDJKRDJlV0JQT04zRndYNHQwLWgtaXNmTTl3czZBT3kzRzRZMTdCUDFJa0NJRkpCbk9tQUNSWHlJb2otLTRkbjFpMTFwS193QlFXdEdlM04ybWNXT2VOSTRVdmdwREdIUW1SZklNa0tjdENrdTAtakxaZ281WGNkWlZSWXRiaEhHaWMzZDVtcTRVLVRlSS02R2x2RVBOT2ptV2x0bDBHUk9ZU2VDYXlSN3ZySXc?oc=5
BOMDYEING,Bombay Dyeing & Mfg Company Limited,Bombay Dyeing Marks 145 Years Of Quality Driven Home Textile Legacy - Textile Excellence,"<a href=""https://news.google.com/rss/articles/CBMiugFBVV95cUxOMllhTlBNaXZmYWpyWjVzUkJBOGxCdVpfN2kzSVg2M2dOaWpmWE4wNEV4akdyYXpvY2xjQjhzeXJpODA3ai1NX1RJVVFWNTNOeE1sZEQwX2pXcVJlVUpUVFAzMkdmcVVoak1LZWFLR1p6SXRZbTZiZklLb3BnNC1Kb2FRQy1hNEtXM2k2bm5fZWdWY2t6WUNUUXNueXN4dm12eWJYb3VqOGJuaUlxcWY1NVdkZEtaQ2UxQkE?oc=5"" target=""_blank"">Bombay Dyeing Marks 145 Years Of Quality Driven Home Textile Legacy</a>&nbsp;&nbsp;<font color=""#6f6f6f"">Textile Excellence</font>",2026-02-10 20:08:24,Textile Excellence,https://news.google.com/rss/articles/CBMiugFBVV95cUxOMllhTlBNaXZmYWpyWjVzUkJBOGxCdVpfN2kzSVg2M2dOaWpmWE4wNEV4akdyYXpvY2xjQjhzeXJpODA3ai1NX1RJVVFWNTNOeE1sZEQwX2pXcVJlVUpUVFAzMkdmcVVoak1LZWFLR1p6SXRZbTZiZklLb3BnNC1Kb2FRQy1hNEtXM2k2bm5fZWdWY2t6WUNUUXNueXN4dm12eWJYb3VqOGJuaUlxcWY1NVdkZEtaQ2UxQkE?oc=5
BOMDYEING,Bombay Dyeing & Mfg Company Limited,Bombay Dyeing Q2 Profit Slips to ₹4.72 Crore as Revenue Declines 4.7% - Entrepreneur India,"<a href=""https://news.google.com/rss/articles/CBMiugFBVV95cUxQSE9hMEJaaDRCTjVma3loZGF6Z19BUXdSbk5zRVVqeU5TYTRPYnhyTm50cEphV3czVTFCbzNIT2UxaVVsQWktcTJoN0xBR1lLZTcwR2pNNXVMemxHaEppbFdEc2FzMGtfOFBFSEs5ekVCV2FVNFdEc1NieTNvSWVRRnM2MWtaZGExT3hKRUNWb1dmZDl0UHFhNjZfY0NtWnVoT3o5X2FEOTJMRzl6Zm9Kd1lEaXEtaHlUS0E?oc=5"" target=""_blank"">Bombay Dyeing Q2 Profit Slips to ₹4.72 Crore as Revenue Declines 4.7%</a>&nbsp;&nbsp;<font color=""#6f6f6f"">Entrepreneur India</font>",2025-11-08 08:00:00,Entrepreneur India,https://news.google.com/rss/articles/CBMiugFBVV95cUxQSE9hMEJaaDRCTjVma3loZGF6Z19BUXdSbk5zRVVqeU5TYTRPYnhyTm50cEphV3czVTFCbzNIT2UxaVVsQWktcTJoN0xBR1lLZTcwR2pNNXVMemxHaEppbFdEc2FzMGtfOFBFSEs5ekVCV2FVNFdEc1NieTNvSWVRRnM2MWtaZGExT3hKRUNWb1dmZDl0UHFhNjZfY0NtWnVoT3o5X2FEOTJMRzl6Zm9Kd1lEaXEtaHlUS0E?oc=5
BOMDYEING,Bombay Dyeing & Mfg Company Limited,"Bombay Dyeing Q3FY26 results show ₹9.85 crore loss, revenue down 22% - Business Standard","<a href=""https://news.google.com/rss/articles/CBMiygFBVV95cUxOVDVabXd4cG1uc1ZKeFpDbUxJLU14N0M4RUxWSjVLbWU2b21iSTlDT0ZLZFhNVW10bU1EYWk2emt4U2p0TmpOSzVJdkVrMndvdFFwRjBfc2JhTnQtdmZRZ0dad1lKQjlQeWNWeHk2M2haSGpQeE9Ic2J1ZlB3NTRPblZuRDlGaF9QY3lVa1J2NXFkQlNSd3dMV3c5RVRzZUZXcVpkV3lXY19XTUFoVEh4Y09WMHJzQ3BBTDVXZ0pYdGU5ZXprVFA1RjlB0gHPAUFVX3lxTE9MYXZEMGtORzVrYmxpUXhTY05WckFLZ2t2UnAxT3p5SC1VWm40c2hYLTZqNmFOMzV4RkszNGQwZWtrS0d6ckN5R1VFNl80U0tpUHFHSWFmdzR1ZGkwcTRWMUxfREdkN2hPbE1mVzNxRDFSVzZYU1gzamJ6cHFkRUZVWTdMOW1uc3BBTVhXZDFGSGdkM3hRT1BKQndaU3RYUld1b2JrRXN6RWFjSk5iM3JGVWdSRmFQZ09xMTctbXk4aS1WLXYxcHdkcWFkY0ZiRQ?oc=5"" target=""_blank"">Bombay Dyeing Q3FY26 results show ₹9.85 crore loss, revenue down 22%</a>&nbsp;&nbsp;<font color=""#6f6f6f"">Business Standard</font>",2026-02-11 08:00:00,Business Standard,https://news.google.com/rss/articles/CBMiygFBVV95cUxOVDVabXd4cG1uc1ZKeFpDbUxJLU14N0M4RUxWSjVLbWU2b21iSTlDT0ZLZFhNVW10bU1EYWk2emt4U2p0TmpOSzVJdkVrMndvdFFwRjBfc2JhTnQtdmZRZ0dad1lKQjlQeWNWeHk2M2haSGpQeE9Ic2J1ZlB3NTRPblZuRDlGaF9QY3lVa1J2NXFkQlNSd3dMV3c5RVRzZUZXcVpkV3lXY19XTUFoVEh4Y09WMHJzQ3BBTDVXZ0pYdGU5ZXprVFA1RjlB0gHPAUFVX3lxTE9MYXZEMGtORzVrYmxpUXhTY05WckFLZ2t2UnAxT3p5SC1VWm40c2hYLTZqNmFOMzV4RkszNGQwZWtrS0d6ckN5R1VFNl80U0tpUHFHSWFmdzR1ZGkwcTRWMUxfREdkN2hPbE1mVzNxRDFSVzZYU1gzamJ6cHFkRUZVWTdMOW1uc3BBTVhXZDFGSGdkM3hRT1BKQndaU3RYUld1b2JrRXN6RWFjSk5iM3JGVWdSRmFQZ09xMTctbXk4aS1WLXYxcHdkcWFkY0ZiRQ?oc=5
BOMDYEING,Bombay Dyeing & Mfg Company Limited,SAT quashes SEBI order accusing Bombay Dyeing of orchestrating 'fraud scheme'; Presiding Officer dissents - Bar and Bench,"<a href=""https://news.google.com/rss/articles/CBMi0AFBVV95cUxQUFBYNnRIeWdhbzljMGR3eldnQV96Q0VnTkxQekhoZlNJRTJYWnFPSWpMRHlpb05vZl8yMHkzM1pxalFQcWFEZmxBWmlITTZSd3J6VWVBZjNhNVU5MGVrMV9OcnlHdWFWOUFXNFAxTm95OFFwaEt0RU8xZ0VvWGx0cURXanNEOVdDY1VzRVAxR0Judk1xZnFSZjBoSlROb0RsdWJJZUdMeEwxaHA3T25zRXZMZVRGaGFyMi1MNFFNb3FrMnlRUU54U2EwTl9LSWd2?oc=5"" target=""_blank"">SAT quashes SEBI order accusing Bombay Dyeing of orchestrating 'fraud scheme'; Presiding Officer dissents</a>&nbsp;&nbsp;<font color=""#6f6f6f"">Bar and Bench</font>",2026-01-16 08:00:00,Bar and Bench,https://news.google.com/rss/articles/CBMi0AFBVV95cUxQUFBYNnRIeWdhbzljMGR3eldnQV96Q0VnTkxQekhoZlNJRTJYWnFPSWpMRHlpb05vZl8yMHkzM1pxalFQcWFEZmxBWmlITTZSd3J6VWVBZjNhNVU5MGVrMV9OcnlHdWFWOUFXNFAxTm95OFFwaEt0RU8xZ0VvWGx0cURXanNEOVdDY1VzRVAxR0Judk1xZnFSZjBoSlROb0RsdWJJZUdMeEwxaHA3T25zRXZMZVRGaGFyMi1MNFFNb3FrMnlRUU54U2EwTl9LSWd2?oc=5
BOMDYEING,Bombay Dyeing & Mfg Company Limited,"Bombay Dyeing GST Appeal Partially Allowed, Liability Reduced to Rs. 123.28 Crore - scanx.trade","<a href=""https://news.google.com/rss/articles/CBMizgFBVV95cUxQSWtWdFRUYjlvS3BsQk5RWnpMR2hBTmlnU2ZYVG83Y0QyZWt4WUpHR1NodUtxR18xTVJEMzB5bW9sNF9rZWFoaTNLZHFHY08zZGo3SUdBX0NjcDVNMGVBN25vTVZSMm1JdFlRSVdrOWlsWlFtYmIybWl4UV95OE04NUtuUkl2VERRMU0xWXpEbHZWODNUbzFxV1ZONDhPdWpIbzY4TV9UeHFUQ01PdlhhVWdTcXN1bUx6aHctdFh3MGJOVGE0UDVmWnpKeUN4QQ?oc=5"" target=""_blank"">Bombay Dyeing GST Appeal Partially Allowed, Liability Reduced to Rs. 123.28 Crore</a>&nbsp;&nbsp;<font color=""#6f6f6f"">scanx.trade</font>",2026-02-25 08:17:39,scanx.trade,https://news.google.com/rss/articles/CBMizgFBVV95cUxQSWtWdFRUYjlvS3BsQk5RWnpMR2hBTmlnU2ZYVG83Y0QyZWt4WUpHR1NodUtxR18xTVJEMzB5bW9sNF9rZWFoaTNLZHFHY08zZGo3SUdBX0NjcDVNMGVBN25vTVZSMm1JdFlRSVdrOWlsWlFtYmIybWl4UV95OE04NUtuUkl2VERRMU0xWXpEbHZWODNUbzFxV1ZONDhPdWpIbzY4TV9UeHFUQ01PdlhhVWdTcXN1bUx6aHctdFh3MGJOVGE0UDVmWnpKeUN4QQ?oc=5
BOMDYEING,Bombay Dyeing & Mfg Company Limited,Bombay Dyeing unveils latest Festive Home Collection - The Textile Magazine,"<a href=""https://news.google.com/rss/articles/CBMilAFBVV95cUxNblBkYWJBODhaWGk4SnVVb2hkTEdmdWRPSnJMM3p4TjRNYm5vcm9NcGVDWUQ1SVFfd2U1eXpqZzZoR3lGeThlbWJRMFhTTENFWkdabnUtRHlDa2czNG10MFFXSzRFYlF2Tnk5NmZ3R3V0RjFJdXo4S0tMRkZCcXVTSnZKV1I5VlhRNFA0azU0YjJBNXoz?oc=5"" target=""_blank"">Bombay Dyeing unveils latest Festive Home Collection</a>&nbsp;&nbsp;<font color=""#6f6f6f"">The Textile Magazine</font>",2025-09-02 07:00:00,The Textile Magazine,https://news.google.com/rss/articles/CBMilAFBVV95cUxNblBkYWJBODhaWGk4SnVVb2hkTEdmdWRPSnJMM3p4TjRNYm5vcm9NcGVDWUQ1SVFfd2U1eXpqZzZoR3lGeThlbWJRMFhTTENFWkdabnUtRHlDa2czNG10MFFXSzRFYlF2Tnk5NmZ3R3V0RjFJdXo4S0tMRkZCcXVTSnZKV1I5VlhRNFA0azU0YjJBNXoz?oc=5
BOMDYEING,Bombay Dyeing & Mfg Company Limited,Bombay Dyeing Shows Resilience with Notable Stock Performance and Trend Reversal - Markets Mojo,"<a href=""https://news.google.com/rss/articles/CBMizAFBVV95cUxPUnllRUJtLXhaQlRsa3N4akRPUmd0TkRYMEFxZ0RNcnhnQW5VREkxWnJHbkpRWWl4Z29MdHViTzlEc3EwTFRBbG1KN1RYTXJYV2hNeWdxcGJtM2swb1RIbWRoTWc4VmhIMW9sN05TUTJ3UV9CbWF1VV9UdzRMYXVHNTA4Q05TQ1h2aVlKWmxPZnVxbHBXd2dsSWlFd2hUd3hqU1E3cDB2bFVlSDgxVmpyNGVuRndvcC1OdThUdEZPQkh0VldMaWlIS0tOWU0?oc=5"" target=""_blank"">Bombay Dyeing Shows Resilience with Notable Stock Performance and Trend Reversal</a>&nbsp;&nbsp;<font color=""#6f6f6f"">Markets Mojo</font>",2025-09-10 10:19:59,Markets Mojo,https://news.google.com/rss/articles/CBMizAFBVV95cUxPUnllRUJtLXhaQlRsa3N4akRPUmd0TkRYMEFxZ0RNcnhnQW5VREkxWnJHbkpRWWl4Z29MdHViTzlEc3EwTFRBbG1KN1RYTXJYV2hNeWdxcGJtM2swb1RIbWRoTWc4VmhIMW9sN05TUTJ3UV9CbWF1VV9UdzRMYXVHNTA4Q05TQ1h2aVlKWmxPZnVxbHBXd2dsSWlFd2hUd3hqU1E3cDB2bFVlSDgxVmpyNGVuRndvcC1OdThUdEZPQkh0VldMaWlIS0tOWU0?oc=5
BOMDYEING,Bombay Dyeing & Mfg Company Limited,Bombay Dyeing Reports Sharp Decline in Net Profit Despite Exceptional Gain - scanx.trade,"<a href=""https://news.google.com/rss/articles/CBMizAFBVV95cUxNeHZFNnY3eDhQYUxCVDRwdUMtcTlobkZMSW9RWmJLSWtfQkw5d2o4T0VWa0hRdVdVU195TUR6eUl3NUZWQkVhYWNVSnAwMDRnNmh4bE5lTUY3bk9TVGcxU2c5VGxXbm5hZ0xPZ0d3eHo0VUhRb2RhNjFVV2tjZzQ0R3hvWHdkSkZFc1JxQzR6LWU2bE5GVUkzaXI2dTVOa3U1ZjgtS00wUFpwTjhzTWtjTTlSNl9SZExJQzFHdkprZTVZSjg3Q0oyR3B6YWY?oc=5"" target=""_blank"">Bombay Dyeing Reports Sharp Decline in Net Profit Despite Exceptional Gain</a>&nbsp;&nbsp;<font color=""#6f6f6f"">scanx.trade</font>",2025-11-06 08:00:00,scanx.trade,https://news.google.com/rss/articles/CBMizAFBVV95cUxNeHZFNnY3eDhQYUxCVDRwdUMtcTlobkZMSW9RWmJLSWtfQkw5d2o4T0VWa0hRdVdVU195TUR6eUl3NUZWQkVhYWNVSnAwMDRnNmh4bE5lTUY3bk9TVGcxU2c5VGxXbm5hZ0xPZ0d3eHo0VUhRb2RhNjFVV2tjZzQ0R3hvWHdkSkZFc1JxQzR6LWU2bE5GVUkzaXI2dTVOa3U1ZjgtS00wUFpwTjhzTWtjTTlSNl9SZExJQzFHdkprZTVZSjg3Q0oyR3B6YWY?oc=5
BOMDYEING,Bombay Dyeing & Mfg Company Limited,Bombay Dyeing & Manufacturing Company Ltd is Rated Strong Sell - Markets Mojo,"<a href=""https://news.google.com/rss/articles/CBMivwFBVV95cUxPTVM0N1d3NmZueU5pTnJQWDlRd3lFSmJTakVrQlhMYUN6blluUEZxMzZqaGNpdFZNcVR5OHRWcjBoSlZiNWdBcDZVbnlIakFtUjNNa0NxTi1USm9yemRyUHRLNVRDbGcxLUVIVXZNYnE3R3oyMF9COUJhaWxPLTdmRjQxaVgtbEE2XzlyenhpaVdRUjRuYURGMEhrZGtST0dEVTRDSzNTQ04zWjZaREZWbVBUNzJnV0plclo5TExBTQ?oc=5"" target=""_blank"">Bombay Dyeing & Manufacturing Company Ltd is Rated Strong Sell</a>&nbsp;&nbsp;<font color=""#6f6f6f"">Markets Mojo</font>",2026-02-13 05:29:13,Markets Mojo,https://news.google.com/rss/articles/CBMivwFBVV95cUxPTVM0N1d3NmZueU5pTnJQWDlRd3lFSmJTakVrQlhMYUN6blluUEZxMzZqaGNpdFZNcVR5OHRWcjBoSlZiNWdBcDZVbnlIakFtUjNNa0NxTi1USm9yemRyUHRLNVRDbGcxLUVIVXZNYnE3R3oyMF9COUJhaWxPLTdmRjQxaVgtbEE2XzlyenhpaVdRUjRuYURGMEhrZGtST0dEVTRDSzNTQ04zWjZaREZWbVBUNzJnV0plclo5TExBTQ?oc=5
BOMDYEING,Bombay Dyeing & Mfg Company Limited,Bombay Dyeing Announces Temporary Shutdown of Patalganga Plant for Maintenance - scanx.trade,"<a href=""https://news.google.com/rss/articles/CBMi2wFBVV95cUxOWHRHbktodVlkc2hKUDdsQjhJdjVvVGZybTA1M29QQ2VnbmttQ1pfNDBKOGdKNEx1SlZCSTJ2RFRDYjFQQUJvWGtucmUtX0R5bktYeW9jRV9YLTBON3lQbldnT0dEMm9JNDBqOUlLTmlXbU4ybjQyb0x2TTN4NnV0QjB1QkhNbTVJNnk2TnV4MmF5SkFKVmFvZFkzSTE0QTJtSGFfckRmS0MxQmN2VGNlc3VOYXhYNHcydmUxU29GVEV5U1FmaG9NUXktSXpIV1FoQnJoZmJGMU44bVU?oc=5"" target=""_blank"">Bombay Dyeing Announces Temporary Shutdown of Patalganga Plant for Maintenance</a>&nbsp;&nbsp;<font color=""#6f6f6f"">scanx.trade</font>",2025-11-27 08:00:00,scanx.trade,https://news.google.com/rss/articles/CBMi2wFBVV95cUxOWHRHbktodVlkc2hKUDdsQjhJdjVvVGZybTA1M29QQ2VnbmttQ1pfNDBKOGdKNEx1SlZCSTJ2RFRDYjFQQUJvWGtucmUtX0R5bktYeW9jRV9YLTBON3lQbldnT0dEMm9JNDBqOUlLTmlXbU4ybjQyb0x2TTN4NnV0QjB1QkhNbTVJNnk2TnV4MmF5SkFKVmFvZFkzSTE0QTJtSGFfckRmS0MxQmN2VGNlc3VOYXhYNHcydmUxU29GVEV5U1FmaG9NUXktSXpIV1FoQnJoZmJGMU44bVU?oc=5
BOMDYEING,Bombay Dyeing & Mfg Company Limited,Bombay Dyeing Q3 FY26: Deepening Losses Signal Structural Crisis - Markets Mojo,"<a href=""https://news.google.com/rss/articles/CBMivAFBVV95cUxONmc2UXJsMXc5cUViNE9xWWVvUzhIUEU1bVBHTFJUU2VXbDJGY0E5bTUtcmgzNHp6eXJFNTFmR0E5WWktOUlubGdPUjM4U2IwRkxTUTNmaUs1c0JHaThObFlUQzUyV1hEWE5zcUptUlp0MlVhOVhGU3plRUVNN0I5MW1DRlZJeTVmLXZqVFBtcXdNNTFTSmU1b2FwWktpdEpHeTFDem5KaDVfWTNzX3ZBdVJaczZ0VHIxSkRDXw?oc=5"" target=""_blank"">Bombay Dyeing Q3 FY26: Deepening Losses Signal Structural Crisis</a>&nbsp;&nbsp;<font color=""#6f6f6f"">Markets Mojo</font>",2026-02-12 08:05:32,Markets Mojo,https://news.google.com/rss/articles/CBMivAFBVV95cUxONmc2UXJsMXc5cUViNE9xWWVvUzhIUEU1bVBHTFJUU2VXbDJGY0E5bTUtcmgzNHp6eXJFNTFmR0E5WWktOUlubGdPUjM4U2IwRkxTUTNmaUs1c0JHaThObFlUQzUyV1hEWE5zcUptUlp0MlVhOVhGU3plRUVNN0I5MW1DRlZJeTVmLXZqVFBtcXdNNTFTSmU1b2FwWktpdEpHeTFDem5KaDVfWTNzX3ZBdVJaczZ0VHIxSkRDXw?oc=5
BOMDYEING,Bombay Dyeing & Mfg Company Limited,Bombay Dyeing Faces Long-Term Challenges Despite Recent Short-Term Stock Gains - Markets Mojo,"<a href=""https://news.google.com/rss/articles/CBMi5AFBVV95cUxPNXJCYjNlUkFuZmwzS1U0TjRBV1c0ZEVZLS1CTEJuTjgwWjNyZmdzN3kxZFNnOFlKa0hNSjRqRVlhRW43THhFd1pubHJESERzLTBRaTNLODg4RTFTYkZiNHNzVTNENzUxME9id2FXS0drWTJ4RmdIZUJPSl9Wem9ITFczaEg4dkFDemJoa0Z5Zjd2UUo4T3RyTkkxM0lqRUdzY2JyZWpMalBTdmFMd0tNMXVULUlhc3p3M1k1YTdnbzdjV0NveEIxeTRqYmxFdlVtaE5NUVVpN3pmeDVZTHZ5M21wNXc?oc=5"" target=""_blank"">Bombay Dyeing Faces Long-Term Challenges Despite Recent Short-Term Stock Gains</a>&nbsp;&nbsp;<font color=""#6f6f6f"">Markets Mojo</font>",2025-07-24 03:25:04,Markets Mojo,https://news.google.com/rss/articles/CBMi5AFBVV95cUxPNXJCYjNlUkFuZmwzS1U0TjRBV1c0ZEVZLS1CTEJuTjgwWjNyZmdzN3kxZFNnOFlKa0hNSjRqRVlhRW43THhFd1pubHJESERzLTBRaTNLODg4RTFTYkZiNHNzVTNENzUxME9id2FXS0drWTJ4RmdIZUJPSl9Wem9ITFczaEg4dkFDemJoa0Z5Zjd2UUo4T3RyTkkxM0lqRUdzY2JyZWpMalBTdmFMd0tNMXVULUlhc3p3M1k1YTdnbzdjV0NveEIxeTRqYmxFdlVtaE5NUVVpN3pmeDVZTHZ5M21wNXc?oc=5
BOMDYEING,Bombay Dyeing & Mfg Company Limited,Bombay Dyeing Faces Financial Challenges Amid Declining Performance and Investor Caution - Markets Mojo,"<a href=""https://news.google.com/rss/articles/CBMi3AFBVV95cUxQNmxQM2RkZFRsSUZ3OVV3YlViMVJKTjk5dlBBN2plcnJiX04tc0VPMy1tYk9pQWZlTFBTRF94SERVYWNWZ21oR3VIMXQxcUtnanFxOVcxWHV3U2xXUFYzQ2w0cHYtZV9nWVAtZGVDaVNKUl9RNTJYOTJhb2dXRkZBOXlUSkR2NnFGZjVJVFh2VmpPZmRzZkVCdE5KTE40YUlwLTd2S2RGemtEMnhpWVdqb3JwNS1EbmN3TWhoX1hFRFJrZzM4eF82OHZwcG1kQ3ZXTV9xamt2WDU5U2Vl?oc=5"" target=""_blank"">Bombay Dyeing Faces Financial Challenges Amid Declining Performance and Investor Caution</a>&nbsp;&nbsp;<font color=""#6f6f6f"">Markets Mojo</font>",2025-07-30 03:03:56,Markets Mojo,https://news.google.com/rss/articles/CBMi3AFBVV95cUxQNmxQM2RkZFRsSUZ3OVV3YlViMVJKTjk5dlBBN2plcnJiX04tc0VPMy1tYk9pQWZlTFBTRF94SERVYWNWZ21oR3VIMXQxcUtnanFxOVcxWHV3U2xXUFYzQ2w0cHYtZV9nWVAtZGVDaVNKUl9RNTJYOTJhb2dXRkZBOXlUSkR2NnFGZjVJVFh2VmpPZmRzZkVCdE5KTE40YUlwLTd2S2RGemtEMnhpWVdqb3JwNS1EbmN3TWhoX1hFRFJrZzM4eF82OHZwcG1kQ3ZXTV9xamt2WDU5U2Vl?oc=5
BOMDYEING,Bombay Dyeing & Mfg Company Limited,Bombay Dyeing Q2 FY26: Profit Plunges 99.5% as Operational Losses Deepen - Markets Mojo,"<a href=""https://news.google.com/rss/articles/CBMixAFBVV95cUxOQ2o2LWFYU05oTjdIbDNqLXg2bFRQLU1SdE52U2l2eE9NSUFuNzVoTVQ0MnRJY0lIbTdCOWFXejhfYThnNGhKdzN1SGNGV3EwZXVNYWZ6N2RzeldaLTFhbk1Sa3BxYm5uTnVZUmctVUNfSl8xZGgtZjJ3emxMOXp6bGFxOEY0eG9WYktNbGhRZ3Nidm9lSW1iRUJtZVp6WDNqd1JUUDRvWjl2X21lMWdrYzBjbVBoWEIxcmNXaVR6azlIWk10?oc=5"" target=""_blank"">Bombay Dyeing Q2 FY26: Profit Plunges 99.5% as Operational Losses Deepen</a>&nbsp;&nbsp;<font color=""#6f6f6f"">Markets Mojo</font>",2025-11-06 08:00:00,Markets Mojo,https://news.google.com/rss/articles/CBMixAFBVV95cUxOQ2o2LWFYU05oTjdIbDNqLXg2bFRQLU1SdE52U2l2eE9NSUFuNzVoTVQ0MnRJY0lIbTdCOWFXejhfYThnNGhKdzN1SGNGV3EwZXVNYWZ6N2RzeldaLTFhbk1Sa3BxYm5uTnVZUmctVUNfSl8xZGgtZjJ3emxMOXp6bGFxOEY0eG9WYktNbGhRZ3Nidm9lSW1iRUJtZVp6WDNqd1JUUDRvWjl2X21lMWdrYzBjbVBoWEIxcmNXaVR6azlIWk10?oc=5
BOMDYEING,Bombay Dyeing & Mfg Company Limited,Bombay Dyeing & Manufacturing Company Appoints Rohit Santosh as CEO of Bombay Realty - Realty Plus Magazine,"<a href=""https://news.google.com/rss/articles/CBMiyAFBVV95cUxNRWVoUDhyOTNKM1Y3aXJ0dkFTU2hWcHo0VVNwdXU5Y3lKODhJY3kxR3FlZjk0TUVFdU44RmZLb0VhS0RqOThTM3kyRDQtVkZoeHJnOG55T3REZWExVTNmVk1DTnRyWmU0MmxaQ1o4N2xmWjVwS2VlRUJYQm5iNmZHWWtvM0NkVERQN2JfaC1fXzNneUpZRFljeVlSRmswQS1iWjdZUzJWWHBkMWFZT0d5NXdBaWdyNFdERUlrWVg0Ymt2STZrSWJvYg?oc=5"" target=""_blank"">Bombay Dyeing & Manufacturing Company Appoints Rohit Santosh as CEO of Bombay Realty</a>&nbsp;&nbsp;<font color=""#6f6f6f"">Realty Plus Magazine</font>",2025-09-25 07:00:00,Realty Plus Magazine,https://news.google.com/rss/articles/CBMiyAFBVV95cUxNRWVoUDhyOTNKM1Y3aXJ0dkFTU2hWcHo0VVNwdXU5Y3lKODhJY3kxR3FlZjk0TUVFdU44RmZLb0VhS0RqOThTM3kyRDQtVkZoeHJnOG55T3REZWExVTNmVk1DTnRyWmU0MmxaQ1o4N2xmWjVwS2VlRUJYQm5iNmZHWWtvM0NkVERQN2JfaC1fXzNneUpZRFljeVlSRmswQS1iWjdZUzJWWHBkMWFZT0d5NXdBaWdyNFdERUlrWVg0Ymt2STZrSWJvYg?oc=5
BOMDYEING,Bombay Dyeing & Mfg Company Limited,Revenue of Bombay Dyeing FY 2016-2025 - Statista,"<a href=""https://news.google.com/rss/articles/CBMigAFBVV95cUxONExJT3BZWkM1Q3VIUGhwTXBpM29sSjUzZFhlWDl2cElpM2ZYalFCajB0R2UxQUtoT0dtYkJ4a182bHNlblVmc0VqaEtESF9xNGVGLXJlNEN2T3BrLVJqMFl6WlpXWTh1OUpYcnJIck9aakFwdlE2Qk1GZlVlc1JDZg?oc=5"" target=""_blank"">Revenue of Bombay Dyeing FY 2016-2025</a>&nbsp;&nbsp;<font color=""#6f6f6f"">Statista</font>",2025-11-25 08:00:00,Statista,https://news.google.com/rss/articles/CBMigAFBVV95cUxONExJT3BZWkM1Q3VIUGhwTXBpM29sSjUzZFhlWDl2cElpM2ZYalFCajB0R2UxQUtoT0dtYkJ4a182bHNlblVmc0VqaEtESF9xNGVGLXJlNEN2T3BrLVJqMFl6WlpXWTh1OUpYcnJIck9aakFwdlE2Qk1GZlVlc1JDZg?oc=5
BOMDYEING,Bombay Dyeing & Mfg Company Limited,Varun Berry Steps Down from Bombay Dyeing Board - scanx.trade,"<a href=""https://news.google.com/rss/articles/CBMiowFBVV95cUxQMTNkSDdLX2huWnBYRkxETmF3c3V0aTZvQ1hXQUlkMDhzaXUtb3dUaVdlYmgtMXdnTnpkWlFWeXJyQVlzUF9IYlRWbmFNSWpKRDcxcVppYW5pa0ZRNGZlRkJDVEVNTWRDdEs3ci1rN3FGREVoMzRDMHBkOEhqQ281TTZOVDI4dWNjcUd4RVJCaGREeFhqeTFrb2hUa2hYT0l1VDJZ?oc=5"" target=""_blank"">Varun Berry Steps Down from Bombay Dyeing Board</a>&nbsp;&nbsp;<font color=""#6f6f6f"">scanx.trade</font>",2025-11-10 08:00:00,scanx.trade,https://news.google.com/rss/articles/CBMiowFBVV95cUxQMTNkSDdLX2huWnBYRkxETmF3c3V0aTZvQ1hXQUlkMDhzaXUtb3dUaVdlYmgtMXdnTnpkWlFWeXJyQVlzUF9IYlRWbmFNSWpKRDcxcVppYW5pa0ZRNGZlRkJDVEVNTWRDdEs3ci1rN3FGREVoMzRDMHBkOEhqQ281TTZOVDI4dWNjcUd4RVJCaGREeFhqeTFrb2hUa2hYT0l1VDJZ?oc=5
BOMDYEING,Bombay Dyeing & Mfg Company Limited,Bombay Dyeing & Manufacturing Company reports consolidated net loss of Rs 9.85 crore in the December 2025 quarter - Business Standard,"<a href=""https://news.google.com/rss/articles/CBMingJBVV95cUxPU2RnMFFWNExxMnhIc3lPOHlkZ2FSUnhCN3IxdHZRcXVKYVZhWUFWRW8zUHN4eXNmc2xxbFBkTEVjQWJncWh0UjNQcl9pX2ZIbjZKOVByeGREMGRMUk5PeW5PU3kwV1RLV3Q4RVFwOVJ5QkRlTjRkQUNiNzJSdFNrZlVzbDRSNC1lM3JLSndFT0ZNb2ZqQ3pfcHFIZzJvNlNLTnFIOE92QWxlbFNBclhJVS1ZdkU2Y0xXNFFtRG5ESzltRmdsanNJR2tQQldBRndlQmVIMmtHMzhuYWZvRjlDcGVNR0dlS0oxTUdMZWdHeml0WURKYVprM21SaVlVUV9DamtpWF83TXJFZ3FjSmswT0VrRXc3S01ycHBkUUh30gGjAkFVX3lxTE1keEZRMVhuVjZKU2w3VzRBc0o3bjBzYlRwS3R0dFFhT0wzeGdmeDlFQW91U2FTdW9uaWxhTFRud2lrdHhaUXVPemo4eXQ1T080dkNXYU1rTlVNZzRmaFdCYURFd2hrc3M3aGRXNnZSejEta1A2Q2xtS3YxSVhyZUozb1g1UXc3d3FfMi1XTDZDcDY1TjlrODFRdS1DclNKTEEydVAydFR3cG1pYmtwRVlxQWpQVk1nZnd1SUM2VV9nM2NwODk2TmZBVHJIdXItekZhajd3dVFJOTdXX093MGhUeWVQaDRxNDhvWUYyQnlrR0dxQ19qVnM0X25rNjVycVVXSkVWMFVPMmc1U3FUaGk4aDdjQWFCQjVIa2tYb2NhbFFXcw?oc=5"" target=""_blank"">Bombay Dyeing & Manufacturing Company reports consolidated net loss of Rs 9.85 crore in the December 2025 quarter</a>&nbsp;&nbsp;<font color=""#6f6f6f"">Business Standard</font>",2026-02-12 08:00:00,Business Standard,https://news.google.com/rss/articles/CBMingJBVV95cUxPU2RnMFFWNExxMnhIc3lPOHlkZ2FSUnhCN3IxdHZRcXVKYVZhWUFWRW8zUHN4eXNmc2xxbFBkTEVjQWJncWh0UjNQcl9pX2ZIbjZKOVByeGREMGRMUk5PeW5PU3kwV1RLV3Q4RVFwOVJ5QkRlTjRkQUNiNzJSdFNrZlVzbDRSNC1lM3JLSndFT0ZNb2ZqQ3pfcHFIZzJvNlNLTnFIOE92QWxlbFNBclhJVS1ZdkU2Y0xXNFFtRG5ESzltRmdsanNJR2tQQldBRndlQmVIMmtHMzhuYWZvRjlDcGVNR0dlS0oxTUdMZWdHeml0WURKYVprM21SaVlVUV9DamtpWF83TXJFZ3FjSmswT0VrRXc3S01ycHBkUUh30gGjAkFVX3lxTE1keEZRMVhuVjZKU2w3VzRBc0o3bjBzYlRwS3R0dFFhT0wzeGdmeDlFQW91U2FTdW9uaWxhTFRud2lrdHhaUXVPemo4eXQ1T080dkNXYU1rTlVNZzRmaFdCYURFd2hrc3M3aGRXNnZSejEta1A2Q2xtS3YxSVhyZUozb1g1UXc3d3FfMi1XTDZDcDY1TjlrODFRdS1DclNKTEEydVAydFR3cG1pYmtwRVlxQWpQVk1nZnd1SUM2VV9nM2NwODk2TmZBVHJIdXItekZhajd3dVFJOTdXX093MGhUeWVQaDRxNDhvWUYyQnlrR0dxQ19qVnM0X25rNjVycVVXSkVWMFVPMmc1U3FUaGk4aDdjQWFCQjVIa2tYb2NhbFFXcw?oc=5
BOMDYEING,Bombay Dyeing & Mfg Company Limited,Bombay Dyeing & Manufacturing Company Forms Death Cross Signalling Bearish Trend - Markets Mojo,"<a href=""https://news.google.com/rss/articles/CBMiwgFBVV95cUxNZERsZEs0a1JHYTdIZ2E0RzhncnRzRkxBTHhKVVJzemswckdqRDkwbENfcThJUFd5NXBqeklyZU1JLVh2QnRZMUd5UURBeDA4YkI2TmE1cW54c0xZdVJVSkhFeTREVENBTEJaY0Z5VnFUdTlRVFlDcHpZZEZaaTBXaTAyN0ZsVlE4bi1KekZkOTlYN2FZZzY2c1IzNFdrTHVDN2xwUEQ2YzVrV05oUHNxX05zV00zMXhpd3VNM0RnYlplZw?oc=5"" target=""_blank"">Bombay Dyeing & Manufacturing Company Forms Death Cross Signalling Bearish Trend</a>&nbsp;&nbsp;<font color=""#6f6f6f"">Markets Mojo</font>",2025-12-17 12:40:36,Markets Mojo,https://news.google.com/rss/articles/CBMiwgFBVV95cUxNZERsZEs0a1JHYTdIZ2E0RzhncnRzRkxBTHhKVVJzemswckdqRDkwbENfcThJUFd5NXBqeklyZU1JLVh2QnRZMUd5UURBeDA4YkI2TmE1cW54c0xZdVJVSkhFeTREVENBTEJaY0Z5VnFUdTlRVFlDcHpZZEZaaTBXaTAyN0ZsVlE4bi1KekZkOTlYN2FZZzY2c1IzNFdrTHVDN2xwUEQ2YzVrV05oUHNxX05zV00zMXhpd3VNM0RnYlplZw?oc=5
BOMDYEING,Bombay Dyeing & Mfg Company Limited,SAT sets aside SEBI’s 2022 penalty and market ban in Bombay Dyeing case - Moneycontrol.com,"<a href=""https://news.google.com/rss/articles/CBMi0gFBVV95cUxPSE1YVW95cVFXOFBIdC1nSEEzVk1XVjgzS3NxbENEUkNhaDdyN25vVVNEZFFYN2g5a0c3UzFMakpsS1lhY2NBSkM1aXROQUc1TldUWDh3T2xhQmc5dmxHSldNWGxLeG5UYlNBTEtwWVlCT3RfaFljenhSXzktS0tGM1BFck4tNHVLd0hyOGRzclR4Zm9iSHhGU3E1ZlpnVkVJMm43QUZtaDlxYzNRMXVpR2NFZi1paEtfbmsxeG90YTIxUTRfUkxzaDQ3QmlwTDlZV0HSAdcBQVVfeXFMT1Fla2V6TkduWjVzSlFXQXdvRVBSMVoxYWc0ZDQ1RDVzTFRLMktyN3I3X3F6dUhjdWs4TkVpazBrS3BwUWl1cmtib2Z3aGMzRmdYNWo0VHhlWUdxaWQwcG5RcFNfRHhaNXRFWUNwcGUyVC1MUUdTa0FvN1NoVzlfaXFtUlhiQUViVnFxc2IyaVJkR1JLaUhsZHJud3BvVjBGUWxXV0dOcEhTYV9HMmV5c2NqdHhUcWdYR1lnOXJ2VEs0RTZPLU8tTGlEVFYyblF3aG16d2psNmM?oc=5"" target=""_blank"">SAT sets aside SEBI’s 2022 penalty and market ban in Bombay Dyeing case</a>&nbsp;&nbsp;<font color=""#6f6f6f"">Moneycontrol.com</font>",2026-01-17 08:00:00,Moneycontrol.com,https://news.google.com/rss/articles/CBMi0gFBVV95cUxPSE1YVW95cVFXOFBIdC1nSEEzVk1XVjgzS3NxbENEUkNhaDdyN25vVVNEZFFYN2g5a0c3UzFMakpsS1lhY2NBSkM1aXROQUc1TldUWDh3T2xhQmc5dmxHSldNWGxLeG5UYlNBTEtwWVlCT3RfaFljenhSXzktS0tGM1BFck4tNHVLd0hyOGRzclR4Zm9iSHhGU3E1ZlpnVkVJMm43QUZtaDlxYzNRMXVpR2NFZi1paEtfbmsxeG90YTIxUTRfUkxzaDQ3QmlwTDlZV0HSAdcBQVVfeXFMT1Fla2V6TkduWjVzSlFXQXdvRVBSMVoxYWc0ZDQ1RDVzTFRLMktyN3I3X3F6dUhjdWs4TkVpazBrS3BwUWl1cmtib2Z3aGMzRmdYNWo0VHhlWUdxaWQwcG5RcFNfRHhaNXRFWUNwcGUyVC1MUUdTa0FvN1NoVzlfaXFtUlhiQUViVnFxc2IyaVJkR1JLaUhsZHJud3BvVjBGUWxXV0dOcEhTYV9HMmV5c2NqdHhUcWdYR1lnOXJ2VEs0RTZPLU8tTGlEVFYyblF3aG16d2psNmM?oc=5
BOMDYEING,Bombay Dyeing & Mfg Company Limited,"Bombay Dyeing Q2 net profit falls to US $ 532,000 amid lower revenue - Apparel Resources","<a href=""https://news.google.com/rss/articles/CBMitwFBVV95cUxNeFpIOVY3UVZWWEVUU2lSSDdEMjdSOWc2Y3ZuQnk0NFk4SUtHVTA5QnZ3Tl9BanZtOC1zSkNBSHdaaXUydGV5STVxWkVoTkdubzhyXzlkXzJvZjNJdzZYQXZ4TjRQa0VWMUI1eWlpX0xZRXJBdmhjbHVBYkVMZXd4cVRlMzJhVkhyaThGZ2w5YXNIT0tYLUdtQ0VpYlY4bE5weWhHTHZmcVpmTjJGeVA2d0dLd213dzQ?oc=5"" target=""_blank"">Bombay Dyeing Q2 net profit falls to US $ 532,000 amid lower revenue</a>&nbsp;&nbsp;<font color=""#6f6f6f"">Apparel Resources</font>",2025-11-07 08:00:00,Apparel Resources,https://news.google.com/rss/articles/CBMitwFBVV95cUxNeFpIOVY3UVZWWEVUU2lSSDdEMjdSOWc2Y3ZuQnk0NFk4SUtHVTA5QnZ3Tl9BanZtOC1zSkNBSHdaaXUydGV5STVxWkVoTkdubzhyXzlkXzJvZjNJdzZYQXZ4TjRQa0VWMUI1eWlpX0xZRXJBdmhjbHVBYkVMZXd4cVRlMzJhVkhyaThGZ2w5YXNIT0tYLUdtQ0VpYlY4bE5weWhHTHZmcVpmTjJGeVA2d0dLd213dzQ?oc=5
BOMDYEING,Bombay Dyeing & Mfg Company Limited,SAT Quashes SEBI Order Accusing Bombay Dyeing of Orchestrating 'Fraud Scheme'; Presiding Officer Dissents - Moneylife,"<a href=""https://news.google.com/rss/articles/CBMi3wFBVV95cUxOdWtCSWR2YVBYX0R1bjZUTkFwS1J3MDV6aHlWeF9POFJRODdMSzYtUElIektwNHJXbXI3QnYwMDBjb040cDlNS1FHNjhQMEhuTmIxam82QkxDTFBKR1NwLTdSaGh1MHd4aFVGX1l5TDA4MW1Db0xtaEtna1dJZVExNjRRVHFKWFNMZnhZZjFhUlVpRnRnSXIwbEJVd3pJZWdGSUpLQ2xRaVVXSi1SVEJEQXN2dlFTQmtmenVQVTZWWGhDNEsyWG91S3JraEtzWlZIVzIySF9PUVFZMk1jbmRN?oc=5"" target=""_blank"">SAT Quashes SEBI Order Accusing Bombay Dyeing of Orchestrating 'Fraud Scheme'; Presiding Officer Dissents</a>&nbsp;&nbsp;<font color=""#6f6f6f"">Moneylife</font>",2026-01-17 08:00:00,Moneylife,https://news.google.com/rss/articles/CBMi3wFBVV95cUxOdWtCSWR2YVBYX0R1bjZUTkFwS1J3MDV6aHlWeF9POFJRODdMSzYtUElIektwNHJXbXI3QnYwMDBjb040cDlNS1FHNjhQMEhuTmIxam82QkxDTFBKR1NwLTdSaGh1MHd4aFVGX1l5TDA4MW1Db0xtaEtna1dJZVExNjRRVHFKWFNMZnhZZjFhUlVpRnRnSXIwbEJVd3pJZWdGSUpLQ2xRaVVXSi1SVEJEQXN2dlFTQmtmenVQVTZWWGhDNEsyWG91S3JraEtzWlZIVzIySF9PUVFZMk1jbmRN?oc=5
BOMDYEING,Bombay Dyeing & Mfg Company Limited,Bombay Dyeing posts Rs 9.85 cr loss in Q3 revenue falls 22 pc - theweek.in,"<a href=""https://news.google.com/rss/articles/CBMivwFBVV95cUxPY01aQW0zSDBpSGtQdG15UGx3S2ZfUWl2dVk5S193SEx4U24wUHQxMnFNeEJNaUdodmp2ZWVHRjQwNGRzQkJpUmZRSWFWQXM0djVOZDE5bXRINHB2VUdnUlVRNkc5Zks3LV9KTEhXclZXREZwYTB1ckRXMnNSTWhXYV93N1BlblFBNEJDaERFUFB5TFM0RHN2YWdpUlBlUHRrMlJ0ZW1peVRDd0hneDhSX29ETWgyVThqTll6bzZNNNIBxAFBVV95cUxONjY4WlZEM1ZEbWtxUVJlZFhOczNyLWpMdjdnNExhNG1ybThiV0p3UU9xUHplbkM2b0ktTGx0MTE0bFJoSzBURWNRN3A1ZmhOMlAtSk1TSkZRUnJGTk9UcFhLc0lKUkI4SU5ZQXM5WklqcnNrbEFVY0tLT2NrdFBvT1g4YnlnYVpGZENhX05TQkN4Q2ljby1CVS16cVp2bmVhcUV4cUExbld6Z05YY0YtdloyNHNpTlFrUEZ3eUZYTWxpcFpr?oc=5"" target=""_blank"">Bombay Dyeing posts Rs 9.85 cr loss in Q3 revenue falls 22 pc</a>&nbsp;&nbsp;<font color=""#6f6f6f"">theweek.in</font>",2026-02-11 08:00:00,theweek.in,https://news.google.com/rss/articles/CBMivwFBVV95cUxPY01aQW0zSDBpSGtQdG15UGx3S2ZfUWl2dVk5S193SEx4U24wUHQxMnFNeEJNaUdodmp2ZWVHRjQwNGRzQkJpUmZRSWFWQXM0djVOZDE5bXRINHB2VUdnUlVRNkc5Zks3LV9KTEhXclZXREZwYTB1ckRXMnNSTWhXYV93N1BlblFBNEJDaERFUFB5TFM0RHN2YWdpUlBlUHRrMlJ0ZW1peVRDd0hneDhSX29ETWgyVThqTll6bzZNNNIBxAFBVV95cUxONjY4WlZEM1ZEbWtxUVJlZFhOczNyLWpMdjdnNExhNG1ybThiV0p3UU9xUHplbkM2b0ktTGx0MTE0bFJoSzBURWNRN3A1ZmhOMlAtSk1TSkZRUnJGTk9UcFhLc0lKUkI4SU5ZQXM5WklqcnNrbEFVY0tLT2NrdFBvT1g4YnlnYVpGZENhX05TQkN4Q2ljby1CVS16cVp2bmVhcUV4cUExbld6Z05YY0YtdloyNHNpTlFrUEZ3eUZYTWxpcFpr?oc=5
BOMDYEING,Bombay Dyeing & Mfg Company Limited,Bombay Dyeing - Madhusudan Kela Portfolio: 7 stocks rally up to 67% in FY26; fresh bet in Q2 revealed - The Economic Times,"<a href=""https://news.google.com/rss/articles/CBMi_AFBVV95cUxOOTNzaHQ0amlKblVHU1pxY2JUcVFiOHUxNE1FV0ZDcDI0WmlzNGJIRlVpQ3IzVXBUenVpdnhMMUJJOENUcy1IZnlkY1M5Yk1sY1NCeGY2T2VMNzZPMUJnVjFyeUtDdUR4WnJwLUYtZXJtOGZJb3d0d1A3V3dTQ01tVmJKRFI5ME5peU52NjUzc0JRRVUtWmpORF9OV3JoTTBJWjJCYnJQMFlVZlN6MkEtX0U4MjI3bDE0ZnVFMXNBcWFVYkZPYy10SHplUVBub2Q0cENhaC1rcDBnSVBEeHc4bDZZTE5aeC1tcWlLazl3b3U2a2t5WnRIcXNudXE?oc=5"" target=""_blank"">Bombay Dyeing - Madhusudan Kela Portfolio: 7 stocks rally up to 67% in FY26; fresh bet in Q2 revealed</a>&nbsp;&nbsp;<font color=""#6f6f6f"">The Economic Times</font>",2025-11-01 07:00:00,The Economic Times,https://news.google.com/rss/articles/CBMi_AFBVV95cUxOOTNzaHQ0amlKblVHU1pxY2JUcVFiOHUxNE1FV0ZDcDI0WmlzNGJIRlVpQ3IzVXBUenVpdnhMMUJJOENUcy1IZnlkY1M5Yk1sY1NCeGY2T2VMNzZPMUJnVjFyeUtDdUR4WnJwLUYtZXJtOGZJb3d0d1A3V3dTQ01tVmJKRFI5ME5peU52NjUzc0JRRVUtWmpORF9OV3JoTTBJWjJCYnJQMFlVZlN6MkEtX0U4MjI3bDE0ZnVFMXNBcWFVYkZPYy10SHplUVBub2Q0cENhaC1rcDBnSVBEeHc4bDZZTE5aeC1tcWlLazl3b3U2a2t5WnRIcXNudXE?oc=5
BOMDYEING,Bombay Dyeing & Mfg Company Limited,"Bombay Dyeing Unveils Winter Collection 2025 Blending Warmth, Design And Festive Comfort - Textile Excellence","<a href=""https://news.google.com/rss/articles/CBMi1AFBVV95cUxOS3ZKRnJYX1F6cGpnSVIwMVN3RGlzZ1lDdmVRYUJGTkxjNldQcm1vMlQ5dUJHUVFzQ1lUc2tuWlgydzMxTE1FeG9VRTQ4SHFMYjU4MXNBellVZ3FVZi04N0lnbHdjUVZuSnBZeEE0QmNDME40ckRSV2JodjRwSy1aeF9MN05VVGZONjdYVnYzTlR1ZkZHeFhPelFyTUZtSEdEX2lwcmxxSTlILWxUcjFWamdKY1YwTTd2empNLUlFNWcwMjVZTzVlRGFocjZtOF9xbS00Mg?oc=5"" target=""_blank"">Bombay Dyeing Unveils Winter Collection 2025 Blending Warmth, Design And Festive Comfort</a>&nbsp;&nbsp;<font color=""#6f6f6f"">Textile Excellence</font>",2025-12-24 08:00:00,Textile Excellence,https://news.google.com/rss/articles/CBMi1AFBVV95cUxOS3ZKRnJYX1F6cGpnSVIwMVN3RGlzZ1lDdmVRYUJGTkxjNldQcm1vMlQ5dUJHUVFzQ1lUc2tuWlgydzMxTE1FeG9VRTQ4SHFMYjU4MXNBellVZ3FVZi04N0lnbHdjUVZuSnBZeEE0QmNDME40ckRSV2JodjRwSy1aeF9MN05VVGZONjdYVnYzTlR1ZkZHeFhPelFyTUZtSEdEX2lwcmxxSTlILWxUcjFWamdKY1YwTTd2empNLUlFNWcwMjVZTzVlRGFocjZtOF9xbS00Mg?oc=5
BOMDYEING,Bombay Dyeing & Mfg Company Limited,Bombay Dyeing threads profit through tough quarter - Indian Television,"<a href=""https://news.google.com/rss/articles/CBMijAFBVV95cUxPcmphYXFXdHoxU1I5eVlnR3B2b2YzdldfS2lvRDZMRGJEbW9JNy13dzU1QU82MTVZZkZ2VERRTWVtRTRGX0MyMmZ4VlNWVkd4aFZNc1hEcXhMamstZDFhVDUwMWRZQ09jemhQQWNaY1BkMDl0X1Ytb29ZX3JWUC10WE5FbFpaUkliQkdiMg?oc=5"" target=""_blank"">Bombay Dyeing threads profit through tough quarter</a>&nbsp;&nbsp;<font color=""#6f6f6f"">Indian Television</font>",2026-02-12 16:08:04,Indian Television,https://news.google.com/rss/articles/CBMijAFBVV95cUxPcmphYXFXdHoxU1I5eVlnR3B2b2YzdldfS2lvRDZMRGJEbW9JNy13dzU1QU82MTVZZkZ2VERRTWVtRTRGX0MyMmZ4VlNWVkd4aFZNc1hEcXhMamstZDFhVDUwMWRZQ09jemhQQWNaY1BkMDl0X1Ytb29ZX3JWUC10WE5FbFpaUkliQkdiMg?oc=5
BOMDYEING,Bombay Dyeing & Mfg Company Limited,Bombay Dyeing & Manufacturing Company Ltd Hits Intraday High with 7.18% Surge - Markets Mojo,"<a href=""https://news.google.com/rss/articles/CBMiywFBVV95cUxQaHVKYUFLZ2lNcDZnRTZfYkVMX0VEbVBUTmg3UThfblFYQ3hub2JsbVZ5eW9ib0FLU0lTSWViN3RkRnY2Q3A2ZlNOVmlzVm5PYTFwd18tVVkwZE9oNGs5S3hfNVhzUmFZdlkxNEEzLWtkcDNIQVpIZWRCdjk0b0JFWXFaQ3d3RG52SmtvZUJycnNTS0RQY0ZUWXJNNHN6RGNHWjFNS2RZbXRaMndhVTRpc0prWl9kbjFDbFcxcFktS2VFREstQkxFbmRuaw?oc=5"" target=""_blank"">Bombay Dyeing & Manufacturing Company Ltd Hits Intraday High with 7.18% Surge</a>&nbsp;&nbsp;<font color=""#6f6f6f"">Markets Mojo</font>",2026-02-03 06:29:53,Markets Mojo,https://news.google.com/rss/articles/CBMiywFBVV95cUxQaHVKYUFLZ2lNcDZnRTZfYkVMX0VEbVBUTmg3UThfblFYQ3hub2JsbVZ5eW9ib0FLU0lTSWViN3RkRnY2Q3A2ZlNOVmlzVm5PYTFwd18tVVkwZE9oNGs5S3hfNVhzUmFZdlkxNEEzLWtkcDNIQVpIZWRCdjk0b0JFWXFaQ3d3RG52SmtvZUJycnNTS0RQY0ZUWXJNNHN6RGNHWjFNS2RZbXRaMndhVTRpc0prWl9kbjFDbFcxcFktS2VFREstQkxFbmRuaw?oc=5
BOMDYEING,Bombay Dyeing & Mfg Company Limited,Bombay Dyeing share price surges 16%. What's behind the run-up in this small-cap stock? - Mint,"<a href=""https://news.google.com/rss/articles/CBMi6AFBVV95cUxOUHc4c1RSN3dPdXc4S3o2NjVyajVXbXhzWFVOZTBGMUpsRkV3a2pqdHY1bjNsOGZ6MHNZMXVfb0JmT3hvRVhtZms5TnItdTFaTUdxbEhkOGgydlh4NnZHaFhkdjBObXJGMFhHSU40UTVuWVZPd2NDcW0zVmREbGl5ckxvdUVsQXVrVmRpVGlPUlRoU2gxV25IeE50UnkyTUU2TnR6NHp4ZHhGV05oVC1YcFFDNFdTd0Y1Zzc4aGt2bmU4S3pyT3JWUWRqalpnSHdfT3lWTXBXWVFYXzNYQjF6MVdCOVQ2cXg00gHuAUFVX3lxTFB5WXpacXNiM2c0T0VnQzRCQ19JaFRzRE5kWG83VXVLdHd3ckpZbTRZZ3ZLbUJvSlJ5TzVEVVFRNTFFVWhhNV9yWlNSRHNRekNWMF9FaHdWcURKUVk4N0JnM0U0bWpDOXhLbndEanhIRXdHdnVlWmhrZV90SjhBSE9xTGRIcEFsUkhCMzQtd3hLNURxeEtjT2hhNFA4Qy05U3hGRHMwWTVXSTRSMTlHNG04WTE2c2Z6UDdZR2NDaFJFYXdsX0ktam52Zkw4YlZIUWJtcFFFcFZsYzJoYlVReFV6VGZQUmVtSFc0TU9tSlE?oc=5"" target=""_blank"">Bombay Dyeing share price surges 16%. What's behind the run-up in this small-cap stock?</a>&nbsp;&nbsp;<font color=""#6f6f6f"">Mint</font>",2025-07-23 07:00:00,Mint,https://news.google.com/rss/articles/CBMi6AFBVV95cUxOUHc4c1RSN3dPdXc4S3o2NjVyajVXbXhzWFVOZTBGMUpsRkV3a2pqdHY1bjNsOGZ6MHNZMXVfb0JmT3hvRVhtZms5TnItdTFaTUdxbEhkOGgydlh4NnZHaFhkdjBObXJGMFhHSU40UTVuWVZPd2NDcW0zVmREbGl5ckxvdUVsQXVrVmRpVGlPUlRoU2gxV25IeE50UnkyTUU2TnR6NHp4ZHhGV05oVC1YcFFDNFdTd0Y1Zzc4aGt2bmU4S3pyT3JWUWRqalpnSHdfT3lWTXBXWVFYXzNYQjF6MVdCOVQ2cXg00gHuAUFVX3lxTFB5WXpacXNiM2c0T0VnQzRCQ19JaFRzRE5kWG83VXVLdHd3ckpZbTRZZ3ZLbUJvSlJ5TzVEVVFRNTFFVWhhNV9yWlNSRHNRekNWMF9FaHdWcURKUVk4N0JnM0U0bWpDOXhLbndEanhIRXdHdnVlWmhrZV90SjhBSE9xTGRIcEFsUkhCMzQtd3hLNURxeEtjT2hhNFA4Qy05U3hGRHMwWTVXSTRSMTlHNG04WTE2c2Z6UDdZR2NDaFJFYXdsX0ktam52Zkw4YlZIUWJtcFFFcFZsYzJoYlVReFV6VGZQUmVtSFc0TU9tSlE?oc=5
BOMDYEING,Bombay Dyeing & Mfg Company Limited,Bombay Dyeing & Manufacturing Company Ltd Opens with Strong Gap Up on 3 Feb 2026 - Markets Mojo,"<a href=""https://news.google.com/rss/articles/CBMi0gFBVV95cUxPNzNONHYxTkpQYWhDNURWcnBYM3VnSEdLQ3lUZXN3a0VkYTAyQldyMTRwQXdLWmdDeTJ0Q3daWFAzZl9vYU1DMjNSdHBTUUhRbnlDeVdpWVh2SUgwTmJoaHJlMVpZS0w4bG1QSTBuZjdsRkhLaGtfTnBVS2VBZlZmbmVBcEtLRUlRVjYyaFFmZFdxejVDbzJxR3NsVnFkQ1ptQmI4VXpaQVpvTlh3aGFjamZkcDd6Vy1LZ2tUSURVOWRfMkVnaXlBN3ZIQW9KLXZtZUE?oc=5"" target=""_blank"">Bombay Dyeing & Manufacturing Company Ltd Opens with Strong Gap Up on 3 Feb 2026</a>&nbsp;&nbsp;<font color=""#6f6f6f"">Markets Mojo</font>",2026-02-03 08:00:00,Markets Mojo,https://news.google.com/rss/articles/CBMi0gFBVV95cUxPNzNONHYxTkpQYWhDNURWcnBYM3VnSEdLQ3lUZXN3a0VkYTAyQldyMTRwQXdLWmdDeTJ0Q3daWFAzZl9vYU1DMjNSdHBTUUhRbnlDeVdpWVh2SUgwTmJoaHJlMVpZS0w4bG1QSTBuZjdsRkhLaGtfTnBVS2VBZlZmbmVBcEtLRUlRVjYyaFFmZFdxejVDbzJxR3NsVnFkQ1ptQmI4VXpaQVpvTlh3aGFjamZkcDd6Vy1LZ2tUSURVOWRfMkVnaXlBN3ZIQW9KLXZtZUE?oc=5
BOMDYEING,Bombay Dyeing & Mfg Company Limited,Return of the Jeh: Bombay Dyeing's sequel is all real estate - The Economic Times,"<a href=""https://news.google.com/rss/articles/CBMigAJBVV95cUxPQ3J3Vi1nOFFadXBiQm5vOUkyVWd5RThUSVlWaXFfVmtGRGVDTmJqLUVCa2dGSXZ0NF9IMDRtR3UwZnVMQkZfODBrZVU0bXNQS19Bc3RORlVXQmlBd3pIb29NQ25COWhfU2FjSTluSC05cmU2NXdBZDM5Njh5M1lIZU9YSHNfYUNFckw0ZE5ZNGlBaTZUdi1ELVdScDBDZTc5VFNwTEtPY1hiTklhZ19rRTNsa2p0LUt1T2lLYVBYZHduclhPX0VURUY2WEN0UGprZkVJLVZZcTRpXzFQSUpMRnF4WXRzaGxJQjc3NlQyNmlGUEJkMUJCN0dsT0pFTnpP0gGGAkFVX3lxTE9TeU5xeGVsODh3YWdRaHYyNWN5THo0ZTMzbWtEMGVKTmJZdFB0Wm1HVE9NX3JsdXlhcDZuVmhYcWxjR0p5YW9IRWk5MEROdmprV3Vud2xma3A1cFJIODZZNVBaS2JVZUl1dnhNTGxOTDVuNFRMbURrX3NnZmQ3N1ZwRnF1ekxIa18xR09kNk1OR3d6cDZhNkJoRVViSmpQOVdXdXcyQTlCRkFzZkNPS1JQVVEyNUlDcVZ1Q3Q1bjJfMHRZVzVUZ005dE05Y2VRNGFVR3B6OGhKckU2YnE1Vks2MGU1b0g1VU44RVJ1NVhlWkVLRU9NRHlnMjlER1V0ODlvbVF0MVE?oc=5"" target=""_blank"">Return of the Jeh: Bombay Dyeing's sequel is all real estate</a>&nbsp;&nbsp;<font color=""#6f6f6f"">The Economic Times</font>",2025-07-24 07:00:00,The Economic Times,https://news.google.com/rss/articles/CBMigAJBVV95cUxPQ3J3Vi1nOFFadXBiQm5vOUkyVWd5RThUSVlWaXFfVmtGRGVDTmJqLUVCa2dGSXZ0NF9IMDRtR3UwZnVMQkZfODBrZVU0bXNQS19Bc3RORlVXQmlBd3pIb29NQ25COWhfU2FjSTluSC05cmU2NXdBZDM5Njh5M1lIZU9YSHNfYUNFckw0ZE5ZNGlBaTZUdi1ELVdScDBDZTc5VFNwTEtPY1hiTklhZ19rRTNsa2p0LUt1T2lLYVBYZHduclhPX0VURUY2WEN0UGprZkVJLVZZcTRpXzFQSUpMRnF4WXRzaGxJQjc3NlQyNmlGUEJkMUJCN0dsT0pFTnpP0gGGAkFVX3lxTE9TeU5xeGVsODh3YWdRaHYyNWN5THo0ZTMzbWtEMGVKTmJZdFB0Wm1HVE9NX3JsdXlhcDZuVmhYcWxjR0p5YW9IRWk5MEROdmprV3Vud2xma3A1cFJIODZZNVBaS2JVZUl1dnhNTGxOTDVuNFRMbURrX3NnZmQ3N1ZwRnF1ekxIa18xR09kNk1OR3d6cDZhNkJoRVViSmpQOVdXdXcyQTlCRkFzZkNPS1JQVVEyNUlDcVZ1Q3Q1bjJfMHRZVzVUZ005dE05Y2VRNGFVR3B6OGhKckU2YnE1Vks2MGU1b0g1VU44RVJ1NVhlWkVLRU9NRHlnMjlER1V0ODlvbVF0MVE?oc=5
BOMDYEING,Bombay Dyeing & Mfg Company Limited,"Crisil revises Bombay Dyeing rating outlook to stable, reaffirms BBB+ rating - CNBC TV18","<a href=""https://news.google.com/rss/articles/CBMi1AFBVV95cUxPR0xhRUN6azAyc2NLQkEyRnc0YU54NU9YYVZjd1BsZk1GazUzMWJNRzMzdk40SzRLN3Y5LU9qQXF6N2JzRmo1UDhfME4wVmZBdVByRTdhM0VqQ3lQY2diQ0VmUEI4dF9Pd21uZF9vWF8wa3ktQUE0MXF3OHlENS1vSGZGSjVjbllHcm9ycjM4VzBrcXl2YTBmYWRIUWsyZk1QRXlvYnRRcE5SYzZkZkNTcGdaZ0NRb05mTVFPbVhDOHNCNHhIRVJEUzAxdkU1SmotSDJpbtIB2gFBVV95cUxOeGsyLXc3UnplWXRNVFFhaXgtaEUyQjhWd05iQzVac0Mzd3VkTVNlbUoyajQ3MkJjc3c4OExBdVdvR1k0TkxlbmJ2MUd4cWtKRGxYYmUtYy1VRUVEbURFalB3cjNwbG81TUViVlJOMk54d2xhVXRJazlKcWFmNVlOYmNNX1RnbmpQM05qQjlXZXU3R1kxTzVBeEJ3enNLUlF1dEhFWFpUam5Celpua2hodDhVVUcxbDRzQ0RtTFRQNzdZTEJVWlhYeTdhMngwYWplekM4cGRFbTR0dw?oc=5"" target=""_blank"">Crisil revises Bombay Dyeing rating outlook to stable, reaffirms BBB+ rating</a>&nbsp;&nbsp;<font color=""#6f6f6f"">CNBC TV18</font>",2026-01-03 08:00:00,CNBC TV18,https://news.google.com/rss/articles/CBMi1AFBVV95cUxPR0xhRUN6azAyc2NLQkEyRnc0YU54NU9YYVZjd1BsZk1GazUzMWJNRzMzdk40SzRLN3Y5LU9qQXF6N2JzRmo1UDhfME4wVmZBdVByRTdhM0VqQ3lQY2diQ0VmUEI4dF9Pd21uZF9vWF8wa3ktQUE0MXF3OHlENS1vSGZGSjVjbllHcm9ycjM4VzBrcXl2YTBmYWRIUWsyZk1QRXlvYnRRcE5SYzZkZkNTcGdaZ0NRb05mTVFPbVhDOHNCNHhIRVJEUzAxdkU1SmotSDJpbtIB2gFBVV95cUxOeGsyLXc3UnplWXRNVFFhaXgtaEUyQjhWd05iQzVac0Mzd3VkTVNlbUoyajQ3MkJjc3c4OExBdVdvR1k0TkxlbmJ2MUd4cWtKRGxYYmUtYy1VRUVEbURFalB3cjNwbG81TUViVlJOMk54d2xhVXRJazlKcWFmNVlOYmNNX1RnbmpQM05qQjlXZXU3R1kxTzVBeEJ3enNLUlF1dEhFWFpUam5Celpua2hodDhVVUcxbDRzQ0RtTFRQNzdZTEJVWlhYeTdhMngwYWplekM4cGRFbTR0dw?oc=5
BOMDYEING,Bombay Dyeing & Mfg Company Limited,"Bombay Dyeing stock soars 14% on Jeh Wadia’s re-entry, real estate push - Moneycontrol.com","<a href=""https://news.google.com/rss/articles/CBMizwFBVV95cUxPMmMwLWdIeHBKZ1BqRHVrTlZzLVFXU3VCV1FCaWVkMUdqdGZ4dTd5NFFXVEIycWhYaWxVeGRnNjlyQVdjRWQxQWFDV1RDdzFXUm8zQlgtTW9hcjFNaVhUOWhNVXRwWFBiRWZLWjFQcURsM3d3NXBnMElyZHFGaWJtcXJUOHlGRFRBeUh2dGtyZlZZeU9zN21lai1zcXFLbVV2aGlmOExlaGxVX3B1eERSYTJvR29rOWtpck41dDlBazhSMTZESWlCaUxHbGlVWnPSAdQBQVVfeXFMT1IxdEV2b1pHUTJXMkl2QlFZQm5oZlk5WXE2Ri10WkNJZXVMeUotSnBlTkRfMHZHcUNGTC1GR3UzLU13Q1pGX19oZDBDdXBPNU5URklPWWRiNzBqa0FHY3g1eXRUVUxtc1JOSENsUDRxTnhRVUhhYlR2RG5EMndkOW41a2ppOWRFaWlNWEZJejhTeWFRT3dKWlBYc1piQm4zYUhydlhCMFVGS20zZzBSVDZyeVRhSVRlMzIzcVdFeGNQczcyOGFoNlZJUVpWMWtfRXh1d2w?oc=5"" target=""_blank"">Bombay Dyeing stock soars 14% on Jeh Wadia’s re-entry, real estate push</a>&nbsp;&nbsp;<font color=""#6f6f6f"">Moneycontrol.com</font>",2025-07-23 07:00:00,Moneycontrol.com,https://news.google.com/rss/articles/CBMizwFBVV95cUxPMmMwLWdIeHBKZ1BqRHVrTlZzLVFXU3VCV1FCaWVkMUdqdGZ4dTd5NFFXVEIycWhYaWxVeGRnNjlyQVdjRWQxQWFDV1RDdzFXUm8zQlgtTW9hcjFNaVhUOWhNVXRwWFBiRWZLWjFQcURsM3d3NXBnMElyZHFGaWJtcXJUOHlGRFRBeUh2dGtyZlZZeU9zN21lai1zcXFLbVV2aGlmOExlaGxVX3B1eERSYTJvR29rOWtpck41dDlBazhSMTZESWlCaUxHbGlVWnPSAdQBQVVfeXFMT1IxdEV2b1pHUTJXMkl2QlFZQm5oZlk5WXE2Ri10WkNJZXVMeUotSnBlTkRfMHZHcUNGTC1GR3UzLU13Q1pGX19oZDBDdXBPNU5URklPWWRiNzBqa0FHY3g1eXRUVUxtc1JOSENsUDRxTnhRVUhhYlR2RG5EMndkOW41a2ppOWRFaWlNWEZJejhTeWFRT3dKWlBYc1piQm4zYUhydlhCMFVGS20zZzBSVDZyeVRhSVRlMzIzcVdFeGNQczcyOGFoNlZJUVpWMWtfRXh1d2w?oc=5
BOMDYEING,Bombay Dyeing & Mfg Company Limited,"SAT sets aside Sebi's order against Bombay Dyeing, Wadia family - Mint","<a href=""https://news.google.com/rss/articles/CBMiuwFBVV95cUxPOGRaSFBIaWtCanNRUnh5bHZlOEM2SHhZZ2JXUWVpTjZMRHVobHZua19QaXFlajNPc0lBeTRRUXBaTG1qY2RrQ19XQ0xveEJIeGpsVWhCQ1REN0NIMDV3akFRLUktNHQwYThLSy1mLXJ2WWpJOFQ5TXpSbWNkOGlUQmFMQm05UUVNcElzcHdBZWhmVVhwbDAzNTZScjNkazRHQ3dkd1NIbUFVcl9LdDZjN2pCZEdpcHFFNmZR0gHAAUFVX3lxTE44OTUydG1LWENvcGgwVFVsYnU2eXM3OXdaUVV0NE9US09TTW1mVW94Z2VOSVdYal9lMnBaOEFoNGdmb1A4d3MycE9uTVE1R2R2cGJsRTRTbkFqbVpnY1ZDQkZPUkl5V1JZYXlfS3pSaGJSX2xqWTAyU1pGaE5fNzJubnBzemdhOXdtYVd4eVRNTm45YlFjZ2YzYUNhQ0VwUUJzWk5YMHliMWhTVlBmMkhLZkRaNjFLWmptaUsySzYxVA?oc=5"" target=""_blank"">SAT sets aside Sebi's order against Bombay Dyeing, Wadia family</a>&nbsp;&nbsp;<font color=""#6f6f6f"">Mint</font>",2026-01-16 08:00:00,Mint,https://news.google.com/rss/articles/CBMiuwFBVV95cUxPOGRaSFBIaWtCanNRUnh5bHZlOEM2SHhZZ2JXUWVpTjZMRHVobHZua19QaXFlajNPc0lBeTRRUXBaTG1qY2RrQ19XQ0xveEJIeGpsVWhCQ1REN0NIMDV3akFRLUktNHQwYThLSy1mLXJ2WWpJOFQ5TXpSbWNkOGlUQmFMQm05UUVNcElzcHdBZWhmVVhwbDAzNTZScjNkazRHQ3dkd1NIbUFVcl9LdDZjN2pCZEdpcHFFNmZR0gHAAUFVX3lxTE44OTUydG1LWENvcGgwVFVsYnU2eXM3OXdaUVV0NE9US09TTW1mVW94Z2VOSVdYal9lMnBaOEFoNGdmb1A4d3MycE9uTVE1R2R2cGJsRTRTbkFqbVpnY1ZDQkZPUkl5V1JZYXlfS3pSaGJSX2xqWTAyU1pGaE5fNzJubnBzemdhOXdtYVd4eVRNTm45YlFjZ2YzYUNhQ0VwUUJzWk5YMHliMWhTVlBmMkhLZkRaNjFLWmptaUsySzYxVA?oc=5
BOMDYEING,Bombay Dyeing & Mfg Company Limited,Bombay Dyeing Q2 profit at Rs 4.72 cr revenue down 4.72 pc to Rs 362.63 cr - theweek.in,"<a href=""https://news.google.com/rss/articles/CBMimAFBVV95cUxQVDVhSmt2TkRYei0tbUFobVVXWWhZYXo4TDRZV0Zjd1FnX2sxaVdDUl9CczZJRklRZ3ZuZF9tbE50dWJES19BaGc4eld5b283WGJyWEZ5QlItdmJlQlk5N2dDTWotVGZlbzFnYnZLSUxmdlNaVWRFbW9raVU1R1pWVG50dGlGNGNQUjlkZURzUC13d0NXandDddIBngFBVV95cUxQb09ybURBMk1SUkUtQkpfQUFEaTMxYlk2Zkloc1BudDdyZk1UVjV1RWdlU01QQVNwcG0wUjAtREViX1I3X2ZsaTBQM3BpTG1Iczhlcnk4TElmc3M4cUpBckptOFpWSkNtZk01UkVGLUp5bFJKc19qWFpFVHNGZ3Z4NzlTMVAxU0J0U1hYX1k2eVBaM0p6Wk9jc05xOW52QQ?oc=5"" target=""_blank"">Bombay Dyeing Q2 profit at Rs 4.72 cr revenue down 4.72 pc to Rs 362.63 cr</a>&nbsp;&nbsp;<font color=""#6f6f6f"">theweek.in</font>",2025-11-06 08:00:00,theweek.in,https://news.google.com/rss/articles/CBMimAFBVV95cUxQVDVhSmt2TkRYei0tbUFobVVXWWhZYXo4TDRZV0Zjd1FnX2sxaVdDUl9CczZJRklRZ3ZuZF9tbE50dWJES19BaGc4eld5b283WGJyWEZ5QlItdmJlQlk5N2dDTWotVGZlbzFnYnZLSUxmdlNaVWRFbW9raVU1R1pWVG50dGlGNGNQUjlkZURzUC13d0NXandDddIBngFBVV95cUxQb09ybURBMk1SUkUtQkpfQUFEaTMxYlk2Zkloc1BudDdyZk1UVjV1RWdlU01QQVNwcG0wUjAtREViX1I3X2ZsaTBQM3BpTG1Iczhlcnk4TElmc3M4cUpBckptOFpWSkNtZk01UkVGLUp5bFJKc19qWFpFVHNGZ3Z4NzlTMVAxU0J0U1hYX1k2eVBaM0p6Wk9jc05xOW52QQ?oc=5
BOMDYEING,Bombay Dyeing & Mfg Company Limited,Bombay Realty and Wadia Group Transform Ultra-Luxury Living in Mumbai - Realty Plus Magazine,"<a href=""https://news.google.com/rss/articles/CBMivgFBVV95cUxNQTg0blJYa0VQSXdfZnhRaE5tOC1MNnhENUxiTzNPcG9NY0tJVzAwVnFGS2pJV3BPc3lNQ0xUdFd3T3lZLXgycG9IaE1aSjJHLXc2Sm5MZFdDeWtOOVR6REN5RFNBSFJDYUVvd05uQUluRDdiQnAwZ1ZEWElaV040MXNIeXhRb0lqTDF4czhyblJEcFRkQzdmeFlqRFdzVXN6Vkp0UHRKcGRKdHN0UnhMLUJtNm5meXdpbHhqa3pR?oc=5"" target=""_blank"">Bombay Realty and Wadia Group Transform Ultra-Luxury Living in Mumbai</a>&nbsp;&nbsp;<font color=""#6f6f6f"">Realty Plus Magazine</font>",2025-11-25 08:00:00,Realty Plus Magazine,https://news.google.com/rss/articles/CBMivgFBVV95cUxNQTg0blJYa0VQSXdfZnhRaE5tOC1MNnhENUxiTzNPcG9NY0tJVzAwVnFGS2pJV3BPc3lNQ0xUdFd3T3lZLXgycG9IaE1aSjJHLXc2Sm5MZFdDeWtOOVR6REN5RFNBSFJDYUVvd05uQUluRDdiQnAwZ1ZEWElaV040MXNIeXhRb0lqTDF4czhyblJEcFRkQzdmeFlqRFdzVXN6Vkp0UHRKcGRKdHN0UnhMLUJtNm5meXdpbHhqa3pR?oc=5
BOMDYEING,Bombay Dyeing & Mfg Company Limited,Bombay Dyeing & Manufacturing Company Ltd is Rated Strong Sell - Markets Mojo,"<a href=""https://news.google.com/rss/articles/CBMivwFBVV95cUxPU3RvZFRSR3UxRE1Ud3ZYaVNTM1J2d1ZpWnJnTXk5TE1BajJSMm5iM2h4WWVKNGwzQ0l2UXB0QTAzcXJUZGk4Q3dXcDItOVBtX3pEcThsVHlqZEVHZm1kQXlyLXl0dDhzdnRRWjlzMFAzR2hiWW5RV24zLTlDZWNScE91TE56NVRwSGVvdlhsR1NSQXFBb002Tmd0bUZCYUxiLVpYSnY2UUo4dU1WTmZkMFRabUdTNi1YbFhoWVUtcw?oc=5"" target=""_blank"">Bombay Dyeing & Manufacturing Company Ltd is Rated Strong Sell</a>&nbsp;&nbsp;<font color=""#6f6f6f"">Markets Mojo</font>",2026-02-02 08:00:00,Markets Mojo,https://news.google.com/rss/articles/CBMivwFBVV95cUxPU3RvZFRSR3UxRE1Ud3ZYaVNTM1J2d1ZpWnJnTXk5TE1BajJSMm5iM2h4WWVKNGwzQ0l2UXB0QTAzcXJUZGk4Q3dXcDItOVBtX3pEcThsVHlqZEVHZm1kQXlyLXl0dDhzdnRRWjlzMFAzR2hiWW5RV24zLTlDZWNScE91TE56NVRwSGVvdlhsR1NSQXFBb002Tmd0bUZCYUxiLVpYSnY2UUo4dU1WTmZkMFRabUdTNi1YbFhoWVUtcw?oc=5
BOMDYEING,Bombay Dyeing & Mfg Company Limited,"Bombay Dyeing Q2 profit at Rs 4.72 cr, revenue down 4.72 pc to Rs 362.63 cr - Press Trust of India","<a href=""https://news.google.com/rss/articles/CBMivgFBVV95cUxNT1A2a3I5YUQ4YWxzSkV4QnRac1ZjUmZyVlM4cVF0d3FhZUFvUmJWeVZqeEQzT1dudElncUh3Mm1nZlFKSHRkZjM3QUlaNFB2bzhmclVYSDVuQUZJOFlQWERiREozN2lsbS1iUDh5anJlVjlQU0NVeG9RQ3cyZUJrOHpndmZSbEFxdGgtUV82WVRsamgzclZIUEZ2cnBPWTFIRWFGYmVnQnJyWG9DUzcyOW1ScVNnMDV1THo4dlJR?oc=5"" target=""_blank"">Bombay Dyeing Q2 profit at Rs 4.72 cr, revenue down 4.72 pc to Rs 362.63 cr</a>&nbsp;&nbsp;<font color=""#6f6f6f"">Press Trust of India</font>",2025-11-06 08:00:00,Press Trust of India,https://news.google.com/rss/articles/CBMivgFBVV95cUxNT1A2a3I5YUQ4YWxzSkV4QnRac1ZjUmZyVlM4cVF0d3FhZUFvUmJWeVZqeEQzT1dudElncUh3Mm1nZlFKSHRkZjM3QUlaNFB2bzhmclVYSDVuQUZJOFlQWERiREozN2lsbS1iUDh5anJlVjlQU0NVeG9RQ3cyZUJrOHpndmZSbEFxdGgtUV82WVRsamgzclZIUEZ2cnBPWTFIRWFGYmVnQnJyWG9DUzcyOW1ScVNnMDV1THo4dlJR?oc=5
BOMDYEING,Bombay Dyeing & Mfg Company Limited,'Bombay Dyeing name must stay relevant': Jeh Wadia rejoins family business with plan to institutionalise r - The Economic Times,"<a href=""https://news.google.com/rss/articles/CBMiugJBVV95cUxOTmVWQ1ZrQUR3WmM5azNwemJ2NllNb3JNQlV1d3lzbjJ6YXIzdkc0aUVQSUpPOWdsLUJIQ09pQUgtSUl4WERuMXdSbEd6Vm8wUDQ5ZG04b3R2WUJuel94SnFrV2l6a0hzeXdRTENsUXV3RHdxZUpQc0N2dnJBb2JzcHdkdFZqSkpaOTRYaUZfend2VUlXRGYwNFoycTlvV1hvenpSYlBNc1IxVGFWMHRwU0dVSmtwdFRiNHNCcEEySktVSkRaaWZTZTJGU0RvR2d6LVJVdFdJbmhMWG9iTVE4dTZTY2FDVjZGcTlnNFRvQ3ZNcjdKOGdDRmZybm44U05XMjJvR25pV2VnSU1kNFRtN1FPUDZ3dnBqWGhRV2Z6LVNEOERUa3JjUlU3eE5wWkVHQWl1a1JJbjMyZ9IBvwJBVV95cUxNZ1BhOFdNbHpCNDJEZldidVBpRE1hRDl3NmRMWGFVbjVPVE4yQVZhMEhwWnVoNjNLUnFyWUNVVzA3MjlOckZJOUVzZmdjLU5NNGozR2JrWkRaLWtpTU5NYWVtZFpNZWJrR1d3OUJ0dVRzb3owMWgwOUNNNTZxWGw0TERkd2UtRjBIMzYweGg5NXFhb0FrbE9VZmtXRWtRODZDZGE4WXJ2d0gxNTNuckdSUFhzTk5iVVI0cmZhcFV5TVpTRk1LY2ttamtqc0oyRjhacFdUcXlfMzB1QjNYR1E3X1o4MmgzYXd6djVrcDJXWGwwV0dtSGVabFNHX2lEQW5GWmQ3LWIzNkluSEVWck1HVXBUdFNfWEJNLTdYZVpmNTBZOVpJeXh5MUQ3dTRhTjV5TDRZUVR2Vl9LMktvV2xJ?oc=5"" target=""_blank"">'Bombay Dyeing name must stay relevant': Jeh Wadia rejoins family business with plan to institutionalise r</a>&nbsp;&nbsp;<font color=""#6f6f6f"">The Economic Times</font>",2025-07-23 07:00:00,The Economic Times,https://news.google.com/rss/articles/CBMiugJBVV95cUxOTmVWQ1ZrQUR3WmM5azNwemJ2NllNb3JNQlV1d3lzbjJ6YXIzdkc0aUVQSUpPOWdsLUJIQ09pQUgtSUl4WERuMXdSbEd6Vm8wUDQ5ZG04b3R2WUJuel94SnFrV2l6a0hzeXdRTENsUXV3RHdxZUpQc0N2dnJBb2JzcHdkdFZqSkpaOTRYaUZfend2VUlXRGYwNFoycTlvV1hvenpSYlBNc1IxVGFWMHRwU0dVSmtwdFRiNHNCcEEySktVSkRaaWZTZTJGU0RvR2d6LVJVdFdJbmhMWG9iTVE4dTZTY2FDVjZGcTlnNFRvQ3ZNcjdKOGdDRmZybm44U05XMjJvR25pV2VnSU1kNFRtN1FPUDZ3dnBqWGhRV2Z6LVNEOERUa3JjUlU3eE5wWkVHQWl1a1JJbjMyZ9IBvwJBVV95cUxNZ1BhOFdNbHpCNDJEZldidVBpRE1hRDl3NmRMWGFVbjVPVE4yQVZhMEhwWnVoNjNLUnFyWUNVVzA3MjlOckZJOUVzZmdjLU5NNGozR2JrWkRaLWtpTU5NYWVtZFpNZWJrR1d3OUJ0dVRzb3owMWgwOUNNNTZxWGw0TERkd2UtRjBIMzYweGg5NXFhb0FrbE9VZmtXRWtRODZDZGE4WXJ2d0gxNTNuckdSUFhzTk5iVVI0cmZhcFV5TVpTRk1LY2ttamtqc0oyRjhacFdUcXlfMzB1QjNYR1E3X1o4MmgzYXd6djVrcDJXWGwwV0dtSGVabFNHX2lEQW5GWmQ3LWIzNkluSEVWck1HVXBUdFNfWEJNLTdYZVpmNTBZOVpJeXh5MUQ3dTRhTjV5TDRZUVR2Vl9LMktvV2xJ?oc=5
BOMDYEING,Bombay Dyeing & Mfg Company Limited,SAT sets aside Sebi's order on Bombay Dyeing and its promoters - Business Standard,"<a href=""https://news.google.com/rss/articles/CBMiyAFBVV95cUxOTEFyTW4ySV9IV1VxWDN4ZjFzVHR5S2FFN01aQlhYR1JXeUNXQVd0anMxVkItM1hfTXNlT1o0SmV4RkxZMFZGY3R5YzRmN1M1SDdmYnpBeUNpZ2xaNEs1dGJvVW5QRldBZVlxZGFub1ZfbkVpQmdwUnEwdUtFbldXTjRGY3FDVmthNWI3SGd5bEFyc0FEeGtKSW9SbUpZS01KLUJVRnpBMzdNYlNKMnAydEplRHlaWFhydHFGUmFya3YwWndVbmpIUdIBzgFBVV95cUxQSjZWLXhlcEg1dVY3WkFpOUdRRkIwVUNSVGNUWm5MNUp1M3UyVHF6al9ldGs2dVZLNWUyN2RsZWJWOEk3U09iMmlpdWRJS2FDYk9GZXQtT2ZWaUFJQVlnRnQ4NEN3SlVBYWJKV3gtQXJmdXZWUDZ4aVI0ZmpZWG4xVVMtWGdTTFBKRDVnbHotQmRBajhxQVdhcWdOU1pEM2xFWHhFUkdsMkw4UkdhZ1F5NW94QVdMR1p2WVZiNWZFNlJJSFhFWXRTeV9PWWV6UQ?oc=5"" target=""_blank"">SAT sets aside Sebi's order on Bombay Dyeing and its promoters</a>&nbsp;&nbsp;<font color=""#6f6f6f"">Business Standard</font>",2026-01-16 08:00:00,Business Standard,https://news.google.com/rss/articles/CBMiyAFBVV95cUxOTEFyTW4ySV9IV1VxWDN4ZjFzVHR5S2FFN01aQlhYR1JXeUNXQVd0anMxVkItM1hfTXNlT1o0SmV4RkxZMFZGY3R5YzRmN1M1SDdmYnpBeUNpZ2xaNEs1dGJvVW5QRldBZVlxZGFub1ZfbkVpQmdwUnEwdUtFbldXTjRGY3FDVmthNWI3SGd5bEFyc0FEeGtKSW9SbUpZS01KLUJVRnpBMzdNYlNKMnAydEplRHlaWFhydHFGUmFya3YwWndVbmpIUdIBzgFBVV95cUxQSjZWLXhlcEg1dVY3WkFpOUdRRkIwVUNSVGNUWm5MNUp1M3UyVHF6al9ldGs2dVZLNWUyN2RsZWJWOEk3U09iMmlpdWRJS2FDYk9GZXQtT2ZWaUFJQVlnRnQ4NEN3SlVBYWJKV3gtQXJmdXZWUDZ4aVI0ZmpZWG4xVVMtWGdTTFBKRDVnbHotQmRBajhxQVdhcWdOU1pEM2xFWHhFUkdsMkw4UkdhZ1F5NW94QVdMR1p2WVZiNWZFNlJJSFhFWXRTeV9PWWV6UQ?oc=5
BOMDYEING,Bombay Dyeing & Mfg Company Limited,Bombay Dyeing names Rohit Santhosh as CEO of Bombay Realty - People Matters - HR News,"<a href=""https://news.google.com/rss/articles/CBMisAFBVV95cUxPd2YxbGpIcmNkWmNZSlY1aTRTcmdZTDd4T1AwRlpzZ2s0ZThYMjh6Y3hYbWE4R19jeDVWaFplY3laRjlEckxlSWU3em41TFpCTVBCMzEzNGFtLUtnMmotOV9KUHdKdWRNZHByNU96ZU9KekxpM2IwUmx0MGg0RWhIQnBMbWxvUDJLbTdJbGxuZkJIcUJURk9OVldOazV0Y1FlV0w1QjRUSkdTQ18zbXhtbw?oc=5"" target=""_blank"">Bombay Dyeing names Rohit Santhosh as CEO of Bombay Realty</a>&nbsp;&nbsp;<font color=""#6f6f6f"">People Matters - HR News</font>",2025-09-18 07:00:00,People Matters - HR News,https://news.google.com/rss/articles/CBMisAFBVV95cUxPd2YxbGpIcmNkWmNZSlY1aTRTcmdZTDd4T1AwRlpzZ2s0ZThYMjh6Y3hYbWE4R19jeDVWaFplY3laRjlEckxlSWU3em41TFpCTVBCMzEzNGFtLUtnMmotOV9KUHdKdWRNZHByNU96ZU9KekxpM2IwUmx0MGg0RWhIQnBMbWxvUDJLbTdJbGxuZkJIcUJURk9OVldOazV0Y1FlV0w1QjRUSkdTQ18zbXhtbw?oc=5
BOMDYEING,Bombay Dyeing & Mfg Company Limited,Bombay Dyeing & Manufacturing Company Ltd is Rated Strong Sell - Markets Mojo,"<a href=""https://news.google.com/rss/articles/CBMivwFBVV95cUxPRTRfLV9HMUtJTmFfT0hpSnp4RzJSNU5qNHY4ei10RFhRTWNGSHFDTkVJSHBIRHRrSF9WQjlfZEUzYXdzQjZNc2IzTVlwRjV6QWVqb2dDRHp2aWkwdUppWGNpMFdhTzF0dWNlbGk2dHRDczhJVmJWVmZBcloydVo0YmpUb3BLb05qU2wwQy1CczNtZWYyRlZhLXB6OTdGQzZJQXRfZHdZOXJ4RGh3bThtM3JLbGF0TkxMbTdpVGo0OA?oc=5"" target=""_blank"">Bombay Dyeing & Manufacturing Company Ltd is Rated Strong Sell</a>&nbsp;&nbsp;<font color=""#6f6f6f"">Markets Mojo</font>",2026-01-11 08:00:00,Markets Mojo,https://news.google.com/rss/articles/CBMivwFBVV95cUxPRTRfLV9HMUtJTmFfT0hpSnp4RzJSNU5qNHY4ei10RFhRTWNGSHFDTkVJSHBIRHRrSF9WQjlfZEUzYXdzQjZNc2IzTVlwRjV6QWVqb2dDRHp2aWkwdUppWGNpMFdhTzF0dWNlbGk2dHRDczhJVmJWVmZBcloydVo0YmpUb3BLb05qU2wwQy1CczNtZWYyRlZhLXB6OTdGQzZJQXRfZHdZOXJ4RGh3bThtM3JLbGF0TkxMbTdpVGo0OA?oc=5
BOMDYEING,Bombay Dyeing & Mfg Company Limited,Rohit Santhosh takes on CEO role at Bombay Realty - HR Katha,"<a href=""https://news.google.com/rss/articles/CBMilAFBVV95cUxNd18wSmxBRjZCQ2h3YllNZm91eEMxc2ZvdFB4RUotdHJhMHRQR1VIcnJsQW5XNlluUkdUV3NMc0w1LTJQOVZHNW42UElCRF84VnlVNmRQRkZjVXV2YzJLZUc5S1Z5bWd3OG50aHkwR1NEVEctVVhVTlZ6SWVwcWk0eDczblVHY2V3THZ6cnFVaXpOVnNf?oc=5"" target=""_blank"">Rohit Santhosh takes on CEO role at Bombay Realty</a>&nbsp;&nbsp;<font color=""#6f6f6f"">HR Katha</font>",2025-09-22 07:00:00,HR Katha,https://news.google.com/rss/articles/CBMilAFBVV95cUxNd18wSmxBRjZCQ2h3YllNZm91eEMxc2ZvdFB4RUotdHJhMHRQR1VIcnJsQW5XNlluUkdUV3NMc0w1LTJQOVZHNW42UElCRF84VnlVNmRQRkZjVXV2YzJLZUc5S1Z5bWd3OG50aHkwR1NEVEctVVhVTlZ6SWVwcWk0eDczblVHY2V3THZ6cnFVaXpOVnNf?oc=5
BOMDYEING,Bombay Dyeing & Mfg Company Limited,Bombay Dyeing cautions consumers against counterfeit ‘Coral Vine Plus’ bedsheets in Kerala - Mediabrief.com,"<a href=""https://news.google.com/rss/articles/CBMiigFBVV95cUxOa1d3NDc2WGE0dERPYWFOaC1FZ3h4ajZNaHZrWGNSQ3hiQm1jTXdYTnZ0ZlZxVk5aM2o0eGlhVDlOY0hHNUFhNFByYzYzUWozNWUyV0EwQTNjeFd2dElFOHVBNFFRYkk2ZU03eko5T1BfcVYzQTZtSUU1U0t1enVxOTJ2WnJ3VkZ4aFE?oc=5"" target=""_blank"">Bombay Dyeing cautions consumers against counterfeit ‘Coral Vine Plus’ bedsheets in Kerala</a>&nbsp;&nbsp;<font color=""#6f6f6f"">Mediabrief.com</font>",2025-12-09 08:00:00,Mediabrief.com,https://news.google.com/rss/articles/CBMiigFBVV95cUxOa1d3NDc2WGE0dERPYWFOaC1FZ3h4ajZNaHZrWGNSQ3hiQm1jTXdYTnZ0ZlZxVk5aM2o0eGlhVDlOY0hHNUFhNFByYzYzUWozNWUyV0EwQTNjeFd2dElFOHVBNFFRYkk2ZU03eko5T1BfcVYzQTZtSUU1U0t1enVxOTJ2WnJ3VkZ4aFE?oc=5
BOMDYEING,Bombay Dyeing & Mfg Company Limited,Bombay Dyeing’s Market Evaluation Revised Amidst Challenging Financial Trends - Markets Mojo,"<a href=""https://news.google.com/rss/articles/CBMi3AFBVV95cUxQa182Y3J6SEIyWjZPTG9iWWplc3o5T0NUc2p4QkJyMmxxYXRuRG0xdkVrdW5UZGc2U3BsTTh6TGhaWUNrVXhaZEd5S1d5UDRkWTBiQ1JqVl9fSkpJTlZVeVNHNC1OZzNXanFudGtobkE0Zy1SUDNTNHpIcE5Nd2RjcndpNDltMHRqZXBaU3Q0aEF2TnBWRGYwU2szUG1ybl9MeG1zSVZvNTdFOEdqMlUwTXdGRXJBaTVXY2REalN3bWJ0eWEzTHUzWTJlVHZ6YXpvell1TTNrVzh6UWJH?oc=5"" target=""_blank"">Bombay Dyeing’s Market Evaluation Revised Amidst Challenging Financial Trends</a>&nbsp;&nbsp;<font color=""#6f6f6f"">Markets Mojo</font>",2025-12-20 08:00:00,Markets Mojo,https://news.google.com/rss/articles/CBMi3AFBVV95cUxQa182Y3J6SEIyWjZPTG9iWWplc3o5T0NUc2p4QkJyMmxxYXRuRG0xdkVrdW5UZGc2U3BsTTh6TGhaWUNrVXhaZEd5S1d5UDRkWTBiQ1JqVl9fSkpJTlZVeVNHNC1OZzNXanFudGtobkE0Zy1SUDNTNHpIcE5Nd2RjcndpNDltMHRqZXBaU3Q0aEF2TnBWRGYwU2szUG1ybl9MeG1zSVZvNTdFOEdqMlUwTXdGRXJBaTVXY2REalN3bWJ0eWEzTHUzWTJlVHZ6YXpvell1TTNrVzh6UWJH?oc=5
BOMDYEING,Bombay Dyeing & Mfg Company Limited,"Bombay Dyeing Posts Loss, But SEBI Order Win Lifts Regulatory Cloud - Whalesbook","<a href=""https://news.google.com/rss/articles/CBMi1gFBVV95cUxPZjNHOEZaZXE3ejhpR3k0MTMxUlowdzhpVXdRYngyQ3MwNlhTWmpUR1RRVE1OZjRBTlhyWVplNVlhOXk5dThmY01qSG1jUjlfaFR6RC1tM2lLTVBiZ1NrRGU3b2hIUHNpbG5IQXJOZVpCaEdJcVpMaVZkWjBQWC1hR2VlRWtmMXZIS25LejVlOXo2eFpBcGU5OVpuMW84anBSeVJNUHBuRnJHd05Pdi1weDNyZTN6SzB5MER1TGF1SW5ROXNaSXRwZEM3SlVmaXYxaWhZWUFB?oc=5"" target=""_blank"">Bombay Dyeing Posts Loss, But SEBI Order Win Lifts Regulatory Cloud</a>&nbsp;&nbsp;<font color=""#6f6f6f"">Whalesbook</font>",2026-02-11 08:00:00,Whalesbook,https://news.google.com/rss/articles/CBMi1gFBVV95cUxPZjNHOEZaZXE3ejhpR3k0MTMxUlowdzhpVXdRYngyQ3MwNlhTWmpUR1RRVE1OZjRBTlhyWVplNVlhOXk5dThmY01qSG1jUjlfaFR6RC1tM2lLTVBiZ1NrRGU3b2hIUHNpbG5IQXJOZVpCaEdJcVpMaVZkWjBQWC1hR2VlRWtmMXZIS25LejVlOXo2eFpBcGU5OVpuMW84anBSeVJNUHBuRnJHd05Pdi1weDNyZTN6SzB5MER1TGF1SW5ROXNaSXRwZEM3SlVmaXYxaWhZWUFB?oc=5
BOMDYEING,Bombay Dyeing & Mfg Company Limited,"CRISIL Revises Bombay Dyeing Rating Outlook to Stable, Reaffirms BBB+ Rating - scanx.trade","<a href=""https://news.google.com/rss/articles/CBMiwwFBVV95cUxQLS05aGloc0VVN1p3VTV2cjJEQm1xVXVXVTQ1VDB3LTJpUGM2dUhJc3dkbVJSWEtzcXFjdVdZSDZjUUxMbG9vUU8weU1DZGxQQVBMZ1BkM0dnTk90R1hGQzdqS2x0dVFDRTdBTk1VaTBLQVpmb3VVNTMwTHRmWWNMVVA2dFI3QkVtUWwzc2dxdENadUpjUmxzeWdKS0dWZm5TY1drM28tTE1kcUxTVWRqSzAwWXYyQjJqQ25lX0NjUFg2VDQ?oc=5"" target=""_blank"">CRISIL Revises Bombay Dyeing Rating Outlook to Stable, Reaffirms BBB+ Rating</a>&nbsp;&nbsp;<font color=""#6f6f6f"">scanx.trade</font>",2026-01-02 08:00:00,scanx.trade,https://news.google.com/rss/articles/CBMiwwFBVV95cUxQLS05aGloc0VVN1p3VTV2cjJEQm1xVXVXVTQ1VDB3LTJpUGM2dUhJc3dkbVJSWEtzcXFjdVdZSDZjUUxMbG9vUU8weU1DZGxQQVBMZ1BkM0dnTk90R1hGQzdqS2x0dVFDRTdBTk1VaTBLQVpmb3VVNTMwTHRmWWNMVVA2dFI3QkVtUWwzc2dxdENadUpjUmxzeWdKS0dWZm5TY1drM28tTE1kcUxTVWRqSzAwWXYyQjJqQ25lX0NjUFg2VDQ?oc=5
BOMDYEING,Bombay Dyeing & Mfg Company Limited,Bombay Dyeing Receives ₹43.62 Crore GST Demand Order from Maharashtra Authorities - scanx.trade,"<a href=""https://news.google.com/rss/articles/CBMizwFBVV95cUxQMEFNNE1GTEt3UF9VYTRDczljeVMzellVMzRBbEs5cW5rLWtFekpXTTVGcDYwUHplOTQyM2dmTE05ZU4wN3k2a21aSE1NNTV2amxIOXJyeE9obkVuTHFsdVRhaVJKVVFaLUl6Q3VJS2E5Q005WndtYWN6ZFhSWVpwYnQzR0EzR2dHSWd6UEg4Q3F3T1ZGc1BoTUVQMnlnbUJVQXJQN3FVcjdMdjlnZnRTR1ZoZDhmVjZwUmxSbkpYZkN4blpVdUtGWlRQa2tkeFU?oc=5"" target=""_blank"">Bombay Dyeing Receives ₹43.62 Crore GST Demand Order from Maharashtra Authorities</a>&nbsp;&nbsp;<font color=""#6f6f6f"">scanx.trade</font>",2025-12-31 08:00:00,scanx.trade,https://news.google.com/rss/articles/CBMizwFBVV95cUxQMEFNNE1GTEt3UF9VYTRDczljeVMzellVMzRBbEs5cW5rLWtFekpXTTVGcDYwUHplOTQyM2dmTE05ZU4wN3k2a21aSE1NNTV2amxIOXJyeE9obkVuTHFsdVRhaVJKVVFaLUl6Q3VJS2E5Q005WndtYWN6ZFhSWVpwYnQzR0EzR2dHSWd6UEg4Q3F3T1ZGc1BoTUVQMnlnbUJVQXJQN3FVcjdMdjlnZnRTR1ZoZDhmVjZwUmxSbkpYZkN4blpVdUtGWlRQa2tkeFU?oc=5
BOMDYEING,Bombay Dyeing & Mfg Company Limited,"Bombay Dyeing Q4 profit falls 83% to Rs 11.54 cr, revenue dips 12% - Indiatimes","<a href=""https://news.google.com/rss/articles/CBMi3wFBVV95cUxOOHJ2ZHFRWXRudjBrbmN6VFBLLW84WFRheC1lUU45aXc3dUpWdGRsN0lkOTlLWnE0M1VlNW1wM3pWVnRnZy1tQ05IX1QzZDNrVmpxRmlLMVE0cTluQjFXQUdIUzlkeVdLLU1rb1daelV4X2lmS3BaWjhYemVrY0hRNjlEcVNNU3BtbEhsaVZwTW9YbE4zcjdSWUp0M3pfLUJjTE5aS0hMSEs5YU9Cclh0UDdoZHdDWnpKMUZ1QV9tSm9XLWJpX1NtN3NIQjF2bU9zQk1xa3lRbDB1LUY1UWRv?oc=5"" target=""_blank"">Bombay Dyeing Q4 profit falls 83% to Rs 11.54 cr, revenue dips 12%</a>&nbsp;&nbsp;<font color=""#6f6f6f"">Indiatimes</font>",2025-05-06 07:00:00,Indiatimes,https://news.google.com/rss/articles/CBMi3wFBVV95cUxOOHJ2ZHFRWXRudjBrbmN6VFBLLW84WFRheC1lUU45aXc3dUpWdGRsN0lkOTlLWnE0M1VlNW1wM3pWVnRnZy1tQ05IX1QzZDNrVmpxRmlLMVE0cTluQjFXQUdIUzlkeVdLLU1rb1daelV4X2lmS3BaWjhYemVrY0hRNjlEcVNNU3BtbEhsaVZwTW9YbE4zcjdSWUp0M3pfLUJjTE5aS0hMSEs5YU9Cclh0UDdoZHdDWnpKMUZ1QV9tSm9XLWJpX1NtN3NIQjF2bU9zQk1xa3lRbDB1LUY1UWRv?oc=5
BOMDYEING,Bombay Dyeing & Mfg Company Limited,Bombay Dyeing Faces Financial Decline: A Quarterly Review - Devdiscourse,"<a href=""https://news.google.com/rss/articles/CBMirwFBVV95cUxPcldCQWU1dHFfN3dmdXc0TmVFSmZKSXdXRDBsRzBlZXZILU9WelpBTkZ3MmVRSktJQlotYXlyU3pjOWtrbG5UNHZqYUNURjNNMFNoUTBEeDBBeEtkT3AxS0hZbWM3cUtFcmF4blc3emdCZWZLRUdscTh2ck0xcEFOanpYVFdDX25RaDdLYjg0UlRORk52bkpicHlDejhVT0JUbENnbXZTdFl3clhReGg00gG0AUFVX3lxTE9ja0RaT1NWeDljUk5BSHZfVDd1T0V6VDBzZW1WdVFsNXk2elFwTC1IQ3VlVmtvNV9oWmQ3b3VqRDJYVjBwZjRsLTFZdml0cFlENkVpbFpTUXUwZ1oxeXRtalZOc1dObi1kMDE1Mm5Vbk1mM1dhUWVUT1pnZ3Z5LUtxWlltZlpsQWdTWmxzQzFEejQ2WVNkNkNDTkNfTi1SQnJRX3dTTlFqMmFXRzN0M1JkVXBxWQ?oc=5"" target=""_blank"">Bombay Dyeing Faces Financial Decline: A Quarterly Review</a>&nbsp;&nbsp;<font color=""#6f6f6f"">Devdiscourse</font>",2026-02-11 08:00:00,Devdiscourse,https://news.google.com/rss/articles/CBMirwFBVV95cUxPcldCQWU1dHFfN3dmdXc0TmVFSmZKSXdXRDBsRzBlZXZILU9WelpBTkZ3MmVRSktJQlotYXlyU3pjOWtrbG5UNHZqYUNURjNNMFNoUTBEeDBBeEtkT3AxS0hZbWM3cUtFcmF4blc3emdCZWZLRUdscTh2ck0xcEFOanpYVFdDX25RaDdLYjg0UlRORk52bkpicHlDejhVT0JUbENnbXZTdFl3clhReGg00gG0AUFVX3lxTE9ja0RaT1NWeDljUk5BSHZfVDd1T0V6VDBzZW1WdVFsNXk2elFwTC1IQ3VlVmtvNV9oWmQ3b3VqRDJYVjBwZjRsLTFZdml0cFlENkVpbFpTUXUwZ1oxeXRtalZOc1dObi1kMDE1Mm5Vbk1mM1dhUWVUT1pnZ3Z5LUtxWlltZlpsQWdTWmxzQzFEejQ2WVNkNkNDTkNfTi1SQnJRX3dTTlFqMmFXRzN0M1JkVXBxWQ?oc=5
BOMDYEING,Bombay Dyeing & Mfg Company Limited,Bombay Dyeing & Manufacturing Company appoints Rohit Santhosh as Bombay Realty CEO - The Economic Times,"<a href=""https://news.google.com/rss/articles/CBMiiAJBVV95cUxQa29oUV9oYzdBdExsY0c2eDlvbDlXenhjOTRna1RWazhZMVY5ZkJXXzluUHRuUUJJb1FFM0piR0hOc2p1Wk1lX0l3M3JuRERzZzhMVFQ5T2NSRTBQTXp6amZabzFUcWdlQktfN0R0aWcwUW5iRk1rclFGUGhIaDFyYjdSSDN6TlYyS2hLclVURWJZX3dDT3dlZXdxNjBWZkRHLVA4UmJsTXB2YmN5d25adzRwMWQ0elc5R09aQmI3bzUyYkZqUTJVUkZaZmtWTi11ZDFDRW9kaGpiZThnc2l3YTlfTDV3MUhGN292czN0X2hiUFJSb1kzWGVtWHE3Y2RWN21uaWJXMUzSAY4CQVVfeXFMTmVyalEwdWE1SFBacGc1Q3NqQXFUc0hyNVRSdlY2WndPbklZQlhRZ3NMNFg1dk5RUHFXd0V5NUhqWWlkTjJKT2pGcUloLWo3NFQ0M2VWSjBYd3NEa3NBcGktVnJLcndSaWlFQ1dTTXFQTnRhRFdOV1gyV1BHallLOXBkelR6VDQwV2dzaUdDYkpHNFpqUURGZkszR3ZlTk51UGRrTzFHM01SenFlVGJkeGtZUmJGTTlzTEtPVkJDWV8yWnJBX0RLLUxEa3hBSmVTUENIYUI4S2Z2VG9Id2dnSTNJeHMtVEFidUcwSUNjOW1UMWU2RGwwTzZ2R0tNNEMzZzBWSktISWdyUkdsRW53?oc=5"" target=""_blank"">Bombay Dyeing & Manufacturing Company appoints Rohit Santhosh as Bombay Realty CEO</a>&nbsp;&nbsp;<font color=""#6f6f6f"">The Economic Times</font>",2025-09-18 07:00:00,The Economic Times,https://news.google.com/rss/articles/CBMiiAJBVV95cUxQa29oUV9oYzdBdExsY0c2eDlvbDlXenhjOTRna1RWazhZMVY5ZkJXXzluUHRuUUJJb1FFM0piR0hOc2p1Wk1lX0l3M3JuRERzZzhMVFQ5T2NSRTBQTXp6amZabzFUcWdlQktfN0R0aWcwUW5iRk1rclFGUGhIaDFyYjdSSDN6TlYyS2hLclVURWJZX3dDT3dlZXdxNjBWZkRHLVA4UmJsTXB2YmN5d25adzRwMWQ0elc5R09aQmI3bzUyYkZqUTJVUkZaZmtWTi11ZDFDRW9kaGpiZThnc2l3YTlfTDV3MUhGN292czN0X2hiUFJSb1kzWGVtWHE3Y2RWN21uaWJXMUzSAY4CQVVfeXFMTmVyalEwdWE1SFBacGc1Q3NqQXFUc0hyNVRSdlY2WndPbklZQlhRZ3NMNFg1dk5RUHFXd0V5NUhqWWlkTjJKT2pGcUloLWo3NFQ0M2VWSjBYd3NEa3NBcGktVnJLcndSaWlFQ1dTTXFQTnRhRFdOV1gyV1BHallLOXBkelR6VDQwV2dzaUdDYkpHNFpqUURGZkszR3ZlTk51UGRrTzFHM01SenFlVGJkeGtZUmJGTTlzTEtPVkJDWV8yWnJBX0RLLUxEa3hBSmVTUENIYUI4S2Z2VG9Id2dnSTNJeHMtVEFidUcwSUNjOW1UMWU2RGwwTzZ2R0tNNEMzZzBWSktISWdyUkdsRW53?oc=5
BOMDYEING,Bombay Dyeing & Mfg Company Limited,Bombay Realty Appoints Dr. Mohit Ramsinghani to Lead Strategic Business Initiatives - Realty Plus Magazine,"<a href=""https://news.google.com/rss/articles/CBMizwFBVV95cUxPd3RWRFB5YldSR3ZtLWF1VUVqaFNOdXhzUGhhYUZzY01ZcUd2TUlON0gzblIzWklLalEzUTFuQzFUcTNLSW9yRUpyV1NwWUZJRlI3ZG9PdEpGTS1ZYWROXzdSLTU1VTJGSmJud1hELW1rU2xMbXpzSGN4YWRRSld1c0VUbllKYmFVV1h6SENpYVVPQ3ViclZNWTJoQzlYYXJZajNXNmRXVWhlT090QjNIQU81cmZqbTloRlFjalE0dnduRXNyN2Z2dGF4RlJfQVU?oc=5"" target=""_blank"">Bombay Realty Appoints Dr. Mohit Ramsinghani to Lead Strategic Business Initiatives</a>&nbsp;&nbsp;<font color=""#6f6f6f"">Realty Plus Magazine</font>",2025-06-24 07:00:00,Realty Plus Magazine,https://news.google.com/rss/articles/CBMizwFBVV95cUxPd3RWRFB5YldSR3ZtLWF1VUVqaFNOdXhzUGhhYUZzY01ZcUd2TUlON0gzblIzWklLalEzUTFuQzFUcTNLSW9yRUpyV1NwWUZJRlI3ZG9PdEpGTS1ZYWROXzdSLTU1VTJGSmJud1hELW1rU2xMbXpzSGN4YWRRSld1c0VUbllKYmFVV1h6SENpYVVPQ3ViclZNWTJoQzlYYXJZajNXNmRXVWhlT090QjNIQU81cmZqbTloRlFjalE0dnduRXNyN2Z2dGF4RlJfQVU?oc=5
BOMDYEING,Bombay Dyeing & Mfg Company Limited,Bombay Dyeing & Manufacturing Company Ltd leads gainers in 'A' group - Business Standard,"<a href=""https://news.google.com/rss/articles/CBMi3wFBVV95cUxPSEVMYklsbnA5VFhhSm4wQTVqRVR1dkpKQlEtVEp3eXJCd2ZDOF9jcVpzczNFV19MRVI4Wkw5NzFPV2lDeDJUMFRLZmVtdW1CMVpjWXJYZkt0WG1JQ01kTGQ4ZjFHLUh1TjN2NmVjRV9Jd0VzSUZ3Qk0tQlkybU1vT0RfSkVYZDB6T1VpaTZIYi1PSjBpdGZwWU5Ld1dxNkpSX09FV0hsdmpvNkxtMms4QU95X2w1Q0xVbno3aWJHYlFsRU4wc2doRFVJdVJlQVp3UDV3MDJXRVNZclB1MTFF0gHkAUFVX3lxTE4yb0lEQ3pSeDVFSXFoM3lXOXBWanIwSlZqMUV6eGRzbDFld3BSa2pKSmFxaG1yUV9EbVFZVFBGcUtUNGNsQjZLZy1uaTl2ZzVEMzNQd3VHTXVXcnJiYS1KT0ZKZmkzc0I4eWJJVUdQdkI3R3VoZUlqejVjOXVxLTJmaC1QTXN0MlhRVlpGZDE2NlRHUHFCM2NjeW84TUdVTnNNak5LeDVacjJubTlpbjFINmdVcmF4ZmNSV1ZQampHWGNwSm1Ic3hiMEVYNURKNkZnY05YcWRVbG5sckFPZnpNSTBobw?oc=5"" target=""_blank"">Bombay Dyeing & Manufacturing Company Ltd leads gainers in 'A' group</a>&nbsp;&nbsp;<font color=""#6f6f6f"">Business Standard</font>",2025-07-23 07:00:00,Business Standard,https://news.google.com/rss/articles/CBMi3wFBVV95cUxPSEVMYklsbnA5VFhhSm4wQTVqRVR1dkpKQlEtVEp3eXJCd2ZDOF9jcVpzczNFV19MRVI4Wkw5NzFPV2lDeDJUMFRLZmVtdW1CMVpjWXJYZkt0WG1JQ01kTGQ4ZjFHLUh1TjN2NmVjRV9Jd0VzSUZ3Qk0tQlkybU1vT0RfSkVYZDB6T1VpaTZIYi1PSjBpdGZwWU5Ld1dxNkpSX09FV0hsdmpvNkxtMms4QU95X2w1Q0xVbno3aWJHYlFsRU4wc2doRFVJdVJlQVp3UDV3MDJXRVNZclB1MTFF0gHkAUFVX3lxTE4yb0lEQ3pSeDVFSXFoM3lXOXBWanIwSlZqMUV6eGRzbDFld3BSa2pKSmFxaG1yUV9EbVFZVFBGcUtUNGNsQjZLZy1uaTl2ZzVEMzNQd3VHTXVXcnJiYS1KT0ZKZmkzc0I4eWJJVUdQdkI3R3VoZUlqejVjOXVxLTJmaC1QTXN0MlhRVlpGZDE2NlRHUHFCM2NjeW84TUdVTnNNak5LeDVacjJubTlpbjFINmdVcmF4ZmNSV1ZQampHWGNwSm1Ic3hiMEVYNURKNkZnY05YcWRVbG5sckFPZnpNSTBobw?oc=5
BOMDYEING,Bombay Dyeing & Mfg Company Limited,"SAT Overturns Sebi Ban on Bombay Dyeing, Wadia Promoters - Whalesbook","<a href=""https://news.google.com/rss/articles/CBMizgFBVV95cUxOaVNoSXJSQmdPbmlSakNRbm85dDRWTm5JckZGMi01TkZyaTlKNGVvbEI3RGQ3LW9IUlVCR2dzUk1XU3JXbXBiNWt1eEM3ZUJGcG1WdU9PUGxLSlhTay1hb2s0UUVBMEhSN09QVExDV3NJU3NRX0h4MFZCX0VVUXZwZzd5QUM5T1dWcEtxVTRfeFRJa1VWU3pSbGJIWTJzR1BrN0JuWjgtOGdtRHdmek9PV0dwMkkxeFQxSXM2c3AtNGs4aHY0c05yUE9GWjM5UQ?oc=5"" target=""_blank"">SAT Overturns Sebi Ban on Bombay Dyeing, Wadia Promoters</a>&nbsp;&nbsp;<font color=""#6f6f6f"">Whalesbook</font>",2026-01-16 08:00:00,Whalesbook,https://news.google.com/rss/articles/CBMizgFBVV95cUxOaVNoSXJSQmdPbmlSakNRbm85dDRWTm5JckZGMi01TkZyaTlKNGVvbEI3RGQ3LW9IUlVCR2dzUk1XU3JXbXBiNWt1eEM3ZUJGcG1WdU9PUGxLSlhTay1hb2s0UUVBMEhSN09QVExDV3NJU3NRX0h4MFZCX0VVUXZwZzd5QUM5T1dWcEtxVTRfeFRJa1VWU3pSbGJIWTJzR1BrN0JuWjgtOGdtRHdmek9PV0dwMkkxeFQxSXM2c3AtNGs4aHY0c05yUE9GWjM5UQ?oc=5
BOMDYEING,Bombay Dyeing & Mfg Company Limited,Bombay Dyeing appoints Rohit Santhosh as CEO of Bombay Realty - Business Standard,"<a href=""https://news.google.com/rss/articles/CBMi2wFBVV95cUxOOEtqaVpmQ2NsU3ZNeERVODNXUi11X1ozNEVYQmtZY0IyYTNDanEzNUhNZk5MNHdBOUgwLTlTNFdqMmtleENoZmRmZFluYzF4WlBoX2FTTHNtNFlsR2hDX2Z3TjFnNWV0bjFCcFUwakxuNlhmR05VLWdLTHpNcE5zSlhvMElYRWdjZHV2Qnp0aDFnSl9fMG8ycVlMeHBVMWUyc2d1NlAtQTVxZWFPTzBHWG04WG9IZzVFdGVSYmxac2lSdmR6dURIbklUemd1UUptMmlMUHBCT1U3RW_SAeABQVVfeXFMTzZNeG9lMU1QalhyVVFSVWxjVmJZMUFTRmpZeHhWZElUc3R6N0drM2ZNNkRNRnRwaHQwUWhibVFrUEFxYmRzeXdSYTlLT2c0YWY0RkRtbm5vSnY5WFpXUHYtcXBvcmttQTBBZGhzT2d3NHVVVG9sNnlwc0dfb25uM1F1TTU5N0lnVkZ5Qld6Q2RmREJRVzRlYlZ1RXBZbHRnY3ZSZTRHLWxLM3NlQ2ZvUmFkeHpIajl3SjRPckt1S0NDNFNmNWJZLS1JTVRzTEx4RFNucXR6cGdlMl9xZGM3Y04?oc=5"" target=""_blank"">Bombay Dyeing appoints Rohit Santhosh as CEO of Bombay Realty</a>&nbsp;&nbsp;<font color=""#6f6f6f"">Business Standard</font>",2025-09-18 07:00:00,Business Standard,https://news.google.com/rss/articles/CBMi2wFBVV95cUxOOEtqaVpmQ2NsU3ZNeERVODNXUi11X1ozNEVYQmtZY0IyYTNDanEzNUhNZk5MNHdBOUgwLTlTNFdqMmtleENoZmRmZFluYzF4WlBoX2FTTHNtNFlsR2hDX2Z3TjFnNWV0bjFCcFUwakxuNlhmR05VLWdLTHpNcE5zSlhvMElYRWdjZHV2Qnp0aDFnSl9fMG8ycVlMeHBVMWUyc2d1NlAtQTVxZWFPTzBHWG04WG9IZzVFdGVSYmxac2lSdmR6dURIbklUemd1UUptMmlMUHBCT1U3RW_SAeABQVVfeXFMTzZNeG9lMU1QalhyVVFSVWxjVmJZMUFTRmpZeHhWZElUc3R6N0drM2ZNNkRNRnRwaHQwUWhibVFrUEFxYmRzeXdSYTlLT2c0YWY0RkRtbm5vSnY5WFpXUHYtcXBvcmttQTBBZGhzT2d3NHVVVG9sNnlwc0dfb25uM1F1TTU5N0lnVkZ5Qld6Q2RmREJRVzRlYlZ1RXBZbHRnY3ZSZTRHLWxLM3NlQ2ZvUmFkeHpIajl3SjRPckt1S0NDNFNmNWJZLS1JTVRzTEx4RFNucXR6cGdlMl9xZGM3Y04?oc=5
BOMDYEING,Bombay Dyeing & Mfg Company Limited,"Bombay Dyeing Q4 Results: Profit falls 83% to ₹11.54 cr, revenue dips 12% - BusinessLine","<a href=""https://news.google.com/rss/articles/CBMixAFBVV95cUxNUkFZa0xtZVd6ZTNkemxvTndHRFY4QzFEcVFLWmREbkN6ZU9QcU1PNEczdjg3LUhzWkdKc3IyNUJLLS1feXVOMWFSTnRFWkRYZkNiUlVhY2JuYXlPejJSQTR6R1RSV01HTDk5Nzh2LWw0dHJCd20zX0RIRWhzbXNvMGJDOGdqYndpMWh3T09OZVpPZFcwNF8tWThVLXZQV04wNHdfbUJYTjVCWEswRkw4S0p5bVItUlNQcThBN3RSYk0wQVZK0gHLAUFVX3lxTE5kUzZuR1ZuVmtsWWpIX3oxMkZ5REhNY0d6QUU1Uk9pX2piSjdtYTBXN0xRbFczQU04MmpaaFJrWkpxRnBqNXRORWZ0djBjc3hjVmxwZ0JBcFRCbm4zTmZITllvMEp6MTBERkx2R2JseEViaTlMV1FDeGRBT25Ga3R2QzI2dFlJcXdMZWw2MkJrRGdxUDI1NVRDRVljWkg1bDZFeENxeEpMd1ZxVXJLWWJldkZocFAzV0JpYno2TlppZjE2SEZBdVRDX3RV?oc=5"" target=""_blank"">Bombay Dyeing Q4 Results: Profit falls 83% to ₹11.54 cr, revenue dips 12%</a>&nbsp;&nbsp;<font color=""#6f6f6f"">BusinessLine</font>",2025-05-06 07:00:00,BusinessLine,https://news.google.com/rss/articles/CBMixAFBVV95cUxNUkFZa0xtZVd6ZTNkemxvTndHRFY4QzFEcVFLWmREbkN6ZU9QcU1PNEczdjg3LUhzWkdKc3IyNUJLLS1feXVOMWFSTnRFWkRYZkNiUlVhY2JuYXlPejJSQTR6R1RSV01HTDk5Nzh2LWw0dHJCd20zX0RIRWhzbXNvMGJDOGdqYndpMWh3T09OZVpPZFcwNF8tWThVLXZQV04wNHdfbUJYTjVCWEswRkw4S0p5bVItUlNQcThBN3RSYk0wQVZK0gHLAUFVX3lxTE5kUzZuR1ZuVmtsWWpIX3oxMkZ5REhNY0d6QUU1Uk9pX2piSjdtYTBXN0xRbFczQU04MmpaaFJrWkpxRnBqNXRORWZ0djBjc3hjVmxwZ0JBcFRCbm4zTmZITllvMEp6MTBERkx2R2JseEViaTlMV1FDeGRBT25Ga3R2QzI2dFlJcXdMZWw2MkJrRGdxUDI1NVRDRVljWkg1bDZFeENxeEpMd1ZxVXJLWWJldkZocFAzV0JpYno2TlppZjE2SEZBdVRDX3RV?oc=5
BOMDYEING,Bombay Dyeing & Mfg Company Limited,Bombay Dyeing intensifies crackdown on counterfeit products across major Indian cities - Mediabrief.com,"<a href=""https://news.google.com/rss/articles/CBMiiwFBVV95cUxOb3ZtWVEyaE9nSVJHTnJmZndFbW9Wc210TjctNnVZRDVybmQ1SGk0Q29vSnBPaFVrWHp0YmlnZTZtVXlEWmN5N0tGOWZjU0JPTlFER0U1VmpVRVhZZndJYTEtd2FOYjVKU3o0RkZMbzlObll3Q3VmNHVUNW9zQlRjUTZRbTNiS2IzUEFJ?oc=5"" target=""_blank"">Bombay Dyeing intensifies crackdown on counterfeit products across major Indian cities</a>&nbsp;&nbsp;<font color=""#6f6f6f"">Mediabrief.com</font>",2025-08-26 07:00:00,Mediabrief.com,https://news.google.com/rss/articles/CBMiiwFBVV95cUxOb3ZtWVEyaE9nSVJHTnJmZndFbW9Wc210TjctNnVZRDVybmQ1SGk0Q29vSnBPaFVrWHp0YmlnZTZtVXlEWmN5N0tGOWZjU0JPTlFER0U1VmpVRVhZZndJYTEtd2FOYjVKU3o0RkZMbzlObll3Q3VmNHVUNW9zQlRjUTZRbTNiS2IzUEFJ?oc=5
BOMDYEING,Bombay Dyeing & Mfg Company Limited,"BOMDYEING Standalone September 2025 Net Sales at Rs 362.63 crore, down 4.73% Y-o-Y - Moneycontrol.com","<a href=""https://news.google.com/rss/articles/CBMi3wFBVV95cUxPVFZvZEtTeFFnQmowa05OSW41eUhqcnJYU0VpQmk2UnM5TzYxbXdDM1FJRU05TFc0VGFUYXZoVTNLRnhFZWo3TmpCUl85cTJLUWdCbjVVRXJ6X0VRZ2x2cURwMWE0M0xDM2tpWjdCV1E2MHhWSFp5NThBMV92TVEwcDBkUllxUWp2b2J0Y19NYlJpR3FzaGlRSVRFZEhmazVRUUxQRzF0dVF2SFlid2wtRGswRk9pXzZNc09wemlaRjNOSG5tMnk4UXFaZnRKRzlxSk8wcjAyaEY4d0dxNFVj0gHkAUFVX3lxTFAtR0lpN3NZNzVnb25KVW1ZYnlGaEdQR21XdXh5ZHVhUHNXSE9Qam1BV3pCYzI3d1ZaUkVydzdiVkxiMG1Ra2dHVExUQ0FVOUV3MFlneFZwMXBkazhEV2JUdHh0Q29HQm9GRUFxUGxzN1NtMjFfNjBHMkc0aVlrWnd4YUdlOVpQUkhlQ3ZXblZCU0hPTVBDZXN2RmlnU0I0SE9NandQRTh0RWJFbTZoRXZiRXlaZTBKRFFJMWNDRzEwLTFWc2hNVk14WVpyRXhqVkZKT216TmxnblZtdlFZTDlURnBYVg?oc=5"" target=""_blank"">BOMDYEING Standalone September 2025 Net Sales at Rs 362.63 crore, down 4.73% Y-o-Y</a>&nbsp;&nbsp;<font color=""#6f6f6f"">Moneycontrol.com</font>",2025-11-12 08:00:00,Moneycontrol.com,https://news.google.com/rss/articles/CBMi3wFBVV95cUxPVFZvZEtTeFFnQmowa05OSW41eUhqcnJYU0VpQmk2UnM5TzYxbXdDM1FJRU05TFc0VGFUYXZoVTNLRnhFZWo3TmpCUl85cTJLUWdCbjVVRXJ6X0VRZ2x2cURwMWE0M0xDM2tpWjdCV1E2MHhWSFp5NThBMV92TVEwcDBkUllxUWp2b2J0Y19NYlJpR3FzaGlRSVRFZEhmazVRUUxQRzF0dVF2SFlid2wtRGswRk9pXzZNc09wemlaRjNOSG5tMnk4UXFaZnRKRzlxSk8wcjAyaEY4d0dxNFVj0gHkAUFVX3lxTFAtR0lpN3NZNzVnb25KVW1ZYnlGaEdQR21XdXh5ZHVhUHNXSE9Qam1BV3pCYzI3d1ZaUkVydzdiVkxiMG1Ra2dHVExUQ0FVOUV3MFlneFZwMXBkazhEV2JUdHh0Q29HQm9GRUFxUGxzN1NtMjFfNjBHMkc0aVlrWnd4YUdlOVpQUkhlQ3ZXblZCU0hPTVBDZXN2RmlnU0I0SE9NandQRTh0RWJFbTZoRXZiRXlaZTBKRFFJMWNDRzEwLTFWc2hNVk14WVpyRXhqVkZKT216TmxnblZtdlFZTDlURnBYVg?oc=5
BOMDYEING,Bombay Dyeing & Mfg Company Limited,Bombay Dyeing Wins Big: SAT Overturns SEBI's ₹15 Crore Fraud Finding - Whalesbook,"<a href=""https://news.google.com/rss/articles/CBMi5gFBVV95cUxOSVpRb29xVXhua05XOFFtWlVTRm1DckU1R2pKT2NSRWUtdF9GWTF4RmJtU24zam4zbTdzWGl2RlktRFExOFlFci15RU9MVy1BUHRNT2lRcHZJRmJGUWE0QTBXN2t4dVJldHZDQmdmaGd0OTJfSVVRT0VKSjFTU256Ym1rQlFmcDI4bEJFZlE1RVIwVjJrLTBFSkZqdjczaWt0UmhpZGRTazVGVk44S0pScEg1NDRUSTJNa25RaTItUGJQbVpOTjNhODFPX3VmYlg3Y3dPejBIUk5vOTlIREk2X29yUkROZw?oc=5"" target=""_blank"">Bombay Dyeing Wins Big: SAT Overturns SEBI's ₹15 Crore Fraud Finding</a>&nbsp;&nbsp;<font color=""#6f6f6f"">Whalesbook</font>",2026-01-16 08:00:00,Whalesbook,https://news.google.com/rss/articles/CBMi5gFBVV95cUxOSVpRb29xVXhua05XOFFtWlVTRm1DckU1R2pKT2NSRWUtdF9GWTF4RmJtU24zam4zbTdzWGl2RlktRFExOFlFci15RU9MVy1BUHRNT2lRcHZJRmJGUWE0QTBXN2t4dVJldHZDQmdmaGd0OTJfSVVRT0VKSjFTU256Ym1rQlFmcDI4bEJFZlE1RVIwVjJrLTBFSkZqdjczaWt0UmhpZGRTazVGVk44S0pScEg1NDRUSTJNa25RaTItUGJQbVpOTjNhODFPX3VmYlg3Y3dPejBIUk5vOTlIREk2X29yUkROZw?oc=5
BOMDYEING,Bombay Dyeing & Mfg Company Limited,Bombay Dyeing appoints Rohit Santhosh as CEO of Bombay Realty - MarcaMoney,"<a href=""https://news.google.com/rss/articles/CBMikwFBVV95cUxOaXdrVWRHZXo3Wlg4bDlQRi1WODVVeUFtYXo3bEZqZmIwcWRyOGNwNHkyRUg0V3MyNF9rM2hqVDdFUlUwTGJyNUJ5SkNmY3NKM3VlQmVyOW9WQkl5dmtLR09UaGRiTTZqRlVYTVl2NXhyVzEyMzBDY3VUMEJ2ZTB1dV9VVGZ3WlgyLUFURnItTVppUU0?oc=5"" target=""_blank"">Bombay Dyeing appoints Rohit Santhosh as CEO of Bombay Realty</a>&nbsp;&nbsp;<font color=""#6f6f6f"">MarcaMoney</font>",2025-09-19 07:00:00,MarcaMoney,https://news.google.com/rss/articles/CBMikwFBVV95cUxOaXdrVWRHZXo3Wlg4bDlQRi1WODVVeUFtYXo3bEZqZmIwcWRyOGNwNHkyRUg0V3MyNF9rM2hqVDdFUlUwTGJyNUJ5SkNmY3NKM3VlQmVyOW9WQkl5dmtLR09UaGRiTTZqRlVYTVl2NXhyVzEyMzBDY3VUMEJ2ZTB1dV9VVGZ3WlgyLUFURnItTVppUU0?oc=5
BOMDYEING,Bombay Dyeing & Mfg Company Limited,Bombay Dyeing & Manufacturing Company receives affirmation in credit ratings - Business Standard,"<a href=""https://news.google.com/rss/articles/CBMi7AFBVV95cUxOM0k2SUVqTHVQNGd5TkEtOEMxQzlTM1hGQ3VYMmpuRTd6R29CSldWMDlCdGxPR0VfSmlzandEWXBmeFRKMlFWN29meEc2b1ZWbTZYakxPOEFCbkJyRHd2b1NLOU5jNE1yaldrREdJOVNWLTBPYXhlNXh6a2VZeUYxUWwwS1NHLTFLc1BXdjkwRGVsSU1RXzR3WkVkTkkzNUIxZ1c0TmRjNFBVLV9QS3V2U0pubjdtWmNJUmdzMGhhMGZERHlIek4wQ09oRmlNQnlxUWlCaHFEUVMwRmdmemFndzNmSHhSMkxHQVNLMdIB8gFBVV95cUxObzVFUkZzQzJOQTRkRjlYbm5CRFdINlVfMEl3VjlNN0c0R01NSndnZ2w2SlhTajlZcEhvQmNDVmNDVjUwM3FfdnB0QVJkTy1DMFJJZHBnWDdnSUxQY04zTWQtbXJtWW1EMU9BZkhJbzUzUGNaSzdGOFV0VHlVVVVfajRfQmlGNnRuUUhhVEFVUi1YX3hVa3ZkbFNMSUlNWG5BYmF2WFNoVHJwREJ5ekhuUHo5cU5nTHpPRUJ1U05Xa3JoNk1QMG0tYjNEekpqbU1pZVFRaGN5aVlxRkJoQW83bHJ2NHU3cDlON1MtVGJqWnRvUQ?oc=5"" target=""_blank"">Bombay Dyeing & Manufacturing Company receives affirmation in credit ratings</a>&nbsp;&nbsp;<font color=""#6f6f6f"">Business Standard</font>",2026-01-03 08:00:00,Business Standard,https://news.google.com/rss/articles/CBMi7AFBVV95cUxOM0k2SUVqTHVQNGd5TkEtOEMxQzlTM1hGQ3VYMmpuRTd6R29CSldWMDlCdGxPR0VfSmlzandEWXBmeFRKMlFWN29meEc2b1ZWbTZYakxPOEFCbkJyRHd2b1NLOU5jNE1yaldrREdJOVNWLTBPYXhlNXh6a2VZeUYxUWwwS1NHLTFLc1BXdjkwRGVsSU1RXzR3WkVkTkkzNUIxZ1c0TmRjNFBVLV9QS3V2U0pubjdtWmNJUmdzMGhhMGZERHlIek4wQ09oRmlNQnlxUWlCaHFEUVMwRmdmemFndzNmSHhSMkxHQVNLMdIB8gFBVV95cUxObzVFUkZzQzJOQTRkRjlYbm5CRFdINlVfMEl3VjlNN0c0R01NSndnZ2w2SlhTajlZcEhvQmNDVmNDVjUwM3FfdnB0QVJkTy1DMFJJZHBnWDdnSUxQY04zTWQtbXJtWW1EMU9BZkhJbzUzUGNaSzdGOFV0VHlVVVVfajRfQmlGNnRuUUhhVEFVUi1YX3hVa3ZkbFNMSUlNWG5BYmF2WFNoVHJwREJ5ekhuUHo5cU5nTHpPRUJ1U05Xa3JoNk1QMG0tYjNEekpqbU1pZVFRaGN5aVlxRkJoQW83bHJ2NHU3cDlON1MtVGJqWnRvUQ?oc=5
BOMDYEING,Bombay Dyeing & Mfg Company Limited,Bombay Dyeing & Manufacturing Company appoints Rohit Santhosh as CEO of Bombay Realty - afaqs!,"<a href=""https://news.google.com/rss/articles/CBMiygFBVV95cUxPd0lmYUtWeTY5UzNhcHMyMW5tVjJacFVEYy02QXM0ZDNwYzF4Q1NsbWRRN3BaZFBtYlJ0TWpKQ0U3cktSMlZXU1RsY1JjbVJlbzQzYTM2VWRCaHBjNkNsMk5NbGExMkpXNHpOUHR4d3lNZ2NnOEtfZlhQYmxnNHhzZmFzQjQ3Zlc1NjlEbEFVTzlNdnpvYlZieS1PdjgzLXZBbkFaS3h6Z1FCOUpkRnM5RnIwT2MzYUZIZzhxMjZWMXB2R2NQUVFTSmxR?oc=5"" target=""_blank"">Bombay Dyeing & Manufacturing Company appoints Rohit Santhosh as CEO of Bombay Realty</a>&nbsp;&nbsp;<font color=""#6f6f6f"">afaqs!</font>",2025-09-18 07:00:00,afaqs!,https://news.google.com/rss/articles/CBMiygFBVV95cUxPd0lmYUtWeTY5UzNhcHMyMW5tVjJacFVEYy02QXM0ZDNwYzF4Q1NsbWRRN3BaZFBtYlJ0TWpKQ0U3cktSMlZXU1RsY1JjbVJlbzQzYTM2VWRCaHBjNkNsMk5NbGExMkpXNHpOUHR4d3lNZ2NnOEtfZlhQYmxnNHhzZmFzQjQ3Zlc1NjlEbEFVTzlNdnpvYlZieS1PdjgzLXZBbkFaS3h6Z1FCOUpkRnM5RnIwT2MzYUZIZzhxMjZWMXB2R2NQUVFTSmxR?oc=5
BOMDYEING,Bombay Dyeing & Mfg Company Limited,Bombay Dyeing's Rating Outlook Shifts to Stable: What Crisil's Latest Assessment Means for Investors - Whalesbook,"<a href=""https://news.google.com/rss/articles/CBMilgJBVV95cUxNeEhHT1BwaHFzVk9OaFlmV20xRC1zWHZtRWloT3BSYS1EN3llQ0RoZnNZV3JLTngwSWQwQ2c3Z1V5UnVRYXhpUEVyUWM5VTA5QXRiVU1OYjl6bzF3d0RYVVVvT0tpRkxXTHFwNGFRZVd2WDQwd1pGLWlMdHEyUVg1ZXFmSmc2Ukl0Vk5jcUJlUW1tYi1TeFAxUmdjZkgwdUtfdjhhUjlHOFlEbG9IdE1CLVc4QnVvb2w3LVl6VlJKTnRVT0NKNHFJSU1vOVlOQWVuT0NYbkRFMkF5ZDVqTHVlWGR1OTJkU1ZDa3BQOTEzbjJfX24yWXpiTGwtSldxSzlISVlSTlBIWThEM3R1bmxVRFZlMWhDZw?oc=5"" target=""_blank"">Bombay Dyeing's Rating Outlook Shifts to Stable: What Crisil's Latest Assessment Means for Investors</a>&nbsp;&nbsp;<font color=""#6f6f6f"">Whalesbook</font>",2026-01-03 08:00:00,Whalesbook,https://news.google.com/rss/articles/CBMilgJBVV95cUxNeEhHT1BwaHFzVk9OaFlmV20xRC1zWHZtRWloT3BSYS1EN3llQ0RoZnNZV3JLTngwSWQwQ2c3Z1V5UnVRYXhpUEVyUWM5VTA5QXRiVU1OYjl6bzF3d0RYVVVvT0tpRkxXTHFwNGFRZVd2WDQwd1pGLWlMdHEyUVg1ZXFmSmc2Ukl0Vk5jcUJlUW1tYi1TeFAxUmdjZkgwdUtfdjhhUjlHOFlEbG9IdE1CLVc4QnVvb2w3LVl6VlJKTnRVT0NKNHFJSU1vOVlOQWVuT0NYbkRFMkF5ZDVqTHVlWGR1OTJkU1ZDa3BQOTEzbjJfX24yWXpiTGwtSldxSzlISVlSTlBIWThEM3R1bmxVRFZlMWhDZw?oc=5
BOMDYEING,Bombay Dyeing & Mfg Company Limited,Bombay Dyeing Jumps 14% | Jeh Wadia’s Comeback Sparks Realty Pivot - Business Today,"<a href=""https://news.google.com/rss/articles/CBMizwFBVV95cUxPTEVyRVVNOG9SUVVlRGd3VVN5ek5VakdneVhqTVdlRGNmLUJGSl9wRnJ1aFpkRGZ4dmdhWTZ3ay1KNnN0a2JmM2hFYjFrdzNkdkEtMjVDaHE3ZlpjOF9uNlQzOS1fRldIQU9VUHF6bEFxNjg1akFkWlZob2E2dnliVWhaR005RjU2SHZrSnJ2UjVsWG1PQTFwNDY2c0tHc1NkbndOakJMUERTekNRQXRHUEZUSzJ3RTc4c3Q3cWd4elJKM0gxM2tsdTQ4N3gxNTTSAdQBQVVfeXFMTWFvOWpZX2ZWY2xGSDZaeTYxRGpxX0QyaDNVVHpKai1hb2xDVVRwbGlzX3NEYkNnTzUtaEI5SHZ3SlZsZU54cTRaTHNWR3RyaE5aY1hRTl9MeGp0MEM1aElGaTRESFBzRjBLS1JiY3d6NHI1dWgwWF9nTm8tRFFKaDBjSzRQekJlZmpJOC1GUnZRZHhKaUdzV2U1OXZVOG5kZUpjbzU4WlAzVDNWM2pwNmpzWlUtRTUzRkgwZTBEeDJnZnMtQ2xqN05HVG5YRklEazc5bG8?oc=5"" target=""_blank"">Bombay Dyeing Jumps 14% | Jeh Wadia’s Comeback Sparks Realty Pivot</a>&nbsp;&nbsp;<font color=""#6f6f6f"">Business Today</font>",2025-07-23 07:00:00,Business Today,https://news.google.com/rss/articles/CBMizwFBVV95cUxPTEVyRVVNOG9SUVVlRGd3VVN5ek5VakdneVhqTVdlRGNmLUJGSl9wRnJ1aFpkRGZ4dmdhWTZ3ay1KNnN0a2JmM2hFYjFrdzNkdkEtMjVDaHE3ZlpjOF9uNlQzOS1fRldIQU9VUHF6bEFxNjg1akFkWlZob2E2dnliVWhaR005RjU2SHZrSnJ2UjVsWG1PQTFwNDY2c0tHc1NkbndOakJMUERTekNRQXRHUEZUSzJ3RTc4c3Q3cWd4elJKM0gxM2tsdTQ4N3gxNTTSAdQBQVVfeXFMTWFvOWpZX2ZWY2xGSDZaeTYxRGpxX0QyaDNVVHpKai1hb2xDVVRwbGlzX3NEYkNnTzUtaEI5SHZ3SlZsZU54cTRaTHNWR3RyaE5aY1hRTl9MeGp0MEM1aElGaTRESFBzRjBLS1JiY3d6NHI1dWgwWF9nTm8tRFFKaDBjSzRQekJlZmpJOC1GUnZRZHhKaUdzV2U1OXZVOG5kZUpjbzU4WlAzVDNWM2pwNmpzWlUtRTUzRkgwZTBEeDJnZnMtQ2xqN05HVG5YRklEazc5bG8?oc=5
BOMDYEING,Bombay Dyeing & Mfg Company Limited,Retail India News: Bombay Dyeing Cracks Down on Counterfeit Products Across Major Indian Cities - indianretailer.com,"<a href=""https://news.google.com/rss/articles/CBMixgFBVV95cUxPaGZodm80cmx1RUliZW13MDI0TEZVTkt4NU13TUZOaTlnOGQxMG1uTDJ4MG1SWm1YZDQ5WlR5aHE1bVJHWGp2TFN2Ny05UndXUlZUZmRGQnVvaExjM0ViNlFMLVJ2bkMyWE5wdldnQ2l1OUNUUkN5d2lBWHYwOUNrcHJtVjRwOWw1TGxnTTBPUmg5c3RQdG5vc2M4SER4TnpZOGhMV0o4eDU1bGwtcjJKZFJzdEEyNVBydk1iMi1pN29na19NOWc?oc=5"" target=""_blank"">Retail India News: Bombay Dyeing Cracks Down on Counterfeit Products Across Major Indian Cities</a>&nbsp;&nbsp;<font color=""#6f6f6f"">indianretailer.com</font>",2025-09-01 07:00:00,indianretailer.com,https://news.google.com/rss/articles/CBMixgFBVV95cUxPaGZodm80cmx1RUliZW13MDI0TEZVTkt4NU13TUZOaTlnOGQxMG1uTDJ4MG1SWm1YZDQ5WlR5aHE1bVJHWGp2TFN2Ny05UndXUlZUZmRGQnVvaExjM0ViNlFMLVJ2bkMyWE5wdldnQ2l1OUNUUkN5d2lBWHYwOUNrcHJtVjRwOWw1TGxnTTBPUmg5c3RQdG5vc2M4SER4TnpZOGhMV0o4eDU1bGwtcjJKZFJzdEEyNVBydk1iMi1pN29na19NOWc?oc=5
BOMDYEING,Bombay Dyeing & Mfg Company Limited,Bombay Dyeing Intensifies Crackdown On Counterfeit Products Across India - IFAB MEDIA,"<a href=""https://news.google.com/rss/articles/CBMiYkFVX3lxTFBfSG5DLUMyRkZUa1JOYUtEQU1qNmo5bUpaamJaaF9KbGVKbGlHcEFVTHR6YTQ4NVpaM3owNzJZNjVmNWNGTnJQMWFzQktrdF92a2lMTGRIS2JkZ2dlWlBFM1V3?oc=5"" target=""_blank"">Bombay Dyeing Intensifies Crackdown On Counterfeit Products Across India</a>&nbsp;&nbsp;<font color=""#6f6f6f"">IFAB MEDIA</font>",2025-08-31 07:59:57,IFAB MEDIA,https://news.google.com/rss/articles/CBMiYkFVX3lxTFBfSG5DLUMyRkZUa1JOYUtEQU1qNmo5bUpaamJaaF9KbGVKbGlHcEFVTHR6YTQ4NVpaM3owNzJZNjVmNWNGTnJQMWFzQktrdF92a2lMTGRIS2JkZ2dlWlBFM1V3?oc=5
BOMDYEING,Bombay Dyeing & Mfg Company Limited,Bombay Dyeing Appoints Rohit Santhosh as Realty CEO - Rediff MoneyWiz,"<a href=""https://news.google.com/rss/articles/CBMipgFBVV95cUxQanVhZTRsbkVpbXZDVWwzLS03UnlPaWc5RjBPR0ZiN3lsUUEzSWNCODBIRUpfaWN6UjdQajA1dnBTRmE3UGd0VDZUTFdMTEo5NUhvS1pDbkdjY0ZUNU1vX0EtSmRyZS1LRW9BVmdGbU1LWHpZdndGWnV3SU1LQjBfRTFQY0JxeHBGWlRhTFcwMVdYa05xUkhRdGYzTEx4OEhQbngyMThn0gGrAUFVX3lxTE1STjhZSFpkWFNyQkM3amI5bjBGQ0JuVFFCVWFXcTdLSE84NDZvUFBaV3JheF9pSm90Vmh1TldqdVVtREx1TnpDeWNOUzhPdzFVN05jZVZ5dWRnemVONVhZT3Jsdk9WVFE4SG1KQ2lMX2xZVURqclYtNUZiRXZ1cm5la2o3SGl3TEhfakJPVHNKRzNBTU8tWTV1OTZjT1VWRkdod2dJdGJxb3dlUQ?oc=5"" target=""_blank"">Bombay Dyeing Appoints Rohit Santhosh as Realty CEO</a>&nbsp;&nbsp;<font color=""#6f6f6f"">Rediff MoneyWiz</font>",2025-09-18 07:00:00,Rediff MoneyWiz,https://news.google.com/rss/articles/CBMipgFBVV95cUxQanVhZTRsbkVpbXZDVWwzLS03UnlPaWc5RjBPR0ZiN3lsUUEzSWNCODBIRUpfaWN6UjdQajA1dnBTRmE3UGd0VDZUTFdMTEo5NUhvS1pDbkdjY0ZUNU1vX0EtSmRyZS1LRW9BVmdGbU1LWHpZdndGWnV3SU1LQjBfRTFQY0JxeHBGWlRhTFcwMVdYa05xUkhRdGYzTEx4OEhQbngyMThn0gGrAUFVX3lxTE1STjhZSFpkWFNyQkM3amI5bjBGQ0JuVFFCVWFXcTdLSE84NDZvUFBaV3JheF9pSm90Vmh1TldqdVVtREx1TnpDeWNOUzhPdzFVN05jZVZ5dWRnemVONVhZT3Jsdk9WVFE4SG1KQ2lMX2xZVURqclYtNUZiRXZ1cm5la2o3SGl3TEhfakJPVHNKRzNBTU8tWTV1OTZjT1VWRkdod2dJdGJxb3dlUQ?oc=5
BOMDYEING,Bombay Dyeing & Mfg Company Limited,Stock to buy today: Bombay Dyeing (₹150.90) – BUY - BusinessLine,"<a href=""https://news.google.com/rss/articles/CBMixwFBVV95cUxOODduUzR4dkZ4TE5Sby01b0VhSEVHSWJ0aDhmbU5jamtHdWNRdURVYkZObDNCaDBjSjZTSUlJeklzYTNWeXl0LTFDd09GZFQwMzFtLWJHcUsyOUMzRTVLZkVkUzBKbDQ3RFBxNTJvWVRNRTM0R0doZ3dkRWNuN3p2dHBkOGg3eGdiV3U4Q2NacmFHQnFSWEQySjVlRVFFYTlyWUJFTExvdWVlMUlpQnRhYXpHZVIya1F4Vnp2R3JEQTJLeWpJcDdR0gHOAUFVX3lxTE9UZThmOWhjaUd4b0R3NGNreGxFUnJHR2oxV0lxZ0Z1NjEtSXMxU3p5VE1qSVROdW93Y2otXzlyUlFLMzZQcDJqQ29HNFlzWE9wMzhPTDZQOW9xdjB3RHBmazJ1bFk4dGxkTkVfZHMwc2lYMlhqLVJXZXJVcVh5dEhKS1BBT1daNWxIS3ctZGZseXYzOVlUQ09RQkxpM3QycFJudzBrSW81XzhzT01MOFdEZDd0dlpwM2REejZCQmN5akZTeXE4Y2pQUW5KdWNB?oc=5"" target=""_blank"">Stock to buy today: Bombay Dyeing (₹150.90) – BUY</a>&nbsp;&nbsp;<font color=""#6f6f6f"">BusinessLine</font>",2025-05-26 07:00:00,BusinessLine,https://news.google.com/rss/articles/CBMixwFBVV95cUxOODduUzR4dkZ4TE5Sby01b0VhSEVHSWJ0aDhmbU5jamtHdWNRdURVYkZObDNCaDBjSjZTSUlJeklzYTNWeXl0LTFDd09GZFQwMzFtLWJHcUsyOUMzRTVLZkVkUzBKbDQ3RFBxNTJvWVRNRTM0R0doZ3dkRWNuN3p2dHBkOGg3eGdiV3U4Q2NacmFHQnFSWEQySjVlRVFFYTlyWUJFTExvdWVlMUlpQnRhYXpHZVIya1F4Vnp2R3JEQTJLeWpJcDdR0gHOAUFVX3lxTE9UZThmOWhjaUd4b0R3NGNreGxFUnJHR2oxV0lxZ0Z1NjEtSXMxU3p5VE1qSVROdW93Y2otXzlyUlFLMzZQcDJqQ29HNFlzWE9wMzhPTDZQOW9xdjB3RHBmazJ1bFk4dGxkTkVfZHMwc2lYMlhqLVJXZXJVcVh5dEhKS1BBT1daNWxIS3ctZGZseXYzOVlUQ09RQkxpM3QycFJudzBrSW81XzhzT01MOFdEZDd0dlpwM2REejZCQmN5akZTeXE4Y2pQUW5KdWNB?oc=5
BOMDYEING,Bombay Dyeing & Mfg Company Limited,Bombay Dyeing escalates strict action against counterfeit products in India - Apparel Resources,"<a href=""https://news.google.com/rss/articles/CBMitgFBVV95cUxOMGdsc3IyWm0wZFd0SVBma2E4Y2Zwd0VsUm54ZnppMDgzNnRaUXowdnBGcjh5ZDRoazh3VC1zMHdzVWpJS2tkZTF4MkVyRWozSVVhTDMtT1VwcWR4QjUzQndjaGVucVduOGVxank0a2FrM05MUW5pTkRWTWliWDlkVWlJaEpxdUdVME5UVVFLaUNXaC1LS3pVcXhtVXhSZGxxaTdrb2ZPUFhQZHYwbVhoWmVlel9CQQ?oc=5"" target=""_blank"">Bombay Dyeing escalates strict action against counterfeit products in India</a>&nbsp;&nbsp;<font color=""#6f6f6f"">Apparel Resources</font>",2025-09-01 07:00:00,Apparel Resources,https://news.google.com/rss/articles/CBMitgFBVV95cUxOMGdsc3IyWm0wZFd0SVBma2E4Y2Zwd0VsUm54ZnppMDgzNnRaUXowdnBGcjh5ZDRoazh3VC1zMHdzVWpJS2tkZTF4MkVyRWozSVVhTDMtT1VwcWR4QjUzQndjaGVucVduOGVxank0a2FrM05MUW5pTkRWTWliWDlkVWlJaEpxdUdVME5UVVFLaUNXaC1LS3pVcXhtVXhSZGxxaTdrb2ZPUFhQZHYwbVhoWmVlel9CQQ?oc=5
BOMDYEING,Bombay Dyeing & Mfg Company Limited,Bombay Dyeing Appoints Rohit Santhosh as CEO of Bombay Realty - scanx.trade,"<a href=""https://news.google.com/rss/articles/CBMitgFBVV95cUxQZ2w5Y1pDMlFuOUdwZnhQWFBYdWp5d2k1czBpMzB5azRIcThoaE1GOFR5UWp0SWF1cEVEa2QybUIzWHdWdC1pUzQwX1lGd2dLQm9fZVFEbkFvUjBjNWhNeUw2OGx4cGtSOUU3eGNJVmRpSDd2RFMtYlJIa0dsUGlFZkhWSFNLLXdTeDgtUy02elJqZE93M2l6SFNtbWFIME5LRFNpd0gyVlQzSTQzS2EwSGFIZ3RVUQ?oc=5"" target=""_blank"">Bombay Dyeing Appoints Rohit Santhosh as CEO of Bombay Realty</a>&nbsp;&nbsp;<font color=""#6f6f6f"">scanx.trade</font>",2025-09-17 07:00:00,scanx.trade,https://news.google.com/rss/articles/CBMitgFBVV95cUxQZ2w5Y1pDMlFuOUdwZnhQWFBYdWp5d2k1czBpMzB5azRIcThoaE1GOFR5UWp0SWF1cEVEa2QybUIzWHdWdC1pUzQwX1lGd2dLQm9fZVFEbkFvUjBjNWhNeUw2OGx4cGtSOUU3eGNJVmRpSDd2RFMtYlJIa0dsUGlFZkhWSFNLLXdTeDgtUy02elJqZE93M2l6SFNtbWFIME5LRFNpd0gyVlQzSTQzS2EwSGFIZ3RVUQ?oc=5
BOMDYEING,Bombay Dyeing & Mfg Company Limited,"Mumbai: Fake Bombay Dyeing Racket Busted in Goregaon, One Arrested - lokmattimes.com","<a href=""https://news.google.com/rss/articles/CBMiqAFBVV95cUxPemtRNDFXYWl5b1dkbzZWWTl3OHZWMTNQaGw1Wl9DbWtyRzJjZ2NxRk42MDFvWmc4Mk9MTWpsbHN5SUhUNU4zcnFsTmRBRWhHTzYyQmdLck05NFZkVTNVcEZUV0VZdU54aVYxa21XdDBZck4zSzZJNC1XWFZqclNPYXhoTWhXVHhZUVJMN3h2djZPdjJWSE8xZlBSb3VSbGFkLTBrMXp5YXDSAa4BQVVfeXFMTU5YR1UwZGF1R20xTHBUZy1sb3c3NTJCcXRReWdwZWMtaW05c3I5RmstUktOd2N0MFFvMENvVmV1OW1PMmU4ZER4bTBsbTBKYTdvUC0xZWRfb1JvMzNZZWhtM0RhLVpPb1BqOVNMVEE2a1pVNy0ybXVRcjdycUx0eEx2M3F3R3lOWkJWMG9KbHl6bTV5OXFoRm5SMF8tWTNRd0Vjdnp6dkFuMVhwZGRn?oc=5"" target=""_blank"">Mumbai: Fake Bombay Dyeing Racket Busted in Goregaon, One Arrested</a>&nbsp;&nbsp;<font color=""#6f6f6f"">lokmattimes.com</font>",2026-01-22 08:00:00,lokmattimes.com,https://news.google.com/rss/articles/CBMiqAFBVV95cUxPemtRNDFXYWl5b1dkbzZWWTl3OHZWMTNQaGw1Wl9DbWtyRzJjZ2NxRk42MDFvWmc4Mk9MTWpsbHN5SUhUNU4zcnFsTmRBRWhHTzYyQmdLck05NFZkVTNVcEZUV0VZdU54aVYxa21XdDBZck4zSzZJNC1XWFZqclNPYXhoTWhXVHhZUVJMN3h2djZPdjJWSE8xZlBSb3VSbGFkLTBrMXp5YXDSAa4BQVVfeXFMTU5YR1UwZGF1R20xTHBUZy1sb3c3NTJCcXRReWdwZWMtaW05c3I5RmstUktOd2N0MFFvMENvVmV1OW1PMmU4ZER4bTBsbTBKYTdvUC0xZWRfb1JvMzNZZWhtM0RhLVpPb1BqOVNMVEE2a1pVNy0ybXVRcjdycUx0eEx2M3F3R3lOWkJWMG9KbHl6bTV5OXFoRm5SMF8tWTNRd0Vjdnp6dkFuMVhwZGRn?oc=5
BOMDYEING,Bombay Dyeing & Mfg Company Limited,Bombay Dyeing intensifies anti-counterfeit drive to protect customers and legacy - MediaNews4U,"<a href=""https://news.google.com/rss/articles/CBMirgFBVV95cUxPMC05cy1oOG9ZTmtCWXU2NXNZQW5EcWJhbExvMlAzRFJMdklwbmR2a0QyZHhEMlN1Qjl6MmhhX013YkQwcS1NYlFGanZDNFRMR3Z4anNTcDlOWmNQczdWakUwNXpwbEtLSHZNODNEdk9yMF9WS0ZDaGJDUGM2UE1NM3ZqX3JIVmtQUGdlNG4wTFp5SEtxamtBcnppbEM5ZUs2YUdLZFF1bElSYnNaRlE?oc=5"" target=""_blank"">Bombay Dyeing intensifies anti-counterfeit drive to protect customers and legacy</a>&nbsp;&nbsp;<font color=""#6f6f6f"">MediaNews4U</font>",2025-08-28 07:00:00,MediaNews4U,https://news.google.com/rss/articles/CBMirgFBVV95cUxPMC05cy1oOG9ZTmtCWXU2NXNZQW5EcWJhbExvMlAzRFJMdklwbmR2a0QyZHhEMlN1Qjl6MmhhX013YkQwcS1NYlFGanZDNFRMR3Z4anNTcDlOWmNQczdWakUwNXpwbEtLSHZNODNEdk9yMF9WS0ZDaGJDUGM2UE1NM3ZqX3JIVmtQUGdlNG4wTFp5SEtxamtBcnppbEM5ZUs2YUdLZFF1bElSYnNaRlE?oc=5
BOMDYEING,Bombay Dyeing & Mfg Company Limited,"Consolidated profit, revenue for Bombay Dyeing declines for Q4 2025 - Apparel Resources","<a href=""https://news.google.com/rss/articles/CBMirgFBVV95cUxOV25tc0k1TUUwcHBpa0hPZmI0MkU2NXJFRTh6OGlmYThSbnlOZTdVMEg0UEh2R2FORHE5b3JJWkNoeF9Fek0tcC1lN1c1Qi1VVEIyeHRyMWs5NXU3U05ZaUtlbTZGbDZ3cFl2QUN2bTVaREltcFdTNWo4bV9ySk1icnNicDBZdDcyZU9wVVVWZU93emlwekNpTTVJbHE5NHpBRk1ZcllCM1VubHprQXc?oc=5"" target=""_blank"">Consolidated profit, revenue for Bombay Dyeing declines for Q4 2025</a>&nbsp;&nbsp;<font color=""#6f6f6f"">Apparel Resources</font>",2025-05-06 07:00:00,Apparel Resources,https://news.google.com/rss/articles/CBMirgFBVV95cUxOV25tc0k1TUUwcHBpa0hPZmI0MkU2NXJFRTh6OGlmYThSbnlOZTdVMEg0UEh2R2FORHE5b3JJWkNoeF9Fek0tcC1lN1c1Qi1VVEIyeHRyMWs5NXU3U05ZaUtlbTZGbDZ3cFl2QUN2bTVaREltcFdTNWo4bV9ySk1icnNicDBZdDcyZU9wVVVWZU93emlwekNpTTVJbHE5NHpBRk1ZcllCM1VubHprQXc?oc=5
BOMDYEING,Bombay Dyeing & Mfg Company Limited,The Bombay Dyeing and Manufacturing Company Ltd announces maintenance shutdown of Patalganga plant - EquityBulls,"<a href=""https://news.google.com/rss/articles/CBMiX0FVX3lxTE1uQ05YekhJYUNUQ1BFbVFNRndHTDR3bFVkak9XNTRWb3N5LTNFTnBUQW51Q3NTM0lic3ZwSlNjZXBXM3FRY0dERXdEZngxNGUtQ0tnNjc1MWV0TDRCeC0w?oc=5"" target=""_blank"">The Bombay Dyeing and Manufacturing Company Ltd announces maintenance shutdown of Patalganga plant</a>&nbsp;&nbsp;<font color=""#6f6f6f"">EquityBulls</font>",2025-11-27 08:00:00,EquityBulls,https://news.google.com/rss/articles/CBMiX0FVX3lxTE1uQ05YekhJYUNUQ1BFbVFNRndHTDR3bFVkak9XNTRWb3N5LTNFTnBUQW51Q3NTM0lic3ZwSlNjZXBXM3FRY0dERXdEZngxNGUtQ0tnNjc1MWV0TDRCeC0w?oc=5
BOMDYEING,Bombay Dyeing & Mfg Company Limited,Bombay Dyeing share jumps 16%: What's driving the rally? - NewsBytes,"<a href=""https://news.google.com/rss/articles/CBMipwFBVV95cUxPdkJSTkVQMlVVS29yRU40SzNlbXVSeGJyMWhpNVVyOVluc0VqUlEzR19IaWFkRjlpLTI1Um1lTFlDMkR5cXJDdHJWbUZXeXR1WHRMaVE4YjNTbmc0bE5BSlZZVTJCbng1Vkx1b2Q5eGIyUVdfSDFwREM3Y1lIb29maVBZX3J4MXdzV3VKdnpUVks1dEZnT0Y4b0dVTVRtN2RjdlE0TGRZNA?oc=5"" target=""_blank"">Bombay Dyeing share jumps 16%: What's driving the rally?</a>&nbsp;&nbsp;<font color=""#6f6f6f"">NewsBytes</font>",2025-07-23 07:00:00,NewsBytes,https://news.google.com/rss/articles/CBMipwFBVV95cUxPdkJSTkVQMlVVS29yRU40SzNlbXVSeGJyMWhpNVVyOVluc0VqUlEzR19IaWFkRjlpLTI1Um1lTFlDMkR5cXJDdHJWbUZXeXR1WHRMaVE4YjNTbmc0bE5BSlZZVTJCbng1Vkx1b2Q5eGIyUVdfSDFwREM3Y1lIb29maVBZX3J4MXdzV3VKdnpUVks1dEZnT0Y4b0dVTVRtN2RjdlE0TGRZNA?oc=5
BOMDYEING,Bombay Dyeing & Mfg Company Limited,Bombay Dyeing & Manufacturing Company names Rohit Santhosh as CEO of Bombay Realty - MediaNews4U,"<a href=""https://news.google.com/rss/articles/CBMirgFBVV95cUxNa01pUTNYNVR5MGNhbkFBaG9WUEpvMC1hRkdsYjFJN3dUclpRZ2tMZEdiOXJ6bVFtNU5zcG04UnBWT01FUlZrMWFUdUNYMHhDOUt5VW53eWhGVU1fM3VISF9NdXZSb1RSaGs2a1ROWU0xVFJkTl95Tl9rckRQN3lBRVJCTFJaU1p5SkpwazZGN0hZUW80STA0NTRNeS11ZkVSdEttN1MwdDV5UTl1QVE?oc=5"" target=""_blank"">Bombay Dyeing & Manufacturing Company names Rohit Santhosh as CEO of Bombay Realty</a>&nbsp;&nbsp;<font color=""#6f6f6f"">MediaNews4U</font>",2025-09-18 07:00:00,MediaNews4U,https://news.google.com/rss/articles/CBMirgFBVV95cUxNa01pUTNYNVR5MGNhbkFBaG9WUEpvMC1hRkdsYjFJN3dUclpRZ2tMZEdiOXJ6bVFtNU5zcG04UnBWT01FUlZrMWFUdUNYMHhDOUt5VW53eWhGVU1fM3VISF9NdXZSb1RSaGs2a1ROWU0xVFJkTl95Tl9rckRQN3lBRVJCTFJaU1p5SkpwazZGN0hZUW80STA0NTRNeS11ZkVSdEttN1MwdDV5UTl1QVE?oc=5
