scrip,company,headline,summary,published_date,source,url
ENDURANCE,Endurance Technologies Limited,Endurance Technologies Ltd. Hits Intraday Low Amid Price Pressure - Markets Mojo,"<a href=""https://news.google.com/rss/articles/CBMivwFBVV95cUxOWnY2VFRtRFpnUmhYYXdHdFhuSDhtanZCdWFqRkI0S2lxaGZWNzd3ZklYZ2xBbGVOMmU4a1ZnVENRNW9DdDVhMkFOVnRlY3RNQkpvbFNfa1g3cnhyY0IyMEJaZ1BXb2FrYUgzNXNqMTZvVzRleDN2aFNnMlpFejRaSjJwVVBrM1ZKclZJemtXMzNsdTZOQmN3Y0VsazhpdXNvNmpGNVhMOEVKaUxiSG51b2YwamQ3WVd1YlpRTmNuRQ?oc=5"" target=""_blank"">Endurance Technologies Ltd. Hits Intraday Low Amid Price Pressure</a>&nbsp;&nbsp;<font color=""#6f6f6f"">Markets Mojo</font>",2026-03-04 05:47:31,Markets Mojo,https://news.google.com/rss/articles/CBMivwFBVV95cUxOWnY2VFRtRFpnUmhYYXdHdFhuSDhtanZCdWFqRkI0S2lxaGZWNzd3ZklYZ2xBbGVOMmU4a1ZnVENRNW9DdDVhMkFOVnRlY3RNQkpvbFNfa1g3cnhyY0IyMEJaZ1BXb2FrYUgzNXNqMTZvVzRleDN2aFNnMlpFejRaSjJwVVBrM1ZKclZJemtXMzNsdTZOQmN3Y0VsazhpdXNvNmpGNVhMOEVKaUxiSG51b2YwamQ3WVd1YlpRTmNuRQ?oc=5
ENDURANCE,Endurance Technologies Limited,Endurance tech surges 5% with new four-wheeler targets and expansion into EV market - Upstox,"<a href=""https://news.google.com/rss/articles/CBMixAFBVV95cUxQNkdZSDlONlRjNTJLdkxKRWxTSllIWFlKaUt0U2M2ZWp6QUJkU1UzcU4zUFhManF6dFRadHBGTVh6eEl3TXRpbzRPWHZVTEJDMXNERHFzbUhYcnJXS1p6am5Xc0Roa1ZSdjZVWmZHczdvd2JVWENKaWdpYk1ucUNrelkyUE1NMk0wZ2xiUi16WGhzY2NrNHVqVWtnMjhQSlUyc0QwY2VKSUdFYnBzcDFRUUwzR2hzMWpCeHJveHBRM2R5QmQx?oc=5"" target=""_blank"">Endurance tech surges 5% with new four-wheeler targets and expansion into EV market</a>&nbsp;&nbsp;<font color=""#6f6f6f"">Upstox</font>",2026-02-28 08:00:00,Upstox,https://news.google.com/rss/articles/CBMixAFBVV95cUxQNkdZSDlONlRjNTJLdkxKRWxTSllIWFlKaUt0U2M2ZWp6QUJkU1UzcU4zUFhManF6dFRadHBGTVh6eEl3TXRpbzRPWHZVTEJDMXNERHFzbUhYcnJXS1p6am5Xc0Roa1ZSdjZVWmZHczdvd2JVWENKaWdpYk1ucUNrelkyUE1NMk0wZ2xiUi16WGhzY2NrNHVqVWtnMjhQSlUyc0QwY2VKSUdFYnBzcDFRUUwzR2hzMWpCeHJveHBRM2R5QmQx?oc=5
ENDURANCE,Endurance Technologies Limited,Earnings Not Telling The Story For Endurance Technologies Limited (NSE:ENDURANCE) - simplywall.st,"<a href=""https://news.google.com/rss/articles/CBMi6AFBVV95cUxNa2RIdFJjNEhmd2laMEM3d3R5SnZYRXlBOG5BRkx2V1ZRYnFCZXItTDc5VVlFdi16UXlub1VNNnE1RUlCLVNwM1gzVkFZVVFtbTNvamo0SWtwWTdMWG5UeEpyeVBTODBTOGhqWlR6RDgzUkl4RldCdld0bzltWV9oYWNfYnVwOHdfcUE1YWF3Y0xNcEo3NlpfQzNNbzFLTmRFZnZUU0tNQ1FaRWl1ZXBPWGtKWkhNRjZjTmpleHpVb1lldGl3TTNoWWRUdExvMkw3RzRmdkZrUEktVkMzaFc3M040MDhhSEJy?oc=5"" target=""_blank"">Earnings Not Telling The Story For Endurance Technologies Limited (NSE:ENDURANCE)</a>&nbsp;&nbsp;<font color=""#6f6f6f"">simplywall.st</font>",2026-01-25 08:00:00,simplywall.st,https://news.google.com/rss/articles/CBMi6AFBVV95cUxNa2RIdFJjNEhmd2laMEM3d3R5SnZYRXlBOG5BRkx2V1ZRYnFCZXItTDc5VVlFdi16UXlub1VNNnE1RUlCLVNwM1gzVkFZVVFtbTNvamo0SWtwWTdMWG5UeEpyeVBTODBTOGhqWlR6RDgzUkl4RldCdld0bzltWV9oYWNfYnVwOHdfcUE1YWF3Y0xNcEo3NlpfQzNNbzFLTmRFZnZUU0tNQ1FaRWl1ZXBPWGtKWkhNRjZjTmpleHpVb1lldGl3TTNoWWRUdExvMkw3RzRmdkZrUEktVkMzaFc3M040MDhhSEJy?oc=5
ENDURANCE,Endurance Technologies Limited,Endurance Tech Stock Price Drops 7% Despite 23% Q2 Revenue Growth - HDFC Sky,"<a href=""https://news.google.com/rss/articles/CBMikwFBVV95cUxPcTBvNzZtejRGQVNTMkNRcFVMdnJVTWdZX0QyV1lMTWJ5NURwbExlVTRZd2k2UVVuWk5Oemtmb2ViZGdyTFRBZ3NlNlc3UVMzSmJScEFCNW9XQ3hvaEJyX2UxUGtrXy1GRFdpTklIZTM4TzF4cHFEdFJ2OV9qd0lHTmNYNnZIOG9lVnFQMExSTFBZTFk?oc=5"" target=""_blank"">Endurance Tech Stock Price Drops 7% Despite 23% Q2 Revenue Growth</a>&nbsp;&nbsp;<font color=""#6f6f6f"">HDFC Sky</font>",2025-11-13 08:00:00,HDFC Sky,https://news.google.com/rss/articles/CBMikwFBVV95cUxPcTBvNzZtejRGQVNTMkNRcFVMdnJVTWdZX0QyV1lMTWJ5NURwbExlVTRZd2k2UVVuWk5Oemtmb2ViZGdyTFRBZ3NlNlc3UVMzSmJScEFCNW9XQ3hvaEJyX2UxUGtrXy1GRFdpTklIZTM4TzF4cHFEdFJ2OV9qd0lHTmNYNnZIOG9lVnFQMExSTFBZTFk?oc=5
ENDURANCE,Endurance Technologies Limited,Endurance Technologies Reports Strong Q3FY26 Results with 26.5% Revenue Growth - scanx.trade,"<a href=""https://news.google.com/rss/articles/CBMizgFBVV95cUxOOFJjeW1PX2VCckVVOHJmTmpnUFhqOHRtLXlQLURKTE1kLW8wc3FoR0dEMTFCRDdMbXRSbGxxa3Q0b2hCNWRYRVI0SEhDVTZtZ2RrNS01bkxFcm5JOGp1cTlmako0R2hWd2RDNWlYUi1yUm5jc1cxQmgtVVFlOW5CSVNMckdiNnpLY09aRTJiOTdnRHdWZGZxbDNXVXRFcUZvZzg3dkVadGpoYUE0LThGcjVvMFhNVXFwUXBNODZWNTJ6N3VsTTFvREcwODNqQQ?oc=5"" target=""_blank"">Endurance Technologies Reports Strong Q3FY26 Results with 26.5% Revenue Growth</a>&nbsp;&nbsp;<font color=""#6f6f6f"">scanx.trade</font>",2026-02-13 08:00:00,scanx.trade,https://news.google.com/rss/articles/CBMizgFBVV95cUxOOFJjeW1PX2VCckVVOHJmTmpnUFhqOHRtLXlQLURKTE1kLW8wc3FoR0dEMTFCRDdMbXRSbGxxa3Q0b2hCNWRYRVI0SEhDVTZtZ2RrNS01bkxFcm5JOGp1cTlmako0R2hWd2RDNWlYUi1yUm5jc1cxQmgtVVFlOW5CSVNMckdiNnpLY09aRTJiOTdnRHdWZGZxbDNXVXRFcUZvZzg3dkVadGpoYUE0LThGcjVvMFhNVXFwUXBNODZWNTJ6N3VsTTFvREcwODNqQQ?oc=5
ENDURANCE,Endurance Technologies Limited,Endurance Technologies Ltd. is Rated Hold - Markets Mojo,"<a href=""https://news.google.com/rss/articles/CBMipAFBVV95cUxPSmIyTzh3bHVuRXdEbzh2SXRRaHU5SmY1MG1WakZuTmlBNl9QR1lDOVU0bjVNOFplX2t3Z2ZOVXBkbDA4amg4Y3ZPeUFPU1Bic1Bsb0RJc2dMc2NVYXYyY08tdEdzWHY3eXhOcUhJMVlXSnF4QkdwQ21tUHpHRlBoQ3NDUWhtSkpUS1UtOFozSFpFcGl2VHQtbE5DdjNOOTk3WUUtXw?oc=5"" target=""_blank"">Endurance Technologies Ltd. is Rated Hold</a>&nbsp;&nbsp;<font color=""#6f6f6f"">Markets Mojo</font>",2026-02-14 05:13:37,Markets Mojo,https://news.google.com/rss/articles/CBMipAFBVV95cUxPSmIyTzh3bHVuRXdEbzh2SXRRaHU5SmY1MG1WakZuTmlBNl9QR1lDOVU0bjVNOFplX2t3Z2ZOVXBkbDA4amg4Y3ZPeUFPU1Bic1Bsb0RJc2dMc2NVYXYyY08tdEdzWHY3eXhOcUhJMVlXSnF4QkdwQ21tUHpHRlBoQ3NDUWhtSkpUS1UtOFozSFpFcGl2VHQtbE5DdjNOOTk3WUUtXw?oc=5
ENDURANCE,Endurance Technologies Limited,Here's Why Endurance Technologies (NSE:ENDURANCE) Has Caught The Eye Of Investors - simplywall.st,"<a href=""https://news.google.com/rss/articles/CBMi6AFBVV95cUxPc1V0UEY2ZGlfLXVwcjNFZU9PQkdES2V4RHRIRDlWejBReHNYMUd0aWhvbU5qeXZ3SmhZUmNodjcxaUYwSXJjWGJuZjlfMTZ0SFpNZVJScHZlTTFYeGNxQ3p3bURjQkRmWHV3Tm42U0N1S2hMUW5LeDJFWjd4Tmo4eTdIR3hYMGxnNlZNMl9mNlBna3hoR3dhVnFUVFhwblZ3WHIzUmdjSGFlWXRUdDRWMDdmaGltSmg1YndPUV9hYVZoYjM2UG5UUC1yYzlXaUtFc3pjdVZnRDJTMExyVi0zb05JM24zTVY40gHuAUFVX3lxTE4wSy1ETkJDOWpjYjk2WldNSXpGQWhSUU0weER4QXZ3UW9JZ1lLR0cxV1RmTkU0THRhMWpuajQzQ2VxVGtkVGdNbXhLMHJoenlKaWlhbkNGUUdqQWV6bUZ1TFc4X1VWZDdGNG16VXNFUnh6a3VZMFVNMy1IdkhnaHFiV0FFa1lZVXdseVdLT01LUTFPU0hLbUpabnZnQ2s0aGJXakNnQmxqZEhHcEM2YmtRLUxDQTNLSlR5VWpqSmhSNnJ4NlZjQ2hnMUdUdlNid2FKTFVmNmRGaHJablVfeXB5VmNyeUk3QjIzcFFoOXc?oc=5"" target=""_blank"">Here's Why Endurance Technologies (NSE:ENDURANCE) Has Caught The Eye Of Investors</a>&nbsp;&nbsp;<font color=""#6f6f6f"">simplywall.st</font>",2026-02-12 08:00:00,simplywall.st,https://news.google.com/rss/articles/CBMi6AFBVV95cUxPc1V0UEY2ZGlfLXVwcjNFZU9PQkdES2V4RHRIRDlWejBReHNYMUd0aWhvbU5qeXZ3SmhZUmNodjcxaUYwSXJjWGJuZjlfMTZ0SFpNZVJScHZlTTFYeGNxQ3p3bURjQkRmWHV3Tm42U0N1S2hMUW5LeDJFWjd4Tmo4eTdIR3hYMGxnNlZNMl9mNlBna3hoR3dhVnFUVFhwblZ3WHIzUmdjSGFlWXRUdDRWMDdmaGltSmg1YndPUV9hYVZoYjM2UG5UUC1yYzlXaUtFc3pjdVZnRDJTMExyVi0zb05JM24zTVY40gHuAUFVX3lxTE4wSy1ETkJDOWpjYjk2WldNSXpGQWhSUU0weER4QXZ3UW9JZ1lLR0cxV1RmTkU0THRhMWpuajQzQ2VxVGtkVGdNbXhLMHJoenlKaWlhbkNGUUdqQWV6bUZ1TFc4X1VWZDdGNG16VXNFUnh6a3VZMFVNMy1IdkhnaHFiV0FFa1lZVXdseVdLT01LUTFPU0hLbUpabnZnQ2s0aGJXakNnQmxqZEhHcEM2YmtRLUxDQTNLSlR5VWpqSmhSNnJ4NlZjQ2hnMUdUdlNid2FKTFVmNmRGaHJablVfeXB5VmNyeUk3QjIzcFFoOXc?oc=5
ENDURANCE,Endurance Technologies Limited,Endurance Technologies Reports Insider Share Purchase by Designated Person - scanx.trade,"<a href=""https://news.google.com/rss/articles/CBMixwFBVV95cUxOOVdwTW1RX0hYTUpfX1VzZE1qRnB1Vk5Jc0FUSmVQLTVJYUxUT0xFaXh5V18zYzNTbkM4ZlNHOFR5TENfanVKZEVDVGFvT01xRnBJSkNoWWdVeW9yTXZEMUY0eUFIcTFKa1hPZFlEeUhNVUM3MWtGZDBVazdjYzlXa0FydGtEMFE5SW9kNHM3My0xelVzQjB3NzlnZzBXWUljTmIyblZlZllfWUZyaXBYY2hJeS03a0c2N21Gd0Y2YnZ1dFVMTVdn?oc=5"" target=""_blank"">Endurance Technologies Reports Insider Share Purchase by Designated Person</a>&nbsp;&nbsp;<font color=""#6f6f6f"">scanx.trade</font>",2025-12-31 08:00:00,scanx.trade,https://news.google.com/rss/articles/CBMixwFBVV95cUxOOVdwTW1RX0hYTUpfX1VzZE1qRnB1Vk5Jc0FUSmVQLTVJYUxUT0xFaXh5V18zYzNTbkM4ZlNHOFR5TENfanVKZEVDVGFvT01xRnBJSkNoWWdVeW9yTXZEMUY0eUFIcTFKa1hPZFlEeUhNVUM3MWtGZDBVazdjYzlXa0FydGtEMFE5SW9kNHM3My0xelVzQjB3NzlnZzBXWUljTmIyblZlZllfWUZyaXBYY2hJeS03a0c2N21Gd0Y2YnZ1dFVMTVdn?oc=5
ENDURANCE,Endurance Technologies Limited,Endurance Technologies Ltd. is Rated Hold - Markets Mojo,"<a href=""https://news.google.com/rss/articles/CBMipAFBVV95cUxPMWJUaHhtSm55enVXSmZOQmROY1VLeEZfTlhIUDJMSmZJOGNXWXBnRExkSmxDQ3A2dmZNWGs5M2N6UWlzdk1DcTliREdzYmlBVmdYS3ZpbXdPRV9pei1lbWQyRjl6V3ZDU3RDV3hTbUVudUV3RmRMU1Fjc2ZIRkF0WGxsLVFKYnRzSnlvaW5HME1lY2JUX3pRVTRlRXBwM2JMMGE5WA?oc=5"" target=""_blank"">Endurance Technologies Ltd. is Rated Hold</a>&nbsp;&nbsp;<font color=""#6f6f6f"">Markets Mojo</font>",2026-02-25 05:19:56,Markets Mojo,https://news.google.com/rss/articles/CBMipAFBVV95cUxPMWJUaHhtSm55enVXSmZOQmROY1VLeEZfTlhIUDJMSmZJOGNXWXBnRExkSmxDQ3A2dmZNWGs5M2N6UWlzdk1DcTliREdzYmlBVmdYS3ZpbXdPRV9pei1lbWQyRjl6V3ZDU3RDV3hTbUVudUV3RmRMU1Fjc2ZIRkF0WGxsLVFKYnRzSnlvaW5HME1lY2JUX3pRVTRlRXBwM2JMMGE5WA?oc=5
ENDURANCE,Endurance Technologies Limited,Endurance Technologies Limited's (NSE:ENDURANCE) Stock Has Shown Weakness Lately But Financial Prospects Look Decent: Is The Market Wrong? - simplywall.st,"<a href=""https://news.google.com/rss/articles/CBMi6wFBVV95cUxNSUpDV2FVTGQzQmZGazM3ZjdjTFJMMnp6OXphd2N2VkxUMmctSnlDczhXRk5jMlJXMXpIV0FJVVJ2bnVrQ1hhRW95eWxpMEptZDNnMGhGR2wtVTBna0dEcjdRRXNPaUNKZ3pTbWE5VV9DN0Z4YUhLU1JsOGJDMUs2dzZNczB0aWk1cURyV2VNZm1pQW53WXI4MXVaNTExLW53Szl4VVk5Umw4WjZhUnZWbkNHOXdDWGNHd0piSjdqOV9nNjdST0ZxZnVqelNqTTZRSUZXUWwzOGNXQnJiei1iVzk2djl6aU4wbTdr0gHwAUFVX3lxTE9KcHRxVFVLaHN4NThOczg4TDV6V01wZDVYMEo3a0hZTnVVckJsLXQxYW5HVHVLNm0wT3NsbUtCVnhlYVdWZXJybkpkMTRCbnhXQTkyOUhFTDBWeEZnMXh2dGJ5WGVSX25TTUx0YUttRGdUSkJkVERsWkpHUy1VZWs3cjN6QTdXTXFOYll4bUlkMXh0eEJDdF9SSHNPckwzaWM2XzNZVGJ5VmV5My1jMFp5LWFtQlZuaFpIa0F1NWJ3bVpMV1pQclJxRkJqaUdTdVBQamJ3TGtQYmRBZXhHcUE5cUFDd0RPNmx6WlQ0YVJBRA?oc=5"" target=""_blank"">Endurance Technologies Limited's (NSE:ENDURANCE) Stock Has Shown Weakness Lately But Financial Prospects Look Decent: Is The Market Wrong?</a>&nbsp;&nbsp;<font color=""#6f6f6f"">simplywall.st</font>",2026-01-06 08:00:00,simplywall.st,https://news.google.com/rss/articles/CBMi6wFBVV95cUxNSUpDV2FVTGQzQmZGazM3ZjdjTFJMMnp6OXphd2N2VkxUMmctSnlDczhXRk5jMlJXMXpIV0FJVVJ2bnVrQ1hhRW95eWxpMEptZDNnMGhGR2wtVTBna0dEcjdRRXNPaUNKZ3pTbWE5VV9DN0Z4YUhLU1JsOGJDMUs2dzZNczB0aWk1cURyV2VNZm1pQW53WXI4MXVaNTExLW53Szl4VVk5Umw4WjZhUnZWbkNHOXdDWGNHd0piSjdqOV9nNjdST0ZxZnVqelNqTTZRSUZXUWwzOGNXQnJiei1iVzk2djl6aU4wbTdr0gHwAUFVX3lxTE9KcHRxVFVLaHN4NThOczg4TDV6V01wZDVYMEo3a0hZTnVVckJsLXQxYW5HVHVLNm0wT3NsbUtCVnhlYVdWZXJybkpkMTRCbnhXQTkyOUhFTDBWeEZnMXh2dGJ5WGVSX25TTUx0YUttRGdUSkJkVERsWkpHUy1VZWs3cjN6QTdXTXFOYll4bUlkMXh0eEJDdF9SSHNPckwzaWM2XzNZVGJ5VmV5My1jMFp5LWFtQlZuaFpIa0F1NWJ3bVpMV1pQclJxRkJqaUdTdVBQamJ3TGtQYmRBZXhHcUE5cUFDd0RPNmx6WlQ0YVJBRA?oc=5
ENDURANCE,Endurance Technologies Limited,Endurance Technologies Promoter Group Executes Inter Se Shareholders' Agreement - scanx.trade,"<a href=""https://news.google.com/rss/articles/CBMizAFBVV95cUxPclNyYnJ5ZnRuZkw3cWRnSFh4elZZelBiM1B6RnNSZWR1clBNUlk4Rm5oN3ljZnlBMXp3cnN4TTdGTHlQV0NQdTlNcjdTYnZtUTRSYWpLN0YwUVhvTmJwbDBwYXo4MU9qSk9xSlhodXFOb2NUNkx3SkhrTkNRUTEtRVRpU0ZvWTA1TFZzSUF6MzRBdHIwU05IZDBWYS1DWmdiQ1RyekJqcWR3NUFIQkVFdnFGMl83NGQwX2d4a2JBZjNCYk9RVDB2VDE3VFI?oc=5"" target=""_blank"">Endurance Technologies Promoter Group Executes Inter Se Shareholders' Agreement</a>&nbsp;&nbsp;<font color=""#6f6f6f"">scanx.trade</font>",2026-02-11 08:00:00,scanx.trade,https://news.google.com/rss/articles/CBMizAFBVV95cUxPclNyYnJ5ZnRuZkw3cWRnSFh4elZZelBiM1B6RnNSZWR1clBNUlk4Rm5oN3ljZnlBMXp3cnN4TTdGTHlQV0NQdTlNcjdTYnZtUTRSYWpLN0YwUVhvTmJwbDBwYXo4MU9qSk9xSlhodXFOb2NUNkx3SkhrTkNRUTEtRVRpU0ZvWTA1TFZzSUF6MzRBdHIwU05IZDBWYS1DWmdiQ1RyekJqcWR3NUFIQkVFdnFGMl83NGQwX2d4a2JBZjNCYk9RVDB2VDE3VFI?oc=5
ENDURANCE,Endurance Technologies Limited,"Endurance Technologies Ltd. Hits Day Low at Rs 2,693 Amid Price Pressure - Markets Mojo","<a href=""https://news.google.com/rss/articles/CBMixwFBVV95cUxPRjVOXzczUy1jZWI2RGxIU1dudHluWlpwalhSaDJwbGhIcm1yaEZUSUtRS2h3Y2t6bWl4U0RRMDA5YkdaWEE2cXg4MVp2MmYwakd3TEFRV0JwZU9oNUZDZFJ6YTFtdWppUFYyUnJyOWs2MUNNQWZzUUFkbGMtLUMwQXY1bVpkd2dfZ2hDc2N0QlhPTVdrRzdnNVdubTgyQ2lfVXZRZUw3VmJoVTcySElseFJTXzZXZ1YtNnhpdDRQdjZRYS1LQ0Uw?oc=5"" target=""_blank"">Endurance Technologies Ltd. Hits Day Low at Rs 2,693 Amid Price Pressure</a>&nbsp;&nbsp;<font color=""#6f6f6f"">Markets Mojo</font>",2025-11-13 05:32:34,Markets Mojo,https://news.google.com/rss/articles/CBMixwFBVV95cUxPRjVOXzczUy1jZWI2RGxIU1dudHluWlpwalhSaDJwbGhIcm1yaEZUSUtRS2h3Y2t6bWl4U0RRMDA5YkdaWEE2cXg4MVp2MmYwakd3TEFRV0JwZU9oNUZDZFJ6YTFtdWppUFYyUnJyOWs2MUNNQWZzUUFkbGMtLUMwQXY1bVpkd2dfZ2hDc2N0QlhPTVdrRzdnNVdubTgyQ2lfVXZRZUw3VmJoVTcySElseFJTXzZXZ1YtNnhpdDRQdjZRYS1LQ0Uw?oc=5
ENDURANCE,Endurance Technologies Limited,Endurance Technologies Limited Beat Revenue Forecasts By 5.2%: Here's What Analysts Are Forecasting Next - simplywall.st,"<a href=""https://news.google.com/rss/articles/CBMi5wFBVV95cUxQRDRnLW9YWW9PdVNKZkt4c05LdDQzbEw0eWxkLUtWRmlOcUE1aVEzdzBtd1FhQXJLSlFETVdTSkVlMUZMbmJGczVnMVhyZ0pFb0NzbGVvSmlTWkR1NVF4TUFBMHNuZXg2TFRUOUJzeUE5LUNpbDZ0Mm13dVJxVXJlMjF3QTZ0NkpGTEtDZWdJNGhoNFhMbjVlYlhLU3ZVWHlTSUZqaWVLTTJsTUdzTTBZbk5YQkZZS2hQYXVDZ2dtQ2l5MjQ0LVZvMWZXNDFqdEl2R1RoNUZ1MVpGNm4yYWYzRHptUFNIaUE?oc=5"" target=""_blank"">Endurance Technologies Limited Beat Revenue Forecasts By 5.2%: Here's What Analysts Are Forecasting Next</a>&nbsp;&nbsp;<font color=""#6f6f6f"">simplywall.st</font>",2025-08-16 07:00:00,simplywall.st,https://news.google.com/rss/articles/CBMi5wFBVV95cUxQRDRnLW9YWW9PdVNKZkt4c05LdDQzbEw0eWxkLUtWRmlOcUE1aVEzdzBtd1FhQXJLSlFETVdTSkVlMUZMbmJGczVnMVhyZ0pFb0NzbGVvSmlTWkR1NVF4TUFBMHNuZXg2TFRUOUJzeUE5LUNpbDZ0Mm13dVJxVXJlMjF3QTZ0NkpGTEtDZWdJNGhoNFhMbjVlYlhLU3ZVWHlTSUZqaWVLTTJsTUdzTTBZbk5YQkZZS2hQYXVDZ2dtQ2l5MjQ0LVZvMWZXNDFqdEl2R1RoNUZ1MVpGNm4yYWYzRHptUFNIaUE?oc=5
ENDURANCE,Endurance Technologies Limited,Endurance Technologies Ltd. Hits Intraday High with 5.06% Surge on 24 Feb 2026 - Markets Mojo,"<a href=""https://news.google.com/rss/articles/CBMizgFBVV95cUxNa2tpU2dGbXRhODNCQXlqMzROTUZpdk83NXZnWEltZDBTUHJpX1AyQjZsOFRBLUJaYlhJS0hfOXNVVU03MUtSVFZtTUpNTnlhQV91cV9uNmNjV01Ma2JxUEd1QnVvOWNWTkRRRFZYeGZNRHhwUEZEeXFfdU14N0RVWkhZUHFxcVRrNGVZa2NyOXFOTmh3RHZSQmc2MG1udHZObVpJclJOblF3ZGd4N1lKeXNOMlBHQVpTeWJFWFBpSmc2VkUyZzhUai13Y3U3QQ?oc=5"" target=""_blank"">Endurance Technologies Ltd. Hits Intraday High with 5.06% Surge on 24 Feb 2026</a>&nbsp;&nbsp;<font color=""#6f6f6f"">Markets Mojo</font>",2026-02-24 09:41:26,Markets Mojo,https://news.google.com/rss/articles/CBMizgFBVV95cUxNa2tpU2dGbXRhODNCQXlqMzROTUZpdk83NXZnWEltZDBTUHJpX1AyQjZsOFRBLUJaYlhJS0hfOXNVVU03MUtSVFZtTUpNTnlhQV91cV9uNmNjV01Ma2JxUEd1QnVvOWNWTkRRRFZYeGZNRHhwUEZEeXFfdU14N0RVWkhZUHFxcVRrNGVZa2NyOXFOTmh3RHZSQmc2MG1udHZObVpJclJOblF3ZGd4N1lKeXNOMlBHQVpTeWJFWFBpSmc2VkUyZzhUai13Y3U3QQ?oc=5
ENDURANCE,Endurance Technologies Limited,Does Endurance Technologies (NSE:ENDURANCE) Have A Healthy Balance Sheet? - simplywall.st,"<a href=""https://news.google.com/rss/articles/CBMi6wFBVV95cUxQblNJRjF1bkxZbFJtVnJQcnRtMEI1Rm1GYm1scEZmUDVjWEk0S0RnZUJHekx6X2lkN0JjVm54RnpQdnh3VTZCUHVQaWVrcTBRQ2Rkamp5QjhvUVY3V2RyLW5MSTEwNmRaN280RU0zNmtiTVpEX1VmdzN3ZU5JUHFadHdDelZMX194MWVaRURQcURwZVYtcjNxODdrWnliV1J6amRYRmw4UnVIZF9tamlOVU5ZdzR5cFlhOUs1TWI4ZFFKZ05ueVl4WVBJUFFXeTFBWUhYSUc3YzV0OFZUeGMwSXF5eG9nMDZWekt30gHwAUFVX3lxTE52WXVmOHpueFV5RXc4Vk51al9wWDlpeVBpVjdacFJPbmRyS1p4cGdnM0xXZWpBZGZrcjVFLUwya1FEYWpxTHFNWGpaQ0hzNU5fZmZ0TGdtNkFxbmZYaFEyTnBHNWRfNWJVZ3F5U1FLM1Qta1ZaRkRVQmRhcFFhaWpjZlF3TzFObFp3VTRRNU9VS2lCLWJNQWNkdDlmSnhqR1lkMHJVN2NPS1BrZnVvSTd5b3JnRkQzeWl3UUNwN2FMVHd5QUtRNHN0aHgwd2w3dGIxdDhZODNUM1JCYzBpa2ZjOUIwN2dkczgtQ0lXOFEtcg?oc=5"" target=""_blank"">Does Endurance Technologies (NSE:ENDURANCE) Have A Healthy Balance Sheet?</a>&nbsp;&nbsp;<font color=""#6f6f6f"">simplywall.st</font>",2025-11-26 08:00:00,simplywall.st,https://news.google.com/rss/articles/CBMi6wFBVV95cUxQblNJRjF1bkxZbFJtVnJQcnRtMEI1Rm1GYm1scEZmUDVjWEk0S0RnZUJHekx6X2lkN0JjVm54RnpQdnh3VTZCUHVQaWVrcTBRQ2Rkamp5QjhvUVY3V2RyLW5MSTEwNmRaN280RU0zNmtiTVpEX1VmdzN3ZU5JUHFadHdDelZMX194MWVaRURQcURwZVYtcjNxODdrWnliV1J6amRYRmw4UnVIZF9tamlOVU5ZdzR5cFlhOUs1TWI4ZFFKZ05ueVl4WVBJUFFXeTFBWUhYSUc3YzV0OFZUeGMwSXF5eG9nMDZWekt30gHwAUFVX3lxTE52WXVmOHpueFV5RXc4Vk51al9wWDlpeVBpVjdacFJPbmRyS1p4cGdnM0xXZWpBZGZrcjVFLUwya1FEYWpxTHFNWGpaQ0hzNU5fZmZ0TGdtNkFxbmZYaFEyTnBHNWRfNWJVZ3F5U1FLM1Qta1ZaRkRVQmRhcFFhaWpjZlF3TzFObFp3VTRRNU9VS2lCLWJNQWNkdDlmSnhqR1lkMHJVN2NPS1BrZnVvSTd5b3JnRkQzeWl3UUNwN2FMVHd5QUtRNHN0aHgwd2w3dGIxdDhZODNUM1JCYzBpa2ZjOUIwN2dkczgtQ0lXOFEtcg?oc=5
ENDURANCE,Endurance Technologies Limited,Endurance Technologies Ltd. Hits Intraday High with 5.31% Surge on 23 Feb 2026 - Markets Mojo,"<a href=""https://news.google.com/rss/articles/CBMizgFBVV95cUxONTFOa0dsTjVJelBCSDNZdHhzQzF2aXctaUMtd0U0ZXcxOXdTa24tSHpFN3NPbFc0NHNtdUFHRHREeHFKWlVBYWRQcHhHQm1HX0hjZmY0ZXRqQUY4cHZJQTZkUzU2QWJWZ05rRWk0ZWhjV3N5X0lQN01FVDloRHlmV0tCLW84VjlIVVJLSzRCSTUtdmdYY3RFa3JyMjB1T3VvVFBBSkV1SFRsLVNCNllpcFNmdGUxVzNxR1ZfSC1QYXhYeUVTNk5BMGhsc0phZw?oc=5"" target=""_blank"">Endurance Technologies Ltd. Hits Intraday High with 5.31% Surge on 23 Feb 2026</a>&nbsp;&nbsp;<font color=""#6f6f6f"">Markets Mojo</font>",2026-02-23 11:59:59,Markets Mojo,https://news.google.com/rss/articles/CBMizgFBVV95cUxONTFOa0dsTjVJelBCSDNZdHhzQzF2aXctaUMtd0U0ZXcxOXdTa24tSHpFN3NPbFc0NHNtdUFHRHREeHFKWlVBYWRQcHhHQm1HX0hjZmY0ZXRqQUY4cHZJQTZkUzU2QWJWZ05rRWk0ZWhjV3N5X0lQN01FVDloRHlmV0tCLW84VjlIVVJLSzRCSTUtdmdYY3RFa3JyMjB1T3VvVFBBSkV1SFRsLVNCNllpcFNmdGUxVzNxR1ZfSC1QYXhYeUVTNk5BMGhsc0phZw?oc=5
ENDURANCE,Endurance Technologies Limited,It Looks Like Shareholders Would Probably Approve Endurance Technologies Limited's (NSE:ENDURANCE) CEO Compensation Package - simplywall.st,"<a href=""https://news.google.com/rss/articles/CBMi5wFBVV95cUxOVGhhUXJlS3pON2syOWhIbzN4VUZtRkdMbTRPWGVYLWRHR2RCODB4WnpqX2FuVkRaMWFOOGFGanhTRFhEZGdLVDJpQmdIQ3lnS2tTZVFuUnhvbWhUekhYYlp5bVR1LTdiT0w0NHJ6eGlpb3NsRk1EMDJZYVJNbGR5TEdEanRwQXJzWHlCQ2MxYWpBZVJGZkhJeG9XdTVLT2JYc21zaUtLd3dlR0NiSVlXa2VqQXZDbVZINEFRaWxDNnJrYW1tUjJjcE1DMzM2bGt6aURGbXJFWWplejdNbXNWR1NBUXg4eEnSAewBQVVfeXFMT3pHOXZjZFEyRTN4NEdnUVBtWHFDT0lXTjh6VkVEazFVcWdObEhYUk5xYjBkNHlHdUdrQzI1T2ZYdHpCNXdIcjZWTlpSQVVLc1lfMEMtOENYVWRUWW9NQUxkeUhMN3AwZG1tUzRELXVncC15RnZtb001QndVR0FOR3J5MUJpRUM1T2VhMkViOTVkTm9kNlRlUXRpczB1Z1JkbkFUZXh2Mk9iUV9hNGwtQ0pXdTZna3ZlcjZsSDh0cHJkeWh3RW1LWUFXQ0E0cjlYRVZ6Z1ZDS2ZTQ0dvcW1rbWxPcjNCcWtjeDlrMWI?oc=5"" target=""_blank"">It Looks Like Shareholders Would Probably Approve Endurance Technologies Limited's (NSE:ENDURANCE) CEO Compensation Package</a>&nbsp;&nbsp;<font color=""#6f6f6f"">simplywall.st</font>",2025-08-07 07:00:00,simplywall.st,https://news.google.com/rss/articles/CBMi5wFBVV95cUxOVGhhUXJlS3pON2syOWhIbzN4VUZtRkdMbTRPWGVYLWRHR2RCODB4WnpqX2FuVkRaMWFOOGFGanhTRFhEZGdLVDJpQmdIQ3lnS2tTZVFuUnhvbWhUekhYYlp5bVR1LTdiT0w0NHJ6eGlpb3NsRk1EMDJZYVJNbGR5TEdEanRwQXJzWHlCQ2MxYWpBZVJGZkhJeG9XdTVLT2JYc21zaUtLd3dlR0NiSVlXa2VqQXZDbVZINEFRaWxDNnJrYW1tUjJjcE1DMzM2bGt6aURGbXJFWWplejdNbXNWR1NBUXg4eEnSAewBQVVfeXFMT3pHOXZjZFEyRTN4NEdnUVBtWHFDT0lXTjh6VkVEazFVcWdObEhYUk5xYjBkNHlHdUdrQzI1T2ZYdHpCNXdIcjZWTlpSQVVLc1lfMEMtOENYVWRUWW9NQUxkeUhMN3AwZG1tUzRELXVncC15RnZtb001QndVR0FOR3J5MUJpRUM1T2VhMkViOTVkTm9kNlRlUXRpczB1Z1JkbkFUZXh2Mk9iUV9hNGwtQ0pXdTZna3ZlcjZsSDh0cHJkeWh3RW1LWUFXQ0E0cjlYRVZ6Z1ZDS2ZTQ0dvcW1rbWxPcjNCcWtjeDlrMWI?oc=5
ENDURANCE,Endurance Technologies Limited,Endurance Technologies Ltd: Valuation Shifts Signal Caution Amid Strong Returns - Markets Mojo,"<a href=""https://news.google.com/rss/articles/CBMi0gFBVV95cUxNWHpfd3RzUlFfRzZJbEJFbDROTUoyOFBQYnY1MFhGNEUtSWlFWEg0ZmtjaXFFWjJGbHlFQWhjeGVOT1BmeENQdW8tdUJOenJuMjhIV0taa2dObnhRWWRSS0VmNEVuMnlBS1FOMWtHM3RvYm95UXI0R0JGY1pyeDEyRjZ2RC1LZlN4RmNuOWM3eVhDUi1LZ3NjTzRSdVZoYVRBc292SlNfRjBYZXlxeDE1RTl6bnplaDJmQjAxYU1XWmFCbHZRaHE0S21kWFNkazRXbkE?oc=5"" target=""_blank"">Endurance Technologies Ltd: Valuation Shifts Signal Caution Amid Strong Returns</a>&nbsp;&nbsp;<font color=""#6f6f6f"">Markets Mojo</font>",2026-02-12 03:02:18,Markets Mojo,https://news.google.com/rss/articles/CBMi0gFBVV95cUxNWHpfd3RzUlFfRzZJbEJFbDROTUoyOFBQYnY1MFhGNEUtSWlFWEg0ZmtjaXFFWjJGbHlFQWhjeGVOT1BmeENQdW8tdUJOenJuMjhIV0taa2dObnhRWWRSS0VmNEVuMnlBS1FOMWtHM3RvYm95UXI0R0JGY1pyeDEyRjZ2RC1LZlN4RmNuOWM3eVhDUi1LZ3NjTzRSdVZoYVRBc292SlNfRjBYZXlxeDE1RTl6bnplaDJmQjAxYU1XWmFCbHZRaHE0S21kWFNkazRXbkE?oc=5
ENDURANCE,Endurance Technologies Limited,Endurance Technologies Q3 FY26: Strong Revenue Growth Masks Margin Pressure - Markets Mojo,"<a href=""https://news.google.com/rss/articles/CBMiywFBVV95cUxNSmI2NnNmWkR1ekExczItbzU3enlUNEZYNFl2SUZUQTNXeDRzY29NM3AxVmVGaHZHOVJGNVdBZC0yeDNTMlo5ci1SNDhmWWJzSlc5UHlxR2JKS2dMVjBxZVRyRjl2eGFqbURteUQ0V1p3b1RBTzl3THpiYlNFRUp3QTFGNVRWTUZiTWN1WmxoVkJiMTFnOTVBTDY0R0FCaEpzZi1XUWwyR19DWEc4ZFZPa0IxTDFrYkFRcGhqVGEwVGpHNTEwOEZqTkltcw?oc=5"" target=""_blank"">Endurance Technologies Q3 FY26: Strong Revenue Growth Masks Margin Pressure</a>&nbsp;&nbsp;<font color=""#6f6f6f"">Markets Mojo</font>",2026-02-13 08:41:48,Markets Mojo,https://news.google.com/rss/articles/CBMiywFBVV95cUxNSmI2NnNmWkR1ekExczItbzU3enlUNEZYNFl2SUZUQTNXeDRzY29NM3AxVmVGaHZHOVJGNVdBZC0yeDNTMlo5ci1SNDhmWWJzSlc5UHlxR2JKS2dMVjBxZVRyRjl2eGFqbURteUQ0V1p3b1RBTzl3THpiYlNFRUp3QTFGNVRWTUZiTWN1WmxoVkJiMTFnOTVBTDY0R0FCaEpzZi1XUWwyR19DWEc4ZFZPa0IxTDFrYkFRcGhqVGEwVGpHNTEwOEZqTkltcw?oc=5
ENDURANCE,Endurance Technologies Limited,Endurance Technologies Ltd. Opens Strong with Significant Gap Up on 3 Feb 2026 - Markets Mojo,"<a href=""https://news.google.com/rss/articles/CBMi0AFBVV95cUxQNmhaWUFvaEh3ODV5czVrVEtzaUdEUkNKcW55Z1ZPUFMtakxHcGFUNG95UkVwbXpyNnFheTV2Yld1UFJKUjhuLW5nenFpSFlYb3c5ZVhHMWp5YzJ2cS1FOFdfNjZKblVuUFpkZzdkTGpkVFo3WGpLb1o1VTNnMG9GcTRyOWlkdTBYV1NWRUNfUFZvNHJ4WTZRT1I4VFQ2Qlgtc21TVk9VUklQeng3eHBILXRhS0pRbjYydEhHdzQwMGd4Mlh5TlFkd3o5cWxkaHVk?oc=5"" target=""_blank"">Endurance Technologies Ltd. Opens Strong with Significant Gap Up on 3 Feb 2026</a>&nbsp;&nbsp;<font color=""#6f6f6f"">Markets Mojo</font>",2026-02-03 08:00:00,Markets Mojo,https://news.google.com/rss/articles/CBMi0AFBVV95cUxQNmhaWUFvaEh3ODV5czVrVEtzaUdEUkNKcW55Z1ZPUFMtakxHcGFUNG95UkVwbXpyNnFheTV2Yld1UFJKUjhuLW5nenFpSFlYb3c5ZVhHMWp5YzJ2cS1FOFdfNjZKblVuUFpkZzdkTGpkVFo3WGpLb1o1VTNnMG9GcTRyOWlkdTBYV1NWRUNfUFZvNHJ4WTZRT1I4VFQ2Qlgtc21TVk9VUklQeng3eHBILXRhS0pRbjYydEhHdzQwMGd4Mlh5TlFkd3o5cWxkaHVk?oc=5
ENDURANCE,Endurance Technologies Limited,Endurance Technologies Ltd. is Rated Hold - Markets Mojo,"<a href=""https://news.google.com/rss/articles/CBMipAFBVV95cUxQX3FWcXlSemkwUGROWEdpTmg3R2EtN0RWMmdPV244SWg4US1Za3dUdFY2bjFBSnE4TFNyU0ZxbzlVQ0IwcE96NWlRMlRnTnVLSUk5WTBMSGpzZjh4QjRnZE1BbVRhVnlESzA5ODFZUXVVcGE4ZXBCTE9odk1aNzNCejNHSWZkUnlWdEFBWTlJelBLOXpRMEd2cFo4OG53UWtWbHVtRA?oc=5"" target=""_blank"">Endurance Technologies Ltd. is Rated Hold</a>&nbsp;&nbsp;<font color=""#6f6f6f"">Markets Mojo</font>",2026-02-03 05:53:57,Markets Mojo,https://news.google.com/rss/articles/CBMipAFBVV95cUxQX3FWcXlSemkwUGROWEdpTmg3R2EtN0RWMmdPV244SWg4US1Za3dUdFY2bjFBSnE4TFNyU0ZxbzlVQ0IwcE96NWlRMlRnTnVLSUk5WTBMSGpzZjh4QjRnZE1BbVRhVnlESzA5ODFZUXVVcGE4ZXBCTE9odk1aNzNCejNHSWZkUnlWdEFBWTlJelBLOXpRMEd2cFo4OG53UWtWbHVtRA?oc=5
ENDURANCE,Endurance Technologies Limited,"Endurance Technologies Reports 22.6% Revenue Growth in Q2 FY26, Expands EV-Ready Component Capacity - scanx.trade","<a href=""https://news.google.com/rss/articles/CBMi6AFBVV95cUxQSmxLTk9NTUtIRzdvSHQ4YlNhN3ZjXzBCRERhUWhBdjg2SmI1U1RtckVvZ19RUzFFeXVlZl9QaUZTZUdXeXVDNzdMaTFYNFF4SC14NUMxMDE5MlF4QUtmdUo0cGt6c1F5c2R0RU5PckxzdGpJRk4tbGdXNzdfQVlKYkZIWEg5RVN2S3VTUW5DNmRlRUN4cUNZa29vZVY5Q0JJbXVMZlNEcGp0ZTZWTWFFbXg5TVBXVmM1LVJsSnVISXZiUTlsSTc1VjBWcnFld1N5SXJkTFNfUld3dlY2OXpIOU9pZnBxcUw5?oc=5"" target=""_blank"">Endurance Technologies Reports 22.6% Revenue Growth in Q2 FY26, Expands EV-Ready Component Capacity</a>&nbsp;&nbsp;<font color=""#6f6f6f"">scanx.trade</font>",2025-11-12 08:00:00,scanx.trade,https://news.google.com/rss/articles/CBMi6AFBVV95cUxQSmxLTk9NTUtIRzdvSHQ4YlNhN3ZjXzBCRERhUWhBdjg2SmI1U1RtckVvZ19RUzFFeXVlZl9QaUZTZUdXeXVDNzdMaTFYNFF4SC14NUMxMDE5MlF4QUtmdUo0cGt6c1F5c2R0RU5PckxzdGpJRk4tbGdXNzdfQVlKYkZIWEg5RVN2S3VTUW5DNmRlRUN4cUNZa29vZVY5Q0JJbXVMZlNEcGp0ZTZWTWFFbXg5TVBXVmM1LVJsSnVISXZiUTlsSTc1VjBWcnFld1N5SXJkTFNfUld3dlY2OXpIOU9pZnBxcUw5?oc=5
ENDURANCE,Endurance Technologies Limited,Endurance Technologies Reports 20% Growth in Consolidated Income for Half Year - scanx.trade,"<a href=""https://news.google.com/rss/articles/CBMixAFBVV95cUxNblJjM0hnR0UwRTFWRzVGb01Kb3hUNjUtR1BUSV9rRktfTEpPVjdGdllsd3FVYUtOSHFJc1Nnb0NhVlBfWkhCUjI0TFBIQVE3RVdDa1JQWUN5UVhUNjBiLTRWYW9zZW5lTlJfNjdYZk80Zy1iNFZFMi1lWFlJQ2pCM1JwcXlKWk0tamVJRGQtMTJjZUt1R2x3WHd6RFdlWWVRZHZmX2kyZ2hJSjZpU1Rxbm5qSlVELUpCWi1IcEpOSzE1YUFj?oc=5"" target=""_blank"">Endurance Technologies Reports 20% Growth in Consolidated Income for Half Year</a>&nbsp;&nbsp;<font color=""#6f6f6f"">scanx.trade</font>",2025-11-12 08:00:00,scanx.trade,https://news.google.com/rss/articles/CBMixAFBVV95cUxNblJjM0hnR0UwRTFWRzVGb01Kb3hUNjUtR1BUSV9rRktfTEpPVjdGdllsd3FVYUtOSHFJc1Nnb0NhVlBfWkhCUjI0TFBIQVE3RVdDa1JQWUN5UVhUNjBiLTRWYW9zZW5lTlJfNjdYZk80Zy1iNFZFMi1lWFlJQ2pCM1JwcXlKWk0tamVJRGQtMTJjZUt1R2x3WHd6RFdlWWVRZHZmX2kyZ2hJSjZpU1Rxbm5qSlVELUpCWi1IcEpOSzE1YUFj?oc=5
ENDURANCE,Endurance Technologies Limited,Endurance Technologies Q2 FY26: Strong Revenue Growth Masks Margin Pressure - Markets Mojo,"<a href=""https://news.google.com/rss/articles/CBMiywFBVV95cUxPN3N3ZnE4dlhyUmZWUXJJeTFieEw4TVY3TjJaV2pNR083VEhfbldwM2NMZEROMl8ycVRsVXFYSUhMWkVQUmhreDNfOHNVRXNQZm5KVVI4VFhieUhZTklaQTZ5RG5WQmNka0ltTDFfV0ZuOExCTmdxVjFOVlVCMEdNaE52OWMzVWdmU0V0bXZxVFRNRFNEUFg5X3hFWjVDQUpkRHBJNzVhOHVJMVBycTlRSlowVENVQ0VybUhfQ2lEQi1rc1ljQnI0VlhyTQ?oc=5"" target=""_blank"">Endurance Technologies Q2 FY26: Strong Revenue Growth Masks Margin Pressure</a>&nbsp;&nbsp;<font color=""#6f6f6f"">Markets Mojo</font>",2025-11-18 13:13:59,Markets Mojo,https://news.google.com/rss/articles/CBMiywFBVV95cUxPN3N3ZnE4dlhyUmZWUXJJeTFieEw4TVY3TjJaV2pNR083VEhfbldwM2NMZEROMl8ycVRsVXFYSUhMWkVQUmhreDNfOHNVRXNQZm5KVVI4VFhieUhZTklaQTZ5RG5WQmNka0ltTDFfV0ZuOExCTmdxVjFOVlVCMEdNaE52OWMzVWdmU0V0bXZxVFRNRFNEUFg5X3hFWjVDQUpkRHBJNzVhOHVJMVBycTlRSlowVENVQ0VybUhfQ2lEQi1rc1ljQnI0VlhyTQ?oc=5
ENDURANCE,Endurance Technologies Limited,"Endurance Tech Q2 profit grows 9.5%; eyes expansion into EV, lithium-ion segments - CNBC TV18","<a href=""https://news.google.com/rss/articles/CBMi2gFBVV95cUxQOUw0WENJUjA2SEhHZC1lNkx1cVJoeVF6cHR4c1VQUkQzUHNkQW5UeWx1anRDTjVaZmt5WDgyaHhXNXo1NHNta0RWbW95VkFsdlRnMnM5ZWVDcjVITzFLakw3VklEZVhUcFU4ajRjb0k0Rmx2TDF5dnV5ZFpNOTlVOUdGcjJOU0NydkdBU1ZXWXNPM1dxTmtqRHE1VlV3RjhoaXNmZ1B2Tk9VZXJfc3dnS1ZCaGc5ZE9uVUViQWpOSnpOMDN3RmhiNDY5eGxBdkVSanBNdklpdXdSd9IB3wFBVV95cUxOUkxHdWViZURfbmtLVWJnQ3lRWUhaNE5pUFVzNWpoRkdrOFozQm1PdHo1NTk4SDlpMDZuZjJfYWRTVkF5WEZYeWdNSWRUcHhBYlJrMmRUUWM4eXJpWGJzYWJwcjFrWUVwakVFZFB3RUJDaUNienM1clRJZjZtUEJjQzFKR3ZtUVE3Y0UzeWZOTU1Vem5vQnlFUjVMVTdrSGFkUzNZeEhSdExLeWk1ek1COE9qMFFyN0NJMjZVSVc5ZUVEdVVpekI3RGQ3TXJmczlTOWQ0QmVVMlM5Rmc5OF9z?oc=5"" target=""_blank"">Endurance Tech Q2 profit grows 9.5%; eyes expansion into EV, lithium-ion segments</a>&nbsp;&nbsp;<font color=""#6f6f6f"">CNBC TV18</font>",2025-11-12 08:00:00,CNBC TV18,https://news.google.com/rss/articles/CBMi2gFBVV95cUxQOUw0WENJUjA2SEhHZC1lNkx1cVJoeVF6cHR4c1VQUkQzUHNkQW5UeWx1anRDTjVaZmt5WDgyaHhXNXo1NHNta0RWbW95VkFsdlRnMnM5ZWVDcjVITzFLakw3VklEZVhUcFU4ajRjb0k0Rmx2TDF5dnV5ZFpNOTlVOUdGcjJOU0NydkdBU1ZXWXNPM1dxTmtqRHE1VlV3RjhoaXNmZ1B2Tk9VZXJfc3dnS1ZCaGc5ZE9uVUViQWpOSnpOMDN3RmhiNDY5eGxBdkVSanBNdklpdXdSd9IB3wFBVV95cUxOUkxHdWViZURfbmtLVWJnQ3lRWUhaNE5pUFVzNWpoRkdrOFozQm1PdHo1NTk4SDlpMDZuZjJfYWRTVkF5WEZYeWdNSWRUcHhBYlJrMmRUUWM4eXJpWGJzYWJwcjFrWUVwakVFZFB3RUJDaUNienM1clRJZjZtUEJjQzFKR3ZtUVE3Y0UzeWZOTU1Vem5vQnlFUjVMVTdrSGFkUzNZeEhSdExLeWk1ek1COE9qMFFyN0NJMjZVSVc5ZUVEdVVpekI3RGQ3TXJmczlTOWQ0QmVVMlM5Rmc5OF9z?oc=5
ENDURANCE,Endurance Technologies Limited,Endurance Technologies Reports Cyber Security Issue But No Significant Effect On Operations - scanx.trade,"<a href=""https://news.google.com/rss/articles/CBMi4wFBVV95cUxQUzhQOFdPSlNCakFCUThTWkJXQjhWREdpOGpfNm5tV2ltU1otbU43UFZoQzVKWEZGd1g5dkw5My1ZX0Vwd1FSdWxJYTg2d2tUd0RJV05RQVBUaFV4Nk53Ym9acjhYbzdhYmhpQmYyTFZqMWI5TjlFQndoUW9RQlAtRFZXN2JfcTVTX0VxQTA1dkd6R0tFcll4d0IzT0N2OVFZWjhuRlljWnc1SEUxcFRKN3VqYkFjdGRNQm1mWWZxd0xQc0NRVlZ0UjhiRlpLUlQ5cTA0TDJreV9LUk1WcXRGd3F1dw?oc=5"" target=""_blank"">Endurance Technologies Reports Cyber Security Issue But No Significant Effect On Operations</a>&nbsp;&nbsp;<font color=""#6f6f6f"">scanx.trade</font>",2025-12-23 08:00:00,scanx.trade,https://news.google.com/rss/articles/CBMi4wFBVV95cUxQUzhQOFdPSlNCakFCUThTWkJXQjhWREdpOGpfNm5tV2ltU1otbU43UFZoQzVKWEZGd1g5dkw5My1ZX0Vwd1FSdWxJYTg2d2tUd0RJV05RQVBUaFV4Nk53Ym9acjhYbzdhYmhpQmYyTFZqMWI5TjlFQndoUW9RQlAtRFZXN2JfcTVTX0VxQTA1dkd6R0tFcll4d0IzT0N2OVFZWjhuRlljWnc1SEUxcFRKN3VqYkFjdGRNQm1mWWZxd0xQc0NRVlZ0UjhiRlpLUlQ5cTA0TDJreV9LUk1WcXRGd3F1dw?oc=5
ENDURANCE,Endurance Technologies Limited,Endurance Technologies Ltd. Faces Bearish Technical Momentum Amid Mixed Returns - Markets Mojo,"<a href=""https://news.google.com/rss/articles/CBMi0gFBVV95cUxQU2pIRHpOQ1BzNTMxZ3dRSFlfX2hyX0E5aXgtRG9YQXgxX092N29tbGt2WnlOc18zM2tiQXRFaWFWRjBsNjlkbHdnUDl0ZnBwSnVXYnFnaklQT0RlbGlHX3VSbjlUSndKWFZQUmVZRTRhV2pYTnVJVjIzWW84cktnb0RFNjhOWjgxQzZvWFFjekUzMlJ6WU1tbWlvSkZJZTJ2QWZSWjZiRWgyQVZGVHJRdGJiLVRDRUhrQWhURXhQUExMYnFnN25La1pDUjk1UzVQSUE?oc=5"" target=""_blank"">Endurance Technologies Ltd. Faces Bearish Technical Momentum Amid Mixed Returns</a>&nbsp;&nbsp;<font color=""#6f6f6f"">Markets Mojo</font>",2026-02-03 08:00:00,Markets Mojo,https://news.google.com/rss/articles/CBMi0gFBVV95cUxQU2pIRHpOQ1BzNTMxZ3dRSFlfX2hyX0E5aXgtRG9YQXgxX092N29tbGt2WnlOc18zM2tiQXRFaWFWRjBsNjlkbHdnUDl0ZnBwSnVXYnFnaklQT0RlbGlHX3VSbjlUSndKWFZQUmVZRTRhV2pYTnVJVjIzWW84cktnb0RFNjhOWjgxQzZvWFFjekUzMlJ6WU1tbWlvSkZJZTJ2QWZSWjZiRWgyQVZGVHJRdGJiLVRDRUhrQWhURXhQUExMYnFnN25La1pDUjk1UzVQSUE?oc=5
ENDURANCE,Endurance Technologies Limited,"Endurance Tech clarifies on 'Rs 4,000 crore' TN investment report; stock slips 2% - Business Today","<a href=""https://news.google.com/rss/articles/CBMi3AFBVV95cUxOdk5WQU5TSUNTeTZfSHlHQzFlbE10eHVIaUx3NnBsbE1DZlFXeV8xS194VHZQMzRYOXRJdHJjMnp3QTFnUUZjR01ubFNhai1xU29senpGUFRvV1hhb01fakgxTjZqNWhFaHduWTVuYy1vSi1iVTBXaEI1cXFaWEY0RlB0dmJwLTZaTEQ3d2xZTlR0Z0s0VHdmU21Cel9NeFRsVVVncUNGTWxIWXM1RE95LXNNSkxRVHFFZ21aaHJ2bk8xYTNyN2djTUw5b0YzQnNoX24zWXE0MGxVbDd40gHiAUFVX3lxTE8xZDdBdExNM1BzNEdHaEU2ZGFxR2stYXlSUU9BbjlPQV9xTVl1WHZLRG9VR0ZCTDY2SUZaaUhZSkR6dTFvSFBrWFQwTG1RT055MlNkdTAzTGEwcGJjY3gwOW5DTFZSdnhIcFFaYS1tSVIwQzlOZUEyb2U4WW9rYkx2Z3FnTzluSzFoVGVyN0RoZ2tCU1VFbVI1RksxSTh0eTQyNHVFZ1V4VmpxY2FYSTBMQldYaWhhcU1aWmtqVnh3ZFV3Z05XYjQ2aDBZaXdxZjlhZEk0QU1Nek1wajFNYmRTQ1E?oc=5"" target=""_blank"">Endurance Tech clarifies on 'Rs 4,000 crore' TN investment report; stock slips 2%</a>&nbsp;&nbsp;<font color=""#6f6f6f"">Business Today</font>",2025-09-12 07:00:00,Business Today,https://news.google.com/rss/articles/CBMi3AFBVV95cUxOdk5WQU5TSUNTeTZfSHlHQzFlbE10eHVIaUx3NnBsbE1DZlFXeV8xS194VHZQMzRYOXRJdHJjMnp3QTFnUUZjR01ubFNhai1xU29senpGUFRvV1hhb01fakgxTjZqNWhFaHduWTVuYy1vSi1iVTBXaEI1cXFaWEY0RlB0dmJwLTZaTEQ3d2xZTlR0Z0s0VHdmU21Cel9NeFRsVVVncUNGTWxIWXM1RE95LXNNSkxRVHFFZ21aaHJ2bk8xYTNyN2djTUw5b0YzQnNoX24zWXE0MGxVbDd40gHiAUFVX3lxTE8xZDdBdExNM1BzNEdHaEU2ZGFxR2stYXlSUU9BbjlPQV9xTVl1WHZLRG9VR0ZCTDY2SUZaaUhZSkR6dTFvSFBrWFQwTG1RT055MlNkdTAzTGEwcGJjY3gwOW5DTFZSdnhIcFFaYS1tSVIwQzlOZUEyb2U4WW9rYkx2Z3FnTzluSzFoVGVyN0RoZ2tCU1VFbVI1RksxSTh0eTQyNHVFZ1V4VmpxY2FYSTBMQldYaWhhcU1aWmtqVnh3ZFV3Z05XYjQ2aDBZaXdxZjlhZEk0QU1Nek1wajFNYmRTQ1E?oc=5
ENDURANCE,Endurance Technologies Limited,The Return Trends At Endurance Technologies (NSE:ENDURANCE) Look Promising - simplywall.st,"<a href=""https://news.google.com/rss/articles/CBMi6AFBVV95cUxNc0x0UTBMbjhKWE4wckR6elZmdXJVbElfel9GaklUNS1tbUoxMnhCM2ZRZTNPblBuM050S21IazRELWc5a0RKLV8zWGF2NGlMcjNKRmxLLWE2NVRGazVhdG13aFRJZUljbWNHbmUwRENYYUZqdHRuOUxPc2luSVc4Mnp1bTBGdlBqSnV4YUl2Rm5RcEI0anUtNjlaTjQxUU53bjhqOERqV1hNYkVIZmFwN0lhOC04SFd1c0pTbEItdm10M1RXYWZyOFc4bWhjMVZoMFQ4Z0F1dUZ4UWR6WFhGQTRoWU9DU2VV0gHuAUFVX3lxTE52SnpKNUd1ZzBaNWwwOG44SFNPNS05VjcyOXhfbldDRlZPVktOQXNfWF9lcnFDMnpKMjhMZ3o3R2dzUURrZDRRU1F3dllxVU9mNko1QU1NbWI5aElLRjBONDZSQ3BOY3hXMWVpeF90cFM5NmtzY3VKa1VHODZmbDdzaVdRTzdJTFhyb042T0RjSTNPOWhzbzdaTTVqcnBNYWx2b0N4UVMzSEVhV3pMWnhFcGVPTnQ4LVU3V3FKSFJBaFdOS2NibjhPdC14bVVKV0RIakNRdnlac3UwZmFvVkNvOXBad3gyVGlHNjhDRmc?oc=5"" target=""_blank"">The Return Trends At Endurance Technologies (NSE:ENDURANCE) Look Promising</a>&nbsp;&nbsp;<font color=""#6f6f6f"">simplywall.st</font>",2025-12-16 08:00:00,simplywall.st,https://news.google.com/rss/articles/CBMi6AFBVV95cUxNc0x0UTBMbjhKWE4wckR6elZmdXJVbElfel9GaklUNS1tbUoxMnhCM2ZRZTNPblBuM050S21IazRELWc5a0RKLV8zWGF2NGlMcjNKRmxLLWE2NVRGazVhdG13aFRJZUljbWNHbmUwRENYYUZqdHRuOUxPc2luSVc4Mnp1bTBGdlBqSnV4YUl2Rm5RcEI0anUtNjlaTjQxUU53bjhqOERqV1hNYkVIZmFwN0lhOC04SFd1c0pTbEItdm10M1RXYWZyOFc4bWhjMVZoMFQ4Z0F1dUZ4UWR6WFhGQTRoWU9DU2VV0gHuAUFVX3lxTE52SnpKNUd1ZzBaNWwwOG44SFNPNS05VjcyOXhfbldDRlZPVktOQXNfWF9lcnFDMnpKMjhMZ3o3R2dzUURrZDRRU1F3dllxVU9mNko1QU1NbWI5aElLRjBONDZSQ3BOY3hXMWVpeF90cFM5NmtzY3VKa1VHODZmbDdzaVdRTzdJTFhyb042T0RjSTNPOWhzbzdaTTVqcnBNYWx2b0N4UVMzSEVhV3pMWnhFcGVPTnQ4LVU3V3FKSFJBaFdOS2NibjhPdC14bVVKV0RIakNRdnlac3UwZmFvVkNvOXBad3gyVGlHNjhDRmc?oc=5
ENDURANCE,Endurance Technologies Limited,Endurance Technologies Ltd. Upgraded to Buy on Improved Valuation and Financial Strength - Markets Mojo,"<a href=""https://news.google.com/rss/articles/CBMi4wFBVV95cUxORThLMmx5ZW42VnYyN25HaDJGOEZpUERWOWN4NnBIZnFienRFNEt0ZVVqWUdZeW9TTW9ocUNRclJFeW92SmJUSHdTckVpZWJaQUItS0RHUnBESzNBVlZaYkttV1o2NExxRmJjSEFtNFdKSktQaURXdFZ5emw4dndYY2UzRi1KNkpnUWNaanoyejAwdXdlOWI3V2xZUFRoRXJSX1JXVTFZY0pQNDRDVVQ0TngwZFRGQkp0WmE3bmJLNkFxb1hSQVpJOWJmek8xVXVwR0VJTkh1WWt5X0tOcGVCdno3dw?oc=5"" target=""_blank"">Endurance Technologies Ltd. Upgraded to Buy on Improved Valuation and Financial Strength</a>&nbsp;&nbsp;<font color=""#6f6f6f"">Markets Mojo</font>",2026-01-02 08:00:00,Markets Mojo,https://news.google.com/rss/articles/CBMi4wFBVV95cUxORThLMmx5ZW42VnYyN25HaDJGOEZpUERWOWN4NnBIZnFienRFNEt0ZVVqWUdZeW9TTW9ocUNRclJFeW92SmJUSHdTckVpZWJaQUItS0RHUnBESzNBVlZaYkttV1o2NExxRmJjSEFtNFdKSktQaURXdFZ5emw4dndYY2UzRi1KNkpnUWNaanoyejAwdXdlOWI3V2xZUFRoRXJSX1JXVTFZY0pQNDRDVVQ0TngwZFRGQkp0WmE3bmJLNkFxb1hSQVpJOWJmek8xVXVwR0VJTkh1WWt5X0tOcGVCdno3dw?oc=5
ENDURANCE,Endurance Technologies Limited,Endurance Technologies Ltd: Valuation Shifts Signal Renewed Price Attractiveness - Markets Mojo,"<a href=""https://news.google.com/rss/articles/CBMi0wFBVV95cUxQazRjMXV2TUdtZ2pyVHNiOWFUcy0yY3RQM3FRNkhzcDJtRWYweTdhaWJyaEdMX3dRVmxSRFJmdHRWT1VvMDRRMy1vcE10d3BsdWMwZ1M4OGVXSFpjV1c4RU4zVGN5MEdLT1U1T3J0akJzOHQ0aEY5cWhJeDd6VXQ4R0U5MDd6WWEzR3FtbjRTRGRxbmMteG1wRk9xaFhSSHNWcW52eUVQdEl5cHVNczQ5Skd0NTgzdFhjVnF2SkNnZUR5Z0E4WklNOGotb1pHUEMzZmpF?oc=5"" target=""_blank"">Endurance Technologies Ltd: Valuation Shifts Signal Renewed Price Attractiveness</a>&nbsp;&nbsp;<font color=""#6f6f6f"">Markets Mojo</font>",2026-01-02 08:00:00,Markets Mojo,https://news.google.com/rss/articles/CBMi0wFBVV95cUxQazRjMXV2TUdtZ2pyVHNiOWFUcy0yY3RQM3FRNkhzcDJtRWYweTdhaWJyaEdMX3dRVmxSRFJmdHRWT1VvMDRRMy1vcE10d3BsdWMwZ1M4OGVXSFpjV1c4RU4zVGN5MEdLT1U1T3J0akJzOHQ0aEY5cWhJeDd6VXQ4R0U5MDd6WWEzR3FtbjRTRGRxbmMteG1wRk9xaFhSSHNWcW52eUVQdEl5cHVNczQ5Skd0NTgzdFhjVnF2SkNnZUR5Z0E4WklNOGotb1pHUEMzZmpF?oc=5
ENDURANCE,Endurance Technologies Limited,Endurance Technologies Sees Shift in Market Assessment Amid Valuation and Financial Trends - Markets Mojo,"<a href=""https://news.google.com/rss/articles/CBMi2wFBVV95cUxQQUVsMC1XVDJSNTBoUHhuVU5DeGVRanVQZG1BcXp0amFFYmFRUU8tVFlLWm9KRzlJZEZIUEJsendfVnA2dWs2SkVRS1hJRjRBWGNvdXAyZHI5V18zWlF3NW83Um9nVS12SkVyU3JoeVNLU2h6ekhRMlJzZzZrbHBxQWt3bEdRWk10dGxvZThQaGN1emJTLTVMV29YU0ZSZHJJUHlWODRKMXdFalg4dzRfZE9VdWF0SWMycEF5WHZFNkZ6NWZMcWZwNjdyVHpDdFNta3ZpWkhQTGtISUk?oc=5"" target=""_blank"">Endurance Technologies Sees Shift in Market Assessment Amid Valuation and Financial Trends</a>&nbsp;&nbsp;<font color=""#6f6f6f"">Markets Mojo</font>",2025-12-12 03:01:42,Markets Mojo,https://news.google.com/rss/articles/CBMi2wFBVV95cUxQQUVsMC1XVDJSNTBoUHhuVU5DeGVRanVQZG1BcXp0amFFYmFRUU8tVFlLWm9KRzlJZEZIUEJsendfVnA2dWs2SkVRS1hJRjRBWGNvdXAyZHI5V18zWlF3NW83Um9nVS12SkVyU3JoeVNLU2h6ekhRMlJzZzZrbHBxQWt3bEdRWk10dGxvZThQaGN1emJTLTVMV29YU0ZSZHJJUHlWODRKMXdFalg4dzRfZE9VdWF0SWMycEF5WHZFNkZ6NWZMcWZwNjdyVHpDdFNta3ZpWkhQTGtISUk?oc=5
ENDURANCE,Endurance Technologies Limited,Endurance Technologies Sees Rs. 21.01 Crore Block Trade on NSE - scanx.trade,"<a href=""https://news.google.com/rss/articles/CBMivgFBVV95cUxPems2MDNFZ3A1X09xQTBCWDVyVU4zT2FmR1NJQkdkdXVVNFFnSGZWTzZwd0ZXWF8wWjdTQ1pnV3A2YmVpQXdWUlhOeTFETnR6eHBxS2x5VXg5bVBBSGVLVHpCSXNKb1JhZWE1TlZOOVpkTlBKcEJSS0h6MWdTQWlZTGxkN292d2xOczFOUWtBTUVqMEJMNjcxak92TkUwQzROUFlFNE5nTktKaVhCZm93cElQRnkxcVR0Yk5vcld3?oc=5"" target=""_blank"">Endurance Technologies Sees Rs. 21.01 Crore Block Trade on NSE</a>&nbsp;&nbsp;<font color=""#6f6f6f"">scanx.trade</font>",2025-09-05 07:00:00,scanx.trade,https://news.google.com/rss/articles/CBMivgFBVV95cUxPems2MDNFZ3A1X09xQTBCWDVyVU4zT2FmR1NJQkdkdXVVNFFnSGZWTzZwd0ZXWF8wWjdTQ1pnV3A2YmVpQXdWUlhOeTFETnR6eHBxS2x5VXg5bVBBSGVLVHpCSXNKb1JhZWE1TlZOOVpkTlBKcEJSS0h6MWdTQWlZTGxkN292d2xOczFOUWtBTUVqMEJMNjcxak92TkUwQzROUFlFNE5nTktKaVhCZm93cElQRnkxcVR0Yk5vcld3?oc=5
ENDURANCE,Endurance Technologies Limited,"Endurance Technologies Reports 22.6% Revenue Growth in Q2 FY26, EBITDA Up 21.9% - scanx.trade","<a href=""https://news.google.com/rss/articles/CBMizAFBVV95cUxOVmIyUlR2WUJtOEJDUFVqUEhTdFdGY2VvWGhDNkF0cmx6Z3dXMlJVOWFLbmE4LXFxMjZIUV8tUlhUNlJ0aGpuTWFCRG83UWVhZ1FwWTFhSS1kSVpjVGs3LVNMTDZkbnRvNlNHMXVFTFF6bVBQa3BQRE16S3pndm1uWjNsVy0zaWgxZjM5UC1fWTE0T3NmYnplU2lmRFl2UDV1dDlIVXJzZDV3YjBGVDVsUFBlUXBZYUZ1TVRGWXNDZW9vMGt3R1BKajVjTng?oc=5"" target=""_blank"">Endurance Technologies Reports 22.6% Revenue Growth in Q2 FY26, EBITDA Up 21.9%</a>&nbsp;&nbsp;<font color=""#6f6f6f"">scanx.trade</font>",2025-11-12 08:00:00,scanx.trade,https://news.google.com/rss/articles/CBMizAFBVV95cUxOVmIyUlR2WUJtOEJDUFVqUEhTdFdGY2VvWGhDNkF0cmx6Z3dXMlJVOWFLbmE4LXFxMjZIUV8tUlhUNlJ0aGpuTWFCRG83UWVhZ1FwWTFhSS1kSVpjVGs3LVNMTDZkbnRvNlNHMXVFTFF6bVBQa3BQRE16S3pndm1uWjNsVy0zaWgxZjM5UC1fWTE0T3NmYnplU2lmRFl2UDV1dDlIVXJzZDV3YjBGVDVsUFBlUXBZYUZ1TVRGWXNDZW9vMGt3R1BKajVjTng?oc=5
ENDURANCE,Endurance Technologies Limited,Brake systems manufacturer Endurance Tech to invest ₹136 crore for capacity expansion - CNBC TV18,"<a href=""https://news.google.com/rss/articles/CBMi-wFBVV95cUxPRGpUOExpekhTNldPNENLTDlNWnNoMjZCZkd3b0NpZEJkVUxtTThjY09UaDZzX0dieFN6NnMybFF3WVNCYUVfaDg0NGxnckpCZXJmWUdpRExyZHJoWTl0VGhNelYzU2FELTlrak1saFd4RjdEZ296MTlwTDBhQnpkeG9CeWIxaGFWN3kyaDlyVXRtVnJPVFdJeVVlTnktbEhOclNyMXhtRFVLVW9RVkhPQk5vVDYySFFSS0FqMXNiaWdLeGdkMG1SQmFvMDN0VUV6RzB3UDR4UGEwdnQ4NzZWLWdfaDZwcDR1Yjhzd2ZQeHpvcmFTSHJCa1BnQdIBgAJBVV95cUxNbkg4VnVDNDhXOGRzUWdsTGJjX19ucVI3Q3BWSDcyaGhiWXFmRFozVlZCd1luSDkwY25zbW1NbnBtSDdpSHh1bXZBdzVMUGN3bHdHcFVSZWhPLUZPRWY4R1BUYVJRR2NJVnh5V2M2Tng5NnJXRHR4LUwzWFRfRFpiQVQ1dGJqUmJvMENhQzZYRVhXZ2Rqb2hOVWJBWkVkVW9pdjlyMXpMNU5oaWdBdUJEd21HOXRvMHB0bUxEcG1xa1JyZ1FqeXN3dUhibHB3RE1lZXVjZGtxdks3blpoYm4zLWhGZVBEa211YW9UdVhJcUx4TEZmQ3RYdkNkaGlVZXVh?oc=5"" target=""_blank"">Brake systems manufacturer Endurance Tech to invest ₹136 crore for capacity expansion</a>&nbsp;&nbsp;<font color=""#6f6f6f"">CNBC TV18</font>",2025-08-19 07:00:00,CNBC TV18,https://news.google.com/rss/articles/CBMi-wFBVV95cUxPRGpUOExpekhTNldPNENLTDlNWnNoMjZCZkd3b0NpZEJkVUxtTThjY09UaDZzX0dieFN6NnMybFF3WVNCYUVfaDg0NGxnckpCZXJmWUdpRExyZHJoWTl0VGhNelYzU2FELTlrak1saFd4RjdEZ296MTlwTDBhQnpkeG9CeWIxaGFWN3kyaDlyVXRtVnJPVFdJeVVlTnktbEhOclNyMXhtRFVLVW9RVkhPQk5vVDYySFFSS0FqMXNiaWdLeGdkMG1SQmFvMDN0VUV6RzB3UDR4UGEwdnQ4NzZWLWdfaDZwcDR1Yjhzd2ZQeHpvcmFTSHJCa1BnQdIBgAJBVV95cUxNbkg4VnVDNDhXOGRzUWdsTGJjX19ucVI3Q3BWSDcyaGhiWXFmRFozVlZCd1luSDkwY25zbW1NbnBtSDdpSHh1bXZBdzVMUGN3bHdHcFVSZWhPLUZPRWY4R1BUYVJRR2NJVnh5V2M2Tng5NnJXRHR4LUwzWFRfRFpiQVQ1dGJqUmJvMENhQzZYRVhXZ2Rqb2hOVWJBWkVkVW9pdjlyMXpMNU5oaWdBdUJEd21HOXRvMHB0bUxEcG1xa1JyZ1FqeXN3dUhibHB3RE1lZXVjZGtxdks3blpoYm4zLWhGZVBEa211YW9UdVhJcUx4TEZmQ3RYdkNkaGlVZXVh?oc=5
ENDURANCE,Endurance Technologies Limited,"Endurance Technologies Ltd. Forms Death Cross, Signalling Potential Bearish Trend - Markets Mojo","<a href=""https://news.google.com/rss/articles/CBMi0wFBVV95cUxOTnY1dEN5Tm90YjE2QndaWVotNU1sSXlsdWRzR3VLT0tSZldnYzJmU1RCX2taVlNMb3hrbFJZdzVnMEh2V1YtcjlGQ0FtNzRsZktJT29NaXlYaE9BdVlITDRkZmY0Y0xJdVNVdFJPVlRNVklOcVcyWjY2ZEZsZmJUNTlmT24xTzFCWGxqTmFxcGlkd015RkRKMkVSbTQ4dE5Bc1lfLWQ5Qy1mNWJISlZDOGt0ekkyd1FkSWV3T1ZTaWlXSl9hNW1SWDdTWFNYa1UwaHlv?oc=5"" target=""_blank"">Endurance Technologies Ltd. Forms Death Cross, Signalling Potential Bearish Trend</a>&nbsp;&nbsp;<font color=""#6f6f6f"">Markets Mojo</font>",2026-01-29 12:44:54,Markets Mojo,https://news.google.com/rss/articles/CBMi0wFBVV95cUxOTnY1dEN5Tm90YjE2QndaWVotNU1sSXlsdWRzR3VLT0tSZldnYzJmU1RCX2taVlNMb3hrbFJZdzVnMEh2V1YtcjlGQ0FtNzRsZktJT29NaXlYaE9BdVlITDRkZmY0Y0xJdVNVdFJPVlRNVklOcVcyWjY2ZEZsZmJUNTlmT24xTzFCWGxqTmFxcGlkd015RkRKMkVSbTQ4dE5Bc1lfLWQ5Qy1mNWJISlZDOGt0ekkyd1FkSWV3T1ZTaWlXSl9hNW1SWDdTWFNYa1UwaHlv?oc=5
ENDURANCE,Endurance Technologies Limited,Endurance Technologies Downgraded to Hold Amid Mixed Technical and Valuation Signals - Markets Mojo,"<a href=""https://news.google.com/rss/articles/CBMi3wFBVV95cUxQa2NaOWNseXNZQlhsMVFaWTQ2aFJoclAtZkpOS2g5UlhTdm1nTTZpTXBxeVdSSFYyMjhidmhuMXFyNHk2N1dVeVRmWWp6R3hadjl5SndLZ213MERSRjkwajF5SUJqcmdCSmtNd2gwWVlkSmtQVGF6R0tYd3hVZExObm9jYnRad01PV2VUa0F6aDQ0RmRuS2RubXNha3Q5aTh1SU0xR3YzVS1vUDNPVElvM3lPN1dXbDFFd3VzMThJU25fZnJORGR6UnJjbDdORXJEQlVqX3Y3eTZVZEZJNGRN?oc=5"" target=""_blank"">Endurance Technologies Downgraded to Hold Amid Mixed Technical and Valuation Signals</a>&nbsp;&nbsp;<font color=""#6f6f6f"">Markets Mojo</font>",2026-01-23 02:56:58,Markets Mojo,https://news.google.com/rss/articles/CBMi3wFBVV95cUxQa2NaOWNseXNZQlhsMVFaWTQ2aFJoclAtZkpOS2g5UlhTdm1nTTZpTXBxeVdSSFYyMjhidmhuMXFyNHk2N1dVeVRmWWp6R3hadjl5SndLZ213MERSRjkwajF5SUJqcmdCSmtNd2gwWVlkSmtQVGF6R0tYd3hVZExObm9jYnRad01PV2VUa0F6aDQ0RmRuS2RubXNha3Q5aTh1SU0xR3YzVS1vUDNPVElvM3lPN1dXbDFFd3VzMThJU25fZnJORGR6UnJjbDdORXJEQlVqX3Y3eTZVZEZJNGRN?oc=5
ENDURANCE,Endurance Technologies Limited,Endurance Tech to invest ₹136 Crore in ABS expansion - India Infoline,"<a href=""https://news.google.com/rss/articles/CBMimwFBVV95cUxQWDVRbXFPZzhvOWdia3Zad3l5b05TbVg5d3dRYWRCdHp5V2xrVnhHRURpODcyNF9HS1pqNDQtbDNiMUNnRlNjYjZtLXlnWnpQVkVRWDYtbWZsQTJXa2lkMmViMHhKZ3UyZW1lbHJLLThtbXZjbW5pS1h6QzRkUzFCNmtXUmlRdDNoc0hoendYV3VKU0VYNk51NHdEcw?oc=5"" target=""_blank"">Endurance Tech to invest ₹136 Crore in ABS expansion</a>&nbsp;&nbsp;<font color=""#6f6f6f"">India Infoline</font>",2025-08-21 07:00:00,India Infoline,https://news.google.com/rss/articles/CBMimwFBVV95cUxQWDVRbXFPZzhvOWdia3Zad3l5b05TbVg5d3dRYWRCdHp5V2xrVnhHRURpODcyNF9HS1pqNDQtbDNiMUNnRlNjYjZtLXlnWnpQVkVRWDYtbWZsQTJXa2lkMmViMHhKZ3UyZW1lbHJLLThtbXZjbW5pS1h6QzRkUzFCNmtXUmlRdDNoc0hoendYV3VKU0VYNk51NHdEcw?oc=5
ENDURANCE,Endurance Technologies Limited,Endurance Technologies Receives Enhanced Industrial Promotion Subsidy of ₹858.29 Crore - scanx.trade,"<a href=""https://news.google.com/rss/articles/CBMi1gFBVV95cUxQbzNReEUwSktlSVI5YnlzYU1ROHY4ZzRvc1Z1SGpjSmRNa01YNUZleHBkMmFhZXdLd1NtTGdib0E0V0xBdGNYdGVidzQ5dWJTRERDX0JMYlFqY2M2dTJrSlBETHBMUkdGZDliUVRvZVZOWkxENzI2VnhGRkZxWXBIcENCQ2hXeTUtOTA2Z3R6Mzl4a2RHNVFKRjZyUmIzZzRYSVpEb0pSSmp0SU1LY3M2WFFQRHk0RnRCSHlWeVBpbFM1Q0pVbzJyd1k3RUNwWGtKaWJTSkV3?oc=5"" target=""_blank"">Endurance Technologies Receives Enhanced Industrial Promotion Subsidy of ₹858.29 Crore</a>&nbsp;&nbsp;<font color=""#6f6f6f"">scanx.trade</font>",2026-01-13 08:00:00,scanx.trade,https://news.google.com/rss/articles/CBMi1gFBVV95cUxQbzNReEUwSktlSVI5YnlzYU1ROHY4ZzRvc1Z1SGpjSmRNa01YNUZleHBkMmFhZXdLd1NtTGdib0E0V0xBdGNYdGVidzQ5dWJTRERDX0JMYlFqY2M2dTJrSlBETHBMUkdGZDliUVRvZVZOWkxENzI2VnhGRkZxWXBIcENCQ2hXeTUtOTA2Z3R6Mzl4a2RHNVFKRjZyUmIzZzRYSVpEb0pSSmp0SU1LY3M2WFFQRHk0RnRCSHlWeVBpbFM1Q0pVbzJyd1k3RUNwWGtKaWJTSkV3?oc=5
ENDURANCE,Endurance Technologies Limited,Endurance Technologies Q1 net profit up 11% to ₹226 crore on higher revenue; margins hold steady - CNBC TV18,"<a href=""https://news.google.com/rss/articles/CBMi2AFBVV95cUxPS2R1TXZZZUdWeWs2SUZCQk5yU0g4TTNtVTV4a1R1Rm1EdUZWYnRJbzE5Rl9Udm1XVjhFUjNxbm1TMFBvWlhId29YTGZ6OXB4czVsYWdPSUJZUTFlcE9GN3hqSWZOekZHbTdzNnpRZ05UZk1Vb3JRUmU2OHljUlhmYUFxdEhFZHh4eWdPSk8wYWJnYmF4MWZtQ2s1bFp2WXVURV9WdGFuOFlKSmRLWC1wa0x2Y3dSQnRzX05zcUxHcjZ0dVduTWQ1OUVjRnlGdnMxMkxWRHhXUVXSAd4BQVVfeXFMTlJ5STlEa1RqV2tERTgxQ3FOTFNTRGotUWFoTDNiNXJkRl9sUHdHYXpzMHpzZzhETnU1NHRiSmoyVW1hczZ2UEl6UXJ6aEowNmxUd1RiLWU5ZFFMRkZlTWtLZ3J4bXN5V1FmZWFLTUhMVzFOQ2N1NEpObkZFMXpvX1RBRzZ2bnI1TTltYTRSSWoyT1dIM1QxZGFBS1pjbDdUYTV0bG4xWjlEdkJycHFCTXlQeDRfRGktQzZycDEwSEJMWmdraDFZYWJUVXh4VXRrbWkxek4wdzZaRjhjUnd3?oc=5"" target=""_blank"">Endurance Technologies Q1 net profit up 11% to ₹226 crore on higher revenue; margins hold steady</a>&nbsp;&nbsp;<font color=""#6f6f6f"">CNBC TV18</font>",2025-08-13 07:00:00,CNBC TV18,https://news.google.com/rss/articles/CBMi2AFBVV95cUxPS2R1TXZZZUdWeWs2SUZCQk5yU0g4TTNtVTV4a1R1Rm1EdUZWYnRJbzE5Rl9Udm1XVjhFUjNxbm1TMFBvWlhId29YTGZ6OXB4czVsYWdPSUJZUTFlcE9GN3hqSWZOekZHbTdzNnpRZ05UZk1Vb3JRUmU2OHljUlhmYUFxdEhFZHh4eWdPSk8wYWJnYmF4MWZtQ2s1bFp2WXVURV9WdGFuOFlKSmRLWC1wa0x2Y3dSQnRzX05zcUxHcjZ0dVduTWQ1OUVjRnlGdnMxMkxWRHhXUVXSAd4BQVVfeXFMTlJ5STlEa1RqV2tERTgxQ3FOTFNTRGotUWFoTDNiNXJkRl9sUHdHYXpzMHpzZzhETnU1NHRiSmoyVW1hczZ2UEl6UXJ6aEowNmxUd1RiLWU5ZFFMRkZlTWtLZ3J4bXN5V1FmZWFLTUhMVzFOQ2N1NEpObkZFMXpvX1RBRzZ2bnI1TTltYTRSSWoyT1dIM1QxZGFBS1pjbDdUYTV0bG4xWjlEdkJycHFCTXlQeDRfRGktQzZycDEwSEJMWmdraDFZYWJUVXh4VXRrbWkxek4wdzZaRjhjUnd3?oc=5
ENDURANCE,Endurance Technologies Limited,ENDURANCE Share Price | Endurance Technologies Ltd. Stock Analysis & Recommendation - Markets Mojo,"<a href=""https://news.google.com/rss/articles/CBMidkFVX3lxTE9MS0hoX3RGSHZsVW03TmliMUhkcnJjTHJ1bHZfYUVLWS1mX2VmUUVfMFFncUo5RmJjR0RsN1dBUWZNNDl5QnZFWlBpM0JXcGlIRDJFdFV5WTBVWllhSzgwNUtDd0FWcU5WZS1rRjF1VFFOOWt6VGc?oc=5"" target=""_blank"">ENDURANCE Share Price | Endurance Technologies Ltd. Stock Analysis & Recommendation</a>&nbsp;&nbsp;<font color=""#6f6f6f"">Markets Mojo</font>",2025-06-12 14:04:44,Markets Mojo,https://news.google.com/rss/articles/CBMidkFVX3lxTE9MS0hoX3RGSHZsVW03TmliMUhkcnJjTHJ1bHZfYUVLWS1mX2VmUUVfMFFncUo5RmJjR0RsN1dBUWZNNDl5QnZFWlBpM0JXcGlIRDJFdFV5WTBVWllhSzgwNUtDd0FWcU5WZS1rRjF1VFFOOWt6VGc?oc=5
ENDURANCE,Endurance Technologies Limited,What To Expect From Endurance Technologies Ltd (NSE:ENDURANCE) Q2 2026 Earnings - Yahoo Finance,"<a href=""https://news.google.com/rss/articles/CBMiiwFBVV95cUxOaHNhd2w1SWpodFBOSGMtWGtudXdRa3JaRklxMloxUEI5T1h1NGMyWFFzbVloLV96QUVuSmR2clFHdWVLaEY3WW1CdkJMNlMzdU5LZlM5WGF4NDc1SHhELUFUZEJlX0ZaMHhCQTNZRVVYdUJqYXl4UGVRdTg0VGRQVVF3RHh0U1RtNXlz?oc=5"" target=""_blank"">What To Expect From Endurance Technologies Ltd (NSE:ENDURANCE) Q2 2026 Earnings</a>&nbsp;&nbsp;<font color=""#6f6f6f"">Yahoo Finance</font>",2025-11-12 08:00:00,Yahoo Finance,https://news.google.com/rss/articles/CBMiiwFBVV95cUxOaHNhd2w1SWpodFBOSGMtWGtudXdRa3JaRklxMloxUEI5T1h1NGMyWFFzbVloLV96QUVuSmR2clFHdWVLaEY3WW1CdkJMNlMzdU5LZlM5WGF4NDc1SHhELUFUZEJlX0ZaMHhCQTNZRVVYdUJqYXl4UGVRdTg0VGRQVVF3RHh0U1RtNXlz?oc=5
ENDURANCE,Endurance Technologies Limited,"Endurance Technologies detects cybersecurity incident, says operations unaffected - CNBC TV18","<a href=""https://news.google.com/rss/articles/CBMi4wFBVV95cUxPWmlfTXBzTmdQYTd1dDJKWGdXdUNiWUQweERKSGF2T29OOWZydmFORlI0RmlnRlZRLXBhX3hPemJLb3ZWNnpjWWdyWkp5M3hyY3F4Y2R4UExFUnp4bnlTVnRaRVZwZjd6VF8yN2ltVDZUVE5oT0VpTWhDSEs2dDFyY0dmdjZxNlJEZHc2WGZ0UzBzRVJWRDVvUlVISkpuNTh2Ul9UNHJ6MmJ5eFRueElwV2ttbkcxbkRpVG5RSEI4VzVOeGl3NHVxN2c4c2pXdkVHYjVWTm1qNGhuS25ySTRRdGNoc9IB6AFBVV95cUxOOURMNFlIVWt5czhNQ2dvLTg2Q1hmSHJmNGxRVkJoQ3kyY25QaHFhVU11OWJVZzhBY0ZYSDhqQjJCbnhITjdmWVlmamx4Ny1tYUZhZ2R0bmwwOVRsZU9RbkZaNGFNMGV1V1JGSVpYVnhFcXFmRzhKVzVCZEszeU1EOU9qNEh3TjhGMjZyN2xsSDRHSG1JOUFTZFRESFV3Y3U3dzdxeWs5ajlYQVBjbDBIM3hXaHU3a0RBcHJEaW9BbGhzOE1TZUlUaTBvRXNGRktLUXJjZmJZOFVCLU1IaWtnR3ZpYnJkM3Jx?oc=5"" target=""_blank"">Endurance Technologies detects cybersecurity incident, says operations unaffected</a>&nbsp;&nbsp;<font color=""#6f6f6f"">CNBC TV18</font>",2025-12-23 08:00:00,CNBC TV18,https://news.google.com/rss/articles/CBMi4wFBVV95cUxPWmlfTXBzTmdQYTd1dDJKWGdXdUNiWUQweERKSGF2T29OOWZydmFORlI0RmlnRlZRLXBhX3hPemJLb3ZWNnpjWWdyWkp5M3hyY3F4Y2R4UExFUnp4bnlTVnRaRVZwZjd6VF8yN2ltVDZUVE5oT0VpTWhDSEs2dDFyY0dmdjZxNlJEZHc2WGZ0UzBzRVJWRDVvUlVISkpuNTh2Ul9UNHJ6MmJ5eFRueElwV2ttbkcxbkRpVG5RSEI4VzVOeGl3NHVxN2c4c2pXdkVHYjVWTm1qNGhuS25ySTRRdGNoc9IB6AFBVV95cUxOOURMNFlIVWt5czhNQ2dvLTg2Q1hmSHJmNGxRVkJoQ3kyY25QaHFhVU11OWJVZzhBY0ZYSDhqQjJCbnhITjdmWVlmamx4Ny1tYUZhZ2R0bmwwOVRsZU9RbkZaNGFNMGV1V1JGSVpYVnhFcXFmRzhKVzVCZEszeU1EOU9qNEh3TjhGMjZyN2xsSDRHSG1JOUFTZFRESFV3Y3U3dzdxeWs5ajlYQVBjbDBIM3hXaHU3a0RBcHJEaW9BbGhzOE1TZUlUaTBvRXNGRktLUXJjZmJZOFVCLU1IaWtnR3ZpYnJkM3Jx?oc=5
ENDURANCE,Endurance Technologies Limited,Endurance Technologies shares tank 5%; here's what analysts say - Business Today,"<a href=""https://news.google.com/rss/articles/CBMixwFBVV95cUxPRFJCLW9VeTljWUNPbUE1LXJsZEY5ckJHald1a1NOTmtpUlJjRGJKZHd5NkpxODhJODlza2Q4Y2pWa3AtdFktUGVrYmlTSFN3N24zQXlhSnJUWEphN0ZDS3ZxQVYydGg0NEpBT1J0M3lOZjk4Y21CQ09pdWR6c3JmTkNYNVJHamFWTFo5YXh0Y1hkUklKbVFYWFkyOWFsNU1LckJyVnVxa28xRzN0X1BlTnAteEVkcnNsaGhtMUpMUWc1R0huY0tV0gHMAUFVX3lxTE92Zmw0VjJ2QTIwSlRfVS1vdEdIRmNJYzA3SGRFRFJvNERENU9LV21tRU0tMVZYd1VydGtMN2lETGlzOThQMFdlQ280cE9KNThWTG44ZERYOUtSSUxTQ01jTVFYSk5EdDRJbHh3eVBxTFhLeTdWVmJUNG1YSzE0VEhXM0hXZDBxWWNsRmFMNUEzejJDeHktQTVhak9JNVdpOE41cVVLVE1xNk1lc1BHZm1fR3JxeWdVczlxSlFoUkMybXM5bnlEVmNKczQ5bQ?oc=5"" target=""_blank"">Endurance Technologies shares tank 5%; here's what analysts say</a>&nbsp;&nbsp;<font color=""#6f6f6f"">Business Today</font>",2025-06-26 07:00:00,Business Today,https://news.google.com/rss/articles/CBMixwFBVV95cUxPRFJCLW9VeTljWUNPbUE1LXJsZEY5ckJHald1a1NOTmtpUlJjRGJKZHd5NkpxODhJODlza2Q4Y2pWa3AtdFktUGVrYmlTSFN3N24zQXlhSnJUWEphN0ZDS3ZxQVYydGg0NEpBT1J0M3lOZjk4Y21CQ09pdWR6c3JmTkNYNVJHamFWTFo5YXh0Y1hkUklKbVFYWFkyOWFsNU1LckJyVnVxa28xRzN0X1BlTnAteEVkcnNsaGhtMUpMUWc1R0huY0tV0gHMAUFVX3lxTE92Zmw0VjJ2QTIwSlRfVS1vdEdIRmNJYzA3SGRFRFJvNERENU9LV21tRU0tMVZYd1VydGtMN2lETGlzOThQMFdlQ280cE9KNThWTG44ZERYOUtSSUxTQ01jTVFYSk5EdDRJbHh3eVBxTFhLeTdWVmJUNG1YSzE0VEhXM0hXZDBxWWNsRmFMNUEzejJDeHktQTVhak9JNVdpOE41cVVLVE1xNk1lc1BHZm1fR3JxeWdVczlxSlFoUkMybXM5bnlEVmNKczQ5bQ?oc=5
ENDURANCE,Endurance Technologies Limited,Endurance Technologies Expands Footprint with 8.9-Acre Land Acquisition in Tamil Nadu - scanx.trade,"<a href=""https://news.google.com/rss/articles/CBMi5AFBVV95cUxOV1Y0NTZCNkNYSUxvZGV5ZzQ2QkRuM2VvTVhSVE1feVgzLUo1Y3JtTTZCdW0zVXEwZVg5ZnZyNklDX2NBZDFSX1psZjRzNVVMS08tZzBxdkFzdlpkeEtEck9UVjJDa0VGM0VxQ0VBR0d1OElrZzNTd2VZc3N2WEdoQTNROG5WWG9LV1d4R09jWllTY1R2YlpCMGJ2a2Fjdnpsb2xzSGwyMmEtdnBKc1hydUZsMlpnZWhQMkJuQUpKc2VEWVZpdGJNcU9wTldCVExBbFhwN2M2dDg1eTlZQTVzSmwwc1E?oc=5"" target=""_blank"">Endurance Technologies Expands Footprint with 8.9-Acre Land Acquisition in Tamil Nadu</a>&nbsp;&nbsp;<font color=""#6f6f6f"">scanx.trade</font>",2025-09-11 07:00:00,scanx.trade,https://news.google.com/rss/articles/CBMi5AFBVV95cUxOV1Y0NTZCNkNYSUxvZGV5ZzQ2QkRuM2VvTVhSVE1feVgzLUo1Y3JtTTZCdW0zVXEwZVg5ZnZyNklDX2NBZDFSX1psZjRzNVVMS08tZzBxdkFzdlpkeEtEck9UVjJDa0VGM0VxQ0VBR0d1OElrZzNTd2VZc3N2WEdoQTNROG5WWG9LV1d4R09jWllTY1R2YlpCMGJ2a2Fjdnpsb2xzSGwyMmEtdnBKc1hydUZsMlpnZWhQMkJuQUpKc2VEWVZpdGJNcU9wTldCVExBbFhwN2M2dDg1eTlZQTVzSmwwc1E?oc=5
ENDURANCE,Endurance Technologies Limited,Endurance stock nears record high. What's driving 95% rally from April low? - Business Standard,"<a href=""https://news.google.com/rss/articles/CBMi4AFBVV95cUxOSU5hc2FoYkJmQkVtZW5hc3V3ZE5FYm5NMXB3OUFDX2habFZXRldGeWhRRFV2NkR5X2lRNHBCampTTWkzejJVVkxzSW16TmxLM3JfSmUxRzQxdnl6WGppRzVUT3lYdGIwSDJoVzNMNDd3dU8tMlZpWk9zV0RFUzZjMFZiZTRZX1hUNXBQT2xwS1FkM0Q3aE9DY0NQZUFlYUlkemx5ZUVfX0xURkZVT3RCVkVLQjR1SG56MXNFdW9Ha1JlVklWc2V6enhZNHJ2RExsUXFiMUhzVU5vRDB1QlFPddIB5gFBVV95cUxOVFNzaWtTTkU0SUc2eTMwU2stcm9hdXVOTDRVbHMydXBmaUJQNlhVSXpDN1RUOElkc1U5alZJdF91d3JPWGJaaGY5MzJpelBPbFNCX0JCdXdhTFc4NjJqNjVKMzhQU1pTNU1xdXViY09rUGh0MmdXVGszY0NZZEt4TkpfeDZQeUhnX3ViU0JQUG9POWFyLUdCU3NHeUNEV1IyMDRkenFuVE9jc0xYd2JBVnowYWprYmhxb0NnV3BTd2twZmJYVm51WEhBVGUxY0htM1pfMW9yTTF1alZzTC0wM1I5VVlJUQ?oc=5"" target=""_blank"">Endurance stock nears record high. What's driving 95% rally from April low?</a>&nbsp;&nbsp;<font color=""#6f6f6f"">Business Standard</font>",2025-07-01 07:00:00,Business Standard,https://news.google.com/rss/articles/CBMi4AFBVV95cUxOSU5hc2FoYkJmQkVtZW5hc3V3ZE5FYm5NMXB3OUFDX2habFZXRldGeWhRRFV2NkR5X2lRNHBCampTTWkzejJVVkxzSW16TmxLM3JfSmUxRzQxdnl6WGppRzVUT3lYdGIwSDJoVzNMNDd3dU8tMlZpWk9zV0RFUzZjMFZiZTRZX1hUNXBQT2xwS1FkM0Q3aE9DY0NQZUFlYUlkemx5ZUVfX0xURkZVT3RCVkVLQjR1SG56MXNFdW9Ha1JlVklWc2V6enhZNHJ2RExsUXFiMUhzVU5vRDB1QlFPddIB5gFBVV95cUxOVFNzaWtTTkU0SUc2eTMwU2stcm9hdXVOTDRVbHMydXBmaUJQNlhVSXpDN1RUOElkc1U5alZJdF91d3JPWGJaaGY5MzJpelBPbFNCX0JCdXdhTFc4NjJqNjVKMzhQU1pTNU1xdXViY09rUGh0MmdXVGszY0NZZEt4TkpfeDZQeUhnX3ViU0JQUG9POWFyLUdCU3NHeUNEV1IyMDRkenFuVE9jc0xYd2JBVnowYWprYmhxb0NnV3BTd2twZmJYVm51WEhBVGUxY0htM1pfMW9yTTF1alZzTC0wM1I5VVlJUQ?oc=5
ENDURANCE,Endurance Technologies Limited,Endurance Technologies' HUGE 5X ABS Capacity Leap! Mandatory Rule Sparks Massive Growth - Is It Your Next Big Investment? - Whalesbook,"<a href=""https://news.google.com/rss/articles/CBMilAJBVV95cUxPanR1WmZmc01VS2poN1ZjYnY0QzhMYktwcHAzSENvLUR5ZU93WTNCcTFGME1wLWxYV1poT055S1lpMk0ydnNneWZ2UUdWTVdXd2RGSGFmTVd2OWVISFFQYjFfZXZKZTdMaG9iaGJfdXVqNzA4VzlZVGJaY2F3ckttN00zQnBDbGdfOXdTVjNkOTZXS1QzRDY1VG05RVRWTml5Vm9seC12VjJXNXEzbENoZVFZdTJ2M1pBVFMzeG92OG5pWlMyUzdLVFhYdUtHNFZHWFR3SnFadHh1NXRMUHR2RUxkUHVtWXl6LUpNVHVqeXREQmpuWnMxbkhfNENyYmwxVzBpUnkwY2RXOVJ2Y0FNVlZ0OFg?oc=5"" target=""_blank"">Endurance Technologies' HUGE 5X ABS Capacity Leap! Mandatory Rule Sparks Massive Growth - Is It Your Next Big Investment?</a>&nbsp;&nbsp;<font color=""#6f6f6f"">Whalesbook</font>",2025-11-14 08:00:00,Whalesbook,https://news.google.com/rss/articles/CBMilAJBVV95cUxPanR1WmZmc01VS2poN1ZjYnY0QzhMYktwcHAzSENvLUR5ZU93WTNCcTFGME1wLWxYV1poT055S1lpMk0ydnNneWZ2UUdWTVdXd2RGSGFmTVd2OWVISFFQYjFfZXZKZTdMaG9iaGJfdXVqNzA4VzlZVGJaY2F3ckttN00zQnBDbGdfOXdTVjNkOTZXS1QzRDY1VG05RVRWTml5Vm9seC12VjJXNXEzbENoZVFZdTJ2M1pBVFMzeG92OG5pWlMyUzdLVFhYdUtHNFZHWFR3SnFadHh1NXRMUHR2RUxkUHVtWXl6LUpNVHVqeXREQmpuWnMxbkhfNENyYmwxVzBpUnkwY2RXOVJ2Y0FNVlZ0OFg?oc=5
ENDURANCE,Endurance Technologies Limited,'Buy' Endurance Technologies Shares Maintains Motilal Oswal Citing Multiple Growth Drivers - NDTV Profit,"<a href=""https://news.google.com/rss/articles/CBMiywFBVV95cUxPUm84M0FLUEpWeWNCV1lBQ3Q0T2lWZlE3MExFaUUyd3JNMzNySUdxSU5aNmIxME9HR194c1h5YnFYUVB5SVRxLWZ0QXRfOHRyTExHc3hBWEtpTW5fQWhBanpnM3VaeVRxbTlIVUItLXhqNTBOMnVqV3MwN3RqOXBLLWxPcmtBbzk1ZUJWUGFQSHR4c2VKd1c5T3FjVTJDemtIb2Q4MjRBRGloNUd1Sk9ZVXJpX0owdHRfRTBqODJlT1cwRTJ3QWVocHkxVQ?oc=5"" target=""_blank"">'Buy' Endurance Technologies Shares Maintains Motilal Oswal Citing Multiple Growth Drivers</a>&nbsp;&nbsp;<font color=""#6f6f6f"">NDTV Profit</font>",2025-10-07 07:00:00,NDTV Profit,https://news.google.com/rss/articles/CBMiywFBVV95cUxPUm84M0FLUEpWeWNCV1lBQ3Q0T2lWZlE3MExFaUUyd3JNMzNySUdxSU5aNmIxME9HR194c1h5YnFYUVB5SVRxLWZ0QXRfOHRyTExHc3hBWEtpTW5fQWhBanpnM3VaeVRxbTlIVUItLXhqNTBOMnVqV3MwN3RqOXBLLWxPcmtBbzk1ZUJWUGFQSHR4c2VKd1c5T3FjVTJDemtIb2Q4MjRBRGloNUd1Sk9ZVXJpX0owdHRfRTBqODJlT1cwRTJ3QWVocHkxVQ?oc=5
ENDURANCE,Endurance Technologies Limited,"Endurance Technologies Commences Commercial Production at New Alloy Wheels Plant in AURIC, Bidkin - scanx.trade","<a href=""https://news.google.com/rss/articles/CBMi8wFBVV95cUxOVTBIZXhhNzZKUVB1NXZzUHJMX2RzNHdlVEZqbVhQMVVDaHJvRWZ5ZnphejZZVERxWTFKWTBvUUNWOWt1Z2N3QUVTejQxaUpLb2NUazVNNlMxb3ZwTTNIbll3akpmblNnRWNFZ2dvbjhUWjFmbUktajRiM0N5Z2pmclY1dVFCeUgzVnBjM2lVbXQ1MC0yN0pKU3dZQkUyQWI4S2dHTnNaR1dCWXZTWUd3cTdDQUQtOE83a2lUM2JmSS15NjhScVlQTF9KNm00UXlQMWRMbXJHZWxodG5OUzYzUHZiYUhSbENXNUNmTnJFMF9PS1E?oc=5"" target=""_blank"">Endurance Technologies Commences Commercial Production at New Alloy Wheels Plant in AURIC, Bidkin</a>&nbsp;&nbsp;<font color=""#6f6f6f"">scanx.trade</font>",2025-10-10 07:00:00,scanx.trade,https://news.google.com/rss/articles/CBMi8wFBVV95cUxOVTBIZXhhNzZKUVB1NXZzUHJMX2RzNHdlVEZqbVhQMVVDaHJvRWZ5ZnphejZZVERxWTFKWTBvUUNWOWt1Z2N3QUVTejQxaUpLb2NUazVNNlMxb3ZwTTNIbll3akpmblNnRWNFZ2dvbjhUWjFmbUktajRiM0N5Z2pmclY1dVFCeUgzVnBjM2lVbXQ1MC0yN0pKU3dZQkUyQWI4S2dHTnNaR1dCWXZTWUd3cTdDQUQtOE83a2lUM2JmSS15NjhScVlQTF9KNm00UXlQMWRMbXJHZWxodG5OUzYzUHZiYUhSbENXNUNmTnJFMF9PS1E?oc=5
ENDURANCE,Endurance Technologies Limited,What To Expect From Endurance Technologies Ltd (NSE:ENDURANCE) Q - GuruFocus,"<a href=""https://news.google.com/rss/articles/CBMixgFBVV95cUxPb09obUxIYVRFYVc1RDQ5V0hrMDdPT2Q1aHpUWlVJOUNRTld0eXpBbGh0Q21MRExUY0lVbTFQSm80UGpaRG1SemhOeUJ1TldVcGhabTFub0xhbmNyZEtXc3A4LWhTSDZ4cXNsVnd4NW5KM2l6a29RcG5VYUFVNFk4bHdJMTNKYjdBZklvN3RWTVoyc0piUE83cHZyS2R0VkJuQkxTY29IcmlXQUE4ejJOX1VRRjJKN21PbHFMM05jY2I5ckxENXc?oc=5"" target=""_blank"">What To Expect From Endurance Technologies Ltd (NSE:ENDURANCE) Q</a>&nbsp;&nbsp;<font color=""#6f6f6f"">GuruFocus</font>",2025-11-12 08:00:00,GuruFocus,https://news.google.com/rss/articles/CBMixgFBVV95cUxPb09obUxIYVRFYVc1RDQ5V0hrMDdPT2Q1aHpUWlVJOUNRTld0eXpBbGh0Q21MRExUY0lVbTFQSm80UGpaRG1SemhOeUJ1TldVcGhabTFub0xhbmNyZEtXc3A4LWhTSDZ4cXNsVnd4NW5KM2l6a29RcG5VYUFVNFk4bHdJMTNKYjdBZklvN3RWTVoyc0piUE83cHZyS2R0VkJuQkxTY29IcmlXQUE4ejJOX1VRRjJKN21PbHFMM05jY2I5ckxENXc?oc=5
ENDURANCE,Endurance Technologies Limited,Endurance Technologies Seeks Shareholder Approval for Shyamak Ramyar Tata's Appointment as Independent Director - scanx.trade,"<a href=""https://news.google.com/rss/articles/CBMi-AFBVV95cUxQd1ZJZU5tdjF6RXE5alhDMFlHeFFrSzE5LTl6MUVPSi1uTXVNbmRpMUhaU21CWTRpOVdYN25PMUVYbXZvUkZjN0Y0cDBaYXVRUlFXNEJTSFU5WE5rQnhTbVBFZnB5UklNQm94dDE1UjJwajZyTGsyTDZDX2RLTlFObW0wblNXQXE4YlRaZ210TlhjSzZSVHlIeDlSOXVXajB3cDN3ZnZZYm1MTll0em5fY2FDenB0QmpZeDBjN0xZVVpuZmNNc3dfVkZxN2g3cUhHbFBaX1JheE1PazhraDlvY0lJRXhTaVVTTGpqSnlGYjV6VXQxQ1hhbg?oc=5"" target=""_blank"">Endurance Technologies Seeks Shareholder Approval for Shyamak Ramyar Tata's Appointment as Independent Director</a>&nbsp;&nbsp;<font color=""#6f6f6f"">scanx.trade</font>",2025-09-11 07:00:00,scanx.trade,https://news.google.com/rss/articles/CBMi-AFBVV95cUxQd1ZJZU5tdjF6RXE5alhDMFlHeFFrSzE5LTl6MUVPSi1uTXVNbmRpMUhaU21CWTRpOVdYN25PMUVYbXZvUkZjN0Y0cDBaYXVRUlFXNEJTSFU5WE5rQnhTbVBFZnB5UklNQm94dDE1UjJwajZyTGsyTDZDX2RLTlFObW0wblNXQXE4YlRaZ210TlhjSzZSVHlIeDlSOXVXajB3cDN3ZnZZYm1MTll0em5fY2FDenB0QmpZeDBjN0xZVVpuZmNNc3dfVkZxN2g3cUhHbFBaX1JheE1PazhraDlvY0lJRXhTaVVTTGpqSnlGYjV6VXQxQ1hhbg?oc=5
ENDURANCE,Endurance Technologies Limited,Endurance Technologies Gears Up for Major Expansion in ABS and Brake Systems - scanx.trade,"<a href=""https://news.google.com/rss/articles/CBMi2AFBVV95cUxONGtsVWliVU95TXdMTW9TZVJ0MlhOTWtPcDFWaU1lVnFyNWFER01YZGNCbkNZZkVJSXAxVVU3TVJhbFFoSnBnOVFYcGVPaEdmdXBXVlZZNGhjcjFQUk4yQTVLSmNwWEx5TklyS2FUc3k1N29LYXpBSjJSdGREQlRjSjlObEVwWXhoX2lSc3U2NTI1dm03VkJEby1VTnV1OFhUME5FdnNWNW12TVM0M0xrNER3SVh0czhyYmoxUXNRX3lYS1MtY1V0UDVHbWVXQ29DaWUwV2lEOV8?oc=5"" target=""_blank"">Endurance Technologies Gears Up for Major Expansion in ABS and Brake Systems</a>&nbsp;&nbsp;<font color=""#6f6f6f"">scanx.trade</font>",2025-08-19 07:00:00,scanx.trade,https://news.google.com/rss/articles/CBMi2AFBVV95cUxONGtsVWliVU95TXdMTW9TZVJ0MlhOTWtPcDFWaU1lVnFyNWFER01YZGNCbkNZZkVJSXAxVVU3TVJhbFFoSnBnOVFYcGVPaEdmdXBXVlZZNGhjcjFQUk4yQTVLSmNwWEx5TklyS2FUc3k1N29LYXpBSjJSdGREQlRjSjlObEVwWXhoX2lSc3U2NTI1dm03VkJEby1VTnV1OFhUME5FdnNWNW12TVM0M0xrNER3SVh0czhyYmoxUXNRX3lYS1MtY1V0UDVHbWVXQ29DaWUwV2lEOV8?oc=5
ENDURANCE,Endurance Technologies Limited,Endurance Technologies Suffers Cyber Attack: Is Your Data Safe? Investors on Edge! - Whalesbook,"<a href=""https://news.google.com/rss/articles/CBMi4wFBVV95cUxQbmd4cG0wOERPbEVxMTQxMlI5T2tfWGUzQjJuVkw5TXlqbVdGX21Pek1EeHhUS0dxRXlvMTI5TmxPalZ2aTZFc1FUeDZKODB5NjBReVZGZmJTUjRpYzNMbml5TmN4Ylo1Q3doVEpNRkJTbml0SXRMT0RuV3N2djVSTEM3Q05ja0o4TzcyU3NhMlNfTFd0SnNrQl9ycS1rUE16NXItZktLSE9BSFNMOXZYMy1qTVFaLUc5M3lMd2trNVhQU243Nl9vOU9GdTM2cGk0VzVMblVFX1ppbWo5c0k4ckZUbw?oc=5"" target=""_blank"">Endurance Technologies Suffers Cyber Attack: Is Your Data Safe? Investors on Edge!</a>&nbsp;&nbsp;<font color=""#6f6f6f"">Whalesbook</font>",2025-12-24 08:00:00,Whalesbook,https://news.google.com/rss/articles/CBMi4wFBVV95cUxQbmd4cG0wOERPbEVxMTQxMlI5T2tfWGUzQjJuVkw5TXlqbVdGX21Pek1EeHhUS0dxRXlvMTI5TmxPalZ2aTZFc1FUeDZKODB5NjBReVZGZmJTUjRpYzNMbml5TmN4Ylo1Q3doVEpNRkJTbml0SXRMT0RuV3N2djVSTEM3Q05ja0o4TzcyU3NhMlNfTFd0SnNrQl9ycS1rUE16NXItZktLSE9BSFNMOXZYMy1qTVFaLUc5M3lMd2trNVhQU243Nl9vOU9GdTM2cGk0VzVMblVFX1ppbWo5c0k4ckZUbw?oc=5
ENDURANCE,Endurance Technologies Limited,"Endurance Technologies Q4 Results | Net profit rises 17% to ₹245 crore, declares dividend of ₹10 - CNBC TV18","<a href=""https://news.google.com/rss/articles/CBMi8gFBVV95cUxQLWMtNjAzYUpVd2VQekpOOWNxbnlUZ2ZXRlM1eFJHbnVPWV9MQjhaTzg2eGpoSG91V3VzMWtTRWhnNEQ3bk5PRVVnNFZlOGgxRGxXdWlKTFBZamoxUnVWS29FUEtDSG16MnhnYUUxaHlpeWgzVURuM1BmUWNNVEN1bk43RmZqZXdVR0lMY3VKQkFsdGFWM0xrd2VwRmtoZG5XeGhZd1haRXpnemVEd3RydkdpUXFjX0Myd29UVWx6YlR0Y1ltZ1ZNN3JLd3ZXaEM1VktnbnRjNG04M29Rcks5WjYtYlpVOTJSbERpMmI5STYwUdIB9wFBVV95cUxOdzV5T20xQ1NmdDE4aG9yc3lxRjA5WW5qNi1XSXNXRmtVa3lvVHotZ25qUDFWdXh0MGlkeThTcjU2VXJiMWFWTXluVHhjc3g2MzVZM2wtME9Jdy1NSU83MEZ6Q1Z6MmNlTHl4a0Uyem5JS1pFeTZqWHVBam5fdGhQZWNoZ0o0YjF6UFc5WmJra1BrS3FOQVdLSnpsamo0aU5aUlVhMTRPU1E5ZFRWNU9ibzR1TllTazNvZV9WWFNGNERwSklrbkFkV3p5UkN5eXM4bkZjV2R6V1RaUWpPQU5uejRSbkNuN1loaEtKeWFpaVpDRXplc0hr?oc=5"" target=""_blank"">Endurance Technologies Q4 Results | Net profit rises 17% to ₹245 crore, declares dividend of ₹10</a>&nbsp;&nbsp;<font color=""#6f6f6f"">CNBC TV18</font>",2025-05-15 07:00:00,CNBC TV18,https://news.google.com/rss/articles/CBMi8gFBVV95cUxQLWMtNjAzYUpVd2VQekpOOWNxbnlUZ2ZXRlM1eFJHbnVPWV9MQjhaTzg2eGpoSG91V3VzMWtTRWhnNEQ3bk5PRVVnNFZlOGgxRGxXdWlKTFBZamoxUnVWS29FUEtDSG16MnhnYUUxaHlpeWgzVURuM1BmUWNNVEN1bk43RmZqZXdVR0lMY3VKQkFsdGFWM0xrd2VwRmtoZG5XeGhZd1haRXpnemVEd3RydkdpUXFjX0Myd29UVWx6YlR0Y1ltZ1ZNN3JLd3ZXaEM1VktnbnRjNG04M29Rcks5WjYtYlpVOTJSbERpMmI5STYwUdIB9wFBVV95cUxOdzV5T20xQ1NmdDE4aG9yc3lxRjA5WW5qNi1XSXNXRmtVa3lvVHotZ25qUDFWdXh0MGlkeThTcjU2VXJiMWFWTXluVHhjc3g2MzVZM2wtME9Jdy1NSU83MEZ6Q1Z6MmNlTHl4a0Uyem5JS1pFeTZqWHVBam5fdGhQZWNoZ0o0YjF6UFc5WmJra1BrS3FOQVdLSnpsamo0aU5aUlVhMTRPU1E5ZFRWNU9ibzR1TllTazNvZV9WWFNGNERwSklrbkFkV3p5UkN5eXM4bkZjV2R6V1RaUWpPQU5uejRSbkNuN1loaEtKeWFpaVpDRXplc0hr?oc=5
ENDURANCE,Endurance Technologies Limited,"Endurance Technologies Reports Robust FY25 Performance with ₹1,167 Cr Revenue Growth - Autocar Professional","<a href=""https://news.google.com/rss/articles/CBMiyAFBVV95cUxPSUQxSUg1UkF4anBGaUlNWjJhcXNVNzdvbnVUbGdjS2xUQmJIR2t1cVlqRUU2WmtvckxCbTdNMjFJMlR0czQ0S0h2U0tSRWZYUVYxUVJ3a01sc0JRTnJmZDRiSHJ2MGtjRmVHV2RFcTk1dmhIbFdEWVdwSlpHRHpGdWpEZXZBMlA1dGRrTWw0RE12MHJnczZmMzFsVWRBbmhSUGVhcUlNTzV4MG51cUdGa0VlZmV1WWZWaDYtZmZUc2pEeXg2QUFiStIB0AFBVV95cUxNOVN6X0p0LUlwRV80aU9TTnhIMXpTOUpGN0tET1NGOFBnd1JlcFZBSVN3aHpOQ01QUkI4a2tTUWZPeGpFOGdhVzlfcDJMeGQ2T2pKRk1icTVTOWVmcmlrN2FieHNzYXpZWGw3WTQ1Z0pBMTZMN3Jxb0Vsbm9xVDQwcm5oSzR5Nm5Samg3MkMwUjM3czBnZVJCb3lLeUpJS2dWbUhWSXRzdkw4UUNUNHNXNWxhb3EyVExUcUpSMG1xWElPR2x0N1kybnF3dGFSb0h1?oc=5"" target=""_blank"">Endurance Technologies Reports Robust FY25 Performance with ₹1,167 Cr Revenue Growth</a>&nbsp;&nbsp;<font color=""#6f6f6f"">Autocar Professional</font>",2025-05-15 15:44:31,Autocar Professional,https://news.google.com/rss/articles/CBMiyAFBVV95cUxPSUQxSUg1UkF4anBGaUlNWjJhcXNVNzdvbnVUbGdjS2xUQmJIR2t1cVlqRUU2WmtvckxCbTdNMjFJMlR0czQ0S0h2U0tSRWZYUVYxUVJ3a01sc0JRTnJmZDRiSHJ2MGtjRmVHV2RFcTk1dmhIbFdEWVdwSlpHRHpGdWpEZXZBMlA1dGRrTWw0RE12MHJnczZmMzFsVWRBbmhSUGVhcUlNTzV4MG51cUdGa0VlZmV1WWZWaDYtZmZUc2pEeXg2QUFiStIB0AFBVV95cUxNOVN6X0p0LUlwRV80aU9TTnhIMXpTOUpGN0tET1NGOFBnd1JlcFZBSVN3aHpOQ01QUkI4a2tTUWZPeGpFOGdhVzlfcDJMeGQ2T2pKRk1icTVTOWVmcmlrN2FieHNzYXpZWGw3WTQ1Z0pBMTZMN3Jxb0Vsbm9xVDQwcm5oSzR5Nm5Samg3MkMwUjM3czBnZVJCb3lLeUpJS2dWbUhWSXRzdkw4UUNUNHNXNWxhb3EyVExUcUpSMG1xWElPR2x0N1kybnF3dGFSb0h1?oc=5
ENDURANCE,Endurance Technologies Limited,Is Endurance Technologies Limited (NSE:ENDURANCE) Worth ₹1.9k Based On Its Intrinsic Value? - simplywall.st,"<a href=""https://news.google.com/rss/articles/CBMi6AFBVV95cUxPel9qRUtXZk1tN3VKcl9aOV91TGxyVkJyal92c2NsWjRkdUR5TFBpeDVSZWJqTVZvYm42N2xXUTZYb1N6YTBYNjBCejdRT0k2OWYtY3NiVUFiOHFJeV9hYnVaNHhPVWg5WUJXQnMwMUZtV2w0dFFtOFNQZWd3SThNdzFibU5nMFNoQmp5WGxEc0lYVWFmbWd2WExUV1FEaXZVV1QzUzJ2eF9VZG9JVWlPV0lhZmprT3NFLWRZVHV2MHdaazlXZlRHeGFTOGlFcEhHZWNOMGlHTV9pOWRWclpndDNRZF80Q3ot0gHuAUFVX3lxTE1ld1czQS11SUNHdVdncVdGTE5xLU03Tk1jMFVDTlpSYXprU2xqWkVFNUpZcGR6X3RNbG5aU1M0SW5DTUpZTG0wR01lV2p0WjRSUTcyendoM19mS1J0dmRqZnR3RE9JOGtoeWdOUzl0UmFvYmxLY3FzRjFreUZ5ZXQ0dXR6Vk4yTkYwWnpiaDhJOE9pVG1ZNV9EcmE2blNJV3pMMVdBZE9LSXBzUUhiOUk4bnlES3dKN2FiWVZWQVFCdEFjLWptU09EWHJEdUdRaFh2SDVDQVdEaEFmdlN1Wm9mZ0ZUX0dFSEFHdGRhdmc?oc=5"" target=""_blank"">Is Endurance Technologies Limited (NSE:ENDURANCE) Worth ₹1.9k Based On Its Intrinsic Value?</a>&nbsp;&nbsp;<font color=""#6f6f6f"">simplywall.st</font>",2025-03-14 07:00:00,simplywall.st,https://news.google.com/rss/articles/CBMi6AFBVV95cUxPel9qRUtXZk1tN3VKcl9aOV91TGxyVkJyal92c2NsWjRkdUR5TFBpeDVSZWJqTVZvYm42N2xXUTZYb1N6YTBYNjBCejdRT0k2OWYtY3NiVUFiOHFJeV9hYnVaNHhPVWg5WUJXQnMwMUZtV2w0dFFtOFNQZWd3SThNdzFibU5nMFNoQmp5WGxEc0lYVWFmbWd2WExUV1FEaXZVV1QzUzJ2eF9VZG9JVWlPV0lhZmprT3NFLWRZVHV2MHdaazlXZlRHeGFTOGlFcEhHZWNOMGlHTV9pOWRWclpndDNRZF80Q3ot0gHuAUFVX3lxTE1ld1czQS11SUNHdVdncVdGTE5xLU03Tk1jMFVDTlpSYXprU2xqWkVFNUpZcGR6X3RNbG5aU1M0SW5DTUpZTG0wR01lV2p0WjRSUTcyendoM19mS1J0dmRqZnR3RE9JOGtoeWdOUzl0UmFvYmxLY3FzRjFreUZ5ZXQ0dXR6Vk4yTkYwWnpiaDhJOE9pVG1ZNV9EcmE2blNJV3pMMVdBZE9LSXBzUUhiOUk4bnlES3dKN2FiWVZWQVFCdEFjLWptU09EWHJEdUdRaFh2SDVDQVdEaEFmdlN1Wm9mZ0ZUX0dFSEFHdGRhdmc?oc=5
ENDURANCE,Endurance Technologies Limited,Endurance Technologies Receives Italian Regulatory Approval for Subsidiary Merger - scanx.trade,"<a href=""https://news.google.com/rss/articles/CBMi8AFBVV95cUxON083OWQ5WEdjbWhxbUhGb3RHakdWS2ZnTTQ5QndqZHdnT2I5NHhLLTczWGo2dERlWF9HUkFLZzNEWS1ZMkJydHBHN04wbnM2VXk0NjVYZkFieDVHSjdTRV9BZXlwRXFHcC1vZnVuRXY2aG90eWxkeFZmdmJKbm0wcEVBdW1yd3AwX3F5eFIxdHNVeWZhQ0tTTDI3cGh0ZXZDN2U2NTdoZzlYSnRzUEM3Y1RNVWo1YjVrVFhtbGt3eHJ1UEZPUW1JSHFLQkU5WktrWmJnYWNvc3VnVVVDVXpRbEdudnRQS3c3Zi1UTWJTbHg?oc=5"" target=""_blank"">Endurance Technologies Receives Italian Regulatory Approval for Subsidiary Merger</a>&nbsp;&nbsp;<font color=""#6f6f6f"">scanx.trade</font>",2025-07-31 07:00:00,scanx.trade,https://news.google.com/rss/articles/CBMi8AFBVV95cUxON083OWQ5WEdjbWhxbUhGb3RHakdWS2ZnTTQ5QndqZHdnT2I5NHhLLTczWGo2dERlWF9HUkFLZzNEWS1ZMkJydHBHN04wbnM2VXk0NjVYZkFieDVHSjdTRV9BZXlwRXFHcC1vZnVuRXY2aG90eWxkeFZmdmJKbm0wcEVBdW1yd3AwX3F5eFIxdHNVeWZhQ0tTTDI3cGh0ZXZDN2U2NTdoZzlYSnRzUEM3Y1RNVWo1YjVrVFhtbGt3eHJ1UEZPUW1JSHFLQkU5WktrWmJnYWNvc3VnVVVDVXpRbEdudnRQS3c3Zi1UTWJTbHg?oc=5
ENDURANCE,Endurance Technologies Limited,It Looks Like Shareholders Would Probably Approve Endurance Technologies Limited's (NSE:ENDURANCE) CEO Compensation Package - webull.com,"<a href=""https://news.google.com/rss/articles/CBMiWEFVX3lxTFBDUW1rUFdJVDRWY1ZXX1NkLVp4bTdDLTljU2ZSbjdLZlNqd2JxUklzcXVNMGlmaXY4d3BYWmMtUE1wbGRvaGVpSGU2RDgxV2ZXeV9iQ0FXRmk?oc=5"" target=""_blank"">It Looks Like Shareholders Would Probably Approve Endurance Technologies Limited's (NSE:ENDURANCE) CEO Compensation Package</a>&nbsp;&nbsp;<font color=""#6f6f6f"">webull.com</font>",2025-08-06 07:00:00,webull.com,https://news.google.com/rss/articles/CBMiWEFVX3lxTFBDUW1rUFdJVDRWY1ZXX1NkLVp4bTdDLTljU2ZSbjdLZlNqd2JxUklzcXVNMGlmaXY4d3BYWmMtUE1wbGRvaGVpSGU2RDgxV2ZXeV9iQ0FXRmk?oc=5
ENDURANCE,Endurance Technologies Limited,Endurance Technologies to set up lithium-ion battery pack plant in Maharashtra - CNBC TV18,"<a href=""https://news.google.com/rss/articles/CBMizAFBVV95cUxQV2FWZ1FHb1lwd3BxdDFpRUVSR0N6RFN5UU9Nei1SWHFMQnFVMVlrbGw0VzVhT0pqb2ZWeUhqZ3BsNGFiUVFoOWYxUGJ3blc4VzZ4dEJGZGJyT2Fub01STGFzWE1mTWE1OThFTFJKMDNES0lEQzFUbUhVVktDdnE5T3hmVTNzUkdNclVjZHowV1FadmR1UC1adlJxQVQtNUlkRFBYOGhQbDFwVjJQenpMQ2JPLU5qQlFBdU9kMHl4SWFZOWRFNE5OcmpDaFDSAdIBQVVfeXFMTzJfM2hYVE5vY0VlZWFPVmFJTlh6NEtwYzU2dmpZZGtMOTJJTHFITEs1RXhFQThOVUlVaksyLWRPcVM2VDczSk14OXpPYU1lZjVMeTBoY2dGaDlxTmVRSlZ3eV9DdDRJdXUwWVVUMmxZNkZkcHFZTWp4eTlvYWtUNVpTSnRhMlM3MldiWEhEdklZQlhrcnB4M0xpWk5Pb1VzVzFDSDBydVcxQjAtTUFEdW5UOUpRVUd6SGhua2NsUDhKWUtyZmZnWDBTUDkwLWFqY2Nn?oc=5"" target=""_blank"">Endurance Technologies to set up lithium-ion battery pack plant in Maharashtra</a>&nbsp;&nbsp;<font color=""#6f6f6f"">CNBC TV18</font>",2025-04-30 07:00:00,CNBC TV18,https://news.google.com/rss/articles/CBMizAFBVV95cUxQV2FWZ1FHb1lwd3BxdDFpRUVSR0N6RFN5UU9Nei1SWHFMQnFVMVlrbGw0VzVhT0pqb2ZWeUhqZ3BsNGFiUVFoOWYxUGJ3blc4VzZ4dEJGZGJyT2Fub01STGFzWE1mTWE1OThFTFJKMDNES0lEQzFUbUhVVktDdnE5T3hmVTNzUkdNclVjZHowV1FadmR1UC1adlJxQVQtNUlkRFBYOGhQbDFwVjJQenpMQ2JPLU5qQlFBdU9kMHl4SWFZOWRFNE5OcmpDaFDSAdIBQVVfeXFMTzJfM2hYVE5vY0VlZWFPVmFJTlh6NEtwYzU2dmpZZGtMOTJJTHFITEs1RXhFQThOVUlVaksyLWRPcVM2VDczSk14OXpPYU1lZjVMeTBoY2dGaDlxTmVRSlZ3eV9DdDRJdXUwWVVUMmxZNkZkcHFZTWp4eTlvYWtUNVpTSnRhMlM3MldiWEhEdklZQlhrcnB4M0xpWk5Pb1VzVzFDSDBydVcxQjAtTUFEdW5UOUpRVUd6SGhua2NsUDhKWUtyZmZnWDBTUDkwLWFqY2Nn?oc=5
ENDURANCE,Endurance Technologies Limited,"Bajaj Auto key to Endurance Tech's sales recovery, says CFO - CNBC TV18","<a href=""https://news.google.com/rss/articles/CBMiowFBVV95cUxOOGRUVDk0RGJUNTJLWkJlNEdRR0g5RUJfNXR3M2Q4TDBoT0VWSENJMENsdU9fU0kzeExFUFBRSmVRd2tlRUI3bEVFWlRuZkVxeEE5MURvcWtxZDRmbHl0bGs5R2xPTmVmR0FkeVQtSTVwMWs5ZWstaDhBZ2R6LWY1UW1uM0E5WnYtYV9VajBBUTJOekFDMGFYbHoxN3RfVVlZVDhV0gGoAUFVX3lxTE4zWXJqMElkMXltdWY3Vm1aTVVqTVk3LUpJZ3k3SUFia01iN2dhRTd4VTNvWk5MQnpmMWhLWXB6ZUZjR05uRTdEZ3poSWxWd1U0Y2hBNnZZcGE3aDhubWJnUjhhSXRvTzRSekpad3dyRWY3UmhhVzBnUFp2U3d6WWMwU0Z3cEVjc252MjVod3lwaTUtX0hlSUNIeTFiZDNSQmVFQUZtR3Z3dw?oc=5"" target=""_blank"">Bajaj Auto key to Endurance Tech's sales recovery, says CFO</a>&nbsp;&nbsp;<font color=""#6f6f6f"">CNBC TV18</font>",2025-03-22 07:00:00,CNBC TV18,https://news.google.com/rss/articles/CBMiowFBVV95cUxOOGRUVDk0RGJUNTJLWkJlNEdRR0g5RUJfNXR3M2Q4TDBoT0VWSENJMENsdU9fU0kzeExFUFBRSmVRd2tlRUI3bEVFWlRuZkVxeEE5MURvcWtxZDRmbHl0bGs5R2xPTmVmR0FkeVQtSTVwMWs5ZWstaDhBZ2R6LWY1UW1uM0E5WnYtYV9VajBBUTJOekFDMGFYbHoxN3RfVVlZVDhV0gGoAUFVX3lxTE4zWXJqMElkMXltdWY3Vm1aTVVqTVk3LUpJZ3k3SUFia01iN2dhRTd4VTNvWk5MQnpmMWhLWXB6ZUZjR05uRTdEZ3poSWxWd1U0Y2hBNnZZcGE3aDhubWJnUjhhSXRvTzRSekpad3dyRWY3UmhhVzBnUFp2U3d6WWMwU0Z3cEVjc252MjVod3lwaTUtX0hlSUNIeTFiZDNSQmVFQUZtR3Z3dw?oc=5
ENDURANCE,Endurance Technologies Limited,Endurance Technologies shares rally 4% after subsidiary acquires Italy-based Ingenia Automation - Upstox,"<a href=""https://news.google.com/rss/articles/CBMi1AFBVV95cUxOOGJkQ2FEX3BrcGwzbmtvYnJHR2drdkhPa05pRFhMYUwzMGpSSTRmTW1PM1gwVEpETm5ZNmx4UGpJYS1SUUtyX2ZMMmtVbmNfWDRKTURBcXU5UkxjZDROMWp4ZkpPVGlpUFRUTFNiVnFaWktoUk9IQWRoRURuRXowaGMzWUtIUE9fVDV5a19BQ0dXU3FZSE5mRld4SzBORlM3enl6RUZ5a1lCOHJTd3Z4bTRzNkZtV0dKczBvYV9NSkZMc1VNQU90WXB5Ynl0TVJaaHF1MA?oc=5"" target=""_blank"">Endurance Technologies shares rally 4% after subsidiary acquires Italy-based Ingenia Automation</a>&nbsp;&nbsp;<font color=""#6f6f6f"">Upstox</font>",2024-06-03 07:00:00,Upstox,https://news.google.com/rss/articles/CBMi1AFBVV95cUxOOGJkQ2FEX3BrcGwzbmtvYnJHR2drdkhPa05pRFhMYUwzMGpSSTRmTW1PM1gwVEpETm5ZNmx4UGpJYS1SUUtyX2ZMMmtVbmNfWDRKTURBcXU5UkxjZDROMWp4ZkpPVGlpUFRUTFNiVnFaWktoUk9IQWRoRURuRXowaGMzWUtIUE9fVDV5a19BQ0dXU3FZSE5mRld4SzBORlM3enl6RUZ5a1lCOHJTd3Z4bTRzNkZtV0dKczBvYV9NSkZMc1VNQU90WXB5Ynl0TVJaaHF1MA?oc=5
ENDURANCE,Endurance Technologies Limited,"Endurance Technologies Q3 Results | Net profit surges 21% to ₹184 crore, revenue up 12% - CNBC TV18","<a href=""https://news.google.com/rss/articles/CBMi4gFBVV95cUxQbTROVGF6RVV1ZzRQOXhIT1BhaXFYMHNqRk9GdzZMRlZLWUVBdDhDajRGWUQyZnJERHhEdXNQTmxEVWRYWWhOY0RxSGJjaDVVc3ZwbVUxWnVwd3RULWlwUUdQZ3ZjX09QWXpBVVp6Nmcyd3U4ZEE4R0pJSVhUaGd0c21UY29aY0lRQmwwRHpHR2UxMXAxZ3Y4aHpPQjk0a0NVMHo1RndZTURPcTh5aFl0WjlCTkpad04tM083cG0xVUVTRE5SMmlUZ1IxMGVSY3RINmlwNDNGZVQ0N2FmVVNHTE5B0gHnAUFVX3lxTE5xa2dMOGM2RllRUXJ6VUlIVlVjcTI2ZFh6N2EyWGdOQU92aks3UUx1ZmtCZUNNblVpWmdCVGluRTA2bDdRbWRzWGFibVVKcGQxd3BFNmFFTmxfZkd3YUNUMHJlVVZ5ZTdGVUJMYWhUX202dkJydDJubE1MWDlzd05ucE03WnY4MUItTHdOQ3dQZXhDRHVRR0FwSzJ3RzZhaEkyc0lkaW5KYTZjY2hHdHRmbHRpX25nWmpGV2x2MVp0VmZOMkFEdjFPV2t1eXlvT3pmdWJDQWlzanBMaTZvZTdyZU4wenpRaw?oc=5"" target=""_blank"">Endurance Technologies Q3 Results | Net profit surges 21% to ₹184 crore, revenue up 12%</a>&nbsp;&nbsp;<font color=""#6f6f6f"">CNBC TV18</font>",2025-02-12 08:00:00,CNBC TV18,https://news.google.com/rss/articles/CBMi4gFBVV95cUxQbTROVGF6RVV1ZzRQOXhIT1BhaXFYMHNqRk9GdzZMRlZLWUVBdDhDajRGWUQyZnJERHhEdXNQTmxEVWRYWWhOY0RxSGJjaDVVc3ZwbVUxWnVwd3RULWlwUUdQZ3ZjX09QWXpBVVp6Nmcyd3U4ZEE4R0pJSVhUaGd0c21UY29aY0lRQmwwRHpHR2UxMXAxZ3Y4aHpPQjk0a0NVMHo1RndZTURPcTh5aFl0WjlCTkpad04tM083cG0xVUVTRE5SMmlUZ1IxMGVSY3RINmlwNDNGZVQ0N2FmVVNHTE5B0gHnAUFVX3lxTE5xa2dMOGM2RllRUXJ6VUlIVlVjcTI2ZFh6N2EyWGdOQU92aks3UUx1ZmtCZUNNblVpWmdCVGluRTA2bDdRbWRzWGFibVVKcGQxd3BFNmFFTmxfZkd3YUNUMHJlVVZ5ZTdGVUJMYWhUX202dkJydDJubE1MWDlzd05ucE03WnY4MUItTHdOQ3dQZXhDRHVRR0FwSzJ3RzZhaEkyc0lkaW5KYTZjY2hHdHRmbHRpX25nWmpGV2x2MVp0VmZOMkFEdjFPV2t1eXlvT3pmdWJDQWlzanBMaTZvZTdyZU4wenpRaw?oc=5
ENDURANCE,Endurance Technologies Limited,Endurance Tech gains nearly 3% on announcing capacity addition for aluminium die casting - CNBC TV18,"<a href=""https://news.google.com/rss/articles/CBMivgFBVV95cUxNZGZ3MUlSQXQwRVhNNURWVGUtWGNjYm93ME5UaGVjVzFVdzlLc25oZ0lGR1UwMy1HdmFFT1dydTlvek1UYm1yOE1sWExOdlFJQW1ic0hZdU9mZjk5Nl9UdFFrWmNOZkNTbWk5aUhrTFBydUNub3V2YXZrMWZ6VXpTZVdOUVJGRXNzeXNPa0pMVXNobkxtYnhLWkRrakZ2Tkdpb2RyUDhLc2FaODRwelp4Rl9ZVlpVajY4RGd2VUJR0gHDAUFVX3lxTE81cXV2X1V6VExkNHpRVDJlLXlkWEZmVXR3dmdnOEZlcFRyemp1MUdfNlhCVEVYdmxnMDJBZzZJSVd2QTFRZkxRa1lRSXI5RVVRWUdjeF9PcC1rRDJDMS1lRXBkZVZROFVKUlJCRWh6WGFPdVYzSXhfNlJiMUNuSXVQSk4tWEZ2LUV3OU1yS1NORzhIU05lZmJNYVZQQ2ZRLUQ4bVVvbVpHUmJjcGhZbklFanZTSzdtTTdGY09pYnVrbk9hRQ?oc=5"" target=""_blank"">Endurance Tech gains nearly 3% on announcing capacity addition for aluminium die casting</a>&nbsp;&nbsp;<font color=""#6f6f6f"">CNBC TV18</font>",2024-04-18 07:00:00,CNBC TV18,https://news.google.com/rss/articles/CBMivgFBVV95cUxNZGZ3MUlSQXQwRVhNNURWVGUtWGNjYm93ME5UaGVjVzFVdzlLc25oZ0lGR1UwMy1HdmFFT1dydTlvek1UYm1yOE1sWExOdlFJQW1ic0hZdU9mZjk5Nl9UdFFrWmNOZkNTbWk5aUhrTFBydUNub3V2YXZrMWZ6VXpTZVdOUVJGRXNzeXNPa0pMVXNobkxtYnhLWkRrakZ2Tkdpb2RyUDhLc2FaODRwelp4Rl9ZVlpVajY4RGd2VUJR0gHDAUFVX3lxTE81cXV2X1V6VExkNHpRVDJlLXlkWEZmVXR3dmdnOEZlcFRyemp1MUdfNlhCVEVYdmxnMDJBZzZJSVd2QTFRZkxRa1lRSXI5RVVRWUdjeF9PcC1rRDJDMS1lRXBkZVZROFVKUlJCRWh6WGFPdVYzSXhfNlJiMUNuSXVQSk4tWEZ2LUV3OU1yS1NORzhIU05lZmJNYVZQQ2ZRLUQ4bVVvbVpHUmJjcGhZbklFanZTSzdtTTdGY09pYnVrbk9hRQ?oc=5
ENDURANCE,Endurance Technologies Limited,Endurance Technologies is stock pick of the week as 3 factors are driving its revenue growth - The Economic Times,"<a href=""https://news.google.com/rss/articles/CBMi8gFBVV95cUxNQjctVG1qV0E5bnJIRFdfdWdERlJiMVd0UDlUMFlPOVZQSGhaNkNuRzdiSkNZYTM3LURqdWZNanNNQTY0VHBDalZsbkkyaHVsM25JOEFvVlJSQUhuQzdNX0REM3N2ZS1xS3l3T2dhbU5kazd4cVZ0ZlpGMUcwTjM1TS1aVzQyWU9DUU45R2R0dmhDZUV5STliM2VRVXowUG9LRHItYXlHT2otcGNOU2VDY2dUdHIwUkU4dW5iZUdMSEw1WWlxUFRqaUNlaXZkMmhMNndreVFfcDNGWWxmSmgxX2wwRUs3bjhCQm8zdE0wanpjd9IB9wFBVV95cUxPTEx2SzY0eGdoTlR3OVFUVWdPYnJyZ1EtNzBXMk8yNmd1RDlpTXpJdVRadHowR2RFSmJyWXdDOWQ3dFUzN1FxZThGUkNWUmthbjRma1hfd0U3UWhJMWFWRndLMlNsczZlWVB3V3lJWUhYZWlZSDVJOURMaU5UbmxZWVFIbXZWN3ZHR3JjaGFVTU5rT3RveW9MYlpGellGcV8yUU5SWXBQa3Iwek52RE95TkxOQkpmbnBLZXJWOEpyOWY0SkxIRENUYWF0LXV2SGJxRVUwSllhcUtFdVhJWlg0WGFUUlpiNGI1SmtnT2JtXzZFTFlDLVNn?oc=5"" target=""_blank"">Endurance Technologies is stock pick of the week as 3 factors are driving its revenue growth</a>&nbsp;&nbsp;<font color=""#6f6f6f"">The Economic Times</font>",2025-01-27 08:00:00,The Economic Times,https://news.google.com/rss/articles/CBMi8gFBVV95cUxNQjctVG1qV0E5bnJIRFdfdWdERlJiMVd0UDlUMFlPOVZQSGhaNkNuRzdiSkNZYTM3LURqdWZNanNNQTY0VHBDalZsbkkyaHVsM25JOEFvVlJSQUhuQzdNX0REM3N2ZS1xS3l3T2dhbU5kazd4cVZ0ZlpGMUcwTjM1TS1aVzQyWU9DUU45R2R0dmhDZUV5STliM2VRVXowUG9LRHItYXlHT2otcGNOU2VDY2dUdHIwUkU4dW5iZUdMSEw1WWlxUFRqaUNlaXZkMmhMNndreVFfcDNGWWxmSmgxX2wwRUs3bjhCQm8zdE0wanpjd9IB9wFBVV95cUxPTEx2SzY0eGdoTlR3OVFUVWdPYnJyZ1EtNzBXMk8yNmd1RDlpTXpJdVRadHowR2RFSmJyWXdDOWQ3dFUzN1FxZThGUkNWUmthbjRma1hfd0U3UWhJMWFWRndLMlNsczZlWVB3V3lJWUhYZWlZSDVJOURMaU5UbmxZWVFIbXZWN3ZHR3JjaGFVTU5rT3RveW9MYlpGellGcV8yUU5SWXBQa3Iwek52RE95TkxOQkpmbnBLZXJWOEpyOWY0SkxIRENUYWF0LXV2SGJxRVUwSllhcUtFdVhJWlg0WGFUUlpiNGI1SmtnT2JtXzZFTFlDLVNn?oc=5
ENDURANCE,Endurance Technologies Limited,"Endurance Technologies Q2 Results | Net profit surges 31% to ₹203 crore, revenue up 14% to ₹2,912 crore - CNBC TV18","<a href=""https://news.google.com/rss/articles/CBMixAFBVV95cUxPNGt0bVRGRGRucERUb0h5OXk5UUFsZEtxMGh5LThJM2lhaGdrUW5xbWI0ZkgyVFpnYVRMYUE0VEF6LW9LZHItTWstZEU2XzZMOGpldWlqa0lqWG1BVjFaUlBUeHE3YVB3U2taX1lOb05acVhGYlUxZzA3UEV1anNiS3JvOE42T242UW5Zb3lrNVloM1U0RlBFZHJGazBkR21EZnE5M2pYdjRSdHM3N3dHUlg4MFFxR1lHOFpyQmZ4R2dsZTBh0gHKAUFVX3lxTE9aRDVlXzFsTUxsaUV2WlAwRGdnanF6RUhjZXA5T2wtODV1Tm05aG1sWGkxUWx5ZVo4emVXY1RZazBnekN5b0x3TVpZTU9VcVlSLVRXNFlCT2s2QVd4UjFxNjNmOXpYSXlVd29sLXZNZERXaDNySHBHN2pqTWFWOEZKdUxDenlNSXVlbFprQUhCM1JHVzdMazVLanBfai1TZlY1WXlHTUhJaGg0ZHVMOFFMWnJ6TkplU09mQ0xsOEE1LVNaOGVYNWM3T3c?oc=5"" target=""_blank"">Endurance Technologies Q2 Results | Net profit surges 31% to ₹203 crore, revenue up 14% to ₹2,912 crore</a>&nbsp;&nbsp;<font color=""#6f6f6f"">CNBC TV18</font>",2024-11-06 08:00:00,CNBC TV18,https://news.google.com/rss/articles/CBMixAFBVV95cUxPNGt0bVRGRGRucERUb0h5OXk5UUFsZEtxMGh5LThJM2lhaGdrUW5xbWI0ZkgyVFpnYVRMYUE0VEF6LW9LZHItTWstZEU2XzZMOGpldWlqa0lqWG1BVjFaUlBUeHE3YVB3U2taX1lOb05acVhGYlUxZzA3UEV1anNiS3JvOE42T242UW5Zb3lrNVloM1U0RlBFZHJGazBkR21EZnE5M2pYdjRSdHM3N3dHUlg4MFFxR1lHOFpyQmZ4R2dsZTBh0gHKAUFVX3lxTE9aRDVlXzFsTUxsaUV2WlAwRGdnanF6RUhjZXA5T2wtODV1Tm05aG1sWGkxUWx5ZVo4emVXY1RZazBnekN5b0x3TVpZTU9VcVlSLVRXNFlCT2s2QVd4UjFxNjNmOXpYSXlVd29sLXZNZERXaDNySHBHN2pqTWFWOEZKdUxDenlNSXVlbFprQUhCM1JHVzdMazVLanBfai1TZlY1WXlHTUhJaGg0ZHVMOFFMWnJ6TkplU09mQ0xsOEE1LVNaOGVYNWM3T3c?oc=5
ENDURANCE,Endurance Technologies Limited,Endurance Technologies' Profit Beat Drives Shares To Four-Month High - NDTV Profit,"<a href=""https://news.google.com/rss/articles/CBMiwgFBVV95cUxQZGl2RktNOXpDeHY5NFY0V3lFcGpBSEdnZlV2MTd5bm9CR2xua09hTkJBQUNXcFF3OE1KTXEzemF0SU9yMWNNVHlzVWg4eEkzNkxUYk4xU0NUU3NjZ2F1bW5wTjZPZHBMYkljVDI4aTh2N3NRVGJNVFd0RGFMT0NoS3dwNWdKdk1VT00xaEw5WnpsaEZoMlE2aXRhcjJpNUthTGh0Vm5wcFpiNm1YVy1EQ0pVTnJ6QVQ5ekpvMmdiSmk5Z9IBzAFBVV95cUxQQmlULUtyc1NvdXp2WHdHUkZSanJaZERjd2ktTUhZUFZTZG1QT0xrYmd0cVNqakJhWEZxNzFvclN2aWw3VUxfU3hpUEJvSUxvZGVWNFVORklmbWhlaWwyWldpMy1wd3kydEVVTmpkN0xPOGJWSEpjMVE1dEJFZzNjSnVMeWJnejkwQWNpdnM4RDZkVlNHc2hBYWx5V250aDJHbG1seml4Tm1SaUhVcjRmLW9aa0FDQW0wWDhxWEs1SFZHNmFuYlVJenVVeU4?oc=5"" target=""_blank"">Endurance Technologies' Profit Beat Drives Shares To Four-Month High</a>&nbsp;&nbsp;<font color=""#6f6f6f"">NDTV Profit</font>",2024-05-17 07:00:00,NDTV Profit,https://news.google.com/rss/articles/CBMiwgFBVV95cUxQZGl2RktNOXpDeHY5NFY0V3lFcGpBSEdnZlV2MTd5bm9CR2xua09hTkJBQUNXcFF3OE1KTXEzemF0SU9yMWNNVHlzVWg4eEkzNkxUYk4xU0NUU3NjZ2F1bW5wTjZPZHBMYkljVDI4aTh2N3NRVGJNVFd0RGFMT0NoS3dwNWdKdk1VT00xaEw5WnpsaEZoMlE2aXRhcjJpNUthTGh0Vm5wcFpiNm1YVy1EQ0pVTnJ6QVQ5ekpvMmdiSmk5Z9IBzAFBVV95cUxQQmlULUtyc1NvdXp2WHdHUkZSanJaZERjd2ktTUhZUFZTZG1QT0xrYmd0cVNqakJhWEZxNzFvclN2aWw3VUxfU3hpUEJvSUxvZGVWNFVORklmbWhlaWwyWldpMy1wd3kydEVVTmpkN0xPOGJWSEpjMVE1dEJFZzNjSnVMeWJnejkwQWNpdnM4RDZkVlNHc2hBYWx5V250aDJHbG1seml4Tm1SaUhVcjRmLW9aa0FDQW0wWDhxWEs1SFZHNmFuYlVJenVVeU4?oc=5
ENDURANCE,Endurance Technologies Limited,Endurance Technologies Q3 Results - Mint,"<a href=""https://news.google.com/rss/articles/CBMikAFBVV95cUxQQ3dSbzZfN3FWYmRWYll2SkxGTHNoTV9GQUdFTEs1VVZYTGw3eVpvRVdMUUkzZWg4WHFXN3NaNTlDU2NIMlpiYXRvVkxUOGRwdXI4N0dtNzVnNjVlS3BVZzhscVdNdGZuaWVCSzBHYm9TWnRkUFlUUEp6Rm9JYVdscHVqMmNlZnNKUEdtZ0dWSEg?oc=5"" target=""_blank"">Endurance Technologies Q3 Results</a>&nbsp;&nbsp;<font color=""#6f6f6f"">Mint</font>",2023-11-29 14:51:24,Mint,https://news.google.com/rss/articles/CBMikAFBVV95cUxQQ3dSbzZfN3FWYmRWYll2SkxGTHNoTV9GQUdFTEs1VVZYTGw3eVpvRVdMUUkzZWg4WHFXN3NaNTlDU2NIMlpiYXRvVkxUOGRwdXI4N0dtNzVnNjVlS3BVZzhscVdNdGZuaWVCSzBHYm9TWnRkUFlUUEp6Rm9JYVdscHVqMmNlZnNKUEdtZ0dWSEg?oc=5
ENDURANCE,Endurance Technologies Limited,"Endurance Tech acquires 51% in Maxwell Energy Systems, eyes foray into EV products - Moneycontrol.com","<a href=""https://news.google.com/rss/articles/CBMi7gFBVV95cUxNY1U3ZHdHOTZFYk16OGJ2M2pFOVFnTUZ6cmdUdmJSNEdXOHpxUWQzbE9oeVg3aVVSQmlGejRMVFM3Qm1DS3FwV1VuNUJ0ZE9Sc1RnUXhTLTZxOHFRb1dmd0hlWXBPZ3AxT3hqNjA5bHZWbWtaRHhGMmVVTldCSjZIRmVfNHFKTGl5dHVTWHgzWVFlcG53UnByX3F3TXZUb3lyTXdXakY2c05wNERuWnJNR2Ytbk5UQ2Y5NHdPY3BvRnU2X1cyMzVyUGdGQmwyVkRiSklmV2xhb3kwOEotMlRqdFlsTXpiRzU5VDBFNXJ30gHzAUFVX3lxTE56RWRfMnRCU3Fnb3hCaFU3aGduUC1TMUxPZkxZNHljTTlmSEtwNXlpYlNmcGU5UU1PRzhKajdWWUpmbktrSUlaYTdWNzhWa3A0WTAwQUg2aTdfeXRSWm1ZM3FZbzQ0MlAxNF9uVDBHUUhLTHNsQm1LRWFvT3F3YzRqNWo0M2ZLNFVTUzRrQnFZbVBCSTlhamNMVEdJeFV5ZGZUa09FVmNWdzcybjZvYU9PWmxJZmpmaS1GWURBOFlYcEkxNDVqcmFjSUd3S2I2cW9iclY2QWI1QTRLQW05SFNhVHdaWkhDZU5qZG9uVDZCQW5kaw?oc=5"" target=""_blank"">Endurance Tech acquires 51% in Maxwell Energy Systems, eyes foray into EV products</a>&nbsp;&nbsp;<font color=""#6f6f6f"">Moneycontrol.com</font>",2022-07-01 07:00:00,Moneycontrol.com,https://news.google.com/rss/articles/CBMi7gFBVV95cUxNY1U3ZHdHOTZFYk16OGJ2M2pFOVFnTUZ6cmdUdmJSNEdXOHpxUWQzbE9oeVg3aVVSQmlGejRMVFM3Qm1DS3FwV1VuNUJ0ZE9Sc1RnUXhTLTZxOHFRb1dmd0hlWXBPZ3AxT3hqNjA5bHZWbWtaRHhGMmVVTldCSjZIRmVfNHFKTGl5dHVTWHgzWVFlcG53UnByX3F3TXZUb3lyTXdXakY2c05wNERuWnJNR2Ytbk5UQ2Y5NHdPY3BvRnU2X1cyMzVyUGdGQmwyVkRiSklmV2xhb3kwOEotMlRqdFlsTXpiRzU5VDBFNXJ30gHzAUFVX3lxTE56RWRfMnRCU3Fnb3hCaFU3aGduUC1TMUxPZkxZNHljTTlmSEtwNXlpYlNmcGU5UU1PRzhKajdWWUpmbktrSUlaYTdWNzhWa3A0WTAwQUg2aTdfeXRSWm1ZM3FZbzQ0MlAxNF9uVDBHUUhLTHNsQm1LRWFvT3F3YzRqNWo0M2ZLNFVTUzRrQnFZbVBCSTlhamNMVEdJeFV5ZGZUa09FVmNWdzcybjZvYU9PWmxJZmpmaS1GWURBOFlYcEkxNDVqcmFjSUd3S2I2cW9iclY2QWI1QTRLQW05SFNhVHdaWkhDZU5qZG9uVDZCQW5kaw?oc=5
ENDURANCE,Endurance Technologies Limited,Endurance Technologies slips 8% as Q3 profit halves to Rs 95 crore - Business Standard,"<a href=""https://news.google.com/rss/articles/CBMivAFBVV95cUxNTDYwbFVQVkY3dFV3bmpuTzBBY3JGeFJCZGZWN1B3QjdQZldCSjZYU3pjdVR6SUNEbzRyZDRPQ0lXTjViTHFncGlvWmtPOWVkc1Z3Vk1FQjJKY2UxOUotWlV5Rm1GWTEtTTloS2x3eWtoM0tENklIYk5CQk53bldlN2MwUkYxTXZsR3djVFpmQkRDREY3N1gxMkUxbHJHcEtsWDJFajJhWDJGN0kybzZwbkx2QkJfMG85TGVrdNIBwgFBVV95cUxQMXBHQ3RVdGZycjZMYnhEamtrT01uczdSNU9DRDhDMGxjZmF4Y0s1RkVSTGJPeDBsNHRvR2Z3cDhYQlU3YVo5cFU0OWV0SWFHVUxxdXQtNWQ1d1p4a2VibjBvNzFUUTJNREtTbTVoU0hMcmR2YUJFZHg5S3RqanFHcFlIVmlaRTFVSnFuZ1FZMlpsS1FnZjJGamRDdEJSbzQwclFHdS1mZG55bllpVUMycmMzd0tDUWJ1UW5DdW80LW9nZw?oc=5"" target=""_blank"">Endurance Technologies slips 8% as Q3 profit halves to Rs 95 crore</a>&nbsp;&nbsp;<font color=""#6f6f6f"">Business Standard</font>",2022-02-09 08:00:00,Business Standard,https://news.google.com/rss/articles/CBMivAFBVV95cUxNTDYwbFVQVkY3dFV3bmpuTzBBY3JGeFJCZGZWN1B3QjdQZldCSjZYU3pjdVR6SUNEbzRyZDRPQ0lXTjViTHFncGlvWmtPOWVkc1Z3Vk1FQjJKY2UxOUotWlV5Rm1GWTEtTTloS2x3eWtoM0tENklIYk5CQk53bldlN2MwUkYxTXZsR3djVFpmQkRDREY3N1gxMkUxbHJHcEtsWDJFajJhWDJGN0kybzZwbkx2QkJfMG85TGVrdNIBwgFBVV95cUxQMXBHQ3RVdGZycjZMYnhEamtrT01uczdSNU9DRDhDMGxjZmF4Y0s1RkVSTGJPeDBsNHRvR2Z3cDhYQlU3YVo5cFU0OWV0SWFHVUxxdXQtNWQ1d1p4a2VibjBvNzFUUTJNREtTbTVoU0hMcmR2YUJFZHg5S3RqanFHcFlIVmlaRTFVSnFuZ1FZMlpsS1FnZjJGamRDdEJSbzQwclFHdS1mZG55bllpVUMycmMzd0tDUWJ1UW5DdW80LW9nZw?oc=5
ENDURANCE,Endurance Technologies Limited,Endurance Technologies drops plans to make tyres - Tyrepress,"<a href=""https://news.google.com/rss/articles/CBMiiwFBVV95cUxQZUNxRklaaUM4RkkweVpHRFBkSF9JazVZdDQ5bmZ1b3MxbHlpaExGaEpzR1ZySi03VkRlcGM5YjZjdmtHdGp6b0JtOUlzdXZqLUF0R3ZndjFYMG9nUTI3TlZNTWlWMHFhU1NzRXRFUmMxZW5GQ1lJN2lqbFB3UXBWU2tMc2JiT3M5dk5n?oc=5"" target=""_blank"">Endurance Technologies drops plans to make tyres</a>&nbsp;&nbsp;<font color=""#6f6f6f"">Tyrepress</font>",2019-08-09 07:00:00,Tyrepress,https://news.google.com/rss/articles/CBMiiwFBVV95cUxQZUNxRklaaUM4RkkweVpHRFBkSF9JazVZdDQ5bmZ1b3MxbHlpaExGaEpzR1ZySi03VkRlcGM5YjZjdmtHdGp6b0JtOUlzdXZqLUF0R3ZndjFYMG9nUTI3TlZNTWlWMHFhU1NzRXRFUmMxZW5GQ1lJN2lqbFB3UXBWU2tMc2JiT3M5dk5n?oc=5
ENDURANCE,Endurance Technologies Limited,"Top Stock to Buy on Monday – Dr Reddy’s Lab, Endurance Technologies, EIH Associated for BUMPER GAINS – Sandeep Jain tells why - Zee Business","<a href=""https://news.google.com/rss/articles/CBMi-gFBVV95cUxOcHBsWnl5bDlndVJhUWk0dzR5dE1GRnVtaDRaY29NUXRza1d4bEhiRl9RcGVGYXY4NWZ3TTNPQWg3b214WWcyUE9xVk4ySzQ3bnpTaEhidDRBT1RKVjZCWHNhZTBwWU5qbzlmdDJ2TURiUFFKZGIyTXJSbm1tYlZjXzY3X1NDb2dPZWd6Q2phWFd6ZHhxMjl0TUdIdG1nbEw3aFR1R1E2TjRDTk94VGVxc0tMZU9qWFZRSGU5TXE1bGJ2aFpnTGVsbXF1aDhkLUozSkhqNlk3VGFDcWM2bnRWczlPOHBkOS1uUnliZTdfLS1BUDk5bVRGMU1R?oc=5"" target=""_blank"">Top Stock to Buy on Monday – Dr Reddy’s Lab, Endurance Technologies, EIH Associated for BUMPER GAINS – Sandeep Jain tells why</a>&nbsp;&nbsp;<font color=""#6f6f6f"">Zee Business</font>",2021-07-25 07:00:00,Zee Business,https://news.google.com/rss/articles/CBMi-gFBVV95cUxOcHBsWnl5bDlndVJhUWk0dzR5dE1GRnVtaDRaY29NUXRza1d4bEhiRl9RcGVGYXY4NWZ3TTNPQWg3b214WWcyUE9xVk4ySzQ3bnpTaEhidDRBT1RKVjZCWHNhZTBwWU5qbzlmdDJ2TURiUFFKZGIyTXJSbm1tYlZjXzY3X1NDb2dPZWd6Q2phWFd6ZHhxMjl0TUdIdG1nbEw3aFR1R1E2TjRDTk94VGVxc0tMZU9qWFZRSGU5TXE1bGJ2aFpnTGVsbXF1aDhkLUozSkhqNlk3VGFDcWM2bnRWczlPOHBkOS1uUnliZTdfLS1BUDk5bVRGMU1R?oc=5
ENDURANCE,Endurance Technologies Limited,Endurance Technologies rebounds 17% as management withdraws expansion plan - Business Standard,"<a href=""https://news.google.com/rss/articles/CBMi2wFBVV95cUxOVU1IYk5IcF94elUyeURUTkRRSDFjYzVzQXNTMkxyaWtJaTBfUVpmazFPOXkxMkFRTUxJWDlXUV9fZXJSeklha2ZsOS04eUNsdlVUV05OQnZNc0Z6Z3IySDFNaUE5X2NIZlk1ck5DOGdJbUhsSWZocnFFUEM2bHpRMVFiOWoxR2R5X0ZDUXRmc3U2X0ExSkVnRjJNYlBvZENZaVdSVkpScVY2ZG1NMW9ocXZCdkJycXdyZEVQV2ZaQXZja3B4OUVhd0s2Sk9iYm1jN21YQVU1WXhpT1HSAeABQVVfeXFMTmJhRlhVYjRFSC1hR3YwbWdiX1NGUEZ0NWItZzVBUWxEUmdzaVlnSG50R21ISjk4bmRpcC1JZndSSFptU000SWtRYVRhbllTX2pxWngxOHhjNGpkNmNwTHRwcENaVkhuLUpuZGRDM04yM01qWUpPMHItQVBlYWhiTWVURm52YWlTb3cwbG14NXBGMTZVNXBWZF9LTS03RWhjM2o3UElCSkIzbkZ2X0dpQ1hLNV9rLVBPcmNTaVdSby1TNmpqVWhLUzN6NU1uRTdENzVtZGF3OG9aVThuUjB4M0Q?oc=5"" target=""_blank"">Endurance Technologies rebounds 17% as management withdraws expansion plan</a>&nbsp;&nbsp;<font color=""#6f6f6f"">Business Standard</font>",2019-08-09 07:00:00,Business Standard,https://news.google.com/rss/articles/CBMi2wFBVV95cUxOVU1IYk5IcF94elUyeURUTkRRSDFjYzVzQXNTMkxyaWtJaTBfUVpmazFPOXkxMkFRTUxJWDlXUV9fZXJSeklha2ZsOS04eUNsdlVUV05OQnZNc0Z6Z3IySDFNaUE5X2NIZlk1ck5DOGdJbUhsSWZocnFFUEM2bHpRMVFiOWoxR2R5X0ZDUXRmc3U2X0ExSkVnRjJNYlBvZENZaVdSVkpScVY2ZG1NMW9ocXZCdkJycXdyZEVQV2ZaQXZja3B4OUVhd0s2Sk9iYm1jN21YQVU1WXhpT1HSAeABQVVfeXFMTmJhRlhVYjRFSC1hR3YwbWdiX1NGUEZ0NWItZzVBUWxEUmdzaVlnSG50R21ISjk4bmRpcC1JZndSSFptU000SWtRYVRhbllTX2pxWngxOHhjNGpkNmNwTHRwcENaVkhuLUpuZGRDM04yM01qWUpPMHItQVBlYWhiTWVURm52YWlTb3cwbG14NXBGMTZVNXBWZF9LTS03RWhjM2o3UElCSkIzbkZ2X0dpQ1hLNV9rLVBPcmNTaVdSby1TNmpqVWhLUzN6NU1uRTdENzVtZGF3OG9aVThuUjB4M0Q?oc=5
ENDURANCE,Endurance Technologies Limited,Endurance Technologies acquires Italian firm Adler - ET Auto,"<a href=""https://news.google.com/rss/articles/CBMivwFBVV95cUxNR3dzXzY0dVRUWjN4SWFkRGRqM0hNMDFEZ3dEX1h0SV9GRi1SNHpIdnJ0T3V1SFY3c3dlV1NoM2FPRXZFMGg2eFBvZ3BHUWY5WXdqZEtMcHlXNkhIRHV1M3FpU2R1MWNrdEFsLW1pUVJKaG80Sm9oWGdGNHVGeGdwX09vbEZxNllFNTZhU2pYekh0N2lXeWhaYzUyTG4zT1ZWd1ZweXhIN29IV1FxeUZLRC16cGNhOVBQS1RBXzBtWdIBxAFBVV95cUxNZnJvaXZMeVlxVDhJMFdiLVBrUW1PM2xva3hrUXV2YXY4THZURFBtdkswZF81NzN3V0FZRzI2VXJyRS1LR2VuaXhJc1BQX3ljM2RNQnU3V1hZVUNEeDJvTlNpcWpqel9hcDBsWG5mSXlyZVRpLWtLZjVqM05YS2M5ekVtQUdnU3U4ZjdzUENDOGZxaVdkclVpRjBfVm9BaWEwWWpPUjhMSFlNb2dmdGJ6YlZFWFVMaVY4SkNnU3FfWUpHemFL?oc=5"" target=""_blank"">Endurance Technologies acquires Italian firm Adler</a>&nbsp;&nbsp;<font color=""#6f6f6f"">ET Auto</font>",2020-04-16 07:00:00,ET Auto,https://news.google.com/rss/articles/CBMivwFBVV95cUxNR3dzXzY0dVRUWjN4SWFkRGRqM0hNMDFEZ3dEX1h0SV9GRi1SNHpIdnJ0T3V1SFY3c3dlV1NoM2FPRXZFMGg2eFBvZ3BHUWY5WXdqZEtMcHlXNkhIRHV1M3FpU2R1MWNrdEFsLW1pUVJKaG80Sm9oWGdGNHVGeGdwX09vbEZxNllFNTZhU2pYekh0N2lXeWhaYzUyTG4zT1ZWd1ZweXhIN29IV1FxeUZLRC16cGNhOVBQS1RBXzBtWdIBxAFBVV95cUxNZnJvaXZMeVlxVDhJMFdiLVBrUW1PM2xva3hrUXV2YXY4THZURFBtdkswZF81NzN3V0FZRzI2VXJyRS1LR2VuaXhJc1BQX3ljM2RNQnU3V1hZVUNEeDJvTlNpcWpqel9hcDBsWG5mSXlyZVRpLWtLZjVqM05YS2M5ekVtQUdnU3U4ZjdzUENDOGZxaVdkclVpRjBfVm9BaWEwWWpPUjhMSFlNb2dmdGJ6YlZFWFVMaVY4SkNnU3FfWUpHemFL?oc=5
ENDURANCE,Endurance Technologies Limited,Endurance Technologies raises Rs348 crore from anchor investors - Mint,"<a href=""https://news.google.com/rss/articles/CBMiuwFBVV95cUxNR0dESktBRGJFNl9TVVNsTl9lMk9jWVZscjBmc01pLWM4ODd0cWo4MVRWeThldVNFQXBxY0ZuMGhrTVE1WW00Mlk2NWhfV0JUVG5jcWhzb0dnaUJ2ZkNGSjNNblViUHV4SzNHUFZ1Y1hDTWJkOVF1VEVERk8zcDB5Y0xVRC1MZ21uVE42UnNVSU1lQ29MZ18taml6bXhtQXNCWkp5T3hJSWFIWUZlQVBKaUhIQTVLZXZSRFlB0gHIAUFVX3lxTFBCWEtodGVXNGNibUZlUmRKY3QzbE5haWwzX2hGZjR3REF1ZXlQYnhrdVNPcHdGTTdxV2QzbWlFSWVhNUs5Zll2S1BkREJJMko3U2F5MmNlUGFFeTlqc1BBWDZoeF9CRzVyc0dZYVJQMEZwUzg1cnkzNFBDdTNMYllUUXRDdzdxVVdRRVF2MkZEUklrSDRETTlxNWtsQzBua3JxVVFjeVVLTF9TU2VxbjVKMVJqTDMxejdOWHVSWGFEdUNrakRZYktU?oc=5"" target=""_blank"">Endurance Technologies raises Rs348 crore from anchor investors</a>&nbsp;&nbsp;<font color=""#6f6f6f"">Mint</font>",2016-10-04 07:00:00,Mint,https://news.google.com/rss/articles/CBMiuwFBVV95cUxNR0dESktBRGJFNl9TVVNsTl9lMk9jWVZscjBmc01pLWM4ODd0cWo4MVRWeThldVNFQXBxY0ZuMGhrTVE1WW00Mlk2NWhfV0JUVG5jcWhzb0dnaUJ2ZkNGSjNNblViUHV4SzNHUFZ1Y1hDTWJkOVF1VEVERk8zcDB5Y0xVRC1MZ21uVE42UnNVSU1lQ29MZ18taml6bXhtQXNCWkp5T3hJSWFIWUZlQVBKaUhIQTVLZXZSRFlB0gHIAUFVX3lxTFBCWEtodGVXNGNibUZlUmRKY3QzbE5haWwzX2hGZjR3REF1ZXlQYnhrdVNPcHdGTTdxV2QzbWlFSWVhNUs5Zll2S1BkREJJMko3U2F5MmNlUGFFeTlqc1BBWDZoeF9CRzVyc0dZYVJQMEZwUzg1cnkzNFBDdTNMYllUUXRDdzdxVVdRRVF2MkZEUklrSDRETTlxNWtsQzBua3JxVVFjeVVLTF9TU2VxbjVKMVJqTDMxejdOWHVSWGFEdUNrakRZYktU?oc=5
ENDURANCE,Endurance Technologies Limited,Endurance Technologies OFS opens for non-retail; stock falls 10% - Business Standard,"<a href=""https://news.google.com/rss/articles/CBMiuAFBVV95cUxQd0RSZ3hKOHQyRUpKUHlTajdHTWVaT3Vjc0lsNXhGOE5KR2ZPbHJRaEZKU2J0NGZPOUZnYzFJbm8xR3N5dEV2el9TNmZWRU1QNkFqaGNNd1VHeW1iXzRtOEhtRHpBM3dhMXFHbEFSQ3F1MVhlWUEzM0pTRHZ1SDFfbnlpV2tVNVRaQ0p3S19uZHg5YmJUYlFTNVlEYVBscjdCLTRFWGc3eFNfR0NOZlpvVW1rdXJpSjJM0gG-AUFVX3lxTFAtSjNRRVg3MTFfZHVJZWVLT1Rja3J1WExsRWxJOEFFajAtZU9RSkV6ZG9oR3FxczJYRC1sclBScDRZcXlBcHFEN3NmZVdlTUowLWdJZ1g3aV9GaHczTUhWLXZ3MjZoX3Nob05VYXdtQnVWMFk4VmlJMm13VlNqM2wycm84RWdxYzZ0ZXJzaXJhckJJZ1BjdmZ0ZlMtamVpRmNZcWdERWJHMmlMS2NQNzk0QXJkbFRHSTIwdGZ1THc?oc=5"" target=""_blank"">Endurance Technologies OFS opens for non-retail; stock falls 10%</a>&nbsp;&nbsp;<font color=""#6f6f6f"">Business Standard</font>",2019-03-06 08:00:00,Business Standard,https://news.google.com/rss/articles/CBMiuAFBVV95cUxQd0RSZ3hKOHQyRUpKUHlTajdHTWVaT3Vjc0lsNXhGOE5KR2ZPbHJRaEZKU2J0NGZPOUZnYzFJbm8xR3N5dEV2el9TNmZWRU1QNkFqaGNNd1VHeW1iXzRtOEhtRHpBM3dhMXFHbEFSQ3F1MVhlWUEzM0pTRHZ1SDFfbnlpV2tVNVRaQ0p3S19uZHg5YmJUYlFTNVlEYVBscjdCLTRFWGc3eFNfR0NOZlpvVW1rdXJpSjJM0gG-AUFVX3lxTFAtSjNRRVg3MTFfZHVJZWVLT1Rja3J1WExsRWxJOEFFajAtZU9RSkV6ZG9oR3FxczJYRC1sclBScDRZcXlBcHFEN3NmZVdlTUowLWdJZ1g3aV9GaHczTUhWLXZ3MjZoX3Nob05VYXdtQnVWMFk4VmlJMm13VlNqM2wycm84RWdxYzZ0ZXJzaXJhckJJZ1BjdmZ0ZlMtamVpRmNZcWdERWJHMmlMS2NQNzk0QXJkbFRHSTIwdGZ1THc?oc=5
ENDURANCE,Endurance Technologies Limited,"Endurance Technologies Reports Cybersecurity Incident, Operations Unaffected - Autocar Professional","<a href=""https://news.google.com/rss/articles/CBMiswFBVV95cUxQSFBZSEdjcXN0YUhZREs5Q0o4cU84dnBCa0kyUHZPYVJGV0x3NzJRRWJHbURadHN3aHdfU2JRSmVOb1pSaWEyMG9Md2hTbENoQXNyWkwwdnUyNFhKV3pWLW0zX1poMEVmM2lUZE9OSVdLWnFRTnZ6M0c2d1NDT05Tc3k4aVZSOUlQM3hCRUQ0SWlxVUJjWXY1V0VUOHZra0w0ZnpaYWowd1NXWWx3eUJSZjd6TdIBuwFBVV95cUxNNjBIVHd5ZXBuMjlYTlMtcjRQbl9nNGFUb2Z6SXc4R25Fc3lkU3p3Z1RxS19Dc0huT1dOejh5T3ZidXAxd0RXelRjUGF0N1lrb3l1UXF0R0xKWUh6VUpDalpfa0ZJZTZoa1ROUkloYU9pYXdQcUlZbnBzNXZvQ0RvRVd1SktBN0ZJMlFUN05Ed3hDanZIMTBPMjRYaXhFOS1TWEE0aEdHc055SGliem1CVGp6WlZoQk42Y2pr?oc=5"" target=""_blank"">Endurance Technologies Reports Cybersecurity Incident, Operations Unaffected</a>&nbsp;&nbsp;<font color=""#6f6f6f"">Autocar Professional</font>",2025-12-29 08:00:00,Autocar Professional,https://news.google.com/rss/articles/CBMiswFBVV95cUxQSFBZSEdjcXN0YUhZREs5Q0o4cU84dnBCa0kyUHZPYVJGV0x3NzJRRWJHbURadHN3aHdfU2JRSmVOb1pSaWEyMG9Md2hTbENoQXNyWkwwdnUyNFhKV3pWLW0zX1poMEVmM2lUZE9OSVdLWnFRTnZ6M0c2d1NDT05Tc3k4aVZSOUlQM3hCRUQ0SWlxVUJjWXY1V0VUOHZra0w0ZnpaYWowd1NXWWx3eUJSZjd6TdIBuwFBVV95cUxNNjBIVHd5ZXBuMjlYTlMtcjRQbl9nNGFUb2Z6SXc4R25Fc3lkU3p3Z1RxS19Dc0huT1dOejh5T3ZidXAxd0RXelRjUGF0N1lrb3l1UXF0R0xKWUh6VUpDalpfa0ZJZTZoa1ROUkloYU9pYXdQcUlZbnBzNXZvQ0RvRVd1SktBN0ZJMlFUN05Ed3hDanZIMTBPMjRYaXhFOS1TWEE0aEdHc055SGliem1CVGp6WlZoQk42Y2pr?oc=5
ENDURANCE,Endurance Technologies Limited,Endurance Technologies Invests Rs 47.3 Crore in Lithium-Ion Battery Pack Manufacturing Facility - Autocar Professional,"<a href=""https://news.google.com/rss/articles/CBMizwFBVV95cUxQZXZjVGFzbmlZUlZDMExhdTY2ZW51bVFmVEh0aE9CSmU2UUdBQ1BKZE50Q2VURUpJOVlib1VyVUdpQ1ZVdzhDTG5VRWtIaFRyd1dpNWFCRFZZLU1zeVlkc3E4dVRSRVNnZ2Y3Y3VPallxZzdlYlkxdVhqYjNZMG45Y1pjTFBLZDRnSGFBQTBmd2NhNWs0WkpKX3VESG1IQUc1UDNHQkNDV2Etclh4WmVpSkhzWUtoLWZha0oxODFONDMtS3FtNkxFN2JUYUV1aHPSAdcBQVVfeXFMUEZ2aFczb21KYndUd19lWlkwNG1ZbDVyWFBDcWZJWm1mX254VEN5VC1sVnBidFd4cEpqS1dzdHh2SjVndC0xZllhMklTX0RFaW1XTXlQbXcxMmNYZ216Q2pHZHR3OV84U0JRM1RvQ3VjVnFEQ3R6REFoX055M3FZSXZhbGlpMjBnd0VLYnAyXzdVRXZKSWhmZHZCVTdwNzZmOEhaX09RUXJKRFFYLXAzTkJmQmZRdlZ5eW54aEFwbmE0Z2JuQUNfUUUycVJFWG1vd2s3aENWWHM?oc=5"" target=""_blank"">Endurance Technologies Invests Rs 47.3 Crore in Lithium-Ion Battery Pack Manufacturing Facility</a>&nbsp;&nbsp;<font color=""#6f6f6f"">Autocar Professional</font>",2025-04-29 07:00:00,Autocar Professional,https://news.google.com/rss/articles/CBMizwFBVV95cUxQZXZjVGFzbmlZUlZDMExhdTY2ZW51bVFmVEh0aE9CSmU2UUdBQ1BKZE50Q2VURUpJOVlib1VyVUdpQ1ZVdzhDTG5VRWtIaFRyd1dpNWFCRFZZLU1zeVlkc3E4dVRSRVNnZ2Y3Y3VPallxZzdlYlkxdVhqYjNZMG45Y1pjTFBLZDRnSGFBQTBmd2NhNWs0WkpKX3VESG1IQUc1UDNHQkNDV2Etclh4WmVpSkhzWUtoLWZha0oxODFONDMtS3FtNkxFN2JUYUV1aHPSAdcBQVVfeXFMUEZ2aFczb21KYndUd19lWlkwNG1ZbDVyWFBDcWZJWm1mX254VEN5VC1sVnBidFd4cEpqS1dzdHh2SjVndC0xZllhMklTX0RFaW1XTXlQbXcxMmNYZ216Q2pHZHR3OV84U0JRM1RvQ3VjVnFEQ3R6REFoX055M3FZSXZhbGlpMjBnd0VLYnAyXzdVRXZKSWhmZHZCVTdwNzZmOEhaX09RUXJKRFFYLXAzTkJmQmZRdlZ5eW54aEFwbmE0Z2JuQUNfUUUycVJFWG1vd2s3aENWWHM?oc=5
ENDURANCE,Endurance Technologies Limited,Endurance Technologies shares jump 6% on healthy Q2FY25 results; details - Business Standard,"<a href=""https://news.google.com/rss/articles/CBMi0wFBVV95cUxObElLQjB1eHpZb29rc1RFeFI4RVNBazlHak5XV1NNQUFmUG52Y3NWZk5KY2N2VWx3aXF2RnR6QmFMQ0JuSVZ1OXNoc3BaTHoybEJxeHpGdlE4V1FaV1p3UURCZzZYaVQ5cWxRNDd0SkNVWldIdmVKOU5CUU8wMFhTRU5zUGRoeU4wYkF3WmpHajVLbi1pV0VNTk9OT3VLemI2VDRSc2h0emZQRUxEX01iZzRzZTl4QmVySWhCSVZHRHBzVmZDQzc1LXFLOUJhV2Ewb0Fz0gHYAUFVX3lxTFBxQWlYbVNiZjZibDFEVUxMd1FrNXBVY3NYYlZLUi1DMV9iWWF4MVZTZFlhM20zTzV4ZzRYVDNnb0ZWLU9CUk5zcnRCV09EVjhFNkxqUjR2RHR2WGdrX1F1QW5LeWpXRVVucy0xdFZEWmg3eFpRTms1Zkc3MTBfNGY3anRJejBkY1pCd2YwQWY0aVJSS1kwT3FDTndkdmFERm5memVqblZ4dXRmTjRXVVN3X0I3eEMyTEZ1Rkc4MmI1WEZyMjZjRHB2NEJsN3IzakFBMG0xbTlkeg?oc=5"" target=""_blank"">Endurance Technologies shares jump 6% on healthy Q2FY25 results; details</a>&nbsp;&nbsp;<font color=""#6f6f6f"">Business Standard</font>",2024-11-07 08:00:00,Business Standard,https://news.google.com/rss/articles/CBMi0wFBVV95cUxObElLQjB1eHpZb29rc1RFeFI4RVNBazlHak5XV1NNQUFmUG52Y3NWZk5KY2N2VWx3aXF2RnR6QmFMQ0JuSVZ1OXNoc3BaTHoybEJxeHpGdlE4V1FaV1p3UURCZzZYaVQ5cWxRNDd0SkNVWldIdmVKOU5CUU8wMFhTRU5zUGRoeU4wYkF3WmpHajVLbi1pV0VNTk9OT3VLemI2VDRSc2h0emZQRUxEX01iZzRzZTl4QmVySWhCSVZHRHBzVmZDQzc1LXFLOUJhV2Ewb0Fz0gHYAUFVX3lxTFBxQWlYbVNiZjZibDFEVUxMd1FrNXBVY3NYYlZLUi1DMV9iWWF4MVZTZFlhM20zTzV4ZzRYVDNnb0ZWLU9CUk5zcnRCV09EVjhFNkxqUjR2RHR2WGdrX1F1QW5LeWpXRVVucy0xdFZEWmg3eFpRTms1Zkc3MTBfNGY3anRJejBkY1pCd2YwQWY0aVJSS1kwT3FDTndkdmFERm5memVqblZ4dXRmTjRXVVN3X0I3eEMyTEZ1Rkc4MmI1WEZyMjZjRHB2NEJsN3IzakFBMG0xbTlkeg?oc=5
ENDURANCE,Endurance Technologies Limited,"Endurance Technologies shares surge 14% on strong Q4 results, more than 50% rise in net profit - Upstox","<a href=""https://news.google.com/rss/articles/CBMixgFBVV95cUxPNzRBZUNaZDc0VWpqOFdFX3hQamxCZ095R1B4UUdBTmpTVTh2VnBua1luenhhNnV1VGFoaDFVTFo3ZnFjZ0xGYlR4T1ZVUWxFZVRReGIxbEJQM0trUnFiekhib1FUR3lrRFFNWjFkX0I0Z25UdURFZXB5OWg4dGxwTnl1c3F6NWtXNk9oc2xFODc0WDA2V25TSkF4Y1U0OG5fTU0tQ3MtZlVvdnFHQ3REZ1lXVWFkWkZqTVFWblJoNTBXQTdsa3c?oc=5"" target=""_blank"">Endurance Technologies shares surge 14% on strong Q4 results, more than 50% rise in net profit</a>&nbsp;&nbsp;<font color=""#6f6f6f"">Upstox</font>",2024-05-17 07:00:00,Upstox,https://news.google.com/rss/articles/CBMixgFBVV95cUxPNzRBZUNaZDc0VWpqOFdFX3hQamxCZ095R1B4UUdBTmpTVTh2VnBua1luenhhNnV1VGFoaDFVTFo3ZnFjZ0xGYlR4T1ZVUWxFZVRReGIxbEJQM0trUnFiekhib1FUR3lrRFFNWjFkX0I0Z25UdURFZXB5OWg4dGxwTnl1c3F6NWtXNk9oc2xFODc0WDA2V25TSkF4Y1U0OG5fTU0tQ3MtZlVvdnFHQ3REZ1lXVWFkWkZqTVFWblJoNTBXQTdsa3c?oc=5
ENDURANCE,Endurance Technologies Limited,Endurance Technologies share rises 5% after Q1 results; key numbers here - Business Standard,"<a href=""https://news.google.com/rss/articles/CBMi_gFBVV95cUxPenRUalNkd01WMVduYjJrYkc2Wm5WckFRU0pRT3NXd1dVU0N4WUhYMkdUTWkyYy0yRVNyN1FEY01CMmtZSTV5ekNDNUYtR2tzUk5mYXlxQkM1T21ObzRXcEo2UU1ZY0FkRjNDaWtsUmVRal9FZ2VTeEljdVowZDBvZXR2X25mTERrVTBZdy0ycGJqa09wT283dzd4dXllcVNielRpd1Q0ZFhxbkVvXy1JSjZvNjVROTJ2SlN3ZzRRaU40NFdDUV9PLUN3R3lFTUJySjBmQ19FSThadl8wLTdqZ0NoMTdwTk01OGtmUjkyRVE4VXoxQXhpRmdSWGJIZ9IBgwJBVV95cUxOZUZ5LTBNYldvRU9sT0tVd0l1Y2tObEVmN0NfRnRYdTRJYmdENEVtU0NjcFg0cGFnMWVwdVlrRkhlZmhEV3lKeERCazJ5WE85RHFSbHNtTWprOEhqRS05RTQ1RWdwcVowNE5xQkhHWnlQb1djV0pYOHdISnlLRXpIOWFWM0hKUkhfY2wta3FHbmkxRHloeXJCb2k0VHFWY2xYcXZON1B2X3ctaURkX3laLW5XS3RDVnE1ak85TkpIek92T2VkQXlYUnlMM1BjdGxxNk13RnhkVlg2REk4V2RGbzlnbUF0Z0xiQUh6Y1BUTFBQUHBXaWNIRTlkYktnZ0NHZUNR?oc=5"" target=""_blank"">Endurance Technologies share rises 5% after Q1 results; key numbers here</a>&nbsp;&nbsp;<font color=""#6f6f6f"">Business Standard</font>",2025-08-14 07:00:00,Business Standard,https://news.google.com/rss/articles/CBMi_gFBVV95cUxPenRUalNkd01WMVduYjJrYkc2Wm5WckFRU0pRT3NXd1dVU0N4WUhYMkdUTWkyYy0yRVNyN1FEY01CMmtZSTV5ekNDNUYtR2tzUk5mYXlxQkM1T21ObzRXcEo2UU1ZY0FkRjNDaWtsUmVRal9FZ2VTeEljdVowZDBvZXR2X25mTERrVTBZdy0ycGJqa09wT283dzd4dXllcVNielRpd1Q0ZFhxbkVvXy1JSjZvNjVROTJ2SlN3ZzRRaU40NFdDUV9PLUN3R3lFTUJySjBmQ19FSThadl8wLTdqZ0NoMTdwTk01OGtmUjkyRVE4VXoxQXhpRmdSWGJIZ9IBgwJBVV95cUxOZUZ5LTBNYldvRU9sT0tVd0l1Y2tObEVmN0NfRnRYdTRJYmdENEVtU0NjcFg0cGFnMWVwdVlrRkhlZmhEV3lKeERCazJ5WE85RHFSbHNtTWprOEhqRS05RTQ1RWdwcVowNE5xQkhHWnlQb1djV0pYOHdISnlLRXpIOWFWM0hKUkhfY2wta3FHbmkxRHloeXJCb2k0VHFWY2xYcXZON1B2X3ctaURkX3laLW5XS3RDVnE1ak85TkpIek92T2VkQXlYUnlMM1BjdGxxNk13RnhkVlg2REk4V2RGbzlnbUF0Z0xiQUh6Y1BUTFBQUHBXaWNIRTlkYktnZ0NHZUNR?oc=5
ENDURANCE,Endurance Technologies Limited,"Stocks to Watch Today: Paytm, Lloyds Metals, Info Edge, GNG Electronics, Aditya Infotech, Endurance,... - Moneycontrol.com","<a href=""https://news.google.com/rss/articles/CBMitgJBVV95cUxQdU9meUxxWXJndUg0VmFrUFotR1AxMGlITElEeFlESVZYU0Vwc3lVb04wY0VNU0h1VG5KZTNYb3RKTS1hVzJ4VlAyd0kwNTE3enpWLXpROEpVT1hUNk5ReEk4LXFJMGlnNU9QWnNoRWtzV1Z2QkVZQlFJc1ZCQXNUOGJqc2xkMEc0dUo2SElpdUJaeVpuX0FreURvSkZuQjFSM2RGYU92cmkwVWdyRmt6RHV2M2V6Mkp5cTZCeWo3eUNyTEdtMHRpZHVBdk9UNFZrXzJQbGxOVFFEWHVZaHRqQXdxc1paR2ViU3d5b25JY2RNRVpsbWRKcVVwZHZWcGRLMnhHWG02Y3dXT2s3d0t1OUlWYV96YkRla0hQZ2ZiUXMzc24wbjFYQUFrekd5ZGxOamtxQ3R30gG7AkFVX3lxTE4xQi0yVF80SlpqMlJmZ09YTVVXRWl4TzR5Ui10OG54ZFhodjYtak5hQnBCV0hTUHVTaldOWUdTQmRhUWxwa3paVk1NU29KeWI1cUhDRG5WX0hzejQ1OXRtakNvVE1aeUR4SkItYjVzbVQ0ZEZQTHlKV3dRLUtjRUVLUVpEZ0stWkxyYndlaEJzTlZyYk9XVUV3VzBjZ3NGZ2xTdTYzUGdlZTZTbk9hamJDakxDVG9PNWdTc2U0VmIwLUluSkdnT1ljOGR1clJOUkNtMlYxQkJrSTRIWTZMcnlpYWMzc0h4SXRCcXhVcktxTVFNX2FPUU1vVk1tVmg1bkZlQUtQLUN6dUlNMkZjUUtfVDlmTVcxeHJHTFROZ2phYjRUcVlxbjBKNkE3dWJPazZLMDZhZmxTcG5VOA?oc=5"" target=""_blank"">Stocks to Watch Today: Paytm, Lloyds Metals, Info Edge, GNG Electronics, Aditya Infotech, Endurance,...</a>&nbsp;&nbsp;<font color=""#6f6f6f"">Moneycontrol.com</font>",2025-08-20 07:00:00,Moneycontrol.com,https://news.google.com/rss/articles/CBMitgJBVV95cUxQdU9meUxxWXJndUg0VmFrUFotR1AxMGlITElEeFlESVZYU0Vwc3lVb04wY0VNU0h1VG5KZTNYb3RKTS1hVzJ4VlAyd0kwNTE3enpWLXpROEpVT1hUNk5ReEk4LXFJMGlnNU9QWnNoRWtzV1Z2QkVZQlFJc1ZCQXNUOGJqc2xkMEc0dUo2SElpdUJaeVpuX0FreURvSkZuQjFSM2RGYU92cmkwVWdyRmt6RHV2M2V6Mkp5cTZCeWo3eUNyTEdtMHRpZHVBdk9UNFZrXzJQbGxOVFFEWHVZaHRqQXdxc1paR2ViU3d5b25JY2RNRVpsbWRKcVVwZHZWcGRLMnhHWG02Y3dXT2s3d0t1OUlWYV96YkRla0hQZ2ZiUXMzc24wbjFYQUFrekd5ZGxOamtxQ3R30gG7AkFVX3lxTE4xQi0yVF80SlpqMlJmZ09YTVVXRWl4TzR5Ui10OG54ZFhodjYtak5hQnBCV0hTUHVTaldOWUdTQmRhUWxwa3paVk1NU29KeWI1cUhDRG5WX0hzejQ1OXRtakNvVE1aeUR4SkItYjVzbVQ0ZEZQTHlKV3dRLUtjRUVLUVpEZ0stWkxyYndlaEJzTlZyYk9XVUV3VzBjZ3NGZ2xTdTYzUGdlZTZTbk9hamJDakxDVG9PNWdTc2U0VmIwLUluSkdnT1ljOGR1clJOUkNtMlYxQkJrSTRIWTZMcnlpYWMzc0h4SXRCcXhVcktxTVFNX2FPUU1vVk1tVmg1bkZlQUtQLUN6dUlNMkZjUUtfVDlmTVcxeHJHTFROZ2phYjRUcVlxbjBKNkE3dWJPazZLMDZhZmxTcG5VOA?oc=5
