scrip,company,headline,summary,published_date,source,url
GRAVITA,Gravita India Limited,Gravita India Ltd Opens with Significant Gap Down Amid Market Concerns - Markets Mojo,"<a href=""https://news.google.com/rss/articles/CBMixwFBVV95cUxPZm9EV0JrSmlETk1tZU1rd1lRZktVVUFfOG1yemw3OEhYeEJkUHJXUmF4d1IyZEFDY19FY3hsVzBhQzJKSlhVNE83YkNVSFhMREt6M3NCLTV0ZUlvOEtzdEtnc18tYy13YlZKdG9wUTZZT1diOHFmZlUtVWNGaURhNU1EeUVhTHdubDBkYWtvZVFlakh5dmFOUV9lWlkyTWxFaERoWXliOXFCdXVPaThYS1Z0dzBEcVlUOGo3U2F2TzNfSEUwQjV3?oc=5"" target=""_blank"">Gravita India Ltd Opens with Significant Gap Down Amid Market Concerns</a>&nbsp;&nbsp;<font color=""#6f6f6f"">Markets Mojo</font>",2026-03-03 20:42:52,Markets Mojo,https://news.google.com/rss/articles/CBMixwFBVV95cUxPZm9EV0JrSmlETk1tZU1rd1lRZktVVUFfOG1yemw3OEhYeEJkUHJXUmF4d1IyZEFDY19FY3hsVzBhQzJKSlhVNE83YkNVSFhMREt6M3NCLTV0ZUlvOEtzdEtnc18tYy13YlZKdG9wUTZZT1diOHFmZlUtVWNGaURhNU1EeUVhTHdubDBkYWtvZVFlakh5dmFOUV9lWlkyTWxFaERoWXliOXFCdXVPaThYS1Z0dzBEcVlUOGo3U2F2TzNfSEUwQjV3?oc=5
GRAVITA,Gravita India Limited,Why Did Gravita India Shares Jump by Up to 4% Today? Check the Reason - Trade Brains,"<a href=""https://news.google.com/rss/articles/CBMilgFBVV95cUxQVXhhanRDNEVfWExwOGtZcG1ZRzc3T01vQ3M1S3pPb1RtNnh1TmRSU2RBOVBRY3Q4dkFYT0lXdnI4VGNGTHF6SnBzMS1yT1h5YkJhemVwUG12bkRuSlBPZTE4dk4tU01OUy1WMmhNLUpRekM5clFmRXZHZm5zMU5vdURFQURnWGlhMXlmWWRFQy12VHZsMmc?oc=5"" target=""_blank"">Why Did Gravita India Shares Jump by Up to 4% Today? Check the Reason</a>&nbsp;&nbsp;<font color=""#6f6f6f"">Trade Brains</font>",2026-02-26 08:19:00,Trade Brains,https://news.google.com/rss/articles/CBMilgFBVV95cUxQVXhhanRDNEVfWExwOGtZcG1ZRzc3T01vQ3M1S3pPb1RtNnh1TmRSU2RBOVBRY3Q4dkFYT0lXdnI4VGNGTHF6SnBzMS1yT1h5YkJhemVwUG12bkRuSlBPZTE4dk4tU01OUy1WMmhNLUpRekM5clFmRXZHZm5zMU5vdURFQURnWGlhMXlmWWRFQy12VHZsMmc?oc=5
GRAVITA,Gravita India Limited,Gravita India Enters Li-Ion Battery Recycling; Shares Fall 2% - Equitypandit,"<a href=""https://news.google.com/rss/articles/CBMikwFBVV95cUxQUGROcVhZcXhJOHk3c3RtV2NBMUgzNmRCdVdFRDBOM2pzRGFkMkJyMzZ5eVpaYWl4dUZSbk5sMGVfcXVvRHJ5Uk41RWNlc3lhQzlkeG9TT0pkbUo3eHVSYW10UzR1TVVuZWZJMUZGTGZrODlPbl9NWTV1aTBEY1JhUnZIWUZCdFB0eWNQT3pDMGxpeTg?oc=5"" target=""_blank"">Gravita India Enters Li-Ion Battery Recycling; Shares Fall 2%</a>&nbsp;&nbsp;<font color=""#6f6f6f"">Equitypandit</font>",2026-01-27 08:00:00,Equitypandit,https://news.google.com/rss/articles/CBMikwFBVV95cUxQUGROcVhZcXhJOHk3c3RtV2NBMUgzNmRCdVdFRDBOM2pzRGFkMkJyMzZ5eVpaYWl4dUZSbk5sMGVfcXVvRHJ5Uk41RWNlc3lhQzlkeG9TT0pkbUo3eHVSYW10UzR1TVVuZWZJMUZGTGZrODlPbl9NWTV1aTBEY1JhUnZIWUZCdFB0eWNQT3pDMGxpeTg?oc=5
GRAVITA,Gravita India Limited,"Gravita India Limited's (NSE:GRAVITA) Top Key Executive Rajat Agrawal is the most upbeat insider, and their holdings increased by 4.9% last week - simplywall.st","<a href=""https://news.google.com/rss/articles/CBMi1wFBVV95cUxNMzZIcmlpNzRWZzdpYVViOUt3d20wNVBLSzZiVi11QnlFYk8yUlNERXNOWUVwV3k0WlFpdVBGVG5QMFRzVzhocVlYcG1SVnlBbVRCdV9jVm9EdThYdEFRUlFxb1JpUGxtWVd3SlhJX3NIQ1dYaml1amdLdDZ6Y2o3aTYteDhHSmxNbEZkSjB3TGZ3MV9KdlFFdG9fTGZYVjVHTjF3ZWZ0bHhFd19xbFdJMzhOc2JnSjNvaTE2MmdDbDl1WEZrX1l2NWtjcVV6cXR0U0c4UGpQYw?oc=5"" target=""_blank"">Gravita India Limited's (NSE:GRAVITA) Top Key Executive Rajat Agrawal is the most upbeat insider, and their holdings increased by 4.9% last week</a>&nbsp;&nbsp;<font color=""#6f6f6f"">simplywall.st</font>",2025-10-31 07:00:00,simplywall.st,https://news.google.com/rss/articles/CBMi1wFBVV95cUxNMzZIcmlpNzRWZzdpYVViOUt3d20wNVBLSzZiVi11QnlFYk8yUlNERXNOWUVwV3k0WlFpdVBGVG5QMFRzVzhocVlYcG1SVnlBbVRCdV9jVm9EdThYdEFRUlFxb1JpUGxtWVd3SlhJX3NIQ1dYaml1amdLdDZ6Y2o3aTYteDhHSmxNbEZkSjB3TGZ3MV9KdlFFdG9fTGZYVjVHTjF3ZWZ0bHhFd19xbFdJMzhOc2JnSjNvaTE2MmdDbDl1WEZrX1l2NWtjcVV6cXR0U0c4UGpQYw?oc=5
GRAVITA,Gravita India Limited,Gravita India Expands Mundra Plant Lead Recycling Capacity with Rs 49 Crore Investment - scanx.trade,"<a href=""https://news.google.com/rss/articles/CBMi1wFBVV95cUxQQkNUUUx0NWZCUzZ0M0NaRXliSWY5My1xcmhyZGZjWWw3bk8xdDRNUWdqc1Q1M21WMWlIdWNtYVpkWjZwQXRrOHBGZm9kUHY1WWQ1RWJIbEp3WHdhTG1pSG5peldCSFJkZ2pRVnk1WnUzcE5tQTE3eFMxa2NGWFVwOEhRa29nS09KQlNmV3ZRTVdYb2xwREtOUlFvWW03RVJwNERSYWRLTUlMRm5TemJkVHJrVEtzZWltQnp3N2dULWJvbk5XbEstZ3EzSnlXT2ZNOTY5S3VBNA?oc=5"" target=""_blank"">Gravita India Expands Mundra Plant Lead Recycling Capacity with Rs 49 Crore Investment</a>&nbsp;&nbsp;<font color=""#6f6f6f"">scanx.trade</font>",2026-02-25 15:26:36,scanx.trade,https://news.google.com/rss/articles/CBMi1wFBVV95cUxQQkNUUUx0NWZCUzZ0M0NaRXliSWY5My1xcmhyZGZjWWw3bk8xdDRNUWdqc1Q1M21WMWlIdWNtYVpkWjZwQXRrOHBGZm9kUHY1WWQ1RWJIbEp3WHdhTG1pSG5peldCSFJkZ2pRVnk1WnUzcE5tQTE3eFMxa2NGWFVwOEhRa29nS09KQlNmV3ZRTVdYb2xwREtOUlFvWW03RVJwNERSYWRLTUlMRm5TemJkVHJrVEtzZWltQnp3N2dULWJvbk5XbEstZ3EzSnlXT2ZNOTY5S3VBNA?oc=5
GRAVITA,Gravita India Limited,"Gravita India enters copper recycling biz, acquires Rashtriya Metal - Mint","<a href=""https://news.google.com/rss/articles/CBMiyAFBVV95cUxPZWxYNW9GUnpyb3llbXJoS3JfRGlCWGNHcWtEdFZxSTFMNTBPOWJBVFNZWkVDQkVkZWRYZTBpOFpXVVZEMS16UUFsN0pjRGtRYk1MV0tXOVFIVVVLNUNWN0RFeTI4VDBLTzc3UnZTaXRYRzZkNE9qZVJkS0RZQVkxYXI4UFNEaFY1UGJ0X0xsUUl1UFZQZHk1OXNCeW16NGcyT3RIOVNSRXNQSld5cVdfam9ZZnR1Q1RFeG1KUndHamRNdDA0N3IwadIBzgFBVV95cUxPbi1OWVlmRlBfRmNBZkFPZW5lQzZwemJ0Z2psNWhJT2UzOXFZaFpWS1RoTVU3Y0ctQ2VBbU1NQWt5NVBmRkZYazVQcFY5U1JZQ2Y3WFJhTERFeUViWFdaQjdGeEJGblhEWExmeXczRGpVeldwWTBVaHFhUk5LM2psQ3BsUG8tZDJ3MHdoUUNRemgyT2xWNUFlWUU2OEVuNzVYbUxFQlhkN2VuOEt6RUc3Q2FHVWFMbm9mS21TemRwUEhtczkyVjBxOV9QVGF4dw?oc=5"" target=""_blank"">Gravita India enters copper recycling biz, acquires Rashtriya Metal</a>&nbsp;&nbsp;<font color=""#6f6f6f"">Mint</font>",2026-02-09 08:00:00,Mint,https://news.google.com/rss/articles/CBMiyAFBVV95cUxPZWxYNW9GUnpyb3llbXJoS3JfRGlCWGNHcWtEdFZxSTFMNTBPOWJBVFNZWkVDQkVkZWRYZTBpOFpXVVZEMS16UUFsN0pjRGtRYk1MV0tXOVFIVVVLNUNWN0RFeTI4VDBLTzc3UnZTaXRYRzZkNE9qZVJkS0RZQVkxYXI4UFNEaFY1UGJ0X0xsUUl1UFZQZHk1OXNCeW16NGcyT3RIOVNSRXNQSld5cVdfam9ZZnR1Q1RFeG1KUndHamRNdDA0N3IwadIBzgFBVV95cUxPbi1OWVlmRlBfRmNBZkFPZW5lQzZwemJ0Z2psNWhJT2UzOXFZaFpWS1RoTVU3Y0ctQ2VBbU1NQWt5NVBmRkZYazVQcFY5U1JZQ2Y3WFJhTERFeUViWFdaQjdGeEJGblhEWExmeXczRGpVeldwWTBVaHFhUk5LM2psQ3BsUG8tZDJ3MHdoUUNRemgyT2xWNUFlWUU2OEVuNzVYbUxFQlhkN2VuOEt6RUc3Q2FHVWFMbm9mS21TemRwUEhtczkyVjBxOV9QVGF4dw?oc=5
GRAVITA,Gravita India Limited,Gravita India Ltd is Rated Hold - Markets Mojo,"<a href=""https://news.google.com/rss/articles/CBMimAFBVV95cUxObHFkNlZ4LUtTMXdLamh3bnhac3Y5ek1xYWRXbU42U1hGa2RfQUE4S1IzVEpTcmhHSWMwdHdDc3l0dWluaEd6d2hHOWdHMUM5bFRBMVZqVFBzVng3b3V0eWdZbVRqQ1lMV3h0Y09TRWVHLWFTbHZNVjlLc0VNVG5hekxvMHNoZzBXbHVWcUdQTXc0WGY5ckVzcg?oc=5"" target=""_blank"">Gravita India Ltd is Rated Hold</a>&nbsp;&nbsp;<font color=""#6f6f6f"">Markets Mojo</font>",2026-02-23 11:05:33,Markets Mojo,https://news.google.com/rss/articles/CBMimAFBVV95cUxObHFkNlZ4LUtTMXdLamh3bnhac3Y5ek1xYWRXbU42U1hGa2RfQUE4S1IzVEpTcmhHSWMwdHdDc3l0dWluaEd6d2hHOWdHMUM5bFRBMVZqVFBzVng3b3V0eWdZbVRqQ1lMV3h0Y09TRWVHLWFTbHZNVjlLc0VNVG5hekxvMHNoZzBXbHVWcUdQTXc0WGY5ckVzcg?oc=5
GRAVITA,Gravita India Limited,Gravita India Limited's (NSE:GRAVITA) Price Is Out Of Tune With Earnings - simplywall.st,"<a href=""https://news.google.com/rss/articles/CBMi1gFBVV95cUxPY004elpXai05MVBVTXpEM2E0V3NJd3pYbFQwVXppVE42ajZIQm5lNXVEek94UHNiMUtsSm5GR2QyU0pEMG9yRzJrYVdoZXZva3g1WmZpbHFUdXdTX0pvNHpGZ1JFbmx4LWVpYXFFYjI5alViMHNoMGs5SW1sbFBWU2FGN3B0T2dBendUOW5PTHdZNkJtT3QwcUExNUpYRkNtN003QlU5UldjM2xxWW5XZDd6eUpnWW9DdU4zV19PbXRRbEdyQTN1el9ZeGJJV0JoY3F6TVBn?oc=5"" target=""_blank"">Gravita India Limited's (NSE:GRAVITA) Price Is Out Of Tune With Earnings</a>&nbsp;&nbsp;<font color=""#6f6f6f"">simplywall.st</font>",2025-12-16 08:00:00,simplywall.st,https://news.google.com/rss/articles/CBMi1gFBVV95cUxPY004elpXai05MVBVTXpEM2E0V3NJd3pYbFQwVXppVE42ajZIQm5lNXVEek94UHNiMUtsSm5GR2QyU0pEMG9yRzJrYVdoZXZva3g1WmZpbHFUdXdTX0pvNHpGZ1JFbmx4LWVpYXFFYjI5alViMHNoMGs5SW1sbFBWU2FGN3B0T2dBendUOW5PTHdZNkJtT3QwcUExNUpYRkNtN003QlU5UldjM2xxWW5XZDd6eUpnWW9DdU4zV19PbXRRbEdyQTN1el9ZeGJJV0JoY3F6TVBn?oc=5
GRAVITA,Gravita India Limited,Gravita India Reports Strong Q2 Performance with Revenue Growth and Profit Increase - scanx.trade,"<a href=""https://news.google.com/rss/articles/CBMixgFBVV95cUxNbi1BT3VMU3hjTmhISEl2c2FLOW5KMWNSZnE2WlRxZkJnWkVaeF9pTjhfOFZUMXB0dk9nZEVINldPZ1hqam5xeTBMeFZkemJBTEY2LVIwX3lPaFdabEljcDR2bV9pQi1Dbk5faGhLNTFPTnVVNC1ZVGgyX0gyY19uM2ZmMVBKZWxtVmFtWEN1allaYUplWlA0QTNZUk1aMFhBUnZ2b3o4TklOcWtUcDF1cFpBSHVTN29TOURoWE5ZY2tNSVEteEE?oc=5"" target=""_blank"">Gravita India Reports Strong Q2 Performance with Revenue Growth and Profit Increase</a>&nbsp;&nbsp;<font color=""#6f6f6f"">scanx.trade</font>",2025-10-30 07:00:00,scanx.trade,https://news.google.com/rss/articles/CBMixgFBVV95cUxNbi1BT3VMU3hjTmhISEl2c2FLOW5KMWNSZnE2WlRxZkJnWkVaeF9pTjhfOFZUMXB0dk9nZEVINldPZ1hqam5xeTBMeFZkemJBTEY2LVIwX3lPaFdabEljcDR2bV9pQi1Dbk5faGhLNTFPTnVVNC1ZVGgyX0gyY19uM2ZmMVBKZWxtVmFtWEN1allaYUplWlA0QTNZUk1aMFhBUnZ2b3o4TklOcWtUcDF1cFpBSHVTN29TOURoWE5ZY2tNSVEteEE?oc=5
GRAVITA,Gravita India Limited,Gravita India Ltd is Rated Hold - Markets Mojo,"<a href=""https://news.google.com/rss/articles/CBMimAFBVV95cUxNXzZCS0VSdWhCRFpLbUtyOEVMb0dESDNJVkhLUkx3OTVLS3lhWE55UkNPaVdFMkd5cVBUM05nc2o3ZWRHVV9QY2lzQUxHdnFHdEtxUG5wTmJZWHpOY2JuZlU0QkFXNlpSTHhMT1lnLXQtLW5PV3ZfU1hmVWNsQTRzbFdkMzNHbmQ3STJkTnJ1bkg0TzViQnVkMg?oc=5"" target=""_blank"">Gravita India Ltd is Rated Hold</a>&nbsp;&nbsp;<font color=""#6f6f6f"">Markets Mojo</font>",2026-02-11 05:22:21,Markets Mojo,https://news.google.com/rss/articles/CBMimAFBVV95cUxNXzZCS0VSdWhCRFpLbUtyOEVMb0dESDNJVkhLUkx3OTVLS3lhWE55UkNPaVdFMkd5cVBUM05nc2o3ZWRHVV9QY2lzQUxHdnFHdEtxUG5wTmJZWHpOY2JuZlU0QkFXNlpSTHhMT1lnLXQtLW5PV3ZfU1hmVWNsQTRzbFdkMzNHbmQ3STJkTnJ1bkg0TzViQnVkMg?oc=5
GRAVITA,Gravita India Limited,Is Gravita India Limited's (NSE:GRAVITA) Recent Stock Performance Tethered To Its Strong Fundamentals? - simplywall.st,"<a href=""https://news.google.com/rss/articles/CBMi2gFBVV95cUxOYld0bkdBdkpJeEdhWGVTOFZDX1Y3d0R4d09jSFZkeXpYTy1rcEhITkR6anBaejhmUTBxa3J3eUdRWVhSXzV0RlhHR3BqX2ZGU2c1LVdaUlZ6TGtXTjd4RDB2b0pHQm0xSERIajN4WHVXTEZySUlMOTdwQ3UxNzZXSWNCUFEwX0JXQ1AwNURaNFp1UUhRLWJCeWRQT2xYODVPNlhlZGMxeHBnUXNWdDVIak1jMGhwZ0Q1XzF3V2FEVnhKY3BDekdUU0VrdFZJS1BLckNQVHI4TDB0UdIB3wFBVV95cUxQNWxZY3NfX1cwVzNsQW95Ny1VQlJEZ29ndjVyRTZvUkVLS0hzNURXOF8xa0JvMTZ4S01FMkgtUWIzWXQ3cHRXMGE0U0p1SDBfWUduemJCWXlBS0xQWmlCT1FoTUk3R3g2YVF5ZU91TXJFWVgzUUp6OUVPVkpiOWlwNjZhMDIyOG8zZEV3WGtpY1RSNVFCSFJKLS0yWC1nb2g5Znl1dmhib0xuY1RzWURtY0NITGllSmJCdWVCQURDX0ZoSFE2QUlEbGVXbzdzeTFCckpMX0dLMWc3RkFYa1FR?oc=5"" target=""_blank"">Is Gravita India Limited's (NSE:GRAVITA) Recent Stock Performance Tethered To Its Strong Fundamentals?</a>&nbsp;&nbsp;<font color=""#6f6f6f"">simplywall.st</font>",2025-11-25 08:00:00,simplywall.st,https://news.google.com/rss/articles/CBMi2gFBVV95cUxOYld0bkdBdkpJeEdhWGVTOFZDX1Y3d0R4d09jSFZkeXpYTy1rcEhITkR6anBaejhmUTBxa3J3eUdRWVhSXzV0RlhHR3BqX2ZGU2c1LVdaUlZ6TGtXTjd4RDB2b0pHQm0xSERIajN4WHVXTEZySUlMOTdwQ3UxNzZXSWNCUFEwX0JXQ1AwNURaNFp1UUhRLWJCeWRQT2xYODVPNlhlZGMxeHBnUXNWdDVIak1jMGhwZ0Q1XzF3V2FEVnhKY3BDekdUU0VrdFZJS1BLckNQVHI4TDB0UdIB3wFBVV95cUxQNWxZY3NfX1cwVzNsQW95Ny1VQlJEZ29ndjVyRTZvUkVLS0hzNURXOF8xa0JvMTZ4S01FMkgtUWIzWXQ3cHRXMGE0U0p1SDBfWUduemJCWXlBS0xQWmlCT1FoTUk3R3g2YVF5ZU91TXJFWVgzUUp6OUVPVkpiOWlwNjZhMDIyOG8zZEV3WGtpY1RSNVFCSFJKLS0yWC1nb2g5Znl1dmhib0xuY1RzWURtY0NITGllSmJCdWVCQURDX0ZoSFE2QUlEbGVXbzdzeTFCckpMX0dLMWc3RkFYa1FR?oc=5
GRAVITA,Gravita India Limited,Gravita India Signs Binding Term Sheet for Rs. 565 Crore RMIL Acquisition - scanx.trade,"<a href=""https://news.google.com/rss/articles/CBMi6wFBVV95cUxPNnRXMjBrNGRiLTRGQjZjQ0llRHFRZVBLQmpuVjBXbWd1eUY2Yjk5STJvTWxsQzBOWlZnTTRVV2RGUk1tMENVT0JIN3JIejNCWFc2b0NiNTViRU85OER0TFE2Y1dzaldseFdmLVF4VzVOV2twdDloQXN4RTZQcE9XTnYtOE5Uc3B3Y0dETXA0c1I2ZHhWcEtxSzN4QU1YZDlVLUdTXzBFY21ZdXNLWDdZTFFRak9Zdnp3UnVXTWVKZzg1anlsb3VmaWZEeWFDTU1CeE02YlhhbUNWbnFLUVNoWjhZb244YU41bXNJ?oc=5"" target=""_blank"">Gravita India Signs Binding Term Sheet for Rs. 565 Crore RMIL Acquisition</a>&nbsp;&nbsp;<font color=""#6f6f6f"">scanx.trade</font>",2026-02-09 08:00:00,scanx.trade,https://news.google.com/rss/articles/CBMi6wFBVV95cUxPNnRXMjBrNGRiLTRGQjZjQ0llRHFRZVBLQmpuVjBXbWd1eUY2Yjk5STJvTWxsQzBOWlZnTTRVV2RGUk1tMENVT0JIN3JIejNCWFc2b0NiNTViRU85OER0TFE2Y1dzaldseFdmLVF4VzVOV2twdDloQXN4RTZQcE9XTnYtOE5Uc3B3Y0dETXA0c1I2ZHhWcEtxSzN4QU1YZDlVLUdTXzBFY21ZdXNLWDdZTFFRak9Zdnp3UnVXTWVKZzg1anlsb3VmaWZEeWFDTU1CeE02YlhhbUNWbnFLUVNoWjhZb244YU41bXNJ?oc=5
GRAVITA,Gravita India Limited,Gravita India Ltd Technical Momentum Shifts Amid Mixed Market Signals - Markets Mojo,"<a href=""https://news.google.com/rss/articles/CBMixgFBVV95cUxOVmRMNDJXR3c0bEZxdmR1dTNvV0dqV0tiSU01WVVSc0VxbVhDMzNTYTFEcDlhTHJSa0ZZVDk4TmhxQ25MNFhyb1VfMno5eUdBM25FNkpkSjFTNWhSbTRMTlM2UGJIZ2trQTdPWWJfLUJ5NW5uazBSZkVwckRSV0hNanZuWEhxdGt6a0xNdW5GVzhCNnpkV05IWDYxZGJMZ0UwdDV1R2xNci1TeDVtd3hZTldMTFA1eGhmV2R0dEZyUnB6dUtISGc?oc=5"" target=""_blank"">Gravita India Ltd Technical Momentum Shifts Amid Mixed Market Signals</a>&nbsp;&nbsp;<font color=""#6f6f6f"">Markets Mojo</font>",2026-02-17 04:10:56,Markets Mojo,https://news.google.com/rss/articles/CBMixgFBVV95cUxOVmRMNDJXR3c0bEZxdmR1dTNvV0dqV0tiSU01WVVSc0VxbVhDMzNTYTFEcDlhTHJSa0ZZVDk4TmhxQ25MNFhyb1VfMno5eUdBM25FNkpkSjFTNWhSbTRMTlM2UGJIZ2trQTdPWWJfLUJ5NW5uazBSZkVwckRSV0hNanZuWEhxdGt6a0xNdW5GVzhCNnpkV05IWDYxZGJMZ0UwdDV1R2xNci1TeDVtd3hZTldMTFA1eGhmV2R0dEZyUnB6dUtISGc?oc=5
GRAVITA,Gravita India Limited,There May Be Underlying Issues With The Quality Of Gravita India's (NSE:GRAVITA) Earnings - simplywall.st,"<a href=""https://news.google.com/rss/articles/CBMi1wFBVV95cUxNeHo4RFZPdHl6dFRvaVNncTcwME1VTnZqckJ4SG1hU1JzQmxIQldlQlZqb3pSUXdLbmVLT1hIbUtCVU9WX1lxbmxDMmFrd1ljSmdKR2lSSE8zbnViMW5va0ZFbW96SENoLXNxNWY4ZDY2S25NRE8xZW1ieXVmdkJMNlVkaU9lN0ZNZUMwREVKRFpFeUlDa2FFUWVjeHlaMG1VZER0dU1ZVU9PR1ktWEdHVlhFS29CM24tVE9ab29oUFNzLWR1UmtKSG42blhXYmJmSnpqMjB0QQ?oc=5"" target=""_blank"">There May Be Underlying Issues With The Quality Of Gravita India's (NSE:GRAVITA) Earnings</a>&nbsp;&nbsp;<font color=""#6f6f6f"">simplywall.st</font>",2025-11-07 08:00:00,simplywall.st,https://news.google.com/rss/articles/CBMi1wFBVV95cUxNeHo4RFZPdHl6dFRvaVNncTcwME1VTnZqckJ4SG1hU1JzQmxIQldlQlZqb3pSUXdLbmVLT1hIbUtCVU9WX1lxbmxDMmFrd1ljSmdKR2lSSE8zbnViMW5va0ZFbW96SENoLXNxNWY4ZDY2S25NRE8xZW1ieXVmdkJMNlVkaU9lN0ZNZUMwREVKRFpFeUlDa2FFUWVjeHlaMG1VZER0dU1ZVU9PR1ktWEdHVlhFS29CM24tVE9ab29oUFNzLWR1UmtKSG42blhXYmJmSnpqMjB0QQ?oc=5
GRAVITA,Gravita India Limited,"Gravita India Stock Delivers 1,938% Returns Over 5 Years, Turns ₹1 Lakh Into ₹20.38 Lakh - scanx.trade","<a href=""https://news.google.com/rss/articles/CBMi1AFBVV95cUxOQ1pQUXRnN1pObHU1VEE0VVcxSFpMbXJOU3FuSUtpV3FTaGRjbC1ZUU1xcTRIME5PbnhKcnpoa2s0cDlZT3prbTYyZHZyeDM0OEdkUGtBVGppaXlwODJILVc1di00eUt2NFZ1Y0M2TWxtbjJRcDlDdGlZTkN1RWJ3ZlMwUTQxZ2FaMktGcEJ1MThnY0NuaDFFRWFpNzJYdlNxVkd3eFdyMS1VNDE0LU9pY0ctLWpIVXBkZy1WVkVXMHc2NjZEazRJSHQxRWlYR1NKTjJXdw?oc=5"" target=""_blank"">Gravita India Stock Delivers 1,938% Returns Over 5 Years, Turns ₹1 Lakh Into ₹20.38 Lakh</a>&nbsp;&nbsp;<font color=""#6f6f6f"">scanx.trade</font>",2026-01-09 08:00:00,scanx.trade,https://news.google.com/rss/articles/CBMi1AFBVV95cUxOQ1pQUXRnN1pObHU1VEE0VVcxSFpMbXJOU3FuSUtpV3FTaGRjbC1ZUU1xcTRIME5PbnhKcnpoa2s0cDlZT3prbTYyZHZyeDM0OEdkUGtBVGppaXlwODJILVc1di00eUt2NFZ1Y0M2TWxtbjJRcDlDdGlZTkN1RWJ3ZlMwUTQxZ2FaMktGcEJ1MThnY0NuaDFFRWFpNzJYdlNxVkd3eFdyMS1VNDE0LU9pY0ctLWpIVXBkZy1WVkVXMHc2NjZEazRJSHQxRWlYR1NKTjJXdw?oc=5
GRAVITA,Gravita India Limited,Gravita India Ltd is Rated Hold by MarketsMOJO - Markets Mojo,"<a href=""https://news.google.com/rss/articles/CBMirAFBVV95cUxPQXA0Mk1lZWF1RUxvcV8taC1RR0pEUkhyeGRVUmZ3WHpTTjFQMjhPSS1wNlA3N0hsRmZ5RkNaWEt5MHdzRDNJMlJ4c1ZxWlUyQ1hYbkkwUlM4Mi0xQm1PSXZQOTdGNGY0cWRPcEN5bWxZTTBfWWUxX0s5eEJ6MXpiQklIZE5NdWxlYUFzLW96X1hZZElENWxyM2JkX2JYdEhDMWlqVEJ2d0p3aDBJ?oc=5"" target=""_blank"">Gravita India Ltd is Rated Hold by MarketsMOJO</a>&nbsp;&nbsp;<font color=""#6f6f6f"">Markets Mojo</font>",2026-02-23 13:39:24,Markets Mojo,https://news.google.com/rss/articles/CBMirAFBVV95cUxPQXA0Mk1lZWF1RUxvcV8taC1RR0pEUkhyeGRVUmZ3WHpTTjFQMjhPSS1wNlA3N0hsRmZ5RkNaWEt5MHdzRDNJMlJ4c1ZxWlUyQ1hYbkkwUlM4Mi0xQm1PSXZQOTdGNGY0cWRPcEN5bWxZTTBfWWUxX0s5eEJ6MXpiQklIZE5NdWxlYUFzLW96X1hZZElENWxyM2JkX2JYdEhDMWlqVEJ2d0p3aDBJ?oc=5
GRAVITA,Gravita India Limited,Revenue Miss: Gravita India Limited Fell 7.4% Short Of Analyst Revenue Estimates And Analysts Have Been Revising Their Models - simplywall.st,"<a href=""https://news.google.com/rss/articles/CBMi1gFBVV95cUxON3phSnBkYm9fZThnOUN5V1pkcjBTUnVpdG8wVy02U2I1VDE4RmdMNEN6MmFRU3JnYTNoRkVkRHJSanRWZnkwN1M0SHZNNEktUmV5WWFMTVU0dDdGQnhxbU5mUzg3SFlIX0pMUWk4YU9XYURyR2ZIbGt6cWlNM2hYTkdIY3FBdVBKZUlha2hSN1pxYTgtbVJHM2JQVlhQdTRWZWRMSFYtYUh6d1prNk92YjNoMTJSRkpkcjNCWVNzZHVXYWNzSGZta1RxaDZaZWFJWF9iOEZn?oc=5"" target=""_blank"">Revenue Miss: Gravita India Limited Fell 7.4% Short Of Analyst Revenue Estimates And Analysts Have Been Revising Their Models</a>&nbsp;&nbsp;<font color=""#6f6f6f"">simplywall.st</font>",2026-01-25 08:00:00,simplywall.st,https://news.google.com/rss/articles/CBMi1gFBVV95cUxON3phSnBkYm9fZThnOUN5V1pkcjBTUnVpdG8wVy02U2I1VDE4RmdMNEN6MmFRU3JnYTNoRkVkRHJSanRWZnkwN1M0SHZNNEktUmV5WWFMTVU0dDdGQnhxbU5mUzg3SFlIX0pMUWk4YU9XYURyR2ZIbGt6cWlNM2hYTkdIY3FBdVBKZUlha2hSN1pxYTgtbVJHM2JQVlhQdTRWZWRMSFYtYUh6d1prNk92YjNoMTJSRkpkcjNCWVNzZHVXYWNzSGZta1RxaDZaZWFJWF9iOEZn?oc=5
GRAVITA,Gravita India Limited,We Think Gravita India Limited's (NSE:GRAVITA) CEO Compensation Looks Fair - simplywall.st,"<a href=""https://news.google.com/rss/articles/CBMi1gFBVV95cUxQRXk1ai13bTZxeC1NVl81LVhoVkJOYXRaT25ia0V3VXpQWUhVOWpVbjV2LUZzcG9NSzBCRUNqWkJxWkxQQmRWQmc4cmUzUlQzTWc5Q2ZHSzRNRlQ4VlZBOFA5R212SXExNXNxZGZOcThSQlZQZHBoSjRaZnFnWGwtN3FLU3JLZ18weUlMWS1JaTUzaVctdUpFR0FEQ1RoTVVMRjZSZjdEdUV4WnZjSndnU3lPTFFyNnE3R29SdmhIbzFUNmt4UkxmbTVJdkh4MHFBZHhkUWN30gHbAUFVX3lxTE9BcEo0cmpiWEpxS1NKN3Z6SWdvYU5pT3l4MlRfMGdpbklZbmRkbkRYY21KYW1qRUdlMGVtYTYwRXRKeVJuNzBwY05COHZ4amJpMmNmOXg1bWtlSVZES0Mwa3dvd28tSG5sZkRlMFJnQzNRRXhLa3FWdlQzM2xKRHVnTkM4Y1VGMkNLYzNsaFlTekt3bURVUHByNjVqaVU3QjJaczYwNFBiemdMbE42X0ZMd1h0aXhUYUFhMEp2UDgyRFdDbXlHdzUyVV9GRWZVRG9BVXBaVm5GTWxWOA?oc=5"" target=""_blank"">We Think Gravita India Limited's (NSE:GRAVITA) CEO Compensation Looks Fair</a>&nbsp;&nbsp;<font color=""#6f6f6f"">simplywall.st</font>",2025-09-01 07:00:00,simplywall.st,https://news.google.com/rss/articles/CBMi1gFBVV95cUxQRXk1ai13bTZxeC1NVl81LVhoVkJOYXRaT25ia0V3VXpQWUhVOWpVbjV2LUZzcG9NSzBCRUNqWkJxWkxQQmRWQmc4cmUzUlQzTWc5Q2ZHSzRNRlQ4VlZBOFA5R212SXExNXNxZGZOcThSQlZQZHBoSjRaZnFnWGwtN3FLU3JLZ18weUlMWS1JaTUzaVctdUpFR0FEQ1RoTVVMRjZSZjdEdUV4WnZjSndnU3lPTFFyNnE3R29SdmhIbzFUNmt4UkxmbTVJdkh4MHFBZHhkUWN30gHbAUFVX3lxTE9BcEo0cmpiWEpxS1NKN3Z6SWdvYU5pT3l4MlRfMGdpbklZbmRkbkRYY21KYW1qRUdlMGVtYTYwRXRKeVJuNzBwY05COHZ4amJpMmNmOXg1bWtlSVZES0Mwa3dvd28tSG5sZkRlMFJnQzNRRXhLa3FWdlQzM2xKRHVnTkM4Y1VGMkNLYzNsaFlTekt3bURVUHByNjVqaVU3QjJaczYwNFBiemdMbE42X0ZMd1h0aXhUYUFhMEp2UDgyRFdDbXlHdzUyVV9GRWZVRG9BVXBaVm5GTWxWOA?oc=5
GRAVITA,Gravita India Limited,Gravita India Ltd Technical Momentum Shifts Amid Mixed Market Signals - Markets Mojo,"<a href=""https://news.google.com/rss/articles/CBMixgFBVV95cUxQTkJTa2tyZ1dxcW1XTnl5b2xNclRWNjlmdy1Oc043b3N1MlVJV0hWdHFCUWttQmFkR2kxem5HQ0ZuX2I3aG50cnNKM0JMZnV3a2czalJMbXEtb202YW1uS0ZHWFRiRGtrRUxTdzNFUFVxeGZPQ1lnOXFzelFnMGpfWUFXSExiNVd2cVNqMm9ZZzhPSUR3bEhMcVlQX016cWtFZDh4ZzJ0RkZtX1Q1YktpZnRic240MFZwSVlUSVQwUWtYaFBobFE?oc=5"" target=""_blank"">Gravita India Ltd Technical Momentum Shifts Amid Mixed Market Signals</a>&nbsp;&nbsp;<font color=""#6f6f6f"">Markets Mojo</font>",2026-02-05 08:00:00,Markets Mojo,https://news.google.com/rss/articles/CBMixgFBVV95cUxQTkJTa2tyZ1dxcW1XTnl5b2xNclRWNjlmdy1Oc043b3N1MlVJV0hWdHFCUWttQmFkR2kxem5HQ0ZuX2I3aG50cnNKM0JMZnV3a2czalJMbXEtb202YW1uS0ZHWFRiRGtrRUxTdzNFUFVxeGZPQ1lnOXFzelFnMGpfWUFXSExiNVd2cVNqMm9ZZzhPSUR3bEhMcVlQX016cWtFZDh4ZzJ0RkZtX1Q1YktpZnRic240MFZwSVlUSVQwUWtYaFBobFE?oc=5
GRAVITA,Gravita India Limited,"With EPS Growth And More, Gravita India (NSE:GRAVITA) Makes An Interesting Case - simplywall.st","<a href=""https://news.google.com/rss/articles/CBMi2gFBVV95cUxPa2tmM2RyWEJnZjY1TFVhRkZSOG41dVlvWWJGZ1lkb3VXcmtzQjBPTU5IZzRmWmZtT3BZSVBHTG8yNU53Wko0cFhGeHVVS05MYXotNGlzRm9MM212eDF5X0xsVnJtZno0M2pXV2Jhc01XdnhRdHRMWWdCcVZjUWhJS0hNY0dmNjRVQjRfXzF0Yk9JWXFxVnFROXY1NVZaTXQzNG5FRFpwZVVHM0hFTElRODd2dHJlRkFnSzVRQURaeHdMcmV1RjRjd2VMb05xSmJHSkpqUnhzTVJLUQ?oc=5"" target=""_blank"">With EPS Growth And More, Gravita India (NSE:GRAVITA) Makes An Interesting Case</a>&nbsp;&nbsp;<font color=""#6f6f6f"">simplywall.st</font>",2026-01-15 08:00:00,simplywall.st,https://news.google.com/rss/articles/CBMi2gFBVV95cUxPa2tmM2RyWEJnZjY1TFVhRkZSOG41dVlvWWJGZ1lkb3VXcmtzQjBPTU5IZzRmWmZtT3BZSVBHTG8yNU53Wko0cFhGeHVVS05MYXotNGlzRm9MM212eDF5X0xsVnJtZno0M2pXV2Jhc01XdnhRdHRMWWdCcVZjUWhJS0hNY0dmNjRVQjRfXzF0Yk9JWXFxVnFROXY1NVZaTXQzNG5FRFpwZVVHM0hFTElRODd2dHJlRkFnSzVRQURaeHdMcmV1RjRjd2VMb05xSmJHSkpqUnhzTVJLUQ?oc=5
GRAVITA,Gravita India Limited,"How Did Gravita India, Eco Recycling and 3 Other Recycling Companies Perform in Q3? - Trade Brains","<a href=""https://news.google.com/rss/articles/CBMiqAFBVV95cUxNYmZWNDV4N29BekE3UGpEZGFheUlydEpsUVBuZ2NvdW43T2RPb0UteGdtZjZWUXBwUEllZ2FkX0d0RGlJZ3BjdGM5Q1NKeG5NaE9nSEVKcWlaMzYya3ZTT1RTY2VFUWdTay02TENTb1lpT0k0eTBfaUtiTkluT3JTbEl1SElEYWlGNTk4R3JJUkQ0RkVlOUhtTEhoX1FXOEQzVDhfZDdRdmk?oc=5"" target=""_blank"">How Did Gravita India, Eco Recycling and 3 Other Recycling Companies Perform in Q3?</a>&nbsp;&nbsp;<font color=""#6f6f6f"">Trade Brains</font>",2026-02-20 08:00:00,Trade Brains,https://news.google.com/rss/articles/CBMiqAFBVV95cUxNYmZWNDV4N29BekE3UGpEZGFheUlydEpsUVBuZ2NvdW43T2RPb0UteGdtZjZWUXBwUEllZ2FkX0d0RGlJZ3BjdGM5Q1NKeG5NaE9nSEVKcWlaMzYya3ZTT1RTY2VFUWdTay02TENTb1lpT0k0eTBfaUtiTkluT3JTbEl1SElEYWlGNTk4R3JJUkQ0RkVlOUhtTEhoX1FXOEQzVDhfZDdRdmk?oc=5
GRAVITA,Gravita India Limited,Gravita India receives buy recommendation from Axis Direct; Check the target - Trade Brains,"<a href=""https://news.google.com/rss/articles/CBMioAFBVV95cUxNUmY5Mk40Zkc4VnBUNFlQb3ZsSkpOdnR3aEgxTWtaYlFPaWR3bnZINFNwcF80RWE1NmNxWUxvdnpaVnc2aTRiN0MwQjRVcEtXSTRzRGlhTzBvMHdPYUJ6UDBSa253c2sxNDJyN05kaWNvb3hLTEdkajJfdmFPbkRZSWhRZ1ZjdHhWT2lvQlJPVHFWeUZiUVlFWUxMX3oxRXp5?oc=5"" target=""_blank"">Gravita India receives buy recommendation from Axis Direct; Check the target</a>&nbsp;&nbsp;<font color=""#6f6f6f"">Trade Brains</font>",2026-01-29 08:00:00,Trade Brains,https://news.google.com/rss/articles/CBMioAFBVV95cUxNUmY5Mk40Zkc4VnBUNFlQb3ZsSkpOdnR3aEgxTWtaYlFPaWR3bnZINFNwcF80RWE1NmNxWUxvdnpaVnc2aTRiN0MwQjRVcEtXSTRzRGlhTzBvMHdPYUJ6UDBSa253c2sxNDJyN05kaWNvb3hLTEdkajJfdmFPbkRZSWhRZ1ZjdHhWT2lvQlJPVHFWeUZiUVlFWUxMX3oxRXp5?oc=5
GRAVITA,Gravita India Limited,Does Gravita India (NSE:GRAVITA) Have A Healthy Balance Sheet? - simplywall.st,"<a href=""https://news.google.com/rss/articles/CBMi1AFBVV95cUxPbUlJajdfWGhjNXVkUUJ1OWthMElYQm92Rm9HbmdLOUhXaVd6aGRFN2NuSjcwMVE0aTJuR2kzUi02ZmpHTkJzWVRzbkRwZkJfcWFDQmxmZmdKelkxS192VUh3c3NkVzZ2RC1yMkRIeFZUbDFwdHdQOXRXYnp4NTVPUUVPeUMzYzlCNk0xWUZtN2ZRM0o0TGctcVRoZVJDWWtYeFg5RElBaE5qSjAyR1cxLXBSMlJ3TjQ2cWE3bWswT3lLTVd1VHhOdlhSVWNNam5HT2g4SdIB2gFBVV95cUxOQ2lONmg3UXdXOUE1YnY3ZFVVeHB6RFU1bVViSTNZdTY5b2tJbHAzSFZ3WXNBS3hzTFhYN21lYVdJZ1l5Vl96dS1UUmo3NC1JSUcybWppLWxYSzFwWDVJWUswOWNBcWt2T2FEYmJ1M281MzNtREFRZ2JIdmJGTFByQWZnd29CM1k1bGo2dDB6RDJta1FFWHphZThYeU9tUlBGcGpVT2ZYZHJuRi1nTVNianJEcHFDTUtZSFZ2SDZKYzlNYlBMS0tHV0VhRjAtRkMxMlhmQW5xTDJ2QQ?oc=5"" target=""_blank"">Does Gravita India (NSE:GRAVITA) Have A Healthy Balance Sheet?</a>&nbsp;&nbsp;<font color=""#6f6f6f"">simplywall.st</font>",2025-12-28 08:00:00,simplywall.st,https://news.google.com/rss/articles/CBMi1AFBVV95cUxPbUlJajdfWGhjNXVkUUJ1OWthMElYQm92Rm9HbmdLOUhXaVd6aGRFN2NuSjcwMVE0aTJuR2kzUi02ZmpHTkJzWVRzbkRwZkJfcWFDQmxmZmdKelkxS192VUh3c3NkVzZ2RC1yMkRIeFZUbDFwdHdQOXRXYnp4NTVPUUVPeUMzYzlCNk0xWUZtN2ZRM0o0TGctcVRoZVJDWWtYeFg5RElBaE5qSjAyR1cxLXBSMlJ3TjQ2cWE3bWswT3lLTVd1VHhOdlhSVWNNam5HT2g4SdIB2gFBVV95cUxOQ2lONmg3UXdXOUE1YnY3ZFVVeHB6RFU1bVViSTNZdTY5b2tJbHAzSFZ3WXNBS3hzTFhYN21lYVdJZ1l5Vl96dS1UUmo3NC1JSUcybWppLWxYSzFwWDVJWUswOWNBcWt2T2FEYmJ1M281MzNtREFRZ2JIdmJGTFByQWZnd29CM1k1bGo2dDB6RDJta1FFWHphZThYeU9tUlBGcGpVT2ZYZHJuRi1nTVNianJEcHFDTUtZSFZ2SDZKYzlNYlBMS0tHV0VhRjAtRkMxMlhmQW5xTDJ2QQ?oc=5
GRAVITA,Gravita India Limited,"Gravita India Schedules Post-Results Conference Call for Q3FY26 and 9MFY26 Earnings Discussion on January 23, 2026 - scanx.trade","<a href=""https://news.google.com/rss/articles/CBMi_gFBVV95cUxPUUFvNXNHWDk4bGlsTDhwTTBYUndyWk1uYnB2bExJQy1ZQ2FwY0hYTS1VQjAwRlhDNk1NaGdaZHNwSmZKbVpaM0hxMUVoei1HS0RkNWhnay1lYXVGandpUGpUVWVfVGl2VWtKRDk5bDVqN1AtejhBYWM0NXlQZE44TVdDdmlYYktSOHN4TTRVdjdqblZ6RTQ1bEdpbXBaOFRKRWVvR0lkVUpZTDVWRi1MbU9ESkJSSzJHdTJVNGhrY0QwVnVaV2tfb0V6SEY2dkFnWnJ4dWk3eTd3c2NhYmZtcWY2QjFuZVNxTDhkd3lCa0pTODVpeE0zR1Q3LVQxZw?oc=5"" target=""_blank"">Gravita India Schedules Post-Results Conference Call for Q3FY26 and 9MFY26 Earnings Discussion on January 23, 2026</a>&nbsp;&nbsp;<font color=""#6f6f6f"">scanx.trade</font>",2026-01-23 08:00:00,scanx.trade,https://news.google.com/rss/articles/CBMi_gFBVV95cUxPUUFvNXNHWDk4bGlsTDhwTTBYUndyWk1uYnB2bExJQy1ZQ2FwY0hYTS1VQjAwRlhDNk1NaGdaZHNwSmZKbVpaM0hxMUVoei1HS0RkNWhnay1lYXVGandpUGpUVWVfVGl2VWtKRDk5bDVqN1AtejhBYWM0NXlQZE44TVdDdmlYYktSOHN4TTRVdjdqblZ6RTQ1bEdpbXBaOFRKRWVvR0lkVUpZTDVWRi1MbU9ESkJSSzJHdTJVNGhrY0QwVnVaV2tfb0V6SEY2dkFnWnJ4dWk3eTd3c2NhYmZtcWY2QjFuZVNxTDhkd3lCa0pTODVpeE0zR1Q3LVQxZw?oc=5
GRAVITA,Gravita India Limited,Gravita India Ltd Faces Mixed Technical Signals Amid Price Momentum Shift - Markets Mojo,"<a href=""https://news.google.com/rss/articles/CBMiywFBVV95cUxOQ09DUUhST0ZtRFdLSWl1V0FRUDNsWW1pRG4yX1VzdEk4THBtaEJGSXlwS2hveWJyMUxxb2hkNjBybVJQUnRqbDA1dXAyejdFX01STFUyM3NMYmhTemc1elBvTXFsOEc0R2duVUZnRDY1Ry02aGZKekdVRTVqN0sxUDRHN00zUTBYVlBETEVDVVV6bmtTU0RvWFpjWkJoN2xPdm5DUmNqcVRiSm5YeHdpV2FUUkQzaDhGcUQ4enVKVjltTDJ3TEQwVnBhbw?oc=5"" target=""_blank"">Gravita India Ltd Faces Mixed Technical Signals Amid Price Momentum Shift</a>&nbsp;&nbsp;<font color=""#6f6f6f"">Markets Mojo</font>",2026-01-21 03:05:17,Markets Mojo,https://news.google.com/rss/articles/CBMiywFBVV95cUxOQ09DUUhST0ZtRFdLSWl1V0FRUDNsWW1pRG4yX1VzdEk4THBtaEJGSXlwS2hveWJyMUxxb2hkNjBybVJQUnRqbDA1dXAyejdFX01STFUyM3NMYmhTemc1elBvTXFsOEc0R2duVUZnRDY1Ry02aGZKekdVRTVqN0sxUDRHN00zUTBYVlBETEVDVVV6bmtTU0RvWFpjWkJoN2xPdm5DUmNqcVRiSm5YeHdpV2FUUkQzaDhGcUQ4enVKVjltTDJ3TEQwVnBhbw?oc=5
GRAVITA,Gravita India Limited,Gravita India Q2 results: Net profit rises 33% YoY to ₹96 crore - CNBC TV18,"<a href=""https://news.google.com/rss/articles/CBMiwAFBVV95cUxPQWlvcmxFNWd3T2xpeHhGT0I5NTMtbGNCZFpwTTVubEF6NjNJZ0oyTXcwcFcwVTB3SGhaelAxT2paaktFSUVBVUJ4SEJCWGxuVUFXU3NxZEp6SFZCR0lhc3B3b2RYUTcwc2J5WXBZS1Y0VW9NaXZIWDk5QjNiZXU2R3Q3RGl4alJzOEZlcV8zMS1fMERWcHpoZ2NVSHN5ZGx0WHRaSElpeVpLX3dQYzNIVkxaMEZueVhKdkNoSXFzNlTSAcYBQVVfeXFMTWZTdi0yZHUwVU1TV1ZHZ3hfcjk1M3ZKSHFvdHd6aFZtT05WLXk2RDBBbktjeWVsUEhjVEdCeDNyLUJhcWxuMGlqYTlfTmJFRVZkRFYwV055WW1xX3kwbDkweVNUN1h0c3hYV3M0Tk9WT1FwdG1VTU5panFUVTNoV2NXY1c1bVYwbXE3LUFFbkFWOXdBTUxYblBuN2ZSbmpCTXp3LXFvOElybFBXMHZ4NXJycFdDQUdLakExdTNfc3FTaHhtaVJR?oc=5"" target=""_blank"">Gravita India Q2 results: Net profit rises 33% YoY to ₹96 crore</a>&nbsp;&nbsp;<font color=""#6f6f6f"">CNBC TV18</font>",2025-10-30 07:00:00,CNBC TV18,https://news.google.com/rss/articles/CBMiwAFBVV95cUxPQWlvcmxFNWd3T2xpeHhGT0I5NTMtbGNCZFpwTTVubEF6NjNJZ0oyTXcwcFcwVTB3SGhaelAxT2paaktFSUVBVUJ4SEJCWGxuVUFXU3NxZEp6SFZCR0lhc3B3b2RYUTcwc2J5WXBZS1Y0VW9NaXZIWDk5QjNiZXU2R3Q3RGl4alJzOEZlcV8zMS1fMERWcHpoZ2NVSHN5ZGx0WHRaSElpeVpLX3dQYzNIVkxaMEZueVhKdkNoSXFzNlTSAcYBQVVfeXFMTWZTdi0yZHUwVU1TV1ZHZ3hfcjk1M3ZKSHFvdHd6aFZtT05WLXk2RDBBbktjeWVsUEhjVEdCeDNyLUJhcWxuMGlqYTlfTmJFRVZkRFYwV055WW1xX3kwbDkweVNUN1h0c3hYV3M0Tk9WT1FwdG1VTU5panFUVTNoV2NXY1c1bVYwbXE3LUFFbkFWOXdBTUxYblBuN2ZSbmpCTXp3LXFvOElybFBXMHZ4NXJycFdDQUdLakExdTNfc3FTaHhtaVJR?oc=5
GRAVITA,Gravita India Limited,Gravita India Hits Day High with 7.02% Surge in Strong Intraday Performance - Markets Mojo,"<a href=""https://news.google.com/rss/articles/CBMiywFBVV95cUxOQ1oxOHRMOVlOSFpGUVBjTWdSTkIxZWc2OVhGYjZ4R21WTzVQUGVrOG1kMDdJX0ktaGFDSzhTVXF4cHVfeHBPRmg4SzJhaDh2REw0dGFlRVV0Z0tKaXdPYTNjTE9oMEQ4ODBaZlRjRHFZNGdZOHRIcUxBTHotdmlqQ0gweGJ6VlYyN2h2UVpwLTlmSlFUa25jUkNka3RPaXRLQ09fQ2hmOFdsTy1WU3hKN0c4T3BtSWgzVGVPVE13SHZ2UXRrQmliaDIwSQ?oc=5"" target=""_blank"">Gravita India Hits Day High with 7.02% Surge in Strong Intraday Performance</a>&nbsp;&nbsp;<font color=""#6f6f6f"">Markets Mojo</font>",2025-10-24 07:40:01,Markets Mojo,https://news.google.com/rss/articles/CBMiywFBVV95cUxOQ1oxOHRMOVlOSFpGUVBjTWdSTkIxZWc2OVhGYjZ4R21WTzVQUGVrOG1kMDdJX0ktaGFDSzhTVXF4cHVfeHBPRmg4SzJhaDh2REw0dGFlRVV0Z0tKaXdPYTNjTE9oMEQ4ODBaZlRjRHFZNGdZOHRIcUxBTHotdmlqQ0gweGJ6VlYyN2h2UVpwLTlmSlFUa25jUkNka3RPaXRLQ09fQ2hmOFdsTy1WU3hKN0c4T3BtSWgzVGVPVE13SHZ2UXRrQmliaDIwSQ?oc=5
GRAVITA,Gravita India Limited,Gravita India Reports 25% Jump in Q3 Net Profit to ₹97.70 Crores - scanx.trade,"<a href=""https://news.google.com/rss/articles/CBMiugFBVV95cUxPVl8weGxqcHBuT1RSLXhOYTFPMzlTTHNleFdlUHJBQUFWQ3R3YVlQTi1NakJKeUxQcFl6TEwyY25ldWNnV3g2WWlIUjhFRHd3QTJPd21XLXdERW9hdWc0SG14QUx6eU81UU5zdWNFMGpjTTZqT0NWR200MTZFcUtEYmtORzlxcm5yM0V1WDY5RjFQQjZOMTREUnMyWHgxZDdkc2lkWEg3ZVVYZFQ1SFhNRGhZZllyQVZnYlE?oc=5"" target=""_blank"">Gravita India Reports 25% Jump in Q3 Net Profit to ₹97.70 Crores</a>&nbsp;&nbsp;<font color=""#6f6f6f"">scanx.trade</font>",2026-01-21 08:00:00,scanx.trade,https://news.google.com/rss/articles/CBMiugFBVV95cUxPVl8weGxqcHBuT1RSLXhOYTFPMzlTTHNleFdlUHJBQUFWQ3R3YVlQTi1NakJKeUxQcFl6TEwyY25ldWNnV3g2WWlIUjhFRHd3QTJPd21XLXdERW9hdWc0SG14QUx6eU81UU5zdWNFMGpjTTZqT0NWR200MTZFcUtEYmtORzlxcm5yM0V1WDY5RjFQQjZOMTREUnMyWHgxZDdkc2lkWEg3ZVVYZFQ1SFhNRGhZZllyQVZnYlE?oc=5
GRAVITA,Gravita India Limited,Gravita India Ltd Technical Momentum Shifts Amid Mixed Market Signals - Markets Mojo,"<a href=""https://news.google.com/rss/articles/CBMixgFBVV95cUxOMkhnOW94cURlZ2p6RjllQzJtdDlrQjFLSXJITU51dGVGUUZDZHREaHpEYjhLemJRbktva1g0c3pFa3pRcUlWVG1SRVkzZ2VnTXkzdGd5dG83R1hPNWVjUk5aTTBRMmZGejFMYVZ3WkpzQlVDSHlSREZ3eHJkMC04T09qbVg1c245TE5lVm9mUlRUbGVtNzA1eEFkSW9aZGRGWlZSYlNnRVhtS3BBcERnVTMxV1Q1RVE4Und2cXd3LVhOb2t4OHc?oc=5"" target=""_blank"">Gravita India Ltd Technical Momentum Shifts Amid Mixed Market Signals</a>&nbsp;&nbsp;<font color=""#6f6f6f"">Markets Mojo</font>",2026-02-04 03:25:26,Markets Mojo,https://news.google.com/rss/articles/CBMixgFBVV95cUxOMkhnOW94cURlZ2p6RjllQzJtdDlrQjFLSXJITU51dGVGUUZDZHREaHpEYjhLemJRbktva1g0c3pFa3pRcUlWVG1SRVkzZ2VnTXkzdGd5dG83R1hPNWVjUk5aTTBRMmZGejFMYVZ3WkpzQlVDSHlSREZ3eHJkMC04T09qbVg1c245TE5lVm9mUlRUbGVtNzA1eEFkSW9aZGRGWlZSYlNnRVhtS3BBcERnVTMxV1Q1RVE4Und2cXd3LVhOb2t4OHc?oc=5
GRAVITA,Gravita India Limited,"Gravita India Ltd Forms Death Cross, Signalling Potential Bearish Trend - Markets Mojo","<a href=""https://news.google.com/rss/articles/CBMixwFBVV95cUxPZjU4dnU3VjZURWtRLVpqTWNJSUlvN3NvaTVpcjNvT1g5Y1dFQXlEQVVhTFRna3VwUEV1ZGlsX2pLUUNPSjJPUW95d2ZVU0tzU24xX1BtaTZVWnlBdzRiLVlkcEtreG9DWE5kV3FpU1pHaVA0X01lVVJEUjRONXBXRzh5d05TWU5ZSXJ2RTlJNzQ5aE9TXzlrU09Sc2plTW9pRzE0YjFYSTdkMXBLLUtPek5UODhLM08tVGFWLTJNcFNmQ3Q2NEhR?oc=5"" target=""_blank"">Gravita India Ltd Forms Death Cross, Signalling Potential Bearish Trend</a>&nbsp;&nbsp;<font color=""#6f6f6f"">Markets Mojo</font>",2026-01-23 12:39:51,Markets Mojo,https://news.google.com/rss/articles/CBMixwFBVV95cUxPZjU4dnU3VjZURWtRLVpqTWNJSUlvN3NvaTVpcjNvT1g5Y1dFQXlEQVVhTFRna3VwUEV1ZGlsX2pLUUNPSjJPUW95d2ZVU0tzU24xX1BtaTZVWnlBdzRiLVlkcEtreG9DWE5kV3FpU1pHaVA0X01lVVJEUjRONXBXRzh5d05TWU5ZSXJ2RTlJNzQ5aE9TXzlrU09Sc2plTW9pRzE0YjFYSTdkMXBLLUtPek5UODhLM08tVGFWLTJNcFNmQ3Q2NEhR?oc=5
GRAVITA,Gravita India Limited,Gravita India Management Maintains Margin Guidance at ₹19-20 Per Tonne - scanx.trade,"<a href=""https://news.google.com/rss/articles/CBMiwwFBVV95cUxNem9IcXI5bWZITTAzUGZBQS1US0gyZ0xwcFNreDJ0cUh4U1pYb3M0c3NrandNbVJXc1dkdmtra2ZWZzV2MFdoYXVVVGZoamY1OXhhVjdldFRGdzh0NHh4c1hEUk4tSGt4Ymt6MHdudFdjSW50OUtrQ25HQy1XTGFZWXREbG5kQWVQcTcyaHM5Y3JqYzVJRHctaEoxVU5aRjVBeElBMG1mUG5QMkpBLW5mRUM0WEphLVNadkN3RXZfRWpicXM?oc=5"" target=""_blank"">Gravita India Management Maintains Margin Guidance at ₹19-20 Per Tonne</a>&nbsp;&nbsp;<font color=""#6f6f6f"">scanx.trade</font>",2026-01-22 08:00:00,scanx.trade,https://news.google.com/rss/articles/CBMiwwFBVV95cUxNem9IcXI5bWZITTAzUGZBQS1US0gyZ0xwcFNreDJ0cUh4U1pYb3M0c3NrandNbVJXc1dkdmtra2ZWZzV2MFdoYXVVVGZoamY1OXhhVjdldFRGdzh0NHh4c1hEUk4tSGt4Ymt6MHdudFdjSW50OUtrQ25HQy1XTGFZWXREbG5kQWVQcTcyaHM5Y3JqYzVJRHctaEoxVU5aRjVBeElBMG1mUG5QMkpBLW5mRUM0WEphLVNadkN3RXZfRWpicXM?oc=5
GRAVITA,Gravita India Limited,Gravita India signs binding term sheet worth ₹565 crore for acquisition of Rasthriya Metal Industries - CNBC TV18,"<a href=""https://news.google.com/rss/articles/CBMi-wFBVV95cUxPcVFxcWEzYm94ejZhTVRuTjdMNFZmdGF5UF96RnF1cWIyOFF0cUhFNW9hZFc5c2M3TG1zMm5ZUWtDY2N0STNiamd3bWNncEwtdXp5NGJCRnJEbGtPMTVYd1FndHgtZ3JmTlQyc2R4cGxwOVFPOVVQdDBKSC1zYkwyRjBiazNVUWdDVS1raEdjVkg3ZTBoeFlvOHFHb296c05nelA4ZG4wZ3pJWG5Od3lENnN0TXFRX1lEamJJU3hmRWpjaW9kam1vTEF3R3BydzJFY3RKbnZIYU50a0dRTDJaLXBGQXFZVlhCMUJOQ1RPMUZhTVFtUmFEazBfd9IBgAJBVV95cUxQWUVoWG5OdmwzdkpzN0RWcGNDdzRGQVU4UGEyLWZKWmhDdXlCTnRnbGQtQnlPN3l1ZmZBdGxETEJhUS1ZN1h2RmJlUDJMdUlmRlFkY0lZU05OTGYtaktDdGdyYzdFUl9DTjBDNUNjZ0xBMkpQUGdrMkJ6TVM1R1lJVVdHeHdSTm5YQ0l3RHJHNXNQdEk0S01nYVVZT0tncFRIYUFIc3ZMajE4Yl9ObEZ0Yy1KQWlzTE5mSGVscmNqS2x2MmVOVHhWOExzUTVOdklSYUkyczJveHhod3RQM2N0emlqRHhyOC1xclZYdExKS2JDMS1YeGZuZUNQS1dzZEVt?oc=5"" target=""_blank"">Gravita India signs binding term sheet worth ₹565 crore for acquisition of Rasthriya Metal Industries</a>&nbsp;&nbsp;<font color=""#6f6f6f"">CNBC TV18</font>",2026-02-09 08:00:00,CNBC TV18,https://news.google.com/rss/articles/CBMi-wFBVV95cUxPcVFxcWEzYm94ejZhTVRuTjdMNFZmdGF5UF96RnF1cWIyOFF0cUhFNW9hZFc5c2M3TG1zMm5ZUWtDY2N0STNiamd3bWNncEwtdXp5NGJCRnJEbGtPMTVYd1FndHgtZ3JmTlQyc2R4cGxwOVFPOVVQdDBKSC1zYkwyRjBiazNVUWdDVS1raEdjVkg3ZTBoeFlvOHFHb296c05nelA4ZG4wZ3pJWG5Od3lENnN0TXFRX1lEamJJU3hmRWpjaW9kam1vTEF3R3BydzJFY3RKbnZIYU50a0dRTDJaLXBGQXFZVlhCMUJOQ1RPMUZhTVFtUmFEazBfd9IBgAJBVV95cUxQWUVoWG5OdmwzdkpzN0RWcGNDdzRGQVU4UGEyLWZKWmhDdXlCTnRnbGQtQnlPN3l1ZmZBdGxETEJhUS1ZN1h2RmJlUDJMdUlmRlFkY0lZU05OTGYtaktDdGdyYzdFUl9DTjBDNUNjZ0xBMkpQUGdrMkJ6TVM1R1lJVVdHeHdSTm5YQ0l3RHJHNXNQdEk0S01nYVVZT0tncFRIYUFIc3ZMajE4Yl9ObEZ0Yy1KQWlzTE5mSGVscmNqS2x2MmVOVHhWOExzUTVOdklSYUkyczJveHhod3RQM2N0emlqRHhyOC1xclZYdExKS2JDMS1YeGZuZUNQS1dzZEVt?oc=5
GRAVITA,Gravita India Limited,Gravita India Shows Resilience Amid Market Challenges with Notable Stock Performance - Markets Mojo,"<a href=""https://news.google.com/rss/articles/CBMiywFBVV95cUxNcGozTjZacFp1TUg4ZS05TVowNGxUVl91QVZyRjNoVV9LblBwUW9QZktMVWxROENmWkZlNUdZSFZXaVNrd3BiOVRNNnVsNXB0bEtIVEFxZjFFTUlQdlg5RWNld2RLSTRXZWk0dzExeFpmeXZ1b3lNR0hQY1p0MXhieVVxVm43ZzV0YXZBMTkteEpocFNzbGVnblhRaVNhZ0JSR2NmNXI1d3kzNWRsdzhVaXdPc08tZUNuVm43S01YS1F0MjNobnE1OElYNA?oc=5"" target=""_blank"">Gravita India Shows Resilience Amid Market Challenges with Notable Stock Performance</a>&nbsp;&nbsp;<font color=""#6f6f6f"">Markets Mojo</font>",2025-07-24 07:00:00,Markets Mojo,https://news.google.com/rss/articles/CBMiywFBVV95cUxNcGozTjZacFp1TUg4ZS05TVowNGxUVl91QVZyRjNoVV9LblBwUW9QZktMVWxROENmWkZlNUdZSFZXaVNrd3BiOVRNNnVsNXB0bEtIVEFxZjFFTUlQdlg5RWNld2RLSTRXZWk0dzExeFpmeXZ1b3lNR0hQY1p0MXhieVVxVm43ZzV0YXZBMTkteEpocFNzbGVnblhRaVNhZ0JSR2NmNXI1d3kzNWRsdzhVaXdPc08tZUNuVm43S01YS1F0MjNobnE1OElYNA?oc=5
GRAVITA,Gravita India Limited,Why did Gravita India shares jump by up to 4%? | Tap to know more | Inshorts - Inshorts,"<a href=""https://news.google.com/rss/articles/CBMikwFBVV95cUxPTlBZYWJwYlpoZ1ZkTGVHUGJDbGx0MklwRVJNZEEtSkZBUkJvTXFWVGpmZEpBc1ZsYXp2VmFtX0drdXJ4TFFJNGhzZmNfcHd4YjJBOEFHa0lzS2w2WVUySFpTaFZ6YVdHN0I2ajd0Nm5HbEE1VmdwbVJ5MVRnaUxSV2dYZ2VyZ2lJQ2JJWlFjY1ludkHSAZgBQVVfeXFMT25YTGgtdTV1QVNPYnJtUjFsR3dMZUpxWWpHd2E1TFJZeVVwX2p6OUlrekdaVVRPYkFZTDR5UHpVQkNsV0Jhazc0NjdzNU5xa2dna25JSW9wQ2ZWd3I1YURkYkQ5SUVycERLcEZGUUdDTldGei1RRUZtSThEZzFwQ0JNTElyNVRKcWVCTklwcktYeTJ5OGo0MjQ?oc=5"" target=""_blank"">Why did Gravita India shares jump by up to 4%? | Tap to know more | Inshorts</a>&nbsp;&nbsp;<font color=""#6f6f6f"">Inshorts</font>",2026-02-26 19:30:42,Inshorts,https://news.google.com/rss/articles/CBMikwFBVV95cUxPTlBZYWJwYlpoZ1ZkTGVHUGJDbGx0MklwRVJNZEEtSkZBUkJvTXFWVGpmZEpBc1ZsYXp2VmFtX0drdXJ4TFFJNGhzZmNfcHd4YjJBOEFHa0lzS2w2WVUySFpTaFZ6YVdHN0I2ajd0Nm5HbEE1VmdwbVJ5MVRnaUxSV2dYZ2VyZ2lJQ2JJWlFjY1ludkHSAZgBQVVfeXFMT25YTGgtdTV1QVNPYnJtUjFsR3dMZUpxWWpHd2E1TFJZeVVwX2p6OUlrekdaVVRPYkFZTDR5UHpVQkNsV0Jhazc0NjdzNU5xa2dna25JSW9wQ2ZWd3I1YURkYkQ5SUVycERLcEZGUUdDTldGei1RRUZtSThEZzFwQ0JNTElyNVRKcWVCTklwcktYeTJ5OGo0MjQ?oc=5
GRAVITA,Gravita India Limited,Gravita India Reaffirms Medium-Term Expansion Target Despite Current Delays - scanx.trade,"<a href=""https://news.google.com/rss/articles/CBMiyAFBVV95cUxQVGlWVVNPRkprVFg2T254LThManp0bHJMdGZhdVNRNENaYWpoTmRuYzdWa2F0REYtcDVMYkFHb3BLZWF1NVNUMzNaTWV2Q0NqWW9tU1k3c0RIQ3BwbzJfaWlodWVPNG9oaVc5alozN0swT0xKT0tjemlEcVhvTlJDVEViMHNDM3J1U0p5SDdnUlA4Nk52ZDNPSHJQV21yMGpfX0NGbWNDWXZZUjdXQzU2VVg4XzRFUHYwRWxEdTl2bThyWkgtVHJIeg?oc=5"" target=""_blank"">Gravita India Reaffirms Medium-Term Expansion Target Despite Current Delays</a>&nbsp;&nbsp;<font color=""#6f6f6f"">scanx.trade</font>",2026-01-22 08:00:00,scanx.trade,https://news.google.com/rss/articles/CBMiyAFBVV95cUxQVGlWVVNPRkprVFg2T254LThManp0bHJMdGZhdVNRNENaYWpoTmRuYzdWa2F0REYtcDVMYkFHb3BLZWF1NVNUMzNaTWV2Q0NqWW9tU1k3c0RIQ3BwbzJfaWlodWVPNG9oaVc5alozN0swT0xKT0tjemlEcVhvTlJDVEViMHNDM3J1U0p5SDdnUlA4Nk52ZDNPSHJQV21yMGpfX0NGbWNDWXZZUjdXQzU2VVg4XzRFUHYwRWxEdTl2bThyWkgtVHJIeg?oc=5
GRAVITA,Gravita India Limited,"Gravita India Stock: Full breakdown of future outlook, revenues, MOAT, and valuations - Trade Brains","<a href=""https://news.google.com/rss/articles/CBMiqAFBVV95cUxPQ3NPVnVZWDdyU1BXSDlsZW05Wkc1aTRtdTAydldJc1dkSm00SzV3S20yNlRERUtCOXJrS1pXbDdvRmtORFdXVmlaQkJXdlpyRFU3WXptZHZWTUc1clFXOEhvc29Bb2VjNklGLTJrUkdpaHl3dXpVaDIzb1FMNjM0TDRMbTdOLUc4cE5jQXJCSWFJVnZudm1HT0JoZzdYbFlOU3dFWWpyMk0?oc=5"" target=""_blank"">Gravita India Stock: Full breakdown of future outlook, revenues, MOAT, and valuations</a>&nbsp;&nbsp;<font color=""#6f6f6f"">Trade Brains</font>",2025-11-16 08:00:00,Trade Brains,https://news.google.com/rss/articles/CBMiqAFBVV95cUxPQ3NPVnVZWDdyU1BXSDlsZW05Wkc1aTRtdTAydldJc1dkSm00SzV3S20yNlRERUtCOXJrS1pXbDdvRmtORFdXVmlaQkJXdlpyRFU3WXptZHZWTUc1clFXOEhvc29Bb2VjNklGLTJrUkdpaHl3dXpVaDIzb1FMNjM0TDRMbTdOLUc4cE5jQXJCSWFJVnZudm1HT0JoZzdYbFlOU3dFWWpyMk0?oc=5
GRAVITA,Gravita India Limited,Gravita India Ltd is Rated Hold by MarketsMOJO - Markets Mojo,"<a href=""https://news.google.com/rss/articles/CBMirAFBVV95cUxNZk9nOVA3YVJWVWM2cmdGWWkwbjhkdG9iVDFMUU05QkVOU3NwWEZGUWdIQ1lxbGJfRUd2X0xUWUZEQ24tX2ViSll6bzJ2X3ZSeDdReUpxOHNvMlc5NlZiSUtmSDAwS096OEZIWktGVHVkVnFSeTNrX0MyRDk3YlZLMnZfbGszWUxwQWJOV1QzM191VXRWZmZKOHU4aG9Wd2dCajZCcmZmV3lLaThI?oc=5"" target=""_blank"">Gravita India Ltd is Rated Hold by MarketsMOJO</a>&nbsp;&nbsp;<font color=""#6f6f6f"">Markets Mojo</font>",2026-01-31 08:00:00,Markets Mojo,https://news.google.com/rss/articles/CBMirAFBVV95cUxNZk9nOVA3YVJWVWM2cmdGWWkwbjhkdG9iVDFMUU05QkVOU3NwWEZGUWdIQ1lxbGJfRUd2X0xUWUZEQ24tX2ViSll6bzJ2X3ZSeDdReUpxOHNvMlc5NlZiSUtmSDAwS096OEZIWktGVHVkVnFSeTNrX0MyRDk3YlZLMnZfbGszWUxwQWJOV1QzM191VXRWZmZKOHU4aG9Wd2dCajZCcmZmV3lLaThI?oc=5
GRAVITA,Gravita India Limited,Gravita India share price surges 9% in a lacklustre market; should you buy this stock after Q2 results? - Mint,"<a href=""https://news.google.com/rss/articles/CBMi_wFBVV95cUxOd2w5Ti1kR05fdHhDbHRBMlJQa3Z6MlRRVlphVFNwV1o5R0FjenZfSVAwcXQ5MHc5UmVjRXJiMzdjdFVnOUc4MzZqa3FqQVB0Z2wtSHVpdEFWYWgxUURCRm8xZnROejJBQ1ZySktlV1o5YTUwVUNrcjlid1ExN1BGbUUyM3BEM01haS1wTWR5Rmw1c001SUpZdkZmcXZraE42bC1WUUk2NFVzODQ5bWR4WXNiVHdfdUhzM01seWxNb0VqbzBESzF2MFd3NGttdTV1UVBtV1EwaGdEQTdTVFVYbU9QS0lQeGJITkF1VEdBQUVNckFDME55TVJTemZISWPSAYQCQVVfeXFMT2xLb3RIWWdFWXd0X210Y1NUb0FYaWxEeXFuNndBODd5bldrUFlYWEJvek9YNVRpeVNvVWUzQUlQejl2TFY3TnJYRTZaX3Z2OW16UEo2WnV5ejMzU3pQWVpiNnVXS0llWWxOTDc3aXVzejE5ck4zeEdwMUNCdnBYNGxobXFrbS1FYkdKN0t4dk41eXB5YUx0SUV2ZF94bWllYjFTb19uNm1sZ0pWb1ZuVVBXeDR0d2djem9HeEZHbFpUcXF5TGZMMU5uTmZia0ZpX2ZvUWZxeDEzNVBZamNVNXFCZTBQLWxIZ092d3NVYWdpS05jekFVUlZBX3ozdU5aZ3dUbWk?oc=5"" target=""_blank"">Gravita India share price surges 9% in a lacklustre market; should you buy this stock after Q2 results?</a>&nbsp;&nbsp;<font color=""#6f6f6f"">Mint</font>",2025-11-03 08:00:00,Mint,https://news.google.com/rss/articles/CBMi_wFBVV95cUxOd2w5Ti1kR05fdHhDbHRBMlJQa3Z6MlRRVlphVFNwV1o5R0FjenZfSVAwcXQ5MHc5UmVjRXJiMzdjdFVnOUc4MzZqa3FqQVB0Z2wtSHVpdEFWYWgxUURCRm8xZnROejJBQ1ZySktlV1o5YTUwVUNrcjlid1ExN1BGbUUyM3BEM01haS1wTWR5Rmw1c001SUpZdkZmcXZraE42bC1WUUk2NFVzODQ5bWR4WXNiVHdfdUhzM01seWxNb0VqbzBESzF2MFd3NGttdTV1UVBtV1EwaGdEQTdTVFVYbU9QS0lQeGJITkF1VEdBQUVNckFDME55TVJTemZISWPSAYQCQVVfeXFMT2xLb3RIWWdFWXd0X210Y1NUb0FYaWxEeXFuNndBODd5bldrUFlYWEJvek9YNVRpeVNvVWUzQUlQejl2TFY3TnJYRTZaX3Z2OW16UEo2WnV5ejMzU3pQWVpiNnVXS0llWWxOTDc3aXVzejE5ck4zeEdwMUNCdnBYNGxobXFrbS1FYkdKN0t4dk41eXB5YUx0SUV2ZF94bWllYjFTb19uNm1sZ0pWb1ZuVVBXeDR0d2djem9HeEZHbFpUcXF5TGZMMU5uTmZia0ZpX2ZvUWZxeDEzNVBZamNVNXFCZTBQLWxIZ092d3NVYWdpS05jekFVUlZBX3ozdU5aZ3dUbWk?oc=5
GRAVITA,Gravita India Limited,Gravita India Share Price Jumps 1934% In 4 Years | Retail Investors Trim Stakes - Samco,"<a href=""https://news.google.com/rss/articles/CBMi5AFBVV95cUxQRzdmb3R6RlYxczBCQndrZ3pxWWZRWlNQSnAzQlVpeEZTOEZsdUc5QWduZXJudXFJaExEMFhPYU8xd0VJd2tGQ0JvWkU0UzhZdjhHWmNSZjhxeENKM2pZYlExMU9zbEVmNTFoQlQzY24zdTZvN2Z6SFFIWFpfUmVndWFHTlQ0UEpqTVNNNG1SZGloYmxmdTdWNG81SXNnX0kyWWdza2lZZVYzbUlaWi0yZlUyTG1wVGV2LS14MFJCVEVUR1AyZWM0MTB2X3VlMV9DS0Z1WjBvZ21XQy1pdUdoQVFVWTE?oc=5"" target=""_blank"">Gravita India Share Price Jumps 1934% In 4 Years | Retail Investors Trim Stakes</a>&nbsp;&nbsp;<font color=""#6f6f6f"">Samco</font>",2025-07-07 07:00:00,Samco,https://news.google.com/rss/articles/CBMi5AFBVV95cUxQRzdmb3R6RlYxczBCQndrZ3pxWWZRWlNQSnAzQlVpeEZTOEZsdUc5QWduZXJudXFJaExEMFhPYU8xd0VJd2tGQ0JvWkU0UzhZdjhHWmNSZjhxeENKM2pZYlExMU9zbEVmNTFoQlQzY24zdTZvN2Z6SFFIWFpfUmVndWFHTlQ0UEpqTVNNNG1SZGloYmxmdTdWNG81SXNnX0kyWWdza2lZZVYzbUlaWi0yZlUyTG1wVGV2LS14MFJCVEVUR1AyZWM0MTB2X3VlMV9DS0Z1WjBvZ21XQy1pdUdoQVFVWTE?oc=5
GRAVITA,Gravita India Limited,Gravita India (NSE:GRAVITA) Will Be Hoping To Turn Its Returns On Capital Around - simplywall.st,"<a href=""https://news.google.com/rss/articles/CBMi2AFBVV95cUxOTkVBS3pIY2p0QVRXaDVoTU5sZGwycWtVSzhGVjRxaUVMOEt2dkZMTV9XOEJSZTFoOEY2eVJKNlo3UFVSMUR5WlJsRHI2M2pMbEdTQ3o3c1pQOG42QmFhbkxoV0xnaE5KOThadzJfUndXWW54bzdlMEpTMFZ0UWlDSmtrRGxvUkJ6M0t1Wjh6YkxyQVdQUGt6YnZIQ1ZXSVhvX09kZ1FRMHc0bjBac1lfZkhTekVGN0pTYmpjeE5wdEFNUllIeWFkdkhIdjVrZHh5MDk4cUhyNm7SAd4BQVVfeXFMTTJ6SWQ0VTVkSTlCTVhLU0VyaC12bVJoYzFUN2Izdjd4MXdNcmZiQ09wOF9PbDI1MV94b1RVRmU3Q3Z4OEdLUFQ4Z2I2N1R1LUFFMThxam5UQkdVeHZmY0oxcDhCdjJFQWVfSlZtby1UZHJ3SGFnUDBLWUZvMlhUSTJyY05LZjVXUi1QdWdrbUtIX0w0WWFQNldUZnV1bi1aV2V3bmRRUTh4Q0hpRVZWRENGY1lHTU1vR1pINEdxTEQyWFpYMHdISlhzQWI4OVhBekx0NW92cVhhV0syWGZR?oc=5"" target=""_blank"">Gravita India (NSE:GRAVITA) Will Be Hoping To Turn Its Returns On Capital Around</a>&nbsp;&nbsp;<font color=""#6f6f6f"">simplywall.st</font>",2025-10-18 07:00:00,simplywall.st,https://news.google.com/rss/articles/CBMi2AFBVV95cUxOTkVBS3pIY2p0QVRXaDVoTU5sZGwycWtVSzhGVjRxaUVMOEt2dkZMTV9XOEJSZTFoOEY2eVJKNlo3UFVSMUR5WlJsRHI2M2pMbEdTQ3o3c1pQOG42QmFhbkxoV0xnaE5KOThadzJfUndXWW54bzdlMEpTMFZ0UWlDSmtrRGxvUkJ6M0t1Wjh6YkxyQVdQUGt6YnZIQ1ZXSVhvX09kZ1FRMHc0bjBac1lfZkhTekVGN0pTYmpjeE5wdEFNUllIeWFkdkhIdjVrZHh5MDk4cUhyNm7SAd4BQVVfeXFMTTJ6SWQ0VTVkSTlCTVhLU0VyaC12bVJoYzFUN2Izdjd4MXdNcmZiQ09wOF9PbDI1MV94b1RVRmU3Q3Z4OEdLUFQ4Z2I2N1R1LUFFMThxam5UQkdVeHZmY0oxcDhCdjJFQWVfSlZtby1UZHJ3SGFnUDBLWUZvMlhUSTJyY05LZjVXUi1QdWdrbUtIX0w0WWFQNldUZnV1bi1aV2V3bmRRUTh4Q0hpRVZWRENGY1lHTU1vR1pINEdxTEQyWFpYMHdISlhzQWI4OVhBekx0NW92cVhhV0syWGZR?oc=5
GRAVITA,Gravita India Limited,Gravita India Share Price Rises On Q1 Earnings Boost - Samco,"<a href=""https://news.google.com/rss/articles/CBMitgFBVV95cUxON1h4UGtWeVJ2TlpMRmZTTTAzdkFsVm9UNHFmNjBZTVc3QUtlSHNsUi1Nc1JGSXN6Z3I3UXM2RjhBaFlidHJjLWR6YzdVS1dtZHh2dnJTb3R0bjBVMEM3WHY3d2hmWHlienJ1dzhDN0lHSUtDVTNld3pwRnpXMHQ3TTgxazROLUZGWFFTcEdxQVBGZERVRWcyYUdTRU81WVdoNkp5bmFoMmlaRUROWWM3aU9JUWEwZw?oc=5"" target=""_blank"">Gravita India Share Price Rises On Q1 Earnings Boost</a>&nbsp;&nbsp;<font color=""#6f6f6f"">Samco</font>",2025-07-29 07:00:00,Samco,https://news.google.com/rss/articles/CBMitgFBVV95cUxON1h4UGtWeVJ2TlpMRmZTTTAzdkFsVm9UNHFmNjBZTVc3QUtlSHNsUi1Nc1JGSXN6Z3I3UXM2RjhBaFlidHJjLWR6YzdVS1dtZHh2dnJTb3R0bjBVMEM3WHY3d2hmWHlienJ1dzhDN0lHSUtDVTNld3pwRnpXMHQ3TTgxazROLUZGWFFTcEdxQVBGZERVRWcyYUdTRU81WVdoNkp5bmFoMmlaRUROWWM3aU9JUWEwZw?oc=5
GRAVITA,Gravita India Limited,Gravita India Ltd is Rated Hold by MarketsMOJO - Markets Mojo,"<a href=""https://news.google.com/rss/articles/CBMirAFBVV95cUxQak1vZDE1RmFoV0tZZGtnRU9sbExRTE45dFFMbThaVGp0eXNKaUZxTnN3OW00cTJSd2YyZUR2YldYRnlUSTNzaE1nWmdFWF9lbUFUcVlFdnVYbU1Bbk8tV3l6YVdvNFp1T2hWRGQ0aXZhbTIxaU1XLWtiWXFvUUo4ZkdzOUVQX1A2WW4xajd4bkhEUm5Kd0Q4Zms0R1NwX3VraFByeFpiRnM0dmo5?oc=5"" target=""_blank"">Gravita India Ltd is Rated Hold by MarketsMOJO</a>&nbsp;&nbsp;<font color=""#6f6f6f"">Markets Mojo</font>",2026-01-20 05:22:45,Markets Mojo,https://news.google.com/rss/articles/CBMirAFBVV95cUxQak1vZDE1RmFoV0tZZGtnRU9sbExRTE45dFFMbThaVGp0eXNKaUZxTnN3OW00cTJSd2YyZUR2YldYRnlUSTNzaE1nWmdFWF9lbUFUcVlFdnVYbU1Bbk8tV3l6YVdvNFp1T2hWRGQ0aXZhbTIxaU1XLWtiWXFvUUo4ZkdzOUVQX1A2WW4xajd4bkhEUm5Kd0Q4Zms0R1NwX3VraFByeFpiRnM0dmo5?oc=5
GRAVITA,Gravita India Limited,Gravita India - Positive Breakout: These 9 stocks cross above their 200 DMAs - The Economic Times,"<a href=""https://news.google.com/rss/articles/CBMi3gFBVV95cUxNT3ZacWo4eDNxWG56cGYyOXV6SjU2Sl9iQ29zWV9PdDlIRUFZX2Nid1ZFOUk3SGJ2aVU3UzRDbnBicnFSZjBtWUJyTU1WaEtMUG1OYTE2QU1XZXdzRWRDQ3BqSzJxMVpzNWMtUWtlTUh1cHZ0bkZEdGR4YmJ1aU1lMjRncEpDa0c0REcyOEVmLTc5UkprS1BqQVhMbnZYaGhGYV90RUlkcC1nVUpYWjRBTUdjNXl0VmhfUHB3OS13NHlnV2k3dEFlTnNTb1VQN3hkTlVMb21LQVRCenFQaEE?oc=5"" target=""_blank"">Gravita India - Positive Breakout: These 9 stocks cross above their 200 DMAs</a>&nbsp;&nbsp;<font color=""#6f6f6f"">The Economic Times</font>",2025-11-25 08:00:00,The Economic Times,https://news.google.com/rss/articles/CBMi3gFBVV95cUxNT3ZacWo4eDNxWG56cGYyOXV6SjU2Sl9iQ29zWV9PdDlIRUFZX2Nid1ZFOUk3SGJ2aVU3UzRDbnBicnFSZjBtWUJyTU1WaEtMUG1OYTE2QU1XZXdzRWRDQ3BqSzJxMVpzNWMtUWtlTUh1cHZ0bkZEdGR4YmJ1aU1lMjRncEpDa0c0REcyOEVmLTc5UkprS1BqQVhMbnZYaGhGYV90RUlkcC1nVUpYWjRBTUdjNXl0VmhfUHB3OS13NHlnV2k3dEFlTnNTb1VQN3hkTlVMb21LQVRCenFQaEE?oc=5
GRAVITA,Gravita India Limited,Gravita India Announces Postal Ballot Results with 98%+ Shareholder Approval - scanx.trade,"<a href=""https://news.google.com/rss/articles/CBMi5gFBVV95cUxOZ1VkTFM2emFQZEdkQkFCLXBYUnY3ZFJwamx3RERhem1DZHdGSHI4eU5lRXBMdERScUlsNXY4a1FucTUxaTR2Tjl5S2VGdEI2Y1dxNFNEUnBoRFlHUjlDM3k3ajNWSHlRTnBFMHhRZEtyLW1UMzR3MHhFU0VVYkZPanJOd1h1eWtBdHhkQXc3OXdsbFFEWFV2c19HXzliU3RwaXc0VzNjUkRUcFB2Wm02bGdxdE1HMTBfOV9MZVNZTHdZVzljX0NlSzh3ZnlDdmJaVWh5ZDVIbGVUS1pZcVRnUlk1aUhzQQ?oc=5"" target=""_blank"">Gravita India Announces Postal Ballot Results with 98%+ Shareholder Approval</a>&nbsp;&nbsp;<font color=""#6f6f6f"">scanx.trade</font>",2025-11-26 08:00:00,scanx.trade,https://news.google.com/rss/articles/CBMi5gFBVV95cUxOZ1VkTFM2emFQZEdkQkFCLXBYUnY3ZFJwamx3RERhem1DZHdGSHI4eU5lRXBMdERScUlsNXY4a1FucTUxaTR2Tjl5S2VGdEI2Y1dxNFNEUnBoRFlHUjlDM3k3ajNWSHlRTnBFMHhRZEtyLW1UMzR3MHhFU0VVYkZPanJOd1h1eWtBdHhkQXc3OXdsbFFEWFV2c19HXzliU3RwaXc0VzNjUkRUcFB2Wm02bGdxdE1HMTBfOV9MZVNZTHdZVzljX0NlSzh3ZnlDdmJaVWh5ZDVIbGVUS1pZcVRnUlk1aUhzQQ?oc=5
GRAVITA,Gravita India Limited,Gravita India Ltd Shows Mixed Technical Signals Amid Price Momentum Shift - Markets Mojo,"<a href=""https://news.google.com/rss/articles/CBMiywFBVV95cUxNd1M2bjRPYWV0WXJYd18zNmI4a3drRVlTRHdobC1iVTRUODAzenhVdF9BbjlQakhPeU4yX051cGJhendRNWFnNGcweDBaV1lnQUR4R0NtbEhtRFNmOHJkLUwxSlZVaFB0dEVDcEVKcGZGSEp2VXRjS2htVEhfbFIxb2VvZlBHWGdrWDBvUk9QY3BVVVdMeVhNWF9KQnlZVFFpdmJBTUxHb09QWVljQUF5UlVxNUNFU0VQNHZLQnh3SEtBQmU5UzZraGxMdw?oc=5"" target=""_blank"">Gravita India Ltd Shows Mixed Technical Signals Amid Price Momentum Shift</a>&nbsp;&nbsp;<font color=""#6f6f6f"">Markets Mojo</font>",2026-01-29 03:22:29,Markets Mojo,https://news.google.com/rss/articles/CBMiywFBVV95cUxNd1M2bjRPYWV0WXJYd18zNmI4a3drRVlTRHdobC1iVTRUODAzenhVdF9BbjlQakhPeU4yX051cGJhendRNWFnNGcweDBaV1lnQUR4R0NtbEhtRFNmOHJkLUwxSlZVaFB0dEVDcEVKcGZGSEp2VXRjS2htVEhfbFIxb2VvZlBHWGdrWDBvUk9QY3BVVVdMeVhNWF9KQnlZVFFpdmJBTUxHb09QWVljQUF5UlVxNUNFU0VQNHZLQnh3SEtBQmU5UzZraGxMdw?oc=5
GRAVITA,Gravita India Limited,Gravita India Ltd Faces Mixed Technical Signals Amid Price Momentum Shift - Markets Mojo,"<a href=""https://news.google.com/rss/articles/CBMiywFBVV95cUxObWJWZE1mUmVkcDRETXVSOTRkMWZtMG5MZ0FRVFhDbnN5LXFBckV0X1NHVXZkU1FGX2gwTnZENV9uT2VaekhNV01CSlVEcWtMbkNyXzFVVm0wbHdTMGFjUF93UE1GZXJNbzZUVTk0al9ya3ZJWEpxQmJGMnpjWTB1a1JmdjY0cmVINjBTMGhyRHVMcWI5WmhjSHE4UEdTQmxxbVZjMzBPUEZVSzhKcGJTUktkWk1ZVVVtbHdNUVZ2WThLVHNvVi01c01oRQ?oc=5"" target=""_blank"">Gravita India Ltd Faces Mixed Technical Signals Amid Price Momentum Shift</a>&nbsp;&nbsp;<font color=""#6f6f6f"">Markets Mojo</font>",2026-01-19 14:36:57,Markets Mojo,https://news.google.com/rss/articles/CBMiywFBVV95cUxObWJWZE1mUmVkcDRETXVSOTRkMWZtMG5MZ0FRVFhDbnN5LXFBckV0X1NHVXZkU1FGX2gwTnZENV9uT2VaekhNV01CSlVEcWtMbkNyXzFVVm0wbHdTMGFjUF93UE1GZXJNbzZUVTk0al9ya3ZJWEpxQmJGMnpjWTB1a1JmdjY0cmVINjBTMGhyRHVMcWI5WmhjSHE4UEdTQmxxbVZjMzBPUEZVSzhKcGJTUktkWk1ZVVVtbHdNUVZ2WThLVHNvVi01c01oRQ?oc=5
GRAVITA,Gravita India Limited,Gravita India Ltd - Equitypandit,"<a href=""https://news.google.com/rss/articles/CBMiYkFVX3lxTE5rZTkwUWQtR1lVYzlxclpzXzV2TTllRjZPblFtSkFxUGM0Rm9FZlVVbGJDcEJ1TUc1alNVc2l2Qy1XTk9mdlc0TFlvYS1kdkFjenZ5QVo1Qmh4ekZLRGQyb2h3?oc=5"" target=""_blank"">Gravita India Ltd</a>&nbsp;&nbsp;<font color=""#6f6f6f"">Equitypandit</font>",2025-09-23 13:16:31,Equitypandit,https://news.google.com/rss/articles/CBMiYkFVX3lxTE5rZTkwUWQtR1lVYzlxclpzXzV2TTllRjZPblFtSkFxUGM0Rm9FZlVVbGJDcEJ1TUc1alNVc2l2Qy1XTk9mdlc0TFlvYS1kdkFjenZ5QVo1Qmh4ekZLRGQyb2h3?oc=5
GRAVITA,Gravita India Limited,Gravita India: How Is Company Outperforming Its Peers in the Recycling Sector - Trade Brains,"<a href=""https://news.google.com/rss/articles/CBMipwFBVV95cUxQem1rUE1tcHZTb0lUY3ktcFI2cXZ5eFc3a0lfcGI3azdlZzVDd19wU0k4QkNtc05oVUc5cXVSLXhFTUthSXFKMm5tZHFneUljcTlVLVBXbk1yMF9XQkJlV3p1clRKcVVVb19UUUVUVWY4aE9fMGtvMGloM0lxRTJsUm1Md0ZQSVJpNVFObGd3aVJuVVcwVnVWc0k4dm9fa3V6YUxURE1SRQ?oc=5"" target=""_blank"">Gravita India: How Is Company Outperforming Its Peers in the Recycling Sector</a>&nbsp;&nbsp;<font color=""#6f6f6f"">Trade Brains</font>",2026-01-30 08:00:00,Trade Brains,https://news.google.com/rss/articles/CBMipwFBVV95cUxQem1rUE1tcHZTb0lUY3ktcFI2cXZ5eFc3a0lfcGI3azdlZzVDd19wU0k4QkNtc05oVUc5cXVSLXhFTUthSXFKMm5tZHFneUljcTlVLVBXbk1yMF9XQkJlV3p1clRKcVVVb19UUUVUVWY4aE9fMGtvMGloM0lxRTJsUm1Md0ZQSVJpNVFObGd3aVJuVVcwVnVWc0k4dm9fa3V6YUxURE1SRQ?oc=5
GRAVITA,Gravita India Limited,Gravita India Ltd Shows Technical Momentum Shift Amid Mixed Market Signals - Markets Mojo,"<a href=""https://news.google.com/rss/articles/CBMizAFBVV95cUxPMENWMmVsa1ZrdC01Tkx4RG1tNlo1SWo2UmhVNHRNbjU3NnRiQVB6OGdLNUF0TW44Mk5CSUp0MHhhZjhrODBMWGZRTlprdlZBSWRteC14dzBsR0M5YV9mdmZtMTVOLVlrbkd6ekYta0YxM0llRTQ2Z3Jsa0xqWEZ1Rnk0OExkcVhJVzhoQ1kyZTVWdjdGQ0gxR3FMankxRk96ejZYSUgxRkE2ZkVvLWJfOEtmR3BHSGd1OW5CbzJza0RZbTRPS2VkQmZwa2s?oc=5"" target=""_blank"">Gravita India Ltd Shows Technical Momentum Shift Amid Mixed Market Signals</a>&nbsp;&nbsp;<font color=""#6f6f6f"">Markets Mojo</font>",2026-01-02 08:00:00,Markets Mojo,https://news.google.com/rss/articles/CBMizAFBVV95cUxPMENWMmVsa1ZrdC01Tkx4RG1tNlo1SWo2UmhVNHRNbjU3NnRiQVB6OGdLNUF0TW44Mk5CSUp0MHhhZjhrODBMWGZRTlprdlZBSWRteC14dzBsR0M5YV9mdmZtMTVOLVlrbkd6ekYta0YxM0llRTQ2Z3Jsa0xqWEZ1Rnk0OExkcVhJVzhoQ1kyZTVWdjdGQ0gxR3FMankxRk96ejZYSUgxRkE2ZkVvLWJfOEtmR3BHSGd1OW5CbzJza0RZbTRPS2VkQmZwa2s?oc=5
GRAVITA,Gravita India Limited,Volumes spurt at Gravita India Ltd counter - Business Standard,"<a href=""https://news.google.com/rss/articles/CBMiwgFBVV95cUxPOWxLUG9nSlNONmZoLWVPRkZqMnhTUTZGd3hodzNKcURDelRVc1ZlWWRVSk4wNldGeGZvMFdBNWFfMXczSlN2SXBWc1JxWFJGeDN2UGZaWGF1SDVvVmpJalNoeFBBZloxeXdLejRjSWtLdVdqckpmTzNrNEJmXzM0S19vQm5iUWpmanZKVElsWDR6M2F2R1BVYmRVU3ZlaC11ajBCNUctekw4MFdFU1IwNG1sck9uYWJKaTdRNDk3RTRTUdIBxwFBVV95cUxPemxxMzN3NEkwWC1ubVA2a2ZzRTJCRDdHck4zOWZuOS1XRDY2V2RienlQcFNsbjlIUUZnb2hPSVBud0hZbmJYWlBSeG1nNWduRzBHME12eVR1OWNMa1JvaE9zakFtak80UDRCRVpTRUtiT2VzQTY5RzRrM0ljMkd0Um1NZUI3R2ZhVGxVSmwxYU9vU01wempwQ2tZMWFsQ3RQZy1PeXJIQXBUUlN2VDRaYmxmWkFzZnBTQmxubmFsMVdUUmlYeDV3?oc=5"" target=""_blank"">Volumes spurt at Gravita India Ltd counter</a>&nbsp;&nbsp;<font color=""#6f6f6f"">Business Standard</font>",2025-10-24 07:00:00,Business Standard,https://news.google.com/rss/articles/CBMiwgFBVV95cUxPOWxLUG9nSlNONmZoLWVPRkZqMnhTUTZGd3hodzNKcURDelRVc1ZlWWRVSk4wNldGeGZvMFdBNWFfMXczSlN2SXBWc1JxWFJGeDN2UGZaWGF1SDVvVmpJalNoeFBBZloxeXdLejRjSWtLdVdqckpmTzNrNEJmXzM0S19vQm5iUWpmanZKVElsWDR6M2F2R1BVYmRVU3ZlaC11ajBCNUctekw4MFdFU1IwNG1sck9uYWJKaTdRNDk3RTRTUdIBxwFBVV95cUxPemxxMzN3NEkwWC1ubVA2a2ZzRTJCRDdHck4zOWZuOS1XRDY2V2RienlQcFNsbjlIUUZnb2hPSVBud0hZbmJYWlBSeG1nNWduRzBHME12eVR1OWNMa1JvaE9zakFtak80UDRCRVpTRUtiT2VzQTY5RzRrM0ljMkd0Um1NZUI3R2ZhVGxVSmwxYU9vU01wempwQ2tZMWFsQ3RQZy1PeXJIQXBUUlN2VDRaYmxmWkFzZnBTQmxubmFsMVdUUmlYeDV3?oc=5
GRAVITA,Gravita India Limited,Gravita India Ltd Technical Momentum Shifts Amid Bearish Signals - Markets Mojo,"<a href=""https://news.google.com/rss/articles/CBMivwFBVV95cUxNcUV3dE9wMG52WjdQNEVDaU93SWZwWG1tS0dSRFNMNEJlOHgwQTRMQkZzVHlsSmdoTzNhRGhLdlBJVDNWRXlpR2VtdE1JcEFjZUhneWo1ajVBbmV1WFdycUJIOEZXVmFhZE5EeHRJaU9KZHEtS09mMHhHcTN4b2NLQVhGZzlWdDFnS1poRDlPZDNTTmF6bWt0V1NDWURqeGtxc0Y1VFZua3d1eVJfWEM1cjMtNTFpNVdKWFhCcXRCaw?oc=5"" target=""_blank"">Gravita India Ltd Technical Momentum Shifts Amid Bearish Signals</a>&nbsp;&nbsp;<font color=""#6f6f6f"">Markets Mojo</font>",2026-01-27 08:00:00,Markets Mojo,https://news.google.com/rss/articles/CBMivwFBVV95cUxNcUV3dE9wMG52WjdQNEVDaU93SWZwWG1tS0dSRFNMNEJlOHgwQTRMQkZzVHlsSmdoTzNhRGhLdlBJVDNWRXlpR2VtdE1JcEFjZUhneWo1ajVBbmV1WFdycUJIOEZXVmFhZE5EeHRJaU9KZHEtS09mMHhHcTN4b2NLQVhGZzlWdDFnS1poRDlPZDNTTmF6bWt0V1NDWURqeGtxc0Y1VFZua3d1eVJfWEM1cjMtNTFpNVdKWFhCcXRCaw?oc=5
GRAVITA,Gravita India Limited,Gravita India - Positive Breakout: These 14 stocks cross above their 200 DMAs - The Economic Times,"<a href=""https://news.google.com/rss/articles/CBMi3wFBVV95cUxPNExiRl9WTmd6WHNWTXNGcmpYczRKVkhEWW1xWXJvUklhR1NkMC1JMTB0eUFzRkRHLXEwUVFvakZsRG84WGF1R0JwUDEtYWhpeXpNSmRSek9YemRsYXFWNzBjN2NsWFB5aVg4X1dxdlFhcXZKVzBJQi0xWGx3R2VDOUVWNWVYaUQ0SEJWVno4VGVKajZIV1VvWm11MElSSnQ4M0pzdU04T1VRNFBvQUVTbUc5Q0hCWFYzOVN3dS1VMFh4T0NTVUM4ejZGTUs3NmM5R1BGYnFFdXdhd3hDZFBJ?oc=5"" target=""_blank"">Gravita India - Positive Breakout: These 14 stocks cross above their 200 DMAs</a>&nbsp;&nbsp;<font color=""#6f6f6f"">The Economic Times</font>",2025-11-04 08:00:00,The Economic Times,https://news.google.com/rss/articles/CBMi3wFBVV95cUxPNExiRl9WTmd6WHNWTXNGcmpYczRKVkhEWW1xWXJvUklhR1NkMC1JMTB0eUFzRkRHLXEwUVFvakZsRG84WGF1R0JwUDEtYWhpeXpNSmRSek9YemRsYXFWNzBjN2NsWFB5aVg4X1dxdlFhcXZKVzBJQi0xWGx3R2VDOUVWNWVYaUQ0SEJWVno4VGVKajZIV1VvWm11MElSSnQ4M0pzdU04T1VRNFBvQUVTbUc5Q0hCWFYzOVN3dS1VMFh4T0NTVUM4ejZGTUs3NmM5R1BGYnFFdXdhd3hDZFBJ?oc=5
GRAVITA,Gravita India Limited,Gravita India Ltd Technical Momentum Shifts Amid Mixed Indicator Signals - Markets Mojo,"<a href=""https://news.google.com/rss/articles/CBMiygFBVV95cUxNRG45V1Jvam4teTB4ZGh2dmg3bGhpU3VmOFVkV0d0NnFDSkFtTmlKUzVnWktwYndrOE41dE5xY2xQTGVidGdjODNDVnB5WVJlOS1iRWJ3ak1ldTEtV3F3WHBOeEl4Y1BjWklmQnRydHl0YW9PV2l5WGNlVHdNZldNZlRVc25OTGluRzlQaVhnZWhYX2U4V0EwM2g1ZER4ZUp6eW9yN2l0U2NzV252eEZ1TDVHcHV2bC1MS3VKU1VhTExhdjFtNmFWT1hR?oc=5"" target=""_blank"">Gravita India Ltd Technical Momentum Shifts Amid Mixed Indicator Signals</a>&nbsp;&nbsp;<font color=""#6f6f6f"">Markets Mojo</font>",2026-01-20 08:00:00,Markets Mojo,https://news.google.com/rss/articles/CBMiygFBVV95cUxNRG45V1Jvam4teTB4ZGh2dmg3bGhpU3VmOFVkV0d0NnFDSkFtTmlKUzVnWktwYndrOE41dE5xY2xQTGVidGdjODNDVnB5WVJlOS1iRWJ3ak1ldTEtV3F3WHBOeEl4Y1BjWklmQnRydHl0YW9PV2l5WGNlVHdNZldNZlRVc25OTGluRzlQaVhnZWhYX2U4V0EwM2g1ZER4ZUp6eW9yN2l0U2NzV252eEZ1TDVHcHV2bC1MS3VKU1VhTExhdjFtNmFWT1hR?oc=5
GRAVITA,Gravita India Limited,Gravita India Ltd Faces Bearish Momentum Amid Technical Indicator Shifts - Markets Mojo,"<a href=""https://news.google.com/rss/articles/CBMiygFBVV95cUxPbmRvM0d6YWVqalhaNnpzQjRsYUFqUWpnWE9STHBLbFVscE5STmc3TDFOdGpncUlsbzRNUDFNZ01SY1BYNmVVQjY3MTRIQURFRDhWYmdBeWl1dXZwTW1tSUZGWE5SX0pVR2tDQi1WNTBWZXUxUlVQN2hUbzJKX05RQ2RJM2tVaS1TeWdPQkM4WVVUNVhsa1RfOGowYndNODg2WXMzalBmN1hodGtzRGk0b283em9FanNJdmFTaDZwcHpIOEVoTkZaY3VR?oc=5"" target=""_blank"">Gravita India Ltd Faces Bearish Momentum Amid Technical Indicator Shifts</a>&nbsp;&nbsp;<font color=""#6f6f6f"">Markets Mojo</font>",2026-02-02 03:19:45,Markets Mojo,https://news.google.com/rss/articles/CBMiygFBVV95cUxPbmRvM0d6YWVqalhaNnpzQjRsYUFqUWpnWE9STHBLbFVscE5STmc3TDFOdGpncUlsbzRNUDFNZ01SY1BYNmVVQjY3MTRIQURFRDhWYmdBeWl1dXZwTW1tSUZGWE5SX0pVR2tDQi1WNTBWZXUxUlVQN2hUbzJKX05RQ2RJM2tVaS1TeWdPQkM4WVVUNVhsa1RfOGowYndNODg2WXMzalBmN1hodGtzRGk0b283em9FanNJdmFTaDZwcHpIOEVoTkZaY3VR?oc=5
GRAVITA,Gravita India Limited,Gravita India Ltd Technical Momentum Shifts Amid Mixed Market Signals - Markets Mojo,"<a href=""https://news.google.com/rss/articles/CBMixgFBVV95cUxNbnpleWk5RTZPc0lTeWx3dTg2NnlwLWFfYjFmb3pWS3lWRXVMZHVkYktFSXBJSnI3NFpWSDBRVVJ3WTR6Szk2OUVlQnM1Wkt4OTB2b09qYTVHTXVVWkRVTVJzazc4cl9tcS1yQ1J0bXFwNEU0Sy10WGFRZy1VV1Yyd0xtaHVHMmYwbHBpTVFtaThRYkRiZG5iN1A2MFR6eTlMOEkxdmUxaWk2V1RZUmRNQm1GMUtWSVp2SkN6UHF0VDIwR01uWlE?oc=5"" target=""_blank"">Gravita India Ltd Technical Momentum Shifts Amid Mixed Market Signals</a>&nbsp;&nbsp;<font color=""#6f6f6f"">Markets Mojo</font>",2025-12-30 08:00:00,Markets Mojo,https://news.google.com/rss/articles/CBMixgFBVV95cUxNbnpleWk5RTZPc0lTeWx3dTg2NnlwLWFfYjFmb3pWS3lWRXVMZHVkYktFSXBJSnI3NFpWSDBRVVJ3WTR6Szk2OUVlQnM1Wkt4OTB2b09qYTVHTXVVWkRVTVJzazc4cl9tcS1yQ1J0bXFwNEU0Sy10WGFRZy1VV1Yyd0xtaHVHMmYwbHBpTVFtaThRYkRiZG5iN1A2MFR6eTlMOEkxdmUxaWk2V1RZUmRNQm1GMUtWSVp2SkN6UHF0VDIwR01uWlE?oc=5
GRAVITA,Gravita India Limited,"Gravita India shares can rise 37%, says Motilal Oswal - Business Today","<a href=""https://news.google.com/rss/articles/CBMi9wFBVV95cUxNdWNxWE5nYXZFQ3c2NkVuVzFNRUNfQWhjdklMY3dBSlpUeUdwSDJPdlJDdURKdTN1TlBQVl9OZzYxQnlhVDJUbVIxOWdGTFBSWjdPSmRPczBNMDVMOE5ZTDVRU0t4VVNSUU5fSmdHb3BaQXQ1QVUtbWxnMFR3SDhCOFFWSkdXQlhGMFVhQUMycG5HR3dncldQUkFOQ2V6aUpHMmFkZDVsUGsyLWxzOHdXbzVaTWN6U25VcURHVlVZNTljck5wd2JxWmdvWk5jYVZPRm1oOWgtdHM3ZzFyY2lRRGptQW5uSkR1MzNuRGJXQU5xTkZrYmtv0gH8AUFVX3lxTE1NaGFoZXNDUEppemdLeEtTTzNxNC1TaVlPMWYyOFhyT2pfSkl1a1BqdV94WFRLY3NscnV5THlza0xLMm1jTnpPc2JXZjlGVmpsQWM0Wm1Lbzd4aXhKbDROZ0FzWDR0YWRZcGxST205NXVnbUtkRGM4XzVMQllGNXRqNmRaaV9YUDFLd3JlNDd2WUkyVWxFQmNzbXZ6bVRMS0pweDN5TGhUbHJpalc0bmNwZmJiUkVlVmViaTNweGNfMmZMdERwSTliRVhEUmpod2owakNNTmxDT2FGN1UydzJ3U2lwN0hnRE5aeUlCNkFzX1FTM3dRWVYxaFlNYw?oc=5"" target=""_blank"">Gravita India shares can rise 37%, says Motilal Oswal</a>&nbsp;&nbsp;<font color=""#6f6f6f"">Business Today</font>",2025-06-19 07:00:00,Business Today,https://news.google.com/rss/articles/CBMi9wFBVV95cUxNdWNxWE5nYXZFQ3c2NkVuVzFNRUNfQWhjdklMY3dBSlpUeUdwSDJPdlJDdURKdTN1TlBQVl9OZzYxQnlhVDJUbVIxOWdGTFBSWjdPSmRPczBNMDVMOE5ZTDVRU0t4VVNSUU5fSmdHb3BaQXQ1QVUtbWxnMFR3SDhCOFFWSkdXQlhGMFVhQUMycG5HR3dncldQUkFOQ2V6aUpHMmFkZDVsUGsyLWxzOHdXbzVaTWN6U25VcURHVlVZNTljck5wd2JxWmdvWk5jYVZPRm1oOWgtdHM3ZzFyY2lRRGptQW5uSkR1MzNuRGJXQU5xTkZrYmtv0gH8AUFVX3lxTE1NaGFoZXNDUEppemdLeEtTTzNxNC1TaVlPMWYyOFhyT2pfSkl1a1BqdV94WFRLY3NscnV5THlza0xLMm1jTnpPc2JXZjlGVmpsQWM0Wm1Lbzd4aXhKbDROZ0FzWDR0YWRZcGxST205NXVnbUtkRGM4XzVMQllGNXRqNmRaaV9YUDFLd3JlNDd2WUkyVWxFQmNzbXZ6bVRMS0pweDN5TGhUbHJpalc0bmNwZmJiUkVlVmViaTNweGNfMmZMdERwSTliRVhEUmpod2owakNNTmxDT2FGN1UydzJ3U2lwN0hnRE5aeUlCNkFzX1FTM3dRWVYxaFlNYw?oc=5
GRAVITA,Gravita India Limited,Gravita India (NSE:GRAVITA) Is Increasing Its Dividend To ₹6.35 - simplywall.st,"<a href=""https://news.google.com/rss/articles/CBMi1AFBVV95cUxNV2RYaTRUMll2TFVldldoX0JtZTNWY3QxQ2hhRkJKMlpURTJOY3VJOHY3MUJnNi1uYXlta0ZBUXV5cThYYTA5a1hveDZRUlpZUXBXanZrdVZqWXFzakVveFhZM19WNmVuVUJlZE9TaVZENGJCMDRBaTFXWXhnYTN4N0Jtd2dwMW9lYkR0emtUdzdfVHIwdEM4YUpITXdaaEI5S29JbVA4bWRTOFNPU0hRTzJ6SWs4NjZ3ZXZMaE1kUXFPT0lNcGU5SnBqT2g2enp3UERXONIB2gFBVV95cUxOTUFOcHdOdTBGd2EtR1ZoOHBUSF9ScEQzdjNmSjlJOGNWSzhYZlFZNFJwWlRTMmVGRUtjTXBZUktFY184LXJkdnF2eFQ0YXhHcGx1c3ExSDZmem5POVJqMG0yYjNfWjA1bmE3MlNsSHFRMlNEOThRSThxYkZXNUhYaUZZNTZHQ2h3WXJCbGExemFjc1NTOE1aaEJoZFZCVjNSX2tKQ0h3LS1MRnVVLXNTS1Z3LW1fckp2REluMW4wLXZEN2cxSHFIbHNObUZOaEs2Q3VjN2kwdGlkZw?oc=5"" target=""_blank"">Gravita India (NSE:GRAVITA) Is Increasing Its Dividend To ₹6.35</a>&nbsp;&nbsp;<font color=""#6f6f6f"">simplywall.st</font>",2025-05-05 07:00:00,simplywall.st,https://news.google.com/rss/articles/CBMi1AFBVV95cUxNV2RYaTRUMll2TFVldldoX0JtZTNWY3QxQ2hhRkJKMlpURTJOY3VJOHY3MUJnNi1uYXlta0ZBUXV5cThYYTA5a1hveDZRUlpZUXBXanZrdVZqWXFzakVveFhZM19WNmVuVUJlZE9TaVZENGJCMDRBaTFXWXhnYTN4N0Jtd2dwMW9lYkR0emtUdzdfVHIwdEM4YUpITXdaaEI5S29JbVA4bWRTOFNPU0hRTzJ6SWs4NjZ3ZXZMaE1kUXFPT0lNcGU5SnBqT2g2enp3UERXONIB2gFBVV95cUxOTUFOcHdOdTBGd2EtR1ZoOHBUSF9ScEQzdjNmSjlJOGNWSzhYZlFZNFJwWlRTMmVGRUtjTXBZUktFY184LXJkdnF2eFQ0YXhHcGx1c3ExSDZmem5POVJqMG0yYjNfWjA1bmE3MlNsSHFRMlNEOThRSThxYkZXNUhYaUZZNTZHQ2h3WXJCbGExemFjc1NTOE1aaEJoZFZCVjNSX2tKQ0h3LS1MRnVVLXNTS1Z3LW1fckp2REluMW4wLXZEN2cxSHFIbHNObUZOaEs2Q3VjN2kwdGlkZw?oc=5
GRAVITA,Gravita India Limited,Gravita India Reports Strong Q3 FY26 Results with 25% PAT Growth and Robust Operational Performance - scanx.trade,"<a href=""https://news.google.com/rss/articles/CBMi6gFBVV95cUxPX0pPVVlvY2dHSzdFblBZWEZZOEw4UDZSTWM0bnBoN1lBbklmdGZjOG1scTJNTW1zb3lrZ3RJR0VpN01XUVNoOFdnenFDWEhldXNuWm5obXVzU0tISkNQOHh3YThVLUhkeldUZkE4N1RDSnRaMlA2WG9RNHZQNndwZWhHbUljeXNNTGFwalg5dFRzMmxYNnNZc0RaQ3FDWEVxTVZkbkg2U253cjZYbjVMbU1uOVhpRnRhdGd3Yzg1a0hxNG0zQkVNZ3NheS14TTdLU2dXTUIzUHdNUVRKZ21QV05tTG1fMWVxUFE?oc=5"" target=""_blank"">Gravita India Reports Strong Q3 FY26 Results with 25% PAT Growth and Robust Operational Performance</a>&nbsp;&nbsp;<font color=""#6f6f6f"">scanx.trade</font>",2026-01-22 08:00:00,scanx.trade,https://news.google.com/rss/articles/CBMi6gFBVV95cUxPX0pPVVlvY2dHSzdFblBZWEZZOEw4UDZSTWM0bnBoN1lBbklmdGZjOG1scTJNTW1zb3lrZ3RJR0VpN01XUVNoOFdnenFDWEhldXNuWm5obXVzU0tISkNQOHh3YThVLUhkeldUZkE4N1RDSnRaMlA2WG9RNHZQNndwZWhHbUljeXNNTGFwalg5dFRzMmxYNnNZc0RaQ3FDWEVxTVZkbkg2U253cjZYbjVMbU1uOVhpRnRhdGd3Yzg1a0hxNG0zQkVNZ3NheS14TTdLU2dXTUIzUHdNUVRKZ21QV05tTG1fMWVxUFE?oc=5
GRAVITA,Gravita India Limited,"Gravita India Unveils ₹1,500 Crore Investment Plan as Q1 Results Show Strong Growth - scanx.trade","<a href=""https://news.google.com/rss/articles/CBMi1AFBVV95cUxNYjh5VjFtamlKektKcUY0a2lMX24wWUVLSDI4bzR1Uk5QbmJ4TXFkd05xbkN6eFZfR2M1RmlyNGN5N0lYVk9ocktrMDNHR2xTQXFZQlRET0FRZDc1dTVDRUtNOW9UWGFqTmQ1VnBqNS1jbzdCVG9NT1hTRVlYblg4VEFIM0Y0UEVQc1pRQ0Uzd2lmaXdwdUtWX2R6dlBvZHNyRzVPeWFWZEVqNWFnTTVBN29vQkRhUmxKZ2luQzd3NmdXa0JrUExGeFdDQTZENy1id3Y5TA?oc=5"" target=""_blank"">Gravita India Unveils ₹1,500 Crore Investment Plan as Q1 Results Show Strong Growth</a>&nbsp;&nbsp;<font color=""#6f6f6f"">scanx.trade</font>",2025-07-28 07:00:00,scanx.trade,https://news.google.com/rss/articles/CBMi1AFBVV95cUxNYjh5VjFtamlKektKcUY0a2lMX24wWUVLSDI4bzR1Uk5QbmJ4TXFkd05xbkN6eFZfR2M1RmlyNGN5N0lYVk9ocktrMDNHR2xTQXFZQlRET0FRZDc1dTVDRUtNOW9UWGFqTmQ1VnBqNS1jbzdCVG9NT1hTRVlYblg4VEFIM0Y0UEVQc1pRQ0Uzd2lmaXdwdUtWX2R6dlBvZHNyRzVPeWFWZEVqNWFnTTVBN29vQkRhUmxKZ2luQzd3NmdXa0JrUExGeFdDQTZENy1id3Y5TA?oc=5
GRAVITA,Gravita India Limited,Buy Gravita India; target of Rs 2200: Motilal Oswal - Moneycontrol.com,"<a href=""https://news.google.com/rss/articles/CBMiqgFBVV95cUxOc25DMlNYbzV1aENHYWNIdUs4djhQMzc4TngzQlVvSUI5TmZIT2tkSTN1LWxUTFlOVFlEcEZEQjlSZmRGZjFBSlBZeUl4am1iTEhhaHpSOHBDcWRtaHNGLVdaR0lkRHdXUlRkS0dNY0tjRkc3bWgwaWYzYXVKM3hVdXlwTkQ4Xy1OeVJWYWN3X2xhclNmSHRVWTVaY1UySWFlZ3FxbGtlc1QtZ9IBrwFBVV95cUxPOEFzRzN4eWI5ZjZvMFFqOGluUWxvQXo1eDZpMlQxdWoyU1kwdHZaTEFBci1hUEVUd2kwYk04aFZRaDdjMTk0OUR5c1pTam9heEx0RHNvYUltSmsyM2ZDMkVBVE5nQ0NtRnN6UWJQUG1jTnAzNlJfR3lUVlpuRVR5UnpMWS00cHR6M1VoQmg4T2VSZmxNVVRvS1FJWllLVTRyVmVERmJvQmFFOGhlUlpz?oc=5"" target=""_blank"">Buy Gravita India; target of Rs 2200: Motilal Oswal</a>&nbsp;&nbsp;<font color=""#6f6f6f"">Moneycontrol.com</font>",2025-11-04 08:00:00,Moneycontrol.com,https://news.google.com/rss/articles/CBMiqgFBVV95cUxOc25DMlNYbzV1aENHYWNIdUs4djhQMzc4TngzQlVvSUI5TmZIT2tkSTN1LWxUTFlOVFlEcEZEQjlSZmRGZjFBSlBZeUl4am1iTEhhaHpSOHBDcWRtaHNGLVdaR0lkRHdXUlRkS0dNY0tjRkc3bWgwaWYzYXVKM3hVdXlwTkQ4Xy1OeVJWYWN3X2xhclNmSHRVWTVaY1UySWFlZ3FxbGtlc1QtZ9IBrwFBVV95cUxPOEFzRzN4eWI5ZjZvMFFqOGluUWxvQXo1eDZpMlQxdWoyU1kwdHZaTEFBci1hUEVUd2kwYk04aFZRaDdjMTk0OUR5c1pTam9heEx0RHNvYUltSmsyM2ZDMkVBVE5nQ0NtRnN6UWJQUG1jTnAzNlJfR3lUVlpuRVR5UnpMWS00cHR6M1VoQmg4T2VSZmxNVVRvS1FJWllLVTRyVmVERmJvQmFFOGhlUlpz?oc=5
GRAVITA,Gravita India Limited,"Gravita India Reports Strong H1 FY26 Performance, Eyes Capacity Expansion to 7 Lakh Metric Tons by FY28 - scanx.trade","<a href=""https://news.google.com/rss/articles/CBMi7wFBVV95cUxOT3JOSTBqNldibGlZUXhidTlfdTVZZWc0a0tJakdPQWZ5M2QyY0lIMFNadVFzRDItRkZydmRSMHc1QURQVy1wbGx2ekQ3SGt0dGcwZWFqYUM2elV2YWhuVlV0NVNyMEVkQk9nWFVkVS1uQkc2SHB0ckNvUGhKMmRGN3dYcVhubDhNNk5jS0Q2ZDh1WlhMbW9OUGJyS3FlNnV3cmJZbnJmYndlWG9mbzNNa2hvSjhfTERhVG9iS2hfeUZtNFBBdTFKT0NYUVMzV3dDSE5MT1dBV3Zjd3YxQU5iT25xRmFjMnhVUUZmRVZvQQ?oc=5"" target=""_blank"">Gravita India Reports Strong H1 FY26 Performance, Eyes Capacity Expansion to 7 Lakh Metric Tons by FY28</a>&nbsp;&nbsp;<font color=""#6f6f6f"">scanx.trade</font>",2025-11-03 08:00:00,scanx.trade,https://news.google.com/rss/articles/CBMi7wFBVV95cUxOT3JOSTBqNldibGlZUXhidTlfdTVZZWc0a0tJakdPQWZ5M2QyY0lIMFNadVFzRDItRkZydmRSMHc1QURQVy1wbGx2ekQ3SGt0dGcwZWFqYUM2elV2YWhuVlV0NVNyMEVkQk9nWFVkVS1uQkc2SHB0ckNvUGhKMmRGN3dYcVhubDhNNk5jS0Q2ZDh1WlhMbW9OUGJyS3FlNnV3cmJZbnJmYndlWG9mbzNNa2hvSjhfTERhVG9iS2hfeUZtNFBBdTFKT0NYUVMzV3dDSE5MT1dBV3Zjd3YxQU5iT25xRmFjMnhVUUZmRVZvQQ?oc=5
GRAVITA,Gravita India Limited,Gravita India Share Price Rises 4% On Critical Mineral Recycling Scheme – Latest Updates - Samco,"<a href=""https://news.google.com/rss/articles/CBMixgFBVV95cUxNOWZZZFExanR6WXZrem90S2xlUUpNaEI4dXpsZ205bUhNLTRNSk1zb2EyOGJVcG4tRU8tb3pRUzNFU1lDV0cyVUp5ZnZHbGVvYURIcUJCdXkyM1BVMXgxcWZFMzlEc0RnRkcxM0ZDUWhqTkNnOGlzTkdHQzQ3b2YwZVdra3VsMGlLWlRLVDNjaHZPdFJ0eFltRmRWNWQxNWVQRm9DbDBDNkEzeFA4OVY0MUwwRDdnenJiN3JzamxLM0NOeVVtbkE?oc=5"" target=""_blank"">Gravita India Share Price Rises 4% On Critical Mineral Recycling Scheme – Latest Updates</a>&nbsp;&nbsp;<font color=""#6f6f6f"">Samco</font>",2025-06-06 07:00:00,Samco,https://news.google.com/rss/articles/CBMixgFBVV95cUxNOWZZZFExanR6WXZrem90S2xlUUpNaEI4dXpsZ205bUhNLTRNSk1zb2EyOGJVcG4tRU8tb3pRUzNFU1lDV0cyVUp5ZnZHbGVvYURIcUJCdXkyM1BVMXgxcWZFMzlEc0RnRkcxM0ZDUWhqTkNnOGlzTkdHQzQ3b2YwZVdra3VsMGlLWlRLVDNjaHZPdFJ0eFltRmRWNWQxNWVQRm9DbDBDNkEzeFA4OVY0MUwwRDdnenJiN3JzamxLM0NOeVVtbkE?oc=5
GRAVITA,Gravita India Limited,Gravita India Reports Strong Q1 Performance with 39% PAT Growth - scanx.trade,"<a href=""https://news.google.com/rss/articles/CBMiugFBVV95cUxNc01iYkROVmNJWnk0TXllR2wxVzNWMW5id3BhWEk4R2FhRl81ZWpwSUlJdjRjUVBUUTcxUHhFM2lwOERSYmJfbnVHdGk5QlYzQVMwdV9XLXdsMFhOTzFOd0lxOGloM3Y1NDFNSU41ZHRBdWlMaFZsNmJFbVR3Zm9RRlVwOGdqbzRmM2ZGV01jZng2Mm5XS3RSd2t5eUktUllfUE1hUEc4RHZkTl94VW1SUWk5UUtoNEJIT1E?oc=5"" target=""_blank"">Gravita India Reports Strong Q1 Performance with 39% PAT Growth</a>&nbsp;&nbsp;<font color=""#6f6f6f"">scanx.trade</font>",2025-07-28 07:00:00,scanx.trade,https://news.google.com/rss/articles/CBMiugFBVV95cUxNc01iYkROVmNJWnk0TXllR2wxVzNWMW5id3BhWEk4R2FhRl81ZWpwSUlJdjRjUVBUUTcxUHhFM2lwOERSYmJfbnVHdGk5QlYzQVMwdV9XLXdsMFhOTzFOd0lxOGloM3Y1NDFNSU41ZHRBdWlMaFZsNmJFbVR3Zm9RRlVwOGdqbzRmM2ZGV01jZng2Mm5XS3RSd2t5eUktUllfUE1hUEc4RHZkTl94VW1SUWk5UUtoNEJIT1E?oc=5
GRAVITA,Gravita India Limited,"Tata Steel, Vedanta, SAIL, Nalco, HEG, Jindal Steel, Gravita, Coal India: Target prices - Business Today","<a href=""https://news.google.com/rss/articles/CBMi4AFBVV95cUxNcjczQkFOQjRKYVllRnRyUXU4akUyNVZEV3MzOTNzUkVUREh0LUtXWEVvcFFPUFhRcEoySG9nWEFwcXdsMFlLUWNfQUh0WEpuVUdfMzVpUUU0c1FsYTR3NnJZekJobkt2eUwzaGpxQ1prTTBaem1PZllHelJqbHdXanNRQ3dsUWlNMm1TbVVHcjFtWVJkRnpwUGZ5YWszekNBUjJaaUhCekZJaVRTVDdwSFBPcmhaaF9oRnBGM05SQ3EwdzloUk5lbVUzMVBmam5KR0VmNVN1ZU1FRk9Eb2RrdtIB5gFBVV95cUxOU1Y3U3d0cHRFREttY2JwM3JuY3J5aTVoQ2kwS0c5Tkl5bUl6WWtVUHlIX2tvUzdWNHgwSTIzZHVqdC0wOUhGSzgwb2ZVcGVEMG03Q0VVeWdwQ0tZdGRuTGdUWWlzb0o5NV94azAwWmlaSU1LeXpoTC1qMXJRSXltaEt4YVRDWnE3M215emVGT3Z4bkp0NW4weV9tOTJXa2x2VW1rZFdyNVpKZHl4UE85aklxSl96VG85ZzZqQ0ZxR0FTVDhYeXlSbkRUTzRkM0huOS1PYkNlRHh5Z0RLTXJBS1N3Q1piZw?oc=5"" target=""_blank"">Tata Steel, Vedanta, SAIL, Nalco, HEG, Jindal Steel, Gravita, Coal India: Target prices</a>&nbsp;&nbsp;<font color=""#6f6f6f"">Business Today</font>",2026-02-16 08:00:00,Business Today,https://news.google.com/rss/articles/CBMi4AFBVV95cUxNcjczQkFOQjRKYVllRnRyUXU4akUyNVZEV3MzOTNzUkVUREh0LUtXWEVvcFFPUFhRcEoySG9nWEFwcXdsMFlLUWNfQUh0WEpuVUdfMzVpUUU0c1FsYTR3NnJZekJobkt2eUwzaGpxQ1prTTBaem1PZllHelJqbHdXanNRQ3dsUWlNMm1TbVVHcjFtWVJkRnpwUGZ5YWszekNBUjJaaUhCekZJaVRTVDdwSFBPcmhaaF9oRnBGM05SQ3EwdzloUk5lbVUzMVBmam5KR0VmNVN1ZU1FRk9Eb2RrdtIB5gFBVV95cUxOU1Y3U3d0cHRFREttY2JwM3JuY3J5aTVoQ2kwS0c5Tkl5bUl6WWtVUHlIX2tvUzdWNHgwSTIzZHVqdC0wOUhGSzgwb2ZVcGVEMG03Q0VVeWdwQ0tZdGRuTGdUWWlzb0o5NV94azAwWmlaSU1LeXpoTC1qMXJRSXltaEt4YVRDWnE3M215emVGT3Z4bkp0NW4weV9tOTJXa2x2VW1rZFdyNVpKZHl4UE85aklxSl96VG85ZzZqQ0ZxR0FTVDhYeXlSbkRUTzRkM0huOS1PYkNlRHh5Z0RLTXJBS1N3Q1piZw?oc=5
GRAVITA,Gravita India Limited,"Gravita India shares in focus after better operating performance in Q3, capex plans for FY28 - CNBC TV18","<a href=""https://news.google.com/rss/articles/CBMi2wFBVV95cUxQQ0xyMVNYcXhYMlhuajVqU25VVWpRV3B4Mlk3YU9XekRuUTFNdV9VT0tZaDV5ZEtITHVMX3I4ZWhKUlhVRDRXeUJ3RFhMVXh3bkFHR2oweVgzQkRzVmIzeGszOExsQW5vQjZRQWRTUDBUTHFLNUt3RU95R3V0X2hXRTBnbzNJWFloX3REeDlsM1VPano3N1FUZXpIcmE5QnN3S2R3MVNpNkxDTEFUR2MzTE9SazA0M0FLNG4xQlJGUnExQU1sU0E4cFBHRkN5aGhkZkRYcElpYTN1SzjSAeABQVVfeXFMT2M2WmVhS0k1RzIySmpvY0xTWFhOeG1UUWd1TGtHY25JbTdSeVJUem5mWm1XTWZXMG9acUxoVnljVGI0VFlwak9iVTNUTER6SHJOS2NISzF6M0M3Z2hYci1vUTFyNTdOSUJpZWFaTDFBQ0FOa21MR1dwMDZPRWdRcjVHcmZ0MkhyVWtlaWljaHRIRmtRMV96UnFFYXY1NExhcFVtWG1IMnpQTmFucTlpQlkxLXh0SkpnZXpBUnd6amV3VWt1a1p4RFhVYnZGblJyOW5RZ1pJR2NraXBrSE9ad2U?oc=5"" target=""_blank"">Gravita India shares in focus after better operating performance in Q3, capex plans for FY28</a>&nbsp;&nbsp;<font color=""#6f6f6f"">CNBC TV18</font>",2026-01-22 08:00:00,CNBC TV18,https://news.google.com/rss/articles/CBMi2wFBVV95cUxQQ0xyMVNYcXhYMlhuajVqU25VVWpRV3B4Mlk3YU9XekRuUTFNdV9VT0tZaDV5ZEtITHVMX3I4ZWhKUlhVRDRXeUJ3RFhMVXh3bkFHR2oweVgzQkRzVmIzeGszOExsQW5vQjZRQWRTUDBUTHFLNUt3RU95R3V0X2hXRTBnbzNJWFloX3REeDlsM1VPano3N1FUZXpIcmE5QnN3S2R3MVNpNkxDTEFUR2MzTE9SazA0M0FLNG4xQlJGUnExQU1sU0E4cFBHRkN5aGhkZkRYcElpYTN1SzjSAeABQVVfeXFMT2M2WmVhS0k1RzIySmpvY0xTWFhOeG1UUWd1TGtHY25JbTdSeVJUem5mWm1XTWZXMG9acUxoVnljVGI0VFlwak9iVTNUTER6SHJOS2NISzF6M0M3Z2hYci1vUTFyNTdOSUJpZWFaTDFBQ0FOa21MR1dwMDZPRWdRcjVHcmZ0MkhyVWtlaWljaHRIRmtRMV96UnFFYXY1NExhcFVtWG1IMnpQTmFucTlpQlkxLXh0SkpnZXpBUnd6amV3VWt1a1p4RFhVYnZGblJyOW5RZ1pJR2NraXBrSE9ad2U?oc=5
GRAVITA,Gravita India Limited,Gravita India Ltd is Rated Hold - Markets Mojo,"<a href=""https://news.google.com/rss/articles/CBMimAFBVV95cUxPNWFmWHlKcVcyeXkzZFJNMVgzVl9TaEJVeW11Q0hHM2ZiLTcySVNjQUxkU21xV1VTV2hqelE5SlVJdlpqeHluR2ZWMjNrS0RVM0RwdGJWTHd3OGNoYkRkUzFsazFXY1kyb2NLMjNZd2NYV1p4ekRFeUdjZFNVTWpjYnRuLXNJX3EycTVtaC1ZNHF2dGhfbURYOA?oc=5"" target=""_blank"">Gravita India Ltd is Rated Hold</a>&nbsp;&nbsp;<font color=""#6f6f6f"">Markets Mojo</font>",2025-12-29 08:00:00,Markets Mojo,https://news.google.com/rss/articles/CBMimAFBVV95cUxPNWFmWHlKcVcyeXkzZFJNMVgzVl9TaEJVeW11Q0hHM2ZiLTcySVNjQUxkU21xV1VTV2hqelE5SlVJdlpqeHluR2ZWMjNrS0RVM0RwdGJWTHd3OGNoYkRkUzFsazFXY1kyb2NLMjNZd2NYV1p4ekRFeUdjZFNVTWpjYnRuLXNJX3EycTVtaC1ZNHF2dGhfbURYOA?oc=5
GRAVITA,Gravita India Limited,Gravita India promoter pares 3.4% stake for Rs 498 crore - The Economic Times,"<a href=""https://news.google.com/rss/articles/CBMiyAFBVV95cUxNTlRpT1M0aUR3MzVxNGtTNnRpdWIyNHNuR084UXBBUDluUmhKMGtIcXNBNXZ0bHVfWFFPV1FPYXlYcnpsb3VmdkNzZWZPa3pnRzNWMk1MYkZ5ZFJYcjh2OXNjVkhkMTF5YXhNeHVOR1FBRzZRMGVNR1ZnVW1sU2hkSzRhdDVMWllhMnRpTU95NjRFWHktNXBhaE84M3lhQzFQTzlyRl9jaW9LOGZXZW5VNUhzcXVsTzNDMGtBNGlsaVBBNHRYUmotU9IBzgFBVV95cUxNODRJSDFEREVTemR3THNRSEpuMXVfa3J6YVViX3pUN0VrRE5TNlZ6N1JEUlRselhRNnpBV25TelkyeFNaaWdPNGR4eVdybTJhVVJwTVlYanQ2bUI2OHNrU3RlOHdsQV80M0hBYzlmM0duZ3pXZ04xRUJJX2xPQUtuVzlGN3BiQmNOMXhFR1JQYW8zV0JlcW8wNVlCV1Z4RWpOaUVycU1SdnBVSjVmYWlDWldBUGZIM1B2NU50VG95ZF85TlllMU11RmhYdVJ6dw?oc=5"" target=""_blank"">Gravita India promoter pares 3.4% stake for Rs 498 crore</a>&nbsp;&nbsp;<font color=""#6f6f6f"">The Economic Times</font>",2025-05-23 07:00:00,The Economic Times,https://news.google.com/rss/articles/CBMiyAFBVV95cUxNTlRpT1M0aUR3MzVxNGtTNnRpdWIyNHNuR084UXBBUDluUmhKMGtIcXNBNXZ0bHVfWFFPV1FPYXlYcnpsb3VmdkNzZWZPa3pnRzNWMk1MYkZ5ZFJYcjh2OXNjVkhkMTF5YXhNeHVOR1FBRzZRMGVNR1ZnVW1sU2hkSzRhdDVMWllhMnRpTU95NjRFWHktNXBhaE84M3lhQzFQTzlyRl9jaW9LOGZXZW5VNUhzcXVsTzNDMGtBNGlsaVBBNHRYUmotU9IBzgFBVV95cUxNODRJSDFEREVTemR3THNRSEpuMXVfa3J6YVViX3pUN0VrRE5TNlZ6N1JEUlRselhRNnpBV25TelkyeFNaaWdPNGR4eVdybTJhVVJwTVlYanQ2bUI2OHNrU3RlOHdsQV80M0hBYzlmM0duZ3pXZ04xRUJJX2xPQUtuVzlGN3BiQmNOMXhFR1JQYW8zV0JlcW8wNVlCV1Z4RWpOaUVycU1SdnBVSjVmYWlDWldBUGZIM1B2NU50VG95ZF85TlllMU11RmhYdVJ6dw?oc=5
GRAVITA,Gravita India Limited,Gravita India shares gain 4% following Q1 earnings; is it time to buy? - Business Standard,"<a href=""https://news.google.com/rss/articles/CBMi0gFBVV95cUxNTDFVcWRPVlY5NVBTbUl5SUstMjduNG1JNXZaTjFUV2dxcF9ZS252NzZOSEFDaGxNZHdUdHBOR1FCQTJKZ1ZOUG5wajJZR3ZPSkh2SGh3RC1XR0Mwd1RpTVVSdEtWUW9uUzhyYnZfelMtYnJDZmVONHVJajlieVR2NVdnUEZueFVrWF9MclJGYkNYblIxVldOOXRYeWxOMExIOGRfVDJ1aEhSV2NzR3lwSE5lZE0xTnVydHRlbEltaWFQVWV5bjBDZF8xbFNvelBXZXfSAdcBQVVfeXFMTUhSQl9XUk9WWndLVldvMTFvdlJFQXg0akltZWxlaDhtcm5ZbDgtSDR3bEFkMGswT2FmclBqTWdMY2Nlbmp0RGtyTUYyZE0tazdsakV6aWlQQ2JqbHNBZlZSbEl2TGFYaklSZThxMXNXZDhRaER2dGVMWjFNQU11YUlhSko4MU9SNDBJb2JzcWo5dG5ZeUJWZTRiQjE3V0xiemlvRnZMNkZneVZzdndFcjMtX3ZwLXZTY0pxTHkzUFdzaVBqZnFlS2RyR3lvaGVlaElteXJPTHc?oc=5"" target=""_blank"">Gravita India shares gain 4% following Q1 earnings; is it time to buy?</a>&nbsp;&nbsp;<font color=""#6f6f6f"">Business Standard</font>",2025-07-29 07:00:00,Business Standard,https://news.google.com/rss/articles/CBMi0gFBVV95cUxNTDFVcWRPVlY5NVBTbUl5SUstMjduNG1JNXZaTjFUV2dxcF9ZS252NzZOSEFDaGxNZHdUdHBOR1FCQTJKZ1ZOUG5wajJZR3ZPSkh2SGh3RC1XR0Mwd1RpTVVSdEtWUW9uUzhyYnZfelMtYnJDZmVONHVJajlieVR2NVdnUEZueFVrWF9MclJGYkNYblIxVldOOXRYeWxOMExIOGRfVDJ1aEhSV2NzR3lwSE5lZE0xTnVydHRlbEltaWFQVWV5bjBDZF8xbFNvelBXZXfSAdcBQVVfeXFMTUhSQl9XUk9WWndLVldvMTFvdlJFQXg0akltZWxlaDhtcm5ZbDgtSDR3bEFkMGswT2FmclBqTWdMY2Nlbmp0RGtyTUYyZE0tazdsakV6aWlQQ2JqbHNBZlZSbEl2TGFYaklSZThxMXNXZDhRaER2dGVMWjFNQU11YUlhSko4MU9SNDBJb2JzcWo5dG5ZeUJWZTRiQjE3V0xiemlvRnZMNkZneVZzdndFcjMtX3ZwLXZTY0pxTHkzUFdzaVBqZnFlS2RyR3lvaGVlaElteXJPTHc?oc=5
GRAVITA,Gravita India Limited,"Gravita India enters lithium-ion battery recycling with 6,000 MTPA Mundra plant in Gujarat - CNBC TV18","<a href=""https://news.google.com/rss/articles/CBMi6AFBVV95cUxOVjlYNmcyVEZjM0FQUmhQb1BzbXlPSGV3TDBBaUt0UlQ3V0VOVmhWV294eEREMHpHcVJMSDNubl9zZHZ0Q0lZaDFrRGhKc2FzMS1WblBaVlNnQUpvWUJmaUNBVXk0eDNFYWw4eTFRVFBTYUQzYm10d1MzMjUxajhBQzhhelFYUG5rQ2xOUjRXbHY3VVphc3BPbG91VF9lc252OWJuWmpkdFNOdHBnd2dvcGpiY2hPRmVhSlJVSGRXbDVyVlRVRWwzeC1yY29VbG0wbEhCUnV4ZmJQVURXUHNlVTl2aV9qUFJE0gHuAUFVX3lxTFBJbm5vSldXOV9qMkltODFoX3gxNGFhSklMNVFpc2Q2bk5BX3N1eGdvT2NSWU1rb2t1RUkxUm9sMVRNWGlGdTV5T3RZTm0tSmFXUXB3TFlOOFVzb2xjdTdwWkx3anJmWDItLVFyRVJuU016aGVLT0NFR3pRaGM1QnpyVGZNQ1BlbHotNUZuMXdoa1NERk9kQS1uSEhsQkJRUXhwUmpwdHB0dlRULWVWeldVcWxNWXR0VXc4c3NueldZNXBPU1lhc0ZVSUwtREtsS2RrTFg5LWxOWDhwd2owVjNiODB1ZkR1Mk03MVN1VEE?oc=5"" target=""_blank"">Gravita India enters lithium-ion battery recycling with 6,000 MTPA Mundra plant in Gujarat</a>&nbsp;&nbsp;<font color=""#6f6f6f"">CNBC TV18</font>",2026-01-23 08:00:00,CNBC TV18,https://news.google.com/rss/articles/CBMi6AFBVV95cUxOVjlYNmcyVEZjM0FQUmhQb1BzbXlPSGV3TDBBaUt0UlQ3V0VOVmhWV294eEREMHpHcVJMSDNubl9zZHZ0Q0lZaDFrRGhKc2FzMS1WblBaVlNnQUpvWUJmaUNBVXk0eDNFYWw4eTFRVFBTYUQzYm10d1MzMjUxajhBQzhhelFYUG5rQ2xOUjRXbHY3VVphc3BPbG91VF9lc252OWJuWmpkdFNOdHBnd2dvcGpiY2hPRmVhSlJVSGRXbDVyVlRVRWwzeC1yY29VbG0wbEhCUnV4ZmJQVURXUHNlVTl2aV9qUFJE0gHuAUFVX3lxTFBJbm5vSldXOV9qMkltODFoX3gxNGFhSklMNVFpc2Q2bk5BX3N1eGdvT2NSWU1rb2t1RUkxUm9sMVRNWGlGdTV5T3RZTm0tSmFXUXB3TFlOOFVzb2xjdTdwWkx3anJmWDItLVFyRVJuU016aGVLT0NFR3pRaGM1QnpyVGZNQ1BlbHotNUZuMXdoa1NERk9kQS1uSEhsQkJRUXhwUmpwdHB0dlRULWVWeldVcWxNWXR0VXc4c3NueldZNXBPU1lhc0ZVSUwtREtsS2RrTFg5LWxOWDhwd2owVjNiODB1ZkR1Mk03MVN1VEE?oc=5
GRAVITA,Gravita India Limited,Buy Gravita India; target of Rs 2300: Motilal Oswal - Moneycontrol.com,"<a href=""https://news.google.com/rss/articles/CBMitgFBVV95cUxPai13NUlpUVQyOTh5SFJZSlNtMFRVMTJSY1hYRTZScWs5MmlnUG5KQ0NvLVFWWDlmRzNLZjM2c0tiNXNOWi0zTVRYWFJuUjVtTkZIQi02MEhWaVFBTW95Q0tpeXZzMnVnSEZjR1pjQjdINEtRUUI2REdId1ppelBpbElDc3VESnhfYWpkS09kaC1ScVBhZHVucllGc093QVFHamRvdXJZUUlWaHBhcWM5X29yUHlfQdIBuwFBVV95cUxQbEk4SHFZb0dUS3dLZE5vUVBfOFpGNENoeDJQN3Z2SUduaTVHU18wXzZwcWxoOXpYYTRxblJXSExVZnVlQWVZeFRMbU5ZUURQeEdkbkNtX1JCZXEzc0JaZ0F6TnJ0OHVfVFdLYzRhd1Z4WVlEWENZbjR3WFdXRWMtTVlLWjd2QmxiczlHVm5NZllxWWg3djFQQi1wQ0FOWDZmenpvWGRscUd4Z1JOQWxjVUJ3cTNQZWl6eWxV?oc=5"" target=""_blank"">Buy Gravita India; target of Rs 2300: Motilal Oswal</a>&nbsp;&nbsp;<font color=""#6f6f6f"">Moneycontrol.com</font>",2025-06-19 07:00:00,Moneycontrol.com,https://news.google.com/rss/articles/CBMitgFBVV95cUxPai13NUlpUVQyOTh5SFJZSlNtMFRVMTJSY1hYRTZScWs5MmlnUG5KQ0NvLVFWWDlmRzNLZjM2c0tiNXNOWi0zTVRYWFJuUjVtTkZIQi02MEhWaVFBTW95Q0tpeXZzMnVnSEZjR1pjQjdINEtRUUI2REdId1ppelBpbElDc3VESnhfYWpkS09kaC1ScVBhZHVucllGc093QVFHamRvdXJZUUlWaHBhcWM5X29yUHlfQdIBuwFBVV95cUxQbEk4SHFZb0dUS3dLZE5vUVBfOFpGNENoeDJQN3Z2SUduaTVHU18wXzZwcWxoOXpYYTRxblJXSExVZnVlQWVZeFRMbU5ZUURQeEdkbkNtX1JCZXEzc0JaZ0F6TnJ0OHVfVFdLYzRhd1Z4WVlEWENZbjR3WFdXRWMtTVlLWjd2QmxiczlHVm5NZllxWWg3djFQQi1wQ0FOWDZmenpvWGRscUd4Z1JOQWxjVUJ3cTNQZWl6eWxV?oc=5
GRAVITA,Gravita India Limited,Gravita India - 9 stocks in Nifty500 with upside potential of up to 75% — Do you own any? - The Economic Times,"<a href=""https://news.google.com/rss/articles/CBMi6wFBVV95cUxOSFI1b0p2aE16bXRLYnc0LW94RE1SMnRDd0JZa3k4ZUREY1BfZTNlSU1KdmtPS3puMmVaR3kzblEyV2lwQ1Ffb0w2Vkw5ejVsdzhJQkZFMGk4T000QjJFdFFpakl4LTJORnlMWUh4dFBmNG5qNEtYZ2ZZVW9lU2xIMmJubjc0Wk5fanpCVF96M1JzTmxXbk9vMllCQ0xBLVpFRVdWb3hoS1dGMFF2Q1NabFF1bEhBVUZ4czBhdzY0Rk5yY2J3TV9icC0yUDJqQTBPcXJlblZwbWhlQURkYVIwWk84bjI3UFZSNmFJ?oc=5"" target=""_blank"">Gravita India - 9 stocks in Nifty500 with upside potential of up to 75% — Do you own any?</a>&nbsp;&nbsp;<font color=""#6f6f6f"">The Economic Times</font>",2025-10-19 07:00:00,The Economic Times,https://news.google.com/rss/articles/CBMi6wFBVV95cUxOSFI1b0p2aE16bXRLYnc0LW94RE1SMnRDd0JZa3k4ZUREY1BfZTNlSU1KdmtPS3puMmVaR3kzblEyV2lwQ1Ffb0w2Vkw5ejVsdzhJQkZFMGk4T000QjJFdFFpakl4LTJORnlMWUh4dFBmNG5qNEtYZ2ZZVW9lU2xIMmJubjc0Wk5fanpCVF96M1JzTmxXbk9vMllCQ0xBLVpFRVdWb3hoS1dGMFF2Q1NabFF1bEhBVUZ4czBhdzY0Rk5yY2J3TV9icC0yUDJqQTBPcXJlblZwbWhlQURkYVIwWk84bjI3UFZSNmFJ?oc=5
GRAVITA,Gravita India Limited,Gravita India Q3 Profit Soars 25% on Sharp Margin Expansion - Whalesbook,"<a href=""https://news.google.com/rss/articles/CBMi6wFBVV95cUxQY1FBVFdUQnNIcWxfeU4tNElRTjMtUUtXSW44amgxN2VfTjR4Z0c4cUpVLWdBQ28wZ1Rrc0ZVdTNNdlpLT2RLRTdCZVZkZzF1cjY5NTBnZ1I1aXh5X0VoRVlNZW1acEd2U3BqSExwWGM2TG50dGFnMGdwVF9sSjVqUmd3YmR3ZGNqeUJHd09mQ0lpeWF1U3JtSUs4LXN3bXFiOGIwczhTSnoyck1CRU82QWV0RExCcFdqalBlY2Fmd1E2SXlobjM0b0o4MVoxbU1JQWZkdXBJb01OM0NMS1dEYTNOSmdxRUFMV1ZB?oc=5"" target=""_blank"">Gravita India Q3 Profit Soars 25% on Sharp Margin Expansion</a>&nbsp;&nbsp;<font color=""#6f6f6f"">Whalesbook</font>",2026-01-21 08:00:00,Whalesbook,https://news.google.com/rss/articles/CBMi6wFBVV95cUxQY1FBVFdUQnNIcWxfeU4tNElRTjMtUUtXSW44amgxN2VfTjR4Z0c4cUpVLWdBQ28wZ1Rrc0ZVdTNNdlpLT2RLRTdCZVZkZzF1cjY5NTBnZ1I1aXh5X0VoRVlNZW1acEd2U3BqSExwWGM2TG50dGFnMGdwVF9sSjVqUmd3YmR3ZGNqeUJHd09mQ0lpeWF1U3JtSUs4LXN3bXFiOGIwczhTSnoyck1CRU82QWV0RExCcFdqalBlY2Fmd1E2SXlobjM0b0o4MVoxbU1JQWZkdXBJb01OM0NMS1dEYTNOSmdxRUFMV1ZB?oc=5
GRAVITA,Gravita India Limited,Gravita India Schedules One-on-One Meeting With TCG Asset Management - The Globe and Mail,"<a href=""https://news.google.com/rss/articles/CBMi4gFBVV95cUxON21OeWh4SGNTTlJ5bTdGUS1HVjd3S2lyU2p0M29UMno5ME9NQ1ZqMU81UHY5dmpOMGMzbk80WE9PUEcxeDJDaFVROVhTeXM5LV9vR3B3eWpxWmdNVDlQalRRNVpSS0VJWGpZaFpMVnZhTENJQm9NN3p1WEFlUnBQb2Qxb0xqLTlGMDMtOHJFaHI3RjdJZkxJaXpwXzZud05QM0Z0MlFUVi16TEJCb2hyekoxZ004WFRxaU9lQS1yMWF0QjZBT2RndUVtakw1dXp6TFZIcFgydTZxVVpUdnlWRU13?oc=5"" target=""_blank"">Gravita India Schedules One-on-One Meeting With TCG Asset Management</a>&nbsp;&nbsp;<font color=""#6f6f6f"">The Globe and Mail</font>",2026-02-22 12:03:01,The Globe and Mail,https://news.google.com/rss/articles/CBMi4gFBVV95cUxON21OeWh4SGNTTlJ5bTdGUS1HVjd3S2lyU2p0M29UMno5ME9NQ1ZqMU81UHY5dmpOMGMzbk80WE9PUEcxeDJDaFVROVhTeXM5LV9vR3B3eWpxWmdNVDlQalRRNVpSS0VJWGpZaFpMVnZhTENJQm9NN3p1WEFlUnBQb2Qxb0xqLTlGMDMtOHJFaHI3RjdJZkxJaXpwXzZud05QM0Z0MlFUVi16TEJCb2hyekoxZ004WFRxaU9lQS1yMWF0QjZBT2RndUVtakw1dXp6TFZIcFgydTZxVVpUdnlWRU13?oc=5
GRAVITA,Gravita India Limited,Gravita India Shares in Focus as India Plans Financial Aid for Scrap Processing Sector - scanx.trade,"<a href=""https://news.google.com/rss/articles/CBMi1wFBVV95cUxQeVBIdV81YVhEaDZISGxYWmo5ZzVMVER6Wl9lb2R1a2lxTkNFYzA0RW11cFB5NzFwUkpXSWEtUW9rRWR1aGExVllldFF3M05IUXl1cC1pdE1SWHN2cEJHczlNaGRJOVRiYjRKeTFvSGNXb0pzVHNJLVh0S1BQNzBjdk1yb0pER2xQUC1QZGRoNXVyc3hFWGp4YUhWXzhfMXJwODFsRVFaRWdPTDdrVEpBZ1pITkQtUVplQUNlNVlBQVhmNEY5Nl9DSDdNNmQ0VmotV0k5T3B5RQ?oc=5"" target=""_blank"">Gravita India Shares in Focus as India Plans Financial Aid for Scrap Processing Sector</a>&nbsp;&nbsp;<font color=""#6f6f6f"">scanx.trade</font>",2025-07-04 07:00:00,scanx.trade,https://news.google.com/rss/articles/CBMi1wFBVV95cUxQeVBIdV81YVhEaDZISGxYWmo5ZzVMVER6Wl9lb2R1a2lxTkNFYzA0RW11cFB5NzFwUkpXSWEtUW9rRWR1aGExVllldFF3M05IUXl1cC1pdE1SWHN2cEJHczlNaGRJOVRiYjRKeTFvSGNXb0pzVHNJLVh0S1BQNzBjdk1yb0pER2xQUC1QZGRoNXVyc3hFWGp4YUhWXzhfMXJwODFsRVFaRWdPTDdrVEpBZ1pITkQtUVplQUNlNVlBQVhmNEY5Nl9DSDdNNmQ0VmotV0k5T3B5RQ?oc=5
GRAVITA,Gravita India Limited,Gravita India Reports Strong Q1 Results with 15% Revenue Growth and 39% PAT Increase - scanx.trade,"<a href=""https://news.google.com/rss/articles/CBMizgFBVV95cUxPNF9JTnduQ3BNdHRRRDhBdjY3X3NPbHp1d2hvUXlldXBZWVl4RnVzRXVlbFFwcTJnREswUGlWNkktWi1xUTFFNkw4MUs3UG1HZU81OGVpWkVnNk9YekkyTFBkWW5YaW4yblVEdkJYTzVwZHBpYl9GSEZReGR3em94RlA3LWtOVVgzWFNNQjBGaEliNmwwR29qLUlfTjVCR2xwS3Y2WXhpWC1fUjI3TjhxblNmMGctSlA5X3N3VUZjVUN6Z3U5dXZaRGxmTEpoQQ?oc=5"" target=""_blank"">Gravita India Reports Strong Q1 Results with 15% Revenue Growth and 39% PAT Increase</a>&nbsp;&nbsp;<font color=""#6f6f6f"">scanx.trade</font>",2025-07-28 07:00:00,scanx.trade,https://news.google.com/rss/articles/CBMizgFBVV95cUxPNF9JTnduQ3BNdHRRRDhBdjY3X3NPbHp1d2hvUXlldXBZWVl4RnVzRXVlbFFwcTJnREswUGlWNkktWi1xUTFFNkw4MUs3UG1HZU81OGVpWkVnNk9YekkyTFBkWW5YaW4yblVEdkJYTzVwZHBpYl9GSEZReGR3em94RlA3LWtOVVgzWFNNQjBGaEliNmwwR29qLUlfTjVCR2xwS3Y2WXhpWC1fUjI3TjhxblNmMGctSlA5X3N3VUZjVUN6Z3U5dXZaRGxmTEpoQQ?oc=5
GRAVITA,Gravita India Limited,"Multibagger Gravita India Turns Rs 10,000 To Rs 5 Lakh In Five Years — Buy, Sell Or Hold? - NDTV Profit","<a href=""https://news.google.com/rss/articles/CBMi7AFBVV95cUxQZUxrempicGZyQ3VuUHZmUzZkNWN6M3pHMURSSDFVN3FONHpGSWZHZ0dyaTlGWXZtNzVVa0h6VGZheFpiOGV3aTJveV9GWjN1VkNRNk9jek5ibmJ0a1U2Ymg4X25mYk9KcWxEaFI5ZkJ3bzhTd0p3TmYtbktYN2hTSEZ1RlU4TUFYbTdNWTJwalhmTFpXNWJxcFVCWUtad25VclBqMXk2YkxJRDdJLXdDcnRqcmpVbVpBTnM2WVZZY3A0VFkwMG9yMzVrR0ttTkoyazJFa2RNX2hmT3pwRk5nbkN6bDR4Z3duMmdiX9IB9AFBVV95cUxQc2hid1psN1dQcmxHNUpSVE9NOWoyMGlPZk5xVVkxaEVQS2xSdkxHRFp4NjZxdzhjTzBYX0tVVWoxWl91cjFYaUVBN1ljSXBzNUZqWWtadEs4VC1ncVVZdkYzekR6dnVBNjBELWh2cERZMFZ5UW5nMDExUElRclJVekI1VW9XOHV2QWpkb3J5NVFXdTY4OS11SS02UDBqMjB4c2JMT2V3YUJ6TmZ1M0MwLWpRclpEZ1lQUnlHeUl3N0VfQjFXdVZNcnE3SDUyODlsVTJBUHZ1c1RCNHZodXhCajcwc2ZUOW5SSFhlMU9qdHNtVmlv?oc=5"" target=""_blank"">Multibagger Gravita India Turns Rs 10,000 To Rs 5 Lakh In Five Years — Buy, Sell Or Hold?</a>&nbsp;&nbsp;<font color=""#6f6f6f"">NDTV Profit</font>",2025-06-18 07:00:00,NDTV Profit,https://news.google.com/rss/articles/CBMi7AFBVV95cUxQZUxrempicGZyQ3VuUHZmUzZkNWN6M3pHMURSSDFVN3FONHpGSWZHZ0dyaTlGWXZtNzVVa0h6VGZheFpiOGV3aTJveV9GWjN1VkNRNk9jek5ibmJ0a1U2Ymg4X25mYk9KcWxEaFI5ZkJ3bzhTd0p3TmYtbktYN2hTSEZ1RlU4TUFYbTdNWTJwalhmTFpXNWJxcFVCWUtad25VclBqMXk2YkxJRDdJLXdDcnRqcmpVbVpBTnM2WVZZY3A0VFkwMG9yMzVrR0ttTkoyazJFa2RNX2hmT3pwRk5nbkN6bDR4Z3duMmdiX9IB9AFBVV95cUxQc2hid1psN1dQcmxHNUpSVE9NOWoyMGlPZk5xVVkxaEVQS2xSdkxHRFp4NjZxdzhjTzBYX0tVVWoxWl91cjFYaUVBN1ljSXBzNUZqWWtadEs4VC1ncVVZdkYzekR6dnVBNjBELWh2cERZMFZ5UW5nMDExUElRclJVekI1VW9XOHV2QWpkb3J5NVFXdTY4OS11SS02UDBqMjB4c2JMT2V3YUJ6TmZ1M0MwLWpRclpEZ1lQUnlHeUl3N0VfQjFXdVZNcnE3SDUyODlsVTJBUHZ1c1RCNHZodXhCajcwc2ZUOW5SSFhlMU9qdHNtVmlv?oc=5
GRAVITA,Gravita India Limited,"Gravita India Reports Strong Q2 FY2026 Results, Sets Ambitious ₹4,000 Cr Revenue Target for FY27 - scanx.trade","<a href=""https://news.google.com/rss/articles/CBMi5AFBVV95cUxOZ2xnVmpXcUFKSlNWUXdMekJKUTFBazBOZndtT2ZoUTIzWmpsWEFBelJmNkxlVFhCVlkyUmlTS3dKa1Z1Xy1ET1k0R3NHZGhKYnAzV2ZaWkxmcDI1Um50UXA1X1JjbW1YUmFuMDVkM3hVRDh5cWY0SXcycE53RG1LN1N3RGtEVW9aalhmSDVTOFpDRTAzX2VDUDViZWtDRWNuUnZ5bExkNWZzblRDSndDU0Z6N0VjaXhLVzZOVVVKejc4X3NQNm5MandMdkR1NjVkTkhyYnh6dUZTX3dBeV9hdEthWUc?oc=5"" target=""_blank"">Gravita India Reports Strong Q2 FY2026 Results, Sets Ambitious ₹4,000 Cr Revenue Target for FY27</a>&nbsp;&nbsp;<font color=""#6f6f6f"">scanx.trade</font>",2025-10-30 07:00:00,scanx.trade,https://news.google.com/rss/articles/CBMi5AFBVV95cUxOZ2xnVmpXcUFKSlNWUXdMekJKUTFBazBOZndtT2ZoUTIzWmpsWEFBelJmNkxlVFhCVlkyUmlTS3dKa1Z1Xy1ET1k0R3NHZGhKYnAzV2ZaWkxmcDI1Um50UXA1X1JjbW1YUmFuMDVkM3hVRDh5cWY0SXcycE53RG1LN1N3RGtEVW9aalhmSDVTOFpDRTAzX2VDUDViZWtDRWNuUnZ5bExkNWZzblRDSndDU0Z6N0VjaXhLVzZOVVVKejc4X3NQNm5MandMdkR1NjVkTkhyYnh6dUZTX3dBeV9hdEthWUc?oc=5
GRAVITA,Gravita India Limited,"Gravita India First Quarter 2026 Earnings: Revenues Beat Expectations, EPS Lags - simplywall.st","<a href=""https://news.google.com/rss/articles/CBMi1wFBVV95cUxPa3d6cG9nR0d0aFR5eFFqa0tPX3pKN1drcVI5Xzh6RXRJaXkySGdPVHR4Zk1oYlZsOXgxODBPci1Hd0VhNDBfWW1jYWFHSHlOVTNiNHlYcHB3R3JERlFUQXFQdDV0Sm9IbXFNM0EwdEoxQ1p6c08tRW1seVBKRzZQRXFiZFdDbTVLdVVRUERXQXJCLVY1WEpoLVVmb282UVdyTDE1N0VtQlpndDJTSEpBNnNEbzItWml1cVR2YUxJT1hDV2hUdGVZaktPdG43aDlMdDNDZE54SQ?oc=5"" target=""_blank"">Gravita India First Quarter 2026 Earnings: Revenues Beat Expectations, EPS Lags</a>&nbsp;&nbsp;<font color=""#6f6f6f"">simplywall.st</font>",2025-07-30 07:00:00,simplywall.st,https://news.google.com/rss/articles/CBMi1wFBVV95cUxPa3d6cG9nR0d0aFR5eFFqa0tPX3pKN1drcVI5Xzh6RXRJaXkySGdPVHR4Zk1oYlZsOXgxODBPci1Hd0VhNDBfWW1jYWFHSHlOVTNiNHlYcHB3R3JERlFUQXFQdDV0Sm9IbXFNM0EwdEoxQ1p6c08tRW1seVBKRzZQRXFiZFdDbTVLdVVRUERXQXJCLVY1WEpoLVVmb282UVdyTDE1N0VtQlpndDJTSEpBNnNEbzItWml1cVR2YUxJT1hDV2hUdGVZaktPdG43aDlMdDNDZE54SQ?oc=5
GRAVITA,Gravita India Limited,Gravita India to acquire Rashtriya Metal Industries for ₹565 Cr - Whalesbook,"<a href=""https://news.google.com/rss/articles/CBMi9wFBVV95cUxPT2p5V21iRHJlTUxxT0dOOEFSUEZicjdFVHRQUTlPVlVxMTBGS2pwNkQ1aUl3TU1FdEliQ0d2M2NweUpzVXpPUnJKV3diREx0eUZGOXRxMmVPYXp4dEhDaURQOWNwTGhCZzZ3czdrQkxYeWQyNVByM1cxUTBfaDJZaUR3R0E4SG40OGEwMDJmV056dm1rSUhRM2pZdDIwMWhWX3V6THhmTlpNN3FCU0Z6SmR1U3ExWHo0TlltTXJueUxrQ0ZBdHZFME03ckVLWmtRYUlWRGRDY09zYzZENmo4NndmeGx2N0U1Z3dqWkpFUTAtNS1PYmFz?oc=5"" target=""_blank"">Gravita India to acquire Rashtriya Metal Industries for ₹565 Cr</a>&nbsp;&nbsp;<font color=""#6f6f6f"">Whalesbook</font>",2026-02-10 08:00:00,Whalesbook,https://news.google.com/rss/articles/CBMi9wFBVV95cUxPT2p5V21iRHJlTUxxT0dOOEFSUEZicjdFVHRQUTlPVlVxMTBGS2pwNkQ1aUl3TU1FdEliQ0d2M2NweUpzVXpPUnJKV3diREx0eUZGOXRxMmVPYXp4dEhDaURQOWNwTGhCZzZ3czdrQkxYeWQyNVByM1cxUTBfaDJZaUR3R0E4SG40OGEwMDJmV056dm1rSUhRM2pZdDIwMWhWX3V6THhmTlpNN3FCU0Z6SmR1U3ExWHo0TlltTXJueUxrQ0ZBdHZFME03ckVLWmtRYUlWRGRDY09zYzZENmo4NndmeGx2N0U1Z3dqWkpFUTAtNS1PYmFz?oc=5
GRAVITA,Gravita India Limited,Gravita India - Diwali Samvat 2082: Top 11 stocks from 11 leading brokerages offering up to 106% upside. Do you own? - The Economic Times,"<a href=""https://news.google.com/rss/articles/CBMijwJBVV95cUxQLWN2TFZtVElHcXR2S1JiamFaYmJWY3d1YTlCTjN3LUU5QjRrVWY3SW8zbU13QkRwOTBIMDFLSXh4Qk5HLWNZZDRoenZReWJQTG9kQzZlcG9oYmt1NlRlS1czRzZUOW1TSEdJMTN5MEVXTlV2TzlXNzkzVHVTdWs2WTNxSmcwTGhSQ29Vejg2a1lIY1RFalZYVVAtdTJTRnN3ekZGMzdrNnRlaW14SXpWOGNkZlJSTndDUDZybE55ZFB1NGVWSzRfdUgwTWhjNnZPU3JBMGZZNi1wbGVoRVhCUTRfdm53dFZ2NW81VGROQ3c2ZUlsM2ZyTFB0UG0zTTdMQ0NmckxCZFRkTXRXWFJ3?oc=5"" target=""_blank"">Gravita India - Diwali Samvat 2082: Top 11 stocks from 11 leading brokerages offering up to 106% upside. Do you own?</a>&nbsp;&nbsp;<font color=""#6f6f6f"">The Economic Times</font>",2025-10-20 07:00:00,The Economic Times,https://news.google.com/rss/articles/CBMijwJBVV95cUxQLWN2TFZtVElHcXR2S1JiamFaYmJWY3d1YTlCTjN3LUU5QjRrVWY3SW8zbU13QkRwOTBIMDFLSXh4Qk5HLWNZZDRoenZReWJQTG9kQzZlcG9oYmt1NlRlS1czRzZUOW1TSEdJMTN5MEVXTlV2TzlXNzkzVHVTdWs2WTNxSmcwTGhSQ29Vejg2a1lIY1RFalZYVVAtdTJTRnN3ekZGMzdrNnRlaW14SXpWOGNkZlJSTndDUDZybE55ZFB1NGVWSzRfdUgwTWhjNnZPU3JBMGZZNi1wbGVoRVhCUTRfdm53dFZ2NW81VGROQ3c2ZUlsM2ZyTFB0UG0zTTdMQ0NmckxCZFRkTXRXWFJ3?oc=5
GRAVITA,Gravita India Limited,Buy Gravita India; target of Rs 2300: Motilal Oswal - Moneycontrol.com,"<a href=""https://news.google.com/rss/articles/CBMiuAFBVV95cUxNd0p2c3oyNlJCLXlrMFNMUHJsNHczbFdmeDJnNmI2ZUM2anBPOFJLTzgzdXV5LTl6TDdCcEhnbHB0ZzZqWm9NY0RMR0d4NE9KMlpXdEpHTDQ3SnNkVG13bXYwMGlpaDVlSzl1LW9RZ0EzeVV4SmxBNkFKRzRvalhjcTg5b1JnRDd5bVU2WXY0c2RqRnM5d1NlTWZfd0xrWjZoYjh2amdBVE1SZ0lFbFcxaEtKWlZtbEV60gG-AUFVX3lxTE8yU2RlWkNxRmdqb1JfemR6OVdpeUNZb2kzQ3llMFUwYXVud1NwY1JueGdCRXdQOGo5T25KVHRwajcwNHl6dF9xNjBSWTlJUEYzVEJTVzV0NVp0WXhMblgtNG5BYVVkMFAyQkZOdkp5a1Zkd3laOVVYTGY2dzNYa1d4QnpZX0ZBVEpNcl8yZzBjT3JkYS1aYUZSbXhTRDQ0WWlZMC1HeDU5TnAyclFQUnZuX3Y0d0F4allsRkxmbWc?oc=5"" target=""_blank"">Buy Gravita India; target of Rs 2300: Motilal Oswal</a>&nbsp;&nbsp;<font color=""#6f6f6f"">Moneycontrol.com</font>",2025-07-30 07:00:00,Moneycontrol.com,https://news.google.com/rss/articles/CBMiuAFBVV95cUxNd0p2c3oyNlJCLXlrMFNMUHJsNHczbFdmeDJnNmI2ZUM2anBPOFJLTzgzdXV5LTl6TDdCcEhnbHB0ZzZqWm9NY0RMR0d4NE9KMlpXdEpHTDQ3SnNkVG13bXYwMGlpaDVlSzl1LW9RZ0EzeVV4SmxBNkFKRzRvalhjcTg5b1JnRDd5bVU2WXY0c2RqRnM5d1NlTWZfd0xrWjZoYjh2amdBVE1SZ0lFbFcxaEtKWlZtbEV60gG-AUFVX3lxTE8yU2RlWkNxRmdqb1JfemR6OVdpeUNZb2kzQ3llMFUwYXVud1NwY1JueGdCRXdQOGo5T25KVHRwajcwNHl6dF9xNjBSWTlJUEYzVEJTVzV0NVp0WXhMblgtNG5BYVVkMFAyQkZOdkp5a1Zkd3laOVVYTGY2dzNYa1d4QnpZX0ZBVEpNcl8yZzBjT3JkYS1aYUZSbXhTRDQ0WWlZMC1HeDU5TnAyclFQUnZuX3Y0d0F4allsRkxmbWc?oc=5
GRAVITA,Gravita India Limited,Gravita India Shares Price Dips After Q4 Rally | Q4 Results - Samco,"<a href=""https://news.google.com/rss/articles/CBMivAFBVV95cUxPQUJVWGM3eGZJdEQ4UWpjckZCTmR1RFB5bjN3SVpZdmh0NGQ2cUg1YlNlb1V1d3p3Mm50dGNBTzNEVVZFMFZZaWM0cjh5eTVEdU5DanNmOE9tWDBFY3otbG43Yng4MjQ4M3FpeHNLd214NTJQbnFmZi1uMWJtMHI3a2hSXzhvLWNreWRkc1RoTDZsXzZWckpOQUdzeDBDVUs2U3BWVk4yaVBjbzNSd1NRSEczekNPTHBGOVhkMQ?oc=5"" target=""_blank"">Gravita India Shares Price Dips After Q4 Rally | Q4 Results</a>&nbsp;&nbsp;<font color=""#6f6f6f"">Samco</font>",2025-05-06 07:00:00,Samco,https://news.google.com/rss/articles/CBMivAFBVV95cUxPQUJVWGM3eGZJdEQ4UWpjckZCTmR1RFB5bjN3SVpZdmh0NGQ2cUg1YlNlb1V1d3p3Mm50dGNBTzNEVVZFMFZZaWM0cjh5eTVEdU5DanNmOE9tWDBFY3otbG43Yng4MjQ4M3FpeHNLd214NTJQbnFmZi1uMWJtMHI3a2hSXzhvLWNreWRkc1RoTDZsXzZWckpOQUdzeDBDVUs2U3BWVk4yaVBjbzNSd1NRSEczekNPTHBGOVhkMQ?oc=5
GRAVITA,Gravita India Limited,What’s powering Motilal Oswal’s big Buy call on Gravita India? - The Financial Express,"<a href=""https://news.google.com/rss/articles/CBMirAFBVV95cUxQMjdoaEJLcm9MeGxPc1dPVEY3ZE96VkpFRFlzLTJremRZUVlmUUV5WVhER2R0d1VMRE10aEdaRHc2UDhGN3NjMFp4RXh0N3k5cEtXZnllQmU1TG1XNDF5QThXR2UwQW9WaC1aTkktMFB5cWpkS0hOeHFhSUNFWnNtSnFfUGF6UnNoQ0QwQkQyTEZrRHhUSi1Ba3Z2dFZ3WTU2d2IxYlhGNHFfNk9F0gGzAUFVX3lxTFBYYW44Qm9sNDA4MDNFTHJsNnNwbjFtNFVPcGY3UHpFMXp5dWFSQWZvbHZJS2FWTG44dFFaRDM3NUJodk5ZQmE0U3FCdGc1NEQ2Xy1fb2xPd2FReEN3VTRrUEpBT2pTeGNvQ2VlSkRlbFBDS25za2xQSzNrTkpCVmozb1NrZmZTV0ZDN1JuOUphZmZJd0ZjOWVqMjRtc0kwZ2dRcnJnMENQUjZla0pjM29WR2xJ?oc=5"" target=""_blank"">What’s powering Motilal Oswal’s big Buy call on Gravita India?</a>&nbsp;&nbsp;<font color=""#6f6f6f"">The Financial Express</font>",2025-06-19 07:00:00,The Financial Express,https://news.google.com/rss/articles/CBMirAFBVV95cUxQMjdoaEJLcm9MeGxPc1dPVEY3ZE96VkpFRFlzLTJremRZUVlmUUV5WVhER2R0d1VMRE10aEdaRHc2UDhGN3NjMFp4RXh0N3k5cEtXZnllQmU1TG1XNDF5QThXR2UwQW9WaC1aTkktMFB5cWpkS0hOeHFhSUNFWnNtSnFfUGF6UnNoQ0QwQkQyTEZrRHhUSi1Ba3Z2dFZ3WTU2d2IxYlhGNHFfNk9F0gGzAUFVX3lxTFBYYW44Qm9sNDA4MDNFTHJsNnNwbjFtNFVPcGY3UHpFMXp5dWFSQWZvbHZJS2FWTG44dFFaRDM3NUJodk5ZQmE0U3FCdGc1NEQ2Xy1fb2xPd2FReEN3VTRrUEpBT2pTeGNvQ2VlSkRlbFBDS25za2xQSzNrTkpCVmozb1NrZmZTV0ZDN1JuOUphZmZJd0ZjOWVqMjRtc0kwZ2dRcnJnMENQUjZla0pjM29WR2xJ?oc=5
GRAVITA,Gravita India Limited,Gravita India - 9 Nifty500 stocks with soaring EV/EBITDA ratios; a sign of growth or overvaluation? - The Economic Times,"<a href=""https://news.google.com/rss/articles/CBMi-wFBVV95cUxPR0prcWxaSEdOb21VdElqUjRGbVhydHQ2dkdEYl9mUmVzTW4zU2xLYWNBNVE4eG5XYXhyTDlJQ1daVnJWWlpycUFBSmhZY1l1NFdMQlhUdWVfZDJkMmFUd1lNQVdQOHc0cFg0bmhvR3FQVGdnZEhHU1BHa25xMVZyemMxWVlVX05EVzRLT2xldmRYMUhxS3IxSF80TU1uNHY5NnIzTGFKV1JLMkotZ0NIR2ZzcUpmVDZ0eF9qY1k4eFhGdnlrTUI2MUJBUHhlaWQzWkhoWTBMRk92Y2VyZk5CdjNYeGlqZzg4cjV6VjUxaHVWODdoLVl2T3hZRQ?oc=5"" target=""_blank"">Gravita India - 9 Nifty500 stocks with soaring EV/EBITDA ratios; a sign of growth or overvaluation?</a>&nbsp;&nbsp;<font color=""#6f6f6f"">The Economic Times</font>",2025-10-13 07:00:00,The Economic Times,https://news.google.com/rss/articles/CBMi-wFBVV95cUxPR0prcWxaSEdOb21VdElqUjRGbVhydHQ2dkdEYl9mUmVzTW4zU2xLYWNBNVE4eG5XYXhyTDlJQ1daVnJWWlpycUFBSmhZY1l1NFdMQlhUdWVfZDJkMmFUd1lNQVdQOHc0cFg0bmhvR3FQVGdnZEhHU1BHa25xMVZyemMxWVlVX05EVzRLT2xldmRYMUhxS3IxSF80TU1uNHY5NnIzTGFKV1JLMkotZ0NIR2ZzcUpmVDZ0eF9qY1k4eFhGdnlrTUI2MUJBUHhlaWQzWkhoWTBMRk92Y2VyZk5CdjNYeGlqZzg4cjV6VjUxaHVWODdoLVl2T3hZRQ?oc=5
GRAVITA,Gravita India Limited,Gravita India Announces Closure of US Subsidiary - scanx.trade,"<a href=""https://news.google.com/rss/articles/CBMiswFBVV95cUxQYm1SRG5XQXNXZWJxclY3dmdCVW5GNUF3UmZUTjlmMEtkeGd5OHBkNmhDbjlkMW5HTmpPVzZfdWdVakxIQTY2Z1A0SWpjc0RFZjAyd3ZIcFM3MGQ5Z2YxOGpTU212RTE3enRyY2FLdVJSeXpvX25KcEJzcjcxY1k0TGJtZVdYbVc1QWMtMWdCSHBTRjlIVExST1hHX1Z5VG9XcExBYzdGNU82eVhjWGJVSEYwTQ?oc=5"" target=""_blank"">Gravita India Announces Closure of US Subsidiary</a>&nbsp;&nbsp;<font color=""#6f6f6f"">scanx.trade</font>",2025-06-24 07:00:00,scanx.trade,https://news.google.com/rss/articles/CBMiswFBVV95cUxQYm1SRG5XQXNXZWJxclY3dmdCVW5GNUF3UmZUTjlmMEtkeGd5OHBkNmhDbjlkMW5HTmpPVzZfdWdVakxIQTY2Z1A0SWpjc0RFZjAyd3ZIcFM3MGQ5Z2YxOGpTU212RTE3enRyY2FLdVJSeXpvX25KcEJzcjcxY1k0TGJtZVdYbVc1QWMtMWdCSHBTRjlIVExST1hHX1Z5VG9XcExBYzdGNU82eVhjWGJVSEYwTQ?oc=5
GRAVITA,Gravita India Limited,"Everyone Knows About Gravita, EMS and MSTC. But Here are 4 Recycling Stocks Still Flying Under the Radar - Equitymaster","<a href=""https://news.google.com/rss/articles/CBMiggJBVV95cUxPR3h6SXdGcnV4b3Y4bFlfa1N2WWRTdmlIZWpOTHVKT2Q1ZjRCRHpuSVVVcXBST0Z6V0dxMVdCRTdNbTRldHF5dlYzMm52WEluaWJRVy1aVldBY3gtMTJXdS1qRE5xWlhKVDFtdERZV1g3SklJM3ZfSk41NzZWQklzdUszZ0RfQ244U2ViRHpMdXUxdGVOM08xT1Y1cHo1SlI2aXlQUEpKczdSNmwxeTVWbmtzMVZ4RXdSeU9jVm5pdVBKSkFhdUVpUDJkU1Fic0pjQVZzb3JNQkpZUUVQME1xQ3lRRTRFTDVQZHRmMHNhdWhNNlhnclJ5bnV5QmkzOW9QT0E?oc=5"" target=""_blank"">Everyone Knows About Gravita, EMS and MSTC. But Here are 4 Recycling Stocks Still Flying Under the Radar</a>&nbsp;&nbsp;<font color=""#6f6f6f"">Equitymaster</font>",2025-07-28 07:00:00,Equitymaster,https://news.google.com/rss/articles/CBMiggJBVV95cUxPR3h6SXdGcnV4b3Y4bFlfa1N2WWRTdmlIZWpOTHVKT2Q1ZjRCRHpuSVVVcXBST0Z6V0dxMVdCRTdNbTRldHF5dlYzMm52WEluaWJRVy1aVldBY3gtMTJXdS1qRE5xWlhKVDFtdERZV1g3SklJM3ZfSk41NzZWQklzdUszZ0RfQ244U2ViRHpMdXUxdGVOM08xT1Y1cHo1SlI2aXlQUEpKczdSNmwxeTVWbmtzMVZ4RXdSeU9jVm5pdVBKSkFhdUVpUDJkU1Fic0pjQVZzb3JNQkpZUUVQME1xQ3lRRTRFTDVQZHRmMHNhdWhNNlhnclJ5bnV5QmkzOW9QT0E?oc=5
GRAVITA,Gravita India Limited,"Uma Exports, Gravita India, Cello World: Check the list of stocks that are witnessing high-volume today - Upstox","<a href=""https://news.google.com/rss/articles/CBMi8AFBVV95cUxPNTRwc01ZQlItVGdMRlJLWDdwZFR1U0JIajZRUDlBeUhmd0JIdG5admlzZzVsU2JGbDltdVd0QjNwb0xXblpaUUljMl9RTUxUS3ZlQWNhUVgyXzJfVEN5NjlENUtiVi1MQ2haY3F6S3ZmQXQzYXVETFZRTzRJaDFuTDBFWWZ0cUNDQWhoTnRsOWEtLTlNbGhVdU9EYWt3NzRIMEtzaWx4SWVKcjFnY3BlelVQRkhIdTEzbm5rVG5VbzR2b1ZnY2F3MlhlMjRRYVgzR2VPY0VVcndVVEhJVVRfRm5oZUhHZUFfSWdxV2VPZHE?oc=5"" target=""_blank"">Uma Exports, Gravita India, Cello World: Check the list of stocks that are witnessing high-volume today</a>&nbsp;&nbsp;<font color=""#6f6f6f"">Upstox</font>",2025-04-11 07:00:00,Upstox,https://news.google.com/rss/articles/CBMi8AFBVV95cUxPNTRwc01ZQlItVGdMRlJLWDdwZFR1U0JIajZRUDlBeUhmd0JIdG5admlzZzVsU2JGbDltdVd0QjNwb0xXblpaUUljMl9RTUxUS3ZlQWNhUVgyXzJfVEN5NjlENUtiVi1MQ2haY3F6S3ZmQXQzYXVETFZRTzRJaDFuTDBFWWZ0cUNDQWhoTnRsOWEtLTlNbGhVdU9EYWt3NzRIMEtzaWx4SWVKcjFnY3BlelVQRkhIdTEzbm5rVG5VbzR2b1ZnY2F3MlhlMjRRYVgzR2VPY0VVcndVVEhJVVRfRm5oZUhHZUFfSWdxV2VPZHE?oc=5
GRAVITA,Gravita India Limited,"Gravita India Share Price Jumps After Q4 Revenue, Profit Rise - NDTV Profit","<a href=""https://news.google.com/rss/articles/CBMipgFBVV95cUxQbko3cy13bGpza2h0aU9Lb2NYZmQyMXFNRmtaclp5MDFqZGNXQXlOU1hkR1l4aTh1eHNGcGZ2cE1xT0NpVnVJWHNRT2pPVzlQWk9KNmw1dl8yV2VySVFleUd1SjlrTkZFUHJ3djlfaUdzVHlqM29TMnlkR2FEV2F1SEh0SkJ5QngzajZCejVlWmhZYUZxaUo4a0FVZEdQTmpac19EM1FR0gGuAUFVX3lxTFBjMjB2T0hCRDZoMVhaRjcyR1ZKV0d1SnhXdE9Ddm85WjBqQmZacE1YUHpsWnY2dzk1ZGRxWVoyTDhLM2x6eTVPMVJVUzJRQnpIN25LQXZiOXlHS0pKQkhLTV82dlJwMXFpMHBOU2t3Q3hlTUp5ZXlEc24tNWNocFpwZ1JVMXFBLS1BQ2RiY1FaNURuMnBTS05ZUDBNZjNaM0lpRUNYdFJDT0VCNlhwQQ?oc=5"" target=""_blank"">Gravita India Share Price Jumps After Q4 Revenue, Profit Rise</a>&nbsp;&nbsp;<font color=""#6f6f6f"">NDTV Profit</font>",2025-05-05 07:00:00,NDTV Profit,https://news.google.com/rss/articles/CBMipgFBVV95cUxQbko3cy13bGpza2h0aU9Lb2NYZmQyMXFNRmtaclp5MDFqZGNXQXlOU1hkR1l4aTh1eHNGcGZ2cE1xT0NpVnVJWHNRT2pPVzlQWk9KNmw1dl8yV2VySVFleUd1SjlrTkZFUHJ3djlfaUdzVHlqM29TMnlkR2FEV2F1SEh0SkJ5QngzajZCejVlWmhZYUZxaUo4a0FVZEdQTmpac19EM1FR0gGuAUFVX3lxTFBjMjB2T0hCRDZoMVhaRjcyR1ZKV0d1SnhXdE9Ddm85WjBqQmZacE1YUHpsWnY2dzk1ZGRxWVoyTDhLM2x6eTVPMVJVUzJRQnpIN25LQXZiOXlHS0pKQkhLTV82dlJwMXFpMHBOU2t3Q3hlTUp5ZXlEc24tNWNocFpwZ1JVMXFBLS1BQ2RiY1FaNURuMnBTS05ZUDBNZjNaM0lpRUNYdFJDT0VCNlhwQQ?oc=5
GRAVITA,Gravita India Limited,"Gravita India shares fall to profit-booking following strong Q4 show, should you buy, sell, or hold? - Moneycontrol.com","<a href=""https://news.google.com/rss/articles/CBMi8wFBVV95cUxPR1FVYnNKVnJuS2pndEt0VXdHX05UeTV2WXYzem1Rb2tyNjlYbVBNSTgzbUlydGpINDJBOUlfU1ByTTdEdEVFVlhEMVhRRDhpaXk4dEJkZ3ZoSVhFdGVFU2hrNTZhdzhkemFRMjFncG8xclFfd3JSVlI1RTJLQ2VuVGIyLXFWSWo5bW1lUXBMeWZrWnExMWFsTWpkckRLNmtqV2RQQWM5Y1BWX3R6UjNWNERxUWZpay00cWpUcHczNG1IY01rNkw3eWpQdlVBMkQxX3luZW9Nd1JnTEpMcVh0Wlp4S0ppSXhXZEc1bm9pTC1fZE3SAfgBQVVfeXFMTlJYdGl0WnJsWHQxaWhLOTNsR3ZId1FkYjh2bEJXTndCREpuMmdhX2dFWHJ4c0hEVVJKd3BMaHdDeEhWakMwQ1l6R1pIa211X3I1MUh6QV9lQmhCN1VuZ1IyTmJqeWRjank2ZkJSMjhUamJjOGx0M3R3aEhtVXhvU0gwSUptNFJPdW1pN3l5NTU5Uk5HcXBCQUozV0d4dW1fTjc5TEVTblNnYnBOTHc5NGtnTnFKYVU2YlhfYTFhYWhaSFVaa1h1dmFJRTdSUTdMNGN4ZG1uZEdRQXlXNzc5MlRlMXcwSUdoZnZFNzdhejVWOEFHb2xvMjg?oc=5"" target=""_blank"">Gravita India shares fall to profit-booking following strong Q4 show, should you buy, sell, or hold?</a>&nbsp;&nbsp;<font color=""#6f6f6f"">Moneycontrol.com</font>",2025-05-06 07:00:00,Moneycontrol.com,https://news.google.com/rss/articles/CBMi8wFBVV95cUxPR1FVYnNKVnJuS2pndEt0VXdHX05UeTV2WXYzem1Rb2tyNjlYbVBNSTgzbUlydGpINDJBOUlfU1ByTTdEdEVFVlhEMVhRRDhpaXk4dEJkZ3ZoSVhFdGVFU2hrNTZhdzhkemFRMjFncG8xclFfd3JSVlI1RTJLQ2VuVGIyLXFWSWo5bW1lUXBMeWZrWnExMWFsTWpkckRLNmtqV2RQQWM5Y1BWX3R6UjNWNERxUWZpay00cWpUcHczNG1IY01rNkw3eWpQdlVBMkQxX3luZW9Nd1JnTEpMcVh0Wlp4S0ppSXhXZEc1bm9pTC1fZE3SAfgBQVVfeXFMTlJYdGl0WnJsWHQxaWhLOTNsR3ZId1FkYjh2bEJXTndCREpuMmdhX2dFWHJ4c0hEVVJKd3BMaHdDeEhWakMwQ1l6R1pIa211X3I1MUh6QV9lQmhCN1VuZ1IyTmJqeWRjank2ZkJSMjhUamJjOGx0M3R3aEhtVXhvU0gwSUptNFJPdW1pN3l5NTU5Uk5HcXBCQUozV0d4dW1fTjc5TEVTblNnYnBOTHc5NGtnTnFKYVU2YlhfYTFhYWhaSFVaa1h1dmFJRTdSUTdMNGN4ZG1uZEdRQXlXNzc5MlRlMXcwSUdoZnZFNzdhejVWOEFHb2xvMjg?oc=5
GRAVITA,Gravita India Limited,"Aurionpro Solutions, Muthoot Finance, Gravita India, Lloyds Metals, Goldiam Int'l, Cipla, Persistent Systems: Top buzzing stocks - Upstox","<a href=""https://news.google.com/rss/articles/CBMijAJBVV95cUxQNENoMHZFSUpLcko3MnlhR293QmlteHhZQkNTS05MaXQzRXd2XzJKbjdGaUYyYmdpRWc5VmEzMGlMLUl6V0NucEQ0di01dDVqdWIwSVZXbDNiMXlrNUtkazlVZnFZRTdkNFF1VHBqamdtNUl2SkVQeEU1WHN0OXNsQ3IweFFkakNUei1PTDhUZlNJX244STRpUEgzc0w5NmJrejhJSm5qUzFqWjZ0ZEc5VFJpZmZkMkI0Y2JfalJ1T2d6dVBSR0FOb04tdDBmSUVqNUlzU0FwYjY1RXp4QjFWcXJTNlplT2ZXNkx2ZzZFVEc5bFRlVTVWUDY5R1dCRm0zcmlDUlMxZ0hGOVBj?oc=5"" target=""_blank"">Aurionpro Solutions, Muthoot Finance, Gravita India, Lloyds Metals, Goldiam Int'l, Cipla, Persistent Systems: Top buzzing stocks</a>&nbsp;&nbsp;<font color=""#6f6f6f"">Upstox</font>",2025-04-11 07:00:00,Upstox,https://news.google.com/rss/articles/CBMijAJBVV95cUxQNENoMHZFSUpLcko3MnlhR293QmlteHhZQkNTS05MaXQzRXd2XzJKbjdGaUYyYmdpRWc5VmEzMGlMLUl6V0NucEQ0di01dDVqdWIwSVZXbDNiMXlrNUtkazlVZnFZRTdkNFF1VHBqamdtNUl2SkVQeEU1WHN0OXNsQ3IweFFkakNUei1PTDhUZlNJX244STRpUEgzc0w5NmJrejhJSm5qUzFqWjZ0ZEc5VFJpZmZkMkI0Y2JfalJ1T2d6dVBSR0FOb04tdDBmSUVqNUlzU0FwYjY1RXp4QjFWcXJTNlplT2ZXNkx2ZzZFVEc5bFRlVTVWUDY5R1dCRm0zcmlDUlMxZ0hGOVBj?oc=5
GRAVITA,Gravita India Limited,Gravita India up 4% as government nears approval of critical mineral recycling scheme - Moneycontrol.com,"<a href=""https://news.google.com/rss/articles/CBMi4wFBVV95cUxQTENSQWhnM3FUU1ZVVldja3BuZGs3bUtaQ1huc05jaUNXdTNSLV9rZHktN3RBdk1OY3RfWEdSbFV6eldIa08xdGZLeWRuUVFTQXU5RjdZRDJHWFVGeGpmUFVUVDBKY2xJOFRTTFhMdXZfSUpsUHhYVlo0cm9lay1iMzJqZml0Y3RzMlFLZ2EzQm1NQ21OVUNyTkJkZzZ3c1NFcG1pLWlXcmFzSjEzZll4OVUweTU5N05PTnluZUk3OHJjNjg0dDVUSGFpU3ZhczVsVkNmMjVBSEZSSUlYTzJEMEVpNNIB6AFBVV95cUxQOVlSbHJEQldBczk2LXpLNXpHSGI0dlBMOHZ2djZCd05Bbi1rbVo3LUNBTDB4Q19fQXkyRTdOcUlkSHlhaGFrZmc2UXBCOGtfdVp3TllCb01LWnpmNU5ubHFhNDlGNUtHOC1tVmdGTHNFWVpBWk9NeVRXZm9GOVNDLUlOYnQ4YXN2TEp1WEhJVFlZWENPc0NWNlo3TnpCeUlXUzA5cTJwTmlXOVZjUllWeVdzQjB0RU5BRXhfZ3dUa3V6S213c1pfZThHMEFHdC1UcmVyeHpSbmlJOGxlNzJfY0ZxRlhlbEp0?oc=5"" target=""_blank"">Gravita India up 4% as government nears approval of critical mineral recycling scheme</a>&nbsp;&nbsp;<font color=""#6f6f6f"">Moneycontrol.com</font>",2025-06-06 07:00:00,Moneycontrol.com,https://news.google.com/rss/articles/CBMi4wFBVV95cUxQTENSQWhnM3FUU1ZVVldja3BuZGs3bUtaQ1huc05jaUNXdTNSLV9rZHktN3RBdk1OY3RfWEdSbFV6eldIa08xdGZLeWRuUVFTQXU5RjdZRDJHWFVGeGpmUFVUVDBKY2xJOFRTTFhMdXZfSUpsUHhYVlo0cm9lay1iMzJqZml0Y3RzMlFLZ2EzQm1NQ21OVUNyTkJkZzZ3c1NFcG1pLWlXcmFzSjEzZll4OVUweTU5N05PTnluZUk3OHJjNjg0dDVUSGFpU3ZhczVsVkNmMjVBSEZSSUlYTzJEMEVpNNIB6AFBVV95cUxQOVlSbHJEQldBczk2LXpLNXpHSGI0dlBMOHZ2djZCd05Bbi1rbVo3LUNBTDB4Q19fQXkyRTdOcUlkSHlhaGFrZmc2UXBCOGtfdVp3TllCb01LWnpmNU5ubHFhNDlGNUtHOC1tVmdGTHNFWVpBWk9NeVRXZm9GOVNDLUlOYnQ4YXN2TEp1WEhJVFlZWENPc0NWNlo3TnpCeUlXUzA5cTJwTmlXOVZjUllWeVdzQjB0RU5BRXhfZ3dUa3V6S213c1pfZThHMEFHdC1UcmVyeHpSbmlJOGxlNzJfY0ZxRlhlbEp0?oc=5
GRAVITA,Gravita India Limited,"For Gravita India Insiders, Selling ₹726m Of Shares Was A Smart Move - simplywall.st","<a href=""https://news.google.com/rss/articles/CBMi1wFBVV95cUxQdFVTQjNaNkphYmhJVEpCSXNPMk1NSUpBM1lyeWU4R3NIYlRiX2hQR29NX1B3QlM2Z2wwMmd5MEFXYWVRS0ZkU29scUpYYkRwd3czVjNUNW83NXVkQnF1LXdONmZzWGxVYlFLX0dEWVY5NERJLUdXSU5XdWM0V2lxNE5WcGRCUjloaXBIVm9aMDcxajJpSmhmUDJPd00zcFA4MTItb2xIS3NpRTM2TXE2dW1fczFfM2JnMlpsSnRzN3FHN09IYndaMm4tcWRHblRXSmNEM1BfSdIB3AFBVV95cUxNWkg1QmpDSWw0aWttV2xNdF9uRXF0RFRJUTFlMHpmcW5UZmZFTVdNUHFYb1NXbXF6M3VGU05qeVZHbEY1aVdFVXNsZU5HSUVGbmRydjVQM29BTktHRTdwYmNOdWRackl6M2kxVDJmdnVWWE16eXJPNkYyNmM2YmNmQVZpNlRsMGZJVGZsV2tTWHNPekxfbFlOeVZON1dISHVIdDRyVHJGWGtrMWlVekRMWlI0dTV2UWtpRk5tWXFIWjRkQnBOTTJjNng4RVFQMTktenVVZVI0c1NXbmdk?oc=5"" target=""_blank"">For Gravita India Insiders, Selling ₹726m Of Shares Was A Smart Move</a>&nbsp;&nbsp;<font color=""#6f6f6f"">simplywall.st</font>",2025-03-25 07:00:00,simplywall.st,https://news.google.com/rss/articles/CBMi1wFBVV95cUxQdFVTQjNaNkphYmhJVEpCSXNPMk1NSUpBM1lyeWU4R3NIYlRiX2hQR29NX1B3QlM2Z2wwMmd5MEFXYWVRS0ZkU29scUpYYkRwd3czVjNUNW83NXVkQnF1LXdONmZzWGxVYlFLX0dEWVY5NERJLUdXSU5XdWM0V2lxNE5WcGRCUjloaXBIVm9aMDcxajJpSmhmUDJPd00zcFA4MTItb2xIS3NpRTM2TXE2dW1fczFfM2JnMlpsSnRzN3FHN09IYndaMm4tcWRHblRXSmNEM1BfSdIB3AFBVV95cUxNWkg1QmpDSWw0aWttV2xNdF9uRXF0RFRJUTFlMHpmcW5UZmZFTVdNUHFYb1NXbXF6M3VGU05qeVZHbEY1aVdFVXNsZU5HSUVGbmRydjVQM29BTktHRTdwYmNOdWRackl6M2kxVDJmdnVWWE16eXJPNkYyNmM2YmNmQVZpNlRsMGZJVGZsV2tTWHNPekxfbFlOeVZON1dISHVIdDRyVHJGWGtrMWlVekRMWlI0dTV2UWtpRk5tWXFIWjRkQnBOTTJjNng4RVFQMTktenVVZVI0c1NXbmdk?oc=5
GRAVITA,Gravita India Limited,"Gravita India shares rise 3% as Nuvama initiates with 'buy', sees 38% upside - Moneycontrol.com","<a href=""https://news.google.com/rss/articles/CBMi0gFBVV95cUxQVjI2YlRVNFNneWRBNHZQZ2VRRGd0WGdDY0dUUlVWWUNDVzV6eWRkcFJyU2VWRWJIcTdyeldLbUNsOFI0WVB6NEJTTjA4cGx0MWc3Zjc3cVdMbG9Ka254V1ZtdU84b0lyMjZZb0tEVUdXYmJWd3o1MFdBMWJhLUhYQUF6NU5rUldvOGdBMEoxd29xOTBNakUwQ3FqblRSek12cmZsUWtTTGlRN0VHU2JBSnlZYjJ5ZndYX0d2ek1sd1pRT01tYmdsdEdULUl5cE1ySnfSAdcBQVVfeXFMUFl4Z040WHgzdnFNV0tTUXZjU3J0eWVTY0NVVHQzQnNZZlBqUnFtemZlTFpLWkNQZVNnbG13aElHenNQRlFSQ3BTTVRreGhyN2xRTnppYlRzQjdtVUhVRzlDVEJIYkpuQ2o0Y2NRUE5ZWlEzTmZ1MU5ua1E2R2h5WHpnSWJNb0oyUUdRVFp5N3lMcEVteC1BZWtINW1LN25uMDZVTDUyazR4aWR6NlQ2cXJPM1ZoamdsSXZGYXdLSWFyUUwzRksxcW5CMU41b0RMbm9Ib0J0bGM?oc=5"" target=""_blank"">Gravita India shares rise 3% as Nuvama initiates with 'buy', sees 38% upside</a>&nbsp;&nbsp;<font color=""#6f6f6f"">Moneycontrol.com</font>",2024-10-21 07:00:00,Moneycontrol.com,https://news.google.com/rss/articles/CBMi0gFBVV95cUxQVjI2YlRVNFNneWRBNHZQZ2VRRGd0WGdDY0dUUlVWWUNDVzV6eWRkcFJyU2VWRWJIcTdyeldLbUNsOFI0WVB6NEJTTjA4cGx0MWc3Zjc3cVdMbG9Ka254V1ZtdU84b0lyMjZZb0tEVUdXYmJWd3o1MFdBMWJhLUhYQUF6NU5rUldvOGdBMEoxd29xOTBNakUwQ3FqblRSek12cmZsUWtTTGlRN0VHU2JBSnlZYjJ5ZndYX0d2ek1sd1pRT01tYmdsdEdULUl5cE1ySnfSAdcBQVVfeXFMUFl4Z040WHgzdnFNV0tTUXZjU3J0eWVTY0NVVHQzQnNZZlBqUnFtemZlTFpLWkNQZVNnbG13aElHenNQRlFSQ3BTTVRreGhyN2xRTnppYlRzQjdtVUhVRzlDVEJIYkpuQ2o0Y2NRUE5ZWlEzTmZ1MU5ua1E2R2h5WHpnSWJNb0oyUUdRVFp5N3lMcEVteC1BZWtINW1LN25uMDZVTDUyazR4aWR6NlQ2cXJPM1ZoamdsSXZGYXdLSWFyUUwzRksxcW5CMU41b0RMbm9Ib0J0bGM?oc=5
GRAVITA,Gravita India Limited,"Gravita India shares fly 9% on high volumes, acquiring first recycling plant in Europe - Moneycontrol.com","<a href=""https://news.google.com/rss/articles/CBMi2AFBVV95cUxNaHFLTW5WSjdYcXdxMUVoOWw3ZGZ1clJmWEtxT0J1WGFJMFhpTEh1eGRSQ0N2T1laVUhnbEtwRE1wWnZpLWZTY29tc1F5YTdFU0lwZXFKQzNoenpocHZ0Q0MzVkh3RWF6THRDdExYOF9qRm9BTm53Mkp1Q0toa21KSXdpR3FubWEtdE5KR0FFdnZqR1hMcVkwSjM0V2M4OXBNdzd3dy1RVzJZdjdqZUJHYmpCcTJicjhqRlpaNjhxRGhTN1pSOUdvSXBCeU96SGg4UHhURWVPSk7SAd4BQVVfeXFMUE9yZV9SWEJsdEFQQ2pwcG1xYWp0UzJ5cFFXSDBmc2tFV201cVBoSEwtbnp4ZXRINWh1dmJWUS1mbXExWEpMNFAyaF9jNnpsQVpoRklRUkxXbERmRHQ0a2RqeVdOeVN5ZVBVVzVrXzdaOEdPdHdwU0hvaVpCajJ5WDNLaEY3M0hwOHZzeGNRalFmS1VZYVJVTExnRWRGLVREdG0tUm9qYkZOWmxoRDFnRVhrRDN0QXJjQml6cjNJVkI0VVRObVpybGx2U2NaZXNpWjFja1RZa1ozMVlHN3lB?oc=5"" target=""_blank"">Gravita India shares fly 9% on high volumes, acquiring first recycling plant in Europe</a>&nbsp;&nbsp;<font color=""#6f6f6f"">Moneycontrol.com</font>",2024-09-13 07:00:00,Moneycontrol.com,https://news.google.com/rss/articles/CBMi2AFBVV95cUxNaHFLTW5WSjdYcXdxMUVoOWw3ZGZ1clJmWEtxT0J1WGFJMFhpTEh1eGRSQ0N2T1laVUhnbEtwRE1wWnZpLWZTY29tc1F5YTdFU0lwZXFKQzNoenpocHZ0Q0MzVkh3RWF6THRDdExYOF9qRm9BTm53Mkp1Q0toa21KSXdpR3FubWEtdE5KR0FFdnZqR1hMcVkwSjM0V2M4OXBNdzd3dy1RVzJZdjdqZUJHYmpCcTJicjhqRlpaNjhxRGhTN1pSOUdvSXBCeU96SGg4UHhURWVPSk7SAd4BQVVfeXFMUE9yZV9SWEJsdEFQQ2pwcG1xYWp0UzJ5cFFXSDBmc2tFV201cVBoSEwtbnp4ZXRINWh1dmJWUS1mbXExWEpMNFAyaF9jNnpsQVpoRklRUkxXbERmRHQ0a2RqeVdOeVN5ZVBVVzVrXzdaOEdPdHdwU0hvaVpCajJ5WDNLaEY3M0hwOHZzeGNRalFmS1VZYVJVTExnRWRGLVREdG0tUm9qYkZOWmxoRDFnRVhrRDN0QXJjQml6cjNJVkI0VVRObVpybGx2U2NaZXNpWjFja1RZa1ozMVlHN3lB?oc=5
GRAVITA,Gravita India Limited,"Gravita India's board approves Rs 1,000 crore QIP; stock pares early gains - Moneycontrol.com","<a href=""https://news.google.com/rss/articles/CBMi1AFBVV95cUxPM1cxUE9pQnhQNG9nb2NUckF6QmNMclNDSzlVYUN1TFdOdV9tOXZyU25NMEw2X2k2QkIwVkcyaTdVVW9ueGR5NFhRSDVkckN2NFVINnpQcFpUVUF2NV91NXVueGwyQVl4djlPU1hyZ2QxeDhyNjFjTmVQWkdvUjV0RE1zdzlPMWdGS0FlNkZobmo0YksyS0k1SmMxdE1nMlR1TWFFRzhHSW94RTFxNUVNV1BfSllYYndaZER2RHhMUUpsbUtLaVYxa0lyVHUwUkdiT0sxatIB2gFBVV95cUxNdWd6SlE0OS0yLTVaOWdYZ05oVTBIbUcwNElaSHZDa2hhWUJidnVqeXlEdFRVbTRuNzI2ejl2ZTQzcHVXMmdsT0NhVlVab0VfdzJqUG5rTW80VWpKLW1qNmx6c3JNanQwWUZZVzJKakFucVoxVXJwb1F6XzNidVAtdW4yNHhhUzN4YnU0OGs2WTRsZWFlQWpwMUs5MUJydWNmZmR2ODNoa0FYOUZDekRXZjh3dGt2Q2szZ1dkcUtwdDdrT1ljcDBYbGRtYTc0ZW5FRHVweVpuSG90UQ?oc=5"" target=""_blank"">Gravita India's board approves Rs 1,000 crore QIP; stock pares early gains</a>&nbsp;&nbsp;<font color=""#6f6f6f"">Moneycontrol.com</font>",2024-12-20 08:00:00,Moneycontrol.com,https://news.google.com/rss/articles/CBMi1AFBVV95cUxPM1cxUE9pQnhQNG9nb2NUckF6QmNMclNDSzlVYUN1TFdOdV9tOXZyU25NMEw2X2k2QkIwVkcyaTdVVW9ueGR5NFhRSDVkckN2NFVINnpQcFpUVUF2NV91NXVueGwyQVl4djlPU1hyZ2QxeDhyNjFjTmVQWkdvUjV0RE1zdzlPMWdGS0FlNkZobmo0YksyS0k1SmMxdE1nMlR1TWFFRzhHSW94RTFxNUVNV1BfSllYYndaZER2RHhMUUpsbUtLaVYxa0lyVHUwUkdiT0sxatIB2gFBVV95cUxNdWd6SlE0OS0yLTVaOWdYZ05oVTBIbUcwNElaSHZDa2hhWUJidnVqeXlEdFRVbTRuNzI2ejl2ZTQzcHVXMmdsT0NhVlVab0VfdzJqUG5rTW80VWpKLW1qNmx6c3JNanQwWUZZVzJKakFucVoxVXJwb1F6XzNidVAtdW4yNHhhUzN4YnU0OGs2WTRsZWFlQWpwMUs5MUJydWNmZmR2ODNoa0FYOUZDekRXZjh3dGt2Q2szZ1dkcUtwdDdrT1ljcDBYbGRtYTc0ZW5FRHVweVpuSG90UQ?oc=5
GRAVITA,Gravita India Limited,"Gravita India shares jump 7% on launching QIP to raise up to Rs 1,000 crore - Moneycontrol.com","<a href=""https://news.google.com/rss/articles/CBMi1gFBVV95cUxQM2JhemRVckl6ME1zTHRHNGFaalR6RE1iVlZtQjlBWEF0WDhucXRSemNveWlZMC1qcXJmM0piblVvQUUyUzBScVZiWm4wUGZ4MUJZRzBCY1F6WEg1MDVVZGhLa3RLVVlnbk9FVmdDYTk4OTBqU2NtQkdLbkZSWHlfaURmOUxHc2E3SlhpUDNDRzlLcFZ1czJ5V2tzYlFrTHhISk05b011ZVhHSTFKcG5HdFRQUnd1dkVoTm4zc3VmREJGOGNWQU1DeElKSFZMWjMtMGR1Vzl30gHbAUFVX3lxTFBmaEJSQTFDZGczMkRybV96UGcyemQyYkNQYXIxR19nZW5ndDMxNnptZHZnMWF0SVFjcHlaRElOT0JndmxBeUFIcFlMYldfWllONHFqbzNPVDBERExOR3Rqa0dnZUp4UGx0TnYyWmNLbmN5cV9FWkV3NGozMzcySjgwZlN3dGtMRFBxT1E0U29KekMyWW5rR3M0MXJGMGw2NzFSSkh3Nm10UnQ5d3JDWTR4VzQzZnF4VUJDM3RTX2o4SGlRaTVpa0VGYWZiR3R4ZmphR29GbzdKb0NiQQ?oc=5"" target=""_blank"">Gravita India shares jump 7% on launching QIP to raise up to Rs 1,000 crore</a>&nbsp;&nbsp;<font color=""#6f6f6f"">Moneycontrol.com</font>",2024-12-17 08:00:00,Moneycontrol.com,https://news.google.com/rss/articles/CBMi1gFBVV95cUxQM2JhemRVckl6ME1zTHRHNGFaalR6RE1iVlZtQjlBWEF0WDhucXRSemNveWlZMC1qcXJmM0piblVvQUUyUzBScVZiWm4wUGZ4MUJZRzBCY1F6WEg1MDVVZGhLa3RLVVlnbk9FVmdDYTk4OTBqU2NtQkdLbkZSWHlfaURmOUxHc2E3SlhpUDNDRzlLcFZ1czJ5V2tzYlFrTHhISk05b011ZVhHSTFKcG5HdFRQUnd1dkVoTm4zc3VmREJGOGNWQU1DeElKSFZMWjMtMGR1Vzl30gHbAUFVX3lxTFBmaEJSQTFDZGczMkRybV96UGcyemQyYkNQYXIxR19nZW5ndDMxNnptZHZnMWF0SVFjcHlaRElOT0JndmxBeUFIcFlMYldfWllONHFqbzNPVDBERExOR3Rqa0dnZUp4UGx0TnYyWmNLbmN5cV9FWkV3NGozMzcySjgwZlN3dGtMRFBxT1E0U29KekMyWW5rR3M0MXJGMGw2NzFSSkh3Nm10UnQ5d3JDWTR4VzQzZnF4VUJDM3RTX2o4SGlRaTVpa0VGYWZiR3R4ZmphR29GbzdKb0NiQQ?oc=5
GRAVITA,Gravita India Limited,"Q4 results impact: Jindal Saw, Utkarsh SFB shares tumble; Gravita India surges 6% after net profit rises... - Moneycontrol.com","<a href=""https://news.google.com/rss/articles/CBMi_AFBVV95cUxPX1ZEczJ0a0J5MFByUlpydEZvbHdFSHNEMFJ4QnpGaFZkX2VjY25lUW5kMFZ0clZLVjNheVViSktFQWl6aTJwQjVlM3VXUEItLU1OT25jaXc2V0N3eHk3cm5vcmIxdTk5amxZV1I0bUNpaF9kc1ZtNnRXUWJ1Q2k1ZUFvNTFoSTdEbXF0TlYwN3oxUWVIejRibnRqcGhiUTYzMlYzREJrT2R6emlsS2VleWNES0NmVnpJWXBOVU81dzVadkN5b3RZT3F5X2FlRWl3eHJxYmlqRzR0ZlZmSkdXWmdfZEFHTGc1T2V0TUpGUWNmSzJNallnWUZ4cGXSAYICQVVfeXFMT3N3cjRoQWRNZmxVWlRJdE1icG90aEpLUmlRQy1DLWt1NDgwcWVKZEFSanpXYnpjOHlLUF9CRkpUU2dQLTJYVjA5anN2cDFEZE9EM2dwV3EyMkZETmNibkNvNm5Pb1JuZ3RjX3l4LXNxOHhGcmkwclBRSkdzYXFPSHliYTZnQUtUaktYbFBLS3hyQ09mS3VXOWF2dVI2dHFxTFJkNmhycVN2Skp1OXVmM1FpM1ZkdjdWVmhVQTlWYW96eVI2MXZmeVhHV0dTbkxvSE9XTzFaVVVhYWsweGhYNEp5Z2dFdVd2WmhDU0tFYWhLa3ZmaUl5d01aTG5WQThsOTRB?oc=5"" target=""_blank"">Q4 results impact: Jindal Saw, Utkarsh SFB shares tumble; Gravita India surges 6% after net profit rises...</a>&nbsp;&nbsp;<font color=""#6f6f6f"">Moneycontrol.com</font>",2025-05-05 07:00:00,Moneycontrol.com,https://news.google.com/rss/articles/CBMi_AFBVV95cUxPX1ZEczJ0a0J5MFByUlpydEZvbHdFSHNEMFJ4QnpGaFZkX2VjY25lUW5kMFZ0clZLVjNheVViSktFQWl6aTJwQjVlM3VXUEItLU1OT25jaXc2V0N3eHk3cm5vcmIxdTk5amxZV1I0bUNpaF9kc1ZtNnRXUWJ1Q2k1ZUFvNTFoSTdEbXF0TlYwN3oxUWVIejRibnRqcGhiUTYzMlYzREJrT2R6emlsS2VleWNES0NmVnpJWXBOVU81dzVadkN5b3RZT3F5X2FlRWl3eHJxYmlqRzR0ZlZmSkdXWmdfZEFHTGc1T2V0TUpGUWNmSzJNallnWUZ4cGXSAYICQVVfeXFMT3N3cjRoQWRNZmxVWlRJdE1icG90aEpLUmlRQy1DLWt1NDgwcWVKZEFSanpXYnpjOHlLUF9CRkpUU2dQLTJYVjA5anN2cDFEZE9EM2dwV3EyMkZETmNibkNvNm5Pb1JuZ3RjX3l4LXNxOHhGcmkwclBRSkdzYXFPSHliYTZnQUtUaktYbFBLS3hyQ09mS3VXOWF2dVI2dHFxTFJkNmhycVN2Skp1OXVmM1FpM1ZkdjdWVmhVQTlWYW96eVI2MXZmeVhHV0dTbkxvSE9XTzFaVVVhYWsweGhYNEp5Z2dFdVd2WmhDU0tFYWhLa3ZmaUl5d01aTG5WQThsOTRB?oc=5
GRAVITA,Gravita India Limited,"Top stocks in battery recycling space in India: Amara Raja, Exide, Tata Chemicals, Gravita and more - Upstox","<a href=""https://news.google.com/rss/articles/CBMi6gFBVV95cUxNbWtWX21veVBIZlFZaU5YYml2ck9XTzlIQ1pGYjB5Z3hBNkRlaHlNTk42OEtJNHI4T240dUpFazNlX2RjR2k3bXZLSVJkNUk1aUhTdlZwbmV2N1A3RUlsVDl1UURROW51cmpfWlBGZ0NGek82bTRuRWtLYy05T25YSExoMGNFN1NYUHBCb09RYnNHREdRT3VlcDg5X2NCVUh0TjBnY3FIZl9jU0w5c1RMX0lyNFNHUzNUVmVKUGxIeHR6RXB2eWtzMWpsekw2bXEzNW5CM3dEeC1Yd2ttaldfZkRiSTlER1J4aEE?oc=5"" target=""_blank"">Top stocks in battery recycling space in India: Amara Raja, Exide, Tata Chemicals, Gravita and more</a>&nbsp;&nbsp;<font color=""#6f6f6f"">Upstox</font>",2024-09-06 07:00:00,Upstox,https://news.google.com/rss/articles/CBMi6gFBVV95cUxNbWtWX21veVBIZlFZaU5YYml2ck9XTzlIQ1pGYjB5Z3hBNkRlaHlNTk42OEtJNHI4T240dUpFazNlX2RjR2k3bXZLSVJkNUk1aUhTdlZwbmV2N1A3RUlsVDl1UURROW51cmpfWlBGZ0NGek82bTRuRWtLYy05T25YSExoMGNFN1NYUHBCb09RYnNHREdRT3VlcDg5X2NCVUh0TjBnY3FIZl9jU0w5c1RMX0lyNFNHUzNUVmVKUGxIeHR6RXB2eWtzMWpsekw2bXEzNW5CM3dEeC1Yd2ttaldfZkRiSTlER1J4aEE?oc=5
GRAVITA,Gravita India Limited,GRAVITA Forecast — Price Target — Prediction for 2027 - TradingView,"<a href=""https://news.google.com/rss/articles/CBMiaEFVX3lxTE1rMmlNZnRhU1JaTl9jb2g3LU10SFA1NmVFUFBHMjRPbGhGWkZvalZUZ2pCR3N1LUd3d2k4SXBTclFsUmV3ZEg2NV93NHNTak1YeTlKaTZVSi10cWQzS1pSbENIOUhqRUFz?oc=5"" target=""_blank"">GRAVITA Forecast — Price Target — Prediction for 2027</a>&nbsp;&nbsp;<font color=""#6f6f6f"">TradingView</font>",2023-03-08 00:03:00,TradingView,https://news.google.com/rss/articles/CBMiaEFVX3lxTE1rMmlNZnRhU1JaTl9jb2g3LU10SFA1NmVFUFBHMjRPbGhGWkZvalZUZ2pCR3N1LUd3d2k4SXBTclFsUmV3ZEg2NV93NHNTak1YeTlKaTZVSi10cWQzS1pSbENIOUhqRUFz?oc=5
GRAVITA,Gravita India Limited,"Gravita India concludes Rs 1,000-cr QIP of equity shares - Business Standard","<a href=""https://news.google.com/rss/articles/CBMi1AFBVV95cUxOcDZLT1ZBMFJLMnRtNlJqMzB1RElnY1ktdmNhZFg3NWJqU0pJX0RrbWtWalJPcHVFSkZGLVpDRG9fWEZoUEFCZG4tbVpZX1dGTWhBZFNCNmNlNzZyOGg2Z2UyMm9xY09oa0ZlQUhWUnFQbno5RVZvS1Q2T3AxS2tfQlFSV2JSSXoxS1BLbzdiNDRPQU0zaWtGUmh2NHBabGNha1oyWjV5UDNrZ0h1dmdKVU9HVGFIaThla1RtWG9raGhFdDZkTFhlb1h5eUxqN1Y0QVdletIB2gFBVV95cUxQbXR2Q3d4Zl9HcTdXNzZxcGhzQzdDeEZvdDhvQzE5RW5lbGktb1lTanJjLW5aYmpIRFoyQS00UW1tSWV0R3E3bGhqM0NyRUxrelBqVWNRUmw5c25RLVVTNDNMYUh6TU84aWlpOU1lZFlGQkVWbFBCeEltek9kMm01TzNwS1F3a25NMm1ubWFuX1ZRbGJoVG1yTTFxaFZEVkl5TVRMaDVia1BpNEtoOVg1bE5RVzB2Uy1wa0d6UUMxQVNiNXdKdHZaNzFtZjU2cmQ0aW1zUkYzOGQwUQ?oc=5"" target=""_blank"">Gravita India concludes Rs 1,000-cr QIP of equity shares</a>&nbsp;&nbsp;<font color=""#6f6f6f"">Business Standard</font>",2024-12-20 08:00:00,Business Standard,https://news.google.com/rss/articles/CBMi1AFBVV95cUxOcDZLT1ZBMFJLMnRtNlJqMzB1RElnY1ktdmNhZFg3NWJqU0pJX0RrbWtWalJPcHVFSkZGLVpDRG9fWEZoUEFCZG4tbVpZX1dGTWhBZFNCNmNlNzZyOGg2Z2UyMm9xY09oa0ZlQUhWUnFQbno5RVZvS1Q2T3AxS2tfQlFSV2JSSXoxS1BLbzdiNDRPQU0zaWtGUmh2NHBabGNha1oyWjV5UDNrZ0h1dmdKVU9HVGFIaThla1RtWG9raGhFdDZkTFhlb1h5eUxqN1Y0QVdletIB2gFBVV95cUxQbXR2Q3d4Zl9HcTdXNzZxcGhzQzdDeEZvdDhvQzE5RW5lbGktb1lTanJjLW5aYmpIRFoyQS00UW1tSWV0R3E3bGhqM0NyRUxrelBqVWNRUmw5c25RLVVTNDNMYUh6TU84aWlpOU1lZFlGQkVWbFBCeEltek9kMm01TzNwS1F3a25NMm1ubWFuX1ZRbGJoVG1yTTFxaFZEVkl5TVRMaDVia1BpNEtoOVg1bE5RVzB2Uy1wa0d6UUMxQVNiNXdKdHZaNzFtZjU2cmQ0aW1zUkYzOGQwUQ?oc=5
GRAVITA,Gravita India Limited,Gravita India’s Astounding Stock Rise of 2013%; What Does Their Future Look Like? - Trade Brains,"<a href=""https://news.google.com/rss/articles/CBMiogFBVV95cUxQV0xQUjB2bk9tMU95a0J3SnhJTjN6bTlITUdOUXdudHdoQzlKOXBGR3VCYUVPVXhMbmFMNFc0UzhqMXJocl9SWU1uNGkyVGEyUHJ3Q09wZ040S1RkS3MyUURvZzFOdzhGSGhEWHRralJ6bmdRNjJaeWZveXk0TVlSRWdSVEJzT3VmVVdnSjJyd2g5anJwYjdkU1I4c3VwQWRkeGc?oc=5"" target=""_blank"">Gravita India’s Astounding Stock Rise of 2013%; What Does Their Future Look Like?</a>&nbsp;&nbsp;<font color=""#6f6f6f"">Trade Brains</font>",2024-02-18 08:00:00,Trade Brains,https://news.google.com/rss/articles/CBMiogFBVV95cUxQV0xQUjB2bk9tMU95a0J3SnhJTjN6bTlITUdOUXdudHdoQzlKOXBGR3VCYUVPVXhMbmFMNFc0UzhqMXJocl9SWU1uNGkyVGEyUHJ3Q09wZ040S1RkS3MyUURvZzFOdzhGSGhEWHRralJ6bmdRNjJaeWZveXk0TVlSRWdSVEJzT3VmVVdnSjJyd2g5anJwYjdkU1I4c3VwQWRkeGc?oc=5
GRAVITA,Gravita India Limited,Gravita India Limited Financial Statements – NSE:GRAVITA - TradingView,"<a href=""https://news.google.com/rss/articles/CBMid0FVX3lxTE5Ua2lmR3JHYUx3YkJheUtJWkJ2TkVRZ0diRmJ3SVkxVVhkcTJabVA4eWVhSWgwczZHcHZOUkJwWTVnSW9UNkxySDNLWnZDOEhITFk5OTFaSWRQZ2J3MUtPeUdnQVJxdGdTWGczVUw2OGprM0NiTUo0?oc=5"" target=""_blank"">Gravita India Limited Financial Statements – NSE:GRAVITA</a>&nbsp;&nbsp;<font color=""#6f6f6f"">TradingView</font>",2021-03-27 11:52:02,TradingView,https://news.google.com/rss/articles/CBMid0FVX3lxTE5Ua2lmR3JHYUx3YkJheUtJWkJ2TkVRZ0diRmJ3SVkxVVhkcTJabVA4eWVhSWgwczZHcHZOUkJwWTVnSW9UNkxySDNLWnZDOEhITFk5OTFaSWRQZ2J3MUtPeUdnQVJxdGdTWGczVUw2OGprM0NiTUo0?oc=5
GRAVITA,Gravita India Limited,Promoter of Gravita India sells 4.6% stake for Rs 181 cr through open mkt - Business Standard,"<a href=""https://news.google.com/rss/articles/CBMi1gFBVV95cUxNTlVTNmVYQllBWVZXeVY0dkJzRlpNYVNuYkRGeHY0NGVfOHljZ25PQ01xT1JXeV93bDQ3U1RzQ1p5c3IybnBJZjZ3NFMwa3RoX0pobzI4eFNhQVE1bjJCRzg5NVJDaklPQUl2NTg1bkJfeExFQ29OeW41cXA5cThiaDRmV2dSVTRkbDl6YndaS0lNY05PcGswVkdVR1hheG5lTzRWYjE2N3NCTUJ0Qm55cDJERDBkZzl0RlB5bkJ6Mnk4YjUwRkhHbDRfd0hCc0FDTUNOblJB0gHbAUFVX3lxTE43RGFqSzdPUnBEOFdZeVBkTHNxeEtpTVd6T1F4Ymd3OF9sMTJaZG4wV0gxaExaQ19Gc0xfMURLdTQzdWxFZlVZVjZxTmxsR2Q3WEM0M3NlRzV5bHdkaWNGbXZYd25yQnRhX3hRaGxzbFFMV2V2ZDZDSUs3eTRyUmdsaTZBY0FwQzNYU1pfWnExckhpTU5OUXhDTlhPZDhvTkdqRkpPUng2TFFnY3NhRE1LTTJRRXZGQjVMSGJ3TDE2SmVJWV9aMUtaTy1YVXJERzBKdWVhVG5TWEVubw?oc=5"" target=""_blank"">Promoter of Gravita India sells 4.6% stake for Rs 181 cr through open mkt</a>&nbsp;&nbsp;<font color=""#6f6f6f"">Business Standard</font>",2023-05-29 07:00:00,Business Standard,https://news.google.com/rss/articles/CBMi1gFBVV95cUxNTlVTNmVYQllBWVZXeVY0dkJzRlpNYVNuYkRGeHY0NGVfOHljZ25PQ01xT1JXeV93bDQ3U1RzQ1p5c3IybnBJZjZ3NFMwa3RoX0pobzI4eFNhQVE1bjJCRzg5NVJDaklPQUl2NTg1bkJfeExFQ29OeW41cXA5cThiaDRmV2dSVTRkbDl6YndaS0lNY05PcGswVkdVR1hheG5lTzRWYjE2N3NCTUJ0Qm55cDJERDBkZzl0RlB5bkJ6Mnk4YjUwRkhHbDRfd0hCc0FDTUNOblJB0gHbAUFVX3lxTE43RGFqSzdPUnBEOFdZeVBkTHNxeEtpTVd6T1F4Ymd3OF9sMTJaZG4wV0gxaExaQ19Gc0xfMURLdTQzdWxFZlVZVjZxTmxsR2Q3WEM0M3NlRzV5bHdkaWNGbXZYd25yQnRhX3hRaGxzbFFMV2V2ZDZDSUs3eTRyUmdsaTZBY0FwQzNYU1pfWnExckhpTU5OUXhDTlhPZDhvTkdqRkpPUng2TFFnY3NhRE1LTTJRRXZGQjVMSGJ3TDE2SmVJWV9aMUtaTy1YVXJERzBKdWVhVG5TWEVubw?oc=5
GRAVITA,Gravita India Limited,Bulk Deals | Gravita India promoter sells shares worth Rs 180.8 crore - Moneycontrol.com,"<a href=""https://news.google.com/rss/articles/CBMi3wFBVV95cUxNR09yS0xtYzAtUVB3WENBZlZuNjRPbGlLNW5nVE82UXhkRjV1RF9JdV85THMtZzVLbl9BOC1zbVItaW13b2ZkTjVSYnlpSkpVUEM4NHloWlE2SE9nQVcxNTlDNklSRmZIRHh4UmtDNEptQ2Vaem9CSy1CRGh4QmJ0MWNBckU1NGtpcDBfeGxzZzB0d0NZaDNOd1hQcTRJcmVEeV9rT2JfNWZzdjhHRVBJYk12dERtcThxZ3R4clBuOU5JMkVWd3ZTNHlSN3p3TURoTkNBdE96eDVwWTFJdDkw0gHkAUFVX3lxTE5jem9JWmRFdi0yeTYyTm5faGFiWFNXTEwzVmY3OWphT1BXaHRObGs2YkNRVlZ6a1NlMEQtQjFWTjdpcDl3cEtmRkg4X1RoYXlnc3lYOVlMUWdjNV9tek1tcFZ4ZEJ3SWFQS3UzaHBFYkxPMmt3T0NCcWphWHNzQkpPUm5KamZQNlJqNm5iMUxteDZYeEJjQnM0LXVrU1VQa1prVm1Kb0FORGVhd2NlbkQtTTFwQ2E3VG5YTXlfLXBQOFNFNUtxSGFQX3JFQ3l6eGNfLVk5Q2d6TUtqbElzaUl3UjhZbw?oc=5"" target=""_blank"">Bulk Deals | Gravita India promoter sells shares worth Rs 180.8 crore</a>&nbsp;&nbsp;<font color=""#6f6f6f"">Moneycontrol.com</font>",2023-05-29 07:00:00,Moneycontrol.com,https://news.google.com/rss/articles/CBMi3wFBVV95cUxNR09yS0xtYzAtUVB3WENBZlZuNjRPbGlLNW5nVE82UXhkRjV1RF9JdV85THMtZzVLbl9BOC1zbVItaW13b2ZkTjVSYnlpSkpVUEM4NHloWlE2SE9nQVcxNTlDNklSRmZIRHh4UmtDNEptQ2Vaem9CSy1CRGh4QmJ0MWNBckU1NGtpcDBfeGxzZzB0d0NZaDNOd1hQcTRJcmVEeV9rT2JfNWZzdjhHRVBJYk12dERtcThxZ3R4clBuOU5JMkVWd3ZTNHlSN3p3TURoTkNBdE96eDVwWTFJdDkw0gHkAUFVX3lxTE5jem9JWmRFdi0yeTYyTm5faGFiWFNXTEwzVmY3OWphT1BXaHRObGs2YkNRVlZ6a1NlMEQtQjFWTjdpcDl3cEtmRkg4X1RoYXlnc3lYOVlMUWdjNV9tek1tcFZ4ZEJ3SWFQS3UzaHBFYkxPMmt3T0NCcWphWHNzQkpPUm5KamZQNlJqNm5iMUxteDZYeEJjQnM0LXVrU1VQa1prVm1Kb0FORGVhd2NlbkQtTTFwQ2E3VG5YTXlfLXBQOFNFNUtxSGFQX3JFQ3l6eGNfLVk5Q2d6TUtqbElzaUl3UjhZbw?oc=5
GRAVITA,Gravita India Limited,Technical Analysis of Gravita India Limited (NSE:GRAVITA) - TradingView,"<a href=""https://news.google.com/rss/articles/CBMia0FVX3lxTE9xdGJUZDF1V0RhS3BNYUo0ZVJKdHlqYUtha3NMWVIwczh3Tl95UnZ1ZUtBZ2ZIaEJLMnlhN2I3U09WdVpuQ3F6dDIweEZUeFYyWjJLVEY3ajVOeWlqSnk1b1pVN2RDOE1iZWdz?oc=5"" target=""_blank"">Technical Analysis of Gravita India Limited (NSE:GRAVITA)</a>&nbsp;&nbsp;<font color=""#6f6f6f"">TradingView</font>",2018-02-03 02:26:18,TradingView,https://news.google.com/rss/articles/CBMia0FVX3lxTE9xdGJUZDF1V0RhS3BNYUo0ZVJKdHlqYUtha3NMWVIwczh3Tl95UnZ1ZUtBZ2ZIaEJLMnlhN2I3U09WdVpuQ3F6dDIweEZUeFYyWjJLVEY3ajVOeWlqSnk1b1pVN2RDOE1iZWdz?oc=5
