Date,Open,High,Low,Close,Volume,RSI
2021-03-04,61.55530086912644,63.511502638056605,61.00234537141375,62.509925842285156,4405806,
2021-03-05,62.19171658845153,62.71858854860676,60.824984389523834,61.03364562988281,3103182,0.0
2021-03-08,61.45096650332615,61.57616181149851,60.303326129447505,60.6163215637207,2199123,0.0
2021-03-09,61.033646392056816,61.7274502187003,60.82498514909212,61.221439361572266,2072412,24.21709095072707
2021-03-10,61.55530172440337,61.8682900000293,61.033645046570264,61.19535446166992,1270998,23.966893450759457
2021-03-12,61.450968700833656,61.73266531813733,60.710220215868056,61.0284309387207,2191581,22.480623450832667
2021-03-15,61.19013623390939,61.33619981010605,59.573006341675686,59.922515869140625,2446740,15.934025092161974
2021-03-16,60.38679565874634,60.40244149128013,59.46868115571763,59.588661193847656,3064050,14.646442262946792
2021-03-17,59.927738897411885,60.141618999551795,59.207851520414756,59.682559967041016,2702394,16.543208539059265
2021-03-18,60.199000372812016,60.30332741055791,59.072221083796094,59.5730094909668,2120733,16.125137607897344
2021-03-19,59.573011322137056,59.95903856688458,57.689837669089925,59.119171142578125,2213361,14.596941734270544
2021-03-22,59.646043169235014,59.67734199793286,58.675765151916536,59.31740188598633,1381779,17.99165772341368
2021-03-23,59.46868377668408,59.67734503323015,58.790532901948616,59.00962829589844,1641591,16.945845743293575
2021-03-24,58.80096561266058,58.97832803461353,58.216711242970185,58.35234069824219,2272986,15.07451762543404
2021-03-25,58.35233667553621,58.649679117497726,55.86925935745239,56.338748931884766,3389157,11.263925583996965
2021-03-26,56.54741381351431,57.882850831704914,56.54741381351431,57.68462371826172,2783457,28.628537542941274
2021-03-30,57.79938115769708,60.06858196080701,57.627237607194466,59.0670051574707,3647655,41.19738945587078
2021-03-31,59.260016697543655,60.110311055327095,58.654897680247444,59.58344268798828,2233278,40.59880763934046
2021-04-01,59.67733982784416,61.34141803924301,59.260017351153195,60.88236618041992,1868265,48.43262631372231
2021-04-05,60.82498196429578,60.82498196429578,58.35233526067595,58.842689514160156,2281572,40.78308967948106
2021-04-06,58.873995229781606,62.28562125113771,58.534916231269705,61.14319610595703,7387119,54.676281281254944
2021-04-07,61.14318904199372,64.88866760595558,60.83019363059299,63.27153778076172,13022739,62.4033370059447
2021-04-08,63.32893068056554,64.05924865267284,62.765544577466486,63.0472412109375,4204521,61.23304436641871
2021-04-09,63.04724070857542,64.11141524637682,62.285623912578046,63.605411529541016,2551086,63.0707146845752
2021-04-12,62.13955902087063,62.14477429840605,59.52084853416353,60.021636962890625,3567960,52.43183189998996
2021-04-13,60.496346148096016,60.68413912468152,58.76966301450463,59.698211669921875,2359341,51.01927293422811
2021-04-15,59.26001730349414,62.911603299288174,59.26001730349414,61.711795806884766,2219157,56.62741930926572
2021-04-16,61.690927178793984,62.880304109786785,61.26838942758895,61.63876724243164,2814399,58.298213111630766
2021-04-19,59.4686807999032,60.33984347243269,58.94702768465005,59.75037384033203,2435319,58.669149206141185
2021-04-20,60.30333326669841,62.48384951876041,60.19900621882117,61.727455139160156,3765483,59.95377962313657
2021-04-22,61.61269265253044,63.62106182790375,60.89802046901418,62.68729782104492,4160763,59.102853328115465
2021-04-23,62.59860668976339,63.381091691182206,62.07695718599314,62.43689727783203,1835370,57.27200609746614
2021-04-26,62.60904312133789,63.31849273606722,62.087386464445565,62.60904312133789,1579140,54.66854465439786
2021-04-27,62.60382071416526,64.89389329588019,62.41081247914687,64.46613311767578,6884910,65.35614030189933
2021-04-28,64.58089822668568,65.12863843613742,64.05924156662137,64.5391616821289,4246722,60.5578850643199
2021-04-29,64.58610888181056,65.19644670057758,62.83334606807192,63.1619873046875,1755639,49.64272598160159
2021-04-30,62.807272576786445,64.00708013563981,62.07173934322472,62.66643142700195,1887606,48.77966667750571
2021-05-03,62.18128903553464,64.89389961883566,61.97262778510269,64.44005584716797,3498480,52.48137975678969
2021-05-04,65.21733069465945,66.9544409331502,64.21574658544921,64.78435516357422,10857852,67.53749331379538
2021-05-05,65.71288845339194,65.72854144924446,64.58090104531951,65.30078125,2164518,70.34091544922362
2021-05-06,65.31122348680475,72.30140059604452,65.00865857807867,71.25808715820312,32080509,76.9434871128998
2021-05-07,72.04057290750954,75.53044621693371,71.98840580236303,73.22994995117188,23645601,79.54788960107574
2021-05-10,74.09588870607271,74.76360897997553,72.51005753295513,72.88565063476562,4620717,86.34526062818954
2021-05-11,71.4667463064767,74.7010060821015,71.16418143699808,73.73072814941406,6077151,85.43269154976207
2021-05-12,74.07501960471309,78.19088351877782,73.97069256661341,76.76676177978516,17190216,87.0233088995446
2021-05-14,77.59097485140458,80.33488408027632,75.43654239122421,78.4830093383789,16413273,89.17475078947555
2021-05-17,79.00988217361433,80.19925195111163,77.33014738100057,78.19609832763672,7067718,87.8419600954946
2021-05-18,78.45693775644428,81.11737429995584,77.84659978569394,78.9472885131836,8007984,87.15205559515938
2021-05-19,78.87424399661028,79.91755728631531,77.86222953248904,79.04117584228516,4805406,87.16579181691232
2021-05-20,79.11943165607309,79.63587310446248,77.94570760413639,78.39955139160156,3384918,90.58081324257118
2021-05-21,78.94727069700241,80.64265117853914,77.62226800229703,77.94569396972656,4257585,90.7824441199344
2021-05-24,78.57168432616434,82.83881952714381,77.88309585288873,82.18675231933594,13092219,91.85525654281064
2021-05-25,82.93794715817525,83.8299817453638,81.86855730572576,83.36570739746094,12247011,92.1637720094303
2021-05-26,85.65576380172392,98.31111404118504,85.55143676507399,95.08206939697266,77120802,94.80454577280089
2021-05-27,97.05915854591292,98.90581824359204,93.16760844356419,95.00383758544922,37462716,93.40199405782037
2021-05-28,96.0888726030437,99.0101372073034,94.94123216952997,97.73208618164062,21911571,93.57952112169966
2021-05-31,97.75817624031009,102.0148816972993,96.53228507159739,100.38731384277344,24260481,95.19893208733491
2021-06-01,100.77332141647004,101.08631683779109,95.7289163918112,97.30953216552734,11544030,86.10221817156386
2021-06-02,97.17912553417072,98.01898575034733,95.56721086921074,96.00540161132812,6552828,81.1066129186257
2021-06-03,96.40185356546063,98.6971414219428,96.062781753329,97.09565734863281,5584149,80.71625004438224
2021-06-04,97.13218097128562,98.84842996381009,96.12017354894334,96.91830444335938,5427801,81.00918337767446
2021-06-07,97.23650853064333,98.48847594709194,96.08886815031094,97.18434143066406,4818006,80.69899746560249
2021-06-08,96.82962431278546,97.85728474318984,95.78109560796145,96.51141357421875,3985560,78.84586265651734
2021-06-09,97.01741144947316,97.01741144947316,93.38669727505982,95.108154296875,5118309,76.91143531095676
2021-06-10,95.67677093613759,99.50050084371708,95.14989893183814,97.35649871826172,11257785,79.55524474549651
2021-06-11,98.07116163725995,98.8797302627077,96.193203192445,96.42794799804688,4177017,74.11663808776669
2021-06-14,96.91307644507248,98.17548150042688,93.49623190511554,97.09043884277344,5344884,73.65582461535064
2021-06-15,97.53906970440192,99.99085185187664,96.54792342504649,98.60845947265625,14364027,59.37328260281468
2021-06-16,98.60845943552016,99.0831714653621,96.63138931881072,96.9130859375,4228830,54.67311587244854
2021-06-17,96.50619613154126,97.1321798755,94.34132583340015,94.7169189453125,4927761,42.42264930029089
2021-06-18,95.57243651928152,96.50620048170467,89.40125851948085,93.44930267333984,6616791,31.257035987569253
2021-06-21,91.81130258808729,94.93079799977244,91.11749872626415,93.81967163085938,4050531,38.956763581845976
2021-06-22,94.82646394581701,95.66110889830401,92.3329524790748,93.1832504272461,3363210,40.675621377367804
2021-06-23,93.79358102493292,94.33089069714966,92.27034754115094,92.78678894042969,1953918,35.07946739934482
2021-06-24,93.53277058988984,93.58493053246016,91.58177668800026,91.88955688476562,1936224,33.41362365346792
2021-06-25,92.5311740648583,95.7758716520974,91.81129388296037,94.70648193359375,4288941,43.00441217142419
2021-06-28,95.35855551164623,96.96524783459205,94.24221389684385,96.37577819824219,7616979,49.63746511891585
2021-06-29,96.80875514988341,97.44517662117593,94.94123444830487,95.41593933105469,3686625,50.84264147695989
2021-06-30,95.67154561736191,95.9219434175476,93.59014121546947,93.95008850097656,2302857,40.256605763133074
2021-07-01,94.46651876781327,94.62302007273944,92.75027700176165,93.19889831542969,2666538,40.669241066468196
2021-07-02,93.27194445946428,100.99243998707476,93.27194445946428,99.95956420898438,26583822,56.13023559697347
2021-07-05,101.19064714103138,104.94656366296446,100.67942819472388,101.74882507324219,22059540,56.63289313219184
2021-07-06,102.0305185842958,102.87038599085034,99.04664922186515,100.24124145507812,6739497,57.08574138866419
2021-07-07,100.62726103626912,101.02893767060141,99.1248958611488,100.0064926147461,4566960,62.2879257657323
2021-07-08,100.15777708262053,105.16566844409648,100.00649821758738,101.52973175048828,14175990,68.55089349645559
2021-07-09,102.12441523471837,103.18337443905808,101.36802092007754,102.02008819580078,5250924,68.72320671136497
2021-07-12,102.81821672455511,105.66645299641296,101.63406223484093,103.93977355957031,15889455,73.19982689140069
2021-07-13,104.73789815826728,116.32907323707394,103.60069555929859,115.08232116699219,79091919,82.85671946402414
2021-07-14,113.62168205855895,117.58104425733141,112.26016528084298,113.85121154785156,38901987,82.04930137604914
2021-07-15,114.08596386111323,122.06728643575902,113.96076855461396,120.25714111328125,47307375,83.75136004140896
2021-07-16,121.12311071635132,126.24054487925477,120.81533767975729,124.32606506347656,41765841,84.7200503433622
2021-07-19,123.61139565686763,146.68942952856628,122.4063799430327,138.5985565185547,109535976,90.30967913961685
2021-07-20,141.3685242955454,147.10673319807074,136.3189038999673,139.0523681640625,59364855,92.91242089907776
2021-07-22,139.79834045953558,141.22245498155567,128.90619118203387,129.94427490234375,17742690,80.16443386470313
2021-07-23,129.91820613200377,130.98759590548607,120.92487569003939,121.52999114990234,15854463,67.23922228109659
2021-07-26,121.66041585258468,133.23072510996752,117.89406813237608,131.37364196777344,23955102,70.97585956542032
2021-07-27,131.56142126416748,134.3626986838075,126.24053439303673,129.6938934326172,11767698,70.80323926329586
2021-07-28,130.11120648284202,130.11120648284202,124.68600012776287,127.6959457397461,5096664,69.08253546554229
2021-07-29,128.327176332136,132.29174765616114,126.34488350627986,129.38092041015625,6235110,69.15130466132065
2021-07-30,129.66258333382717,132.6047304635849,129.21918446642414,130.28857421875,5331591,69.32733268394341
2021-08-02,132.07263099090662,134.16968831009066,131.22755546140408,133.27244567871094,6336738,69.76727350802456
2021-08-03,133.90885743771585,134.936510585577,131.56140966154896,131.91091918945312,3300381,63.06283855473858
2021-08-04,133.371560805324,133.371560805324,129.19309211825706,129.8295135498047,3307446,62.24122443807366
2021-08-05,132.44011517823554,133.64990076120864,127.34625506554998,130.5139923095703,4634163,58.612998151556006
2021-08-06,131.00748922114178,131.75564083676454,128.88504476320122,129.20872497558594,2080584,54.299690251383865
2021-08-09,130.31768504095032,130.31768504095032,126.40178129801282,126.73076629638672,3056121,36.809073457264475
2021-08-10,126.81565976596602,127.73892803757444,117.79530747485974,121.01079559326172,5238837,32.048483582346066
2021-08-11,120.97895107298557,121.3928274118039,113.66715275642267,118.80345153808594,7532532,37.150170486284544
2021-08-12,119.54631115153228,124.02466204089166,119.01039526302117,122.20997619628906,4705164,50.88672906048128
2021-08-13,119.9177442069932,122.57078513220948,119.9177442069932,120.94181823730469,2054637,32.47743616846226
2021-08-16,121.18058093697536,121.18058093697536,117.9120305735898,118.54875946044922,1862145,31.717384301191487
2021-08-17,118.52754952525702,118.54877601049249,115.63042211971539,116.09205627441406,2390094,31.24708554868623
2021-08-18,115.03612940525963,124.69322482394807,115.03612940525963,120.32099914550781,6987546,36.4708091251419
2021-08-20,119.28100849828937,121.93405672201153,117.27530611061012,117.83775329589844,3733551,32.24277079776165
2021-08-23,118.91488177006376,120.19365166974447,109.63452206418107,110.33493041992188,4713624,21.021958596546696
2021-08-24,110.89738547403763,114.54267166015437,108.589229359109,113.57695770263672,5550030,27.888463151533188
2021-08-25,113.74144961945339,115.88511322074244,113.01982201984616,114.36756896972656,3239460,30.752980559126456
2021-08-26,114.82388591567677,118.20386638233177,113.23736476956573,116.90387725830078,4305618,33.804786811891475
2021-08-27,117.57244476212257,119.38713060467609,115.82674317038904,116.61734771728516,2787795,34.6447390285671
2021-08-30,116.73408683108234,128.40749478550933,116.62796898145626,127.05443572998047,13830570,50.33054925218141
2021-08-31,127.74953960394247,129.30952956245457,125.47322683344267,127.17647552490234,6312555,57.10964049050351
2021-09-01,127.45238897429833,128.40748598957086,124.79404338772254,126.56626892089844,4923117,59.29361143678461
2021-09-02,126.49729574423226,128.0891290085272,125.22383787697089,125.55811309814453,2952909,54.25258543651292
2021-09-03,125.96668202545806,131.02869916688442,125.22383526180855,125.66954040527344,8508429,56.1866333130464
2021-09-06,126.48668865954656,126.70954852717438,123.63200706976525,123.93975830078125,3572892,57.179212856987554
2021-09-07,124.26874048366028,124.67200724126087,120.5173292827379,122.08792877197266,2743488,58.115467520926046
2021-09-08,123.10139649742891,127.16586383121049,123.10139649742891,126.20015716552734,6633045,57.982714665600355
2021-09-09,126.28506145999508,135.30542091090553,125.98260045735644,131.7609405517578,22995036,67.44679842157211
2021-09-13,132.01563630844043,133.50132979915477,129.47931571422723,130.32298278808594,7170264,79.53581446106948
2021-09-14,131.11890919828184,133.18297155747828,129.59605293787183,130.49278259277344,5378841,77.49222112802882
2021-09-15,130.52992072452196,132.36051348739102,128.51360171238926,130.26991271972656,4755303,76.33099392569244
2021-09-16,130.4238116679596,132.33400579397752,128.83197837173648,130.63604736328125,5507982,74.49825549409792
2021-09-17,131.27277920318758,131.48502946503046,125.52097782018467,126.21076202392578,5123979,64.91254286044997
2021-09-20,123.95036656423345,127.77075477441359,122.57078355207112,122.87322998046875,3023424,41.659617922022974
2021-09-21,122.25242093085507,124.69322609303698,120.16181995928123,123.8071060180664,3016143,43.48986280110288
2021-09-22,125.43606117839128,126.391158127906,123.37730376765299,124.18382263183594,2015154,45.35483717415493
2021-09-23,124.69321059978486,127.3462511222043,124.3748498177088,125.5262680053711,2514429,49.938709150691494
2021-09-24,126.39117927137855,126.5715861792748,123.41977737752113,124.31118774414062,2011437,47.492178287161806
2021-09-27,125.43076982148916,135.04010770608602,125.43076982148916,133.48011779785156,22525848,63.818009113335
2021-09-28,134.77481381033297,137.417245186424,131.7556396564213,134.9605255126953,12306789,68.84711407101918
2021-09-29,133.18296005811277,133.28908517851025,130.5564434831998,131.72909545898438,4202271,58.30938248667004
2021-09-30,132.39236957750944,132.86461329687194,129.99932218539126,130.66258239746094,2666295,48.091470078698826
2021-10-01,129.89319040291502,130.42380146012692,128.1952466787357,129.36257934570312,2639547,48.32314376509254
2021-10-04,129.4687146221695,133.03971901020563,129.4687146221695,131.32054138183594,2291364,51.360318363846545
2021-10-05,131.03931852331053,136.00582050273846,130.00463486157037,134.0797119140625,6094863,55.77916769282332
2021-10-06,135.94212544067904,137.78864715167217,131.28868028586524,132.53561401367188,7195266,52.78206978483151
2021-10-07,133.96827155214845,134.19643620907377,131.0605420970042,132.91236877441406,2458512,61.135596490636466
2021-10-08,133.81970346540993,144.85638139206858,132.8539968793817,142.03883361816406,28426158,76.70803028975658
2021-10-11,143.40251470371547,153.8767536971872,143.26456077180367,152.24777221679688,26071776,81.49232623896583
2021-10-12,151.11757966115476,155.93550316184124,149.87595061844354,154.70449829101562,14759802,82.3073193202713
2021-10-13,155.99917771160293,156.8481641898792,150.07757900226187,150.84165954589844,6940944,75.43988533977232
2021-10-14,151.7543099927309,153.02778247685544,145.51435020029496,148.21514892578125,6421581,73.35888256934139
2021-10-18,149.63186749514318,152.39103335483605,147.2228912366808,149.6636962890625,4310739,68.62477834271824
2021-10-19,150.84165199130445,150.84165199130445,143.29107224056992,145.49310302734375,5097654,61.41456969412341
2021-10-20,145.49311071047265,147.40330478795642,139.13641643306238,142.54823303222656,5004108,61.798407561172446
2021-10-21,143.66251250821773,145.16413497491402,141.19516886606382,142.99925231933594,2569968,63.63635136994989
2021-10-22,143.79516480143914,148.01351485229563,134.38745327745272,139.9588623046875,4477590,61.27866856626473
2021-10-25,141.14209771702173,141.4816922761666,133.88867447277528,135.67152404785156,4652730,54.41238002923986
2021-10-26,136.8972280976323,146.44819783871418,136.8972280976323,144.7449493408203,6397272,59.58784806098191
2021-10-27,145.70534832748717,146.45349983696602,141.19516178105823,144.6812744140625,4807377,61.217296308843814
2021-10-28,144.6653613287328,144.6653613287328,138.48907380379526,139.96417236328125,3368277,56.02940474261456
2021-10-29,139.019678779428,145.38699709501884,134.90745388536143,140.52130126953125,5024880,48.47970385616185
2021-11-01,141.9274174842917,145.1428980294886,140.72822688316168,143.51393127441406,3479022,39.771293981411155
2021-11-02,144.21965140365643,145.0633185029341,142.37312950903245,143.09475708007812,2449575,35.72171708110925
2021-11-03,143.77393876817575,146.10861865410814,141.7788388797596,143.49801635742188,4805235,40.12836106832181
2021-11-04,144.75028338477097,149.10128320962338,144.53803309269838,146.6923065185547,3935475,47.98370820226558
2021-11-08,147.89678783731745,149.10126877946794,146.66046352498742,148.5494384765625,3745593,48.540478613646556
2021-11-09,149.29226818038183,150.586959711732,147.9339044895901,148.28941345214844,3424509,54.08083963410751
2021-11-10,147.50943710631898,153.16573785154844,146.55434002104525,151.24493408203125,7691949,62.68772341930771
2021-11-11,151.9665583947583,151.9665583947583,148.8890169318871,150.9371795654297,3245247,61.62935223287498
2021-11-12,151.7543000229597,152.2849110942147,149.63187031156366,150.411865234375,4246452,66.53235771102015
2021-11-15,152.1787886467939,161.83588408128,152.1787886467939,158.20651245117188,22166001,82.08185706620556
2021-11-16,159.384469109639,166.39913330287612,159.384469109639,165.3432159423828,17690328,81.03610956560924
2021-11-17,165.78892516255334,168.4685046234297,163.55506543208483,165.56076049804688,10701756,81.31463246514411
2021-11-18,166.2930114277969,172.43747007273208,160.73222643946704,170.1558380126953,16249761,95.44719749620668
2021-11-22,173.18561900537676,174.03991028011487,157.59631525491355,162.81752014160156,15822225,77.87209172351254
2021-11-23,161.3052668160392,171.38684781374457,159.69751923832774,169.81094360351562,12193830,79.88420181968569
2021-11-24,171.72644326624746,174.03990400311915,166.18157296053457,167.1791229248047,9542934,76.05922192471256
2021-11-25,167.460350014525,171.38686347508474,166.6113780699783,169.704833984375,5034213,77.11052952263091
2021-11-26,166.61137655580958,168.07586553442454,159.71346135202472,161.13548278808594,7411725,63.44593346837773
2021-11-29,161.7297568794798,167.4603389882837,151.28205704386139,162.19139099121094,9320067,62.89235983631166
2021-11-30,163.83097693984243,169.47665294198106,163.04566266469016,165.5342254638672,11965131,65.39992303826611
2021-12-01,166.82362601700322,177.7541797281125,164.6587286428806,175.30276489257812,22664061,69.1534247813455
2021-12-02,177.64802847767328,205.77032527330627,175.3133487191219,201.52545166015625,62825058,78.51075338631269
2021-12-03,203.32954234248442,206.693615719198,195.26428014958333,199.24916076660156,40485087,76.99121954971245
2021-12-06,200.5650617750863,208.4233926948112,193.67243743688832,196.150390625,30585879,72.11878279760721
2021-12-07,199.78507232830958,209.0601200062718,197.28589987631895,206.41238403320312,17859528,73.09896933369973
2021-12-08,210.01522213145464,223.81106654455564,208.3119735285165,218.2874298095703,40911408,76.21762473363142
2021-12-09,219.45476473236096,221.67802941490928,213.94173754046935,217.19436645507812,12878955,74.23323425854667
2021-12-10,215.31071047203574,229.22328972398606,215.1196939786573,223.05230712890625,25770123,81.512324504985
2021-12-13,224.87227530913157,232.2477528795138,219.67230450298993,224.10289001464844,20236716,80.2865223465946
2021-12-14,221.79476463114733,246.52116266044814,221.26415354258785,243.15708923339844,38195784,85.82078084866748
2021-12-15,246.05420807942733,251.90152470639313,231.99305156141702,235.88243103027344,49438809,79.86303401592313
2021-12-16,235.80283319851185,237.7077223940557,221.67269952318776,223.75799560546875,16864524,77.38028315976376
2021-12-17,222.85596458274995,224.30453907143817,206.1417668747031,207.8131866455078,14297877,67.64923043648267
2021-12-20,201.6315859910549,206.37522747899678,191.55000523413983,202.76708984375,14780682,64.21653947427143
2021-12-21,206.58749876649546,208.84789710438665,196.32551008273,197.35488891601562,7851897,58.70986685283612
2021-12-22,198.9785519381333,204.8152595093995,197.4928437614315,200.14059448242188,5871564,49.32875452375874
2021-12-23,202.80422561880036,204.2846288544067,197.05242453588895,197.74752807617188,4634910,49.27297600749164
2021-12-24,198.59650492351636,202.58669023455195,194.5214282542135,197.4026336669922,5525442,50.622890636989865
2021-12-27,196.32550689380324,199.38711934698,193.14185490938868,194.7495880126953,4029192,43.7235883528362
2021-12-28,212.2437852502209,215.215186818003,203.46750532181338,205.23973083496094,18601326,42.872045016381655
2021-12-29,206.30095349761652,208.52950832258657,206.08870324113187,207.3250274658203,4303980,44.666206733442195
2021-12-30,206.36993873848917,207.26136361896607,201.63160168069103,202.78302001953125,6434955,38.88759131317302
2021-12-31,203.74341215233167,205.6642157498032,202.9050498780665,203.5948486328125,3049884,38.72718601663292
2022-01-03,203.754033957988,204.38546538783487,201.80140144946898,202.26832580566406,3950694,22.083754383259958
2022-01-04,203.31893789176863,204.60301994557688,200.3581311931442,202.708740234375,3166245,25.019986804917068
2022-01-05,203.2022064383817,204.4703595410848,200.78263496702343,202.33200073242188,3143358,30.39807087313261
2022-01-06,201.27077938157188,206.61931386473168,199.69486057934387,204.31117248535156,5538114,45.696410837991166
2022-01-07,206.83156874641261,210.65195685137738,205.0274998243179,206.84217834472656,9942858,55.337792003095565
2022-01-10,209.06012173601536,209.52706064662206,204.7674899556976,206.216064453125,4355451,63.27081301400103
2022-01-11,207.25076871037612,212.0315590747616,206.35403896707643,207.50015258789062,6195654,61.541023712032896
2022-01-12,209.2723806682052,210.01522745777672,205.19198440401718,206.5291290283203,3570975,64.41388575404345
2022-01-13,207.46831929999064,222.12374612277424,205.08057656929316,212.94419860839844,37368864,71.27089222585323
2022-01-14,212.94417506554603,220.41515367215976,211.04459069005136,219.2053680419922,12496032,80.46265301328111
2022-01-17,219.88455838090698,220.93515632777874,216.62661026647723,217.3800811767578,5362749,69.28525097513372
2022-01-18,218.38823207954397,221.5825081193659,211.32051997759996,214.4033660888672,8796375,60.93444602949066
2022-01-19,214.4723588612202,227.63146782096553,211.8193032976425,225.49842834472656,17419707,79.18202044556833
2022-01-20,226.6763732130761,231.8551254880002,224.76617901584896,229.83880615234375,13169817,80.91251300359967
2022-01-21,226.87268655039432,232.91632458371578,216.24988478352304,218.60047912597656,16011225,65.59585277817118
2022-01-24,218.39886278357127,219.84742275086026,204.2846427803506,207.63809204101562,11302407,53.91949178247397
2022-01-25,205.34586541886762,213.88867628857798,197.99162106045165,210.4078826904297,10127430,56.18598934383942
2022-01-27,210.0152171409071,214.8915225220369,207.57441205080798,210.91725158691406,9324216,55.1767084945963
2022-01-28,212.7743876280214,217.958444334949,207.56911172436247,209.1715545654297,6844770,51.84811058301111
2022-01-31,211.88298097024992,213.77195599765002,206.51322668319608,207.27198791503906,5319927,50.82116885764485
2022-02-01,208.8478849968921,213.72948061632025,205.02749694556863,211.38949584960938,4603707,52.896988537612486
2022-02-02,212.34991855116013,221.49231803412096,212.25441758465658,220.526611328125,9612252,59.29528652847714
2022-02-03,220.7335457320809,235.48448757749898,220.52660026339348,232.6138916015625,22956201,62.14693662937357
2022-02-04,236.12121777232935,238.710586449031,231.02735720616738,235.59060668945312,14280255,60.54646365142612
2022-02-07,236.12121731722132,236.12121731722132,223.79515205316665,226.70289611816406,10955826,55.5005997740629
2022-02-08,228.58655613908624,231.6800119579293,217.56050165223485,220.46823120117188,10942398,53.445884544007036
2022-02-09,221.7947512202777,243.00851101332202,213.83559994676156,237.17710876464844,47493864,56.23758593475202
2022-02-10,239.18812177651265,246.73339667678547,238.77955024507446,241.86239624023438,22831092,56.39822910262169
2022-02-11,238.77424979579598,245.9905252797368,235.86650583256923,241.04525756835938,12689658,63.43369525092975
2022-02-14,237.71302379893615,238.3020022153262,224.98901180621274,227.58900451660156,11149164,61.59492197677403
2022-02-15,230.17837855655674,234.74161333247127,223.1000423664936,232.55551147460938,12387987,62.55112006268872
2022-02-16,232.40694384848086,242.790971861913,232.200012955452,237.52732849121094,13377393,64.35400956627782
2022-02-17,240.57833076741497,248.74973280879226,237.3946788012139,242.24444580078125,21081060,67.28604475670505
2022-02-18,243.45954014075613,246.7334174670351,238.77957036511708,240.13262939453125,11531475,67.13708698765318
2022-02-21,239.62324661637473,239.62324661637473,228.2682065713086,229.6106414794922,11159685,58.907457078063516
2022-02-22,217.1837631854385,223.9172004466487,215.42745194813472,219.05682373046875,10089477,49.29130653457106
2022-02-23,222.31475487656527,227.9763602654404,219.88457383439433,220.5000762939453,7676118,43.49090298490452
2022-02-24,211.07643016263776,213.3049848992407,197.26467227674192,198.96261596679688,18210141,33.591625430160235
2022-02-25,201.32385744607961,209.69687128056637,201.32385744607961,207.2189178466797,10405917,41.222033465798916
2022-02-28,203.54178727412767,209.95154389353488,200.7666924153087,208.35971069335938,8849700,44.28241557321676
2022-03-02,204.2846305559474,215.26294113244248,203.86544942344807,213.22540283203125,9092043,37.26585984340657
2022-03-03,218.08049261372165,223.9172001641968,216.49397868016933,222.0547637939453,8640846,39.913550020318766
2022-03-04,219.3539571265143,226.67635800899228,219.15762126150153,221.30128479003906,9863271,39.93944419970072
2022-03-07,218.61108922446172,220.0967972973856,213.41111825604003,218.3882293701172,7498773,44.747364195711214
2022-03-08,221.58251188824164,226.88860814087232,219.78905254988965,224.9837188720703,6868080,45.75626594847809
2022-03-09,228.16206913856234,235.5375472576876,227.00004119887555,234.3914337158203,8083413,48.32568932906999
2022-03-10,241.74568122258898,281.265474464795,240.36609820018083,277.9809875488281,65631258,63.48347506728985
2022-03-11,283.87608750817907,304.3575979092755,282.1409808501076,285.6005554199219,87032268,66.47060085087264
2022-03-14,287.1658130990428,330.4635521970662,286.01440942253544,321.5970764160156,68063517,78.13005382691674
2022-03-15,330.56968910267057,333.222729863579,298.59515860766334,311.83917236328125,33900858,78.51224455154265
2022-03-16,316.40243244101794,323.14118915759866,310.40655168059357,314.6036682128906,14793219,78.68532877060093
2022-03-17,316.2432290809698,319.0130045248379,295.07722696629764,299.9641418457031,22806297,82.13959009621237
2022-03-21,286.5291425235216,313.9881853486924,286.5291425235216,298.6429443359375,15650502,80.43524132601223
2022-03-22,303.14780243632003,308.03471769272306,298.94538118206043,304.3098449707031,6404940,81.00757808863327
2022-03-23,307.54124563697025,310.0881613509265,300.4894477966223,301.6833190917969,3792807,79.0061536989741
2022-03-24,299.4866254650314,301.4286484486387,296.08009889717516,296.8919372558594,2483190,75.20732380855561
2022-03-25,298.40414197596726,299.26375264046504,280.73484651605054,282.05609130859375,4445568,68.69083283206352
2022-03-28,282.0720109490318,294.4245861143086,276.7393759277995,281.14874267578125,5085117,69.54912894562909
2022-03-29,282.8519993829939,289.71279574008906,282.0720189658208,285.8446350097656,2553717,69.184457081511
2022-03-30,289.29888079539353,305.31267023717743,286.5291052738624,300.5212707519531,4573713,70.17515422019656
2022-03-31,301.8106734004481,305.63106167133986,292.89642438595087,300.5372009277344,4336740,59.373763476206996
2022-04-01,299.2637420222432,299.470658334828,294.1698815438302,297.7514953613281,3606015,55.260975638116044
2022-04-04,299.24785797956,300.76007564662126,290.349522923867,293.24664306640625,3780225,33.12276155452987
2022-04-05,294.29723132495417,295.745791276138,288.2482737164159,288.8691101074219,2745333,35.389817480205835
2022-04-06,288.43930133904263,291.62296780246356,286.5291072904397,288.805419921875,2308857,33.00711389672287
2022-04-07,286.54500442445186,289.39438092825173,281.7536051941725,283.5841979980469,2686338,37.68252304286004
2022-04-08,284.9372755106385,291.30457899701,282.40624519499823,287.1180725097656,2736294,41.61258240345121
2022-04-11,286.5291269562493,287.80259945847155,283.0271140092007,285.7809753417969,1532448,35.608317467782186
2022-04-12,285.57399837198926,293.342118569616,281.43523505664626,286.81561279296875,3716601,38.159193750428365
2022-04-13,288.4392970754967,289.3147929524159,284.9372844205721,287.3091125488281,1379502,41.807277827755854
2022-04-18,285.57403161681276,285.57403161681276,280.1618244568819,280.27325439453125,1348863,48.24121540986725
2022-04-19,282.6768667806001,283.24993077675094,267.729605428581,273.078125,1595313,42.916976458665
2022-04-20,273.476124742155,283.90259089033435,265.8353485365278,268.4140930175781,2790102,34.69385786257905
2022-04-21,270.92918492884144,273.6034741387119,267.42717215212275,267.8410339355469,1943097,11.854345871560938
2022-04-22,268.38227843442803,276.6597767130971,266.47208428186985,267.6977844238281,2144571,11.78213784942173
2022-04-25,267.411248900231,267.411248900231,258.51291480512964,259.6749572753906,2211912,10.501976654957843
2022-04-26,261.6966090696622,267.42719175001974,261.6966090696622,265.15087890625,1557903,21.43092097096924
2022-04-27,262.65167236328125,264.75289740108633,259.7863813920455,262.65167236328125,1401450,22.282083000205844
2022-04-28,265.4214535107676,276.97813317259073,262.1423007085893,273.4920349121094,4050606,36.81471402963049
2022-04-29,279.27037937799787,294.1698996029204,277.61487389220093,286.3858642578125,15336075,52.13078500993151
2022-05-02,283.3773101177235,295.76171398748284,278.888342264835,283.52056884765625,6195165,47.23583660242598
2022-05-04,285.6695380038348,287.8025920022136,267.427178230785,270.03778076171875,3527298,39.806231190731665
2022-05-05,274.43123743101455,277.9173359443513,264.4027180887514,266.6631164550781,2032455,37.334988356406356
2022-05-06,259.7864043166943,265.19861135754223,256.45947895354453,262.12640380859375,2414850,34.939100222996814
2022-05-09,261.6488559284933,262.14231886535794,245.49177760950568,247.60891723632812,3903120,32.06922465849533
2022-05-10,247.68851915060395,255.96601746223988,238.8061133911072,239.99998474121094,3375420,31.9241909820782
2022-05-11,241.1938463942904,244.60035820472172,222.39435198556876,228.36370849609375,4704357,29.66378806731987
2022-05-12,230.8151191774914,235.27222891067257,224.94126373097637,229.6689910888672,5733786,30.760608900572606
2022-05-13,233.04367344983694,237.5007977452768,223.20617120505756,225.14820861816406,3978462,29.460598272631074
2022-05-16,223.20617589716704,232.4069421292613,219.67231975496424,230.0988006591797,3107517,35.28668489172678
2022-05-17,229.2232825558797,238.1375164640671,228.92083614074897,236.49794006347656,3285996,35.87569886293974
2022-05-18,238.13752231901486,245.10973358290266,236.86406446471372,241.48036193847656,3082602,39.81311704816857
2022-05-19,232.40691916820973,235.4154832987485,229.1595953742807,230.2738800048828,2322345,29.277967568409125
2022-05-20,236.19550462484793,236.75263971574344,230.003288165072,232.9481658935547,1722558,21.59416883192516
2022-05-23,235.2085573675032,236.43427202021581,229.74859282919002,231.05389404296875,1358994,21.81941773098866
2022-05-24,231.91348193265804,232.40694485739746,225.29147472262053,226.35800170898438,1213320,24.093648097629355
2022-05-25,228.47511299185132,228.47511299185132,217.4437543437438,218.7967987060547,2041305,22.953753622226273
2022-05-26,217.98499032868332,219.67232458776772,206.93770193330823,211.17196655273438,4260207,22.17972463563342
2022-05-27,213.84620674888419,218.08047097383383,211.76091071643674,213.14581298828125,2770863,28.197358554386952
2022-05-30,216.48866701312218,221.85313065820725,215.2151945788124,219.3539581298828,2670654,36.70288019189487
2022-05-31,220.9457696425154,241.28933882608007,219.30619324659887,240.63668823242188,9407385,57.030816213214884
2022-06-01,251.19050552829418,253.97619533519747,234.63549608012136,237.7077178955078,8770374,54.52103585310002
2022-06-02,237.8191606014741,241.00281251202608,232.50245476977645,237.9942626953125,4029660,57.58601133091279
2022-06-03,241.92609104027355,246.09666895387653,236.22733740973536,239.9522247314453,5402556,56.03196552959722
2022-06-06,241.63954860873045,242.56280227011075,233.99877236813816,234.87428283691406,2314728,48.98970411189895
2022-06-07,232.39101645958206,233.23468352964215,229.3506233837979,230.54449462890625,1612470,43.139604805980156
2022-06-08,232.56612946985135,232.6934737988273,225.72126248521164,226.6286163330078,2142483,47.482980066638405
2022-06-09,224.41595234873057,235.19263700082493,223.82698849399088,231.9612274169922,3623439,49.342659946648546
2022-06-10,228.58655347469997,230.0510424043177,226.51718626961141,227.32901000976562,1532889,47.606379119174505
2022-06-13,222.8082121136762,225.00492349065286,211.39479163794746,217.28456115722656,2780718,44.54439945796027
2022-06-14,217.28457633146144,225.30738562809648,213.44827377850248,214.1645965576172,2751492,47.057644487280186
2022-06-15,216.1702888058526,217.7621220412216,213.30499772636284,214.10092163085938,1737165,52.05815925386795
2022-06-16,217.6666104141155,218.908239485561,197.38672720833614,199.31283569335938,5220966,41.76304154650472
2022-06-17,198.66019330445812,199.44018828415867,182.23252638823755,185.98924255371094,7482222,31.68472794501473
2022-06-20,185.92555530530868,187.72431938960403,174.782752047331,176.3109130859375,5723601,9.533362949868305
2022-06-21,178.28477586590245,198.9785342135853,178.28477586590245,196.28834533691406,13124043,28.545515476384296
2022-06-22,195.7312254812565,195.7312254812565,186.62596002542216,190.04840087890625,5465634,26.60763771222402
2022-06-23,193.81058025575226,199.7389030450813,188.92459911560027,191.48159790039062,6380049,26.229893139052137
2022-06-24,193.15913595613108,196.74217903555018,190.4067007666613,193.6640167236328,4537494,29.199673449269113
2022-06-27,197.19822178989116,201.1558698967915,195.47184558824577,197.78453063964844,4058037,33.4298440120493
2022-06-28,196.09071844036933,197.55651281016236,193.12654953417763,195.3252410888672,3040662,33.929799593477966
2022-06-29,192.18192937682383,195.91156064455652,191.13958773003017,194.3154754638672,2138217,29.776196040936284
2022-06-30,195.764992772347,203.191690830743,193.43601017832862,194.4294891357422,6884964,31.42417557347534
2022-07-01,193.79430521812432,197.05162113552134,191.02558743387846,195.45553588867188,2335920,36.27731396651388
2022-07-04,194.46206930506963,197.70310279943195,193.15914583779227,194.4294891357422,1824312,37.258194749354814
2022-07-05,195.19495971656752,198.56628394852953,193.48486620215454,194.51092529296875,2485326,37.35478464573304
2022-07-06,194.9832350937471,199.93436184385715,194.0060388284513,198.98973083496094,3512970,49.759418578043935
2022-07-07,200.97671176371264,211.66072569589562,199.0548844108129,210.01577758789062,8559465,68.52376050679669
2022-07-08,211.7258609481464,213.0287843223484,203.14281352050162,204.657470703125,4342779,73.41403359827865
2022-07-11,203.58254970451898,208.4359657604097,200.35781396713554,206.23727416992188,3466968,61.805836964642225
2022-07-12,204.55974178347762,216.59554117565028,203.2568184304824,214.23399353027344,6541191,77.5509962861542
2022-07-13,216.5467080438266,222.6704676041487,216.5467080438266,219.0059814453125,10656852,79.13792457316538
2022-07-14,219.0059844075397,220.09718895548573,211.88873090216742,214.5597381591797,3285972,71.1089106102711
2022-07-15,214.98318665290626,216.30240762624564,209.1851542612421,211.43270874023438,2759799,64.06983961791947
2022-07-18,212.0515962153367,215.50436341932038,211.72586908697303,213.7454071044922,2705295,69.04682564476379
2022-07-19,212.9636552351187,220.19490213733746,212.05160432996655,219.1199951171875,4522455,73.5248736412253
2022-07-20,221.4978400928386,223.76167726657985,218.40338007305468,219.47830200195312,3334050,73.64698839228326
2022-07-21,217.91478390586045,221.1721000701996,217.2958948783943,219.98318481445312,2678541,73.38509900497483
2022-07-22,221.17209287451794,223.7616720387878,218.71281947411515,220.06460571289062,2324967,74.88929600108563
2022-07-25,219.8691693739359,221.80727936167628,215.2112042804582,216.8887176513672,1739499,70.49521366408136
2022-07-26,217.1655911685481,219.21769441540675,214.0059858787436,215.01576232910156,1859919,65.41353537938815
2022-07-27,214.65745989890692,215.60207603504512,211.85616183737227,213.37081909179688,1048635,53.93730848517234
2022-07-28,214.65745889160803,218.89197122175142,214.34801439063278,216.20468139648438,1904946,64.40472519482101
2022-07-29,217.9310543211892,222.5401714207944,217.05158362846646,221.0092315673828,4083717,67.05529425071006
2022-08-01,221.8235496190661,227.34470248886444,220.19488422574148,222.14927673339844,4707636,60.85790548019297
2022-08-02,221.79098370438095,232.21441605196586,220.19489837534175,229.39683532714844,9245460,63.34728479604169
2022-08-03,230.6183266976866,230.86262577257824,221.56297829792592,223.7942352294922,5131149,61.51969909813192
2022-08-04,223.12647626669093,226.02549981476812,215.96037527023344,217.52389526367188,3807321,57.04596560963297
2022-08-05,218.63138963823954,220.71607309148274,216.22096414422995,217.0841522216797,1992042,54.03701221834197
2022-08-08,217.08414973612,217.75190152796364,209.77147510470846,210.40664672851562,3923946,39.78615674540997
2022-08-10,211.40011487997612,212.9636348277928,209.13627791877843,209.9994659423828,2126940,38.90156380924136
2022-08-11,213.02878588040576,213.02878588040576,209.80403522206814,211.3512725830078,1793781,40.089743980541805
2022-08-12,212.2470383190179,215.53693459371877,210.97668011727706,213.50111389160156,3003864,42.80615785996805
2022-08-16,214.3642980483308,216.6118525315085,214.0059907484644,215.3089141845703,2192937,48.21494088308478
2022-08-17,216.38383867991223,218.20794045884182,215.06461768829078,215.63465881347656,2018217,50.724643377552766
2022-08-18,216.18840152239426,216.61185425188748,213.3708208093234,215.1134796142578,1889079,52.095563585814304
2022-08-19,215.63464958603848,217.21445221823768,212.08417177609533,212.91477966308594,2936130,45.982495728279446
2022-08-22,211.72587387755712,212.37732814902452,205.37409781033872,205.74868774414062,2318586,32.380622181443925
2022-08-23,204.2177417398772,211.30241483399874,204.12001614665994,209.5271759033203,1890213,36.263776044295895
2022-08-24,209.4457355914444,210.61838308157547,207.03532500682073,209.49459838867188,1811355,24.306167049420793
2022-08-25,210.17862088470994,214.62486678500187,209.16885938322005,210.16233825683594,1654767,29.83133252542474
2022-08-26,211.72586431689587,213.240506612787,209.12000261619866,209.7388916015625,1358340,36.072265081158996
2022-08-29,203.90831085933732,206.3838670039487,203.33826971222308,205.3089599609375,1651173,31.56556499454635
2022-08-30,206.59558921554182,217.58904758097765,205.61839291639197,212.14932250976562,5679516,52.714372904945606
2022-09-01,210.91152769688455,214.93432108026877,210.1297825932704,212.52391052246094,1700469,53.936043866945056
2022-09-02,213.58254150796967,214.00599424101043,210.09720895806961,210.68353271484375,1083099,48.97450234270242
2022-09-05,211.62813991909383,215.50435977990517,208.90828489381732,214.3154296875,2975931,51.196153803050514
2022-09-06,215.9603813927753,222.73561003836883,214.34801346888156,220.27633666992188,8316771,56.50321839842778
2022-09-07,219.21768839525325,229.25024755520977,218.28935493448975,225.14601135253906,10489083,61.12804311997098
2022-09-08,227.68673076501824,231.26978872301396,225.11344924376772,225.992919921875,6530451,62.63238853743554
2022-09-09,227.40985266565693,228.01245902289264,221.82355425621245,222.9799041748047,2523720,61.46996408919901
2022-09-12,224.10369214808242,226.46525497316838,222.16559698116097,222.7681884765625,2198448,73.04814323782823
2022-09-13,223.89195210340287,224.15253379691595,220.0645951088954,220.8952178955078,1778799,66.23258683920628
2022-09-14,217.57275519670821,219.90175268758824,216.3675573338102,217.73562622070312,2146875,60.802768919107045
2022-09-15,218.64767315173765,219.86916853247362,216.77470859766507,217.60533142089844,1586958,59.896101725037596
2022-09-16,217.5401935741949,218.5499551716749,210.09721280680404,215.9278106689453,2419053,57.96314700557149
2022-09-19,215.96037780257885,216.87242865764068,210.42292724762004,210.96038818359375,1576776,57.17236432478239
2022-09-20,213.02878808555604,216.54670064212732,212.37731893153088,212.73562622070312,1881756,50.8538704616465
2022-09-21,213.14280721500617,214.26657702515587,209.02228808945867,209.7877655029297,1315293,46.293028455755156
2022-09-22,208.7942891905211,211.72587820453387,208.4685471372978,209.75518798828125,1146903,48.677481005636146
2022-09-23,209.77147124305472,211.02553183898095,205.21121700597794,205.86268615722656,1473030,38.04698271862802
2022-09-26,203.5825591118601,204.82035203608987,196.5304660504433,197.65423583984375,2427681,19.92201352793434
2022-09-27,200.7812670139663,202.93111088328396,196.59561732438456,198.64773559570312,1658916,10.719515621119385
2022-09-28,195.43924346332184,199.08744665085877,195.43924346332184,196.62815856933594,1378680,7.932837651206441
2022-09-29,199.67377233261323,199.99951437317273,193.81059453252834,195.732421875,1316520,8.445146712153772
2022-09-30,195.7324333295948,201.09073066447098,195.7324333295948,197.361083984375,1678500,12.85717854822937
2022-10-03,197.8171187878767,200.3252551345299,194.3317860747136,196.10702514648438,1351149,13.094127616265197
2022-10-04,199.4946240199613,200.32524686152505,198.04512707077708,199.20147705078125,1286379,22.351825026199265
2022-10-06,200.61839624739787,202.83337047251328,198.69656897320587,198.98973083496094,1917828,22.297639743429045
2022-10-07,198.98972008957836,201.5955816265954,198.3219683502958,201.05812072753906,1477206,28.12648703974716
2022-10-10,198.04512003415564,199.13632454770078,196.88877009523708,198.22427368164062,1029738,30.01024067011727
2022-10-11,198.53370835589502,200.43923804773345,191.90505354861892,193.5662841796875,1688532,22.409756671782304
2022-10-12,193.81060612402788,194.93439088275525,190.81387161881014,193.12657165527344,1563078,24.153625614494885
2022-10-13,192.49138838756036,193.77802918794566,191.26989301309126,192.55653381347656,737421,23.75746614594368
2022-10-14,195.43926511129547,197.54023124690886,193.48487246018252,193.9083251953125,1133862,30.226312821835634
2022-10-17,192.18195304321551,193.1754320188959,190.87901464114879,191.74220275878906,954720,37.77779460186533
2022-10-18,192.70310921330142,194.99952650450732,190.94415287438116,192.18194580078125,1134411,36.31976486662043
2022-10-19,193.50115497003625,194.49464883501648,191.40018883571872,191.7910614013672,1566417,39.00818307905686
2022-10-20,190.84643259048556,191.2047398739867,189.2991952380187,189.82037353515625,1093221,37.191229053825325
2022-10-21,190.78128963075665,192.50766573643517,189.28291505411534,189.96694946289062,1274844,32.88080841196113
2022-10-24,192.1819556177159,192.1819556177159,190.89531473879282,192.0679473876953,542088,41.00146652588381
2022-10-25,192.67054312255698,201.20471325234175,190.14610939386995,199.0711669921875,4389336,49.752748716262076
2022-10-27,200.6672715400119,202.27963951383262,198.58257312149559,199.20147705078125,2214897,50.40301431590955
2022-10-28,199.20146485005174,200.30895196375008,194.7877841126432,195.45553588867188,1279218,39.976719693425004
2022-10-31,196.09072797546605,196.9864813044533,191.85620076071288,192.21450805664062,1881672,39.402650628862446
2022-11-01,192.96368158326078,195.11352528838606,192.68681726146326,193.875732421875,1067073,50.610152357570946
2022-11-02,194.86923231953682,194.86923231953682,192.45880684534708,193.45228576660156,844140,50.64263668297593
2022-11-03,193.32199417274933,194.34805325820224,191.85619973948292,193.1102752685547,1046259,51.10245645160311
2022-11-04,193.48486940799063,197.81710737700618,193.2405703304553,196.2373046875,1523991,54.330693469344205
2022-11-07,198.37084586121838,199.9669311386575,194.46206072109587,195.76498413085938,3305793,57.983160197358664
2022-11-09,192.1819315173117,193.81058197122394,190.60212894656848,191.28616333007812,2693694,48.46793589684704
2022-11-10,190.0646833678934,191.1233077394251,187.2959654442084,187.93113708496094,1648866,44.00607533990152
2022-11-11,189.57609149323324,190.4718597824222,185.66730610162017,186.44906616210938,2054628,44.68416108958554
2022-11-14,187.29594900565635,195.35781790109226,186.09073634607662,192.5402374267578,4168845,53.41696204573186
2022-11-15,192.14936416884146,193.61515862164072,188.94091093015805,189.9018096923828,1618374,47.1641508393682
2022-11-16,190.2112463203346,190.5532709761629,187.65426235901623,188.5825958251953,940797,33.86772822792588
2022-11-17,188.58259859997224,188.82689766892088,185.9930195226176,186.43276977539062,967311,31.509396773375258
2022-11-18,187.29595145950867,187.29595145950867,184.2014917211486,184.73895263671875,1119456,33.50047690421039
2022-11-21,184.6901030318655,187.13309381271029,182.42626590233817,182.9962921142578,1164210,35.120902136974635
2022-11-22,183.84319161765072,184.1037733162776,180.86273997940228,181.302490234375,1149801,29.726883726789254
2022-11-23,182.37739924673693,183.79433088748814,180.47186946015202,181.807373046875,1265598,31.272903952473143
2022-11-24,181.92138210935747,187.29596173835446,181.92138210935747,185.3252716064453,1873725,38.640658675168766
2022-11-25,185.83017434911105,187.57283319101708,184.72268715950423,186.30247497558594,955143,34.53344666003747
2022-11-28,186.3024616168883,190.09725336174603,185.3578455208389,185.92787170410156,1589292,34.6388362700597
2022-11-29,188.92461327272892,190.14610864930006,187.03536609624337,189.0223388671875,3334632,46.30517507595756
2022-11-30,188.4360106980569,189.57607799303457,187.62168543640536,188.01255798339844,1204500,50.14390491488143
2022-12-01,188.92460747682733,189.85295586320697,187.4751106090414,188.2080078125,2170719,53.25691282388587
2022-12-02,188.19171932056855,188.19171932056855,185.7324458958457,186.5142059326172,1296951,36.67151311917143
2022-12-05,186.6607736264675,187.42625101041432,185.12983376940588,185.6998748779297,1017255,39.89031918892883
2022-12-06,185.0158228715024,191.8561967881879,184.69009575050893,189.7877960205078,3085767,52.55876304423604
2022-12-07,190.2275578271495,191.5304813010971,187.4262596839544,189.47836303710938,1894239,57.014246656217715
2022-12-08,188.92460011856537,189.41319823517443,186.97020765212906,187.4099578857422,1140216,56.04720110492428
2022-12-09,187.94740733821513,188.45230300259638,186.15588584801273,186.6607666015625,1378320,58.687223770845826
2022-12-12,186.41647558571492,186.41647558571492,184.3643723161733,184.80410766601562,916182,58.237538265379385
2022-12-13,185.48813462542222,194.25033565568455,185.01581912641842,190.89529418945312,6267741,66.92959895577508
2022-12-14,192.06794227871788,194.3643447153111,190.1786950404158,190.71615600585938,3845319,61.469199759251886
2022-12-15,190.4881388066324,193.6965921357442,188.53374614781663,189.1363525390625,1970775,55.87839647120861
2022-12-16,188.59888581803023,193.81059444548768,187.68683494437113,192.55653381347656,3794634,62.20759338296373
2022-12-19,192.5565366355416,192.89854639890603,188.79432486270574,189.16891479492188,1435287,50.26705617687648
2022-12-20,188.27314251107805,191.1232881993857,187.89855261653847,188.8594512939453,1396383,51.58341711352606
2022-12-21,190.2275394694009,190.3578303131388,181.8399284785857,182.97999572753906,1992303,41.938695850424615
2022-12-22,184.0223495216077,184.99954582490358,176.7585226730531,178.95721435546875,2187798,39.128373243489925
2022-12-23,177.52399591782154,178.37090134898497,171.0093490779096,171.41651916503906,2123238,32.78364281089989
2022-12-26,171.41651306324988,176.43278513619705,169.86927573373293,173.95721435546875,1487547,30.179419607735255
2022-12-27,175.56959572751896,177.78456989072075,174.42952847959742,175.21128845214844,1102413,32.54977755332169
2022-12-28,175.99304541224558,178.72918290309303,174.28295202505043,175.2438507080078,1160250,34.33958661998831
2022-12-29,175.08102182603727,175.86276699588936,173.01262084809534,174.5761260986328,758832,34.41175856952836
2022-12-30,175.8953240897946,178.28945190773942,175.7324530786936,177.4914093017578,1193490,40.81796016150595
2023-01-02,177.19825265767662,183.19172114815828,177.19825265767662,181.13961791992188,2003130,36.9498657731272
2023-01-03,182.08424240649498,185.99302768113054,180.2438579944651,184.21778869628906,1265370,41.93284903819744
2023-01-04,184.6900923422656,184.6900923422656,179.15264192257303,179.41323852539062,1244793,38.82438321491509
2023-01-05,180.5532978146603,181.23733223779942,177.13311078813268,178.27317810058594,749841,32.67480590283408
2023-01-06,178.50119125663525,178.77805558219052,175.96047497654777,176.5467987060547,791127,34.04691255263516
2023-01-09,176.5793638767293,179.7389691415165,174.26666403822517,175.3090057373047,989868,33.26627598032751
2023-01-10,174.5924092640617,176.54680184943987,174.3155300227448,175.0972900390625,808989,38.68100432557453
2023-01-11,175.89532493707244,178.17544454931289,174.28295708948184,174.6575469970703,1256583,43.11781362852807
2023-01-12,175.243853001774,175.5532974818328,172.96373342594632,173.45233154296875,737949,54.08761946312138
2023-01-13,174.0386475146435,175.76502347519283,173.2894528338886,174.0712127685547,835056,50.24803441606172
2023-01-16,174.75525676462667,175.22757225905082,173.07774350319218,174.13636779785156,583518,47.53361752901008
2023-01-17,174.26667122127694,175.01586599745855,171.90512340035755,172.93116760253906,709140,44.96456417187274
2023-01-18,172.9637399217705,173.77806517711363,171.09077543256635,171.61195373535156,728841,43.7241143137749
2023-01-19,171.611969164864,171.98655911421758,168.76180814865938,169.3155517578125,1349487,32.223837527561
2023-01-20,169.70640960251032,171.921383652199,169.3806675993228,169.83670043945312,796257,21.557301010001723
2023-01-23,170.2601635946212,177.08423979222016,169.59241183106565,172.540283203125,2005824,20.05006155943792
2023-01-24,173.28948213471776,176.75853218017045,173.24063424559145,174.96701049804688,1730520,37.01241047821614
2023-01-25,174.9181308873449,176.49793349892622,171.6770976126311,172.68685913085938,987354,34.701143574944155
2023-01-27,172.80086608835612,173.38718980557383,166.123363317442,167.05169677734375,1409913,28.581921514555546
2023-01-30,167.05169019496574,169.86927063053085,163.85951986459494,164.47840881347656,1441590,26.95773276197896
2023-01-31,165.4556098689784,168.04517395358985,164.72271268531497,167.24713134765625,1138629,34.93748594663468
2023-02-01,168.077753848005,170.81390631141787,162.62174645984396,164.0712432861328,1773357,31.61764238309526
2023-02-02,163.19179228993463,166.9377067035576,162.23087855871182,164.0224151611328,1248690,32.940523058763645
2023-02-03,164.49469050276275,166.15593598967,161.23737477060328,162.8986053466797,1218381,30.15048812674921
2023-02-06,162.8986227348573,164.41328000533446,161.57941665605395,162.34487915039062,1121250,29.4084417269722
2023-02-07,162.86605552935777,163.51750979103923,160.26019375013504,160.7813720703125,1069662,29.044965021824837
2023-02-08,161.56312854221073,162.21459776052274,158.25694947154815,158.53382873535156,1834623,28.143739755133012
2023-02-09,158.6152405840781,165.96049525368628,156.70971083550808,164.72271728515625,2678538,43.20807135546133
2023-02-10,163.84324159273532,167.44258207919265,161.56310708685862,163.1917724609375,1705965,40.458384567316415
2023-02-13,161.2373804928366,162.83346570556392,158.95726089048773,159.2992706298828,1122912,31.614653140282485
2023-02-14,159.60872957255324,160.08104511017757,156.67714057074616,156.8400115966797,1122726,24.853105103462525
2023-02-15,156.87258719504106,159.59244229279662,156.4491344686192,157.24717712402344,1103898,27.407041885576618
2023-02-16,157.31231274271622,160.22760393764403,157.03543351504257,157.36117553710938,1444284,33.08695698489464
2023-02-17,157.3286096618206,157.54032857564766,154.3970206619109,154.72274780273438,1664403,33.01189478511746
2023-02-20,155.32534008897514,155.6510821110459,152.2471778829768,152.5891876220703,1432410,23.897859001816727
2023-02-21,152.11689566881768,155.04848456878955,151.9377420197639,152.49148559570312,1264761,26.840357399424192
2023-02-22,152.60550482979306,152.88236918232323,147.10063393076265,147.42636108398438,1944399,22.354800550444068
2023-02-23,147.52404479327532,148.53382114983063,144.98334364115814,145.43936157226562,1987401,21.72990286646943
2023-02-24,146.22112587710197,146.7748694082657,142.67064826233724,143.09410095214844,2171706,20.538325987485976
2023-02-27,143.32214117133205,144.21789458203298,139.1039111112884,141.93777465820312,2440869,20.797527849060316
2023-02-28,142.6706533042954,145.58595944278528,141.87261068968527,143.56642150878906,2548479,26.350925851811624
2023-03-01,144.29931696910472,147.68692365583595,143.68042800281881,144.8204803466797,2221452,12.743813786622411
2023-03-02,144.82048374841725,148.45240449223735,144.03872375286042,144.4296112060547,1809480,13.312017491879743
2023-03-03,145.8791360689836,147.96381963699133,144.7716339445735,146.0419921875,2542551,21.538420212288514
2023-03-06,147.99636899569163,159.16898044169054,147.3774800258231,156.64456176757812,8114991,49.68910179082611
2023-03-08,155.83023207009535,155.96053783481386,150.97683066409334,151.7585906982422,3196656,42.3582613631825
2023-03-09,152.00289333484113,153.38724487290776,148.0452451843793,149.07130432128906,2350647,39.22978869344392
2023-03-10,146.90517269639201,148.41982994940108,145.73254011403517,146.48171997070312,1704243,39.279640360084535
2023-03-13,146.48169753496484,147.7846356809822,142.47520224966084,143.20809936523438,1932126,38.14812858491741
2023-03-14,143.9247244288945,146.9051609892081,142.84980261607802,144.85305786132812,1777416,40.71285453493032
2023-03-15,145.92796062961327,153.81067563448053,145.34165185718354,147.0191650390625,5176902,49.46736444598796
2023-03-16,145.92797915975063,147.19833736090624,143.3221322408409,143.45242309570312,2238537,47.504120952840964
2023-03-17,145.27651251403233,146.57943586253333,142.67065090619909,143.0615234375,1727793,49.95696499833303
2023-03-20,143.06152678082825,143.32212338528356,139.4621862220323,140.37423706054688,1713306,48.014856994070215
2023-03-21,141.69345638222546,143.1592507585933,141.38401189682546,141.80746459960938,982110,47.75560587446189
2023-03-22,142.24721686150525,145.58597608646468,142.1820714310792,143.55014038085938,1237785,48.39903434000477
2023-03-23,143.64784618389766,145.5045130613979,142.67064995135414,142.89866638183594,1153089,48.083193805818965
2023-03-24,143.30582827109646,144.39703277014883,137.5240935641255,138.5827178955078,1904688,41.25285800224525
2023-03-27,138.58271779984432,139.31561500817966,133.59901081883118,134.34820556640625,2194266,19.26361268989193
2023-03-28,135.06481415812888,136.13973609903144,132.31237878793848,132.83355712890625,2037600,21.23765170562882
2023-03-29,133.4361655906963,136.80749004170013,132.7684137523896,135.45570373535156,2919984,29.265897635372838
2023-03-31,136.8074766688697,142.9149533058728,136.51431480812724,140.37423706054688,3773022,41.31541536554841
2023-04-03,141.6934695198125,147.75208385504482,141.07458049163012,146.4165802001953,3367401,54.22930882798399
2023-04-05,146.57942877066625,148.85954824793308,144.90191559978956,146.85630798339844,1526514,52.727271216460394
2023-04-06,146.57944420600117,149.08758036835948,145.66739333688614,146.6771697998047,1708749,49.507769005237904
2023-04-10,147.23090628416352,149.65759936457252,146.5794371487807,149.0550079345703,1398813,58.34950533460011
2023-04-11,149.67390676402198,152.99636826061655,148.55012205867942,150.8791046142578,2031582,61.17320957741687
2023-04-12,151.82373073761576,154.03870499674392,149.34815986913048,150.58595275878906,1824711,65.66720495481049
2023-04-13,149.86934751678066,151.1234082022095,148.56642403212527,149.59246826171875,833097,62.107420914643065
2023-04-17,149.18531242147313,151.44914960817266,147.24720237683488,150.1299285888672,1271643,60.63159431138093
2023-04-18,150.16249937723884,154.5598826190913,150.14620183802938,152.18203735351562,2032449,64.35048880279993
2023-04-19,152.18204676483708,152.71950773202337,147.55664679632406,148.01266479492188,1306887,64.64342835749811
2023-04-20,148.6967049776616,149.00614947102568,145.6673905575377,146.53057861328125,1095297,70.68585985360005
2023-04-21,146.90517057527086,148.27325432729404,146.25371632271893,147.03546142578125,938988,74.97137270431625
2023-04-24,147.2309113247244,151.13969644917873,147.2309113247244,149.16900634765625,1674738,74.53380541989588
2023-04-25,149.5110337057317,162.47516729266474,149.34816268566593,161.13966369628906,14896824,79.66498572426934
2023-04-26,162.86604894389012,165.9604938388343,160.73250277378034,162.6217498779297,7822629,76.6185337351596
2023-04-27,162.670602474002,170.6510438301295,162.5077463658659,169.62498474121094,9996030,80.76586841113418
2023-04-28,171.00935180787758,172.37742065800774,168.07776291974255,170.3253173828125,4733712,81.51041296033864
2023-05-02,171.00934982104417,174.91813495981089,170.40674345737338,171.75852966308594,3300459,81.03294222471393
2023-05-03,171.75854309636418,173.1266269484299,168.28949303222706,168.95724487304688,2532498,74.06766832065117
2023-05-04,169.3155553779184,170.97678624089622,167.29601718768063,167.86605834960938,1658862,72.52657412848117
2023-05-05,167.81717548862315,170.488167672029,164.98329738032703,166.15594482421875,1856436,71.19633178863967
2023-05-08,166.70969551881274,175.89533481715338,166.4490989029918,174.54354858398438,4579413,76.01527254256095
2023-05-09,175.5858937352725,177.9474564875254,172.01913311855307,172.91488647460938,3903135,72.29422014826191
2023-05-10,173.61519858031124,174.592394792,170.3904480995722,172.26341247558594,1699797,78.2114279486261
2023-05-11,173.12661790250422,177.18197662491863,172.83345602731987,175.94419860839844,3310320,82.55226953025394
2023-05-12,179.15264231992072,182.39367558138792,177.5239918305642,179.054931640625,8278866,83.50374501218533
2023-05-15,177.7194309918146,180.7650280334164,174.98327844287567,177.78457641601562,2809848,80.49288111914491
2023-05-16,177.78458017914394,180.09728006431266,174.91813672112954,175.797607421875,1736067,69.84126131715888
2023-05-17,176.13963463653744,176.88881449695722,173.45234478771368,174.88555908203125,1372587,66.86071612431417
2023-05-18,175.30901069294353,176.54680361064126,171.33508005708677,172.60543823242188,1524855,54.70921881170503
2023-05-19,172.6054475613347,172.6217301910334,169.7064386658075,170.73248291015625,1359135,50.62034808678736
2023-05-22,171.009361089097,172.5077357827426,169.70643759393394,171.6282501220703,1042245,49.79820430667651
2023-05-23,172.2797068924107,176.6119447214184,171.98654502667614,173.71292114257812,1772427,57.533518777960516
2023-05-24,173.68036143003528,174.38067849363804,172.16570416774834,172.768310546875,1129005,57.80194236246294
2023-05-25,172.9637450304686,175.60217205724152,171.3350795608459,174.02236938476562,1314414,62.70383943603108
2023-05-26,174.02237155152957,175.61845687264994,173.45234533993872,174.7064208984375,1038792,50.35015365558579
2023-05-29,175.89532656300204,178.1591635682297,175.17871199707918,176.57936096191406,1569417,57.79624294814236
2023-05-30,176.5467972057564,177.133106019449,174.98327721424604,176.56307983398438,985068,59.40173592273696
2023-05-31,176.41650809851555,183.8106255975932,175.30900606228568,181.66078186035156,6210870,61.770623616022846
2023-06-01,182.27968619816846,187.62168556489175,181.77479051941677,185.8953094482422,5716917,63.46156964512752
2023-06-02,186.97022563990353,189.57608748279685,185.04841315473797,186.3187713623047,2726436,67.37405836944535
2023-06-05,187.7682579643987,189.73894805031205,186.66077084268622,187.84970092773438,2480844,75.0000633036397
2023-06-06,187.54025819658878,188.5825999039214,182.47512313797552,184.29922485351562,2134377,67.60053634600023
2023-06-07,185.2275651839584,187.2633858775536,183.85948139133646,184.21778869628906,1769874,73.65631607447155
2023-06-08,184.82038671999172,185.78130036609176,181.26990891092547,182.0190887451172,1645557,72.69155845151869
2023-06-09,182.73570379152497,183.37087540721623,179.80411496064488,180.60215759277344,954444,67.67158851208828
2023-06-12,181.1070319585074,187.42624227860983,179.6249549670565,185.79757690429688,3261402,71.20001541858238
2023-06-13,186.7422037585774,187.27964975135077,182.08422417150385,183.37086486816406,2609724,67.68057314808547
2023-06-14,184.0386331712005,186.77478581777123,183.92462494707266,185.83016967773438,2563983,68.92950762086386
2023-06-15,186.74221481383495,189.90180518018454,185.6021475184691,186.9539337158203,3936357,69.36146131991774
2023-06-16,187.2959604965801,189.13634485407545,185.66729504346534,186.4001922607422,2631663,66.20097303806568
2023-06-19,187.34481417711538,187.75198428069615,184.6901044663665,185.27642822265625,1394700,63.867308163051206
2023-06-20,185.32528013596377,187.1330993314361,184.03863928083015,186.28619384765625,1498671,58.4624816236923
2023-06-21,186.2861866910699,189.73895392223207,185.97674218898058,186.36761474609375,2182671,51.01896104357833
2023-06-22,190.87901527809169,199.1200388187065,190.6347161907431,196.49789428710938,20677539,65.47795658184211
2023-06-23,196.72589907638744,201.93760766042266,194.13633486842122,198.22427368164062,11739270,65.68193832842977
2023-06-26,199.0223284182939,199.29919276524544,191.85621190514226,194.38064575195312,4022013,65.1049511252308
2023-06-27,195.27637245440027,197.0353286277145,193.3545601854226,195.5695343017578,2688570,66.46196930778777
2023-06-28,200.48810399625393,203.35454734843867,199.05487486474576,200.24380493164062,7538955,74.65847177863067
2023-06-30,201.10699975920335,201.18842781321212,197.42623103769196,198.22427368164062,2471250,73.46057634763686
2023-07-03,199.28289378968674,219.86916089743562,199.26661116139763,218.04505920410156,30464100,80.898908274278
2023-07-04,219.05484668755355,223.1264880800334,215.63465956780425,219.15255737304688,15451302,85.174564155856
2023-07-05,219.21768890431105,223.12647393625022,217.00271469576728,221.61183166503906,6968958,85.17455526065766
2023-07-06,222.4750286257256,231.48151420624376,218.72909954602343,229.8040008544922,29480988,86.98345779583374
2023-07-07,230.53689029901213,234.46195798398605,226.9049695646323,230.42288208007812,12789198,87.95286120697389
2023-07-10,229.64113090593784,230.8626262830971,225.47176399478954,226.61181640625,4254450,84.05798777764814
2023-07-11,227.54016316930807,229.31540211050006,226.82354857702296,228.0450439453125,2659248,84.16846287687953
2023-07-12,228.973371441843,256.66059409380256,228.66392695070874,246.1231689453125,29897934,87.77024628869479
2023-07-13,248.20784609292832,251.3674512595718,237.4586874038645,239.83653259277344,7909665,78.79247315076265
2023-07-14,241.12317326643276,249.1687596535709,241.12317326643276,246.72576904296875,7113378,80.1539136981332
2023-07-17,247.55640024580714,247.67040847316244,243.9733569529716,244.68995666503906,2712075,81.99710838546864
2023-07-18,245.92774750574512,246.807218236572,238.76163116018301,240.1297149658203,2662728,77.17523120799898
2023-07-19,240.69973817750213,243.64760975375677,237.8007293992009,240.1622772216797,2828868,75.805448338244
2023-07-20,240.16226871118278,242.654122210179,238.82676513888853,240.43914794921875,2229408,77.91900906577581
2023-07-21,239.7388147008908,245.911436849184,238.81048122101527,240.27627563476562,2570355,69.8690014692979
2023-07-24,241.48148645048468,241.64435746545226,236.36748867098606,237.2958221435547,1930749,65.69013463009779
2023-07-25,238.72905053281272,242.3446737313152,237.13296528801575,240.30885314941406,2498283,66.01562602113131
2023-07-26,240.87887356136517,252.11663034009013,240.66715466740033,250.43910217285156,9594042,67.10773731994612
2023-07-27,251.23716105629808,259.9016364340709,251.13943546727006,253.95701599121094,8423670,68.61633263076477
2023-07-28,254.72250368353312,263.843012833135,249.5107948200698,261.2534484863281,9297873,75.9707067480912
2023-07-31,262.54005461454085,265.1459312157997,257.37720894018764,263.59869384765625,6441372,76.29486801579739
2023-08-01,264.49445544999134,275.5693567985247,261.8886085886689,274.26641845703125,10141059,73.37662403503408
2023-08-02,275.56932283127736,284.8038386633302,266.4488152083647,272.71917724609375,13045647,79.64756901977434
2023-08-03,271.9862713136855,277.4585458887752,266.4814016644238,272.99603271484375,5342466,76.89227893213638
2023-08-04,277.5895046745254,285.50411422869047,277.275550044354,284.6283874511719,6172713,84.17042935805304
2023-08-07,285.70239880080976,289.1557487546466,281.5385740264341,286.7433776855469,4162830,91.62320913977396
2023-08-08,287.1068918826627,293.4187510812661,286.9251206970062,291.66729736328125,5779965,92.29616802017927
2023-08-09,292.6751921483874,306.3398584571272,292.0142445600213,305.1501770019531,14201859,93.66928049979983
2023-08-10,303.3656762550916,305.67893223741333,286.01633202481673,294.9223327636719,17525538,82.46668100248726
2023-08-11,295.76503622123266,301.0524355129823,294.44317127086686,296.88861083984375,4929834,85.83754354353583
2023-08-14,296.37639980026074,296.37639980026074,288.16435415983005,290.79156494140625,3003924,79.27315500291897
2023-08-16,287.47040916161683,287.47040916161683,276.1024486880658,277.53997802734375,5116170,65.16585771640521
2023-08-17,277.53995023888297,288.8252835643663,277.53995023888297,284.6779479980469,3999543,66.52224971380036
2023-08-18,284.6779718447651,288.16436013396014,280.216711526009,285.5206604003906,3305991,64.02491505909178
2023-08-21,286.95817512846077,296.06243623424206,285.4049815701029,294.12921142578125,4207284,66.45354107760544
2023-08-22,295.64937268883773,299.7306016136333,294.7901650070462,297.21905517578125,4629468,63.46984564995939
2023-08-23,296.3929357957476,307.01732282553996,294.9554064280934,301.9447326660156,5987019,66.53431110015342
2023-08-24,303.6961805854586,309.2975348065039,294.4762242856838,298.8548889160156,5156040,64.17832628273624
2023-08-25,295.765028792298,300.3915106200866,292.6586719535911,298.50787353515625,3101610,58.68486631924884
2023-08-28,300.0114955944429,301.82905617196144,295.1040971625718,299.86279296875,2716170,58.28810094934989
2023-08-29,300.68892544670985,301.5481331320446,298.1113326455625,300.7054748535156,2047461,56.020246165729915
2023-08-30,302.3412561908453,326.8285989362873,300.20977131341715,319.8227844238281,18709323,59.09091596662172
2023-08-31,318.23656141110183,358.5200867419964,314.79973066538764,351.2003173828125,30959808,77.62815639900317
2023-09-01,352.373437848014,376.3320768565223,338.39484719847883,372.1517028808594,30099873,81.143157037104
2023-09-04,367.64089631385735,397.5643718560723,358.7514142328101,392.67352294921875,22214028,87.66184539283537
2023-09-05,396.5564697290665,402.5709236388909,382.6935124408069,392.3265380859375,14846136,96.90746822889957
2023-09-06,385.32068311969044,406.13989724652794,366.1538077442526,398.3244323730469,17623191,96.87838152885261
2023-09-07,396.5069184373121,417.70616469420077,389.9637305340754,413.5753479003906,10932567,97.21001495474648
2023-09-08,416.3842583907152,445.46507382358993,414.7319499899895,437.6826477050781,8503326,97.49615150596625
2023-09-11,442.8213810935627,475.2068462899562,439.5663214726379,452.45440673828125,9808647,97.67581489597411
2023-09-12,453.39622009338734,456.9652039566242,407.4287160267079,428.9584045410156,10707696,84.97585463434376
2023-09-13,418.6644581627638,435.8651001575964,402.7856810804615,429.6854248046875,8075967,86.50190868390297
2023-09-14,432.4117304344424,437.5339378248656,421.67168062583545,424.0179748535156,3310767,84.00786807902676
2023-09-15,425.637262573305,440.1776555236695,416.3842687386063,420.6637878417969,3069555,82.38107477426789
2023-09-18,411.75780980081225,427.57048082639204,408.6183842558666,411.87347412109375,3195387,78.58114307530728
2023-09-20,411.0968207807632,414.26928431060765,388.64181906861086,397.0521240234375,4585101,70.3040703119973
2023-09-21,396.55643659763825,397.81219461288345,387.15474037932194,388.5096435546875,3764613,61.147303734648375
2023-09-22,388.2948480391088,398.704454873924,381.61947708248454,395.3502502441406,3305931,57.569544574646905
2023-09-25,407.7922097062151,412.3195461916955,383.78401419701817,398.86968994140625,3373920,52.274094745958095
2023-09-26,400.7533578517486,425.32332740096405,396.7382054950857,422.0682678222656,6658155,59.347730546506966
2023-09-27,423.7536043954864,433.8988444026348,417.6069974962532,432.1639099121094,4799805,60.36856422691429
2023-09-28,433.8988349487936,449.43064926689703,422.3491345001993,427.9174499511719,5188842,54.712260166671086
2023-09-29,429.272346940395,439.1862579551847,422.2830517769104,428.92535400390625,3320595,46.60778259848825
2023-10-03,429.6028390386834,432.31264553221854,423.32401837671506,428.892333984375,1564014,39.696528258940916
2023-10-04,430.9246657238782,439.5167423132835,413.95535227837286,423.0926818847656,2845020,46.96529720218995
2023-10-05,425.2241862505723,439.4506556022971,425.2241862505723,438.2279357910156,2469486,53.846164415521685
2023-10-06,440.5742292256468,468.9280226954105,440.1776788092226,463.1448974609375,9082923,65.01395521169835
2023-10-09,450.7525005119646,475.8677531228449,449.44718496397496,457.34527587890625,7542750,63.81628570830851
2023-10-10,465.2764017512378,486.4425784975631,464.30152975780146,474.01715087890625,8047413,72.09492535577368
2023-10-11,478.8419051223872,497.6783361727502,478.8419051223872,489.6645812988281,6738294,82.73567778701867
2023-10-12,494.0928330255797,500.5699139231626,474.892888717867,487.2852783203125,4084977,86.50467829397911
2023-10-13,487.1035216503188,493.2501285415812,481.7995730209051,490.193359375,2059107,86.10066632143685
2023-10-16,490.242917412941,501.9743892897094,485.8477641563485,489.416748046875,2871741,85.20043412009295
2023-10-17,492.60573325479623,497.7444601433956,484.1458702443977,489.1358642578125,2544957,81.72583790837973
2023-10-18,488.4253573275541,494.04326061384046,484.4597927748139,491.630859375,1873095,80.30995399873758
2023-10-19,490.73861878503044,511.5578329153044,486.77305418878774,508.1210021972656,4268166,86.34325291134886
2023-10-20,512.2187622836815,526.7591249458133,508.18706071390073,524.7102661132812,5452644,88.03309931928473
2023-10-23,541.9605166957291,594.1737437041395,539.5811537266082,564.151123046875,21342201,90.90546969080569
2023-10-25,578.3114339009803,604.0876015681397,560.1689895294983,591.1004028320312,14478069,95.04697987675505
2023-10-26,584.9207681107458,604.6659950007727,524.1650229486733,594.5703125,19530813,94.71646697257236
2023-10-27,611.0273364687397,632.1109156438156,608.4001864655992,615.6373291015625,8973864,94.59748776817638
2023-10-30,614.9929493852687,632.1440644883178,587.2339975085173,627.1209716796875,6514644,98.05445124803833
2023-10-31,627.8810685374046,643.0494021934228,611.3909606374141,615.6539306640625,6278130,91.30689945623732
2023-11-01,620.6108953771533,624.5764602038444,588.7872618468443,593.0502319335938,5317038,78.97568097628482
2023-11-02,601.0474244112944,614.6625340379438,578.4767558244198,585.2677612304688,4678050,76.65408244486115
2023-11-03,593.1823286425034,602.5675059061599,589.0680918326119,594.7024536132812,2812053,77.45463582795526
2023-11-06,600.7829883933781,621.0734670264401,586.3912987284964,615.7364501953125,3649422,79.99215714007475
2023-11-07,617.2732160192828,671.2874550319972,611.3579073135526,666.2313842773438,12124032,83.95210928956122
2023-11-08,670.9074186632414,688.8185353580275,665.8843864776371,684.2911987304688,6931857,84.85591740093238
2023-11-09,684.0598402227723,684.720787774533,644.7676791334648,648.8489379882812,5069688,73.82643748703758
2023-11-10,651.0135431261049,679.1029389213155,649.4107618256597,664.4799194335938,5080581,73.74123020549871
2023-11-13,705.4739173465215,776.5897131275736,697.2784212163418,767.3037109375,14338647,78.39360752874377
2023-11-15,786.1731710787288,787.4950057572125,742.0562655137813,760.8431396484375,9579432,75.16535359255305
2023-11-16,760.3969822487862,775.2678489159724,747.3106074797201,768.7412109375,5648085,75.48720698718537
2023-11-17,773.1694745847294,807.9837994221696,769.3195439896976,796.84716796875,7361538,75.98199689855184
2023-11-20,809.3386438242765,817.8976821500968,743.559866560696,747.83935546875,7385322,65.62713328917161
2023-11-21,760.0665757355218,774.9209239750135,706.5314531261175,710.3152465820312,8604531,61.4795767689216
2023-11-22,713.8842396120837,734.9017445607502,685.8774390026525,690.256103515625,7981014,61.86135814707264
2023-11-23,693.7094370778246,711.0753013300738,691.0822263301613,701.3596801757812,4707639,64.05199960164884
2023-11-24,704.0198819199431,722.6580221591903,684.5059846537508,717.3375244140625,4394775,64.61253441949435
2023-11-28,741.8910448577477,783.1659924817859,741.8910448577477,776.1766967773438,8860251,67.53721161689083
2023-11-29,782.2075909570518,806.9923688707735,766.6757766278824,802.2337036132812,6087018,65.70501444155786
2023-11-30,801.3084034682954,840.7987968155975,793.112907458538,818.5421142578125,8609592,65.56573110001324
2023-12-01,826.1592734115442,850.9440522189876,817.9307389494157,825.7131958007812,5609913,71.94522448509744
2023-12-04,849.9526581567393,857.5533438015711,820.3926948695221,830.091796875,3940764,71.13932508042788
2023-12-05,833.429448541919,834.1399535452489,802.035377739446,807.6697998046875,3617958,56.48319262323848
2023-12-06,808.6447336983426,832.5867936308207,791.4770992682378,821.5658569335938,3824400,59.52516677737607
2023-12-07,823.8460226445615,832.4380992078704,811.2718624405975,814.2955932617188,2448381,57.15991362398421
2023-12-08,816.4436348354005,821.2023001631546,796.4175218834848,798.9456176757812,1871181,50.34359690120188
2023-12-11,801.5066425380256,812.5440975224274,756.1174627423505,777.7132568359375,2780244,55.38094752275052
2023-12-12,782.0423989992674,787.4950505590779,760.0666012343879,762.1484985351562,2444340,60.138325208213644
2023-12-13,765.6513288840802,801.3744465274525,765.6513288840802,781.447509765625,4251378,67.88977995072551
2023-12-14,788.4864318165799,799.0612912419618,773.3181588614485,776.8375854492188,2034471,65.1942546812798
2023-12-15,781.166634809157,783.8599220509509,763.3711523377821,764.5938720703125,1786983,59.65825229154089
2023-12-18,769.2204006874215,790.700501461773,751.8379571286737,783.7772827148438,2943834,51.8539228822391
2023-12-19,786.5036479023743,799.7222372854161,771.4014515865011,793.2285766601562,2421657,47.60986148406963
2023-12-20,796.7480265109601,815.5844580171567,751.8049215247877,763.949462890625,4709628,36.443449782718346
2023-12-21,759.4055713519772,774.2268801793919,733.6789605860877,771.2692260742188,2792838,36.49034646117684
2023-12-22,775.1356008687525,785.8426728027192,760.9587207091517,766.6427001953125,1609812,34.27517409169485
2023-12-26,770.9718531563122,780.6874740975761,760.0995890638102,763.5694580078125,2052435,37.91105168195227
2023-12-27,767.4027898658138,769.9639238868343,746.1870565801704,749.0950927734375,2217552,30.19683399118118
2023-12-28,752.465854498858,760.3969834000318,738.2559353874923,741.3292236328125,1605993,30.11526509908262
2023-12-29,741.5605491976812,741.8579544283049,727.6810736779385,734.0260009765625,1941252,31.4966413134279
2024-01-01,735.2817992198891,736.1905341126131,723.7155488177373,728.028076171875,1464168,34.4920040783544
2024-01-02,731.7127437674704,760.0665669036262,727.1854069945889,738.9003295898438,2802495,42.524686914424194
2024-01-03,739.8421677325824,751.4744946387194,730.3248368592494,744.650390625,1572360,37.03876648951722
2024-01-04,745.1956816587544,758.0672471184517,740.2387260390947,752.4989013671875,1470315,41.618291049070926
2024-01-05,755.7704786937625,763.3711641342675,750.780484779721,761.3057861328125,1595589,48.840201302749826
2024-01-08,763.3546441225201,766.6592610230658,748.0871966531574,751.8379516601562,2507454,37.90514641574046
2024-01-09,756.2000796380302,762.0493113238855,752.6310958868133,760.39697265625,1248519,37.482669536034564
2024-01-10,760.0665406687802,766.6427361177722,740.9822617301671,746.6992797851562,1391607,42.53647035709024
2024-01-11,748.5003331256439,756.4314624832666,744.8982503045232,745.4600830078125,1130652,38.213130720167605
2024-01-12,748.8307028608237,749.1446877407353,735.3147701847619,739.2803344726562,1586472,37.67858703580838
2024-01-15,739.2803811105831,746.5175242906079,729.0855836786044,739.6934204101562,3952803,38.98459530070224
2024-01-16,741.5605638355844,766.6757855781153,740.2387291679919,762.9580688476562,2865639,55.91595746509645
2024-01-17,756.7618378577292,778.5394033248264,749.9543140102796,755.7704467773438,3393780,56.19328720487621
2024-01-18,757.4227902508873,769.2368875374874,746.8479318226819,759.3064575195312,2128101,61.203840404749705
2024-01-19,765.0235182433217,769.9804739543806,741.8910179185716,752.0858154296875,1545279,60.5476418315597
2024-01-23,741.5605222441163,744.8651389826096,693.9737507632105,697.6914672851562,2791503,36.92324378764696
2024-01-24,693.9737697499513,710.3812803470973,654.5164160861106,697.9888916015625,4338156,34.6621919305485
2024-01-25,697.9889375891175,712.281513720549,696.9645081199527,701.2274780273438,2359242,32.62018012277149
2024-01-29,704.7468902265479,717.106241232974,700.6161341297043,703.5242309570312,1332561,29.509013546618377
2024-01-30,707.1427262236391,733.6293993164721,706.2008925955477,722.9884643554688,2263062,40.44649454847676
2024-01-31,730.0604618697744,774.2269251861036,722.0631956095486,767.865478515625,3281166,51.993653623944965
2024-02-01,774.1773473546807,828.8029736894167,773.285071145628,823.9947509765625,7848948,66.82248341342022
2024-02-02,829.4639458059595,832.2398289133168,805.3565733942612,814.5930786132812,3057792,64.52977868633124
2024-02-05,819.5500265998003,858.8586488685031,819.5500265998003,846.3341064453125,4634430,70.31671233181368
2024-02-06,845.6566168194541,845.6566168194541,786.6358074728184,816.030517578125,4928013,63.011139770296985
2024-02-07,822.8546016135062,839.3612874039743,803.9355752202074,826.7540893554688,2395305,61.35921422702909
2024-02-08,836.0731789582557,836.7341265583009,809.636122092431,830.042236328125,1665039,63.41070648859328
2024-02-09,833.6608131916672,849.62218594664,795.426118131754,822.722412109375,2296917,61.29619421930125
2024-02-12,826.1592763516535,827.9107300262982,768.394222372847,780.637939453125,1643832,54.52404134979867
2024-02-13,791.4606002713698,792.4519914452002,757.4393759586803,773.9130249023438,1252179,64.22625229032349
2024-02-14,753.4572436418204,787.5941603339714,751.8049049551582,775.6644287109375,912108,64.41936668071625
2024-02-15,783.1990278815474,787.1645925796818,765.0235431850031,767.9315795898438,1167582,62.17944917435887
2024-02-16,774.6068696653249,774.8381982824475,760.0830267867398,761.322265625,813639,60.389675221642264
2024-02-19,766.7088385509103,777.2836976231212,757.4228363776889,761.6032104492188,1780167,57.45550482543675
2024-02-20,765.0235208101631,772.2937023742049,758.2159360056207,759.0586547851562,723558,47.9673642296337
2024-02-21,762.7102007345629,763.6685535341635,723.7155042377738,732.3736572265625,1678551,25.527414603862738
2024-02-22,731.9770609660176,734.5712332319561,713.7520205405056,727.0862426757812,1406748,26.10108770228976
2024-02-23,735.2652452236327,776.2592436573354,729.3334176802229,752.3997802734375,2705649,23.41223525737105
2024-02-26,757.7532612446471,759.7360434899533,743.8737855275031,753.1102905273438,989763,28.606778610036727
2024-02-27,756.9766747383447,796.1201046803569,753.4572483774713,791.8240966796875,3614343,40.022664153851245
2024-02-28,796.4175385480693,799.7222160609822,754.3330325563657,772.392822265625,3113067,34.92351364138149
2024-02-29,766.6593040858556,786.5036467745704,755.8862148689371,782.1580810546875,1199655,39.525582187031134
2024-03-01,783.1990123613142,788.4533733802764,768.3281450379981,772.1119384765625,1929378,47.3619544312518
2024-03-04,781.6788523472844,781.8771426713319,763.3711551049446,766.527099609375,762198,47.6984699069011
2024-03-05,768.0967586793932,768.0967586793932,751.4744389322428,755.7704467773438,956667,44.130256185288715
2024-03-06,755.7704798301756,769.9804596103,743.5433428072494,759.7525634765625,2189610,47.53214991445719
2024-03-07,754.7790716288359,759.8352025513527,740.238709149403,741.510986328125,1550508,44.41443723460712
2024-03-11,741.5109932501625,741.5109932501625,723.8311447719188,728.3750610351562,1684143,41.26488103833691
2024-03-12,728.3750773740913,728.3750773740913,680.7552646962989,710.017822265625,3540390,38.097537721955064
2024-03-13,740.2387238568195,750.1526350669121,651.8231429122203,664.7938232421875,4970817,34.95218307424345
2024-03-14,664.8930488044807,693.2963702576675,652.2031930907593,676.9384155273438,2402718,39.16460497233198
2024-03-15,679.0533625168533,692.1562566076153,669.53597142019,688.1576538085938,1434987,35.21899844935723
2024-03-18,686.3730981601574,686.3730981601574,664.2320499968336,672.6588745117188,2174247,32.668910656761554
2024-03-19,674.1459479662861,676.128730166187,641.4465608189407,646.601806640625,2106249,16.91141581061484
2024-03-20,651.0135522836458,674.1459926457013,651.0135522836458,671.88232421875,2790846,27.69347553760062
2024-03-21,689.3473008286728,749.2273511902491,685.7287593948398,741.26318359375,6039216,42.82317878609876
2024-03-22,743.2128765214451,751.771854022612,723.715498181359,726.2930908203125,1888842,42.09566039229824
2024-03-26,734.9512796818591,768.328134961938,731.9771062561999,763.437255859375,3695259,49.51930417608295
2024-03-27,770.6413165604492,818.0298588306239,765.6843611355113,814.13037109375,6939876,58.075725770474726
2024-03-28,822.2597869040369,849.2917130158936,798.3176680905453,831.4136352539062,5044320,59.56423526115011
2024-04-01,845.1279235947098,900.1831711483778,836.0731894502846,895.5236206054688,9280776,68.31308668482099
2024-04-02,898.3820927442283,917.7307380216146,882.6685077662336,910.8735961914062,5563455,71.58658266683301
2024-04-03,905.4705404680392,951.7354797946265,900.5135848441089,945.5227661132812,4646682,76.82259193580117
2024-04-04,953.0573427811271,970.2414964612464,917.532513257122,955.1062622070312,4809942,85.98638072328973
2024-04-05,948.4308645737659,969.9109653093066,941.8215702268315,950.2814331054688,2663814,84.50912449986855
2024-04-08,954.3462062198372,959.2370249071405,915.4010043355225,925.8602294921875,2370213,79.04149009074442
2024-04-09,925.9592893264457,929.5282730899867,903.1572939790065,907.3541870117188,1593798,78.46490699497184
2024-04-10,907.3211774699362,958.3447825414011,890.8310100450573,946.2828369140625,3871380,85.2461948982765
2024-04-12,945.2914829080096,976.4872665349704,930.2884015940987,934.8653564453125,3536700,81.97266241246449
2024-04-15,907.6846585843371,948.0508089383437,900.5135920238955,920.0935668945312,2969838,75.07062232700889
2024-04-16,920.34137400113,943.1598881960578,919.7796018533577,937.1124267578125,2031522,79.38641552608536
2024-04-18,944.6966283746418,956.8576888222378,907.1228804871891,919.0526123046875,2191128,72.91037356747377
2024-04-19,906.1314862049367,925.2983610751079,893.3259973660168,914.9052734375,1840695,67.19286334603025
2024-04-22,924.0426374644717,948.430896299343,924.0426374644717,942.251220703125,1670124,68.2819103858065
2024-04-23,949.1909226999971,1073.1478512515334,948.4308602071188,1057.434326171875,12193113,72.85533380007612
2024-04-24,1070.983397561012,1078.8649093069787,1014.5236558042834,1034.3349609375,6382407,67.05469617498593
2024-04-25,1036.3342911929317,1065.0846355246351,1034.3349291630957,1040.151123046875,3704553,64.20316953116625
2024-04-26,1028.072573837641,1067.3316373135738,1028.072573837641,1060.9041748046875,2631858,65.36448837039859
2024-04-29,901.6537037863824,956.6759109035276,863.2042596136241,915.7975463867188,33735531,46.44184538555366
2024-04-30,933.4938289477791,953.3877879207347,918.028152101147,922.0432739257812,7261494,49.59080661812731
2024-05-02,949.0917998255042,958.3448244828185,935.2123233492482,944.7131958007812,6126543,53.969600444529874
2024-05-03,954.2800146061413,956.4941254399876,929.7100464696242,942.0693969726562,2830287,49.51489249745651
2024-05-06,950.0831255337444,950.0831255337444,917.0367754183038,940.2353515625,2318283,50.63221701207149
2024-05-07,943.473900461904,943.473900461904,904.8096468737555,927.7603149414062,3082413,50.90752482955913
2024-05-08,917.0368343730677,935.2123190285748,915.533228462401,931.7094116210938,1663095,49.340015659558624
2024-05-09,922.3242050604111,953.3878344979089,892.2520272740423,895.6062622070312,3470535,47.256917919546346
2024-05-10,896.3827807642878,908.4942830906026,872.4406621806575,875.728759765625,2548032,45.57929483379138
2024-05-13,884.2878420639962,884.2878420639962,848.944724379086,858.4290771484375,2186991,40.32202643084883
2024-05-14,862.5102966750179,895.5401288734499,859.2552371482483,886.5184936523438,2209614,25.29850918740189
2024-05-15,897.9690641143732,948.1003944025119,897.126405830577,938.8143920898438,4480512,37.26932598749196
2024-05-16,953.0573374569084,953.1895511812695,921.6633247542254,931.3624267578125,2026713,35.56393810355641
2024-05-17,931.9076793168659,940.4336189875816,910.4440367542463,919.6805419921875,1699452,30.797591814879397
2024-05-21,923.3155524992865,923.3155524992865,898.8612791749845,900.9431762695312,2611626,46.92270693150231
2024-05-22,903.8182795879243,910.4275135400205,876.3732519548649,877.6620483398438,3300306,41.41196562622536
2024-05-23,877.8768600201238,886.9481132123593,861.5189061067052,863.8156127929688,2825529,33.79237329587252
2024-05-24,869.1195851826863,912.079847694022,864.8069974230878,902.198974609375,4130778,43.01269046880993
2024-05-27,904.4626665865894,906.7263350113107,876.3897895760264,893.40869140625,2007516,41.98892996944298
2024-05-28,895.5566241740042,900.8440838162117,886.3201797160484,893.0946655273438,1442682,43.81194192075357
2024-05-29,888.9474219912944,891.5745722447523,868.2438418113795,871.4989013671875,1577238,39.889010538710096
2024-05-30,872.424209542384,881.0162863214181,838.1551383565102,844.2686767578125,2911680,41.11421959392148
2024-05-31,850.1014218798372,893.9044052009227,829.2656878449806,890.2197265625,3787668,52.30052967801499
2024-06-03,924.9679484635105,931.9076865548767,892.252040318499,894.8627319335938,3464808,56.026239165360494
2024-06-04,892.2520605452534,892.582504101476,801.3745156901834,844.9957275390625,5349744,43.59353791176018
2024-06-05,847.6394107148592,884.8165778514758,810.3961669725896,879.9091796875,3243504,40.39652449003027
2024-06-06,892.5824621137675,904.479155694742,886.6341153232802,892.632080078125,2552427,43.79237575810224
2024-06-07,892.6320333954238,894.9122207772526,876.5549666484128,886.237548828125,1808727,44.54740680148632
2024-06-10,886.2376078681572,898.2003782266429,877.1002780717308,879.2648315429688,1531260,46.324531669556585
2024-06-11,883.9904635223517,888.8647630103737,881.0162900680817,883.1312255859375,2243352,50.99262303853182
2024-06-12,887.2950583507467,898.5308042828632,882.3381027175022,893.19384765625,2229621,55.40622775405001
2024-06-13,895.2261859830157,908.3125609365372,893.8547333554012,904.2147827148438,1563909,50.41249234702863
2024-06-14,910.4617631263467,923.0055746095528,897.7518495441078,916.7420043945312,1575462,54.7027449131803
2024-06-18,917.1074985947882,918.6360029800115,905.4774919184778,909.9135131835938,1405050,53.30304226062533
2024-06-19,909.7972624449153,909.7972624449153,897.1703995041402,900.2440185546875,1297749,55.92267523427365
2024-06-20,903.8160952412181,903.8160952412181,861.2835537855372,877.0504760742188,2454516,56.86865387699376
2024-06-21,877.5655287618589,887.2018235307328,846.3307282894293,850.7169189453125,2246088,40.98174763039119
2024-06-24,847.3275926398047,847.3275926398047,828.0550637549668,830.0321655273438,2889819,36.209643579740664
2024-06-25,835.6975889850497,845.6661489365345,830.7133090093073,837.5418090820312,1361511,48.065929283564785
2024-06-26,841.3464508840526,849.3379089699212,831.0456259923885,844.3702392578125,1614534,39.205452167103694
2024-06-27,847.3275907993552,852.3118707452338,839.0204778373113,848.5902709960938,1750407,35.89419586393484
2024-06-28,857.628394425131,878.1304433780326,850.667012884181,858.1434326171875,3301551,41.18040418532928
2024-07-01,863.9418504878765,870.5044652631686,853.9899011183157,855.3356323242188,1750326,42.28618267015785
2024-07-02,850.6504067294208,850.6504067294208,825.0644774166685,826.4268188476562,3238503,34.26175982609833
2024-07-03,829.0519039758802,833.870020894623,813.1022084178242,816.6742553710938,2184840,28.725462612418312
2024-07-04,816.7573143760017,830.3810330789521,815.4281933476384,816.5413208007812,1616826,24.053496931451505
2024-07-05,820.0802165720395,820.2795390958805,795.8233468651167,799.2625122070312,2508012,16.183614939770223
2024-07-08,800.8076107094952,804.1305045122933,782.8642032101211,790.9553833007812,1789026,16.047014800568604
2024-07-09,794.1619313591348,815.4115612486762,773.5602213346011,776.4178466796875,3498687,15.613145856935688
2024-07-10,774.5570771226324,792.168219277378,745.9805194616463,749.05419921875,6903681,15.259715841114087
2024-07-11,754.9522505692596,793.4973691860157,754.9522505692596,775.0721435546875,7043004,29.433534567733233
2024-07-12,784.9410164983424,792.5004872380805,776.9827790377847,785.4560546875,1855986,37.16143263318474
2024-07-15,790.8390355564858,793.829603414695,774.2248102397177,787.9315795898438,1986903,35.28482284520871
2024-07-16,787.5162377347366,798.9966919121628,785.8547907917618,787.9814453125,1227282,32.573426056356624
2024-07-18,785.8547843391502,786.4861548590054,758.9396726375691,764.38916015625,2261184,26.760814876032498
2024-07-19,759.6042529073555,761.0663164497081,746.2463585058014,748.5557861328125,1703772,20.767606670287577
2024-07-22,737.6733984023097,763.5916529407692,724.3820060995704,733.80224609375,1665978,19.52337644726245
2024-07-23,733.2872209184279,762.5948105228857,702.7834528348162,739.7667846679688,4473195,25.442568488459457
2024-07-24,745.9805438339738,809.1147969493155,745.5153362606209,801.9706420898438,6467664,46.78812995738377
2024-07-25,797.484786771481,827.5566292204093,784.5422691966182,820.1798706054688,4317369,50.73663446006996
2024-07-26,821.8911390455623,823.336592374215,804.6953735214165,813.268310546875,1347549,52.95975590471761
2024-07-29,819.5153023760432,821.7250079797177,805.4596569570434,810.8593139648438,1328373,54.31370380678349
2024-07-30,810.7761456300988,817.4052619796677,800.0599442568874,801.5718383789062,953781,55.57847643133876
2024-07-31,789.210870631699,866.5004274548481,788.8453243323086,849.4708251953125,10280913,70.41062268535634
2024-08-01,867.5969695778521,883.878991182955,854.388627813435,878.3131713867188,5425512,70.74650326878351
2024-08-02,855.6347029787432,870.2552777543672,849.603736418399,851.8798828125,2209836,62.539191887814994
2024-08-05,812.1053825684406,826.925280180653,777.5476872964019,793.3644409179688,4511538,50.84649116800794
2024-08-06,809.2310720851017,827.390473522026,766.2832133691118,770.0214233398438,2738472,47.391032885237074
2024-08-07,790.839081498621,802.8013536263812,778.1790588380179,797.0029907226562,1844952,54.691459979149656
2024-08-08,882.8821314768242,882.8821314768242,840.681854511994,863.8753662109375,10929666,64.46462551744793
2024-08-09,872.2323432464847,890.8569514108627,851.3648092017911,880.7222290039062,5319696,68.33202114908957
2024-08-12,863.9418463359835,878.8946856330875,852.6441049715546,854.5215454101562,1954155,63.63026606879749
2024-08-13,859.9544396721658,869.8564977190974,845.3338651201334,861.3001708984375,1869564,58.11553835618886
2024-08-14,867.2646674118121,867.5969324439106,839.0204360722068,850.5507202148438,1248081,54.24090150563441
2024-08-16,854.9701891655104,889.5278235213224,844.8520763546219,879.2103881835938,3863127,58.680728805352956
2024-08-19,887.849790833696,903.8160965063852,879.2269623868162,889.261962890625,2372391,60.117479581113734
2024-08-20,891.687672470042,918.1043558914574,881.2206846992924,898.167236328125,4047696,62.47747325133379
2024-08-21,903.1515203662027,915.2799551040101,884.6432438447891,893.8143310546875,1629333,56.45403722448434
2024-08-22,894.5120484340886,913.7846372821003,887.0356288404439,906.0922241210938,2293833,54.24796912631458
2024-08-23,906.0922318678249,930.3988704381262,897.5358443642167,911.0100708007812,4193580,59.679091705639564
2024-08-26,915.5790112177955,919.4334926725794,900.5264491835404,906.3580932617188,1152153,72.45593571735978
2024-08-27,908.1357825152497,914.9310011064936,890.8569661001076,897.25341796875,1470462,76.80245527821815
2024-08-28,918.7689647147871,942.1618602370348,910.9602188382577,923.96923828125,4713192,76.77645336706131
2024-08-29,925.0823657141905,942.6935086184285,917.8385495216402,934.3032836914062,3240267,69.50400715056725
2024-08-30,943.3580303241494,947.0131892303359,932.3926144488507,941.248046875,1986060,67.73440358588493
2024-09-02,943.5242016277851,943.5242016277851,914.1169497017211,918.8021850585938,1693917,69.25834170832218
2024-09-03,917.1407258040497,923.1550821290948,897.2036061217957,907.7869262695312,1309488,63.582529794970654
2024-09-04,898.8318110911222,935.3831557374905,897.5026292486388,917.2237548828125,2265771,69.63114958851486
2024-09-05,919.7658141994889,961.9660308503516,919.7658141994889,960.5039672851562,4593615,72.03855208615315
2024-09-06,964.3252119862262,974.4101040360908,932.0603353658358,938.4568481445312,2168640,62.52221269688474
2024-09-09,936.778800097088,946.6809190894157,910.8937649516,941.9624633789062,1666857,61.46286929497238
2024-09-10,943.6903517895319,953.6589116294098,934.768478564189,947.2457885742188,1333026,63.917251413551206
2024-09-11,947.3454330171298,978.8793384776453,939.9687353725348,957.6130981445312,2190396,63.554510740929864
2024-09-12,959.6400610038124,965.2888710968618,940.9490110416749,953.3265991210938,1153908,61.170067080271416
2024-09-13,960.9691604134384,975.4235720586613,954.9880245602428,964.5245971679688,2262765,64.84101889434564
2024-09-16,983.5645800664068,1149.3749365869671,981.9031331640612,1140.3367919921875,31976859,83.51276129108696
2024-09-17,1136.4157815314422,1181.938829293775,1101.5258233265295,1107.739501953125,12246828,74.93123171492287
2024-09-18,1112.4912214741735,1310.8655521850699,1111.494365540953,1294.6334228515625,46895184,83.0508856025388
2024-09-19,1294.5835480327135,1294.5835480327135,1188.2356166307927,1233.17724609375,18736551,74.34262264478588
2024-09-20,1241.0856806508618,1345.75555733226,1222.494292503005,1324.140380859375,20518782,80.33319712980526
2024-09-23,1329.4735872864521,1395.5984096386485,1294.6002980993119,1306.6622314453125,15611166,79.5635851776496
2024-09-24,1313.1916109495091,1354.7272349365314,1299.6342726914384,1322.54541015625,7338030,79.75702159762216
2024-09-25,1326.81530691785,1330.138200740524,1271.3569184498356,1275.26123046875,4750377,72.97310155890627
2024-09-26,1307.542651246812,1309.1874878647895,1241.085629963546,1249.0771484375,5730153,72.53507187865394
2024-09-27,1249.3928017267529,1253.2472220722918,1204.5342850360034,1211.49560546875,2925336,68.63298087035832
2024-09-30,1189.5814765322996,1270.9913387110994,1189.5648054793924,1224.3551025390625,8310687,68.95814130536178
2024-10-01,1244.4085536288421,1302.5584030216312,1226.1660410377172,1282.255859375,10898970,70.85378251550327
2024-10-03,1262.6841687096132,1407.2282821394099,1244.4251066977758,1313.7232666015625,33666390,72.36933853612973
2024-10-04,1322.4955097391237,1393.7042687854919,1279.6307042142828,1365.077880859375,22813737,73.68130816118372
2024-10-07,1392.2754925099034,1415.5355061782936,1256.3874229949577,1271.47314453125,18471468,58.58774485531834
2024-10-08,1283.9006439596446,1420.519808225329,1273.0350108459475,1409.7703857421875,21072588,67.37390066535525
2024-10-09,1431.1527917417368,1460.3939396275082,1382.3068510989053,1389.301513671875,16570605,56.73522368413967
2024-10-10,1401.9118078550937,1445.1088183989345,1384.1843941175455,1400.9647216796875,10436880,62.84761797760791
2024-10-11,1417.1969054171814,1511.8982253712531,1411.780638261605,1494.1043701171875,19460430,62.97104094200083
2024-10-14,1507.2462254079203,1658.0373618003673,1507.2295543547248,1598.126220703125,38131941,69.64808812238782
2024-10-15,1614.9067317078134,1624.011317457414,1551.7724773545924,1579.10302734375,12606870,67.22208037014542
2024-10-16,1520.2054072571616,1536.8196334409668,1468.6680004857415,1502.54443359375,18922134,64.6800020310223
2024-10-17,1504.7708013398192,1514.1578214336198,1395.5983984104525,1414.721435546875,10883109,59.90975056159425
2024-10-18,1407.89300778966,1476.3437463751989,1362.7021615765677,1420.453369140625,17133642,62.99626704534757
2024-10-21,1435.8049368702846,1481.6603119433046,1432.515263462177,1440.257568359375,8399076,63.31318999198953
2024-10-22,1448.764052087175,1450.0931122578054,1346.1211074701364,1359.1300048828125,8449722,54.608286196955206
2024-10-23,1365.692643172731,1462.0553438563234,1332.796397023315,1419.921630859375,10116579,56.149936300527486
2024-10-24,1427.1654213201061,1455.3432734895973,1420.7025285766224,1437.117431640625,6044799,54.343649293090124
2024-10-25,1437.1007519250693,1437.1007519250693,1327.0312799380147,1349.9921875,7136559,54.77161629091824
2024-10-28,1369.0156310790596,1411.5481137174093,1358.08343536274,1384.034912109375,5329038,48.20912676400908
2024-10-29,1390.9463857887592,1428.826912151834,1374.697585016307,1423.5269775390625,4742361,52.320242544894164
2024-10-30,1426.5008656132845,1503.2587738258792,1415.0702425981954,1442.334228515625,9406821,52.77765255947218
2024-10-31,1450.4254967478032,1492.725436394436,1433.8444908727515,1483.8533935546875,5852634,49.26045982250895
2024-11-01,1489.4024515379715,1503.2587735893949,1466.890202443333,1483.205322265625,1532865,40.25582808776453
2024-11-04,1476.67607895636,1515.2211375061845,1452.7515346799466,1466.5911865234375,6472092,40.42095951181966
2024-11-05,1477.008185894165,1536.8195426460527,1462.8196597183974,1529.49267578125,8041224,52.34894544309265
2024-11-06,1544.462254765461,1599.9538643263397,1534.6431259124338,1556.6072998046875,9576756,63.8312992481568
2024-11-07,1566.908032366929,1627.3341508748508,1561.7409793633701,1618.9107666015625,9629979,67.42421238259718
2024-11-08,1629.5272525387963,1651.1258805741502,1545.2264787433328,1559.714111328125,9576687,59.80953274535561
2024-11-11,1553.4339421232023,1577.6076996287777,1515.2210890092601,1536.2049560546875,5962818,66.06088574368005
2024-11-12,1553.4338955946112,1589.6196935587504,1535.5070378654027,1554.4971923828125,5430138,63.22578524437116
2024-11-13,1574.218406775229,1591.314511616975,1479.2346517740673,1492.559326171875,10943595,55.00826366813356
2024-11-14,1494.9516554764703,1550.1110606846578,1493.6225952840468,1511.167236328125,5635623,66.61643609432844
2024-11-18,1516.5503049082185,1575.032483128889,1485.9302032682886,1563.7347412109375,7523148,67.84465643756363
2024-11-19,1577.690638813534,1614.2421046748896,1559.6143500842409,1570.8289794921875,6986577,65.63337897125018
2024-11-21,1575.03246498488,1600.9507207377958,1518.5439994189044,1560.1295166015625,7241706,62.72070910598492
2024-11-22,1570.0481743182547,1589.8856327310723,1548.815093190961,1568.3701171875,4594842,59.83375976152216
2024-11-25,1608.2609520154365,1646.473681803722,1524.2426189169291,1557.3548583984375,36848079,58.42427234689364
2024-11-26,1527.8479158227647,1548.117361634935,1459.3971779997069,1472.3895263671875,13147269,50.57020235341119
2024-11-27,1481.3279642304883,1494.9516218588603,1422.1811364020461,1487.3922119140625,8957277,45.42929775516917
2024-11-28,1504.5879512686056,1528.5124940183546,1485.3984742714113,1519.8564453125,4793631,46.05590017358268
2024-11-29,1532.832129356048,1564.6650790034546,1524.026649564973,1552.0216064453125,6712614,42.32497005377435
2024-12-02,1548.4496487541414,1557.7203362719627,1505.784164523343,1516.5003662109375,4738488,44.75666830480514
2024-12-03,1519.2085374903768,1536.4874153118467,1492.791853603569,1499.8695068359375,3827790,45.516407004081415
2024-12-04,1507.3459378990085,1526.8510708007996,1490.4990471098859,1519.2252197265625,4303485,45.65902718268539
2024-12-05,1528.1801764331847,1744.4979183027224,1525.688036549895,1726.18896484375,35839431,71.1892077410212
2024-12-06,1754.948279727409,1809.2936016285664,1743.3682253431157,1793.1611328125,18892569,73.51288575848872
2024-12-09,1786.698186078574,1863.4394230811947,1764.40180890796,1816.6370849609375,12259188,72.1623839718687
2024-12-10,1823.2495990427942,1839.4318377675756,1778.4077507103143,1816.387939453125,7254930,71.78016404046161
2024-12-11,1813.945574277946,1853.7865934215827,1803.329155343203,1844.91455078125,4759470,74.4850544085732
2024-12-12,1857.3587300851548,1899.9078834382183,1851.5104757419656,1864.353271484375,6046395,74.96708048260815
2024-12-13,1862.4592443447177,1878.7411437708356,1821.2558244303532,1872.4111328125,5323011,76.70921680494168
2024-12-16,1879.0735535159495,1905.971994369421,1867.4436074515884,1881.9976806640625,4867221,89.8133435467811
2024-12-17,1884.7887214907473,1916.2894669448826,1878.7578159888992,1903.297119140625,4324800,89.93652762132719
2024-12-18,1909.6437449936273,1911.0725881330418,1848.1709996974712,1871.5804443359375,4058544,83.82222748104184
2024-12-19,1827.569356243964,1928.1022585356643,1812.6165163883857,1924.413818359375,5990652,84.44070379841155
2024-12-20,1934.2329101743398,1939.865049062871,1831.639735338817,1841.8077392578125,4851843,77.67570511350607
2024-12-23,1860.797746555635,1875.4183817216206,1802.6478968325491,1843.61865234375,4435104,80.00116766198488
2024-12-24,1846.8252918538715,1849.1678791154463,1801.6178966128014,1810.8221435546875,2915256,74.8661217851428
2024-12-26,1810.6227914794815,1819.8769297449228,1780.1522431495487,1808.4130859375,2569077,60.76854799979792
2024-12-27,1818.7637799309884,1824.7781363781132,1746.8738153010952,1753.9681396484375,3015999,44.692918237925014
2024-12-30,1744.4979540201593,1783.7076628822144,1735.0444933230358,1763.9366455078125,5874153,42.59293446221988
2024-12-31,1763.7705544219475,1777.7265381412599,1733.0009007243912,1769.55224609375,2706738,43.515052971043396
2025-01-01,1770.41618179937,1807.1669705754991,1759.7830921405255,1802.9801025390625,2473389,44.27143939158964
2025-01-02,1809.775337017122,1827.5693133771085,1781.0160667067655,1816.3380126953125,2476923,43.32994071337267
2025-01-03,1825.4260973641435,1847.9716895348831,1765.4651850142457,1774.320556640625,3176421,37.54850850111288
2025-01-06,1777.726466774076,1786.8642723279465,1679.68558773256,1691.0,3817821,29.577895693909056
2025-01-07,1691.3322736721836,1815.9392712827698,1691.3322736721836,1790.4530029296875,6021834,39.66209477619969
2025-01-08,1791.6825091004282,1807.2832077263365,1746.8239903221152,1794.4736328125,3800709,42.558441292222135
2025-01-09,1794.4735799395714,1803.9769318216438,1724.9096574628454,1729.628173828125,2893500,31.627271081815366
2025-01-10,1722.716655461254,1747.8208276682265,1683.523618104534,1701.84912109375,3925527,35.27580456214133
2025-01-13,1684.852685168949,1744.4647206291131,1669.102433913105,1713.4625244140625,6251274,36.583777357737496
2025-01-14,1752.8051211882614,1826.8714467491561,1728.5649230753727,1810.5728759765625,7227348,49.97731389394012
2025-01-15,1844.1836068765376,1930.2455490929508,1844.1836068765376,1922.6029052734375,10900698,58.66380837729716
2025-01-16,1937.2234585459778,2003.9795875285577,1931.9235239103252,1991.9342041015625,8259705,67.65612127561988
2025-01-17,1986.069425051671,2001.9027883139827,1952.1763219534732,1993.296630859375,3597489,67.23772319892697
2025-01-20,2016.971998543352,2038.0388560665956,1965.4511417772992,1986.9998779296875,3832356,66.32572615819173
2025-01-21,1994.0275969371603,1996.9350529572228,1907.8659962810068,1923.8988037109375,4172727,58.691191185043266
2025-01-22,1927.2549349167793,1932.2392148159724,1861.130114358646,1913.531494140625,4651524,57.01607228111767
2025-01-23,1915.5916918309451,1977.0977802402394,1899.4260021999662,1963.7066650390625,4069887,63.51201104614574
2025-01-24,1963.8063058116188,2010.2597707386906,1931.3253741507838,1939.084228515625,3725880,69.31793986181388
2025-01-27,1897.0168973319162,1915.0599659224672,1784.7044994113098,1808.0142822265625,6137661,51.30329662604332
2025-01-28,1808.0143253075362,1823.5819254149562,1705.172056583643,1713.5123291015625,8450283,44.702918240918564
2025-01-29,1711.269352034495,1789.1571200333447,1706.6340691843457,1781.963134765625,5106936,53.40805823162027
2025-01-30,1801.8339023443018,1803.2792948787496,1725.242091968857,1740.8096923828125,4410945,52.49367956360197
2025-01-31,1746.1593531553976,1767.3093223354106,1733.8814265452786,1763.08935546875,3307665,53.13358996506321
2025-02-01,1768.920964291443,1817.4180328174084,1744.8303182919324,1795.6865234375,3763836,48.97665718699677
2025-02-03,1771.4130372421532,1807.632177609127,1751.1435922020642,1799.4578857421875,3367482,40.05420476347282
2025-02-04,1816.9361300463372,1858.6878706797836,1811.6029748777405,1849.2841796875,3765051,38.104087667774564
2025-02-05,1866.9284471505637,1945.5305155632993,1850.8291989969869,1938.2535400390625,6223398,45.995017942406314
2025-02-06,1946.5273931324255,1946.5273931324255,1834.2149938535654,1850.01513671875,5869194,41.09476028490317
2025-02-07,1827.5693509238356,1910.2086149358809,1815.307973603346,1902.698974609375,8037120,48.602897770978814
2025-02-10,1903.9948769759312,1925.5768327721505,1860.7977449640427,1870.6334228515625,4127682,47.25155210766139
2025-02-11,1877.4121478922664,1882.0807729858063,1711.6017282933285,1723.6138916015625,7226934,36.315597591571894
2025-02-12,1725.889991642642,1805.9706725919184,1676.080414091054,1779.487548828125,12795258,41.21648276640457
2025-02-13,1782.378424963706,1792.66263921099,1729.8773858942106,1746.308837890625,5861415,46.19388707050583
2025-02-14,1772.7422973497887,1772.7422973497887,1683.3574613846022,1701.483642578125,7142661,49.209609335784364
2025-02-17,1694.4890755603128,1739.1813711802045,1651.79037022762,1730.7745361328125,5759442,46.453968659332816
2025-02-18,1730.8743158336667,1736.8554517436085,1691.332280638037,1723.264892578125,3758523,48.725181407997475
2025-02-19,1712.9308614018883,1885.6194850397542,1711.2528043147029,1871.0986328125,11830863,56.63705834681279
2025-02-20,1889.7066022351135,1988.0631395345963,1862.2930629295436,1980.1380615234375,14665710,60.360983660108765
2025-02-21,1973.7416543091417,2009.478917476417,1898.1633716691415,1913.2325439453125,10079220,55.967662871438264
2025-02-24,1877.4121275219804,1907.9823368713649,1856.1458261517666,1863.8714599609375,4462383,50.765499770476275
2025-02-25,1877.412156149404,1882.5126467310747,1824.246462756441,1828.23388671875,5196522,43.884146338980834
2025-02-27,1832.5368757340518,1835.5441146119963,1701.3007666672088,1715.4229736328125,8244900,42.717152351012196
2025-02-28,1701.3007737053308,1727.5513541751461,1512.2969107076037,1539.71044921875,21537918,32.66636339429404
2025-03-03,1533.4968307020165,1533.4968307020165,1443.3311338538206,1448.581298828125,19020465,30.92208629640662
2025-03-04,1422.8790053241544,1516.865900244701,1391.2785982891337,1479.882568359375,19251951,37.69542436598663
2025-03-05,1428.82693749824,1452.967474462397,1340.804506265873,1428.52783203125,32713731,32.20087528945396
2025-03-06,1455.4097331721362,1456.655803149167,1400.5826541827748,1413.3590087890625,14681475,32.80005478707767
2025-03-07,1405.5336913194922,1437.0675359203576,1382.9880997771986,1388.3878173828125,11041449,33.48696852128954
2025-03-10,1385.6298206587867,1406.829681416581,1321.1830568210576,1328.7923583984375,12517161,29.455718194350027
2025-03-11,1302.558406519484,1322.1466503607323,1223.4745819281572,1265.9239501953125,21787773,27.87823127267437
2025-03-12,1284.282793988528,1352.0357784072066,1284.282793988528,1333.9261474609375,18983265,21.842122741891572
2025-03-13,1333.9261727794876,1348.8624629990761,1295.9127641475643,1304.63525390625,11311809,11.36052627205666
2025-03-17,1319.039765326631,1337.4483802749353,1296.2450814778401,1316.6307373046875,8727396,13.586302490104146
2025-03-18,1316.6307373046875,1316.6307373046875,1316.6307373046875,1316.6307373046875,0,14.457439112993882
2025-03-19,1383.6361433502216,1466.4583041645683,1380.8116774233788,1459.5467529296875,15512586,28.983014450388808
2025-03-20,1473.3531020678597,1512.8950144028624,1447.1025213470582,1488.0068359375,16108614,35.656797202364345
2025-03-21,1491.6288085947901,1611.5837253006478,1480.3642878247715,1588.24072265625,21103122,53.382902032328
2025-03-24,1608.2610044168998,1631.1554712916468,1535.7230615948395,1546.8048095703125,17437431,57.35652640103655
2025-03-25,1556.4244707577113,1587.426666603423,1533.7625471606825,1545.675048828125,12418947,55.16081909422249
2025-03-26,1551.772372545354,1557.4213039957854,1479.6665406837594,1486.8770751953125,8879835,54.52413641928066
2025-03-27,1545.1268188199601,1573.3711130594893,1521.2687153711604,1556.540771484375,20801976,60.236613887014954
2025-03-28,1661.426544350932,1838.999906983224,1661.426544350932,1820.8570556640625,56319333,73.03539196970564
2025-04-01,1842.1898620806462,1852.656849933377,1804.30933461362,1816.2716064453125,13947345,77.58183941459032
2025-04-02,1817.2683826257924,1887.3806244558457,1804.3092553772267,1879.0235595703125,14559132,84.69407942545499
2025-04-03,1852.8228827038727,1923.0015658277237,1848.0048267429668,1867.7259521484375,13500360,82.27814389644746
2025-04-04,1868.5898388191633,1880.6186729475473,1815.2082748059147,1833.36767578125,11404995,81.77698557005502
2025-04-07,1661.4432325229084,1744.4979321336198,1654.2325761706127,1722.052001953125,12643101,71.76729078872808
2025-04-08,1794.340757488373,1847.1242327632144,1778.5738350201268,1840.2625732421875,10422066,74.94736709872559
2025-04-09,1827.6357883491708,1864.1206930850824,1796.866134477029,1843.63525390625,9485910,71.10539169817598
2025-04-11,1893.1623516429372,1902.0011736136614,1854.8166175635188,1875.6676025390625,7930965,71.21838456243671
2025-04-15,1910.972918645853,1985.4047914512103,1901.0043588198444,1979.7559814453125,7914093,71.33931737721366
2025-04-16,1989.3922038348342,1993.047423540836,1947.1920486073489,1970.6181640625,6664080,73.94267543069009
2025-04-17,1963.4739839002964,2007.003443465089,1949.0195719754163,1970.7843017578125,7753470,74.04206141383402
2025-04-21,1987.398547695147,2097.7172383320076,1983.7434495730163,2088.413330078125,12255681,81.89732367965664
2025-04-22,2109.3471253717557,2129.2842437590125,2068.4760326778796,2073.958740234375,10094400,79.14318905373028
2025-04-23,2093.0654201194407,2146.230992946387,2068.476224042616,2139.585205078125,11014368,73.12885850655921
2025-04-24,2143.2404121368963,2181.120940351409,2133.271852080446,2157.69482421875,8304210,74.29881575223112
2025-04-25,2168.1616624134263,2191.421553146391,2051.031089846264,2094.560546875,12844959,65.33125082162138
2025-04-28,2093.3975592930324,2192.252525161773,2084.0936512649664,2181.287109375,8723934,70.14236212124658
2025-04-29,2193.4152476946583,2262.1983067865435,2180.2901402132507,2206.872802734375,11040702,74.2665057229145
2025-04-30,2216.3430141862846,2216.3430141862846,2100.873946042198,2113.00244140625,7386837,75.98905018982181
2025-05-02,2113.6667781262536,2162.8451663093983,2088.7453798486567,2099.04638671875,6750618,69.97127657670303
2025-05-05,2110.011790870186,2152.3781677194133,2083.4288850561315,2144.4033203125,6594636,71.79875961036548
2025-05-06,2151.5472846375105,2169.6569150180726,2066.8145312368506,2075.121826171875,7534017,63.71529372065752
2025-05-07,2116.6573927899494,2275.323713128435,2110.8424808540904,2210.528076171875,32617395,65.21357681472733
2025-05-08,2235.947896887262,2290.7749741626963,2203.383854714477,2222.98876953125,15815844,66.56487786305047
2025-05-09,2159.854752819302,2209.6975529353394,2153.8736168053774,2183.779296875,10559544,63.298763836246216
2025-05-12,2292.7688569016873,2341.6148021139406,2281.138788822038,2311.210693359375,11883684,63.74257663109312
2025-05-13,2325.9971526494055,2440.9680353103417,2319.8500364945517,2430.833251953125,16155834,69.48477563205373
2025-05-14,2450.666748046875,2474.166748046875,2417.166748046875,2449.0,9444795,67.81690313108106
2025-05-15,2450.666748046875,2450.666748046875,2370.5,2382.666748046875,10080171,62.27286832855863
2025-05-16,2400.0,2438.333251953125,2397.166748046875,2426.333251953125,5439912,68.49193681171016
2025-05-19,2438.333251953125,2491.666748046875,2427.333251953125,2486.333251953125,6779835,67.5243895905208
2025-05-20,2511.0,2529.333251953125,2454.0,2461.833251953125,9830418,64.6653443789854
2025-05-21,2466.666748046875,2490.0,2400.166748046875,2435.0,8333151,70.06904019340749
2025-05-22,2435.0,2440.166748046875,2298.333251953125,2332.166748046875,15080493,63.08045610450326
2025-05-23,2358.0,2488.0,2335.0,2448.0,16556320,65.78637615573358
2025-05-26,2480.0,2526.0,2435.0,2450.0,9288433,70.95938645479887
2025-05-27,2450.0,2450.0,2395.5,2404.0,6553028,62.01852627568717
2025-05-28,2425.0,2438.0,2385.0,2404.0,5094893,61.42128022990999
2025-05-29,2429.0,2470.0,2391.0,2464.5,6162725,67.24921527105627
2025-05-30,2472.5,2690.0,2469.0,2674.0,18465797,70.2497117180514
2025-06-02,2690.0,2735.199951171875,2647.0,2693.300048828125,10992168,66.4976689797835
2025-06-03,2720.0,2787.800048828125,2692.0,2764.89990234375,8663975,68.60643894380706
2025-06-04,2779.89990234375,2815.0,2711.0,2797.10009765625,6827661,75.43264985318896
2025-06-05,2821.10009765625,2918.0,2815.0,2909.800048828125,11094118,77.3516012512555
2025-06-06,2939.800048828125,2985.0,2920.0,2933.199951171875,10365779,76.37316181238167
2025-06-09,2970.0,3024.89990234375,2935.300048828125,2994.39990234375,7298847,80.12596766205776
2025-06-10,3009.300048828125,3030.0,2975.199951171875,3005.39990234375,7137028,82.85462369220384
2025-06-11,3015.0,3019.89990234375,2823.10009765625,2882.39990234375,10665889,80.97346409752288
2025-06-12,2860.0,2860.89990234375,2748.39990234375,2754.10009765625,9601852,66.99235023985801
2025-06-13,2653.0,2770.0,2653.0,2711.199951171875,7506707,63.870008061101544
2025-06-16,2725.0,2769.0,2675.0,2697.39990234375,5760092,66.13151164782322
2025-06-17,2719.0,2730.0,2622.300048828125,2664.39990234375,6162135,63.81578572409309
2025-06-18,2525.0,2664.0,2500.0,2633.199951171875,9963748,59.23776028012407
2025-06-19,2645.0,2656.39990234375,2584.0,2595.39990234375,4153374,44.69921041210179
2025-06-20,2600.0,2698.39990234375,2571.0,2688.10009765625,5802506,49.68090630459867
2025-06-23,2670.0,2795.0,2648.0,2775.300048828125,7002677,50.62621294856496
2025-06-24,2850.0,2865.60009765625,2777.0,2785.60009765625,6052217,49.28880643166358
2025-06-25,2800.199951171875,2825.0,2772.10009765625,2789.0,3725327,41.36155196909973
2025-06-26,2789.0,2821.0,2748.0,2803.0,3864783,40.56248608614433
2025-06-27,2816.5,2838.10009765625,2760.0,2775.60009765625,4146758,33.32318561833078
2025-06-30,2788.89990234375,2805.0,2753.39990234375,2770.10009765625,2973164,31.91392738758647
2025-07-01,2778.0,2796.0,2738.199951171875,2775.10009765625,2799778,39.924900968309856
2025-07-02,2770.0,2805.0,2745.0,2752.39990234375,2342388,49.80086744474386
2025-07-03,2759.89990234375,2825.89990234375,2742.5,2820.10009765625,3789412,62.05446541254428
2025-07-04,2778.0,2778.0,2613.10009765625,2635.199951171875,12917060,45.00643083413466
2025-07-07,2635.199951171875,2680.0,2590.699951171875,2636.199951171875,4315497,47.61341185386783
2025-07-08,2640.0,2644.0,2395.0,2477.0,18415480,39.1346804080012
2025-07-09,2500.0,2550.0,2485.5,2523.800048828125,6824385,45.08107992060571
2025-07-10,2534.60009765625,2545.89990234375,2460.0,2466.300048828125,5061783,33.98787616443494
2025-07-11,2466.39990234375,2476.199951171875,2365.300048828125,2371.10009765625,7117789,21.15331473182006
2025-07-14,2425.0,2477.199951171875,2390.800048828125,2460.699951171875,7628961,29.170400983449213
2025-07-15,2479.0,2554.199951171875,2444.800048828125,2546.0,5731544,35.90160609235187
2025-07-16,2550.0,2585.0,2523.10009765625,2530.0,4360747,34.19773631577846
2025-07-17,2540.0,2549.0,2446.60009765625,2474.89990234375,4380006,33.13516373433352
2025-07-18,2480.0,2487.10009765625,2435.0,2448.5,3278360,32.37615300471583
2025-07-21,2450.0,2535.0,2433.10009765625,2521.300048828125,4732364,37.05366583136172
2025-07-22,2570.0,2570.89990234375,2540.0,2548.39990234375,3215319,39.64046415973331
2025-07-23,2554.0,2566.89990234375,2510.0,2557.199951171875,2693904,35.799926523083386
2025-07-24,2558.89990234375,2566.0,2521.0,2547.800048828125,2630830,44.17489093073524
2025-07-25,2538.89990234375,2542.0,2444.199951171875,2454.0,3588032,39.193356824514396
2025-07-28,2460.0,2524.5,2427.0,2449.89990234375,3468410,48.030229575268365
2025-07-29,2450.0,2500.0,2438.0,2487.10009765625,2601305,47.29471115067143
2025-07-30,2495.0,2496.60009765625,2447.0,2457.5,1846915,49.3234896335977
2025-07-31,2427.5,2474.699951171875,2416.0,2427.39990234375,2933504,54.80948030983694
2025-08-01,2429.300048828125,2470.0,2383.5,2411.300048828125,3124608,45.173908356206596
2025-08-04,2420.0,2495.0,2381.199951171875,2486.60009765625,3342439,44.08132047987374
2025-08-05,2492.0,2494.10009765625,2346.10009765625,2367.199951171875,7032517,36.54990659167107
2025-08-06,2370.39990234375,2428.0,2282.0,2387.60009765625,9401319,42.34884049350172
2025-08-07,2370.0,2454.0,2359.300048828125,2442.199951171875,4564283,49.47385633841528
2025-08-08,2500.0,2503.60009765625,2382.300048828125,2392.89990234375,6685163,38.83866060616607
2025-08-11,2400.0,2421.0,2370.0,2396.300048828125,3272568,36.21036704269733
2025-08-12,2400.0,2411.0,2346.5,2368.699951171875,2571768,33.473633019856564
2025-08-13,2385.0,2501.89990234375,2381.89990234375,2496.39990234375,5393999,46.267783580906844
2025-08-14,2500.0,2514.39990234375,2456.0,2482.0,2747105,52.29809328469762
2025-08-18,2520.0,2550.0,2487.0,2494.800048828125,3167818,53.6332821135073
2025-08-19,2505.0,2532.0,2470.0,2491.5,3159563,50.37670365282563
2025-08-20,2505.0,2533.0,2485.10009765625,2523.0,2674274,55.589687346865304
2025-08-21,2524.0,2529.800048828125,2325.0,2332.199951171875,12151255,43.624436941540026
2025-08-22,2331.300048828125,2353.5,2292.199951171875,2332.800048828125,5910342,44.63138167921597
2025-08-25,2335.0,2342.89990234375,2286.10009765625,2290.800048828125,3982572,35.97019933237492
2025-08-26,2282.0,2290.0,2212.0,2215.60009765625,5678257,38.402710049168014
2025-08-28,2218.0,2230.0,2170.0,2178.39990234375,4301677,34.397369226063006
2025-08-29,2180.0,2184.0,2090.0,2096.199951171875,8153679,25.214917051706706
2025-09-01,2130.0,2198.0,2107.60009765625,2180.39990234375,6021070,35.50280483417501
2025-09-02,2190.0,2252.0,2163.0,2194.199951171875,5015814,36.40521875424939
2025-09-03,2210.0,2227.800048828125,2165.39990234375,2214.0,3276037,39.483351473755796
2025-09-04,2239.0,2254.800048828125,2205.0,2219.5,3864879,27.425422299785268
2025-09-05,2229.0,2347.89990234375,2227.0,2319.60009765625,7981732,38.38341996419273
2025-09-08,2329.0,2388.89990234375,2323.199951171875,2346.199951171875,3680062,39.57631617704983
2025-09-09,2358.60009765625,2367.300048828125,2315.89990234375,2353.199951171875,2162565,40.34891823421477
2025-09-10,2365.0,2368.199951171875,2242.39990234375,2266.5,5226464,33.38085168579423
2025-09-11,2272.0,2280.0,2145.199951171875,2162.800048828125,9464950,37.627820758155316
2025-09-12,2185.0,2223.0,2179.300048828125,2201.199951171875,4700718,40.8914648777438
2025-09-15,2218.0,2254.300048828125,2216.199951171875,2227.39990234375,3362642,45.51371641467705
2025-09-16,2235.0,2235.699951171875,2180.39990234375,2199.300048828125,3431716,48.76421115525017
2025-09-17,2209.300048828125,2230.0,2201.0,2209.800048828125,2575857,52.48104995974068
2025-09-18,2222.699951171875,2239.89990234375,2186.39990234375,2198.300048828125,3048170,59.08202887471985
2025-09-19,2200.0,2212.0,2180.0,2182.60009765625,2777471,50.22287247302381
2025-09-22,2175.0,2196.0,2150.0,2156.199951171875,2789419,46.246540696076096
2025-09-23,2157.0,2160.0,2086.39990234375,2122.199951171875,4932424,41.179851160442816
2025-09-24,2122.199951171875,2135.0,2060.0,2076.39990234375,4081837,37.23914995301804
2025-09-25,2070.0,2095.0,2040.0,2043.300048828125,5087377,22.017384097363603
2025-09-26,2042.9000244140625,2084.89990234375,2021.5,2043.199951171875,4532697,17.57275363833513
2025-09-29,2055.0,2121.0,2047.9000244140625,2097.39990234375,4448256,25.13605960376482
2025-09-30,2105.0,2108.89990234375,2035.0999755859375,2040.199951171875,3613387,26.665270329668118
2025-10-01,2048.0,2085.0,2038.0,2081.39990234375,3715436,40.36455819701077
2025-10-03,2080.89990234375,2099.89990234375,2050.0,2093.39990234375,2827421,36.388874332234906
2025-10-06,2103.699951171875,2223.800048828125,2102.0,2217.89990234375,8546614,49.0390447346013
2025-10-07,2237.0,2266.39990234375,2180.0,2231.199951171875,5976759,53.326371464416056
2025-10-08,2227.0,2264.300048828125,2210.0,2244.199951171875,3860482,53.56845459997406
2025-10-09,2244.199951171875,2338.0,2230.0,2330.199951171875,7865924,61.8508447748203
2025-10-10,2335.0,2410.0,2332.60009765625,2385.0,7275253,66.99125832418558
2025-10-13,2375.0,2505.0,2355.0,2476.0,8770554,74.2199388428059
2025-10-14,2501.0,2556.800048828125,2428.5,2448.300048828125,8984969,74.93501654361937
2025-10-15,2460.0,2476.300048828125,2435.60009765625,2456.300048828125,3210878,80.83105314151322
2025-10-16,2468.800048828125,2567.10009765625,2462.0,2509.199951171875,9183672,86.63311636206993
2025-10-17,2512.0,2538.0,2461.800048828125,2485.60009765625,3965773,83.5456760540279
2025-10-20,2503.199951171875,2526.800048828125,2490.0,2494.10009765625,2528250,82.32038330534021
2025-10-21,2506.5,2519.0,2477.0,2487.800048828125,946624,89.76548089820183
2025-10-23,2499.0,2533.699951171875,2481.0,2487.5,3296837,88.90593731025186
2025-10-24,2492.89990234375,2506.699951171875,2466.199951171875,2475.0,2121602,86.52375277485687
2025-10-27,2482.800048828125,2515.0,2462.0,2510.199951171875,2544807,83.74511056231282
2025-10-28,2511.0,2513.199951171875,2405.0,2419.699951171875,5690046,68.4695347978268
2025-10-29,2424.89990234375,2454.0,2410.0,2447.300048828125,2308131,69.34655510025628
2025-10-30,2459.0,2471.199951171875,2437.199951171875,2442.800048828125,1965445,62.69735255477748
2025-10-31,2444.0,2493.89990234375,2326.10009765625,2479.0,7814555,61.06403521879562
2025-11-03,2489.0,2577.0,2485.5,2548.300048828125,8123038,58.968007330883644
2025-11-04,2555.0,2555.0,2489.0,2496.60009765625,3164089,55.654421141865136
2025-11-06,2495.0,2495.699951171875,2429.89990234375,2455.5,2859627,49.91307595469233
2025-11-07,2450.0,2718.699951171875,2443.199951171875,2678.300048828125,20297200,63.4185106688003
2025-11-10,2690.0,2705.0,2617.39990234375,2625.300048828125,6140807,60.591349465981914
2025-11-11,2638.39990234375,2664.800048828125,2602.5,2644.199951171875,4346693,61.203151268390265
2025-11-12,2770.0,2818.0,2732.10009765625,2775.39990234375,15966772,68.09259158574979
2025-11-13,2788.39990234375,2833.0,2748.0,2760.199951171875,5273807,66.83956821148362
2025-11-14,2741.0,2834.0,2740.300048828125,2827.60009765625,5787981,70.39093556732615
2025-11-17,2836.5,2836.5,2795.5,2811.89990234375,3818270,67.8499484765556
2025-11-18,2811.60009765625,2872.5,2787.89990234375,2834.10009765625,5402562,76.67352342638935
2025-11-19,2832.0,2914.60009765625,2825.0,2898.300048828125,6111316,77.72312413407258
2025-11-20,2923.89990234375,2960.0,2887.5,2895.5,6301559,77.8859003376219
2025-11-21,2894.0,2915.0,2850.0,2858.300048828125,3734399,73.33578465168299
2025-11-24,2865.0,2879.0,2798.0,2802.199951171875,3100243,65.87865836639943
2025-11-25,2802.0,2854.800048828125,2795.0,2840.60009765625,2951872,71.87736586717048
2025-11-26,2840.60009765625,2906.800048828125,2828.800048828125,2886.699951171875,3135392,77.24972899850252
2025-11-27,2896.0,2936.699951171875,2878.0,2929.10009765625,3823914,70.530437809947
2025-11-28,2940.0,2942.300048828125,2896.10009765625,2902.39990234375,2525089,73.7039782967819
2025-12-01,2919.0,2951.0,2875.5,2886.60009765625,3185450,70.8462230680305
2025-12-02,2885.0,2892.0,2833.0,2843.199951171875,2453858,56.86790263474576
2025-12-03,2840.0,2849.0,2734.89990234375,2751.10009765625,3311445,49.20246784986633
2025-12-04,2753.199951171875,2798.0,2743.0,2765.0,2898317,43.945837665998944
2025-12-05,2765.0,2822.89990234375,2742.699951171875,2815.89990234375,3138758,50.36218748507833
2025-12-08,2820.0,2915.0,2785.10009765625,2798.800048828125,5899411,46.773893412574566
2025-12-09,2795.0,2795.0,2630.0,2715.800048828125,7832840,33.87524019317269
2025-12-10,2715.800048828125,2718.5,2575.0,2581.699951171875,4918417,27.495691996199923
2025-12-11,2595.0,2706.699951171875,2585.0,2698.800048828125,5536101,39.73748681276356
2025-12-12,2715.39990234375,2743.699951171875,2680.0,2735.0,3813800,45.562601987237755
2025-12-15,2715.0,2733.0,2630.39990234375,2648.89990234375,3952118,38.091674830976054
2025-12-16,2648.89990234375,2648.89990234375,2571.0,2605.89990234375,5246754,32.48939687403799
2025-12-17,2615.0,2673.0,2611.0,2630.5,4201851,30.95662642498405
2025-12-18,2638.0,2702.0,2630.0,2682.89990234375,4500860,36.44559223043362
2025-12-19,2699.0,2737.0,2680.0,2684.800048828125,3867770,37.32093261835742
2025-12-22,2698.199951171875,2784.199951171875,2674.199951171875,2775.5,4928746,45.98505735177308
2025-12-23,2778.699951171875,2800.0,2715.0,2737.5,3825412,49.138143367791514
2025-12-24,2739.10009765625,2749.0,2665.199951171875,2670.89990234375,3419371,44.41011786736528
2025-12-26,2671.39990234375,2689.300048828125,2636.0,2649.0,2791648,39.73176681226381
2025-12-29,2650.0,2668.60009765625,2621.0,2628.300048828125,2577976,39.55653933554774
2025-12-30,2628.300048828125,2629.699951171875,2570.199951171875,2581.0,3829439,41.365616845758304
2025-12-31,2595.0,2651.89990234375,2595.0,2632.199951171875,2415713,53.61903295565089
2026-01-01,2640.89990234375,2650.5,2603.0,2628.0,1665389,43.946644757468775
2026-01-02,2639.0,2672.0,2621.0,2666.5,2215206,44.16624181519834
2026-01-05,2660.0,2702.39990234375,2614.60009765625,2673.89990234375,3555815,52.45869441405758
2026-01-06,2675.0,2723.89990234375,2670.0,2706.300048828125,3112131,60.08438495744704
2026-01-07,2702.39990234375,2757.89990234375,2685.0,2744.89990234375,2801518,61.17623544362248
2026-01-08,2744.89990234375,2787.0,2686.39990234375,2694.0,3713035,51.087605516824325
2026-01-09,2680.0,2735.0,2643.0,2669.5,3708787,48.56445312052602
2026-01-12,2700.0,2800.0,2685.0,2790.60009765625,7690160,51.34032512798642
2026-01-13,2820.0,2873.699951171875,2804.0,2832.0,6665428,58.33774914893232
2026-01-14,2830.800048828125,2865.0,2797.0,2836.800048828125,3844640,66.42902146881946
2026-01-15,2836.800048828125,2836.800048828125,2836.800048828125,2836.800048828125,0,69.4410086702821
2026-01-16,2851.0,2900.0,2793.0,2808.699951171875,4746376,68.39314215618431
2026-01-19,2800.0,2800.0,2716.5,2726.699951171875,3193820,63.87354711645711
2026-01-20,2732.0,2732.0,2640.0,2653.39990234375,3480325,51.93713021414507
2026-01-21,2638.699951171875,2679.0,2597.0,2628.800048828125,3743082,50.07047648296327
2026-01-22,2678.699951171875,2726.10009765625,2661.10009765625,2708.60009765625,3689628,53.45706227691943
2026-01-23,2722.0,2742.0,2677.89990234375,2685.39990234375,2160443,50.92044152429368
2026-01-27,2699.39990234375,2774.60009765625,2653.0,2761.199951171875,4092141,54.10865845824177
2026-01-28,2768.89990234375,2830.0,2768.199951171875,2821.5,3409615,55.55233873028524
2026-01-29,2828.800048828125,2875.0,2805.0,2861.60009765625,3982291,62.34167725567438
2026-01-30,2859.0,2887.0,2762.300048828125,2797.0,3805677,58.86524100336928
2026-02-02,2565.300048828125,2711.0,2530.0,2701.60009765625,7053162,43.58235146653296
2026-02-03,2850.0,2929.199951171875,2793.800048828125,2860.800048828125,6611608,51.775149976961345
2026-02-04,2866.89990234375,2909.89990234375,2800.0,2896.300048828125,5770268,53.53367219344257
2026-02-05,2905.0,2914.89990234375,2842.60009765625,2892.199951171875,2976213,53.27422401707482
2026-02-06,2870.0,2911.5,2835.0,2897.0,3598727,55.366476337779815
2026-02-09,2918.0,2997.699951171875,2916.0,2985.10009765625,5461587,65.58880182351248
2026-02-10,3110.0,3188.39990234375,3070.0,3174.199951171875,17810099,77.56721683148177
2026-02-11,3191.60009765625,3227.0,3135.39990234375,3177.10009765625,6100540,79.70525905897597
2026-02-12,3169.0,3179.0,3130.5,3143.199951171875,2525871,74.77762203889266
2026-02-13,3100.0,3127.0,3017.89990234375,3025.300048828125,3885000,67.4899656665624
2026-02-16,2810.0,2835.89990234375,2726.300048828125,2804.60009765625,12404624,51.943405570453876
2026-02-17,2809.89990234375,2812.0,2725.10009765625,2742.300048828125,6802538,46.459863804231844
2026-02-18,2765.0,2828.800048828125,2761.0,2824.0,5187180,48.37958579010054
2026-02-19,2838.10009765625,2838.800048828125,2725.0,2741.39990234375,4170153,47.640464758134634
2026-02-20,2741.0,2781.800048828125,2713.300048828125,2739.5,3450720,51.74702201159054
2026-02-23,2775.0,2792.699951171875,2712.89990234375,2725.300048828125,3269483,42.7902537066655
2026-02-24,2725.0,2765.0,2702.0,2751.10009765625,3371818,42.19355306158827
2026-02-25,2760.0,2789.199951171875,2740.199951171875,2772.699951171875,2863159,43.693931398416886
2026-02-26,2784.0,2832.0,2752.0,2800.89990234375,4270945,45.05097809649251
2026-02-27,2772.0,2781.0,2699.199951171875,2707.10009765625,4830334,35.76694085624746
2026-03-02,2585.300048828125,2707.0,2585.0,2643.60009765625,4345346,18.824911531272818
2026-03-04,2600.0,2641.699951171875,2537.0,2626.89990234375,4778048,18.189158211517068
