Date,Open,High,Low,Close,Volume,RSI
2021-03-04,75.48695352546254,75.48695352546254,73.93356036725464,74.41531372070312,664315,
2021-03-05,74.41532428364778,75.18218728047698,73.71728213266454,73.9335708618164,578225,0.0
2021-03-08,74.52346400262093,74.86756819308283,73.7369337093576,73.78609466552734,518010,0.0
2021-03-09,74.5234644666049,74.62177887864773,73.73693416844463,74.0613784790039,578905,30.434819282189707
2021-03-10,74.52346026971257,74.70042920178693,73.73693001584684,73.85491180419922,519305,24.778700289114596
2021-03-12,74.4841434705455,78.6134091311535,72.1933807226929,75.50662994384766,647825,69.7509879567315
2021-03-15,75.70325194160714,75.70325194160714,73.55996476841878,73.78609466552734,540720,42.982514358647094
2021-03-16,75.41812940570819,75.62459190495028,72.86191739011451,73.5599594116211,559385,40.918568200043744
2021-03-17,74.31699026486879,74.45463943506745,72.81275809269087,73.85491180419922,538160,44.400808019209514
2021-03-18,73.86474587097975,74.50380083277945,73.15687756810524,73.72710418701172,585155,43.2950732669617
2021-03-19,73.3240103501171,74.42514378466392,72.8225970892237,73.55013275146484,725045,41.85188964078216
2021-03-22,74.2874883810273,74.32681563941112,73.2256824082943,73.5796127319336,561230,42.17298785114979
2021-03-23,74.22850438646977,74.44480056628421,73.44197418730958,73.76641845703125,483690,44.12804361093698
2021-03-24,74.32684936800456,75.3100087710229,72.77345571101694,73.22571563720703,509465,40.194669051293374
2021-03-25,73.4813144999331,74.13020315463932,72.73411892900435,72.79310607910156,578545,37.51895993876468
2021-03-26,73.92374187058418,74.1105370160006,71.85910157157747,72.54731750488281,577945,38.93252151074045
2021-03-30,73.4616634058718,76.942048195278,73.00941103223057,75.89006805419922,570290,61.12270908621579
2021-03-31,76.09651864437502,76.09651864437502,73.79592236512444,74.34649658203125,498375,51.329061388403446
2021-04-01,75.45744413873423,75.66390660369554,73.82539679536339,74.54310607910156,619625,53.21092818367892
2021-04-05,75.11335445070245,75.17234159461373,73.75659013347551,73.9925537109375,485185,42.12671180431852
2021-04-06,73.9335534626351,75.21166315717242,73.65827014403516,73.89423370361328,498110,50.6764560461063
2021-04-07,73.7369535456202,75.40832149228994,73.7369535456202,75.07405090332031,487295,58.46169458166726
2021-04-08,75.42797494337364,75.42797494337364,73.44198916099104,73.62879180908203,602055,48.88026657800882
2021-04-09,74.17934310702228,74.72008355415893,73.75658443950849,74.15968322753906,467970,52.059874748687214
2021-04-12,74.42514998941978,74.42514998941978,72.85209673684538,73.25519561767578,466790,48.686558441999686
2021-04-13,73.31418010359904,74.20885856211929,72.92091492953419,73.609130859375,487880,50.12776085967307
2021-04-15,73.73693339054779,74.2580065196956,72.80293523463102,72.97990417480469,492085,46.72136048433161
2021-04-16,73.76642841627371,74.03188558221562,72.85209012419057,72.87175750732422,567310,48.469299547989046
2021-04-19,72.81276718569003,73.1470452106462,72.45882927734084,72.54731750488281,495825,48.92704320069914
2021-04-20,73.03889587238557,73.4223273498359,72.77343869512968,72.79310607910156,463685,51.072956799300854
2021-04-22,73.22568710868269,73.5402976950407,72.38016975142524,72.5964584350586,480340,30.177352315075865
2021-04-23,73.22570348879623,73.22570348879623,72.45883298090331,72.47850036621094,511365,36.4285492568023
2021-04-26,73.34367319426045,73.34367319426045,71.99674992069511,72.66529846191406,583250,36.33778956039442
2021-04-27,73.34367987011609,73.34367987011609,72.301533446647,72.38018798828125,501675,37.797729713500466
2021-04-28,72.81276142509546,73.14703942360516,72.64562617629498,72.97990417480469,484220,43.56850837564895
2021-04-29,72.6161293932094,73.18636345310816,72.6161293932094,73.05854797363281,600710,33.223852996611456
2021-04-30,72.86193084716797,73.13721423033354,72.67512819391578,72.86193084716797,605955,41.942042091153674
2021-05-03,73.36333455813518,73.36333455813518,72.55714439819562,72.69478607177734,663430,33.33321759600845
2021-05-04,72.81275547780902,73.14703344901517,72.71444107483362,73.00939178466797,572560,46.769801483858025
2021-05-05,72.90125108111579,72.97990561183256,72.42933139772398,72.87175750732422,586215,39.725820614054676
2021-05-06,72.76359892048487,73.04871592757755,72.71443797064178,72.82258605957031,380520,47.38537228646784
2021-05-07,72.9504095328574,74.66111193900821,72.65546627383478,72.96024322509766,457710,51.45634725305634
2021-05-10,73.73694652698536,73.88442192022136,72.7537872399589,72.94058990478516,379465,57.194498644759506
2021-05-11,73.7762554662718,73.7762554662718,72.75376916172773,72.89141082763672,424560,51.937774649666586
2021-05-12,73.53047545895359,73.53047545895359,72.77343869512968,72.79310607910156,265660,54.03264920410916
2021-05-14,73.02905786897578,73.2158605011343,72.71444725218231,72.85208892822266,373640,57.85107536019035
2021-05-17,72.7341195260043,73.56980332984737,72.7341195260043,72.80294036865234,384550,53.07021275871575
2021-05-18,73.1273714466405,73.21585966646266,72.16387972534204,72.7046127319336,512980,57.89436554348835
2021-05-19,73.16670243650208,73.31417780977591,72.26219781508921,72.63579559326172,459945,38.70951591827335
2021-05-20,72.97007239033411,73.24535574870731,72.7144489143123,72.88158416748047,403680,44.76758088311595
2021-05-21,73.14704435898221,73.27485235182215,71.60348474922938,72.66529846191406,489090,44.2528710001115
2021-05-24,73.73693983137179,74.13020501065431,72.2720347269765,72.5571517944336,462275,45.8335642887497
2021-05-25,73.04873041278307,73.52064262086016,72.5768107037967,72.67512512207031,468940,38.513729623162874
2021-05-26,72.75377821474433,73.69761011309677,72.60630283980288,72.78327178955078,340520,46.89650743361127
2021-05-27,72.55714050215687,75.50661763637612,72.55714050215687,74.49395751953125,550070,77.07027620158564
2021-05-28,75.62459759243639,76.4307877695448,74.43497595919764,74.85773468017578,460810,78.63518087825547
2021-05-31,74.91672568016229,78.65273352286191,74.91672568016229,76.79456329345703,650445,86.84210526315789
2021-06-01,77.53193522770515,81.00248600873567,75.40830775210141,78.30863189697266,839800,90.45551093709405
2021-06-02,76.41113939172831,78.55442689271234,76.41113939172831,77.46311950683594,555080,81.37400025832854
2021-06-03,77.76789459574253,78.65273941433576,76.90271716251235,77.96453094482422,502865,82.41911887077984
2021-06-04,76.71591308583169,78.12183107687086,74.98555075049664,75.80157470703125,486650,64.995082228647
2021-06-07,74.81840854713228,77.8465404780433,74.81840854713228,77.41394805908203,545995,70.45265678905662
2021-06-08,77.9546900138916,77.9546900138916,77.21732065034843,77.57125854492188,527325,71.27122762644507
2021-06-09,77.35495689338084,78.21030799528658,74.76925120732642,75.47711944580078,462990,59.649105888813004
2021-06-10,76.29314399019654,78.29878943670211,75.56560836283651,76.42095947265625,524590,63.245454007308034
2021-06-11,77.6597385189738,77.6597385189738,76.41112970915195,76.48978424072266,472535,63.90817214188733
2021-06-14,77.64991064706382,77.64991064706382,75.7130859792946,76.19483184814453,800535,62.29391991463929
2021-06-15,76.27348304042022,77.45327093317673,75.93920505356382,76.1358413696289,772220,61.75047999015953
2021-06-16,76.01785738197734,81.9954662011638,75.38863619057963,80.36341857910156,642700,67.48678470571762
2021-06-17,81.40558729388857,81.40558729388857,79.45892871690404,80.08815002441406,683115,65.66550417869561
2021-06-18,80.45191953897981,80.61905480359826,76.30298649406375,78.849365234375,559755,56.42285783512486
2021-06-21,78.66256518465246,80.383093686061,75.70325406197529,79.16397094726562,13230580,52.890333312192915
2021-06-22,79.9898310560242,80.99265011384772,76.8437246972551,77.0698471069336,953515,48.774482649420776
2021-06-23,77.76787928765572,89.27084466326639,76.14566535637506,87.56014251708984,3575710,68.42896973156789
2021-06-24,86.51800024035448,90.56861840647998,85.62332186470559,86.6949691772461,1617865,72.01908192229362
2021-06-25,86.78343894951273,87.50114829774755,85.2792069261124,85.83960723876953,289690,67.56864761400544
2021-06-28,85.92811977964142,86.28205770901174,81.23844596593946,83.99129486083984,853400,62.50481847894477
2021-06-29,83.9912829862714,84.73848600940468,81.95614393057198,82.85081481933594,404750,64.91648951292007
2021-06-30,82.53618573954087,83.80446160658808,80.80583149537881,81.19908905029297,345165,59.39671177579651
2021-07-01,82.13310386620591,82.38872730679033,80.09796503361329,80.56005096435547,366245,57.82903495446081
2021-07-02,81.20894441650296,86.47867806879638,81.03197546919053,84.24691009521484,1106305,63.70025650611669
2021-07-05,84.24690672232393,87.30453216125207,83.96178967968494,84.85646057128906,668180,64.56487550851533
2021-07-06,85.24972967510503,85.4070387407938,80.52073652624614,81.05164337158203,502700,51.16591370685
2021-07-07,80.61904976375655,86.12473946695324,80.61904976375655,85.43653106689453,914250,57.95321575061712
2021-07-08,85.3382268047495,85.3382268047495,81.85784212275638,82.27076721191406,1320390,54.811963757634544
2021-07-09,83.04745250958565,84.94494992134474,82.09378695795263,83.94212341308594,512955,56.47310262255528
2021-07-12,84.5516924567553,88.97590892251574,83.62752039472763,85.54468536376953,819865,61.63608792698814
2021-07-13,85.14157319529234,87.63879811071894,83.58818007845944,85.71180725097656,668845,46.45817927915363
2021-07-14,85.7118261454807,89.19221088927966,84.7483267527594,87.64865112304688,533085,51.75537118220355
2021-07-15,89.44782561402727,89.44782561402727,83.87330735543046,84.82697296142578,374160,48.26192991673165
2021-07-16,85.14156747561606,86.0755730215073,82.80165176760111,83.48003387451172,156990,49.10711192572927
2021-07-19,82.57552308139483,84.24689789755818,81.0712909974834,81.5038833618164,200900,47.71437633914412
2021-07-20,82.3297352164713,83.54885781646526,79.98981942129063,80.47156524658203,319930,48.73894704101259
2021-07-22,82.58536613318206,82.97863128161707,81.0614664958372,82.4673843383789,194120,53.15755783934419
2021-07-23,83.34239527220637,83.34239527220637,81.40557810726216,81.79883575439453,76560,45.49727372844158
2021-07-26,81.60220850798171,82.89997827096386,80.88449903636699,81.42523956298828,69220,43.63372092200259
2021-07-27,82.88030781548215,82.88030781548215,80.77634812724692,81.1106185913086,65410,50.12570274828813
2021-07-28,80.17662947897938,81.31709016115785,77.86619953926093,79.13447570800781,450820,35.03036431744168
2021-07-29,78.84934504380676,82.07411271096407,78.84934504380676,80.49122619628906,144610,45.37552084076825
2021-07-30,80.45192431208464,81.0713119476055,79.04600626559868,79.33112335205078,71000,37.690340803780884
2021-08-02,79.63589129902351,80.77635951559402,79.43926246901917,79.84235382080078,59275,33.83497056444462
2021-08-03,80.11762845457247,81.32691737998665,79.05582238695726,79.82268524169922,286405,33.164711234838094
2021-08-04,80.02914368046389,80.72718566669401,75.45745285425882,78.28894805908203,606155,22.61211153265195
2021-08-05,76.90271391214452,79.62606159886067,75.96870817053009,77.64008331298828,167470,25.906350901747018
2021-08-06,78.15132304208534,80.07831418222008,77.91536693333052,78.44627380371094,107170,32.48973590694243
2021-08-09,77.47294991189331,78.8592005183398,76.2931543416288,77.138671875,33160,34.074607248964156
2021-08-10,77.87603404166727,78.13165751655706,71.18072274477977,74.20885467529297,153435,29.930672503124583
2021-08-11,74.95605475328665,76.62742988146896,71.31836874055881,76.29315185546875,242275,30.325773713176574
2021-08-12,76.78472666590122,77.63024411901914,75.70325312149028,76.07685089111328,32275,31.225755934226356
2021-08-13,76.61759194551607,77.66957192342996,74.91672333590684,75.41813659667969,27865,30.65225649914707
2021-08-16,76.19484109292006,76.19484109292006,71.79028439772905,72.47850036621094,55185,26.218822422591245
2021-08-17,73.92373688191108,75.36898199332104,72.75377512488228,74.72992706298828,62900,38.046929187983835
2021-08-18,74.63161311973722,75.66392570515245,72.87175737784777,74.73975372314453,41410,33.160588660235504
2021-08-20,74.26783669184827,74.71025527086383,72.79309809391859,73.18636322021484,29380,32.414101802683064
2021-08-23,73.6877630954348,74.13018914025045,71.08239777989867,72.15403747558594,232445,28.63383033227167
2021-08-24,71.78044975176374,72.89141686168455,70.61048799377814,71.66246795654297,44485,27.901998038076513
2021-08-25,72.26218802392772,72.85208193618634,70.81694306330388,71.13155364990234,30690,29.50448127964654
2021-08-26,70.39418614130307,71.53465423425469,70.08940923755934,70.63014221191406,157430,29.75576222676105
2021-08-27,69.80430929115317,71.59365889125618,69.80430929115317,71.20039367675781,31375,28.785282213029063
2021-08-30,70.78745769384632,72.2032092480141,70.44335349690525,70.87593841552734,69725,30.54367421547208
2021-08-31,71.13155698997542,71.37734675670023,70.22705244864618,70.25654602050781,118010,35.6633281396591
2021-09-01,70.11891834099724,71.36752730467586,70.09925845613651,70.50234985351562,13595,25.76141175568911
2021-09-02,71.53466653948885,71.53466653948885,70.18773571544301,70.70880889892578,86185,27.512432722670383
2021-09-03,70.78744791361376,72.6554515115157,70.78744791361376,72.301513671875,148535,37.891501268644326
2021-09-06,72.55714601365091,86.7539585974756,72.55714601365091,86.46884155273438,2751375,79.02890507953836
2021-09-07,86.51800989898639,87.30454026206823,80.25528307301644,82.3199234008789,619615,64.59909414930335
2021-09-08,83.55869387407867,83.55869387407867,78.41677573142073,80.90416717529297,220470,61.24865027111522
2021-09-09,81.01232206916198,82.58537533730977,79.64573133924833,81.02215576171875,110770,65.08898220297175
2021-09-13,82.16259834937028,97.22459411621094,81.27775373821027,97.22459411621094,4854615,80.47322012471767
2021-09-14,103.2317080953766,113.5155516398165,94.89451541736916,100.48869323730469,5719195,82.82576893985663
2021-09-15,100.26256749269234,108.72756037314333,99.02378493663984,105.630615234375,921400,85.5521676088569
2021-09-16,105.63061249302257,107.16433823629723,100.28222477158089,101.71763610839844,288230,79.93182827224146
2021-09-17,101.7176506918734,103.47750657313128,93.40995839016631,95.69088745117188,475500,71.33801783289913
2021-09-20,94.46192932885162,98.16843588256239,92.41695657464146,94.19647216796875,172840,69.91269387012181
2021-09-21,94.19647450294357,95.15997375747324,90.23434438151469,93.30180358886719,263350,69.58557215956203
2021-09-22,94.38326285073839,106.77106459971625,94.38326285073839,103.1727066040039,905210,73.86184016006528
2021-09-23,106.06321139785527,123.79940419944026,104.12639408188372,118.92293548583984,5098050,78.69850952644605
2021-09-24,120.92856915396932,127.02415256624496,117.09424716841784,118.71646118164062,1008185,78.09115873524819
2021-09-27,119.7487838603642,123.85838928351059,116.02260989408599,121.1645278930664,457325,74.46956011178563
2021-09-28,121.42014713088615,121.60694975753209,116.44536455561183,118.15605926513672,175980,75.68708692207372
2021-09-29,117.95943347549436,123.87804802518677,115.22624484528642,122.07886505126953,150195,78.48978710141697
2021-09-30,120.53529291314177,125.03816297121467,119.93556531802732,121.32182312011719,139410,77.63989754810778
2021-10-01,121.51846901816914,125.0578404457063,118.972090428941,122.4229736328125,142970,71.79791651432069
2021-10-04,120.94824093285777,122.88506574818388,120.33868703221543,121.45948791503906,90125,68.89282597686245
2021-10-05,121.32183417982742,124.36962588310519,119.00157810873395,122.04936981201172,125525,66.11346277880016
2021-10-06,120.92857285783401,122.77690931988671,119.1588834254046,119.5816421508789,107040,68.0436968806327
2021-10-07,120.04373576655072,121.50864086144296,118.01843023261183,118.91310119628906,73295,76.30288087294488
2021-10-08,119.4538352002716,123.87805131880017,117.4088623941558,121.7347640991211,134025,80.28108776710829
2021-10-11,122.89488727952245,133.9062661794042,120.20103345060974,127.91883087158203,505030,84.09838694623
2021-10-12,123.09152587638954,129.18710976928358,121.52830638645827,122.35415649414062,102440,70.64551545405499
2021-10-13,122.89489150279495,124.07467946085822,120.53530808575951,121.05638122558594,14840,53.33331902903367
2021-10-14,118.37236030755142,122.10836048697291,118.37236030755142,119.04090881347656,37465,50.479798504034164
2021-10-18,116.01277544911896,121.87240286830439,116.01277544911896,120.3485107421875,56720,48.751135230767396
2021-10-19,116.52401834266182,121.51846858995012,114.33157765400422,118.94259643554688,20690,51.26583972619661
2021-10-20,116.95660282330124,117.9397618996581,113.00430663674646,116.26839447021484,58940,40.257165094607544
2021-10-21,114.43972282466075,117.58582900160249,113.06329855940794,115.6883316040039,32735,40.497520761132115
2021-10-22,114.06611772257868,120.3386777043929,114.06611772257868,117.02542877197266,94955,40.96740940367822
2021-10-25,115.67851019865505,116.9959398707124,114.04646239498017,114.30208587646484,63325,38.68860744963839
2021-10-26,118.8442705651341,118.8442705651341,113.47622272244517,116.74031066894531,53220,42.07280494403781
2021-10-27,116.01278412647737,119.3555268642018,113.90882406527332,115.02962493896484,28365,43.045965195442875
2021-10-28,117.66448202111738,117.67431571242471,113.31892057595464,114.19393157958984,30460,42.82724157180504
2021-10-29,117.3891935327073,119.89624464089712,111.29360284621873,117.17289733886719,71290,43.099326589612055
2021-11-01,118.76562709211204,118.76562709211204,113.07313477237363,114.66584777832031,8890,27.44308423566882
2021-11-02,114.67568305668131,116.20940893575029,113.65319663699897,114.29225158691406,11555,33.33331230327697
2021-11-03,114.04645465050123,115.22624256031538,113.08295544012307,114.8329849243164,7750,36.71840171366848
2021-11-04,117.78246185447993,117.78246185447993,113.10262249090671,113.76133728027344,5430,38.25969672189554
2021-11-08,113.77117648059014,114.83299014827182,113.37791132579223,113.4565658569336,6150,33.958781640146796
2021-11-09,113.37791226118742,116.0127790688901,110.11382420098043,112.13912963867188,75550,34.09922648702431
2021-11-10,110.11382747519359,117.58583569654273,110.11382747519359,115.4032211303711,19130,48.03221202967438
2021-11-11,115.8168585739953,116.21079497495788,114.24112048385689,115.48201751708984,13535,49.51980071783062
2021-11-12,117.39258058171481,117.39258058171481,114.24110483318039,114.78276824951172,11080,44.62044242857697
2021-11-15,117.98349651690867,118.8698439630371,111.28660072446516,118.22970581054688,23330,59.105253197356156
2021-11-16,120.36678997477672,121.56829242310486,116.40774067737705,118.18045043945312,24930,53.75448819286042
2021-11-17,118.18046206519718,124.08948516845703,118.18046206519718,124.08948516845703,86640,69.37750807413848
2021-11-18,130.29394878550744,130.29394878550744,118.387264572403,121.47965240478516,16840,64.48372951401487
2021-11-22,120.66224216938423,126.84702567307926,118.27893811199492,120.23876190185547,30480,56.54726506607891
2021-11-23,118.96832858023838,123.1046415301676,118.96832858023838,120.3963394165039,17525,63.60266885823764
2021-11-24,120.34710086424121,126.04930906053235,120.15013643295046,124.08948516845703,52185,70.08996611681985
2021-11-25,123.6955240864282,129.88030667740304,121.82433230805387,128.50152587890625,82035,74.18807739156522
2021-11-26,128.50155462087147,131.45606624323236,124.64099457094402,127.0341567993164,48160,73.1633872300493
2021-11-29,126.57126298505895,128.02881762417942,120.74102188744558,127.07352447509766,56020,73.98616630855895
2021-11-30,124.87735779542285,127.8318693440807,122.11981067785764,125.89173889160156,13415,74.34144038596679
2021-12-01,127.6250406612416,132.06666575566405,123.10464182018569,128.30458068847656,31030,73.54423834077716
2021-12-02,126.57127370535189,132.95301417822864,126.45308302965746,131.74166870117188,28630,76.43294169009788
2021-12-03,133.54393732128665,137.08934241041595,131.77122726301005,133.9378662109375,49280,79.69472831899039
2021-12-06,137.463591764382,137.463591764382,130.19548770132292,131.8401641845703,17900,72.02045293292511
2021-12-07,135.51357861294372,136.193103526941,130.5106047978943,132.54920959472656,7015,72.76136737741429
2021-12-08,130.98334634090293,131.77121909881402,128.48186648901495,128.69851684570312,18770,57.810441503301355
2021-12-09,128.02883199635383,133.34694669907947,127.69399096540634,132.01742553710938,42205,67.43818326665058
2021-12-10,132.01741658002453,137.68022991873102,130.9833346170373,136.1832733154297,82570,74.05657651642906
2021-12-13,136.18329057590887,139.64006383353092,132.09622209397168,137.57191467285156,40410,74.98579921612117
2021-12-14,139.64006421672775,139.64006421672775,134.92270049753012,137.0991973876953,7875,70.88219842392402
2021-12-15,135.96661867669587,142.79154814887193,135.96661867669587,138.89158630371094,103640,68.20862978070694
2021-12-16,136.49842264438274,140.81199875224698,136.49842264438274,138.4385528564453,20815,70.72301393191559
2021-12-17,138.38932147180043,139.8173323435788,133.93785331568895,138.1431121826172,66930,69.92916549341722
2021-12-20,135.57268678126377,138.14311236482413,131.29849712198637,132.97271728515625,69350,61.147305889785414
2021-12-21,136.30144741573764,137.64082646091197,133.93784440774598,135.73025512695312,4695,61.564440431068284
2021-12-22,136.41962740521157,139.84685600671247,136.41962740521157,138.1923370361328,7875,60.36064517931533
2021-12-23,134.39088077250955,142.78168226294443,134.39088077250955,140.85140991210938,12565,60.94140000154551
2021-12-24,142.78169894212172,142.78169894212172,136.89237645069835,140.3688507080078,317025,64.22473687585956
2021-12-27,141.6196020475384,147.27255834446115,137.8772174261996,144.39683532714844,17785,67.79066911315881
2021-12-28,145.75590349184088,150.6800894206193,142.26958646633184,149.8429718017578,27870,80.29921315624793
2021-12-29,153.63459082259862,156.983031021866,142.35820879655253,143.83546447753906,350225,65.7232784840501
2021-12-30,141.4226182319698,151.0247802734375,138.12340782726594,151.0247802734375,7709865,68.2755515905778
2021-12-31,158.56863403320312,158.56863403320312,158.56863403320312,158.56863403320312,22500,72.45156984987591
2022-01-03,165.45263559173839,166.49656053096544,154.22549847326772,162.33070373535156,122700,75.20661358594845
2022-01-04,165.23597648822664,165.83672775323552,157.7709090579638,163.20721435546875,63625,74.74444978948843
2022-01-05,163.20722117130586,165.43294782232059,159.54362560340422,159.8489227294922,61010,70.5715614418434
2022-01-06,165.05871320035646,165.05871320035646,159.1496902699488,159.44512939453125,22445,70.42492596224213
2022-01-07,162.49811609705642,162.49811609705642,158.57846877705987,159.43527221679688,44490,78.15969930945613
2022-01-10,159.43528593385838,167.18594951121023,159.43528593385838,162.11404418945312,42805,78.12302587707171
2022-01-11,166.81172873786798,166.81172873786798,160.52846263101958,161.72996520996094,36925,76.25220986219718
2022-01-12,164.86174152179368,164.86174152179368,157.84970545581834,159.83908081054688,38780,71.54672599114427
2022-01-13,161.5132896577673,161.5132896577673,156.4118405268614,157.91864013671875,52325,69.28569631990824
2022-01-14,157.57394077953398,157.57394077953398,155.6042665197898,156.82546997070312,23820,64.59970338972417
2022-01-17,161.11935859437602,161.11935859437602,156.44138228159372,158.4110565185547,17105,61.06869506732468
2022-01-18,159.819371604855,159.819371604855,155.62397075296943,156.008056640625,10360,67.34006031416052
2022-01-19,155.68307364166975,159.53379087988142,155.6042848587036,157.57395935058594,15385,61.109261898389704
2022-01-20,158.5587764634637,160.50874975514992,156.60880317177748,157.62318420410156,11575,47.84945004980615
2022-01-21,156.60880577644994,157.78076437418952,155.62396863917934,156.18531799316406,17295,34.36875614197689
2022-01-24,156.52015494597313,160.41027355904237,148.90736828037294,151.3694610595703,62895,24.91653383427044
2022-01-25,154.067940813718,154.9542883221067,146.93771375923058,151.1626739501953,23360,28.75726361260334
2022-01-27,150.5323625243733,154.13685502789662,146.75057649436354,152.580810546875,11050,34.006388058937375
2022-01-28,147.9914814303604,160.20345597147286,147.9914814303604,156.96334838867188,87220,45.21542970757416
2022-01-31,160.52845509033125,163.48296653371156,157.5443997347109,158.51939392089844,267035,42.72618307322077
2022-02-01,165.11780777876655,165.11780777876655,157.57395125581297,159.69134521484375,422805,46.002296832370135
2022-02-02,164.4579537241919,164.4579537241919,160.19360725235225,161.87767028808594,246005,53.95185283126247
2022-02-03,163.43372774285118,165.41326010101133,158.83453989507396,164.2511444091797,157360,62.063813298342076
2022-02-04,165.2556796707213,172.4548369589611,163.04963900619998,172.11013793945312,356395,73.15038822179719
2022-02-07,187.1190568776274,187.1190568776274,174.20784135197422,178.42294311523438,306080,76.51360129578123
2022-02-08,177.27068149217433,178.7971820327302,169.45107235974314,171.72604370117188,103570,68.69728482115048
2022-02-09,169.78591903758175,177.27068740567938,169.78591903758175,174.95631408691406,93330,69.88956391960437
2022-02-10,177.1820475445285,186.7251215166927,174.316167956293,179.58505249023438,277475,72.74583175430273
2022-02-11,176.88660895129695,186.1342295985068,176.48282209532184,183.17971801757812,119215,76.76237720519337
2022-02-14,181.3478955327523,181.3478955327523,174.22752780034256,179.67367553710938,119565,78.80913930649143
2022-02-15,181.80092317810485,181.80092317810485,172.74041040894377,175.95098876953125,121155,73.5453232329996
2022-02-16,179.47673220118048,180.61913190346212,177.26084855719208,179.45703125,87565,74.55459457650936
2022-02-17,179.3881005858426,180.77672472660777,177.44796998482508,178.04872131347656,79390,70.3710616000644
2022-02-18,179.04339060193584,184.16454059701005,175.6161616477017,180.03807067871094,75235,70.61707003717437
2022-02-21,183.96757455207737,183.96757455207737,171.87377608300685,174.257080078125,143080,62.822944551491126
2022-02-22,167.42231464347952,174.20784197116836,164.1231041968891,167.29428100585938,141425,54.39859416676353
2022-02-23,167.87537543979644,171.15487047681674,162.49815708421548,165.59054565429688,145570,51.099630571030204
2022-02-24,162.49813288544712,162.93146364419596,149.0354105884708,149.39979553222656,267005,33.5988715818241
2022-02-25,153.6345897934597,160.58753741434032,144.08167279255585,148.85812377929688,128205,26.707024679330274
2022-02-28,144.1801699261419,148.9763376366874,142.46656269853915,144.39683532714844,115175,27.682185717721325
2022-03-02,145.75588941463275,146.53390410417245,137.87719268951747,143.09683227539062,84800,23.135704678194784
2022-03-03,146.57331662720622,153.62475431387386,143.40213976329767,146.593017578125,90245,21.63903805743638
2022-03-04,146.47483489131398,146.5437807095799,137.87721020546596,138.68478393554688,143500,14.391568919181637
2022-03-07,140.76274353373157,141.02865372826747,132.45073197497052,135.090087890625,85950,14.371176873134004
2022-03-08,140.2802059506311,141.02867677422682,134.44011384102453,138.1529541015625,77720,19.471883093771666
2022-03-09,141.8165291038858,144.43619915085787,135.572666081865,142.121826171875,150860,20.06946116222676
2022-03-10,149.38009462255758,150.73917472493312,144.30818921175737,147.8339080810547,116040,27.341220400611874
2022-03-11,150.3353901630463,155.28911999757239,147.33164877305697,152.03916931152344,72615,29.678377792908464
2022-03-14,155.0133475679309,159.34663965774536,148.3263105281491,157.0913543701172,89590,37.40788788833606
2022-03-15,159.92769758012648,159.9473985299908,153.68383391366774,157.64288330078125,99750,42.185021965471044
2022-03-16,161.3064732462754,161.3163312355127,156.02774542104572,157.54440307617188,73970,43.31094650807133
2022-03-17,161.2276965572011,161.2276965572011,157.5936450666395,158.9822540283203,101910,60.55541324706077
2022-03-21,159.87846624071165,174.3161830908642,157.60349473018468,160.47921752929688,86330,62.53718685017667
2022-03-22,164.66476905380415,176.522216796875,164.65492609214155,176.522216796875,201780,77.72861694934363
2022-03-23,176.58129602159983,185.14937583396383,174.18813404097605,178.01914978027344,234150,80.04063225447058
2022-03-24,175.89191230771164,181.45623591923234,175.49796845072845,177.71385192871094,97235,78.32552953734698
2022-03-25,176.2858780035417,180.51082343971615,176.2858780035417,179.0532684326172,111180,91.73278539106666
2022-03-28,185.54330168197515,186.72511821151065,176.49266145098497,179.9297332763672,131055,99.1154373925092
2022-03-29,182.31303723006667,183.10090990728318,176.28583905008983,179.9297332763672,127880,99.05181547846196
2022-03-30,180.2251905407626,182.31304039836152,173.5381531977911,176.13812255859375,124270,90.10686566949363
2022-03-31,174.75933509264775,182.19485797776508,171.90331360018098,181.37744140625,139805,89.99533150159358
2022-04-01,182.9827620727575,199.50832974649921,182.9827620727575,197.48941040039062,434745,92.20782054824608
2022-04-04,205.63400301411127,205.63400301411127,197.55834126829916,198.5825653076172,250900,91.58937139843613
2022-04-05,202.87646288942233,205.6340100506855,197.00682657434183,199.9219512939453,167925,91.72014687269156
2022-04-06,199.9219348704346,201.9014520669153,191.07810176216935,195.23411560058594,151435,84.1026578455637
2022-04-07,196.5636324607499,201.8916047587698,193.53033240059585,197.4696807861328,99220,84.32888392392942
2022-04-08,195.56897658875658,200.90679250798178,195.19473363707408,196.59320068359375,97800,82.5724274871858
2022-04-11,196.7704806236723,228.25572791922684,196.7704806236723,217.70811462402344,553530,84.03323687578411
2022-04-12,219.42171556581442,225.4686149428164,211.7399829464585,221.214111328125,154860,84.54634585434087
2022-04-13,222.57317033542205,238.7835945745714,218.34822605926163,235.38589477539062,373450,87.75144105100087
2022-04-18,236.36094215994552,241.26542750208569,232.42159312394642,237.3457794189453,176440,87.85013468585916
2022-04-19,239.86693323814183,243.14644274257236,229.21100311656562,236.0556182861328,131950,86.2485735177889
2022-04-20,236.360925080254,236.360925080254,223.5580416384069,227.97010803222656,120555,78.09261323422494
2022-04-21,225.05498288942564,231.77156423414368,225.05498288942564,227.19207763671875,92645,80.94554559472473
2022-04-22,230.05795762717926,230.4518864648684,226.51253797828946,228.28524780273438,93105,79.93713702749058
2022-04-25,232.87457515510064,232.87457515510064,225.5670710293831,229.39808654785156,128360,75.18653530084967
2022-04-26,230.64885966933434,241.23585913028353,227.4481389020706,237.90711975097656,164425,77.78704549091015
2022-04-27,244.23962312074593,244.23962312074593,233.44580090624686,236.42001342773438,195500,75.73609649310626
2022-04-28,242.26993949433168,242.26993949433168,228.48221936050794,232.44126892089844,241610,76.50111638194869
2022-04-29,232.0276347541445,238.3305864000361,227.55646575095273,236.7154541015625,211750,77.16427705838753
2022-05-02,241.28512856360697,248.82898557752438,234.90338733009315,237.03062438964844,189650,78.20827424914202
2022-05-04,239.70936903161842,241.05860621743273,223.72546544578333,227.15269470214844,155525,57.81324555676569
2022-05-05,228.08830481716294,235.97684549294516,227.49739647768016,228.84661865234375,143300,56.50932666356081
2022-05-06,230.05795236898035,230.05795236898035,219.3330769604935,223.7943878173828,67965,38.29328002549506
2022-05-09,221.78532431897213,226.03982804208894,208.1847256116779,214.89146423339844,163325,30.111661625540265
2022-05-10,211.73998940709845,221.26336294132702,211.73998940709845,214.7240447998047,110985,30.722699180085996
2022-05-11,208.27334832833267,215.43311834335327,187.10920839983157,196.96742248535156,177155,26.151534017121946
2022-05-12,201.30072455061784,201.30072455061784,192.04326056511508,194.84019470214844,76085,25.61974252894923
2022-05-13,200.89694748551392,200.89694748551392,189.68949524882143,193.95384216308594,106660,24.04708278359817
2022-05-16,193.95383172622812,232.73672370213075,188.20238634713087,214.89146423339844,169405,41.562629794636045
2022-05-17,226.96556844801717,226.96556844801717,207.80063155161756,211.37559509277344,185000,33.61712095047213
2022-05-18,218.63383384302574,218.63383384302574,199.92192914474876,211.43467712402344,277520,34.294901613844104
2022-05-19,211.4346625002651,211.4346625002651,202.1476415754558,203.7430877685547,111085,32.76554200695476
2022-05-20,208.68697581264698,216.07325407445498,203.05370638944768,213.601318359375,120330,36.991464975898104
2022-05-23,229.52614439212462,229.52614439212462,214.28086947678733,220.69215393066406,141675,41.45637088656156
2022-05-24,227.497375052219,227.497375052219,217.48158333048337,219.82550048828125,228255,45.769839895317865
2022-05-25,220.71186397989206,223.66637555963587,209.248359651583,214.0248260498047,208230,41.83042222618074
2022-05-26,208.58849465714087,214.68463853142322,201.30069131480406,205.988525390625,244130,40.498209200376586
2022-05-27,211.9369440967367,214.41873783367873,207.01275852280034,210.12484741210938,93265,47.320041680328764
2022-05-30,213.7096776732239,220.99746712207875,208.9036672098616,219.5891571044922,106640,52.476446419001306
2022-05-31,224.34590264452484,224.34590264452484,216.66416997624623,220.573974609375,79295,64.49039046751463
2022-06-01,223.2921351988282,231.83067195970807,217.84598665939993,229.3390350341797,101190,69.58076043032506
2022-06-02,231.4367478580798,242.26011436991098,228.94511088120586,232.4215850830078,150365,71.30234704017414
2022-06-03,226.5125504497731,234.2927581281658,226.5125504497731,231.13143920898438,72790,61.49448886010805
2022-06-06,231.13144611349819,231.13144611349819,225.52772001102005,226.36483764648438,74595,60.42466334620301
2022-06-07,223.0262287600289,240.2904228870491,220.83988907347376,224.75953674316406,76285,59.072011110086095
2022-06-08,225.0057448941729,230.45189313224103,224.56257118209535,228.21630859375,66185,67.68179413858695
2022-06-09,228.59053822502946,235.9078706118233,226.31556694490834,233.52456665039062,65945,65.40744793028611
2022-06-10,233.63292863330744,235.3760947139723,229.46707141571358,234.1647491455078,77945,61.573609224282166
2022-06-13,228.6988865670151,228.708729528746,222.5731982277565,222.71107482910156,79755,52.09734965735308
2022-06-14,226.31557806090368,226.42391074753624,218.63384535379925,221.8148651123047,74175,56.09677978707702
2022-06-15,222.31711155930472,226.49281085499052,220.60348975579473,223.06558227539062,25035,64.95339864666613
2022-06-16,219.63837869448972,226.1776965697287,216.30962442035096,216.85128784179688,88860,55.68314137875198
2022-06-17,214.7240676544673,214.99982088643318,201.42876457890463,205.10220336914062,113830,38.21502685024117
2022-06-20,214.09375709094647,214.10360005301825,188.7341993349774,190.69403076171875,127040,30.049985777729958
2022-06-21,197.71591694556446,198.53333365000597,192.15159260532738,194.3773193359375,79275,24.957675347564916
2022-06-22,194.0621737689141,196.57351164091355,189.8273707924437,194.1212615966797,65290,21.408605041097886
2022-06-23,194.15077569851204,201.8915955230791,194.15077569851204,198.50375366210938,84630,26.718160002438935
2022-06-24,196.96742327180627,205.6339929012501,196.86893354920164,202.443115234375,68940,32.72646820183316
2022-06-27,206.42187506685045,207.80064108201807,203.41811871871118,204.6984100341797,38895,35.64886332774741
2022-06-28,205.8309654229142,205.92945514939652,200.9067796472464,203.45750427246094,56855,31.708378942337077
2022-06-29,206.81580998694207,210.35137189394686,201.78329134282956,207.2983856201172,65915,30.194882488138887
2022-06-30,207.40671590838045,213.6899668917533,205.04309766232666,211.23773193359375,67880,33.50806395847735
2022-07-01,214.6944921954998,215.4626639470331,206.4907971812527,213.08920288085938,62090,41.9694032479535
2022-07-04,216.34900985496753,216.86112936160515,210.88317589762545,215.925537109375,55715,45.23884654564941
2022-07-05,215.9255614279002,221.58837546762848,213.33543471921416,219.5891571044922,40725,47.29505722941846
2022-07-06,219.61868429519382,223.548189930796,217.39295774763474,221.95274353027344,35960,54.22236748814038
2022-07-07,226.17771573509907,226.17771573509907,218.6338591506178,219.3232421875,45580,63.863279230264396
2022-07-08,228.48220955824146,228.48220955824146,218.6338384565931,219.06716918945312,41045,88.19938452436223
2022-07-11,224.24741638411257,224.24741638411257,214.79298874645912,216.30963134765625,70330,80.28282249433259
2022-07-12,211.7399794198147,219.61867632845897,211.7399794198147,213.8869171142578,38415,75.7505325590586
2022-07-13,221.05655690903578,221.05655690903578,210.7551535398358,217.37326049804688,39530,75.17077253505417
2022-07-14,221.84441078043128,222.5633527189666,217.85583234880113,220.70201110839844,49045,74.75959737914899
2022-07-15,217.65884930630858,223.04590962482064,217.65884930630858,220.42625427246094,40690,72.53736329860553
2022-07-18,220.60353876626698,222.52396835272074,217.19599535004312,218.64370727539062,145790,71.42857758028588
2022-07-19,221.48002006366318,223.5580269949777,216.45734472373235,222.3269805908203,54580,71.30092772018216
2022-07-20,225.7246718393174,225.7246718393174,220.60352166333166,223.51864624023438,48055,68.87676890111416
2022-07-21,225.86255140516397,225.92163923056927,221.6376065870372,223.33152770996094,41965,66.59223030744671
2022-07-22,226.1777114075028,226.1777114075028,220.65277420114955,222.96713256835938,38425,62.40028246583646
2022-07-25,226.15800415675022,226.15800415675022,221.8838145014911,223.8140869140625,43305,58.2594890831023
2022-07-26,225.13377463102748,232.0867223861221,224.9761970831548,226.68980407714844,63220,59.078881645363055
2022-07-27,232.02764278823207,232.02764278823207,221.95274774000137,223.1641082763672,39195,57.116789249849724
2022-07-28,222.090632369681,224.73984685170163,217.68840886748004,219.16566467285156,46315,50.160275589593184
2022-07-29,219.6186920067764,225.33075067880492,217.5702288610009,224.84817504882812,57210,62.6865752853211
2022-08-01,225.52770844826628,228.48221991265405,222.66182872122877,228.04888916015625,104695,70.56639412302002
2022-08-02,227.92085046051605,229.54584074630156,221.63759977107824,223.5580291748047,63320,58.72706783008911
2022-08-03,227.47768042906935,227.47768042906935,218.83081146453594,222.42547607421875,96545,52.592596333193924
2022-08-04,220.10124444909385,228.48220259116536,217.65883767061737,222.58302307128906,125230,53.255992024148696
2022-08-05,226.51254454264907,233.20944016939447,223.85348724263287,226.65042114257812,102180,61.30736993447377
2022-08-08,232.42157759733203,232.42157759733203,228.62994839250806,230.61932373046875,48605,61.6170253154004
2022-08-10,237.24726668202652,237.24726668202652,227.9307155304436,231.16098022460938,73350,60.905011818436755
2022-08-11,235.35635750709088,258.02731094346564,228.74810921851284,254.60006713867188,402385,76.82040953832114
2022-08-12,257.2394618408603,289.34512716948547,247.60774120388265,271.1256408691406,310310,82.3412835041743
2022-08-16,279.6937698205989,279.6937698205989,264.87198171648123,272.0415954589844,97360,82.35763365202581
2022-08-17,278.1179968974347,281.66341654321315,261.188644386831,264.79315185546875,122870,74.14803446872006
2022-08-18,272.268047270165,272.268047270165,260.9818228917855,268.70294189453125,66410,78.72045825965802
2022-08-19,273.0559804148637,273.0559804148637,263.36518566378265,265.7386169433594,61280,79.76085657147148
2022-08-22,263.9363224799466,271.80516068558705,259.6424474808502,267.8855285644531,163560,78.80304956357779
2022-08-23,265.9060546374635,279.6740900639928,265.9060546374635,271.3522033691406,109405,78.8782413567551
2022-08-24,266.89087859389474,280.678599259262,266.89087859389474,279.0043640136719,98390,85.48021445930654
2022-08-25,283.29828546172143,301.36019692579004,283.29828546172143,294.4958801269531,289215,88.95868464456349
2022-08-26,306.9146806707165,306.9146806707165,292.1027207076903,293.99359130859375,120080,88.45866162470722
2022-08-29,289.5421296367054,300.375338568691,281.663432231625,289.06939697265625,69625,83.3087807329562
2022-08-30,295.1754115156524,313.1585486933386,288.8035135273646,300.84808349609375,129330,84.59297274058306
2022-09-01,309.22904705417955,311.18889367312806,293.0580357930771,298.1496276855469,123350,82.31044869620922
2022-09-02,298.2086771602361,302.768477975991,291.1178677092867,291.9648132324219,81160,71.62066710083363
2022-09-05,305.2798446049972,309.0418998491897,295.441300587101,297.1549377441406,147840,67.33568126645301
2022-09-06,301.3601700186606,301.3601700186606,293.3829830366094,295.70721435546875,84695,65.65059954526025
2022-09-07,290.54664291223065,298.0314112049534,290.54664291223065,295.12615966796875,96190,71.99997875150953
2022-09-08,300.95639232823,304.8957410756996,296.3375035174342,304.0684814453125,95835,73.90492142795259
2022-09-09,309.238833606293,311.2085077056961,295.6480943423479,300.73968505859375,116150,73.54256223640948
2022-09-12,303.2904403544779,303.9699803924905,295.69735434193655,296.9776306152344,85910,69.15192236448863
2022-09-13,301.3601971099705,302.7389632426414,296.95797342058194,298.5632629394531,66535,68.36851906786644
2022-09-14,311.2085379078505,311.2085379078505,292.358740520904,294.8011474609375,108225,61.25451209770526
2022-09-15,299.6809609222037,303.6341291793013,293.38155421102505,295.4419250488281,69255,50.854926195048925
2022-09-16,293.775924203361,298.9318010862545,280.97990164068204,285.2978210449219,79675,43.30794541009363
2022-09-19,285.29775271585294,287.8411980967267,279.10677283824947,281.6403503417969,57965,44.169101447359154
2022-09-20,288.57071928115187,289.49739726527133,280.2799267291861,284.5091247558594,75950,35.09061836360628
2022-09-21,285.88931409360356,290.93673441158745,279.974362767529,287.9693908691406,96935,40.83786515496083
2022-09-22,287.96934426985666,293.77586832280554,281.0587310466358,285.6526794433594,68090,43.89399602057023
2022-09-23,285.4949575792376,287.851063945516,278.38716696724975,281.53192138671875,74865,34.56789751300592
2022-09-26,281.5516799605658,281.68967984281016,262.22950024155693,265.7193298339844,96800,26.92651418701338
2022-09-27,263.2350477116378,271.08223837139985,261.29297076361865,265.6207580566406,65670,27.127931123072983
2022-09-28,265.62070182130003,269.1302365653157,260.30709040216266,261.480224609375,64590,14.330939944443926
2022-09-29,265.1869928436105,266.9516284688603,260.34658724507557,263.5110778808594,44415,18.12685538051859
2022-09-30,266.1727853319635,266.1727853319635,260.65215858215333,262.7914123535156,76695,19.12306408276085
2022-10-03,263.2153143341306,268.1444400707248,254.37246155928077,255.65402221679688,81010,14.776859570383152
2022-10-04,264.55603449742364,264.55603449742364,256.71874225978416,260.1395568847656,53055,21.881113455333008
2022-10-06,260.1395762193415,268.2726346705214,258.8875588760934,266.0052185058594,86620,27.985943239828515
2022-10-07,267.1290603709318,271.69343594124143,264.6743652067257,265.9066467285156,68050,32.93431668510898
2022-10-10,267.7501085271128,267.7501085271128,261.31267169888133,261.9337463378906,38260,32.75247383007229
2022-10-11,263.8659649085567,263.8659649085567,252.8148733317781,255.24986267089844,52115,25.994918902488934
2022-10-12,257.1327596453584,257.1327596453584,247.8561564519361,250.1728515625,66835,19.79207673024267
2022-10-13,254.17529340629673,254.17529340629673,247.55056202317283,249.886962890625,37940,20.456116415865154
2022-10-14,253.63310619095512,266.1728039353073,250.3996007391409,260.41558837890625,70365,34.22687189924018
2022-10-17,264.1913172131898,264.22089076931513,258.08905609098235,260.5536193847656,57810,44.961572577524564
2022-10-18,262.44638437544637,272.0680478970155,259.4987766723006,267.7994079589844,67105,51.86495227247791
2022-10-19,271.6934141915563,280.2405012948782,267.0994654358799,274.6410217285156,80065,60.767870545753084
2022-10-20,274.6410113662234,275.7352928728845,268.64720798760226,273.2904357910156,47085,58.09132171973854
2022-10-21,274.7888683263091,285.10062014246483,258.28616640531976,260.19866943359375,65600,48.21934954353528
2022-10-24,264.2011094452774,271.0624432667747,264.2011094452774,268.8936462402344,13850,58.90228247237198
2022-10-25,267.7895158654172,267.7895158654172,255.19064355794325,257.3003234863281,59905,48.25746826073471
2022-10-27,259.0255462803883,259.19314978559817,243.49880088013666,244.9085235595703,101860,38.01252855774191
2022-10-28,242.67072444474005,246.45628944034416,237.58386302049178,239.1513214111328,71570,35.715774180719094
2022-10-31,238.5400965693877,240.34415827662298,234.2320457696902,234.75453186035156,78795,35.554847668028714
2022-11-01,234.62638673998512,242.09894321520713,233.84759148673223,241.87220764160156,110580,42.92270529061115
2022-11-02,246.6928814025175,246.6928814025175,240.93565131706504,242.32566833496094,41255,45.63499884312485
2022-11-03,243.8931404467157,243.8931404467157,237.73173314922897,238.81614685058594,72255,44.055054191706404
2022-11-04,240.5413437156073,250.33058052428993,239.4175036130622,246.51544189453125,68705,42.301802860035394
2022-11-07,251.3854238935602,252.37124908529964,244.6818095812322,245.56906127929688,62280,41.77487727160189
2022-11-09,240.54134801714588,242.37498348487816,233.44340960874624,235.63194274902344,167690,32.849782747172384
2022-11-10,231.81677061566012,238.56967869489054,231.81677061566012,237.93875122070312,49520,29.437744577074
2022-11-11,240.54134165788648,240.54134165788648,231.6886358366392,233.54197692871094,38830,28.4661322207282
2022-11-14,235.21786063399978,235.21786063399978,225.7933606129779,228.87899780273438,54805,31.327129439360647
2022-11-15,229.10574733605844,229.10574733605844,220.82482250897095,223.3288116455078,68255,21.77575476543477
2022-11-16,224.76814409162574,229.89443208872447,223.58515686806427,227.52845764160156,41035,29.698870183118444
2022-11-17,227.72560036288016,230.92953196971723,222.30356225900206,226.53274536132812,82490,35.163966032747624
2022-11-18,227.66645143689334,227.72559853620706,220.82482282298866,224.45265197753906,53705,37.383645149663465
2022-11-21,224.91597848481575,225.0047141713544,216.8815103677368,218.1630859375,48450,36.207177807821395
2022-11-22,221.43603895940961,222.52045263445487,212.3467299312963,213.78604125976562,72045,25.536653121807774
2022-11-23,213.92405276547936,221.21915269532153,213.92405276547936,215.71826171875,37650,27.406679331501934
2022-11-24,215.71826478363988,221.3078915334418,213.9240558048774,217.3251495361328,63140,31.14186693688329
2022-11-25,214.20008602936105,227.72560820493263,214.15079176367425,225.29061889648438,46975,31.46202873766036
2022-11-28,229.30292646077905,229.43107349610133,221.95851736183633,223.2992401123047,55145,30.89800919685976
2022-11-29,225.53707106359457,226.73977892039824,213.47056610922726,218.88275146484375,53800,34.13038392998878
2022-11-30,219.01091415713023,221.81065391186274,213.1846840375125,216.4674835205078,68970,29.698011123855693
2022-12-01,219.7108263729328,227.1242350382025,211.16372490532976,215.10702514648438,69120,31.50712819110882
2022-12-02,217.07870288042173,223.5752872439187,214.90989048040362,221.4656219482422,51835,42.80799642119206
2022-12-05,225.71451239907194,230.34788717345063,221.81063854203362,225.724365234375,42415,52.38375050295701
2022-12-06,227.9818987075821,230.42675569499346,223.64427444636286,226.5426025390625,42680,48.94822298864271
2022-12-07,228.464974938528,229.69725635675093,224.78785139845021,226.7496337890625,44250,50.23535185549456
2022-12-08,225.0146021850442,229.45081559066392,223.4471437252583,226.3750457763672,64800,52.166225005691274
2022-12-09,225.79340267704137,230.63380813688354,218.85319971906435,221.41635131835938,93265,53.779253827538994
2022-12-12,223.78230684646576,223.78230684646576,219.83900628529454,220.8642578125,48605,59.024618006513435
2022-12-13,221.23886260493074,226.73976835534705,217.67018062963257,222.1951141357422,53955,58.38649142377539
2022-12-14,223.3879675546995,234.60664665633576,221.62333225026362,231.1759796142578,52005,65.05892658066571
2022-12-15,235.02070470331608,249.41375760167676,231.28443408363424,246.24925231933594,152255,69.73633352175753
2022-12-16,248.388516855206,256.3145446161762,242.5129922137667,250.90235900878906,166425,74.75247497657475
2022-12-19,251.45441958549654,264.58561735242415,248.437782094515,259.9916687011719,93625,84.01303500088628
2022-12-20,258.28617045929997,268.12471556922526,256.363799523029,266.9121398925781,101055,88.84163164082152
2022-12-21,275.7944559970296,275.7944559970296,257.30036639450185,262.2294921875,151695,84.51764769000691
2022-12-22,266.1727868654153,267.34592118469584,251.98676375232512,255.1709747314453,77265,74.43889043781505
2022-12-23,255.17097392849126,255.17097392849126,234.12361635512173,236.3811492919922,67815,56.382109044042025
2022-12-26,230.88025471063645,246.4562956011274,230.88025471063645,238.31338500976562,120150,56.95643814784034
2022-12-27,239.16120090861622,244.4846510021473,234.63625178236606,241.45816040039062,88310,58.400910982265614
2022-12-28,245.6774871357655,245.6774871357655,232.8518925740658,235.49391174316406,83310,54.895724173366176
2022-12-29,235.59247983938937,238.54995516014367,233.83771235247494,236.40086364746094,106825,58.410782794408874
2022-12-30,236.4698786055712,240.13714943968486,234.6263903521183,235.27703857421875,79530,58.03827917326626
2023-01-02,235.71079558689007,238.96400649551268,233.73914531863502,236.75576782226562,61680,58.107378132363465
2023-01-03,237.1500957783849,250.34044110461215,234.91226847503063,246.3971405029297,304145,58.41326577085659
2023-01-04,243.49881291845654,248.0631881928351,242.1876636591805,244.73109436035156,70660,49.01484924601222
2023-01-05,245.6675886399087,245.6675886399087,236.5980015875517,237.81056213378906,70435,41.747427323104056
2023-01-06,240.44274153978043,241.5271551923369,234.8531148961432,239.2006072998047,46320,35.48520219536685
2023-01-09,242.93688907644648,242.93688907644648,238.27394024089205,239.9399871826172,43250,29.391419475593423
2023-01-10,242.31582222120525,243.07491179028034,236.3121507337425,238.766845703125,49305,31.057009525405192
2023-01-11,240.935662599986,240.935662599986,237.58386307976042,238.77671813964844,31230,35.0638088459357
2023-01-12,240.1075865153103,276.03105969038774,226.84824040653967,271.9300231933594,1603695,75.66911010455036
2023-01-13,268.14443937393287,275.8338634690399,264.2011387949044,267.39520263671875,288845,70.23870102332599
2023-01-16,264.2011951306514,279.018149012377,255.32876693596535,257.4088439941406,220345,60.13531673252616
2023-01-17,257.40875206353803,260.90844887478875,245.27326372727015,246.4168243408203,112900,56.523759131152126
2023-01-18,250.11369716790531,252.25293586768038,244.6817911435364,246.14080810546875,108870,55.861400979855425
2023-01-19,248.60538157510373,248.60538157510373,239.7526758521011,244.25790405273438,64925,55.355664846048185
2023-01-20,243.96214354005224,244.26774692031515,232.88146378093782,235.82908630371094,70835,49.48968265052097
2023-01-23,238.15562344097773,239.32875768711284,228.71141741668896,230.19015502929688,60530,40.66333884961234
2023-01-24,227.1341159314036,238.56969406038857,227.1341159314036,233.95603942871094,54620,43.939245691623285
2023-01-25,237.465568306189,242.89745949851243,224.6301205677472,236.9036407470703,103350,49.466008583968616
2023-01-27,238.96399711036938,238.96399711036938,222.61903026587018,225.6060791015625,110250,42.83190257970117
2023-01-30,227.33128189542785,227.33128189542785,213.15511165627868,216.29989624023438,92855,38.56789361142894
2023-01-31,219.54327367421388,225.5863870916081,212.9283948661274,220.22349548339844,67500,41.26499282299574
2023-02-01,223.5259911106071,234.21233170494656,216.9505394245376,222.61903381347656,85610,42.556089256912244
2023-02-02,225.96095932489496,229.33247908628553,223.47667606400339,226.31585693359375,49040,21.156948530064454
2023-02-03,227.82416713062779,231.6688786746123,212.938203377516,214.57467651367188,88755,19.389845939663346
2023-02-06,216.8815359857462,233.44340174224828,216.8815359857462,227.47915649414062,140565,33.222806702419746
2023-02-07,228.71142892132232,234.23205563642227,226.7397786720006,229.94371032714844,148120,39.78982347335644
2023-02-08,234.2320381326765,236.59801223805852,225.4088918923017,227.8636016845703,86245,38.91943555508603
2023-02-09,229.69725579729928,234.62638145818553,226.73978040076753,232.0238037109375,40930,42.78236643794182
2023-02-10,234.34047402252557,234.62635666194475,215.1070180992165,217.8476104736328,152175,40.0653556641688
2023-02-13,221.12055975812837,221.67261937442208,213.99304892187834,215.8463897705078,102960,41.743277287378845
2023-02-14,226.5327378159583,226.5327378159583,206.42191226297143,210.01031494140625,76915,36.53695658850593
2023-02-15,208.40340470248694,209.98073076277382,204.36153111705798,206.17544555664062,92925,32.89430073062242
2023-02-16,209.27093307341673,209.58640429875442,203.86861620072472,205.0811767578125,61755,37.109950268970735
2023-02-17,207.81718199349476,210.94828121661268,203.47120120033068,205.3676300048828,51380,42.25711550569744
2023-02-20,208.6073773404578,209.78277171506724,205.85163306665325,207.96536254882812,55135,41.15187946936103
2023-02-21,209.39754740004233,209.76300056083974,199.52030459815353,201.42660522460938,64170,35.566281017020955
2023-02-22,200.50803775841774,202.0587721813017,197.13989419665137,197.82142639160156,57860,30.568783748714665
2023-02-23,199.05609598419235,210.9581779501995,196.7546963368193,203.7379150390625,99475,41.9723627860207
2023-02-24,207.68880905989377,207.68880905989377,197.54487548378745,198.41407775878906,49725,25.74511969614818
2023-02-27,198.41407831626856,201.68344360327464,164.23880873296068,177.10885620117188,492855,16.45687511104076
2023-02-28,179.76582759707313,193.59396818146337,177.10884674477896,182.46231079101562,388695,22.326394669558567
2023-03-01,182.3339220763815,200.77473398726383,178.6892167927005,188.46768188476562,164230,24.035136551182134
2023-03-02,188.37878123981136,195.73732432059776,188.06270222692177,193.38653564453125,77790,33.609084872839304
2023-03-03,195.96450495765828,198.22640215856526,189.9393954671974,191.9642333984375,93920,33.87187820150443
2023-03-06,192.60624823247227,196.2608253128442,185.69217778310147,188.2306365966797,90790,34.861848417080935
2023-03-08,184.4081508892499,188.33928996080576,183.71674679196303,184.7538604736328,52720,35.03625594361915
2023-03-09,183.7167202286154,188.2503711590381,177.96815755489504,179.32135009765625,82915,33.034113150935056
2023-03-10,179.17319160232762,181.03999002660433,175.66678220642387,176.37794494628906,65315,31.552501732243343
2023-03-13,175.02473996889847,179.56827770021306,171.2318823385615,176.20013427734375,92205,29.14396489540755
2023-03-14,176.23965618269725,179.56829763522165,168.63418137201415,170.76766967773438,77000,29.573584195182974
2023-03-15,172.74310797917724,174.77781769352848,167.3402546724599,170.83680725097656,88130,31.132600457478404
2023-03-16,171.46894586251202,171.85415773969459,166.4710482050081,169.89845275878906,71865,24.569451780181836
2023-03-17,173.29623564792763,174.8272114175748,162.94488859304766,164.0906524658203,137210,24.39202373389982
2023-03-20,164.2783301824822,171.4492039330591,162.27323577568802,165.7401580810547,64570,37.99791421878409
2023-03-21,168.24894625362364,175.02473525682046,165.22651243983626,169.77005004882812,106260,36.215386002336
2023-03-22,169.72065217333784,172.32824347505291,168.308198721193,168.98973083496094,62800,26.137406657860694
2023-03-23,168.98976007030086,173.6419485181514,165.11788232043045,166.115478515625,86590,14.827992827196198
2023-03-24,170.08611167786086,171.82451599177145,164.38693857414412,166.88589477539062,91080,17.102818030205142
2023-03-27,170.2836657445843,170.87630636171284,163.97210797951655,167.498291015625,118590,20.37816637489182
2023-03-28,170.00711294862873,173.38512846969664,159.5767460615115,160.59410095214844,103955,18.560364471929518
2023-03-29,160.99907629217304,164.7425451156143,159.9619626637254,161.75962829589844,67575,24.29149580528704
2023-03-31,164.94997194123673,167.43904160611234,161.16698574622262,164.14991760253906,61320,31.80480654483499
2023-04-03,165.7302669715953,177.53358536143395,164.85119287687584,174.68893432617188,82845,48.281304014027505
2023-04-05,174.629662332863,175.01487421379488,172.8023663170587,173.43450927734375,58635,53.35152014432857
2023-04-06,174.629672125276,177.59284524367496,170.23430168061304,170.71827697753906,59170,49.86033117764838
2023-04-10,173.8394587187338,173.98761131973356,168.90083773240613,169.18727111816406,63885,49.173530271262514
2023-04-11,171.7257563934332,172.02207671324564,168.8613618020273,170.00711059570312,56920,57.777177830828066
2023-04-12,171.04421236202566,174.7383066079804,170.8763010424109,172.0319366455078,50085,58.189726742962016
2023-04-13,173.81972510934574,179.52877058804452,173.07893185444735,173.71107482910156,99290,55.46425393435
2023-04-17,176.31867338926142,187.47009006312064,174.8272150033827,181.93882751464844,194775,64.88083506287731
2023-04-18,182.18573950316292,191.6185093433824,178.77809376882587,188.68496704101562,172975,73.81692620123704
2023-04-19,191.61852330556562,195.37187883821755,188.86277900906452,190.6406707763672,104345,74.45593623079671
2023-04-20,197.24855560975985,199.520324697342,191.02588900341846,194.24588012695312,96575,75.93866806353378
2023-04-21,197.15963878818746,197.15963878818746,191.61850512476187,194.10757446289062,94220,87.40893199676657
2023-04-24,195.56939757926935,196.03362917318063,187.7663821892928,194.48289489746094,51420,87.18282235138848
2023-04-25,196.42873034143196,196.42873034143196,191.1542860992945,192.53709411621094,82750,82.5849557075719
2023-04-26,193.59396417594093,194.43353586549875,191.46047605562305,192.72476196289062,72715,77.15636513349857
2023-04-27,194.10756569728196,194.96688093590598,192.50744223072036,193.5445556640625,68105,80.6810615915679
2023-04-28,193.59398163860848,203.07614186990713,193.14950867465222,199.78701782226562,170335,90.04072909664974
2023-05-02,199.91540858592128,203.47122238433582,196.83371334161401,200.18209838867188,125275,94.07301975095956
2023-05-03,201.49574408069728,201.49574408069728,198.01895055105635,198.4436798095703,60180,89.40589390796504
2023-05-04,200.4092855186887,200.4092855186887,196.75470805627216,196.8732452392578,87770,84.86281439705748
2023-05-05,200.91298105792706,201.66364601641996,197.34729613000445,198.74986267089844,93450,84.94625625264075
2023-05-08,199.47092628322133,199.8561381707115,194.3940238081441,194.9965362548828,80740,70.82550526338332
2023-05-09,196.7546927545156,196.7546927545156,191.86546010588137,193.13961791992188,56415,58.41737056497931
2023-05-10,193.62361966142262,194.43356093190576,191.82596902806057,192.86306762695312,41690,54.48391023497836
2023-05-11,195.1841968194818,195.1841968194818,191.02587094269037,191.56912231445312,56175,44.043877781067415
2023-05-12,193.59396433692118,193.59396433692118,184.78346531955282,186.58111572265625,94745,36.22554128366582
2023-05-15,187.47007445422233,201.29821460258364,184.70444341025473,195.76695251464844,125695,51.7769541596843
2023-05-16,197.54488422705927,215.12638193756325,197.54488422705927,207.11593627929688,416430,66.00872820420365
2023-05-17,209.18023259061542,215.32387840022992,202.09825179309317,204.7354736328125,278820,62.5827651538161
2023-05-18,207.80731335873602,210.5729443928634,201.70318446355833,206.947998046875,129510,63.64368922990898
2023-05-19,210.04945924959986,210.35565137990176,203.68851216463324,207.27395629882812,108285,58.66482349799884
2023-05-22,207.27395938254386,215.3239067484476,204.4984413190022,214.12875366210938,123150,64.04135557808706
2023-05-23,216.70672695446282,217.10182575666255,210.38529683404983,212.3212432861328,151110,63.95238381604478
2023-05-24,214.3361796484083,215.11647523779817,210.3852823277003,212.3311004638672,54980,66.04467470859569
2023-05-25,214.33617733089474,214.33617733089474,210.00993998862432,210.7606201171875,22790,62.54645124742938
2023-05-26,209.3975557880103,212.3607287472746,208.0740088166934,211.6396942138672,49100,68.49613569365555
2023-05-29,214.3361735859979,214.9880752426305,203.66874810751463,208.07400512695312,85565,65.989818690349
2023-05-30,210.96804502770385,212.39037053501838,203.47122066033455,204.1132354736328,72555,61.16444813518278
2023-05-31,204.45894025754697,208.2221676160683,204.45894025754697,206.89862060546875,43910,64.77532442549378
2023-06-01,208.21230477569398,215.52145924536813,207.04678215636952,212.30148315429688,71055,74.59387374558273
2023-06-02,214.4250683418858,215.49181241273106,211.2742253594912,212.2915802001953,70055,69.1637622029944
2023-06-05,217.2993425887654,217.2993425887654,207.08627710424778,208.45921325683594,102400,51.88674999260586
2023-06-06,212.36071994095994,212.36071994095994,205.44664998939382,209.10122680664062,37910,56.4469246451999
2023-06-07,207.62953118986738,209.35804871033375,206.67143741566218,207.40234375,54860,50.68126885867331
2023-06-08,208.80490804229893,208.80490804229893,202.86869050887225,203.85641479492188,69385,45.32682512379202
2023-06-09,203.97495448482547,207.21468921686633,200.33026421488788,201.6933135986328,52975,30.492708303911712
2023-06-12,200.11296582761585,202.71067070374644,197.09051655856638,201.50564575195312,74495,32.12533255998689
2023-06-13,202.68102199233826,204.09347556907477,198.53258297433408,199.70797729492188,61250,30.302096632634743
2023-06-14,201.70320681326405,209.39757327527784,201.64393068908777,208.59751892089844,133465,47.25221772919572
2023-06-15,210.56304910073035,210.56304910073035,205.44664470254284,207.70852661132812,110660,45.00750522342622
2023-06-16,207.8171920143371,212.12367067550022,206.45414269402883,210.78036499023438,84005,53.480676557928724
2023-06-19,212.88421108473915,215.7189749217916,206.05903274978655,207.10601806640625,81130,53.87761573734503
2023-06-20,207.10603488151736,212.87435655119904,205.4565370223465,211.5211639404297,65625,55.7465357803386
2023-06-21,211.52116502305662,212.5582786122026,208.81480993062104,210.21737670898438,46715,47.11511896987122
2023-06-22,213.15092533024492,213.15092533024492,200.9426513268986,205.24913024902344,63705,41.42827321123191
2023-06-23,208.2122822011895,208.2122822011895,201.4957540518331,202.31556701660156,57235,42.35498335918192
2023-06-26,202.28596090168588,205.4466759793807,197.35721070125604,201.34762573242188,69680,40.429225161641256
2023-06-27,203.35267636703392,205.426888279281,197.93993654693884,204.4490509033203,46270,46.47655741124992
2023-06-28,206.2368481121551,207.42211432255993,204.0836011834478,204.49844360351562,47020,50.83569951998322
2023-06-30,205.0515714418248,207.52088220065468,202.8291917588779,203.68850708007812,52535,52.6918790100674
2023-07-03,203.8662945563441,207.98511825257333,202.10814646438212,205.2886199951172,59415,54.91653700456551
2023-07-04,207.42212282158465,207.42212282158465,201.91061889231946,202.8588409423828,103865,54.02882012609245
2023-07-05,205.90102042620973,205.90102042620973,201.3574824804362,202.00938415527344,55515,39.395856583724985
2023-07-06,205.04169088866757,205.04169088866757,199.71785733098721,200.70558166503906,46055,38.8767194071914
2023-07-07,202.86870253342613,204.45893933108252,201.49576629729873,203.3724365234375,51700,38.08010205985704
2023-07-10,204.26138303387424,206.42450160702649,200.2709685238325,201.18955993652344,47410,40.00001031615401
2023-07-11,203.20450766641252,204.44904987900162,198.24614273568577,202.68101501464844,58980,33.41972411424646
2023-07-12,202.67115649152976,203.6786395222149,198.33504731120442,198.70050048828125,59955,30.370315658286344
2023-07-13,198.73013463356708,201.080923390843,194.02857219049267,194.7989959716797,84510,31.516367161607505
2023-07-14,196.5571238781578,197.93005996972408,193.5939511563765,194.5125274658203,78510,34.772489595814974
2023-07-17,194.51253694946135,201.49575490524094,194.51253694946135,199.91539001464844,74140,47.617423071319166
2023-07-18,200.31049960361452,200.5771893960104,197.8609474550803,198.5325927734375,41500,39.56084251812053
2023-07-19,198.5325799160918,203.27365946569674,198.5325799160918,199.00668334960938,44850,40.45326740867277
2023-07-20,200.5080353711086,206.4343812441463,199.52031105893565,202.1772918701172,152970,47.572203409441336
2023-07-21,204.2712484943652,204.2712484943652,198.53257304804444,199.12521362304688,61765,40.53971131393614
2023-07-24,199.19437703609208,201.8513580714794,196.55715470862907,197.36709594726562,45530,41.39319035003853
2023-07-25,195.94475018359287,200.4981597798632,195.17432644031734,196.6361541748047,113785,41.54753103607193
2023-07-26,198.60174873215192,198.60174873215192,194.7397427812002,195.3521270751953,46430,41.57339640804626
2023-07-27,197.54485332935633,197.54485332935633,193.8013849902146,195.2434539794922,108895,36.0838530262874
2023-07-28,197.14977577100103,197.20903681740316,194.1273267612022,194.45327758789062,65600,37.89062007121858
2023-07-31,196.5373673663313,196.5373673663313,187.17374568103477,188.1812286376953,111865,27.757590794610834
2023-08-01,188.18121141954896,194.58165976437436,188.18121141954896,189.24795532226562,72205,34.0765028670839
2023-08-02,191.14440469955713,191.14440469955713,187.35153205341288,189.3269805908203,48825,39.41936846776249
2023-08-03,189.24799763134126,190.63080573763446,188.72450491456758,190.0776824951172,62365,41.57606301330477
2023-08-04,191.22343111270624,192.7939091375133,187.6873762989579,188.98129272460938,63760,25.168293404728217
2023-08-07,195.56939867365912,204.45891679518908,193.59395020220802,199.54005432128906,164115,51.61491676788687
2023-08-08,204.43917663039147,213.34845426460285,201.98962452366334,210.78036499023438,179375,64.03012148528728
2023-08-09,212.88420440002722,215.32388448036224,209.41729774077655,213.15089416503906,106785,63.33090380089598
2023-08-10,213.3484467478175,216.89437333355505,212.18293931933724,215.50167846679688,99475,70.23923928605373
2023-08-11,214.74113453357307,217.2795780392839,212.36071545480908,213.862060546875,88425,70.44557537756683
2023-08-14,209.3975483601999,211.35323822392795,197.95969933458915,207.3628387451172,155705,61.63238317379672
2023-08-16,209.17039397136767,216.31163694360154,208.61727073582503,212.01502990722656,80005,66.83966587754024
2023-08-17,210.66184487244914,215.39305287509092,202.21679879753697,206.19732666015625,129565,59.924828932317006
2023-08-18,206.3059794033352,208.79504897620015,202.12790963820567,204.0342254638672,77575,58.47015278723182
2023-08-21,204.02435156652854,205.446677127308,198.6313847319646,199.82652282714844,103525,60.68517416089322
2023-08-22,200.90313123924776,206.63193561122998,198.47333772411858,201.47601318359375,213595,61.1011710990378
2023-08-23,201.51551925284227,203.86629287728042,198.15724753418107,198.89804077148438,80225,58.311894860623646
2023-08-24,199.54006877358347,201.49575868195362,197.367078311897,199.53018188476562,69750,58.22587108886075
2023-08-25,199.32275705534357,203.47119589918714,197.6436288413445,200.68580627441406,57025,60.17515658688997
2023-08-28,200.68582964180368,205.90102816503872,199.65860293162993,204.75526428222656,90945,55.11036085202585
2023-08-29,206.13807678222656,208.00487527287692,203.4712239486515,206.13807678222656,89790,44.36182384862319
2023-08-30,207.02701489476502,207.02701489476502,203.50083198463454,204.9330291748047,45560,39.72840540305489
2023-08-31,206.26648419245592,206.26648419245592,202.09828610094556,202.81932067871094,47410,34.05368423435712
2023-09-01,203.12550522373942,203.99470746894164,200.31049988749072,201.8315887451172,68030,34.62123478906079
2023-09-04,205.4565124418024,209.9802912410689,203.2341329158087,204.36013793945312,75035,45.72791055021673
2023-09-05,204.360163538226,205.95040035666062,201.29822707286158,201.87110900878906,63330,34.62113592136883
2023-09-06,203.1847928487465,206.89863116506396,200.9228955339065,204.85403442382812,81275,47.771970265265985
2023-09-07,206.43438996864296,206.43438996864296,201.95999985111737,204.49844360351562,50610,50.819079824138655
2023-09-08,203.67861819585372,206.4244903238685,201.50561285298545,203.22425842285156,67855,56.68733264700335
2023-09-11,205.1799728557598,209.3975600060847,204.26139645419318,204.89353942871094,111250,56.72104818715261
2023-09-12,204.89354034206067,230.83117619119477,203.20452508227777,215.8869171142578,1754960,75.10216652094532
2023-09-13,213.54598609116536,223.4232288805021,209.4469363621812,218.3166961669922,355565,76.35808492609547
2023-09-14,215.71897770671546,229.1520340045376,215.71897770671546,225.7937774658203,270880,79.91996497194701
2023-09-15,225.89277169946334,229.09011042526845,219.74556661279655,221.74513244628906,122465,70.25605872730343
2023-09-18,221.74513232636446,225.6849032493836,221.74513232636446,224.02188110351562,69330,70.87684185738811
2023-09-20,223.7249257081703,228.14973308538117,218.1716448786549,219.8148651123047,129435,66.23461841415775
2023-09-21,221.7352474284891,221.7352474284891,211.84624591135204,213.7369384765625,106050,60.96193320592618
2023-09-22,217.77568039580711,219.88414977126567,213.69734066911207,217.6964874267578,92400,65.03220933668834
2023-09-25,217.59751901115837,222.2004991839306,216.7956958214713,218.89427185058594,85465,64.12756544523585
2023-09-26,218.89425540905182,230.84221302500512,217.78556897172402,226.38771057128906,172775,71.71789125374757
2023-09-27,228.63476040100895,228.63476040100895,219.76534455743823,221.97280883789062,130630,64.78935995418828
2023-09-28,222.14111105823406,225.49683593062926,220.15142345390544,223.22998046875,51750,65.93444136321841
2023-09-29,224.89296653035709,226.5262779355676,219.75543832574925,221.12149047851562,135080,65.01163776189443
2023-10-03,223.6853206687281,229.45637798622155,222.92310156145163,228.9218292236328,119990,68.27461817196026
2023-10-04,228.86245333740402,234.28704366196118,225.70470336106652,229.9810333251953,186955,62.627309061698384
2023-10-05,232.2181642365898,232.62402253929503,228.66446470883892,229.7137451171875,82355,60.622541575445354
2023-10-06,232.62401117407222,234.3266221663457,230.11959217702736,232.0894775390625,106160,56.48449815254
2023-10-09,232.40623100125117,234.59389321067198,229.85231454904348,232.4656219482422,98090,61.945704342550826
2023-10-10,235.31653500917403,235.31653500917403,223.32897246519934,226.19964599609375,173000,52.228532561852155
2023-10-11,228.46647248440598,229.3672754474952,221.33927195185447,222.7548065185547,157125,53.056149320379845
2023-10-12,221.83424351167005,225.89278140847213,215.79591150571332,216.80560302734375,159240,53.19852050057161
2023-10-13,217.77567864939255,224.50692991945846,215.92459021431728,223.65562438964844,84780,55.858311362428125
2023-10-16,223.65562538254417,226.56590279050096,222.7251268801891,223.15077209472656,62625,54.242279906465875
2023-10-17,223.15078562167636,225.49683403809684,222.19060669040866,223.25967407226562,89240,46.34430534507964
2023-10-18,222.72515400575162,228.23884617952842,222.72515400575162,223.44776916503906,110545,51.9127378530273
2023-10-19,221.73524086140014,224.20996453172828,220.7453513932689,221.71543884277344,61015,48.05984292970617
2023-10-20,223.04190364551658,227.33802033978253,220.80474376624707,224.94248962402344,85395,54.75840744522889
2023-10-23,228.44666590046626,230.64422149387624,210.91573374673365,213.3904571533203,127250,32.31118402302286
2023-10-25,215.78601014040032,221.33929064908372,204.51116972634793,209.539794921875,390615,28.111085948378502
2023-10-26,213.61813424042748,213.61813424042748,204.47155080248564,209.46060180664062,96660,28.224784546259315
2023-10-27,209.46061558350289,220.74534937522898,208.23314721661632,220.44837951660156,106465,39.43966382376384
2023-10-30,226.68469710773363,226.68469710773363,220.9730304229601,223.60614013671875,172810,42.34915267012418
2023-10-31,223.52692740068656,224.99195951228344,217.2213366319128,219.69606018066406,141660,44.14542865172567
2023-11-01,218.76555924389243,226.96184233661472,218.56758438312647,223.9624786376953,263255,51.07130790904779
2023-11-02,227.47661859556138,230.5947645949221,213.17271780857152,215.54844665527344,306938,48.931520237296425
2023-11-03,213.6181460066211,213.6181460066211,201.44250276920138,203.6697540283203,131577,34.35128877249407
2023-11-06,204.95661581782355,207.8272892114733,200.45261575163696,206.39195251464844,164128,37.31837888592631
2023-11-07,207.8767861251637,209.1141479473373,202.234419236955,205.99600219726562,84596,36.99285694248811
2023-11-08,205.9960077163909,207.6293193236146,201.9869522842334,202.33340454101562,108281,34.883061896866025
2023-11-09,203.57076059474403,203.66975558215472,200.20514248598198,201.0465545654297,90137,35.10700523437713
2023-11-10,203.91724839693651,203.91724839693651,197.08701650700084,199.2647705078125,47790,31.104327034607252
2023-11-13,202.97683670350048,202.97683670350048,199.01727886526402,200.30413818359375,52972,38.60738962468447
2023-11-15,199.95766415084805,205.40205599653945,198.9677747243587,202.03643798828125,107370,43.21761131481296
2023-11-16,203.91722094063934,209.65858260938535,203.71924607713373,207.33233642578125,111670,48.24202433774993
2023-11-17,207.33234780485006,209.80707149577574,205.89701108501612,207.23336791992188,90198,36.68992748195194
2023-11-20,206.88689883449095,207.08487370720957,202.9768384563688,203.7687530517578,54249,30.142657400763156
2023-11-21,205.89701532160194,205.89701532160194,203.02634182286639,203.917236328125,54038,32.918971901762376
2023-11-22,203.9172266144353,205.6990306445905,198.3738396549556,200.254638671875,52485,23.995628327500526
2023-11-23,203.27380787183318,204.11520485517033,198.27486304795175,199.95767211914062,103124,29.194141208044954
2023-11-24,199.9576689147949,202.43239253997803,195.55266388287185,197.97789001464844,138738,39.676817658519305
2023-11-28,199.01727512370528,199.01727512370528,193.5728831984856,194.51327514648438,133705,29.020925688876915
2023-11-29,195.0082321740631,198.81931280404245,192.08806115987227,197.4829559326172,116009,36.21793367446508
2023-11-30,199.957667619335,200.45261234116504,195.9981098446947,198.32435607910156,62090,42.85713508960899
2023-12-01,201.34351125480487,231.63413494300343,196.49305891532558,220.1019287109375,2193297,69.62285479395746
2023-12-04,226.68468848975004,236.1876334376764,224.70490955097492,233.8118896484375,643213,78.55973693677875
2023-12-05,236.5835874725713,252.27334188860428,233.61391901057252,246.08653259277344,613293,81.91857282338141
2023-12-06,247.47234907802434,263.7560417309691,223.51702870817428,249.69960021972656,2356198,82.38063497559261
2023-12-07,251.48140842671043,266.2802521321089,244.10673531979083,263.8550109863281,1009776,84.27371301595574
2023-12-08,265.88434993356566,270.0418680864236,256.03493642879465,260.8359069824219,909979,81.39134341770256
2023-12-11,266.28028203500804,274.1993982293577,260.34094488924575,261.9247741699219,524739,85.03283955578588
2023-12-12,261.97425588926063,263.2116177914478,252.42182804618187,255.44097900390625,160297,78.83658250808736
2023-12-13,257.3217653606244,262.5186847862998,250.49151933845704,259.3015441894531,98429,82.97404441941895
2023-12-14,261.23179695913086,263.21157568592844,254.79751609703885,258.212646484375,61381,82.24658234023583
2023-12-15,256.67832465700474,258.2126714440031,245.78955571158946,250.09556579589844,198030,77.01386986333873
2023-12-18,247.47234647117563,256.8762956370803,247.47234647117563,252.6692657470703,261643,80.42466848917725
2023-12-19,253.75815146434246,253.75815146434246,246.58145337847003,247.76931762695312,108789,75.78681641677971
2023-12-20,249.20468074279566,251.48142960563882,232.62403167649248,236.63308715820312,481731,67.76861878875339
2023-12-21,236.63308311829485,241.53303302139142,230.99071610550135,237.67247009277344,478241,60.090977173857226
2023-12-22,241.03807609805608,248.36325183500045,237.17751336457454,239.65223693847656,138435,53.876484573079594
2023-12-26,240.54312589820412,245.4925729331466,239.80070884296276,242.1764373779297,68315,47.01883638617616
2023-12-27,242.02796482294514,243.11684923409732,235.19773382066762,236.97952270507812,112886,40.53056455407301
2023-12-28,239.5532352600354,243.01784816668882,228.0705121561787,232.2775421142578,147812,22.641456054568465
2023-12-29,233.21795559616598,240.54313133153468,231.2381767374702,238.51385498046875,122310,31.681506974535637
2024-01-01,243.51279877257463,246.53196454248697,239.65223605335157,242.67138671875,162065,34.95742313776
2024-01-02,245.54209035383735,248.4622613205665,240.14719566877582,246.08653259277344,156137,42.32331694196403
2024-01-03,248.9077049121428,250.44203661587025,241.9784786026128,248.6602325439453,213521,41.07883116773469
2024-01-04,248.66021999010644,251.92685810629717,247.57135068771882,247.96730041503906,140950,41.35338345864661
2024-01-05,249.45216010149193,253.90666296044714,246.77946140702187,252.02587890625,132107,51.74890528386306
2024-01-08,256.0844312260152,256.0844312260152,244.75018412431046,252.76829528808594,187459,50.09280242149973
2024-01-09,255.0449989137958,255.0449989137958,247.47235101455584,253.16421508789062,258075,55.52178666250195
2024-01-10,254.30258664251056,255.3914710492548,245.4925768225395,250.24404907226562,173931,66.74785171299698
2024-01-11,250.4915347817578,258.16316311192645,245.98753464758914,256.2823791503906,232420,70.3904451955971
2024-01-12,256.3813470810403,257.9156635224322,252.47128708661432,254.84703063964844,91137,66.84960053929227
2024-01-15,257.3217423323844,273.7043985912142,254.50055171197198,270.09130859375,837452,74.14382119866221
2024-01-16,275.8822099147657,275.9811746954543,259.35104352982535,262.76617431640625,308373,71.5111853571285
2024-01-17,262.37017826083184,268.5569871257734,256.3813593631794,265.7853088378906,196112,78.75959814500254
2024-01-18,266.2802332832763,269.7943283675309,257.3712291957317,261.8752136230469,188249,70.88494285938782
2024-01-19,266.67622449592477,267.3691592275561,261.3803096442566,265.9338073730469,208083,70.83334699879197
2024-01-23,264.3994778166455,265.0923823053893,248.56124663582398,249.65011596679688,249299,52.59364672439976
2024-01-24,251.43190535332326,252.17432239668938,240.5431220506203,247.76931762695312,142833,49.34496768199088
2024-01-25,249.15517769568925,255.98542413203526,246.53197663022866,251.3329315185547,226189,52.37430612606934
2024-01-29,251.43193914991645,259.35105534361463,247.47238105306738,252.02587890625,184469,50.0
2024-01-30,255.83694973579688,255.83694973579688,246.77945187634782,248.36326599121094,126372,46.87279017207193
2024-01-31,248.46225167804513,252.4218094737112,247.02691499801907,250.7884979248047,180152,48.36066937377244
2024-02-01,250.78850083166802,257.2722647136124,249.3531490304906,255.04501342773438,187305,53.252847828801926
2024-02-02,256.38138452252434,262.3207216157102,252.47132395708,259.20257568359375,165163,52.030295404809365
2024-02-05,260.2419303438029,266.28026203015867,254.40158863104378,256.8763122558594,241759,51.393613465103336
2024-02-06,258.2621472753282,261.28132817428764,253.4611774788729,257.9156799316406,86155,39.611515339621384
2024-02-07,260.2419216939179,260.2419216939179,245.59157040556735,250.5904998779297,214296,39.61148439727484
2024-02-08,245.49258664054304,250.24405908029516,237.42499356492777,239.8502197265625,345218,30.44781950099022
2024-02-09,240.93907985292967,243.41380341388628,230.64423588115577,234.30682373046875,155076,29.716016461408017
2024-02-12,236.13815116442396,236.5835984334583,217.77569730276497,221.2403106689453,292071,20.964664126706438
2024-02-13,220.25039995698992,227.42709838255476,216.63730955006292,222.2301788330078,148680,27.768874571180092
2024-02-14,219.80497116410845,236.53409802759467,219.80497116410845,231.83212280273438,102966,38.516430983361
2024-02-15,235.64319163866642,242.5229204425627,231.63413625942724,237.6229705810547,115462,40.42848206661338
2024-02-16,238.56337905611622,245.49260583367976,235.2967405543617,243.36434936523438,123432,44.35119812214122
2024-02-19,245.49259192683311,246.977426152197,237.62297355330736,240.74111938476562,148450,44.960736060903145
2024-02-20,241.97847530963932,242.91886727508953,238.51386220202264,240.59263610839844,49561,43.0499342641748
2024-02-21,241.73102088031052,242.72091041307553,234.15837199646447,236.08865356445312,77524,37.12174017246978
2024-02-22,237.27648653510246,265.29035962039796,231.1886727572607,245.93801879882812,295160,41.63542682602963
2024-02-23,247.67314345091054,247.67314345091054,240.9310373230908,244.64910888671875,76494,42.18736472315191
2024-02-26,245.78929496080443,247.07822937550986,239.2950758350552,240.73272705078125,69390,39.41020365173822
2024-02-27,240.7823109174237,241.57548738296038,234.83339665267079,237.06423950195312,68555,41.270346790355056
2024-02-28,237.95656316428347,240.88144289407026,232.99913476502755,234.337646484375,113577,46.031800777225406
2024-02-29,233.99064650978198,243.70721028045423,230.22299748088386,240.8814697265625,120137,54.665529292580175
2024-03-01,242.07124733149814,244.00465670716187,227.29811524908274,229.1323699951172,211695,55.70710583856875
2024-03-04,230.17339832130227,230.6691411694023,224.47235556815176,225.8108673095703,87409,52.50488778900294
2024-03-05,225.81087544986178,226.901515806547,220.8038694777788,222.09280395507812,78256,42.575623773413895
2024-03-06,221.10132045150965,225.56300629021723,213.02071770628794,217.08580017089844,102083,34.15495958933364
2024-03-07,218.2260237004553,221.10132637758352,217.18496061774604,218.8704833984375,56988,29.873440258385486
2024-03-11,219.66366728748775,219.66366728748775,207.41881242694717,208.75732421875,118953,26.599348025096575
2024-03-12,204.04777599495858,208.75733343715308,197.25609236887658,200.0818328857422,179367,23.648612433960636
2024-03-13,201.12288937818946,203.3041549909096,179.012754244039,183.0282745361328,252788,20.329523590117716
2024-03-14,183.42485413665875,194.47991361821164,183.42485413665875,192.69525146484375,184810,20.166681999486315
2024-03-15,194.38077675479238,197.9996935500223,184.41634232898429,196.06629943847656,152193,23.398485782466878
2024-03-18,193.14140943566642,198.04926042287468,188.87801807538236,191.4558868408203,124876,23.221990988001423
2024-03-19,191.1088776199906,205.23754950629342,188.63016325397257,200.77586364746094,235085,31.421329845600326
2024-03-20,200.77586310897834,227.84342693907425,195.3722688313259,224.4723663330078,923109,45.842041689234755
2024-03-21,223.23301395104698,231.71022026805923,210.54200826141442,223.33216857910156,748802,42.2504365952163
2024-03-22,223.33214875986977,229.0331914030185,219.16791194195267,222.4893798828125,237852,46.75385971973534
2024-03-26,222.1423733151083,222.3902447392205,208.31115087542298,210.49241638183594,174921,43.099599575931
2024-03-27,211.58305514472022,216.68921588633955,209.64966093838254,212.02923583984375,133326,45.37586074310319
2024-03-28,212.02923822607903,215.49943842533483,205.73329752730888,207.02223205566406,122652,45.37586074310319
2024-04-01,208.0632819816271,217.63111301716586,206.52647610766786,214.3592071533203,77863,48.02773450200815
2024-04-02,214.35920927236924,214.35920927236924,208.06328403843764,209.35220336914062,124073,50.2722267035501
2024-04-03,209.94710036900526,216.09430878260682,208.2615776775313,213.31814575195312,123171,56.33000390692785
2024-04-04,214.40879504010388,217.08580355933887,212.47540083892707,215.4994354248047,147173,68.10392322139118
2024-04-05,216.1438751220703,222.14236642531475,214.75580124164196,216.1438751220703,119478,64.5359472005185
2024-04-08,218.12687460326092,222.09281777786566,212.67370273817937,214.2600860595703,96146,61.49031356317018
2024-04-09,214.160925268124,216.54048505288762,212.3762478651152,214.4583740234375,73531,65.3846365805673
2024-04-10,214.45835703301725,217.8294023158407,213.16942261468913,216.9866485595703,60233,61.9256088246744
2024-04-12,216.73877463868135,220.55598541067482,207.22050610572188,209.15390014648438,125084,35.29968889392609
2024-04-15,204.54350453723484,208.95561291100492,201.5194701027841,202.51095581054688,90326,31.92768419527451
2024-04-16,202.8579889511412,209.20349165109488,202.8579889511412,206.22903442382812,65432,36.55737862083825
2024-04-18,206.72478261065973,213.96263174222707,204.24606819086765,210.98817443847656,95817,50.46556402458247
2024-04-19,208.1128414356822,214.40878165370953,206.57605071074093,212.4753875732422,83897,50.41936969046762
2024-04-22,213.56603744664866,214.90454934184947,209.74882615503986,211.68222045898438,80405,54.75710043935853
2024-04-23,211.97965345465178,217.82941324749214,210.19497610347062,215.15240478515625,263380,50.87913281039395
2024-04-24,216.2926009223447,219.61408409221792,210.19496987607315,217.3336639404297,115208,59.43730480766281
2024-04-25,216.88750943363112,219.1183523878056,213.21901515698525,215.4994354248047,78770,52.71608423921407
2024-04-26,214.6566518427433,216.4909064204306,208.3607116609343,209.55050659179688,97068,43.227953838730144
2024-04-29,210.78985592826777,213.02069864803548,210.54198451496023,211.2855987548828,51055,44.603514447825994
2024-04-30,212.17793428233543,215.05323668601503,211.1864486081189,211.6326141357422,68842,46.97828925202156
2024-05-02,211.7317854307372,213.9130510600362,200.47841609051446,202.70925903320312,183959,38.746409765787824
2024-05-03,203.75030697027086,204.64263802954122,198.34671304719842,200.23052978515625,125601,33.93533165254419
2024-05-06,201.27161889480465,207.17095642284335,196.85951007781134,200.37928771972656,109744,40.13381093869081
2024-05-07,200.6767112560037,201.7177743270989,193.3893000160813,196.2646026611328,107296,42.55319768213932
2024-05-08,196.01672494421902,202.06479392250998,194.43035686042919,197.45437622070312,58774,38.8679045125701
2024-05-09,198.29714217275944,201.56904804438423,194.38077664062172,197.0577850341797,60921,30.127254600626046
2024-05-10,197.99970618298025,204.24606958940143,192.34824029293145,194.67823791503906,74368,25.241376382432236
2024-05-13,194.7277756418139,198.54500144651604,191.5550245870444,193.48841857910156,91211,24.965850565517997
2024-05-14,193.48843959443352,201.17245421783275,193.48843959443352,195.76885986328125,93719,22.425996559978543
2024-05-15,198.29714533639975,200.28011678976375,194.52949654923384,195.96714782714844,58725,17.787798398725016
2024-05-16,196.3141675067147,203.40328417068653,194.4799129203813,199.63565063476562,107246,27.3371440130896
2024-05-17,202.61011141323266,212.1779424878904,201.46989376646556,206.92306518554688,184200,46.38472055656894
2024-05-21,214.0617701352817,214.0617701352817,207.27010173747857,208.5590362548828,93203,46.238071337862834
2024-05-22,210.09581147757018,213.16942316545774,209.2034804088911,211.03773498535156,137449,49.22482377297234
2024-05-23,211.0377349387418,213.16942311837718,210.19496605160913,211.53347778320312,113223,64.73504618461001
2024-05-24,210.19498065015318,218.1268667124231,208.45988057403162,215.00369262695312,228514,73.87817414123079
2024-05-27,218.0772858395509,222.09280611881275,213.16943444439616,217.58154296875,307520,75.7800205166857
2024-05-28,218.17641625142537,219.3166186761759,208.8068800589199,210.93856811523438,193411,70.44192964309688
2024-05-29,210.1453837848778,219.11833208376538,209.35219222667374,216.63961791992188,155940,73.74228527360606
2024-05-30,216.6891908142678,217.1849336369365,210.69069963420233,212.32664489746094,106375,67.22589809958403
2024-05-31,214.1609244231876,214.85496143026612,209.25307293093064,210.54200744628906,119325,68.14056298058233
2024-06-03,215.05324983596228,215.05324983596228,204.84095887017367,206.77435302734375,104623,64.34691338699446
2024-06-04,208.2119952888186,208.2119952888186,184.01975045919,188.2831268310547,247591,44.01267798670446
2024-06-05,190.46442712414336,203.0562936851567,185.9035864191121,197.9997100830078,276732,51.410884419453566
2024-06-06,203.05628250690643,213.16943402560253,201.51947658466844,210.19497680664062,127093,56.553844650197576
2024-06-07,210.19497998124956,213.4668859972981,207.46839415602108,209.10433959960938,106631,51.46666956679117
2024-06-10,210.19496892242802,223.0842830544637,210.19496892242802,215.58865356445312,197604,54.437339328214954
2024-06-11,215.6481515442386,224.02620314167717,215.58866481960453,217.78976440429688,175709,54.27710513806271
2024-06-12,217.78974334886476,222.88597902774066,217.1353591834105,217.68067932128906,75844,53.913142976589114
2024-06-13,218.6226022164935,220.88318845767404,213.79407158020712,216.12405395507812,128444,50.73100108041291
2024-06-14,216.24305563852693,240.83189098961077,216.24305563852693,238.7596893310547,1064927,60.95159580100624
2024-06-18,237.9565678913031,243.75676528520208,231.85893689063693,242.19021606445312,293955,66.71616501771918
2024-06-19,242.19022139995528,243.65761603152805,233.09829915027595,235.59683227539062,169681,60.04412566030841
2024-06-20,235.69598984649934,247.87143344711174,235.69598984649934,243.00323486328125,179241,65.73754242962761
2024-06-21,244.89696292324172,246.8700248725391,231.43258557539818,234.337646484375,203416,61.40249076852682
2024-06-24,234.93253643406754,240.45511911179966,230.71872215804166,236.26112365722656,162349,64.38380982253483
2024-06-25,237.65912624837978,241.8729405972123,236.66764051924272,237.90699768066406,118100,78.96745925057905
2024-06-26,238.94804908298005,242.4182489659279,234.9027856896792,237.68885803222656,101412,76.05777160484428
2024-06-27,237.95656468390578,239.4437932131802,230.52042203753373,237.9466552734375,123088,71.60719759161532
2024-06-28,241.9225143645015,248.86291436676177,237.01466310296314,246.31478881835938,894628,76.02271485548818
2024-07-01,250.8458981735184,269.6841276806206,249.8544124099867,264.65728759765625,774170,79.43378245140778
2024-07-02,267.601980737715,277.120249379767,257.7862784928065,260.582275390625,580120,75.10467255117435
2024-07-03,262.1885050584167,267.7011636371397,257.5879964633053,260.86981201171875,223170,75.28441407137021
2024-07-04,261.90095600920915,264.4292628379231,251.83738165221473,253.59231567382812,298352,70.55815243199581
2024-07-05,253.59231731131783,257.96475801911373,251.9563567284461,254.7226104736328,131078,61.46396543494088
2024-07-08,272.58917779945523,282.31565086514667,254.81184505422354,257.2409973144531,875354,60.95239152738853
2024-07-09,259.5709630895293,261.7324250690665,256.79481503013915,260.64178466796875,205847,69.11319941775837
2024-07-10,260.76073422699665,264.52836771349155,245.53151355444004,260.8202209472656,556798,65.28319727082678
2024-07-11,259.42222877713084,266.80880938576445,256.150338052272,257.4591064453125,1519617,71.81887926128837
2024-07-12,258.13334508625724,292.47839892842364,255.30760438424156,288.17535400390625,2578516,81.74104613083549
2024-07-15,306.86483283575996,306.86483283575996,287.530861138515,290.63421630859375,1947632,81.92077953437742
2024-07-16,291.19936517002,297.4258942193639,287.83821408894266,290.4061584472656,438279,81.91094295789439
2024-07-18,292.33955151245567,292.6568341840048,278.8255971896768,281.03662109375,246128,73.49189679864982
2024-07-19,283.0196302859285,287.92746678185085,271.0226461996545,280.4120178222656,368360,70.30349352278691
2024-07-22,280.2434366754512,282.9997658057785,269.63455747584675,273.4021911621094,240085,56.01965932299026
2024-07-23,273.6500798379127,277.5069741100706,254.81184970414336,268.5141906738281,281574,55.39959356535259
2024-07-24,270.4178070327087,283.4459439867164,269.67419273874236,279.4006652832031,269365,61.02395383736691
2024-07-25,279.4997922546438,281.6711481988195,266.5410678453512,270.99285888671875,260351,60.21417155149157
2024-07-26,271.6670777232076,282.57342025954074,271.6670777232076,276.20806884765625,197108,62.03487098978233
2024-07-29,277.62592142413723,290.9514916952188,277.62592142413723,281.5819396972656,509053,63.211707607957464
2024-07-30,282.52385670107685,290.9911226251598,281.5819332017069,283.5748291015625,248481,62.64072727370597
2024-07-31,284.44737135870355,286.50964847792426,278.7562223780105,279.84686279296875,100340,60.09258830579718
2024-08-01,281.97848479807436,283.3665585186417,273.6500122169327,275.0380859375,136529,59.18363963109073
2024-08-02,270.6756170641005,278.1117603900373,268.54392869554755,275.9800720214844,140666,40.75188345774006
2024-08-05,266.7096661400557,275.4843210590375,261.2564945275266,268.3456115722656,248653,34.32796235378942
2024-08-06,270.62606625152875,288.4232185382233,269.08924507826947,271.6671142578125,453198,37.373107172130894
2024-08-07,274.6415026269105,286.985510064681,274.6415026269105,283.812744140625,400897,51.803168985049446
2024-08-08,283.81277969262385,287.5308510423089,275.93045632819474,279.6981201171875,210847,49.556414590514514
2024-08-09,286.5393666532183,287.43169772965564,277.86386679780077,280.6400146484375,136473,54.864057260636386
2024-08-12,283.51538361346127,286.34109400703545,274.5424187472599,277.5168762207031,147953,56.197104040763925
2024-08-13,278.11171440704464,279.94596884238234,265.7181442463029,267.5523986816406,169043,41.739250327243504
2024-08-14,257.83588364614513,266.46182265952433,248.96210342757377,259.57098388671875,561534,41.98890391958767
2024-08-16,262.4462874254829,274.79026673122104,260.46331594590316,262.495849609375,1001482,40.063248868818306
2024-08-19,263.8343805428498,266.6601211577218,257.7863110399781,258.926513671875,149053,33.14151874461514
2024-08-20,259.2239633670109,269.28753775274924,258.08373053984224,262.3471374511719,557240,34.532588146296106
2024-08-21,262.3471463139335,268.3952156897476,260.11630328449144,263.0411682128906,271027,37.18819606104189
2024-08-22,265.61901338032243,266.4122200961679,256.39820845946866,257.88543701171875,313394,36.9925054940579
2024-08-23,257.8854705525634,263.5865140776723,256.8443922759392,257.78631591796875,174824,36.02433685264689
2024-08-26,258.2820534223706,260.21546285435033,253.96908409870127,255.01016235351562,129846,38.930029893094186
2024-08-27,255.95204202835055,257.78629672970686,252.38270238172396,253.47332763671875,148320,34.43588726099351
2024-08-28,254.0682251422592,256.596501718626,252.38270238172396,253.47332763671875,147246,17.23764065086948
2024-08-29,253.47331621694636,256.2494943651448,246.23548262256637,247.42526245117188,241630,16.546700687782447
2024-08-30,247.97168466992966,250.50503704752524,245.58733251086122,246.8291778564453,146872,14.69939088950143
2024-09-02,250.75340694969418,250.75340694969418,240.76898246542382,245.67674255371094,125455,15.33024142350581
2024-09-03,246.77950486334035,249.20358944124297,240.38153027677566,241.6432342529297,97212,17.60399165555944
2024-09-04,239.70596404316373,243.3420909938686,239.4675242702625,240.6100311279297,82858,21.306058396284328
2024-09-05,241.41472796169413,243.16324069865658,236.14930082203873,238.62306213378906,149938,12.817401298480917
2024-09-06,239.3284243361453,243.3520062103328,235.7519189051689,237.22225952148438,116760,13.745956366995188
2024-09-09,236.04996438405757,238.43430133369668,230.5361681338669,234.08287048339844,132269,2.3405607486253928
2024-09-10,234.04316073839732,241.3750210644573,234.04316073839732,238.6826934814453,137954,13.707033940884799
2024-09-11,239.2290879844143,244.78261667545152,231.48989937986974,235.0266876220703,183122,14.348263357225363
2024-09-12,236.44736692016568,237.49052010019201,232.2946431305268,233.36758422851562,130026,13.682465706917256
2024-09-13,234.41072333261303,236.16918057853704,232.47344763417718,234.66903686523438,104554,18.359056057055838
2024-09-16,236.29832841713613,261.26439103871405,236.2685253428435,251.3494873046875,1440846,47.754322334157244
2024-09-17,251.3494883569299,252.59133365513605,238.98071221864527,247.56434631347656,328511,44.21509714578336
2024-09-18,246.53114529358473,248.86582073342495,238.38464241719404,241.19618225097656,191432,43.93970299231516
2024-09-19,242.9049329744508,245.43830033793495,236.46721138805975,243.7593231201172,127461,47.123427283131065
2024-09-20,244.39515094730717,260.2907705211158,238.9310317188105,244.6335906982422,440519,49.01740398258682
2024-09-23,246.3821083902863,249.01481437188795,243.6997255646603,246.5211944580078,157122,54.78836826827156
2024-09-24,246.52120284821953,248.36906933040757,243.55070332169967,245.85557556152344,102525,55.18663134199552
2024-09-25,244.44482989783575,248.36905798210415,242.57708973085218,246.1536102294922,89401,57.70325542075849
2024-09-26,244.39514069046035,245.97476418109488,242.40818832712327,242.51747131347656,79901,55.17977186298166
2024-09-27,243.25265782509464,246.58079405689426,236.95400708753965,242.9347381591797,92595,59.14596308544531
2024-09-30,242.25918847885174,247.37558507842252,239.23901220397843,243.60037231445312,312748,55.53069895294517
2024-10-01,243.6003888914525,246.07415036790414,238.4343150962169,239.12974548339844,324939,54.531497936627986
2024-10-03,236.4473514549144,243.40168532123545,235.45387518829713,237.0831756591797,100878,54.068749935252235
2024-10-04,237.08317982534686,243.58050805313113,235.46380863134578,237.09310913085938,109407,52.73174355341261
2024-10-07,238.38463025494363,241.96115092515322,221.8929331093539,224.24746704101562,221051,16.568602428379222
2024-10-08,221.54520889959278,236.43742369057517,216.62750437963464,232.03631591796875,260540,32.56746159135456
2024-10-09,232.95030414854375,236.44734475249683,232.235000044116,235.44393920898438,119753,43.08241341433293
2024-10-10,235.45387925708036,243.40168952736155,230.4864978381546,240.8087158203125,196296,46.675640688420934
2024-10-11,240.91800543548516,240.91800543548516,233.4669331024289,235.5929718017578,115224,40.72187259428523
2024-10-14,254.32992601566625,254.32992601566625,239.2986251466726,244.95150756835938,385016,48.603257594704516
2024-10-15,249.36254387185886,249.36254387185886,242.4181392843941,246.78944396972656,152966,50.81399450225862
2024-10-16,248.36906697848218,259.2973059255354,245.68668408696354,253.4258575439453,221551,55.70804890539657
2024-10-17,254.32991725006275,256.61490047296076,246.38210733599828,250.30633544921875,121087,56.163531717886244
2024-10-18,251.2501440104647,252.93906580621208,242.45788806782923,245.7462921142578,106032,52.0879576139777
2024-10-21,245.74630792450282,246.11388931912833,238.43432146002553,240.37159729003906,128195,47.75894400584959
2024-10-22,238.6131146914874,239.52712616723107,226.01584331627473,226.820556640625,170627,42.4127251060692
2024-10-23,226.80069035104654,230.98323210569478,220.95906020865993,225.93637084960938,113546,43.029320828324515
2024-10-24,227.05900681234658,228.1617660894508,223.5321629867073,225.61846923828125,68667,42.85184150141347
2024-10-25,226.36357521721214,226.5225199001121,213.59739902569913,217.17391967773438,107369,45.337873716731565
2024-10-28,218.46542896320224,231.16205467017062,215.4651414977712,228.29090881347656,116736,47.635175429925624
2024-10-29,227.386853530179,228.3803298001861,223.53216075159318,225.07205200195312,82416,43.435613322615
2024-10-30,225.22107031132757,230.85407901650493,224.06863418489488,226.81063842773438,76906,40.71437652233623
2024-10-31,226.81062859119206,230.81433662507604,225.82708165640568,228.80751037597656,76723,45.2980698795303
2024-11-01,229.8307989688393,242.40821231141254,229.19497475603163,232.07606506347656,57615,40.25564292859269
2024-11-04,232.97017617261668,232.97017617261668,225.12172001130938,227.97299194335938,66553,36.23145136204408
2024-11-05,227.9729964823943,230.48649018416307,223.5520301982108,226.0357208251953,76068,28.477750206465117
2024-11-06,226.62188633346378,229.20493085619697,223.8103464993279,228.45982360839844,82255,32.64406596387886
2024-11-07,228.45981506045644,230.46662625811763,218.77342120149711,223.64144897460938,173213,32.51062222824251
2024-11-08,223.68116942633392,226.86030552249738,217.91901936033756,220.4027099609375,136917,33.64790161059325
2024-11-11,220.55173126883076,220.55173126883076,214.59087366697045,215.0776824951172,77257,38.88681747042356
2024-11-12,213.69674089613065,219.06150641818448,213.69674089613065,214.62066650390625,86354,39.20379074059085
2024-11-13,213.59738201749093,221.14780716645785,209.63340654039675,215.3657684326172,141921,40.29708840882711
2024-11-14,212.61385955818142,218.1574591848071,212.61385955818142,215.3161163330078,90257,47.90967835420971
2024-11-18,215.32605175253323,220.55173146413,213.82589288615333,219.190673828125,93369,37.76711547084236
2024-11-19,220.35305119081795,228.4995539971273,220.31330364877132,225.5688018798828,76214,50.615474141011354
2024-11-21,225.56878610885707,229.85066633064466,223.53215675986274,224.7740020751953,114161,47.41617518894774
2024-11-22,224.52562792340967,228.4995328424081,222.63802915058312,226.89010620117188,89928,47.57477888933022
2024-11-25,230.27786496659536,231.47997795997475,225.0323113139759,225.73768615722656,102568,41.52948546240846
2024-11-26,226.3139006982567,228.69823771796246,224.33687743427288,226.2344207763672,71731,47.428759958170154
2024-11-27,226.9099675042506,230.0891036045771,225.32041461333176,228.23129272460938,90426,53.24140174422822
2024-11-28,229.1453068328641,233.4669348826887,225.1217398697291,226.43312072753906,80018,46.951565460714754
2024-11-29,227.0093141814856,229.36384795026547,225.6184535499793,227.85377502441406,79649,57.05724606374194
2024-12-02,227.5159965319461,229.4930197787099,226.51259095041496,227.45639038085938,96093,63.06110155488901
2024-12-03,226.7112823647983,234.0530714125969,226.7112823647983,228.60882568359375,101147,79.63452478263108
2024-12-04,230.43681888122103,237.43090034417708,229.80099467179275,235.1757049560547,124443,85.5133251256851
2024-12-05,236.09963081755592,244.58392669981495,232.5231253211714,239.9741973876953,211228,87.29308571449714
2024-12-06,239.97418539079075,239.97418539079075,235.65255774455778,237.4209442138672,67162,81.13629055969848
2024-12-09,237.04344612581625,246.38211708049172,236.55663729199838,241.85186767578125,106292,81.42739122375026
2024-12-10,242.4081959151681,246.23308539801897,239.87482854076325,243.6897735595703,115033,78.75155308976495
2024-12-11,241.09680107838858,259.2972926512671,241.09680107838858,253.97225952148438,265408,85.6070082020139
2024-12-12,255.8201436332578,263.27121577791576,251.90584464111825,256.5751953125,1007454,85.77590138466337
2024-12-13,257.3103439149173,274.98429455948553,252.39263960167412,272.6297607421875,925417,91.5785856251632
2024-12-16,272.619836278386,274.78560734514116,264.6124196918768,265.60589599609375,410677,81.28851116710163
2024-12-17,266.7483768446631,272.07339506604285,263.0128963906573,266.0132141113281,255132,80.80352433254444
2024-12-18,265.90391564543467,267.04640728383094,259.52581501731527,261.90020751953125,147955,77.86448274679807
2024-12-19,258.3038431951916,278.1634251297047,255.30355562350428,273.8418273925781,558713,81.00468464108869
2024-12-20,278.17334873239633,281.6902631305471,255.43266292064826,260.807373046875,381254,69.21136447457289
2024-12-23,264.1653534492889,271.6065118723781,260.3404634663539,265.7747802734375,170640,70.50759174963864
2024-12-24,267.0464131183011,271.8051730097361,262.9234926017549,269.7784729003906,189021,69.64906939018687
2024-12-26,270.9110563127647,270.9110563127647,257.0023880285518,263.65869140625,195600,63.250331261055905
2024-12-27,263.65870120229,283.14075773421365,262.61553285112143,280.279541015625,457211,70.71648333103951
2024-12-30,281.7001804461595,288.1081144289579,274.86508926792766,286.4986877441406,482193,71.21411657572405
2024-12-31,283.63749986207665,291.18792623734004,277.3388633982797,288.5154724121094,291787,71.2629666446777
2025-01-01,287.11464796993727,291.982675729951,275.9877013883429,279.017822265625,377582,61.96942556476423
2025-01-02,277.1798720915421,287.9094033999482,277.1798720915421,285.6244201660156,220917,63.37112067742461
2025-01-03,286.0715130743781,302.71224112043456,285.1276984607876,294.46636962890625,605919,60.7660590682662
2025-01-06,296.05592759867795,298.6886336428206,281.6008600396283,283.836181640625,298727,58.67939825240969
2025-01-07,285.1276918500713,320.49545341851683,285.1276918500713,302.3148193359375,3089017,64.74574876080675
2025-01-08,300.02982069946876,304.9972018368772,296.2546231624337,298.8873291015625,611955,65.10834682952515
2025-01-09,302.0168038561129,312.84568977278184,294.3670239994661,305.7423400878906,565552,63.59555501218678
2025-01-10,305.79199241173137,307.1828834837908,290.9892016345166,292.8768005371094,302110,63.68725081698815
2025-01-13,286.1708440562734,292.52911680811735,270.3249148211244,273.7027282714844,455470,53.01770152258696
2025-01-14,273.7523982653761,282.39565470566407,272.2621837286707,275.0935974121094,218635,52.064213115787744
2025-01-15,275.59032937416504,284.13423192223837,275.09359120646883,277.6766357421875,142634,55.59787072762327
2025-01-16,282.34597714868136,287.1146512707649,280.3590245447314,284.581298828125,111108,51.8623676484966
2025-01-17,285.52504202861667,286.6178718671975,279.16680067480934,280.8060302734375,106498,47.48218917817949
2025-01-20,285.02832260339306,299.4337278514684,278.52106546355435,294.2676696777344,217785,52.310256426598784
2025-01-21,292.5291089204913,294.91344597889685,279.16684054630565,280.75640869140625,204387,50.67645999944905
2025-01-22,281.20342835017635,283.7864725528659,260.2907663138093,269.7287902832031,397278,44.02092860947343
2025-01-23,269.728801723898,285.02832990162943,269.6294480352559,278.91845703125,184708,44.166979227203804
2025-01-24,277.22954088114653,283.2400905028144,273.5536968750298,275.5406494140625,166063,46.70871203058572
2025-01-27,273.901411017553,273.901411017553,261.2842506641691,265.0594482421875,147832,34.21718921624803
2025-01-28,266.3510247299129,267.2948091040274,250.50506427082556,258.80059814453125,293510,33.4155676973991
2025-01-29,262.2777459561246,274.1001079866608,262.2777459561246,268.7850036621094,149404,35.09615360948318
2025-01-30,268.7850060981971,282.14727472211626,268.536637018336,276.58380126953125,199584,43.14954822527429
2025-01-31,276.23604227887944,295.9565506981408,276.03736523213234,282.1968994140625,350171,54.03109220111245
2025-02-01,282.24662727980166,298.04289463157704,278.71976816890003,291.73431396484375,212619,57.3304066358313
2025-02-03,290.09506574046094,306.98416203356993,284.23356191419737,295.6585388183594,395833,57.82870805743195
2025-02-04,296.05595078337427,318.5085222420534,295.7082279989571,315.27972412109375,926994,62.03270552918373
2025-02-05,316.0248036449512,331.82107007902744,308.9711161514297,320.0483703613281,1192561,65.26276333128152
2025-02-06,325.860206970688,330.03281930929353,317.91239704457365,320.3960876464844,396569,61.31669662683726
2025-02-07,322.8301230213429,330.0328259109601,320.8928321857053,327.6981506347656,449898,71.4870379626171
2025-02-10,330.82757776222826,331.82105397172444,298.3905855858755,305.29522705078125,979022,64.7446422557421
2025-02-11,308.87175464596913,321.73728398529823,292.3800431214143,298.2415771484375,690430,58.155143234700894
2025-02-12,305.9410044704251,305.9410044704251,288.70418653093105,295.75787353515625,345743,58.59737561747429
2025-02-13,297.99325370697596,302.9606356302895,279.71326397438764,282.544677734375,372749,57.26674739759441
2025-02-14,282.59429788691773,282.59429788691773,261.43323808331866,265.2084655761719,252001,52.43854256744657
2025-02-17,264.61238892292295,268.23857094796654,252.88936686445936,259.545654296875,197655,46.36434006686862
2025-02-18,260.4894992594844,262.4764518691876,233.56628533430802,242.40821838378906,449252,37.47268689779874
2025-02-19,243.40169361059665,259.7443908804187,241.31538731595055,257.1613464355469,200788,41.39933649193701
2025-02-20,255.6214513925993,264.26470771985606,253.38614477601945,261.0855712890625,183141,39.04863254299699
2025-02-21,261.682777546344,267.45594200644354,250.982549612026,254.86448669433594,221697,35.658921797784004
2025-02-24,254.814749516403,265.5149782558613,247.6480877238827,261.33441162109375,179877,29.103392152328865
2025-02-25,261.3343971870925,273.1793252059541,260.3888138555565,267.1573181152344,211027,29.677763258735894
2025-02-27,265.1168074961774,265.46519307395795,245.20940735193702,247.44898986816406,159198,25.601605212817987
2025-02-28,245.65732944096777,245.90617195150602,233.91195990593508,241.22793579101562,209381,20.86790820210409
2025-03-03,244.86103019823247,245.95594331909092,229.28349512469907,232.80709838867188,247533,23.03840699321877
2025-03-04,231.96103008445692,242.7707494496732,227.81033879289305,240.6904296875,179381,28.72544639835384
2025-03-05,240.6904217653495,247.6480636630303,239.19736673746323,242.86033630371094,171035,30.400244693547904
2025-03-06,244.66196752134456,261.573310566693,244.66196752134456,258.2288513183594,181687,41.13206438399433
2025-03-07,255.6608211489638,278.7235297962459,255.6608211489638,267.4559631347656,311120,50.87118656258073
2025-03-10,269.64574246890174,270.64111252628146,254.81473468920106,256.10870361328125,163114,48.72398387321914
2025-03-11,250.83326352187945,260.33903576277015,247.00108258726047,256.8652038574219,122616,56.11061070054226
2025-03-12,256.8651767090128,272.32327140975815,252.9434165256432,260.1200256347656,198961,51.38520382284821
2025-03-13,260.7869660978974,273.4779348679287,256.2480808737772,261.2547912597656,273610,50.08135078988755
2025-03-17,262.926977125321,270.8401807066289,262.9170440812794,269.7054443359375,171490,56.98490594384566
2025-03-18,269.7054443359375,269.7054443359375,269.7054443359375,269.7054443359375,0,54.19533380726137
2025-03-19,271.10892988187805,280.49526196307903,271.10892988187805,278.3153991699219,231768,55.44015131270797
2025-03-20,279.64923100882373,285.6712077321056,275.71750711426216,279.3605651855469,418978,69.0199201245151
2025-03-21,277.6584985214734,283.5809323262,266.80894024861055,269.04852294921875,472601,65.81058961337266
2025-03-24,271.039236940604,280.69433802311744,270.7406380932197,272.03460693359375,180416,73.76096678917405
2025-03-25,273.17932586760196,275.06055949049994,262.01127254868567,265.13671875,149690,64.98656728704098
2025-03-26,264.96752759347396,271.36774992111555,262.3795593087818,263.4844055175781,139746,62.72414026181085
2025-03-27,260.7869439821367,273.3783685991475,260.7869439821367,269.2475891113281,206039,57.71212607951225
2025-03-28,270.2429626195653,274.7121643251653,265.7637974932741,267.864013671875,159140,50.3208236657541
2025-04-01,267.7545415025123,277.80778500964766,263.82281768309605,272.58209228515625,117750,64.45921259167591
2025-04-02,273.5774601432964,275.81704272162307,268.7499093992023,272.8309326171875,90580,64.13963280981841
2025-04-03,272.731396482835,275.5682072295373,268.4513173746762,270.64111328125,78449,59.49687537360263
2025-04-04,271.5867099999556,271.5867099999556,259.69202637463934,262.7776794433594,184200,51.2257428096731
2025-04-07,250.83324515044504,254.5161111884384,235.80315176657064,241.12838745117188,206092,31.029486543156096
2025-04-08,245.40849167982185,249.0415863287347,236.40038958637578,246.25454711914062,229959,35.42441737615651
2025-04-09,246.05546490826376,247.20014953950513,231.92121371922667,235.3054656982422,245780,24.023098778982913
2025-04-11,239.98371764565846,245.30893813419084,239.08787551571297,244.31356811523438,97486,30.689911680247718
2025-04-15,247.44898560176188,259.8413237521193,244.36333255734965,258.09942626953125,118753,44.18971665030476
2025-04-16,258.0994407761102,265.714045929002,256.506873003544,262.7279357910156,154031,45.145905676546725
2025-04-17,261.78230782950726,262.6283783977487,255.859844228099,256.6561584472656,93192,45.53833304540547
2025-04-21,256.80547572217296,262.08092489463434,251.4304834683609,254.9640350341797,214715,45.519265622760706
2025-04-22,255.95941477869698,265.56473015489115,253.47098953220706,261.83209228515625,189811,46.14509877955335
2025-04-23,262.37955837406497,266.11219616283785,256.35755118240763,263.17584228515625,123063,47.56187289908298
2025-04-24,265.71402818918796,268.7498944762779,259.5924785139812,261.23486328125,95326,43.9232401018497
2025-04-25,261.48371497542394,261.5832276758542,247.8471336254391,250.3853302001953,282791,39.20536542860862
2025-04-28,249.9871729649931,255.21286553899793,244.4131099989393,246.9015350341797,134458,38.723410485610394
2025-04-29,248.44436681652812,249.83787879030112,244.86102861519552,247.00106811523438,91359,41.909143921919814
2025-04-30,246.85177312162114,246.85177312162114,230.47793878888388,232.56820678710938,264985,45.2590999084271
2025-05-02,234.90732098324438,237.68439661208632,229.4626458454035,230.03001403808594,114763,40.74915351384629
2025-05-05,230.925833853303,234.90731374732547,227.3325476414221,228.73602294921875,129792,45.790818845509115
2025-05-06,231.02539523391098,232.4189072319939,213.00919121047835,214.2733154296875,421635,32.010029771314635
2025-05-07,216.59252605144266,229.0246880888564,212.42192316775444,227.56149291992188,322953,31.60232200436323
2025-05-08,229.56218966966793,236.7985186880927,221.32052722334666,225.11288452148438,166667,26.727416774793852
2025-05-09,221.71867932332705,231.92122236738587,219.7478508709105,225.60061645507812,88589,29.359613944533734
2025-05-12,229.4327860867634,241.27768306761322,229.4327860867634,239.60546875,187999,41.22796421880139
2025-05-13,241.87491366942456,241.87491366942456,229.83093041145193,234.14088439941406,195187,33.92649540098047
2025-05-14,235.13626719536038,241.9246983576392,235.13626719536038,240.48141479492188,104495,37.54915286133862
2025-05-15,243.2684291657873,244.36334227363446,235.07653807462975,237.1071014404297,153990,36.967746008532906
2025-05-16,241.87490795872384,241.88485619090915,229.08439749141155,233.16542053222656,542054,39.94886991540307
2025-05-19,236.89806725002464,238.988350389252,233.9119571586378,236.24111938476562,165737,43.7478108330674
2025-05-20,238.29157293800557,241.07861198748478,232.9165809904064,235.8330078125,154725,43.473706324185535
2025-05-21,235.90270203478605,237.69437116381783,230.52770983583238,232.55825805664062,202115,49.99331437843407
2025-05-22,233.16543207153083,235.94250780274888,226.14807024583726,229.61195373535156,241169,49.72059290841591
2025-05-23,229.61195112470742,234.6485362322345,227.30270055400078,233.3346405029297,152849,52.97680840307947
2025-05-26,235.80315911081206,238.88881234553185,234.4793303079619,235.46473693847656,124780,66.32416659006883
2025-05-27,236.89807003239383,242.82051874557538,231.92121982162925,241.22793579101562,203452,61.908062995291786
2025-05-28,241.2279360007136,243.56704648892142,238.27168575789827,240.36195373535156,99763,63.663912727105675
2025-05-29,240.36195105028366,241.56635547166363,234.75802809862859,236.82838439941406,116569,59.53990024775999
2025-05-30,236.8483046515627,238.47076272266696,233.63326358448583,234.66844177246094,152952,44.748005624151254
2025-06-02,234.90732775440904,239.88417791869736,233.9418176074858,236.25108337402344,131190,52.44691918977451
2025-06-03,236.84829522050654,237.10710114830138,233.21520069209762,234.2006072998047,135734,41.91231515207721
2025-06-04,235.35524608895662,254.61566269751597,234.2503847221562,252.8936767578125,926272,64.57719075131803
2025-06-05,254.86447242259388,256.8054560432003,245.07999883891478,246.4735107421875,319816,61.75072155408914
2025-06-06,247.54853031839463,255.8101048351343,244.94066562736242,254.3668212890625,229271,64.74970038347934
2025-06-09,255.6110021701274,266.5600720981922,248.84249836510904,263.0464172363281,382777,69.51739304960894
2025-06-10,264.61913216347193,266.56008552270123,256.8054712460393,257.78094482421875,193726,67.58744492332782
2025-06-11,257.80082939754175,265.1665613050723,249.8378694161505,252.62490844726562,261527,65.56691283861545
2025-06-12,253.271892507554,258.79619902435593,251.8086973980189,252.0376434326172,228866,63.211914048184276
2025-06-13,246.8517689349865,254.02839357753183,245.9957500964766,248.16566467285156,107146,58.756518197089406
2025-06-16,249.5392545503053,257.8008285411837,245.09991288078504,253.7695770263672,148895,58.66573296398518
2025-06-17,256.00918361579056,257.80083751752284,250.82329908178718,256.2580261230469,147311,60.74263844682092
2025-06-18,252.62492385913373,257.7908817041822,251.13186877153618,253.7895050048828,127309,61.629817490908025
2025-06-19,253.12260496136307,255.31241601823817,243.0693614522499,247.6182098388672,264807,58.41635216433405
2025-06-20,247.6182136804413,255.26266362677447,245.55779036924864,253.7895050048828,251681,60.75701678037641
2025-06-23,253.91889394897422,257.80083088707534,251.82861086652534,252.94342041015625,110725,61.66810325747361
2025-06-24,256.5964449354708,261.47375193871835,254.42653040271114,256.7756042480469,204373,52.96531502465442
2025-06-25,258.3980707662125,260.53811029606203,255.8698223366813,259.8413391113281,161521,60.762950076906826
2025-06-26,260.58787581779893,263.90247520794696,258.99530798456624,261.1751708984375,131157,56.129048032707885
2025-06-27,261.7823214905905,269.54619568086287,261.7823214905905,264.74853515625,227931,51.68742300328923
2025-06-30,266.21172851245547,267.0975920496062,261.1552317144173,263.5540771484375,96222,56.225823076755994
2025-07-01,266.2117424961426,273.1295463900284,263.82282998113294,269.04852294921875,480191,67.58310800479364
2025-07-02,269.84482242308064,270.3425074403212,262.1804610070631,265.86334228515625,152756,64.02179776804078
2025-07-03,268.50107555783154,270.2429731749815,263.4246821411663,268.3517761230469,186894,71.06353817675439
2025-07-04,270.7406394656058,276.86215887826665,268.7498994695352,271.1885681152344,331274,69.29010410770019
2025-07-07,270.74065759687096,274.72213785564844,266.1619492240201,273.2788391113281,220145,69.01686408488644
2025-07-08,273.7267388798552,280.4454861069062,272.78112526775806,275.91656494140625,320311,74.62880640935016
2025-07-09,277.1110361413882,279.69900453619726,268.0531619476991,275.61798095703125,208879,85.85266160624444
2025-07-10,278.6040798310688,281.09250503566267,274.7221425871593,278.30548095703125,233946,84.46683293568066
2025-07-11,278.70361509654083,279.3008432041472,269.04851342304016,276.4142761230469,240036,82.05550558631975
2025-07-14,278.4547685377116,278.5543116169137,266.75917057410794,271.98486328125,199533,70.43873959663615
2025-07-15,271.6364989052117,280.694373046875,269.8946012001336,279.9478454589844,167419,73.87708654968216
2025-07-16,280.69433644006335,286.16887137063196,279.7487228015435,282.7348327636719,225045,74.74859646307996
2025-07-17,285.5716456746555,286.66655874511883,281.24178011835306,285.96978759765625,108345,74.550874948277
2025-07-18,286.91542506935326,288.06009458413894,279.20130696254495,281.1920471191406,171293,68.843092953577
2025-07-21,282.6353562966391,282.6353562966391,274.324009761371,275.8668212890625,120878,57.310594409941956
2025-07-22,276.7128838908972,276.7128838908972,270.74066337526637,271.93511962890625,92749,56.40759739573806
2025-07-23,272.93048913921484,277.85755282844815,270.09367832501636,273.3783874511719,146265,55.424281623200926
2025-07-24,273.37837080627503,274.62258333531895,265.66425312620265,268.9987487792969,136182,47.71308737666046
2025-07-25,268.25222160712747,269.84481972160995,265.1665684558706,267.5554504394531,78014,43.94096818381536
2025-07-28,267.555445819113,268.252216974755,259.79157191247145,261.0855407714844,81385,35.477551274105565
2025-07-29,259.8911186351935,265.76379568557326,256.45707991121526,263.4744567871094,73843,38.57676569392476
2025-07-30,263.773062193783,268.6503693439964,261.58323594203836,266.21173095703125,69282,38.634230844241515
2025-07-31,262.2302563542095,270.74065827825126,253.52075307807235,264.86798095703125,136130,39.035911072266686
2025-08-01,266.4605957791796,266.4605957791796,257.80086350326604,260.2395324707031,86166,38.88891134305625
2025-08-04,257.80082069528265,261.7823005515804,256.05892325815233,260.28924560546875,66874,28.128350743334494
2025-08-05,263.7730499203595,268.74989991885684,258.7961999218621,264.81817626953125,170926,30.810204085635036
2025-08-06,267.2568591038075,267.75454413007157,246.35408800071642,249.9871826171875,569423,19.128911650119406
2025-08-07,249.83787631870928,253.81935641940584,244.11449867395797,252.177001953125,119646,23.949916679407238
2025-08-08,253.52075023371157,254.81473434418146,248.89228554841964,252.32630920410156,122445,26.69946887963296
2025-08-11,255.3124243436201,255.3124243436201,246.95132178540163,248.64344787597656,99477,26.83164346506524
2025-08-12,248.6434342861486,250.78347375606552,244.86102516867896,246.3540802001953,80125,23.56375558223131
2025-08-13,247.34946253865425,249.0913601621659,240.03348644464853,242.52191162109375,77478,23.81888290584982
2025-08-14,242.52190946269644,245.70710581071225,238.93858635339137,241.0288543701172,67260,23.795466665943138
2025-08-18,244.76148254583114,250.4351038266418,242.32282902745425,246.65269470214844,109673,35.500003832445486
2025-08-19,245.35872349417951,254.56589668818015,245.10988097542273,252.1272430419922,97185,39.265527181499166
2025-08-20,251.0821014255853,255.46172368044773,249.7881172904217,252.1272430419922,75676,35.94833846102321
2025-08-21,252.8239854303489,252.8239854303489,248.8425053448316,249.83787536621094,58304,35.282616354697126
2025-08-22,249.83785977160665,257.8008194456021,249.83785977160665,256.2082214355469,95643,46.18278302159405
2025-08-25,257.80083793390236,262.28000307175006,253.81935781137102,258.29852294921875,86036,48.18513452907313
2025-08-26,258.29854443734655,261.8320961895399,253.22215078355208,257.25341796875,70789,42.6357100415924
2025-08-28,257.25340090958133,258.54736982073103,250.88302349312497,252.5751495361328,64503,53.140099480454744
2025-08-29,253.0738219405385,257.9607586217941,248.3364794608634,251.02928161621094,99941,48.58531109914916
2025-09-01,251.0292682243757,260.30448868076405,251.0292682243757,259.0079650878906,130151,56.90342373645569
2025-09-02,261.3018252755133,263.0970164807666,253.52260758628088,258.06048583984375,92952,60.31249195844357
2025-09-03,258.9580820674444,261.0026375166311,254.3204794124681,256.5644836425781,101342,61.379020669835306
2025-09-04,258.2100858858421,270.0285144909811,254.37035436744728,256.3151550292969,214146,66.70604368187412
2025-09-05,257.3125007138615,263.4461065622312,250.33115379526834,255.81649780273438,88098,68.35250980854077
2025-09-08,257.21275197852066,259.7559750990091,252.32581539604607,253.32315063476562,70912,58.97596894799931
2025-09-09,254.32049484172566,257.312500663393,252.32582429394742,253.77195739746094,81858,52.55934397518442
2025-09-10,254.7692952912386,257.0133148986938,249.53328504947686,252.62503051757812,83656,50.74791179395664
2025-09-11,253.57249526651168,255.2679622010691,251.5279548962533,254.12103271484375,55592,56.592490646775744
2025-09-12,251.627689284082,256.3151619651101,251.627689284082,252.32582092285156,61398,43.044783006370864
2025-09-15,253.32315388690247,253.8716913188659,249.4834070812867,250.6802215576172,66106,36.131035881253254
2025-09-16,250.33114336420047,254.61968790769083,249.4335477421776,252.22607421875,72693,41.01169697214399
2025-09-17,253.27329138189862,267.28585511337087,252.5252899216933,265.0917053222656,692004,67.31034558437781
2025-09-18,267.0365227668343,268.8317141067302,258.8583612489586,262.0997009277344,149937,64.72148508820379
2025-09-19,262.09970757667844,269.7792016464789,257.9109175319076,267.0365295410156,111412,61.6161803483971
2025-09-22,267.03652873637134,278.1568113341264,259.80584775284683,272.6216125488281,243247,68.57510135469198
2025-09-23,269.87892790417953,274.8157191878571,267.634923565347,271.47467041015625,93592,69.19129587018122
2025-09-24,271.4746778060255,274.16746482423093,266.73733518387365,268.7818603515625,88527,65.09662737318558
2025-09-25,269.77919406363577,269.77919406363577,260.05517505394835,261.5511779785156,80748,55.970922281478614
2025-09-26,261.551172443613,261.551172443613,249.33381548485505,251.57781982421875,87173,48.42767918068095
2025-09-29,254.42022727860643,254.569821478218,250.33114668377166,251.627685546875,69299,48.05429859241359
2025-09-30,252.5252799446186,253.82181880137503,246.49139869373045,249.78260803222656,88477,47.453069767301955
2025-10-01,252.3258243523557,261.10236259010867,250.53061781531403,257.86102294921875,101636,52.99758631586877
2025-10-03,257.8610138788457,261.5013118503403,254.5698197645218,255.36767578125,85508,52.411051571209185
2025-10-06,256.3151593536349,258.6090182550598,252.97408017753273,253.47274780273438,108573,52.20471327319044
2025-10-07,253.32314997783146,260.3044966307638,250.3311442694319,254.81915283203125,111754,52.05371614582955
2025-10-08,255.86634927605556,256.4647565204706,249.33381548485505,251.57781982421875,127819,37.371871649214064
2025-10-09,251.57782231072184,252.57515758251856,245.34447686199235,246.34181213378906,120076,35.8676389405488
2025-10-10,248.83514723640457,249.03461124467182,241.90367022675164,244.14767456054688,125317,28.41015924775141
2025-10-13,244.84579960296142,244.84579960296142,238.11378678292073,240.50738525390625,118286,18.554676761181227
2025-10-14,241.6044612152861,241.8537950245898,237.3657864571232,240.30792236328125,138982,18.905465517398866
2025-10-15,240.30793209889134,244.3471430168777,239.46020624379162,243.3498077392578,85710,24.802383343205477
2025-10-16,241.55460084008055,246.69088664313398,241.55460084008055,244.09780883789062,80457,30.158740621654317
2025-10-17,243.34979519660573,244.34713042282132,238.36311906552774,239.4103240966797,90388,34.278356308282696
2025-10-20,241.00605817137597,243.3498021067869,236.91699275865528,242.30259704589844,73229,38.77551470207395
2025-10-21,242.30259320746725,251.32848016166042,242.30259320746725,246.44154357910156,34791,46.18886360044475
2025-10-23,250.33114401468825,256.1156762038719,244.7959304161562,250.73007202148438,120098,41.09588988895917
2025-10-24,251.22875116182414,251.22875116182414,246.341814372853,247.98741149902344,55179,40.84160449958513
2025-10-27,247.3391464899945,258.3098344391475,247.3391464899945,254.71942138671875,263587,51.38122032646719
2025-10-28,255.2180994262732,262.2493316148368,253.92157569937913,258.3098449707031,104794,53.68422883492137
2025-10-29,257.31249566395354,262.0996927111059,256.56449422306997,260.1549072265625,116882,59.32754981481235
2025-10-30,258.50930933225254,260.753313647858,255.86634656708986,259.6063537597656,189172,66.0627658249577
2025-10-31,255.56717211820344,260.60370323812725,255.56717211820344,259.80584716796875,79430,69.92383628412398
2025-11-03,261.80051555076005,265.2911890914368,256.414911032396,258.1602478027344,93565,73.66311068276036
2025-11-04,253.6722206297705,255.56715147049573,245.84313302430127,247.03993225097656,210977,56.98033717198163
2025-11-06,246.94021369850526,254.96875027711496,242.40233527268575,252.1762237548828,127579,58.77104557835879
2025-11-07,252.0764800211222,257.11301077087967,248.18687870151925,252.22607421875,113885,58.19092717358011
2025-11-10,253.72208368907246,254.32049093145665,247.33914412157353,248.9847412109375,103096,59.93787688587459
2025-11-11,247.78793524867922,250.28127332769213,247.33913743808247,248.1370086669922,64621,56.324318566599814
2025-11-12,248.336482731836,251.27861874065576,247.28927765259414,248.3863525390625,60661,52.302246666163306
2025-11-13,248.38634555808926,253.27328216636448,248.08714194126813,250.33114624023438,600452,49.50001109216518
2025-11-14,249.33381063385124,260.3044983017407,248.73540340107877,257.96075439453125,164747,61.13583230342563
2025-11-17,258.70876245913803,260.95276681237385,252.47541703348293,254.71942138671875,764070,50.0
2025-11-18,254.42023450626718,258.1602417840849,253.92156686922482,255.81649780273438,538960,46.786624504436475
2025-11-19,255.51729701389482,256.56448682643924,252.32581211696453,253.9215545654297,77953,41.97689632728671
2025-11-20,253.3231621134305,255.517311912538,248.28661588605348,248.53594970703125,104774,37.32879702951275
2025-11-21,248.38635513870724,251.42823079381662,247.48874425362175,249.28395080566406,113035,38.10596675770506
2025-11-24,249.78261583263264,255.21809002149092,247.3890172670471,248.3863525390625,93424,38.761458875777436
2025-11-25,247.33913693364556,253.3231483110725,247.33913693364556,251.67755126953125,99744,56.50351547738724
2025-11-26,250.82982313673088,254.32049661974702,247.33914965371474,247.98741149902344,117754,43.87753736576071
2025-11-27,248.3364735444517,252.32581448492482,248.2367339336887,250.73007202148438,133978,47.972971855400004
2025-11-28,251.22873762906923,252.22607285620825,247.33913633047817,248.3364715576172,72443,49.100964910016074
2025-12-01,246.54127133179148,251.42822319907435,246.54127133179148,249.2639923095703,103240,51.55947534670022
2025-12-02,247.35909654656464,250.9096076530573,247.33914558019995,248.0372772216797,94028,49.5296849256998
2025-12-03,247.3391500237152,249.2141452243413,243.94821615096413,245.19488525390625,84534,43.24325409347077
2025-12-04,245.3444791200831,255.2180923144935,243.24010106849872,253.45281982421875,430692,44.1662559397432
2025-12-05,252.1762308507387,268.28318948537895,250.33115450122722,256.3650207519531,1485616,52.14787658044569
2025-12-08,256.21541376259455,269.0810321053279,254.32048291829759,267.6448669433594,312649,62.19662011967787
2025-12-09,267.64487140135094,272.17278193009395,259.53656143617917,266.8470153808594,663170,63.63638997863788
2025-12-10,265.1016904713353,272.17279401098324,257.711432334822,259.26727294921875,210966,60.82061444537443
2025-12-11,257.80118346233706,264.9919926524914,256.3350994021971,260.9328308105469,140491,61.532412074952276
2025-12-12,261.6010126716641,264.9919767251171,257.6116718429006,258.92816162109375,76744,60.212550326006685
2025-12-15,259.0079872651503,262.877622628042,258.65891382602456,259.8158264160156,41010,58.26917686224313
2025-12-16,259.81580775058586,262.2991627073387,257.91089382914384,261.122314453125,43221,64.02557032866872
2025-12-17,261.12232331705206,262.41884697180643,254.42022919759665,255.39759826660156,52660,54.68562211543911
2025-12-18,254.92887169361555,258.1602434814218,251.50800376758673,256.2054748535156,71177,58.15928179751872
2025-12-19,255.56715325521634,259.8058279921321,252.33578162431212,255.68682861328125,581781,56.7167194257278
2025-12-22,254.3703642529245,261.5411920777924,254.3703642529245,260.6934814453125,61229,62.2656085253859
2025-12-23,260.7034154295537,262.34901242379743,254.79919286636598,258.5392150878906,682130,63.10731967007708
2025-12-24,258.11035102901747,265.341031605623,255.31782449807238,256.1455993652344,369518,52.98933370554468
2025-12-26,257.6615662494056,258.2898923226212,253.33311972677225,253.79190063476562,65813,47.10763788597817
2025-12-29,252.32581893367598,253.3331220603791,249.33381317556916,251.30853271484375,157567,27.110243560359862
2025-12-30,250.53060776254156,263.29650180265975,248.61572593924302,261.1123352050781,316888,43.58404345180743
2025-12-31,263.99465512653654,291.2218955118772,261.72073195437355,281.2286071777344,1752479,69.18781436244417
2026-01-01,281.1488003369205,290.9227040295253,280.3010592888301,288.6288146972656,312757,71.99422529865927
2026-01-02,288.52908028663677,291.2218976794081,282.24588028517974,288.3794860839844,464575,74.058943427911
2026-01-05,288.42937552215454,292.7179050571776,281.9965507833627,285.5370788574219,256756,70.36154538571589
2026-01-06,285.68670429784015,289.22723238180413,284.2405559614282,286.08563232421875,185376,70.00156491844085
2026-01-07,284.2405518790744,306.680595448475,281.248546069821,301.19525146484375,820945,81.8977073869874
2026-01-08,301.19525661228226,301.39473584414435,285.3376316394831,288.6787109375,252896,69.4457551436772
2026-01-09,286.2352235638697,289.2272293850948,283.24321774264456,285.93603515625,124218,67.64398666242302
2026-01-12,279.95202270924364,286.6341507623549,279.95202270924364,283.34295654296875,202432,63.59390992366524
2026-01-13,281.24855518585804,291.22190820663315,281.24855518585804,287.8808288574219,72278,67.12058446026317
2026-01-14,288.7285509351668,296.4578990171964,287.43202730236106,294.0643005371094,177750,71.18815460538657
2026-01-16,294.0643168521058,297.5051053467994,288.3296389246921,289.7757568359375,175195,69.68143331805491
2026-01-19,286.7338827900514,288.3794798562039,277.6581259779672,281.9466857910156,162074,65.83179817319886
2026-01-20,279.25387938262077,283.99122197929023,266.78718833875377,269.7293395996094,306521,54.344343561967236
2026-01-21,269.28050537109374,281.24852783203124,264.2938293457031,274.2671813964844,191634,45.836296386073485
2026-01-22,275.2146780000499,285.9858866659744,274.616270754997,283.74188232421875,93809,47.14785081158948
2026-01-23,284.7392272834424,285.3874891392179,275.26454196227706,276.5610656738281,83689,43.61873846559451
2026-01-27,276.26185134942375,283.2431977734164,269.13091073216793,277.8077087402344,93540,45.75340949864358
2026-01-28,283.24321347579195,293.21656606296773,279.60294586872413,290.8229675292969,125206,52.28915428126841
2026-01-29,290.22455131088276,303.18990927322466,287.63147363116326,290.3741455078125,114271,43.907905054404935
2026-01-30,290.82296167223836,294.21389539633475,284.689356041905,292.56829833984375,87619,52.47775051808535
2026-02-02,285.23788319458083,296.8069782505634,281.5477305731553,290.2744140625,194755,52.77953312602844
2026-02-03,305.18458343580073,305.18458343580073,292.76774752346915,300.7464294433594,421431,60.12766738851924
2026-02-04,304.586191380121,313.4624693709953,302.19259277214763,307.6280822753906,413251,61.18644290484683
2026-02-05,308.0768611224612,312.1659418473294,301.49444220392417,306.929931640625,173223,57.771081205928546
2026-02-06,308.02698886112165,320.643273310019,285.786395187818,290.7730712890625,1187783,50.526858837944154
2026-02-09,295.11150234278074,302.9904449429144,280.30106739379903,296.7072448730469,491001,57.95697573263387
2026-02-10,300.19791101245863,305.8328491020193,296.60749801608824,301.444580078125,159279,68.59644771693395
2026-02-11,302.1427196795145,305.68324756654977,293.81496443343565,304.13739013671875,155149,67.90194403647743
2026-02-12,306.13206903571773,316.1054215967607,300.5469855142823,310.1712646484375,349799,66.52116218414679
2026-02-13,309.0741955827897,309.0741955827897,299.8488442906055,304.33685302734375,198147,67.66007845931335
2026-02-16,304.1872640036426,304.1872640036426,297.20591696093607,299.9984436035156,99145,63.575335263991924
2026-02-17,299.30032185065096,300.6467305579643,290.2245647689079,292.06964111328125,84791,50.813274059681106
2026-02-18,293.16670631287406,294.21389614158744,285.2877335587216,293.1168212890625,102524,51.77533915789124
2026-02-19,294.1141527672267,294.1141527672267,278.7053417502359,280.70001220703125,121244,43.21551461254988
2026-02-20,282.0,286.79998779296875,277.1000061035156,283.3999938964844,89404,46.088410626500966
2026-02-23,283.0,289.70001220703125,275.1000061035156,277.3999938964844,200514,36.00341180284727
2026-02-24,277.0,279.0,272.6499938964844,275.6000061035156,109661,29.552750014612187
2026-02-25,275.3500061035156,277.3999938964844,270.04998779296875,271.3500061035156,41242,28.27064300376817
2026-02-26,270.0,274.20001220703125,267.20001220703125,268.29998779296875,77901,33.65921787709496
2026-02-27,271.0,271.0,260.1000061035156,266.45001220703125,91309,26.609909027040885
2026-03-02,259.8500061035156,264.8500061035156,254.0,257.70001220703125,112563,18.15902737917321
2026-03-04,253.3000030517578,261.8999938964844,249.5500030517578,258.79998779296875,117456,16.21625186358935
