Date,Open,High,Low,Close,Volume,RSI
2021-03-04,603.6841221787654,606.1259802582124,594.5645508645922,602.2887573242188,63914,
2021-03-05,607.9200408878177,607.9200408878177,591.076261353119,600.6443481445312,63843,0.0
2021-03-08,615.8436313942852,615.8436313942852,588.3354486660717,598.3519897460938,134742,0.0
2021-03-09,601.9897629109107,607.1724684003885,591.0263731890233,596.109375,34400,0.0
2021-03-10,595.8602753833428,607.9698633885646,583.7009267811919,589.5314331054688,71732,0.0
2021-03-12,592.6211058619385,609.9632217947975,581.4085466377694,601.6908569335938,331330,48.80020380368219
2021-03-15,605.9765611255475,616.9399528564373,593.0198254435868,602.3386840820312,132368,50.09764832278858
2021-03-16,605.4782297609252,609.9632536850802,585.7441366610492,598.5015258789062,96742,43.55950992074201
2021-03-17,598.0032108364804,605.9765869809668,585.8936214842287,590.4285278320312,49800,34.17569781721407
2021-03-18,593.5180711233518,606.9731407457956,586.2423789753974,594.4151000976562,70122,40.50481229261802
2021-03-19,591.4252102185094,602.986581497887,572.4884415433692,586.3919677734375,297694,33.93758641657817
2021-03-22,597.0064523609185,604.5313128411331,589.1826024849914,597.6044311523438,116287,46.14121461137624
2021-03-23,598.0031704329962,607.3719111025911,584.8470885170647,591.275634765625,76466,41.784402663026604
2021-03-24,591.2755680167354,595.4616019036122,585.1460118789494,591.4749145507812,76334,41.9569753062881
2021-03-25,586.1427078038009,592.521432163263,573.0863305195562,584.2988891601562,363069,37.91019749201385
2021-03-26,587.3387649825314,600.7938362391251,581.05974389586,584.548095703125,48663,38.976045185837286
2021-03-30,587.6377477337284,600.9931759771424,586.1427398332877,595.3121337890625,51001,48.13454218844926
2021-03-31,598.4018901424607,599.9965410016794,581.1095945296555,597.2058715820312,53862,50.675776833023505
2021-04-01,591.823816422773,604.0330483194006,588.1361178875896,598.850341796875,24420,56.1151603556927
2021-04-05,590.0796086488656,592.5712884935378,568.6013405541967,578.3687133789062,33035,36.20274536877894
2021-04-06,580.9102248209199,584.8969126421688,569.0996864832814,569.5980224609375,50454,32.32912795152512
2021-04-07,568.6013298362734,592.2722879144706,564.6644635894943,588.2357788085938,80560,45.2226028370003
2021-04-08,597.75390625,598.9997459879116,579.3652995520207,597.75390625,241557,53.363785722653816
2021-04-09,598.003094330833,600.9931098024872,584.5480247083893,594.4151000976562,337564,50.0
2021-04-12,582.0066565718223,582.5548140336763,560.9270183522467,565.6113891601562,36897,41.946681943739435
2021-04-13,565.611346052869,577.5714097579516,565.611346052869,573.9335327148438,23178,40.616350058650234
2021-04-15,569.099672840672,590.0297834004866,560.5781399934388,581.65771484375,88460,46.22897073252447
2021-04-16,584.6976382122474,584.6976382122474,553.1529458844059,569.74755859375,237482,42.1975775253691
2021-04-19,577.7706194247099,578.0696087800897,539.7475682385237,553.20263671875,54835,39.53717900326156
2021-04-20,553.2525221960593,564.8139522094772,553.2525221960593,561.026611328125,43272,42.46967163847796
2021-04-22,555.9435113953525,586.840336835321,555.9435113953525,581.9067993164062,33223,45.969399196716985
2021-04-23,588.0364381433045,588.0364381433045,553.4519100386403,563.2691650390625,42183,40.72962061768628
2021-04-26,563.2691321841006,577.0730132635541,558.2358905703283,562.8206176757812,36647,40.09314917865128
2021-04-27,565.8107165553203,572.3887275386371,559.1330018710246,563.1196899414062,51685,45.28361012989327
2021-04-28,568.003337208478,573.0365181110714,563.966767368711,570.7940063476562,206759,50.372433213858194
2021-04-29,578.0696862885369,590.9267777819017,563.4185975903365,567.0066528320312,130011,42.715438450106475
2021-04-30,566.109657700451,572.0896892958782,562.6711273666748,566.3588256835938,82999,38.52878169054603
2021-05-03,559.1329465881871,574.9301721723511,559.1329465881871,568.20263671875,81366,40.31663028248883
2021-05-04,568.202647727997,576.026558943364,565.1628104823951,568.3521728515625,252195,51.284417262705304
2021-05-05,568.3521640593447,577.7707258975795,566.9567990344111,571.2923583984375,37123,48.69651079498593
2021-05-06,577.0730149184748,587.9865841027677,568.352136022902,571.7408447265625,53904,44.7270891018676
2021-05-07,575.5779775568473,582.754026846038,569.6975894706444,573.28564453125,40988,52.11429321739638
2021-05-10,578.0696892840101,578.0696892840101,561.0266245017222,564.2658081054688,65933,57.264487976216145
2021-05-11,564.1162957212374,570.0963271246427,560.7275869264976,562.7708129882812,20352,51.24913124248717
2021-05-12,570.8438523148405,574.4817292202385,551.8074426376761,558.8837890625,42768,28.207575402185427
2021-05-14,565.0631623449588,567.804010149864,560.0798026996765,563.2691650390625,43967,50.0
2021-05-17,560.1795092293776,577.970141684322,555.14632758198,574.1827392578125,456957,61.585444026641476
2021-05-18,579.0663952405081,583.0530829874307,563.4186336674313,578.9168701171875,169701,64.77165715642418
2021-05-19,570.6942425907281,578.0696381691417,564.1162331098866,569.6975708007812,142484,49.00353455678255
2021-05-20,578.0199302271164,593.0198314443015,569.6976826479656,583.20263671875,357518,62.50965254605643
2021-05-21,592.7706894714829,613.7506235234449,584.2491557867231,607.5214233398438,428350,73.28071989870384
2021-05-24,608.9664786583475,657.8033975687549,608.9664786583475,627.4049072265625,883848,77.80896428186432
2021-05-25,644.8467429654609,662.7868378238509,632.9365011569577,637.9198608398438,398281,79.77813947534113
2021-05-26,647.8367712159387,647.8367712159387,633.8833638359031,641.7072143554688,108913,79.92374312326379
2021-05-27,637.8201797428304,652.969604437029,630.4946049489264,647.6871948242188,168234,80.82521974926709
2021-05-28,643.8501395793876,652.8201879636206,634.1824085988632,641.3584594726562,177413,76.59663767352839
2021-05-31,647.7371485233858,647.7371485233858,633.484690447198,638.9165649414062,37485,80.74713539440805
2021-06-01,638.9663373157025,651.5244398838171,620.5777892375779,643.2520751953125,98437,82.39069226797362
2021-06-02,642.8534137242583,674.1489375779097,638.4182113391348,654.2653198242188,347254,86.30500993158243
2021-06-03,662.1389991309792,673.750251917698,657.7536789609101,671.9064331054688,188791,87.56030517340415
2021-06-04,677.7368388538985,682.7201979631184,670.6604932516145,677.4876708984375,135375,87.08406769025285
2021-06-07,683.7169442949499,696.374689978186,677.7369127121952,690.7434692382812,247141,87.82872582083124
2021-06-08,687.7036735047607,704.1487613494397,672.0559110861448,697.72021484375,251035,93.97472199265468
2021-06-09,697.670389104528,708.6337809333135,679.7302933846972,687.3548583984375,190593,86.56409016926665
2021-06-10,687.1554586334632,704.1487024860056,677.936243491219,700.2616577148438,91684,85.39373791057459
2021-06-11,706.6403284675732,706.6403284675732,682.8198473641372,687.3048706054688,80542,74.13656649206573
2021-06-14,682.7701522562123,696.5242139078223,670.7602666322493,673.9994506835938,100374,64.21844813386596
2021-06-15,690.4942564439749,691.6902748493121,660.3947539311017,685.9594116210938,98651,66.38380646432581
2021-06-16,692.6868834694701,692.6868834694701,650.4279758861516,658.9993896484375,77778,53.62503828666631
2021-06-17,655.8100763455532,655.8100763455532,629.2487472489009,633.5344848632812,73597,47.76668176591518
2021-06-18,644.3981693652938,644.5975159007437,603.9831382077319,614.0494995117188,408904,43.53120572195403
2021-06-21,613.9498719935457,646.8400437074856,599.0496153688562,641.5078735351562,65153,49.594994754787365
2021-06-22,642.8533872874668,672.7535448357212,630.9929671271822,668.3681640625,151748,53.05021600652864
2021-06-23,673.7503125478714,673.7503125478714,638.4182758551004,645.6939697265625,30484,44.45146985371616
2021-06-24,643.2520540898906,644.1490222804523,627.9032828431378,631.8401489257812,44836,40.6644968802559
2021-06-25,637.3716558122745,637.3716558122745,624.1657536394636,630.5942993164062,25910,37.06322072354723
2021-06-28,654.8134178168783,661.7901208986411,643.8500272598225,652.6207275390625,69412,40.88984618116003
2021-06-29,667.7701918802964,687.6538090138837,660.6938455230323,682.3714599609375,194172,49.066459640112235
2021-06-30,680.8265613254028,686.9561179401603,654.0659447199567,659.9961547851562,96661,42.71547705227861
2021-07-01,663.085839817253,672.7535699518558,652.8201308421711,656.4580078125,94467,44.222534533100955
2021-07-02,658.7004014120605,665.6272215930205,648.1356440821038,652.072509765625,85207,45.751227084778655
2021-07-05,653.8666200358628,659.846651730419,630.5943543573594,645.54443359375,53000,42.00041220603439
2021-07-06,652.022751803593,652.022751803593,639.6141748122373,644.5975341796875,363863,46.82209439009963
2021-07-07,652.6206885279818,653.4180138089747,631.4414125815008,641.8068237304688,37688,52.028336307480295
2021-07-08,642.8035215003767,652.9197042735719,634.8799681304603,648.8333740234375,42755,59.083807395529654
2021-07-09,649.8300972880195,656.9064436465353,633.9829892943505,647.5875854492188,21471,51.83956877154258
2021-07-12,656.8067827872534,658.4513157567842,640.1623498734323,643.4513549804688,118806,41.25874634975464
2021-07-13,646.8401168069721,651.8234767207392,640.7105597802265,645.8434448242188,34502,50.061138946932196
2021-07-14,650.7769343101786,650.7769343101786,635.8766771234052,639.6141967773438,15149,53.39129897640655
2021-07-15,643.8500533565688,643.8500533565688,632.8866623551411,633.78369140625,25201,51.337807455060364
2021-07-16,637.8700212683681,648.4846014238473,625.6109689635218,644.348388671875,54954,46.1609884320368
2021-07-19,647.8367588961335,666.8731685555013,630.5445251261015,657.40478515625,224707,36.288999128511094
2021-07-20,666.2751609919621,666.2751609919621,644.846715275691,647.8367309570312,293764,42.229296977999255
2021-07-22,654.3151423309439,682.720293216598,654.3151423309439,677.3881225585938,111962,60.03821864130622
2021-07-23,682.6205824614243,682.7202253147926,658.8997434855987,662.2884521484375,87258,54.44301574425252
2021-07-26,658.8002033569804,672.7037901630689,639.8634350305316,650.3284912109375,232429,51.98676470290033
2021-07-27,648.3833051412179,653.3708690269195,639.4056901469548,644.4929809570312,34783,49.958274447446996
2021-07-28,644.5428649402306,653.7698575509693,628.9816300613027,644.9418334960938,112731,51.274964876658736
2021-07-29,638.4081691772885,652.0242427638618,638.4081691772885,645.64013671875,84220,48.63088334428948
2021-07-30,646.6875130179671,672.9220865464016,638.657547440793,660.2537231445312,30180,54.87217244394192
2021-08-02,659.3559838876545,670.1291103282106,643.4955054589527,650.6277465820312,158242,52.64861845098914
2021-08-03,667.3360755394415,667.3360755394415,653.321032616965,659.705078125,58829,54.875381095433895
2021-08-04,661.3509521484375,678.3086688701923,641.1513189945825,661.3509521484375,111950,57.89990182103567
2021-08-05,676.3136253300459,682.2987016604003,651.0267021876365,668.9320068359375,36822,62.61363596538878
2021-08-06,678.208967121292,678.208967121292,658.3584383392391,664.5430297851562,72621,57.58336408371131
2021-08-09,656.3633910700103,669.0816786629322,646.9867468442428,654.7673950195312,545117,48.98460517540945
2021-08-10,665.2911172091818,666.3384933828903,643.3957009460543,651.5753173828125,30168,51.51366881016385
2021-08-11,654.3683693035331,663.2462572038254,631.5253027900557,653.5205078125,38494,37.55443088574431
2021-08-12,644.4430948718204,660.3534352853497,644.4430948718204,647.9842529296875,140299,41.71487518577543
2021-08-13,658.3085745867148,658.5579527829456,629.5302942116722,633.96923828125,43525,40.744897141736395
2021-08-16,646.3384421998635,646.3384421998635,619.0065666502342,630.4281005859375,47282,41.830843414838554
2021-08-17,628.4330636814918,645.0915396097187,623.9941195470716,638.1588134765625,246040,46.36755447213784
2021-08-18,636.2136605406483,654.6676475981435,634.0690445207335,650.3284912109375,28737,52.23598890126998
2021-08-20,650.3284473428057,652.2736093754055,635.2659683386685,645.3907470703125,742399,42.19075198265717
2021-08-23,652.2735838716311,662.3484378653416,625.4404676830861,638.2086181640625,153854,43.3028000039497
2021-08-24,648.3833030418804,650.4281920517275,636.8620426798827,648.4331665039062,20141,43.99574484963596
2021-08-25,654.3684089169308,654.3684089169308,638.9568236948847,643.744873046875,15447,40.916127748232086
2021-08-26,643.7448647756653,653.3708877035693,640.9019776328905,648.882080078125,355154,39.387597660540614
2021-08-27,657.2611766379189,657.2611766379189,644.4431012448712,650.77734375,19591,42.516280640886194
2021-08-30,654.3185188567612,682.2987401008958,644.9418743909242,675.0667724609375,167788,59.531595252902456
2021-08-31,681.9496146694504,688.2837962672671,673.969512683743,682.5979614257812,115151,63.99638273604602
2021-09-01,688.2837406887426,703.2464307037153,659.6551149500933,665.4906005859375,66486,54.750566091483485
2021-09-02,672.8223513133815,680.3036969543755,660.4033053726624,676.014404296875,25932,60.700694823078756
2021-09-03,676.0143458284224,683.2961761125151,670.3285114563653,673.4207763671875,29078,66.49972278125449
2021-09-06,661.3510198413586,693.2714310554212,659.4557210721825,669.4807739257812,31735,66.27859584170577
2021-09-07,673.3211294765391,680.3037189674069,663.844758024647,671.1764526367188,23048,64.49210485003474
2021-09-08,670.9769418991066,679.4058755060596,659.355894592661,660.6526489257812,21663,54.59791142161742
2021-09-09,666.7374903602466,668.3334862726357,651.1263927827806,664.1439208984375,18007,58.46082080304714
2021-09-13,662.3484743269506,667.934521443839,648.1837809222048,665.54052734375,32192,63.010475645924565
2021-09-14,668.3335783188468,673.2712788726485,654.2187477965342,658.158935546875,220033,54.758430808097394
2021-09-15,667.1365441956765,678.2588361978674,658.6078219869044,669.9794921875,51665,61.99819117696319
2021-09-16,676.3136646412037,758.1097125771605,668.2338354789181,706.9871826171875,784328,70.57577075334596
2021-09-17,716.2142367879177,730.1794168924174,682.8474192901385,692.3237915039062,211552,63.492084886142315
2021-09-20,685.2912225443682,699.7052931864898,683.3959240675458,687.1365966796875,38599,54.474820873204656
2021-09-21,688.2837836043105,692.6229396258691,678.3086563056974,687.6353759765625,55889,51.970335978655356
2021-09-22,698.2589180715838,700.7028364615035,683.3460904303857,698.4085693359375,24141,63.54680223650037
2021-09-23,708.2340924969451,712.22414372228,687.7850799671038,688.7825927734375,24486,55.29363834202136
2021-09-24,693.2713662847657,702.5980862116609,678.9570825716493,696.0145263671875,164808,59.02034900438327
2021-09-27,690.2788471148721,706.2390516724414,689.9297419935148,701.750244140625,33886,62.70117690018089
2021-09-28,709.2315158440094,709.2315158440094,694.6678550618716,700.1541748046875,64621,61.41450403739417
2021-09-29,708.2340751450183,708.2340751450183,684.5930100374514,687.0867919921875,15317,60.20801779238477
2021-09-30,688.283855467331,703.2465479774904,679.3062399612354,686.5382080078125,46051,58.849071748031015
2021-10-01,678.3086705176015,700.5531926829065,678.3086705176015,695.914794921875,16156,61.29031965326732
2021-10-04,692.273787695686,697.4608657167599,681.1016337002977,691.9246826171875,19357,62.87558382775022
2021-10-05,706.1892236404389,706.1892236404389,686.987101568714,691.8748779296875,12800,59.17257743662649
2021-10-06,692.2737742396763,708.1342496166591,691.3261250521615,698.2588500976562,28211,45.081449043874
2021-10-07,698.2589074337121,702.1990948737571,696.1142307218278,699.5057983398438,35494,54.76815277539151
2021-10-08,703.2464829893325,733.1718652441978,697.4110578029722,714.3687744140625,67723,66.02118289855821
2021-10-11,719.7054823871437,728.1843411540053,699.2564700670654,715.2166748046875,36946,66.16019293873966
2021-10-12,725.8900245498207,760.4039405951511,711.226575267359,751.3265991210938,358608,73.90718813024567
2021-10-13,747.9849418540462,748.134593126011,724.1444226831068,743.0473022460938,54969,74.81756816734098
2021-10-14,749.1320948994403,753.0722825419591,713.7702548077438,721.5508422851562,33668,60.330915633008004
2021-10-18,732.9224967910748,732.9224967910748,702.199116111446,707.934814453125,50336,52.35204764261354
2021-10-19,709.2316062402737,727.1868367780022,701.849987110312,710.0794677734375,74923,53.758993188246464
2021-10-20,713.2215791020298,713.2215791020298,679.4557986265507,688.4832763671875,62479,50.49679471868998
2021-10-21,691.6753697428594,703.3462202877789,683.2962382345279,688.034423828125,43036,50.532651812502394
2021-10-22,697.2614625064076,698.3088387927298,675.8149368356096,687.6853637695312,34336,46.86908589503818
2021-10-25,695.2663900758178,698.2589283401327,668.4831969635386,693.3212280273438,37024,50.52474904652586
2021-10-26,687.3361901685042,700.2041297823519,686.9372215741575,694.169189453125,38400,50.856942763792006
2021-10-27,700.2540223450471,705.2415866067639,689.0320027561842,697.4609985351562,152255,49.69495006067395
2021-10-28,694.7676293208222,715.6156701175279,694.7676293208222,707.8350219726562,329369,52.9768277477185
2021-10-29,707.6355760829965,714.7677557848278,668.8821688387266,698.7078247070312,155559,44.163558389437
2021-11-01,713.2216310622329,713.2216310622329,676.0642803530467,685.5905151367188,68904,39.88416899905592
2021-11-02,686.2887639352848,701.2514550094553,686.2887639352848,693.0718383789062,67617,25.27513633768433
2021-11-03,698.2588661052456,707.1866166414023,680.3036381196821,682.6976928710938,210163,24.833541703148356
2021-11-04,686.2887693559246,698.1591953885298,685.2413931491292,694.5182495117188,2765,37.737537418476734
2021-11-08,698.2589584595449,703.4959006479914,688.6329356074414,697.959716796875,155390,45.01496437953034
2021-11-09,703.2464793410679,706.2390175510299,696.862373473144,698.358642578125,164587,44.03852171580704
2021-11-10,703.2465016402898,703.2465016402898,693.3711008809382,697.5108032226562,24041,55.81998027832276
2021-11-11,690.3286124091649,703.2464133126394,690.3286124091649,698.2588500976562,48866,56.566281353261445
2021-11-12,708.2340677470987,718.2091954618467,693.4210274440373,712.1742553710938,37668,63.39334355238421
2021-11-15,718.209208430273,718.209208430273,699.8549487503819,707.1368408203125,41481,57.605754103858
2021-11-16,707.1367927507761,707.1367927507761,695.9147746319001,699.4559326171875,21749,52.7068091164886
2021-11-17,702.1492521503333,703.7951116650262,692.8224713670194,699.9547119140625,300269,51.314371452046366
2021-11-18,710.4784514390899,714.2689876870869,694.3685962809197,698.4584350585938,50931,44.54758274488425
2021-11-22,698.4583574215867,707.2863198654767,692.9720379430847,703.3960571289062,429803,52.86580715832455
2021-11-23,713.9697638993439,713.9697638993439,689.4808376146389,697.5108032226562,24918,57.99333036468531
2021-11-24,710.229111952968,710.229111952968,689.5307214009678,693.9696655273438,38165,50.63564082620345
2021-11-25,689.5805341836136,698.2589070623432,688.2837798185953,695.5157470703125,8233,60.37131306786138
2021-11-26,689.7800956381326,712.2241334571607,670.3784596579028,687.2364501953125,58670,43.75000654833562
2021-11-29,670.3286322903664,698.3587189003576,668.383470064639,697.3612060546875,24650,49.539165742429084
2021-11-30,707.3362517920112,723.1468650769243,693.1716197466582,696.9122924804688,148237,48.8872129749549
2021-12-01,706.1392688581849,706.7377521283859,693.2713305987695,696.5631103515625,16322,49.265229904910996
2021-12-02,699.6055312322484,709.7801732898229,694.3685893817824,698.3087768554688,39476,50.038119772511635
2021-12-03,698.3088372279577,701.0021340177162,665.2911872504742,681.0020141601562,168946,27.37142644470792
2021-12-06,684.2439603190647,684.2439603190647,664.9919742463759,672.3236694335938,34129,25.997200692504578
2021-12-07,678.3087059098709,680.9022148438335,668.2837144183142,676.7625732421875,42436,33.62128359150475
2021-12-08,678.3086488302207,690.2788014566364,673.6203268748724,679.5056762695312,209823,35.70423406624822
2021-12-09,688.2837954634601,688.2837954634601,676.3136424988782,681.2513427734375,9578,38.01245183439622
2021-12-10,682.2987495968936,688.2339628848229,677.8099420337561,683.2463989257812,644284,35.362336833144155
2021-12-13,696.2638613951498,712.2240645216862,680.6527633586691,699.056884765625,99678,50.98159723164082
2021-12-14,708.1343609240236,708.1343609240236,684.3436441190302,688.682861328125,28989,46.91141704908914
2021-12-15,693.2714057726088,701.6006134166805,670.9770187316788,678.2588500976562,71976,40.865903685530995
2021-12-16,678.1091757715777,681.7501217724769,664.2936481197931,673.77001953125,107275,42.57423609886389
2021-12-17,681.5505873619771,685.1416089135095,650.4780408039907,668.0343017578125,22825,33.005726864767894
2021-12-20,663.5454656858898,680.7525599027178,625.0414386185172,668.7325439453125,46460,33.71752741799992
2021-12-21,668.3335860601754,677.3112013953122,651.0267630730021,655.6651611328125,64959,29.39695525868494
2021-12-22,648.8322165195232,662.7475323330335,633.4206314977505,640.9019775390625,171114,24.433532833866195
2021-12-23,640.9019355791936,708.2340455427665,631.176186362233,681.1515502929688,80831,50.05529670178872
2021-12-24,675.2662665935645,676.3136428017652,649.2810716979831,653.370849609375,55750,43.859043347394184
2021-12-27,665.3409953445354,665.3409953445354,647.0366609803741,659.8546752929688,11449,44.59327214976663
2021-12-28,664.8422065624056,668.3335009704604,649.9293796999037,652.52294921875,8717,41.61758588141961
2021-12-29,652.5728837201968,673.8697575745218,651.0267510621183,658.0592041015625,47328,42.96094526883935
2021-12-30,655.3658447265625,669.7300519780164,653.3708193240464,655.3658447265625,7882,41.573680375573
2021-12-31,656.3135157844957,667.0367776794485,643.994196984473,650.5279541015625,25472,34.29125753235208
2022-01-03,660.3534484746292,660.3534484746292,645.3907570439352,646.9368896484375,98168,35.86624004284974
2022-01-04,653.3708482340786,658.3584119610563,638.458020513746,644.0441284179688,33714,37.79357955183853
2022-01-05,643.3957672119141,653.3708953857422,640.4530922239646,646.3883056640625,80114,40.07951039499569
2022-01-06,639.4056328615167,649.3807597392314,638.4081201737451,645.8894653320312,87557,41.660387801701575
2022-01-07,643.8944107474392,648.3832176387847,635.3656898305509,639.9542236328125,53915,39.573524273691014
2022-01-10,648.3832553577503,648.3832553577503,633.9691846581285,638.10888671875,166236,43.07630168667089
2022-01-11,642.3981759578365,648.0341470412386,635.6649652626263,643.3458251953125,103070,51.04208416833667
2022-01-12,647.385772277927,656.4132504542858,636.4131320698265,641.4006958007812,46306,24.82633332560279
2022-01-13,636.413070590094,653.2710587255189,636.413070590094,649.3308715820312,42122,46.58224031046978
2022-01-14,655.166338386435,655.3658531059062,640.6525405742287,647.5852661132812,72056,38.71560601229583
2022-01-17,646.4879697294772,667.3360099389034,640.7522715872519,643.6949462890625,34871,41.332024489287136
2022-01-18,649.2811095537267,654.3185370456109,639.0066789488073,648.882080078125,348572,40.927029075408754
2022-01-19,652.3733902035913,653.8696594471775,633.620161193981,651.8746337890625,46256,46.56871096308845
2022-01-20,650.7274835030761,691.6754347122584,638.4082241559087,673.4708251953125,165012,66.96168306448848
2022-01-21,673.3211398580244,695.4160727267052,669.2313617322266,688.682861328125,121644,76.33734112094831
2022-01-24,692.2738510481239,692.2738510481239,663.2961177306319,681.35107421875,406674,72.28838076985066
2022-01-25,688.2838569765978,699.2564981747754,661.6003886083022,689.2315063476562,878410,74.00778572097951
2022-01-27,696.2140299335058,727.0371371081851,689.2813042051351,699.7551879882812,187172,77.13568333626459
2022-01-28,710.278920507595,713.0719439485315,687.2862644750479,691.475830078125,37453,75.35594992069977
2022-01-31,691.475848094645,702.7975934148047,688.9322027675768,698.50830078125,95495,78.28116551379615
2022-02-01,689.2813319686776,699.2065963205837,684.5930097192831,697.7103271484375,80305,76.55947157055805
2022-02-02,698.3586535176676,698.5581682447928,679.3560477634089,690.6279296875,156853,72.90019744609131
2022-02-03,698.258962201094,698.258962201094,687.3361848299927,692.7227783203125,34960,71.34445511267391
2022-02-04,689.680343934247,696.9123114161123,682.7974815636849,694.6679077148438,78920,73.11455368111947
2022-02-07,710.2291099289143,712.1244085924576,668.2338456193224,675.316162109375,80202,63.47788987341114
2022-02-08,673.3210719249722,685.7401172060348,660.5030580942564,669.9295043945312,183485,58.95579717635057
2022-02-09,674.4682136759309,687.2862270846225,674.4682136759309,680.0542602539062,52287,61.30445577160296
2022-02-10,693.1716788445428,693.1716788445428,675.1665238440559,678.2588500976562,36377,52.28352012631012
2022-02-11,676.5629739801597,685.1415586592287,663.3459309941852,672.273681640625,19417,41.418853702256754
2022-02-14,652.3732836153788,672.32353693695,651.9742541956108,664.1439208984375,14820,41.07603423192778
2022-02-15,668.333507129271,682.2986848901811,651.4755181931207,677.8597412109375,16682,44.43897241200226
2022-02-16,688.2838129364284,703.4958827150957,665.2911557099317,676.3136596679688,42012,37.43318482608422
2022-02-17,686.2390132718347,688.1841756078715,666.4882699841781,680.9022827148438,55674,44.0980576127313
2022-02-18,677.361050885955,683.0967494539692,659.0068519983189,663.3460083007812,13299,32.4365308597487
2022-02-21,661.7000479005425,672.8223392405857,643.7947430277252,667.784912109375,19329,35.576942311063945
2022-02-22,652.323463112483,670.2786922842005,642.3981992547812,658.4581298828125,72663,34.82355624098028
2022-02-23,678.2587666051461,678.2587666051461,638.9567422158033,645.9393310546875,32059,29.905728636892718
2022-02-24,645.9394111383003,650.9768386770817,627.784665729706,635.7149047851562,41667,26.36002208616344
2022-02-25,639.4057046870505,656.8123152206456,639.4057046870505,650.1289672851562,15472,39.48355996328253
2022-02-28,640.4530596458197,653.2711352271779,633.4206068176632,644.3433837890625,58305,39.35246590756117
2022-03-02,642.747359527275,648.6825729673728,638.358339660801,646.3883056640625,52834,34.98002630482554
2022-03-03,648.8321867639906,658.2586945204129,643.4455935079359,648.233642578125,16951,36.610300694127275
2022-03-04,642.3981880074705,642.3981880074705,627.3357703749189,634.318359375,94106,34.19195591053989
2022-03-07,629.1312595308651,648.034136995883,606.8867389407687,632.5227661132812,49015,36.09649563020529
2022-03-08,630.47788601691,637.659989589819,610.2782539649838,622.0988159179688,42318,24.751588688241256
2022-03-09,624.44300555486,624.542732480363,599.5051858442026,603.4453735351562,191533,21.431367744380907
2022-03-10,608.9815245743148,638.4081502498959,587.2357591330967,598.7570190429688,165662,17.819415260162273
2022-03-11,587.9839240784638,613.4205001298604,584.542492788958,590.1285400390625,72250,19.15962454591498
2022-03-14,593.0213512196887,607.9341795456172,578.6571427493374,582.1484375,38820,14.973458008132354
2022-03-15,571.6745104180073,598.6073536195887,571.6745104180073,587.834228515625,80862,20.227046999552286
2022-03-16,593.5201278997985,598.8567971334563,587.3355362391304,593.2208862304688,72832,26.353500438304224
2022-03-17,596.163493826192,613.4703149432033,595.7644643899645,607.6847534179688,375406,37.887906843280156
2022-03-21,610.7271848505102,610.9765630395059,599.7545445346987,608.3331298828125,129131,29.5009396633736
2022-03-22,607.4852426339957,621.250905906176,601.0512734540604,617.0613403320312,24819,36.994723859479045
2022-03-23,619.1062760710787,638.4081222901065,609.8293593373762,632.6724243164062,302028,44.21048672194744
2022-03-24,632.6725341280127,643.345933951778,624.2435382487298,635.0665893554688,146112,44.467780757645464
2022-03-25,633.5203315506767,636.9118992988726,616.2135094626133,619.056396484375,253274,43.698521325313465
2022-03-28,619.0563837143573,632.4230788187546,604.4927220254972,620.1038208007812,10370,44.84049221631227
2022-03-29,620.9517242554831,621.0015877193155,608.5825410575358,614.3681640625,75077,46.65807916926781
2022-03-30,616.4629000189411,631.2260770336635,580.7519545569731,602.048828125,510952,49.361303018883724
2022-03-31,614.467890159017,622.2484778902046,589.0811770009395,617.0115356445312,143000,57.63135601869808
2022-04-01,618.3581735012027,626.4380023630565,609.8793151889638,620.1038208007812,367809,63.13946239809937
2022-04-04,622.3482726482362,644.9419014874826,620.3532470085667,633.1213989257812,103996,71.39862938655492
2022-04-05,636.2634814218355,636.2634814218355,619.4554159855501,628.1337890625,49187,67.01765509420346
2022-04-06,623.4455063101822,629.9293395758082,608.5825410864074,618.3582153320312,162185,60.235563344927925
2022-04-07,618.457897698512,620.4529231749589,612.4229578089296,616.0638427734375,126686,53.78717365720759
2022-04-08,620.0539472640395,662.8971352466403,620.004083799492,646.488037109375,527165,63.58789211935731
2022-04-11,648.2835626747058,662.2986046808571,638.5078889864167,641.5004272460938,301909,58.941579270346054
2022-04-12,641.5004338376276,654.2686459167893,636.4131430972425,648.2835693359375,709938,56.10612505651985
2022-04-13,668.2338545650218,671.4258468445746,648.7823548051655,659.5554809570312,580921,58.956537268120634
2022-04-18,650.4281656262245,656.4132420265272,637.8096660789271,642.5478515625,237303,58.5295045811704
2022-04-19,643.4456360771934,664.3435419534503,634.4181571807724,639.8546142578125,381946,57.08661296616921
2022-04-20,648.2836050775984,660.3036223635029,638.4082038213958,643.744873046875,152450,60.68186115631167
2022-04-21,652.3234421473403,652.3234421473403,633.4205643113028,640.7522583007812,154398,65.09721143576559
2022-04-22,641.4006955142312,646.3882592429577,635.4156190397593,637.41064453125,33196,58.75050334788526
2022-04-25,627.8345484833461,637.1612683318117,626.5876575472761,633.470458984375,109937,55.69241086397676
2022-04-26,639.255998021154,644.2934859304372,633.4704364601744,636.9617309570312,71533,51.779888952128566
2022-04-27,636.8120973079134,648.3832196436016,626.6374561460689,633.3706665039062,45380,52.458981626634646
2022-04-28,638.5078633161277,660.3534160868397,620.4529075619552,650.2286376953125,86409,64.03154110614221
2022-04-29,650.3782848358802,654.8670920164959,635.7148358692,647.4854736328125,86094,63.779498896166885
2022-05-02,644.3932410681201,649.3309413922929,628.5327638773462,630.9268188476562,43385,42.23106986994039
2022-05-04,633.5702183541467,645.640097720261,613.570039930529,618.2583618164062,43818,39.2229380553414
2022-05-05,627.4853869743529,632.123845643012,604.8917595813491,608.3331298828125,14877,31.999971400065775
2022-05-06,603.4952820265937,603.4952820265937,579.2557316359153,585.7894287109375,62987,19.828615337144882
2022-05-09,583.544897835982,627.4354542544148,562.6469957282648,612.1735229492188,298236,38.46148852276874
2022-05-10,608.4827809022665,613.470344680154,592.5724402741363,604.3430786132812,58626,37.01672055715851
2022-05-11,613.420451085405,613.420451085405,569.5797554547336,583.7943115234375,82064,30.461595138105366
2022-05-12,588.3828664968984,617.4603872786244,571.9239062544149,605.490234375,50150,39.75659063773593
2022-05-13,613.470374223205,614.6175383007022,598.6074090960021,603.6448974609375,29002,40.105233109688825
2022-05-16,614.61749976782,621.4504376908578,597.260753719745,618.7571411132812,9595,45.953351142887925
2022-05-17,623.4454452001696,623.4454452001696,606.487729090725,615.7147216796875,25430,44.141906443766594
2022-05-18,621.6500273133119,695.7652207281888,614.1188173874766,623.0465087890625,87925,47.21101670741982
2022-05-19,632.3233644929327,645.3907573281546,603.644872571473,611.0762939453125,46701,39.13644609613047
2022-05-20,618.4578842850441,633.3208481155547,610.0288896531999,626.3881225585938,10779,44.5278183495133
2022-05-23,632.8221249702785,637.4106593540737,614.5177291301803,628.4330444335938,100989,49.30050511276012
2022-05-24,637.0116321847172,637.859554571377,615.0663511890435,628.48291015625,58739,53.08643658525172
2022-05-25,621.7995207087843,629.9791370717197,591.8741395395155,612.9715576171875,62842,51.354499813924704
2022-05-26,604.4927269548308,632.4230839758461,604.4927269548308,628.1836547851562,75252,62.93364169082692
2022-05-27,638.4081670708524,638.4081670708524,618.7072900401503,620.3532104492188,349806,52.81402915826058
2022-05-30,625.1910657295795,629.4304945757713,621.001500340204,623.0963134765625,19184,56.68563068001067
2022-05-31,619.8045182713195,624.4429768778239,618.5077638825875,620.1038208007812,16758,64.79677089909109
2022-06-01,621.8494699907161,635.4654824388126,615.4653640652261,626.787109375,30255,59.88883674214342
2022-06-02,636.1637841044648,645.1413992466681,625.3407946474815,639.4057006835938,17142,65.0947231524129
2022-06-03,648.9319231131955,648.9319231131955,630.128831671878,633.8196411132812,73775,56.91394106743827
2022-06-06,637.4106421689308,637.4106421689308,620.452925554108,626.7372436523438,26157,54.87858445329911
2022-06-07,626.5876906139553,630.2285758094112,618.8070420555955,620.90185546875,6535,49.03803087894049
2022-06-08,623.7446891022472,629.6300384796465,618.5077473435485,622.3980712890625,9189,55.60494865695886
2022-06-09,624.0938743323026,634.7672120154199,614.8668814252372,624.1437377929688,22323,48.716495262774316
2022-06-10,621.0015313916732,625.440475170429,618.6075373947118,622.4479370117188,18895,46.563552206251345
2022-06-13,616.861948355431,627.4355598274824,604.4927651120101,614.4180297851562,74389,42.60232204115675
2022-06-14,602.4977199754217,618.4080610156808,599.505181631173,615.3157348632812,26611,51.4569308819881
2022-06-15,610.5775086977524,618.5576104203609,608.4827563489054,611.7745361328125,12136,38.0709988703152
2022-06-16,611.4752940841776,624.3930959156428,600.0537613246966,607.7844848632812,125237,40.32249878282838
2022-06-17,607.6348967056407,618.1087802477882,598.6073578983521,614.4678344726562,45043,43.73641447622018
2022-06-20,613.4703826904297,618.9068397218361,608.1835769349709,610.4778442382812,86459,43.112062625235616
2022-06-21,612.7222196237161,612.7222196237161,601.1011714875259,608.5326538085938,73788,35.98775502172481
2022-06-22,608.9316947288454,618.2085514976015,606.4877762170903,608.7820434570312,35928,20.98290914642891
2022-06-23,614.9167700556683,617.6100667586959,609.031420255843,614.06884765625,15258,31.178626724969263
2022-06-24,615.0662888630062,616.7122091242361,610.0288620488498,615.1660766601562,13734,37.553571991302434
2022-06-27,616.1636040711999,627.7347269834876,615.9142258973718,623.4454345703125,190092,52.59931589727981
2022-06-28,625.191127740537,625.6400206630913,618.9068094748206,624.4429931640625,6158,52.111248903541934
2022-06-29,623.2958865326693,624.2435359268189,613.6200604924619,617.7098388671875,84621,43.977632004424244
2022-06-30,620.4031025804146,620.4031025804146,584.0437485833146,591.724609375,62091,30.231074896103095
2022-07-01,588.7818861934538,608.9815188836993,585.4402429165536,603.944091796875,17853,43.60531801436749
2022-07-04,599.1560309570033,609.9790194591553,599.1560309570033,606.3380737304688,5458,44.61719073640081
2022-07-05,616.1635978524096,616.1635978524096,601.7993908315467,604.7420654296875,52425,45.68278148474548
2022-07-06,614.4678374150185,614.4678374150185,589.0312629765722,605.2408447265625,104350,48.368530789063456
2022-07-07,613.4702909885866,615.4653163251348,600.5524897577684,612.4727783203125,11004,48.72932979114624
2022-07-08,618.408078795866,622.4479935000859,609.779568635193,618.3582153320312,9520,54.90075656701077
2022-07-11,622.4479242201737,632.8719441021321,617.4603607248198,630.1287841796875,26394,61.967941714668406
2022-07-12,629.7298590019093,639.2560946784865,620.6525162908993,635.0665893554688,24649,63.84660398955668
2022-07-13,637.0615355229885,646.3383918249505,631.4754276510096,645.291015625,99111,65.63438670185909
2022-07-14,646.3384599610717,652.1738857497769,624.0939356988316,637.4605712890625,18046,60.458633376759096
2022-07-15,630.7771826321087,648.2835806431199,629.9791845840795,644.5429077148438,51939,60.009509672703935
2022-07-18,648.3832832671596,668.0841599510464,640.4031813192562,659.9544067382812,100148,64.82098978969555
2022-07-19,653.9693447298218,663.0966108877839,637.9094135580863,646.9867553710938,104559,61.61454396123521
2022-07-20,644.8919731489842,651.6750474648336,620.0538820803955,629.0814208984375,33746,65.835103845314
2022-07-21,623.345745713615,636.0640333553873,620.5027978283871,633.5702514648438,47152,63.43894299160486
2022-07-22,639.9044700729072,640.2037117403866,631.4256111553394,634.3682861328125,12014,62.90179848172161
2022-07-25,634.8670301025221,638.3084614194925,624.8919021596224,628.7821655273438,11260,60.67317994767913
2022-07-26,619.355731150136,642.7972823012468,615.0663773392098,635.7149047851562,28107,62.79850935651018
2022-07-27,635.7148589973539,636.9118864657363,623.4454644339627,624.0938720703125,11039,54.707096937519225
2022-07-28,621.4504627915089,636.7123961697511,621.4504627915089,633.9193725585938,173329,56.108052008785684
2022-07-29,636.5128229438249,647.3358721570687,622.4977818302175,631.3258056640625,150881,50.506331466905145
2022-08-01,635.9143388089716,647.3857347247413,623.5950814614604,643.2460327148438,139222,53.266870657157504
2022-08-02,648.9367295706746,648.9367295706746,633.5618965267204,646.7902221679688,58433,50.63253652735567
2022-08-03,640.3008719162564,648.9367468445449,638.7035135289194,648.8868408203125,27025,55.06601778226147
2022-08-04,652.930201740933,663.912208192233,643.7951447277704,661.06689453125,99980,57.009328372699954
2022-08-05,660.9170896214672,668.904003091213,650.4841717145489,657.9219970703125,22953,49.03772853188798
2022-08-08,668.9040207700967,681.2837613495203,659.9187428791552,665.0103759765625,46957,59.036613556618725
2022-08-10,668.8042982808471,673.8959320600603,649.036635525493,665.9589233398438,44868,72.27743434583282
2022-08-11,672.6479085782744,672.6479085782744,642.9465723553376,650.234619140625,69664,58.86362824762282
2022-08-12,653.2796228268321,662.6143651285731,643.9449414604093,645.8418579101562,19909,55.87791835333362
2022-08-16,645.7918666273788,651.7321458801589,645.0430934678348,647.8385620117188,62607,60.13535447446262
2022-08-17,659.3197888808876,659.3197888808876,643.6454576405891,649.9850463867188,183649,57.99687242190289
2022-08-18,651.0332655937174,666.0586954399846,646.8900907557854,653.678955078125,289110,68.19587133508915
2022-08-19,661.915488081746,667.2068063423949,642.9465676088151,652.1315307617188,169601,62.47099457673815
2022-08-22,658.4212131438576,658.4212131438576,640.350844860056,647.1397094726562,73917,60.48440419837474
2022-08-23,642.8467566557381,653.4293931950839,639.4522938754029,649.7853393554688,593920,54.94340507130426
2022-08-24,653.7788197709697,656.3246974152624,635.9580418728366,645.1430053710938,182216,48.7751189570629
2022-08-25,646.1413478457575,669.9024045534359,645.1429836064826,657.4228515625,1011692,55.512573906188415
2022-08-26,661.9155253552632,668.3549872233853,645.0931114153096,649.136474609375,128239,41.88731524537937
2022-08-29,645.9416541668008,652.8802977239712,639.2026956418767,648.8868408203125,105108,43.60425829754509
2022-08-30,650.9334649882136,668.7043357410128,644.9432797275858,665.0103759765625,317565,50.0
2022-09-01,672.298491859103,678.0889921630003,649.9351088991976,656.0750732421875,101369,44.36214146503481
2022-09-02,657.921990694547,671.4498130657713,650.1846683457113,654.6773071289062,181507,53.02926260434432
2022-09-05,654.9269222663777,663.6127030871564,617.5880764093818,647.6887817382812,76871,51.21627705070903
2022-09-06,656.9236717921698,658.3713121313589,648.1879846672739,652.7305297851562,39461,53.09734513274336
2022-09-07,652.780501131252,657.3730136690842,643.945001072067,645.692138671875,18976,47.44050032059703
2022-09-08,650.5341224061729,667.5562816556615,646.5406653970857,663.4629516601562,465844,54.99493654320142
2022-09-09,665.4596530956785,671.3999323421255,651.9318302147329,660.1683349609375,131949,54.031045864684216
2022-09-12,661.9154687454998,668.3050240396428,652.9301908892261,662.2149658203125,170731,57.791542876466785
2022-09-13,665.5595864593772,666.4580777701964,653.8288059081109,657.522705078125,414616,53.91615524865326
2022-09-14,655.8754125746233,687.5734778190179,649.8852270166275,679.0374755859375,248410,64.65260528228048
2022-09-15,686.3255384039061,695.8599051176652,674.844349151606,680.9842529296875,111905,61.184866255620975
2022-09-16,681.8827557442261,684.977660422526,651.2828683194988,670.002197265625,113365,59.65801544315155
2022-09-19,670.0022065894833,677.5898112557595,653.9285669515191,656.2247924804688,64405,53.018476162260825
2022-09-20,675.2936304720909,680.8844461247938,651.5824785725838,671.5996704101562,92510,52.727313147256574
2022-09-21,674.3949994249049,687.7731037284066,672.1985860554073,681.8328247070312,66679,60.547827699610544
2022-09-22,684.8279748335481,684.8279748335481,669.4531408891082,673.8958740234375,40851,57.46996257866097
2022-09-23,673.8959017503067,677.3402707685392,649.9351585769625,652.2313842773438,46061,51.58483215165463
2022-09-26,647.3393673309733,650.5840509593042,617.7877506471401,624.0275268554688,257077,41.37929138130784
2022-09-27,633.3123387991965,633.3123387991965,614.1437939115594,618.5365600585938,35246,41.76752558186697
2022-09-28,622.9792598158142,644.0946869865819,621.5316195410381,636.8065795898438,54786,41.943250887511965
2022-09-29,640.0014536843884,640.0014536843884,620.0840727364852,628.520263671875,54862,40.71471292937035
2022-09-30,619.9841739083662,660.1683333283529,616.0905291183904,652.5308227539062,23521,47.48312752397108
2022-10-03,655.8255053311586,655.8255053311586,633.0128454789519,643.9449462890625,131386,46.54119322598902
2022-10-04,646.0913910561783,663.8622609319151,639.0528749740668,641.2991943359375,37805,39.36404889443934
2022-10-06,652.9301694033927,655.9252619235917,643.9448918427956,649.6854858398438,26822,41.487894959622196
2022-10-07,652.9801319132309,652.9801319132309,636.207624536217,644.0947265625,96830,42.74126800198643
2022-10-10,645.4424877599073,645.8917638595649,633.0128406577458,635.8582153320312,263811,44.1108595576094
2022-10-11,635.359009621578,640.8999188174868,627.0725379041961,628.02099609375,134266,36.824582543692436
2022-10-12,630.6168430313456,637.0562441055199,626.1741096489601,633.3123779296875,123804,34.87865589235939
2022-10-13,630.6667003077479,648.3377594787215,619.6347876828221,627.3221435546875,399430,35.30706618852207
2022-10-14,630.4669966277977,645.7419568055886,618.9858082489859,622.5798950195312,53394,39.527474185690565
2022-10-17,623.7280213766257,628.3704391871679,617.8876152984851,625.4751586914062,42278,50.622587009408896
2022-10-18,625.8745272940561,642.397442245811,624.0774230261754,637.6552124023438,28683,57.775066173944644
2022-10-19,640.4007323961796,650.1846894320479,635.4089113640717,639.9015502929688,240102,51.44726507201504
2022-10-20,640.8499593480935,640.8499593480935,627.1723585815901,629.0692138671875,27565,50.25072899301394
2022-10-21,632.2640771880771,636.2575342502918,614.742796514674,624.57666015625,30374,34.461764149093455
2022-10-24,624.5766211246481,633.8614569623162,619.0856180072516,624.7763061523438,3341,38.24969862771787
2022-10-25,619.085590806415,637.9546977912676,615.8908742449121,631.3155517578125,16361,44.15888551312762
2022-10-27,625.4751795372855,636.2075948286275,624.6265943302359,628.02099609375,25690,36.52175233813427
2022-10-28,628.0210486447711,633.7616433507294,621.9809568368705,626.9727783203125,7524,38.709682612510356
2022-10-31,626.9726989964684,628.9694273372214,622.6797452509119,627.2222900390625,556600,43.63496663430715
2022-11-01,630.3671760443194,630.5168941121306,621.4817103495336,624.0275268554688,51712,46.840427309401406
2022-11-02,618.9858240956127,628.9694664197355,618.9858240956127,624.5267333984375,122007,42.47858174468645
2022-11-03,626.5234974573498,630.9662307310485,618.486677116906,623.8778686523438,344258,46.75452994716931
2022-11-04,626.97275390625,628.6200793057681,611.9972900390625,613.9940185546875,215542,42.624375931318625
2022-11-07,616.6397529027371,627.671666564035,604.1102318108634,606.9057006835938,102016,35.12002112841381
2022-11-09,607.0054272450717,617.9874333300977,604.0103346764283,606.4064331054688,218508,19.19279564638687
2022-11-10,607.1052539042296,621.9809050607067,602.013620789095,605.7075805664062,148492,15.228255634393747
2022-11-11,608.7526000674782,618.0373753845188,601.564365296592,605.7575073242188,30926,19.635761747351452
2022-11-14,607.8041234827267,607.8041234827267,594.6756705825862,606.007080078125,343579,22.806804287358872
2022-11-15,606.0071191860175,609.0521180591138,596.0234763658194,603.3115234375,391858,20.708306610806176
2022-11-16,603.8106773817299,606.3065879702252,592.6289857582073,599.8671264648438,153839,3.1248237351232433
2022-11-17,601.9637279203702,607.1552341315039,594.1265321113045,599.8671264648438,192263,3.465147764118157
2022-11-18,599.0684532439884,601.4645518069907,584.3924866500647,590.6322631835938,148538,2.7271096036369897
2022-11-21,589.0348934911542,596.3229401557611,571.6633315801697,579.3008422851562,119349,1.6129330458994389
2022-11-22,582.2460040192163,594.0765952198697,576.7550010098254,591.1314086914062,124117,21.71669783775502
2022-11-23,588.9351048542517,603.1617956439478,588.2362376810274,594.625732421875,70717,25.551015193466668
2022-11-24,597.421211040741,602.0136623662561,589.0349266933517,590.8319702148438,43472,24.301217766403013
2022-11-25,593.8270310361266,595.4244503632162,579.5504347529619,584.4424438476562,12197,25.697859666135628
2022-11-28,587.9866021944024,592.8785501667667,577.0045960986715,579.2509155273438,35088,26.52537209504743
2022-11-29,581.8466870785925,591.0316505924307,572.0627293740924,580.2493286132812,87980,27.98323972981359
2022-11-30,581.0479619529266,598.4195233338925,574.4587826348028,589.5340576171875,98359,38.105707296272186
2022-12-01,589.9833776138315,606.7059791383233,589.8835046256281,597.4212036132812,78229,44.50299034878011
2022-12-02,600.0169128996382,607.4048327071386,590.6322645966314,605.7575073242188,90383,49.85128994786966
2022-12-05,613.9440864038366,618.4367253728187,600.0168934129293,603.3613891601562,35240,50.029819324820416
2022-12-06,605.008698348785,606.9555207038018,592.778737037279,598.918701171875,44768,49.43954040798602
2022-12-07,600.516098675511,610.9989233406695,596.1732385455011,606.206787109375,25750,53.44923659128329
2022-12-08,609.0021728315345,610.1003490969404,599.9669888479004,608.5029907226562,19295,60.517040972760014
2022-12-09,606.0071475180488,610.649566020611,597.0218685597911,601.7640991210938,16038,63.975199619670796
2022-12-12,603.7108379295086,603.7108379295086,592.5291468135298,594.0765991210938,181852,51.93190025575038
2022-12-13,598.0201891708356,599.2182384647523,591.8802246240862,598.8687744140625,321752,52.736631767571716
2022-12-14,602.8123032688591,602.8123032688591,591.9800758664093,596.1732177734375,70667,53.494443534894124
2022-12-15,598.6191797657547,600.1666931010951,594.0766346165333,598.4195556640625,22991,59.668502689014176
2022-12-16,597.2714233398438,602.7125207875881,582.295959319622,597.2714233398438,50886,63.20410441353254
2022-12-19,597.3213540135936,602.26326953125,589.1347544910029,592.77880859375,20863,58.73347713068968
2022-12-20,592.7787268222932,596.3229074440206,587.0381328362246,592.7288208007812,8857,52.555902898835214
2022-12-21,594.176470578244,600.016876701126,584.0430497007633,588.93505859375,74253,42.735007007023746
2022-12-22,589.4343022854753,592.8786103441195,569.616734530956,573.9596557617188,21145,25.556456395588896
2022-12-23,573.0111154886022,583.8433421308059,559.4832934571161,571.4136962890625,20685,25.49771703177619
2022-12-26,570.9644992542358,575.507044088863,563.9759499900973,568.668212890625,23054,26.17925253768071
2022-12-27,567.0708655245593,572.1125925468256,564.1755849708185,567.5201416015625,7975,16.27502601833308
2022-12-28,567.0708861873344,569.816387837009,562.2288440156715,565.0741577148438,38802,12.239645246747955
2022-12-29,565.0741306503753,568.9677753593711,556.2386319569113,561.779541015625,29024,13.019435616345575
2022-12-30,563.3270161862067,579.0512527922019,535.6224088327867,549.6494140625,129202,12.030780369585614
2023-01-02,555.0904560228204,568.2688747197768,549.699265349194,560.2320556640625,41975,19.953408189070856
2023-01-03,563.0774205243148,565.7231100835289,556.1387770027764,559.0340576171875,28441,20.4292484555842
2023-01-04,561.1805819150011,561.1805819150011,551.4964963793174,553.4932250976562,11907,16.01207929112661
2023-01-05,554.0921425372246,567.5201534938838,549.0504154093096,559.0340576171875,58552,22.875265735204337
2023-01-06,553.4431995459393,563.4268420808011,553.4431995459393,558.7844848632812,28098,24.340526141692095
2023-01-09,563.7762977034263,571.0643444578707,558.7844765106128,567.7198486328125,29140,33.35545851528384
2023-01-10,566.0226220750054,571.613437484585,564.42520271847,568.31884765625,17648,35.669629674883666
2023-01-11,567.5201356178723,574.059408870992,565.2738161918553,569.2672729492188,22251,45.94819935196487
2023-01-12,571.4637474315693,602.4130406090338,562.4285018040852,574.2591552734375,169216,52.35743152222721
2023-01-13,578.0528636802491,603.9105204711595,574.1093129585801,593.777099609375,88557,66.27840720234761
2023-01-16,593.77712388384,597.3712107261603,577.6036112227654,589.2844848632812,527825,63.52362928886479
2023-01-17,592.2297280312376,595.0251359459326,583.344261190802,588.685546875,121653,65.01599614322545
2023-01-18,587.3875709466724,595.6740428123944,585.4408094444362,592.0798950195312,17925,69.24552454454599
2023-01-19,591.4809154777819,601.6642430730071,589.0848168899695,596.3728637695312,300081,82.95798090675272
2023-01-20,597.3213344316392,600.4662062766829,581.6969700659002,585.390869140625,8195,67.64720488810647
2023-01-23,587.4375500422708,599.01855098723,584.0430872125493,596.0733642578125,514170,72.92966772211685
2023-01-24,596.1232691008411,602.9621007722371,588.1363551035212,593.427734375,34380,75.64111909268686
2023-01-25,592.7288382429384,592.7288382429384,572.1125931208694,577.5037841796875,79132,60.46382640881013
2023-01-27,577.9530406407322,593.0283151880542,572.0626676814057,589.9334106445312,25217,65.50697951419907
2023-01-30,589.9334643155337,591.7804138183594,565.6232580766082,589.034912109375,109557,61.53433554358611
2023-01-31,589.9334316556369,601.6142440771152,585.6404168364583,594.9751586914062,45698,63.63639769821371
2023-02-01,597.2214867473647,610.2002215672977,594.226394096611,596.0234375,497415,63.673509873044374
2023-02-02,597.5210338835795,604.9588601097961,591.6306601361626,599.6675415039062,298415,63.16610781450535
2023-02-03,601.7640000030487,609.0021401938776,596.9718642017004,599.6174926757812,398944,53.79129399813147
2023-02-06,601.5643515276217,657.9220242104016,587.7370313868561,628.9195556640625,591212,69.4607821101811
2023-02-07,630.9662685137796,638.3042221041694,620.1839457325709,628.520263671875,67253,69.59722886154157
2023-02-08,628.0709099932319,647.9383824581397,623.5782709777286,643.89501953125,71382,72.80315194974243
2023-02-09,640.9498598280809,647.0398574865877,614.5431127618073,619.734619140625,42562,58.750941375672795
2023-02-10,621.9809179934125,633.2624216543836,616.04063861203,622.1806030273438,74663,64.7223273842817
2023-02-13,623.9776686057724,637.9048623561171,611.4981152336569,614.892578125,48515,57.74128918548424
2023-02-14,617.9375334231445,617.9375334231445,599.1183317027342,604.6593017578125,537328,54.348650112533946
2023-02-15,606.0071032165229,606.0071032165229,595.4743725058364,598.8687744140625,38649,58.97649991281068
2023-02-16,601.0152067298228,611.9972121684076,599.9669365795655,604.5593872070312,22829,56.51397653976801
2023-02-17,603.5112147333916,607.4048598477353,596.0733885682237,599.0684814453125,17991,54.293041402687756
2023-02-20,599.0185235867834,600.8654729937166,584.0430604971139,587.7869262695312,144859,47.05882059135258
2023-02-21,588.6854681988881,589.9334234346736,577.1543130719781,581.5970458984375,34119,44.33554675554865
2023-02-22,582.0463428037451,587.237848957497,576.6052455939024,584.1428833007812,46493,43.85128758518794
2023-02-23,585.6904075814947,588.5856273252583,570.4153859139996,578.0029907226562,329267,41.83329151569268
2023-02-24,578.002961780061,586.9882395179261,573.1109528597643,584.3924560546875,26232,29.65320201880469
2023-02-27,582.5954257682147,586.6387886539283,575.0577881282496,576.05615234375,209104,27.647723301213247
2023-02-28,576.0561559519069,600.4661733608491,570.0659706213845,574.009521484375,472098,16.41066500197134
2023-03-01,577.5537002346614,589.0348887440799,576.1060599311933,583.6936645507812,167943,29.877313617363797
2023-03-02,585.8899666604545,585.8899666604545,580.0495608606805,582.5454711914062,13897,27.54517024510814
2023-03-03,584.0431448050747,586.6888347069538,579.051323054604,580.648681640625,21226,29.337293134282618
2023-03-06,583.693695021426,599.018562196834,572.76159407427,587.4375610351562,58611,39.1577538154842
2023-03-08,587.5372751367507,592.279504630208,572.3621285706258,578.1027221679688,146621,37.48489090923805
2023-03-09,581.0479544036584,584.19282595368,565.7729945935116,568.8179931640625,136931,29.354088763876177
2023-03-10,573.8098891422585,576.6552030613972,565.5234775278775,570.4653930664062,15037,32.70975763635492
2023-03-13,572.9113135383299,573.9596447729634,560.8810362388639,570.1159057617188,30459,37.69127035143748
2023-03-14,570.1159407849798,571.3638962025702,554.1920174694603,559.3336181640625,65695,35.42490126473837
2023-03-15,560.6813737635688,566.072565427483,550.4481395561055,552.84423828125,15443,30.51589855745374
2023-03-16,553.093785283441,555.58969586685,536.5708694083365,549.9489135742188,172620,31.80052234042722
2023-03-17,549.1502723280939,555.789419312941,544.2583238077044,547.1036376953125,150881,24.643690182699572
2023-03-20,515.1559092711375,565.3736145963584,515.1559092711375,552.7942504882812,177121,33.59156439459497
2023-03-21,553.6927917598686,566.9211181460486,552.7943004910549,558.9342041015625,22024,39.94674494557272
2023-03-22,559.2836841314229,564.7247816667497,552.3949461971091,555.8892211914062,27138,29.656714764944823
2023-03-23,557.3867492089516,563.0275316018635,547.1535156350502,548.6510620117188,40563,27.23009930869341
2023-03-24,548.1019712077822,551.6960581202635,524.2410413475604,528.38427734375,40149,21.839721547693912
2023-03-27,531.3294550983633,533.3261835572558,510.46361832880973,514.8564453125,23755,13.540652986390242
2023-03-28,513.1592369252337,521.1461511186226,511.8114695292271,520.1976928710938,55026,19.697020028312537
2023-03-29,521.5455626245742,528.7837041872,519.149463802127,522.7935180664062,553139,24.101228677428722
2023-03-31,526.7369557023263,548.1019750985084,521.6453223842817,543.8090209960938,21663,37.68447707994947
2023-04-03,549.100347892079,555.5398096135136,541.1134337409214,549.84912109375,23329,41.104291520102024
2023-04-05,554.0921618249585,562.6780700484791,550.2983898409683,553.9423828125,10266,47.48599981101595
2023-04-06,558.9841711060807,588.0365465710314,555.9890783391653,578.9014892578125,188147,60.365354453060895
2023-04-10,579.2509326565654,588.984983801994,576.3057460203725,581.3474731445312,39874,62.53489265149064
2023-04-11,583.0946325883269,587.5872717484832,569.417030069232,574.0594482421875,132503,60.39261143882854
2023-04-12,574.0594959465672,579.0014116204762,569.9662265235123,572.4121704101562,20546,57.80694391008825
2023-04-13,575.207659382685,607.0055403717804,565.9727889082789,600.2166748046875,333444,64.01224112327968
2023-04-17,592.6789338369396,598.4694340307143,581.9964246714345,585.1412353515625,114089,59.17917299819851
2023-04-18,587.0381113352021,587.0381113352021,571.363782229836,575.3572387695312,24470,58.248508288209344
2023-04-19,576.2558605306468,581.0479967705569,566.2223119487344,573.90966796875,92682,65.91066165867744
2023-04-20,575.7067942521705,582.4457532336615,575.6568272892363,579.1011962890625,71723,73.84214775170494
2023-04-21,580.0496139307687,598.0201699561626,564.0757863526408,571.663330078125,21146,68.80696703523174
2023-04-24,575.9064138405993,579.9498379460014,561.2305075888441,568.5185546875,117047,66.6424229068431
2023-04-25,567.6698842091978,579.0512609537959,567.6698842091978,575.507080078125,20483,62.84904051742438
2023-04-26,576.8049188906656,592.8286521786266,574.8081904825628,590.133056640625,33247,65.26671860340747
2023-04-27,589.8336099881056,589.8336099881056,573.410505240477,578.8016967773438,30476,58.9311518805645
2023-04-28,579.0512462031508,627.971092865141,579.0512462031508,606.007080078125,404189,59.58348654896254
2023-05-02,618.9358998020768,624.9759910428238,609.0021637957229,622.2803955078125,258149,63.183284104102036
2023-05-03,613.9940220495208,647.9384070083561,613.844243035869,646.89013671875,177003,71.10211640473632
2023-05-04,649.9351446510402,695.6602163733736,648.9367803735424,683.0309448242188,749813,76.71166614197739
2023-05-05,676.2919446594083,713.8304148272462,670.7509745093496,707.7404174804688,346658,76.35828264919093
2023-05-08,708.8386315592408,714.3296350431503,691.6667539315869,709.8869018554688,127685,82.6496423102372
2023-05-09,703.8467720328638,709.8369573267605,688.8713087981221,692.7649536132812,287537,79.59240310974312
2023-05-10,693.8631190103831,718.6225389836907,689.5202591144441,716.2265014648438,145389,82.28768358909497
2023-05-11,716.8255199294042,780.7208308980419,707.7903357998086,763.9982299804688,767252,85.15568008507867
2023-05-12,759.5056402685169,782.717610214285,740.7364036392181,775.1300659179688,259551,88.15055144134648
2023-05-15,784.3149472946216,810.6717884356217,774.8304867156334,800.0391845703125,385355,90.13501377181949
2023-05-16,800.188916422275,818.5588423087779,773.7322647876022,809.1741943359375,254250,90.20788697602904
2023-05-17,809.1742617309001,833.6341869775466,799.290430828535,802.435302734375,160536,87.5508092560182
2023-05-18,808.6750165251972,835.4810714025541,794.5981054264776,824.5989379882812,275123,91.87076602397082
2023-05-19,827.6439624074355,838.6259691462556,814.6652271706483,832.735595703125,146145,91.30594903873867
2023-05-22,842.6194150913835,848.6096005067252,820.2560318333148,833.8837280273438,142847,90.79886678084844
2023-05-23,826.6954805769968,853.6014085058528,826.6954805769968,849.707763671875,138119,90.47620903734034
2023-05-24,848.60959464009,859.9909712246838,834.283092328234,845.614501953125,71783,87.20587836812933
2023-05-25,848.6095795248293,855.5482229797719,825.2478326084901,836.3297119140625,103577,81.66177795290784
2023-05-26,846.1636132535002,851.6047106374857,833.634154023799,840.9721069335938,244387,81.88443750846213
2023-05-29,847.6112129695961,847.6112129695961,833.7339260980879,838.526123046875,41891,88.17995755705928
2023-05-30,838.6260125942626,847.4615122813951,815.314230546872,823.0015869140625,20010,79.1814917531651
2023-05-31,823.6504258378413,832.1365211343524,780.3713641997596,798.3419189453125,82011,60.743283621985
2023-06-01,796.1954908630884,822.6022375120061,794.2486683848861,813.06787109375,22840,61.60659767387405
2023-06-02,818.6586396007253,823.8002395772216,800.6880840972948,809.873046875,286766,53.46952328778451
2023-06-05,817.6603088099014,837.9769966265945,802.9843423621475,816.412353515625,50556,52.60136984859013
2023-06-06,822.6521410292922,822.6521410292922,810.7216760688063,817.7601318359375,15644,55.72972385817198
2023-06-07,823.4507842043736,858.5932164120217,813.766639227547,855.5482177734375,246748,60.36095052020013
2023-06-08,863.5850585087823,866.580151197252,845.3150052961801,860.5899658203125,498850,59.5221780621383
2023-06-09,865.5318810143581,874.4172860963573,858.5932374317706,863.0858764648438,94070,59.89177204564644
2023-06-12,869.5751994091434,872.8697890108868,854.6995487764689,860.1905517578125,258096,53.89175152611043
2023-06-13,862.5867114500584,881.5057261625602,855.248758591364,870.1742553710938,166698,58.73577297371932
2023-06-14,864.5834412880796,885.2994994944626,864.4336622763158,882.8035888671875,46014,66.14634402874427
2023-06-15,882.8035560799079,895.7822908597087,854.1504909559001,886.2479248046875,162096,65.86215346664859
2023-06-16,887.5457911429438,932.4721810208207,872.6701398981427,921.6399536132812,129254,73.65724421527733
2023-06-19,931.4738160158338,948.046637671571,919.493445391836,933.9697265625,135879,82.17068830793797
2023-06-20,932.5220992426385,934.5687337323386,911.5065443341555,915.6497802734375,76803,85.30645790607979
2023-06-21,918.4951258198901,932.4722255606275,900.0253868767727,907.0638427734375,73477,79.37593753195048
2023-06-22,907.5131312897049,911.506588413092,887.5957516997481,898.5777587890625,60006,76.83479225506068
2023-06-23,896.5311589713396,898.7275726614519,861.6383138154017,867.6784057617188,39968,63.51672373578676
2023-06-26,874.5670279962774,885.5490340555913,863.1357458656558,880.9066162109375,91037,65.6675651936881
2023-06-27,878.5605270433276,927.4304685471761,878.5605270433276,918.4451904296875,105620,65.62500379062182
2023-06-28,919.493491282172,922.0393079797657,904.5679332811359,914.7013549804688,201811,63.52971770084182
2023-06-30,915.5000132441497,927.4803841917285,892.1882324827797,897.1800537109375,174585,57.92896171295404
2023-07-03,898.5277677181697,923.4868723770077,885.2495362267307,920.3919677734375,77862,62.79170200680087
2023-07-04,923.4869885725649,963.4215610513785,906.514795269069,944.7521362304688,247920,64.93404684602586
2023-07-05,946.4492505815219,946.7986536733282,921.090775822617,930.5253295898438,112632,59.49541753469122
2023-07-06,931.4738088627779,953.1882304520227,919.5932503777544,938.06298828125,111950,60.14463554557509
2023-07-07,936.4656539840302,936.5155600087995,900.5245414643872,923.5867309570312,304908,50.415151628743864
2023-07-10,934.4689575785025,945.5507766115558,915.5499424575576,929.976318359375,176983,49.12626690497532
2023-07-11,938.3625214680785,938.3625214680785,919.7929110735594,932.5719604492188,122846,53.97605130821787
2023-07-12,938.2627002660942,948.4460276979141,929.5270131688766,938.8617553710938,155291,57.55276221492138
2023-07-13,944.4525866115305,957.9305040737457,921.5401147387008,930.8248901367188,96671,57.675842649126544
2023-07-14,928.478719246789,942.455818246203,918.4950771043503,923.5368041992188,59804,64.9798835241316
2023-07-17,933.4206500688517,933.4705560933442,908.5114503154473,913.0040893554688,62206,58.7340440125997
2023-07-18,914.5016162237586,943.4541783094453,913.7029370429407,915.5997924804688,89442,49.04392580442593
2023-07-19,917.496692290435,938.4623403188344,911.057231066078,923.4868774414062,163403,52.872032135027126
2023-07-20,927.4803930946861,951.5909142322544,927.3805810432918,930.6751708984375,307846,61.74306586836598
2023-07-21,938.4623899186181,938.4623899186181,889.5425419334986,921.9893798828125,59069,50.62354846057007
2023-07-24,914.6014406021889,943.2545059983127,914.6014406021889,919.59326171875,236033,38.14674124024098
2023-07-25,930.2757846009769,932.4721981112144,910.5580909042997,913.7528686523438,58836,41.41985747221758
2023-07-26,921.4901941156055,935.9664756049623,913.7528712506045,924.0360107421875,101094,43.02039537061896
2023-07-27,927.0809763593527,937.2643034370915,919.8428358733331,922.488525390625,52551,49.372860360438864
2023-07-28,932.9713621472621,932.9713621472621,913.3534808804725,928.9779052734375,97942,49.43049679563058
2023-07-31,935.9664705481262,994.5205573197437,933.520465984697,973.2054443359375,379581,65.7142816678398
2023-08-01,982.390387402759,984.6866129098282,959.4779164851132,963.3216552734375,89799,59.20359002271323
2023-08-02,962.9721756061952,967.3650024543144,915.7994672206978,926.7315673828125,492319,48.73221193053508
2023-08-03,929.478723176912,954.6524293007636,922.0364879756694,926.5817260742188,227090,50.98670573827298
2023-08-04,928.9293073222353,947.8095411420437,917.3913155212256,931.0770263671875,93505,56.09501661321045
2023-08-07,941.3163874051099,941.366323019353,919.3892872651487,934.8731079101562,85890,56.44763590358868
2023-08-08,934.873108354628,951.006274906804,929.1291103706847,945.2123413085938,88045,57.150651644438945
2023-08-09,945.2123162058649,945.2123162058649,923.9844981333158,927.0812377929688,173496,48.89658690190955
2023-08-10,927.0312879349879,938.4194121969045,915.3434890285878,925.7825927734375,80815,51.21993255312717
2023-08-11,929.0291728144106,933.0249972136124,910.2488103324506,919.0396118164062,74934,49.82678412730784
2023-08-14,919.039625358627,938.8189442318393,888.0719858084993,931.376708984375,137598,55.298436501665606
2023-08-16,917.5412213799765,931.3767396327843,917.2415467300477,926.0323486328125,61305,50.6185479667798
2023-08-17,931.9761843432575,931.9761843432575,905.553781074055,915.843017578125,53041,48.04560868663037
2023-08-18,918.0406726300241,920.6879307318434,890.5693793793977,901.3580932617188,63580,42.242075404223044
2023-08-21,908.0511672031067,927.8804229784243,884.1760901234893,917.5911865234375,192000,31.46387507832017
2023-08-22,918.0406942618015,928.0302556792312,910.3487197760917,913.9949340820312,136118,32.84029309784721
2023-08-23,917.0417455096432,923.035482408399,901.1083827261617,903.9554443359375,31559,40.28137761480123
2023-08-24,907.801376782327,919.9387180654355,904.1052269329136,910.2987670898438,37602,43.400827382583806
2023-08-25,911.8471263467525,942.2154165237251,895.2145436738025,928.979248046875,137651,49.237484270478554
2023-08-28,933.9740509323342,948.0093724396012,926.681683338626,930.5775756835938,64021,48.41327744400095
2023-08-29,931.5266053719301,971.4349155657993,931.5266053719301,962.2445068359375,357933,55.43511498553454
2023-08-30,968.9874995263036,983.1726895487101,967.3391974323451,978.2278442382812,299600,66.5481682175074
2023-08-31,984.9707338868361,988.9665583650789,967.3891305711452,983.0726928710938,112296,68.12005585968825
2023-09-01,974.2819323161182,982.9728631172364,955.1019618171025,962.8438720703125,116265,62.765664904431254
2023-09-04,972.9832972365186,1007.896827129387,958.4484973416995,999.7553100585938,181907,67.43062926483032
2023-09-05,1011.7428241953186,1011.8926920134577,972.0842509774633,994.3610229492188,119135,67.41346983331866
2023-09-06,997.9572041208697,1026.926932769023,975.2808870881985,1023.1808471679688,344537,74.98257663510431
2023-09-07,1026.876862254636,1057.894497575431,1014.4898433418109,1050.152587890625,152954,82.7291051727272
2023-09-08,1058.4939664901804,1078.872697384919,1046.4566174304657,1072.2296142578125,261117,83.16199087441721
2023-09-11,1080.4210824309223,1103.846555579873,1064.937261968037,1097.653076171875,318211,86.01375367521479
2023-09-12,1101.099394605299,1118.5311303015962,1080.9205295507213,1103.3470458984375,333026,89.77683887542769
2023-09-13,1088.862135484327,1147.5008090493118,1019.1350127641141,1137.411376953125,101631,90.79493605161215
2023-09-14,1123.8256712826083,1193.7026053554243,1112.4375467583666,1171.126220703125,365890,91.26663163408678
2023-09-15,1173.7734759060093,1181.6652538772744,1142.5560962276581,1151.1470947265625,183236,85.3733037985711
2023-09-18,1164.7328619682312,1178.7682445041005,1151.1470828608294,1170.17724609375,124992,84.75541229414674
2023-09-20,1162.8348675006753,1177.719215459004,1148.8993570932537,1165.43212890625,143073,82.51214718364905
2023-09-21,1172.0252306707973,1294.6470905172414,1168.8286199651916,1202.24365234375,1417494,84.25984495520524
2023-09-22,1198.7473458421584,1217.6276409277496,1126.7725085083978,1193.0533447265625,2511153,87.2715730823839
2023-09-25,1190.5560917640335,1192.5540042375808,1140.9078936306414,1173.3240966796875,224557,79.75686387930799
2023-09-26,1177.2198351010497,1187.0596508073415,1143.8048004077777,1154.5435791015625,331261,76.25675044836244
2023-09-27,1154.5435168767115,1160.786992524974,1143.6548709575648,1151.44677734375,156065,72.96136410569066
2023-09-28,1141.806834818413,1172.7744742579325,1141.0076211524974,1155.19287109375,497634,70.50906938033052
2023-09-29,1148.7996041826952,1172.7745524438994,1137.6113437712906,1159.2386474609375,99572,68.27527182998344
2023-10-03,1168.5289860577843,1218.2770523649074,1119.6800046970104,1132.3668212890625,275313,57.247139498292796
2023-10-04,1138.610239073662,1153.1949740975508,1099.8506926798163,1106.1441650390625,123999,50.5378489422351
2023-10-05,1106.1442214245446,1149.4988218679698,1106.1442214245446,1125.4739990234375,69231,47.56671860467083
2023-10-06,1125.773589299671,1143.8047966617567,1120.0795879973753,1134.9140625,98899,41.80790991655749
2023-10-09,1108.8413279560177,1148.89944523504,1100.6998109342492,1108.0421142578125,102208,40.54349793846348
2023-10-10,1117.7819172147158,1134.8141680743242,1105.1452196755924,1108.84130859375,198785,35.37398134488673
2023-10-11,1108.8414056624074,1142.7559205989767,1103.9964923775972,1125.52392578125,169351,40.99618947528446
2023-10-12,1124.9245822463608,1175.9213463851345,1120.479275815701,1150.647705078125,168558,37.711193241816254
2023-10-13,1143.8048434524385,1160.787098770073,1123.825719549339,1158.0899658203125,196674,41.60271415101863
2023-10-16,1166.7307854930632,1197.7484226978831,1129.3199264887046,1137.361572265625,37886,41.404001010727605
2023-10-17,1147.8005642828161,1153.7943009109247,1116.2834504028576,1136.6123046875,1522701,45.309645221134105
2023-10-18,1133.8152461274574,1136.9619824326007,1113.8361228476783,1123.47607421875,70642,43.048682521229885
2023-10-19,1104.8455098371471,1131.3178480023228,1094.6062092260886,1112.487548828125,45301,39.75559275141466
2023-10-20,1111.8381947516882,1130.5686225608474,1104.8954982875823,1122.876708984375,40061,41.534906217479055
2023-10-23,1122.8767110951837,1125.1742370783593,1089.8611615043535,1114.9349365234375,81888,45.54958712714291
2023-10-25,1078.8726426884798,1147.800617082466,1074.6270790482706,1094.256591796875,143966,46.87664574017495
2023-10-26,1097.852852827517,1097.852852827517,1048.903999516736,1084.017333984375,167764,38.561205648581094
2023-10-27,1083.8675261005947,1115.8341259487229,1064.8873574407685,1087.8133544921875,224136,36.58609845485081
2023-10-30,1087.8632470318423,1188.7078215676934,1083.9672936594038,1137.0118408203125,326015,57.319531540111846
2023-10-31,1144.8037475651895,1167.5299999710428,1121.827756121909,1137.0118408203125,103967,57.14646707068955
2023-11-01,1136.8121729021093,1155.2928628833827,1099.8507929395628,1107.6427001953125,312286,45.73811348466096
2023-11-02,1120.8288120393013,1141.8068914090209,1113.1368983808936,1132.1170654296875,247600,45.56961434225833
2023-11-03,1134.114903495782,1167.3301936564394,1115.9338294000083,1126.672607421875,151094,42.41615429177935
2023-11-06,1120.329392614517,1138.8600791384429,1120.329392614517,1129.3699951171875,40636,47.886971177960234
2023-11-07,1129.3699968125977,1138.7600876723554,1123.8757376341491,1128.670654296875,40255,47.89961761921796
2023-11-08,1128.8204523215186,1143.8047946089725,1110.0400278774207,1114.5853271484375,83436,47.66034925952125
2023-11-09,1124.8245546212333,1130.4686809046677,1082.3689208988512,1115.68408203125,157331,50.88737465062122
2023-11-10,1127.621731379767,1155.6923743203295,1104.4458759351714,1137.81103515625,117977,53.8921961375182
2023-11-13,1133.8151813051531,1148.7995229083049,1116.3834460173068,1135.5633544921875,55769,55.54064102883568
2023-11-15,1148.7995371899308,1148.7995371899308,1108.2918177753404,1115.484375,68121,55.72004294522116
2023-11-16,1118.8308121896173,1131.8172412596755,1098.8516905433742,1103.646728515625,88278,55.2441673134747
2023-11-17,1098.8517689702999,1098.8517689702999,1047.1557880210153,1057.69482421875,151770,43.432803960157806
2023-11-20,1068.8830705557432,1100.4001855721824,1047.904991600911,1077.4241943359375,72770,35.091258933479935
2023-11-21,1090.0110489380747,1099.3512647360317,1065.6864905948746,1085.8653564453125,567635,37.72184615384615
2023-11-22,1088.8622928447562,1096.8539427004976,1062.9893020482139,1066.18603515625,129527,39.56238693787031
2023-11-23,1075.875764189322,1077.9236730561597,1044.3586491538815,1048.8040771484375,45499,28.247289277586887
2023-11-24,1058.8935586456319,1058.8935586456319,1019.6845282901215,1036.467041015625,130187,27.26591986138611
2023-11-28,1035.9675483741432,1035.9675483741432,995.1102164945887,1003.8010864257812,283758,22.506536863957052
2023-11-29,1011.7427665405489,1024.9289997846993,998.9062045283143,1006.7479858398438,274194,23.565061190266405
2023-11-30,1017.9363186696032,1017.9363186696032,974.0321836043339,980.8250732421875,260609,22.41448410520603
2023-12-01,983.9218977573239,1045.257770381594,960.0967563765696,1027.2266845703125,966055,34.629437864488295
2023-12-04,1038.6146644131506,1074.3773434992545,1019.6844940742575,1064.5875244140625,982361,37.91624547398328
2023-12-05,1075.1765541949078,1090.8101204051486,1042.5106148885436,1058.74365234375,296663,37.471486152293906
2023-12-06,1055.8966413631506,1069.8820273414706,1035.318169240772,1048.8040771484375,114234,38.75315686591828
2023-12-07,1044.908136731367,1062.639608458883,1030.5231437300436,1043.5595703125,62016,39.63467381169175
2023-12-08,1040.9123025658546,1048.204731197838,1015.9383989534301,1033.270263671875,56200,45.19550223361146
2023-12-11,1043.90918409241,1046.0569642185944,1005.9488501254133,1010.4441528320312,187216,36.983099395463135
2023-12-12,1022.8811244330997,1028.9247967244255,991.0144000294652,1010.69384765625,224043,34.91074920290785
2023-12-13,1013.6907870413725,1038.6646916248012,1010.5440506752818,1013.74072265625,130165,38.71935929892994
2023-12-14,1025.8779916836188,1055.3471987468574,1017.0872505389643,1050.0028076171875,204925,50.23847048624181
2023-12-15,1068.883124632785,1080.870598927732,1049.9029569991187,1062.6396484375,250063,55.20046705872822
2023-12-18,1062.6396460684905,1075.076601844614,1031.821872025847,1035.7677001953125,286760,56.50142642815983
2023-12-19,1043.809235141477,1048.9038867743764,1030.9226772868155,1038.1151123046875,284938,56.39509605479844
2023-12-20,1038.1152132723366,1044.0090791217428,999.9551359810848,1011.69287109375,124448,56.28050603886692
2023-12-21,999.9550465058118,1029.9237292182736,998.0070699352135,1023.9299926757812,247119,49.220929115554846
2023-12-22,1028.924835354297,1038.864400277894,1012.9415369410264,1023.5804443359375,71918,38.25463933529783
2023-12-26,1033.9196278754216,1037.9154525242154,1003.7511395827386,1008.3463745117188,80404,36.3019114074952
2023-12-27,1017.936319227309,1017.936319227309,994.9603277236504,1005.2994995117188,171381,37.71505746068547
2023-12-28,1013.9404541459584,1023.8800186877721,995.2599626486851,1011.04345703125,157730,40.843837330409286
2023-12-29,1011.0434589079609,1042.9101833431337,1000.2547450676652,1038.96435546875,328235,51.458559901140866
2024-01-01,1028.9248037794448,1036.9164527408384,997.2079469639133,1018.5856323242188,448796,52.111945960529305
2024-01-02,1017.9363461318106,1017.9363461318106,1001.4535691826694,1005.1497192382812,137045,48.65390981884873
2024-01-03,1013.2411975861871,1014.989370825974,1001.003984907679,1011.5929565429688,100086,49.48699250687456
2024-01-04,1017.9363083685804,1055.3471670972183,1008.3463537970615,1041.5616455078125,533581,47.92127978221385
2024-01-05,1048.9039200290138,1053.499093766278,1028.9247977427467,1038.96435546875,103112,43.86643846230232
2024-01-08,1051.2514428952002,1057.8945254464008,1003.9508952536665,1024.4794921875,329029,46.87499155156519
2024-01-09,1024.479529870397,1033.9696133089283,1011.9925170061479,1019.7843627929688,323858,44.99046401562854
2024-01-10,1026.077800852778,1037.615670848378,1004.8999189597686,1012.39208984375,134484,50.21326931282453
2024-01-11,1021.0330610728784,1029.8737986511665,1004.5003489110504,1011.4930419921875,92224,45.92473009464238
2024-01-12,1015.8884559401283,1019.5346092581149,1004.949874043281,1015.039306640625,95198,47.25871702832372
2024-01-15,1012.0924604132177,1027.9258912000732,1011.9425926002664,1015.2391357421875,63132,52.448531002815585
2024-01-16,1023.8800489089772,1023.8800489089772,1011.9425717898945,1020.1839599609375,101838,55.21709161374349
2024-01-17,1020.2338919003904,1035.9175154667407,1010.9436120080439,1018.1361083984375,77987,52.55214272285951
2024-01-18,1017.1371830848691,1029.624074221194,1004.1507528927874,1016.2380981445312,54316,39.9380741370076
2024-01-19,1027.9259360274975,1042.8602825308162,1017.9363739669777,1028.7750244140625,98919,54.84792922742925
2024-01-23,1032.8707319524365,1048.904028014967,1014.9395166316252,1038.015380859375,171536,66.28712742512812
2024-01-24,1029.4242202640546,1096.6540119075532,1018.9351816296319,1084.4666748046875,374942,75.85959838842494
2024-01-25,1090.8601361247447,1109.790306742793,1078.9226586869831,1100.3502197265625,519335,73.17841463332464
2024-01-29,1113.8360409500187,1148.5997616778989,1103.8464800446375,1136.0128173828125,535052,80.34987325922306
2024-01-30,1139.7589126387531,1174.5226336690932,1139.7589126387531,1160.7869873046875,566389,90.04989060650622
2024-01-31,1163.78383047173,1189.456952890392,1163.78383047173,1178.5184326171875,846954,93.32062270316659
2024-02-01,1174.7724989691956,1185.1616679064819,1150.8475465981294,1173.5238037109375,199522,94.55810213596796
2024-02-02,1173.5237244741318,1183.463289281584,1100.8496653504942,1141.90673828125,577962,80.8264621627798
2024-02-05,1145.8027582897496,1176.8203969927113,1129.8194591331358,1150.148193359375,286502,81.24280545382591
2024-02-06,1167.7798305130125,1173.7735678809152,1140.0587951864632,1156.84130859375,306405,81.789668402302
2024-02-07,1170.3770286759218,1182.7141130320913,1134.3647317810776,1154.0941162109375,121612,80.36240857305603
2024-02-08,1152.495673266991,1170.07739924115,1118.9807672573927,1146.252197265625,150212,78.30497604589522
2024-02-09,1128.9203942693234,1164.7829467791476,1094.2066657954165,1121.42822265625,71365,71.10220218080231
2024-02-12,1135.0639000497881,1140.208548495797,1083.8673985073885,1133.0159912109375,111681,70.99173253044745
2024-02-13,1133.0160777673539,1134.0150339713255,1088.9621335607885,1112.5374755859375,70404,64.35719798933144
2024-02-14,1108.8412444682294,1112.537333172638,1093.856903326767,1099.2012939453125,95947,53.253916906587314
2024-02-15,1099.3512075285105,1112.0878980291816,1072.8788704094686,1087.5634765625,49522,47.12227863861463
2024-02-16,1088.962019456842,1099.2013194746528,1061.8903335544262,1074.2274169921875,73423,34.54138415490807
2024-02-19,1068.883067045705,1083.8674091070934,1063.938282942602,1078.8226318359375,176549,27.189334920511982
2024-02-20,1084.866373492815,1084.866373492815,1048.9039522720589,1054.29833984375,243984,16.689024322379723
2024-02-21,1058.793656049934,1058.9435238621834,1030.9727514435422,1041.8114013671875,345890,16.044317221985153
2024-02-22,1053.7988681934362,1062.6396057421728,1035.1183150019647,1044.6083984375,159221,20.53840990475514
2024-02-23,1053.8987054613272,1055.5470074461232,1028.9248024883098,1044.10888671875,64740,16.312237163984847
2024-02-26,1056.795652207795,1094.855854135423,1032.4710962604242,1086.814208984375,374874,31.895571206212907
2024-02-27,1090.860084292426,1101.4489947880063,1058.8934884157252,1078.922607421875,85714,31.06912755762987
2024-02-28,1085.1660536791535,1094.8058824318568,1049.2535089344615,1054.9476318359375,289093,28.734251136829528
2024-02-29,1055.896671744612,1068.8831019552836,1029.973807908928,1050.7021484375,113256,31.780709919247315
2024-03-01,1062.9392479314834,1085.6654983715578,1046.9059543383673,1075.82568359375,33866,36.227993591722154
2024-03-04,1068.8831273739145,1083.018381904868,1061.8904340172626,1068.4835205078125,54929,38.6748483661706
2024-03-05,1070.831032585274,1074.6271148613607,1032.5210873201847,1037.865478515625,131633,35.51883842444889
2024-03-06,1044.9082146543458,1047.9050833388228,1006.9478779843025,1040.3629150390625,53718,38.353452726404164
2024-03-07,1039.9133221139339,1100.8496455038953,1030.0236321260022,1078.922607421875,52311,51.03027419870688
2024-03-11,1092.058831883838,1100.8496949217124,1079.0225270833946,1094.50634765625,163326,53.2831763564079
2024-03-12,1101.848606483855,1101.848606483855,1065.986057187961,1084.067138671875,124931,56.622215511885265
2024-03-13,1083.8674507272044,1083.8674507272044,1011.0435211238673,1048.254638671875,302011,51.29856742547439
2024-03-14,1029.0747742489177,1046.4566368625808,1001.5035459986743,1030.07373046875,246119,47.24172759199029
2024-03-15,1028.0758082922819,1066.9352292643077,1013.1414007529401,1033.919677734375,239672,48.090625191577985
2024-03-18,1045.8571152643356,1045.8571152643356,1004.9998444215411,1028.974853515625,213659,37.37463095403046
2024-03-19,1028.9247958328444,1028.9247958328444,998.3067665973969,1011.04345703125,178369,35.80527143940948
2024-03-20,1009.0455910275314,1032.9206675975222,988.0175760913293,999.4057006835938,63140,37.75328851480602
2024-03-21,1008.9457844271838,1051.9009019820046,1002.4525689828504,1049.7032470703125,69977,49.81692676802252
2024-03-22,1043.559569171642,1096.9537267493943,1041.9612637161067,1086.3148193359375,186103,51.84471242692168
2024-03-26,1082.2190782989396,1092.8579852680512,1057.594785777952,1083.4677734375,66136,52.677599180519536
2024-03-27,1083.4678840566298,1106.8434838256426,1070.7811889307332,1094.906005859375,72256,60.942908944607254
2024-03-28,1106.8433752776373,1121.82771700071,1081.6697299600291,1110.3397216796875,85097,62.78983791878492
2024-04-01,1126.7725135172864,1146.0524155257744,1114.0858194945479,1140.957763671875,81187,61.677318577063474
2024-04-02,1153.7943585509295,1196.1501238941044,1129.8194108407804,1155.942138671875,189681,61.590649583223744
2024-04-03,1148.8995409650502,1169.7777506556827,1144.004631027185,1167.4801025390625,35954,65.67195090065916
2024-04-04,1177.7692895033338,1183.7630263455899,1143.8047807305488,1148.449951171875,87689,70.09214775953458
2024-04-05,1136.8119898676873,1163.7838033355497,1132.8661622300956,1138.6600341796875,44427,72.53309522000151
2024-04-08,1138.6602119515817,1159.8381567762324,1111.1889161676152,1123.5260009765625,43368,67.76235746413192
2024-04-09,1123.5259109530152,1135.7631235489914,1062.9393192056134,1103.3470458984375,130843,63.902867026908616
2024-04-10,1109.9901075130438,1113.2367148749252,1082.4189432284124,1097.60302734375,87444,66.95362794382964
2024-04-12,1096.853850373856,1123.8256663666557,1068.982949459385,1074.2774658203125,425125,64.02244599119123
2024-04-15,1074.2774217890021,1105.7944137971451,1064.337735359245,1085.2159423828125,120003,57.8011453407115
2024-04-16,1086.3648059740715,1111.4885773697736,1059.342993517285,1069.1328125,85692,45.85143262700649
2024-04-18,1059.8924703431092,1100.8496723073574,1056.99547313267,1061.191162109375,80311,44.75049535026614
2024-04-19,1070.830982877088,1070.8809794611211,1032.571035974387,1043.309814453125,123471,38.19964421037821
2024-04-22,1049.8529383136217,1078.4730569789506,1040.4628478678844,1057.5948486328125,67328,37.87321726869398
2024-04-23,1069.932036813434,1117.8319355889969,1050.951869899948,1100.1004638671875,89633,41.09320305984451
2024-04-24,1113.3866303849115,1127.5217624118204,1090.6603778780016,1099.7508544921875,39464,36.91555180096315
2024-04-25,1100.8496466673414,1111.388682533734,1080.870524223288,1092.7081298828125,30974,32.21664539549856
2024-04-26,1103.846643969326,1110.739466406221,1079.6219551763338,1083.7176513671875,34060,33.832328939529646
2024-04-29,1083.8674216813852,1109.840281555778,1077.4740779391107,1094.955810546875,181053,39.16274423743435
2024-04-30,1100.2003255772884,1130.868352385326,1069.981902200099,1075.676025390625,256277,38.373768453547214
2024-05-02,1082.5686698162142,1149.4987280848823,1081.9194459097048,1141.8568115234375,547087,57.64730921724358
2024-05-03,1144.8037488995278,1163.7339191813999,1138.9598798055033,1143.5550537109375,228419,59.27422196008753
2024-05-06,1147.800689388066,1150.7475614409288,1110.9391807188779,1122.1275634765625,75855,59.731859209450924
2024-05-07,1138.8099285406079,1138.8099285406079,1083.867344268912,1098.5020751953125,95514,52.5695579623717
2024-05-08,1093.507367365536,1110.6893642643536,1081.9195004842718,1090.160888671875,128624,54.19240751304971
2024-05-09,1094.8559815242493,1122.6768869581617,1071.0807754840653,1085.066162109375,78403,54.81465981990321
2024-05-10,1092.7082551805656,1097.7030363643164,1060.3920453102785,1070.98095703125,62987,55.666959328650734
2024-05-13,1073.8778731080915,1086.8643032014916,1038.914407472014,1075.5760498046875,78499,53.834687387408025
2024-05-14,1078.8226426658812,1087.863244577496,1063.8882970385982,1067.3846435546875,28892,41.82678173889177
2024-05-15,1076.8746725541057,1088.912142299976,1066.885111584216,1075.2763671875,96017,44.1077154117208
2024-05-16,1075.8758069624507,1118.830922746467,1075.8758069624507,1115.7840576171875,92112,54.78460931014235
2024-05-17,1109.8902098945484,1133.8151594151875,1103.8964733690057,1122.926513671875,45745,58.19242672575843
2024-05-21,1121.2284081445669,1133.81523125717,1099.2513728250447,1129.4197998046875,202194,57.34668907311117
2024-05-22,1129.4197959203595,1147.8006134220493,1117.7320577723299,1123.925537109375,96583,60.927599057803526
2024-05-23,1122.4270694857732,1128.820413027782,1099.5509500013234,1116.18359375,173088,42.09228543347202
2024-05-24,1114.0357759029857,1128.3708932601603,1092.8079591217331,1117.4322509765625,117541,41.931460509785644
2024-05-27,1100.6997489981122,1144.603942543517,1100.6997489981122,1119.43017578125,96822,49.05322294956378
2024-05-28,1122.4270795783045,1169.9274921803303,1104.7456049127627,1119.23046875,187435,58.70756008635411
2024-05-29,1106.5436202189371,1137.8109948420572,1100.5498836350457,1132.8662109375,206881,67.17558825955297
2024-05-30,1137.8110336247003,1137.8110336247003,1082.4688395585035,1095.7550048828125,99849,53.4185414774808
2024-05-31,1090.5106034948699,1096.8539512286047,1076.8748264339124,1083.3680419921875,116471,54.00518631664951
2024-06-03,1108.841316310286,1115.2346600001122,1083.0681990999726,1105.694580078125,293178,58.736617870034436
2024-06-04,1121.2782471157104,1140.1086675152064,1056.895574016349,1094.106689453125,334059,57.601597360882025
2024-06-05,1094.1067568363856,1148.7996077259468,1092.4085801064696,1129.9193115234375,97592,63.41346623492826
2024-06-06,1131.9172246624712,1198.747417581202,1131.8673500191414,1157.490478515625,169494,60.93219943083026
2024-06-07,1171.026356120845,1228.9158166951097,1163.6340561636646,1196.599609375,292747,66.539618020957
2024-06-10,1217.1281009444392,1265.4276025748027,1193.7525045011955,1240.3038330078125,485922,71.32976100463526
2024-06-11,1244.7494144812654,1258.6848046123152,1225.169775521869,1248.7452392578125,368227,73.7412542437263
2024-06-12,1248.7451671276524,1268.6742932723744,1194.8514104012547,1242.6015625,184204,74.1923396780011
2024-06-13,1236.6577798232886,1284.6576740419036,1236.6577798232886,1273.169677734375,417646,76.79618073860617
2024-06-14,1273.1695754159666,1298.6429564854898,1263.030146405599,1286.505615234375,436171,77.66751325882998
2024-06-18,1298.5431352927687,1307.3838729101158,1276.066621718383,1287.6044921875,153405,77.79976878538156
2024-06-19,1288.65337081457,1313.627273349736,1278.4640673573756,1289.402587890625,271569,76.89666831387032
2024-06-20,1296.4453044560137,1308.6325203724036,1278.7637079234182,1285.456787109375,52206,86.78808813969862
2024-06-21,1285.7065940449318,1296.5951188000997,1268.6743424809247,1279.21337890625,83619,88.90654320287086
2024-06-24,1288.403673986999,1305.6356673006455,1271.7710299652495,1286.40576171875,439631,88.19680675391157
2024-06-25,1293.148759588049,1328.6117035551217,1289.0530636874723,1296.8448486328125,101198,93.06176167232499
2024-06-26,1297.194536744449,1311.8791431389232,1282.4099371822522,1286.40576171875,37855,87.25328655810955
2024-06-27,1289.252783499086,1312.3786427726784,1274.6680480897717,1284.9073486328125,52989,84.63212210372924
2024-06-28,1287.7543699159157,1528.4029348273027,1287.7543699159157,1451.9827880859375,3078861,90.9367697720916
2024-07-01,1453.481250947215,1648.0779647996424,1443.1919534520118,1607.6202392578125,3609889,93.330209507528
2024-07-02,1563.4163736539947,1593.2850650289936,1545.8846444183305,1559.6702880859375,1138004,83.55071745982235
2024-07-03,1553.4267996725998,1554.1760167801986,1460.6736241975518,1465.6185302734375,661538,70.22742294955641
2024-07-04,1481.4519544753916,1498.3343376169255,1431.454150929866,1453.9306640625,527517,66.97625607378237
2024-07-05,1465.069096754568,1485.0482201848577,1448.7361877388844,1456.0784912109375,169655,66.26737381769041
2024-07-08,1457.4270615946164,1475.4082727304963,1428.5073291282333,1440.5447998046875,163785,64.27640147539918
2024-07-09,1440.944327115501,1473.4604003200616,1429.7560664122632,1444.440673828125,807971,64.41576336787622
2024-07-10,1461.7725937150185,1608.3194132098397,1449.9848622820386,1464.4697265625,1283552,66.16161593897513
2024-07-11,1479.3041673342034,1493.6391634752013,1455.1793522982914,1478.10546875,422539,67.71982019644753
2024-07-12,1478.105502497857,1490.3925900665831,1458.4759896188607,1464.4697265625,928858,65.68411649620256
2024-07-15,1467.6663540744928,1503.429033686178,1462.2220917329853,1478.854736328125,201583,65.92100792491988
2024-07-16,1479.2544060248197,1517.71422014829,1466.3178499266414,1488.4947509765625,206723,67.70214017247557
2024-07-18,1488.8443664742117,1516.5654014264906,1488.4947561877175,1493.2896728515625,142662,68.14859781885295
2024-07-19,1493.4394821273286,1510.4717336939643,1464.5197496285082,1488.7943115234375,402528,54.472625856749005
2024-07-22,1473.4603661793728,1538.3925179093112,1472.3115421832645,1506.6756591796875,649794,31.563587428589784
2024-07-23,1506.8753623649616,1539.3914339686453,1459.6248094264017,1501.381103515625,236217,37.38923107070777
2024-07-24,1503.3790510484264,1522.4092150132492,1489.443661144852,1494.28857421875,74988,59.94454949854895
2024-07-25,1478.5051260577065,1505.1772069811618,1474.2095657557322,1478.854736328125,59384,58.42624385090297
2024-07-26,1478.8547320701225,1552.4777527040237,1478.8547320701225,1522.658935546875,837230,67.56259140692771
2024-07-29,1523.507963343133,1573.3558984180997,1504.5277969495178,1518.86279296875,466241,72.02240750211959
2024-07-30,1519.3623571787707,1531.2000854971327,1489.4436682864582,1498.38427734375,74683,63.874599686028255
2024-07-31,1508.3238858867737,1529.4018358525325,1494.2885034755707,1516.0657958984375,236512,63.43301749414754
2024-08-01,1516.1656295824187,1562.7169597242591,1516.1656295824187,1545.9345703125,419357,66.2829597069597
2024-08-02,1551.5807120709765,1573.565560638794,1522.950418970638,1537.0906982421875,157567,67.8438147684906
2024-08-05,1536.541092882923,1536.541092882923,1440.0076417798703,1465.09033203125,638430,47.364210979064794
2024-08-06,1468.9876497463792,1488.9238619127245,1428.3157275581036,1436.0103759765625,90021,40.64602703295403
2024-08-07,1452.848737344107,1480.329798628206,1436.560036029279,1468.587890625,296908,45.99424267774476
2024-08-08,1473.8343412976092,1505.9122116956298,1455.8967511022306,1476.832275390625,106335,48.08348317784317
2024-08-09,1473.9341963015415,1623.8809100519104,1459.4441820272323,1541.587646484375,574169,54.86305024500677
2024-08-12,1538.7895356599847,1539.189284591457,1480.9793992952698,1497.318115234375,130239,49.48948007463002
2024-08-13,1534.0427720828995,1562.173409939152,1487.7247171258036,1503.1141357421875,416101,51.11256856702572
2024-08-14,1517.4543097703538,1595.5005030833865,1510.9087715263995,1568.419189453125,869270,60.02958659149452
2024-08-16,1571.7667660116151,1617.1855381410114,1571.7667660116151,1590.603759765625,391401,57.9957364040418
2024-08-19,1613.887745167042,1613.887745167042,1567.9194254904576,1580.66064453125,194862,57.16864921016396
2024-08-20,1595.8501175320453,1612.638596017068,1573.2158143775612,1605.443603515625,200943,62.296256457767385
2024-08-21,1613.8877918602545,1684.13942688867,1581.8099226855445,1650.162841796875,1369262,64.50103108950691
2024-08-22,1650.7623947151103,1668.849905218735,1629.876763719615,1649.263427734375,357050,61.9206889092683
2024-08-23,1648.8637249937012,1707.823094554082,1633.2744923546468,1696.9805908203125,361114,66.92763837747106
2024-08-26,1716.8168166336745,1758.1383145692562,1674.0462441186178,1688.1865234375,301248,77.26881538175064
2024-08-27,1689.985399841043,1693.8327241091743,1633.8740436097344,1659.056640625,345022,77.25938588039912
2024-08-28,1677.8437126287824,1692.7833681248144,1624.5304779023,1638.820556640625,1003604,71.4519400097711
2024-08-29,1646.8650654351209,1658.4570524207888,1619.9336739908592,1648.214111328125,276134,71.53438390581046
2024-08-30,1648.7637649577543,1671.9477386985639,1598.6482780542265,1600.896728515625,206139,57.79381692021516
2024-09-02,1610.8898168203295,1686.8374756778637,1610.8898168203295,1668.699951171875,235498,71.20948254035204
2024-09-03,1669.8492749649965,1708.8224178277344,1664.8527181877225,1681.94091796875,286802,71.73040894641673
2024-09-04,1677.8437191608643,1753.7913800639171,1633.8740207433075,1728.4588623046875,722768,70.37789675615537
2024-09-05,1753.7913833029204,1833.6862753033326,1753.7913833029204,1820.3955078125,857929,74.84602348320064
2024-09-06,1818.5468310032336,1887.6991271525987,1794.5633587683672,1815.6488037109375,409217,75.69663753169992
2024-09-09,1808.7034376759168,1838.7327910193992,1772.1286685126709,1804.9061279296875,216438,72.50279770608759
2024-09-10,1825.691813323404,1852.6732196438743,1798.8104357264524,1828.9395751953125,167950,71.1565514222689
2024-09-11,1816.248354772923,1816.248354772923,1770.429954374388,1783.5709228515625,81482,64.38048279866067
2024-09-12,1788.7172949785017,1865.5643618831643,1782.3716923286504,1856.2208251953125,483961,66.18587421111457
2024-09-13,1863.6655617874742,1910.7332216480634,1843.7293501293532,1895.243896484375,730672,69.82775872661999
2024-09-16,1908.6346692118095,1942.1616138879353,1895.2439946752115,1921.4259033203125,444293,75.26706217849382
2024-09-17,1923.6743317727937,1978.5864411761727,1916.1794967139388,1972.9404296875,371658,80.34856089071498
2024-09-18,1970.64190028587,2015.6109091666326,1913.2315144092604,1950.7056884765625,286233,76.84938687671072
2024-09-19,1959.9991870785318,1965.6953346605756,1924.1739014946922,1937.564697265625,150744,81.81302048272097
2024-09-20,1937.5647656033655,2073.571013462629,1925.6229219967363,2024.1051025390625,360746,82.43501308884484
2024-09-23,2024.1050520629421,2097.5544331178057,2010.6143494202122,2019.9578857421875,137732,81.36879975584984
2024-09-24,2019.9579860551485,2030.5506620367519,1998.622712991217,2022.4063720703125,85147,79.709104637448
2024-09-25,2014.6616093789837,2093.5571882763315,2007.6664302296117,2023.855224609375,182794,75.16684866508989
2024-09-26,2048.588326336753,2121.338243500676,2009.1155268780694,2077.918212890625,566852,78.9137216809142
2024-09-27,2079.417022249873,2084.9630048030363,1978.6363797623758,2001.1708984375,339688,68.88822683150956
2024-09-30,2002.2201212365735,2058.581303656256,1994.275645097058,2042.29248046875,291170,69.87893074714991
2024-10-01,2030.4008295702388,2153.4659235121653,2030.4008295702388,2098.70361328125,613703,78.77013885313379
2024-10-03,2053.584813939641,2120.338860578991,2010.7143328426296,2054.434326171875,217163,69.08495326213051
2024-10-04,2033.8983371202619,2041.542970974147,1944.709803620004,1999.9217529296875,230964,59.786963285234776
2024-10-07,1999.9217916825944,2038.545076576297,1889.0481276381845,1975.8883056640625,249294,55.11255842436081
2024-10-08,1948.6570722514007,1975.6384778671893,1910.2834932005856,1936.5654296875,218749,46.505373569823576
2024-10-09,1936.565399407754,1987.8299960844427,1928.7208300726984,1947.8575439453125,142694,49.72049571878793
2024-10-10,1955.8022529361488,1990.578215077998,1878.7553714649937,1888.4986572265625,162958,45.58534059245217
2024-10-11,1901.1897491313698,1933.1176963866742,1854.721773659828,1887.44921875,116033,35.469133273781296
2024-10-14,1887.4492956001964,1958.4504151835208,1867.013427468144,1918.0281982421875,123291,39.73844215559961
2024-10-15,1938.2143198436456,2001.0709042937779,1893.994793925817,1963.8465576171875,214313,44.578074408418985
2024-10-16,1963.8466058516901,2002.6199348213738,1946.1588438446233,1987.830078125,151339,46.798120521330965
2024-10-17,1988.629591460328,2022.1065217688308,1965.595415990873,1982.18408203125,98643,40.68997692241944
2024-10-18,1983.6329258909605,2012.6129535236244,1958.6501434490087,1990.5281982421875,220769,48.8061824100149
2024-10-21,1983.6329326446712,2021.3569342604578,1981.98404460064,1995.6746826171875,61167,44.311673006509444
2024-10-22,2002.4200773450084,2002.4200773450084,1929.7201786140724,1947.557861328125,155542,31.176095347150053
2024-10-23,1943.6605681200977,1958.450424836539,1905.1870812961265,1918.9276123046875,118217,32.43975877884719
2024-10-24,1916.679158089228,1922.2253848437872,1832.6370984430446,1850.724609375,68666,31.328151185659948
2024-10-25,1865.4644841148986,1883.6519021000374,1763.934474181856,1788.4176025390625,95877,28.58935323050156
2024-10-28,1783.7707308545273,1813.7000565076999,1692.3837581719133,1699.778564453125,288720,25.69492371514106
2024-10-29,1680.8415946223165,1713.8188672873202,1643.067578956997,1691.884033203125,201431,23.54095348892963
2024-10-30,1697.480175839919,1749.244428344891,1669.84919380726,1677.39404296875,110956,25.947840899639758
2024-10-31,1688.9861039265913,1723.8120801042005,1670.6986574127257,1714.168701171875,131748,31.743524448902946
2024-11-01,1714.1686102847368,1754.6407178456545,1714.1686102847368,1744.14794921875,7251,31.657157603546125
2024-11-04,1768.7310430530617,1824.6924776379165,1709.571861000714,1743.3486328125,235031,24.298184030636392
2024-11-05,1738.8017398747863,1785.7193587165636,1719.1153551776,1754.5408935546875,204027,21.971398023879473
2024-11-06,1774.8768490569419,1779.6235779285748,1694.8820493699066,1706.1741943359375,168506,19.925925196845157
2024-11-07,1717.2664616359477,1733.3054568603143,1686.8374812223756,1693.6827392578125,64751,17.945384677845425
2024-11-08,1707.6731246413558,1707.6731246413558,1655.309187080504,1676.8944091796875,68492,16.42103752637894
2024-11-11,1630.4264725792725,1668.7999306112083,1594.101407625145,1623.2813720703125,178374,16.2330753725077
2024-11-12,1610.8898157440688,1659.8060550889463,1600.2471260008683,1625.479736328125,84026,17.663215060049566
2024-11-13,1623.8809567649932,1623.8809567649932,1543.936048124255,1554.22900390625,107338,17.54536368446651
2024-11-14,1562.3233245150686,1591.8030081235345,1545.9345946541303,1572.7161865234375,134863,23.883803999281113
2024-11-18,1572.7162655656787,1575.7640920188342,1486.075897549897,1514.906005859375,152286,25.81063218225576
2024-11-19,1513.6068838336969,1602.9453383855148,1504.2133332233282,1548.7825927734375,244130,32.468131066792324
2024-11-21,1546.4842907228126,1548.18307118183,1494.9697430937663,1506.861572265625,162056,30.42327701261597
2024-11-22,1496.1189912900368,1528.7465308120563,1469.1874775894814,1510.958740234375,138651,24.779809497491755
2024-11-25,1533.3432714067828,1561.5238010570652,1489.2736678106003,1506.6116943359375,204693,18.516508674597816
2024-11-26,1501.964930284795,1547.6834236717073,1497.667842767592,1531.49462890625,107453,23.605549029424765
2024-11-27,1535.8915514737098,1548.9326135630472,1511.308516326669,1535.6417236328125,32735,22.24049234594993
2024-11-28,1548.9325791609706,1598.8981462306792,1536.141345196626,1596.349853515625,143972,36.49543308741303
2024-11-29,1598.898120590025,1648.863686858463,1556.6772170931945,1630.67626953125,146129,42.64723437753302
2024-12-02,1609.690755722871,1630.7261862440862,1554.928445480846,1565.17138671875,146750,38.29318265134436
2024-12-03,1555.0783279697037,1574.5648986214164,1500.0162988844204,1549.8818359375,204185,41.637234887985855
2024-12-04,1540.9380194977039,1642.2181950201002,1524.1495409187962,1570.9173583984375,512573,44.039301735153636
2024-12-05,1570.9174399024632,1576.4136523194247,1499.9663341562323,1510.808837890625,265999,45.138179271387074
2024-12-06,1513.9066198279277,1553.0296819997352,1506.1619571777915,1519.40283203125,118704,43.89517110428794
2024-12-09,1518.953159292101,1571.8167508778704,1517.953848003093,1546.634033203125,192581,53.906718300112495
2024-12-10,1510.9587539215288,1561.9736468877834,1510.9587539215288,1532.943603515625,536370,47.94770022785932
2024-12-11,1538.3898327030993,1557.027014065454,1513.9567186130523,1525.5487060546875,281833,52.65927416763164
2024-12-12,1533.7430859281033,1548.9325694273434,1508.8602092865049,1536.6409912109375,127161,53.583374182074216
2024-12-13,1542.6367934107807,1542.6367934107807,1485.0265949881566,1508.560302734375,307426,50.25499568218174
2024-12-16,1523.9497317792136,1560.974264221199,1509.9593735858307,1552.679931640625,147268,52.63943132459758
2024-12-17,1552.929757876051,1587.6558254990837,1500.465914704563,1505.5623779296875,362011,46.61492548467519
2024-12-18,1505.0128824764606,1513.207186615923,1487.225091947266,1495.71923828125,283822,37.21107376802996
2024-12-19,1454.9973059370811,1494.769945924091,1454.9973059370811,1469.6871337890625,136738,29.099616135677067
2024-12-20,1477.4317784486814,1505.3125887907272,1429.7146627187872,1436.360107421875,568495,31.752529898804056
2024-12-23,1453.0486899175332,1484.9266237936336,1394.1392137518828,1399.88525390625,464208,29.954583568517805
2024-12-24,1399.885194293246,1426.36694344219,1375.3021609899652,1398.7359619140625,146614,25.69814152833399
2024-12-26,1398.7360338897029,1409.3288316833537,1373.5534369146499,1398.4862060546875,79893,30.923261982527677
2024-12-27,1398.9858841652629,1423.4690123894952,1394.23915522383,1409.6785888671875,55929,31.52760908924634
2024-12-30,1420.021400931654,1446.5031511953337,1389.0427496798022,1435.3109130859375,220995,31.15699204136392
2024-12-31,1429.0151682739527,1430.6640563269023,1385.6950475350645,1397.8865966796875,175281,28.839829936331313
2025-01-01,1399.235655157522,1407.9796291680777,1381.348080199209,1398.436279296875,106851,29.648011776851178
2025-01-02,1398.4363514600136,1517.4543108795242,1394.089371410556,1503.7637939453125,396478,45.956265873604515
2025-01-03,1498.9669915271293,1582.9091430526485,1481.4290289317635,1551.6806640625,581811,55.05684407990124
2025-01-06,1548.6827195507888,1563.822310459536,1520.8019093006815,1537.140625,166163,48.041807828953765
2025-01-07,1525.049025718531,1558.376034819323,1517.903925174025,1532.244140625,69956,53.762703041224356
2025-01-08,1546.9339408329022,1548.9325634954769,1509.4597659096244,1541.2379150390625,58878,56.4345279119039
2025-01-09,1553.9291164784293,1596.3998479577433,1536.9908382476485,1578.9619140625,359180,64.95283033050339
2025-01-10,1593.9016267905556,1593.9016267905556,1455.9466440910799,1494.3702392578125,117110,56.96127768322941
2025-01-13,1471.935543252153,1492.321518345455,1457.6454647304893,1466.4393310546875,158184,58.153758355115635
2025-01-14,1483.5276903194645,1522.5507247371265,1452.1492900211783,1470.0369873046875,167683,58.68323061883208
2025-01-15,1483.6275271110774,1495.4193271096626,1434.7611807640726,1466.0396728515625,90517,58.15242947401172
2025-01-16,1473.9841974306344,1483.2778415038476,1427.0665797374252,1444.854248046875,342433,54.14506214306326
2025-01-17,1449.0013724827252,1462.2422470933432,1395.8879529492997,1433.8118896484375,173408,49.81706644897376
2025-01-20,1437.7091407854148,1460.743315401708,1415.6243851105737,1435.810546875,124509,55.066086622444764
2025-01-21,1439.0082723802784,1486.5255735023327,1428.3156902619498,1436.3101806640625,225320,55.06007744162767
2025-01-22,1431.313666818122,1482.4783581219338,1417.9228705982682,1421.6702880859375,250343,35.52421993387519
2025-01-23,1421.6703109858067,1458.9945653669515,1417.722957976798,1440.6572265625,256085,28.198616798808743
2025-01-24,1448.9015221170575,1463.9910988064826,1404.831916850576,1425.567626953125,541455,28.137886363679854
2025-01-27,1422.0700429993765,1452.9986799999242,1371.2549640637515,1417.073486328125,582882,27.746690819205043
2025-01-28,1378.4999841382771,1451.8494611559665,1359.3632694972832,1431.263671875,189765,29.169050174595327
2025-01-29,1444.0048170589153,1527.7471521299083,1422.8693588341264,1502.71435546875,128424,37.193681270241164
2025-01-30,1488.9739255493462,1562.5732315685489,1478.4811562753407,1530.495361328125,124114,57.49843538190618
2025-01-31,1522.4508650129683,1543.5363104232492,1501.0156850220874,1517.754150390625,90203,61.36819314929869
2025-02-01,1535.192084951305,1538.9395025712024,1466.1895863824273,1519.7027587890625,133819,61.08385066433036
2025-02-03,1498.9669829284865,1538.0400312195732,1498.5672340024564,1517.3043212890625,515939,61.52290202844342
2025-02-04,1520.5021464755596,1535.441801509614,1501.0155762644058,1514.40625,254944,67.03374760982831
2025-02-05,1531.9442394074526,1531.9442394074526,1490.4728200105778,1501.5152587890625,500381,66.43221392518923
2025-02-06,1488.9739022653637,1512.9573745166178,1458.994561951296,1493.970458984375,387977,63.74586567512111
2025-02-07,1506.4118544987716,1526.3481892386328,1464.4907919176685,1474.333984375,336002,58.241283169146705
2025-02-10,1486.7254494954404,1486.7254494954404,1406.0310586053333,1453.0487060546875,118139,56.61053562795099
2025-02-11,1437.0096805591425,1523.8498588093746,1429.0151899857954,1511.4583740234375,442921,62.79111207558538
2025-02-12,1504.962850569417,1513.9566524652503,1453.9979731596957,1472.135498046875,234657,57.73572126712982
2025-02-13,1469.9869572093166,1547.9332404603886,1469.9869572093166,1511.108642578125,290410,64.18450372576704
2025-02-14,1511.1086483414679,1524.8491790951848,1454.9972929026765,1504.5631103515625,146121,61.31769243614928
2025-02-17,1480.9793965401122,1498.9169861854887,1431.5134855220722,1454.4476318359375,114521,42.02180700569933
2025-02-18,1432.6126911165811,1523.8498638831863,1432.6126911165811,1495.1695556640625,330308,44.40041748854403
2025-02-19,1494.9697100469677,1524.3993791407613,1452.9486209399872,1518.5035400390625,122138,50.11492815445865
2025-02-20,1518.5035811522264,1518.5035811522264,1464.0411136365171,1478.5311279296875,71305,44.345318530391076
2025-02-21,1486.325728106231,1518.3537060147505,1459.794084668427,1504.81298828125,100762,48.390012029794114
2025-02-24,1480.4297481656613,1514.4563483702614,1478.980795505105,1503.0142822265625,72807,48.527534627542295
2025-02-25,1500.415978191258,1601.896094613986,1490.5727857875422,1567.3199462890625,701918,57.50770307225986
2025-02-27,1586.5066147447824,1663.703413607041,1576.1637670614566,1635.0731201171875,861726,64.15396856455956
2025-02-28,1632.9247176140057,1668.849910913728,1542.786763006439,1640.769287109375,403663,67.17542327659748
2025-03-03,1665.5521034812198,1682.8402378546273,1556.927013407072,1579.2615966796875,407650,62.02627053665146
2025-03-04,1561.923546715728,1625.8294549349682,1551.3807638087228,1593.7515869140625,134676,58.55761531364611
2025-03-05,1596.9994092705258,1624.8802197258008,1546.9339361227183,1608.54150390625,208934,64.94743561344201
2025-03-06,1627.6283233185077,1661.5548940645547,1595.0007841053878,1616.6859130859375,148477,62.40751627601645
2025-03-07,1618.8342986510963,1631.5256254078035,1588.9049738809802,1599.097900390625,129307,60.82874252300812
2025-03-10,1599.0978934531308,1653.3105314777115,1576.613389203305,1623.5311279296875,261606,70.57892431659225
2025-03-11,1599.8474436862282,1642.9178601021224,1584.657960087019,1604.14453125,65045,63.989738719721935
2025-03-12,1608.8912911832406,1618.2848423737344,1586.9564556041555,1594.801025390625,94069,60.15968660852886
2025-03-13,1599.8974008213172,1616.2861306360985,1582.9591229800112,1592.9022216796875,201615,66.9479973054774
2025-03-17,1594.4012048765005,1608.791312225941,1539.0893479262631,1561.5738525390625,112281,58.28712296384167
2025-03-18,1561.5738525390625,1561.5738525390625,1561.5738525390625,1561.5738525390625,0,58.59487761633866
2025-03-19,1678.8430174393616,1688.536288447936,1631.0259951791859,1637.5714111328125,116674,59.96877892764693
2025-03-20,1644.9663066798678,1657.5576046637452,1603.8946366434432,1625.479736328125,92174,48.38329699699614
2025-03-21,1618.884384276727,1716.2672263759107,1610.6900800150106,1691.1346435546875,128210,57.06080161822766
2025-03-24,1717.816138990679,1790.815878857468,1673.896455784804,1773.5777587890625,380586,75.73109945694095
2025-03-25,1800.2093738830533,1855.5213544247858,1755.2403633523754,1825.0423583984375,413598,77.89561834496722
2025-03-26,1827.7404838927266,1837.68358316533,1691.38449713383,1711.720458984375,474338,60.05453349853734
2025-03-27,1710.8709569342457,1738.2020965436689,1700.7279228599327,1720.414306640625,88152,60.09726248155504
2025-03-28,1723.8120386164421,1803.7569447551757,1711.0708192005814,1750.2437744140625,219084,64.37055006753603
2025-04-01,1749.7941398404782,1749.7941398404782,1675.1456322408685,1710.221435546875,108024,58.004989881141455
2025-04-02,1728.7585246846943,1785.719268456661,1698.8292002165524,1774.4271240234375,139171,64.52190171218224
2025-04-03,1729.8579082499932,1755.4901460037274,1716.7169400025723,1745.796875,127215,62.466992089389656
2025-04-04,1738.8017461404384,1738.8017461404384,1674.9457265832036,1693.083251953125,95949,57.63112708883999
2025-04-07,1414.0255745080756,1620.833011681382,1356.4152502024224,1557.7764892578125,411665,49.75029691773861
2025-04-08,1587.9056786333865,1745.4471317509333,1573.3656502138945,1717.2664794921875,1642384,58.46279098777261
2025-04-09,1682.940157446698,1727.2096973971168,1631.8753737611573,1646.76513671875,205350,50.50273579319979
2025-04-11,1666.5015955931267,1797.661210152212,1622.132147299318,1779.1739501953125,574673,57.427089860223155
2025-04-15,1812.750701066318,1866.1139489679445,1789.7665411299756,1812.3509521484375,454873,56.04745816552161
2025-04-16,1811.7514549592831,1814.2497333031322,1771.6790947211948,1803.0574951171875,239176,51.58653722342781
2025-04-17,1798.760408548715,1887.5992109015094,1791.7652291821369,1871.6102294921875,447893,52.460920999768035
2025-04-21,1887.1994518273211,1964.6460801125302,1874.7080601684165,1957.1512451171875,744238,63.36235755338413
2025-04-22,1968.6433134785802,1987.1305730213994,1915.4799996958907,1966.3448486328125,1018377,63.382284152818166
2025-04-23,1959.7493835013934,1987.4303799498794,1919.6770244114484,1960.448974609375,446906,61.74419307278517
2025-04-24,1968.643287021279,1975.238717291208,1929.5702390720649,1949.6563720703125,536181,63.82893459057223
2025-04-25,1945.4593496792263,1991.8272978890022,1908.7845506078454,1978.936279296875,402904,62.308306609508904
2025-04-28,1993.5262073866534,1998.622670799944,1873.808660611238,1891.7962646484375,613894,58.20879152707117
2025-04-29,1905.2870078230062,1963.546908698929,1900.1905443023272,1946.0589599609375,612945,64.1987840871548
2025-04-30,1929.670112195853,1936.865104731139,1839.5322821089073,1862.816162109375,675915,68.18370946989174
2025-05-02,1850.8245420125493,1873.5089830340614,1786.2690526740005,1794.9630126953125,378208,55.199631404469876
2025-05-05,1811.4515395748747,1867.6129076672428,1776.7754863577773,1856.6204833984375,113791,64.21223525280168
2025-05-06,1853.9223340594249,1899.0912794509343,1843.7294072690217,1884.701171875,126268,58.32282164467572
2025-05-07,1852.2235678236066,1901.5895723937647,1831.5378718897814,1865.4144287109375,111959,54.27881052894342
2025-05-08,1887.6991601509105,1887.6991601509105,1799.1601980000555,1827.740478515625,379827,51.903219970749966
2025-05-09,1798.760425003638,1798.8603317411107,1703.8258470173348,1716.81689453125,332636,38.79647252427053
2025-05-12,1775.7762403902075,1825.2421514196476,1751.2931127089694,1799.859619140625,317656,38.574333209488245
2025-05-13,1793.763780361802,1793.763780361802,1759.8871029538209,1783.4708251953125,187764,36.85345054537719
2025-05-14,1769.7804172624828,1865.614401013472,1759.7873036698093,1845.628173828125,259262,42.36342923280316
2025-05-15,1845.6281657017687,1885.7005266346998,1840.7315156656687,1875.9072265625,240446,45.21897333669925
2025-05-16,1895.2938336800523,1920.9762079118643,1858.8189703352134,1866.6136474609375,100631,42.52460838861667
2025-05-19,1866.613704705646,1912.182278103815,1849.7253184061465,1887.5992431640625,112902,49.69370537917567
2025-05-20,1888.698434316394,1888.698434316394,1841.7308012937112,1855.3214111328125,121362,43.1585264161606
2025-05-21,1850.924361211559,1888.3985353694402,1839.132560934959,1861.6170654296875,146400,49.89772223470514
2025-05-22,1870.6108780782852,1881.603302561693,1810.2524501539597,1840.7314453125,111113,54.243879999846065
2025-05-23,1842.8299406038354,1843.0298760552198,1796.5619006891604,1813.050537109375,215172,45.68829615670357
2025-05-26,1813.0505386400603,1847.0271228073696,1806.155266279446,1828.6397705078125,128917,44.31149740072014
2025-05-27,1813.7501097974966,1897.1926079617342,1809.6529576381793,1891.49658203125,94266,52.43153653899597
2025-05-28,1907.5854392757035,1973.5399876449098,1893.6949872673636,1951.8548583984375,210992,61.10116693027178
2025-05-29,1972.6405816917813,1978.6364497212396,1905.2869730969503,1928.4710693359375,80039,72.4459490073984
2025-05-30,1910.683303603959,1923.1746954946752,1828.7397728008605,1864.914794921875,255213,57.19654780899951
2025-06-02,1879.7045742097005,1888.6983760001776,1848.1263612092744,1879.5047607421875,70122,60.66593527688509
2025-06-03,1894.6942422440313,1917.6784023556413,1870.011301701278,1897.392333984375,118163,56.37615034802896
2025-06-04,1913.6811440868837,1913.6811440868837,1819.2462260105337,1827.940185546875,189402,44.61157411927583
2025-06-05,1818.7465762074592,1827.4405357717558,1780.7727465943362,1789.866455078125,315668,41.90214197890711
2025-06-06,1806.6550196416476,1964.1464644907705,1766.2828165797187,1938.9638671875,1161342,54.26626946202374
2025-06-09,1958.5502981163488,1998.622658012245,1926.7721490594556,1987.430419921875,478168,60.685423475651355
2025-06-10,1996.9239283071713,2020.0079961967365,1958.750161377052,1997.423583984375,258436,60.91917922742572
2025-06-11,1989.7287241548872,2014.6116001612706,1963.7466301051882,1976.0382080078125,238206,60.8702619317775
2025-06-12,1967.6439953714641,1999.6219577137124,1945.4593327910277,1959.249755859375,194401,61.95456231431792
2025-06-13,1928.6708837447047,1998.6226774556526,1928.6708837447047,1997.0238037109375,122938,63.28654826109638
2025-06-16,1999.721882829192,2047.2890778532503,1976.8376289204314,1994.5255126953125,156578,58.98552437285945
2025-06-17,1994.5254731796365,2060.4798978238036,1984.8320802558446,2008.8155517578125,311891,55.40181296022064
2025-06-18,2019.6082512979226,2027.5028354107853,1969.9425256790098,2018.509033203125,304917,58.766291107644385
2025-06-19,2008.615795773151,2051.5861834439197,1953.653672008214,1972.9404296875,347965,60.89937526141622
2025-06-20,1982.8334774837017,2043.5916546915223,1953.6536356586437,2026.20361328125,261460,63.72988114282215
2025-06-23,1998.6226333469056,2062.0789019556696,1980.0354672540282,1994.125732421875,194827,58.8192426963351
2025-06-24,1999.7218583439417,2078.567545900593,1999.7218583439417,2042.492431640625,291280,70.34299518697465
2025-06-25,2031.6998883950555,2073.1714315513805,2020.607556768502,2027.003173828125,123667,73.49039839107391
2025-06-26,2033.598524162616,2061.279398768268,2009.6150526245804,2043.8914794921875,145585,64.08260495596969
2025-06-27,2051.486246922546,2133.5298093098327,2034.8978242968958,2060.580078125,498224,60.73314108649316
2025-06-30,2073.5709714317145,2197.185731873893,2070.872879685072,2164.50830078125,493767,69.21837449797336
2025-07-01,2184.1946022369984,2184.1946022369984,2102.251077789644,2110.54541015625,286790,64.39263301080138
2025-07-02,2111.5449167952906,2230.063342416436,2083.5641985414964,2147.3203125,578905,69.2986143644139
2025-07-03,2138.5263214660863,2138.5263214660863,2070.273306430402,2081.06591796875,165358,58.147646107757645
2025-07-04,2093.5573355408956,2115.9418128044554,2038.5952097868387,2097.75439453125,115784,59.739769424635014
2025-07-07,2092.8577202696024,2094.2566585112263,2042.692219437093,2070.97265625,155444,55.72954021764986
2025-07-08,2083.764028492742,2083.764028492742,2032.1995859860879,2071.1728515625,87005,54.94093852429915
2025-07-09,2063.577956566444,2096.0555757375864,2045.2905099001928,2078.567626953125,169805,60.674599747845456
2025-07-10,2059.5806332014195,2126.334678258826,2002.0203254917292,2114.9423828125,127393,59.284801978174684
2025-07-11,2103.55032829829,2136.8274440440155,2059.5806302245965,2075.96923828125,160695,58.44154143602724
2025-07-14,2055.183793621659,2073.5710246366684,2020.4077102934946,2048.388427734375,136324,50.635371151466174
2025-07-15,2048.1886217898423,2089.1603867645863,2038.495228591874,2071.07275390625,102480,54.67655646433689
2025-07-16,2069.5736408375637,2131.5309395975487,2069.5736408375637,2103.4501953125,213772,56.119071215025144
2025-07-17,2108.546815712145,2167.5061816491198,2108.546815712145,2138.92578125,309707,57.75006882960687
2025-07-18,2107.9472411156366,2146.3209429207027,2084.363639896294,2114.642822265625,201378,44.14458320408829
2025-07-21,2114.6428597796744,2138.526303618942,2018.0093783823395,2114.343017578125,340630,50.51023454059867
2025-07-22,2131.031321210834,2133.5295994303074,2058.781066309166,2095.35595703125,185656,42.66776442705176
2025-07-23,2106.548312869067,2106.548312869067,2052.585500300315,2070.373291015625,442895,48.29236948793309
2025-07-24,2081.465425828263,2091.1589406937787,2035.996883300855,2045.2904052734375,131589,41.840193594271454
2025-07-25,2049.0879320197664,2049.0879320197664,1970.3421485053655,1993.5262451171875,129693,38.8231998745686
2025-07-28,1969.642564772055,1969.642564772055,1879.5047346510576,1900.1904296875,275837,30.552331296589003
2025-07-29,1899.6907813776552,1926.7720932115137,1879.8044621095937,1911.182861328125,387829,31.116077478265566
2025-07-30,1911.1829518460047,1921.6757209933946,1875.1078366031809,1906.8858642578125,331743,24.69613520502466
2025-07-31,1898.6914801942416,1920.2765799928854,1852.623253414146,1886.39990234375,357485,25.858968491637896
2025-08-01,1887.699951171875,1904.9000244140625,1820.0,1828.4000244140625,140674,23.999591413803472
2025-08-04,1828.0,1845.0,1791.699951171875,1821.5999755859375,256930,19.36456017640613
2025-08-05,1835.4000244140625,1846.300048828125,1781.5,1802.800048828125,129962,11.806313266494172
2025-08-06,1802.800048828125,1820.0,1760.0999755859375,1794.5999755859375,241235,3.0008494353371162
2025-08-07,1796.5,1854.0,1793.5,1849.0999755859375,79547,16.516482958297345
2025-08-08,1849.0999755859375,1870.0,1829.199951171875,1853.4000244140625,475132,17.425120956988835
2025-08-11,1845.0,1868.0,1825.5,1845.0999755859375,96247,17.902809295031872
2025-08-12,1829.5,1865.300048828125,1815.0,1855.300048828125,101271,21.32802903714851
2025-08-13,1855.0,1888.0,1844.4000244140625,1873.199951171875,135159,26.61022320221261
2025-08-14,1881.0,1897.5999755859375,1855.0,1883.699951171875,75814,33.186998500148945
2025-08-18,1895.0,1964.300048828125,1878.0,1935.5,193699,56.19302216638447
2025-08-19,1940.9000244140625,1968.5999755859375,1843.0,1848.199951171875,203915,41.28585181306896
2025-08-20,1850.0,1866.300048828125,1822.300048828125,1861.5999755859375,81845,43.888314483387596
2025-08-21,1879.9000244140625,1895.800048828125,1865.0999755859375,1885.800048828125,905262,49.91984858330658
2025-08-22,1874.0,1880.199951171875,1855.0,1862.5999755859375,97692,55.038289895438304
2025-08-25,1863.0,1873.699951171875,1825.0,1838.0999755859375,183800,52.31027502199725
2025-08-26,1838.0999755859375,1859.0,1770.0,1784.5,233738,47.665216817092194
2025-08-28,1785.0,1788.800048828125,1748.0999755859375,1759.5,282192,45.705903067227034
2025-08-29,1756.9000244140625,1765.699951171875,1721.0999755859375,1725.699951171875,187640,34.09795000722039
2025-09-01,1738.4000244140625,1816.0,1738.4000244140625,1755.800048828125,321920,38.20687799736449
2025-09-02,1769.800048828125,1786.800048828125,1745.0,1758.800048828125,133825,39.43698293855999
2025-09-03,1760.0,1782.4000244140625,1741.699951171875,1748.199951171875,151476,36.90388905076019
2025-09-04,1769.0,1777.9000244140625,1733.0,1739.800048828125,92680,33.29997848337106
2025-09-05,1744.9000244140625,1789.199951171875,1744.0999755859375,1760.0,119279,34.88146567801036
2025-09-08,1770.0,1778.9000244140625,1723.0,1728.5999755859375,87734,23.385663046642634
2025-09-09,1742.4000244140625,1787.0,1717.300048828125,1766.699951171875,321298,37.997063123430074
2025-09-10,1784.0,1825.4000244140625,1774.0999755859375,1805.0,107997,42.23381807449969
2025-09-11,1809.800048828125,1899.0,1809.800048828125,1881.0999755859375,304389,49.435494677789336
2025-09-12,1881.0999755859375,1899.0,1848.9000244140625,1865.4000244140625,228617,50.34247168464774
2025-09-15,1863.9000244140625,1895.0,1836.300048828125,1891.4000244140625,88103,56.495252557287955
2025-09-16,1890.0,1966.800048828125,1884.5999755859375,1955.800048828125,261841,70.33958787726993
2025-09-17,1962.0,1991.5,1948.199951171875,1971.800048828125,148558,75.75831090984276
2025-09-18,1973.5,1980.9000244140625,1938.0,1951.4000244140625,82675,78.30449357669012
2025-09-19,1960.0,2046.300048828125,1948.0,2019.5,1534034,80.19234951415059
2025-09-22,2000.0,2002.5,1982.0,1988.800048828125,80214,74.76314043556295
2025-09-23,1999.800048828125,1999.800048828125,1909.0,1922.4000244140625,142963,66.74357270964973
2025-09-24,1934.0999755859375,1934.0999755859375,1892.9000244140625,1912.199951171875,99817,66.51340060763889
2025-09-25,1912.199951171875,1920.0,1861.0,1869.0,57846,60.0
2025-09-26,1860.699951171875,1880.800048828125,1802.300048828125,1839.5999755859375,94304,60.22099447513812
2025-09-29,1832.0999755859375,1956.5999755859375,1778.5,1937.300048828125,714211,64.15533272561531
2025-09-30,1939.0999755859375,1948.5999755859375,1870.0,1885.0,160688,56.487186776655314
2025-10-01,1869.9000244140625,1916.5,1825.0,1907.5999755859375,341151,52.35304523212649
2025-10-03,1909.800048828125,1918.9000244140625,1808.800048828125,1841.199951171875,249447,48.02866841770628
2025-10-06,1851.9000244140625,1899.9000244140625,1825.9000244140625,1888.0999755859375,115487,49.74003089549231
2025-10-07,1888.0999755859375,1901.800048828125,1865.5999755859375,1887.5999755859375,59574,44.02592389427277
2025-10-08,1894.9000244140625,1894.9000244140625,1838.199951171875,1851.699951171875,67556,39.83409023652742
2025-10-09,1846.0999755859375,1846.0999755859375,1800.0999755859375,1836.4000244140625,172482,40.18101256640282
2025-10-10,1849.0,1859.300048828125,1825.199951171875,1837.4000244140625,61101,32.43973647886207
2025-10-13,1839.0,1846.5999755859375,1813.0,1837.800048828125,87640,34.535032815447366
2025-10-14,1836.0,1841.5,1813.4000244140625,1832.199951171875,214522,39.44782211447698
2025-10-15,1846.300048828125,1924.0,1830.199951171875,1908.699951171875,146257,49.64553386516441
2025-10-16,1911.9000244140625,1934.199951171875,1875.0,1892.4000244140625,172026,52.506428432644434
2025-10-17,1895.0,1895.0999755859375,1851.199951171875,1866.5,107448,52.903088116921865
2025-10-20,1863.0,1871.300048828125,1840.0,1851.5,189206,38.728320176940976
2025-10-21,1851.5,1867.199951171875,1843.5999755859375,1856.800048828125,10769,45.77338985060296
2025-10-23,1877.0,1908.800048828125,1828.800048828125,1896.0999755859375,326048,48.35855004324557
2025-10-24,1905.5,2040.0,1896.4000244140625,2012.699951171875,782394,71.4107365792759
2025-10-27,2011.9000244140625,2011.9000244140625,1950.0,1957.800048828125,116227,58.531223264427084
2025-10-28,1957.800048828125,1979.5999755859375,1927.199951171875,1941.5999755859375,116562,56.36492293914959
2025-10-29,1941.5999755859375,1941.699951171875,1895.800048828125,1913.5999755859375,85039,57.43454663758248
2025-10-30,1913.5999755859375,1928.0,1906.699951171875,1919.199951171875,104844,60.18198865340465
2025-10-31,1920.0,1930.800048828125,1898.0,1912.5999755859375,124080,59.121780698673454
2025-11-03,1914.5,2015.9000244140625,1914.5,2005.5,679891,66.6138267680122
2025-11-04,2017.0,2039.9000244140625,2005.0,2014.800048828125,152609,67.95831360455165
2025-11-06,2009.9000244140625,2064.0,1951.199951171875,1972.5999755859375,341858,56.73908750312515
2025-11-07,1972.5999755859375,1972.5999755859375,1870.0,1884.0999755859375,421153,49.24033973217378
2025-11-10,1872.0,1920.9000244140625,1852.699951171875,1913.5,133402,54.27428117732787
2025-11-11,1929.9000244140625,1956.5999755859375,1918.9000244140625,1937.5,103017,57.69506017227029
2025-11-12,1927.0,1968.0999755859375,1910.5,1949.9000244140625,111930,58.225832441192594
2025-11-13,1949.0,1980.0,1931.199951171875,1967.0,112816,56.520141149813725
2025-11-14,1960.0,1985.9000244140625,1943.0999755859375,1976.5,44495,45.85433542431587
2025-11-17,1976.5,2008.0,1946.5,1972.9000244140625,154453,51.9595080311965
2025-11-18,1972.0,1979.5999755859375,1913.0,1923.5999755859375,187848,47.84894912785693
2025-11-19,1935.199951171875,1935.199951171875,1871.0,1889.9000244140625,260620,47.20585407751017
2025-11-20,1908.5999755859375,1908.5999755859375,1865.0999755859375,1885.0,97138,45.96127310584939
2025-11-21,1866.199951171875,1880.0,1831.199951171875,1844.300048828125,199251,42.53552912196649
2025-11-24,1830.0999755859375,1855.9000244140625,1819.0,1826.300048828125,89432,26.581298296886672
2025-11-25,1826.300048828125,1867.9000244140625,1811.0999755859375,1845.0,182811,28.341830506616702
2025-11-26,1860.9000244140625,1871.9000244140625,1830.0,1850.800048828125,114692,32.8740248706264
2025-11-27,1869.0,1869.0,1789.0,1800.699951171875,436178,36.853719237576406
2025-11-28,1814.0999755859375,1852.4000244140625,1787.5,1846.199951171875,755837,39.90398455314508
2025-12-01,1844.0,1932.699951171875,1817.4000244140625,1894.9000244140625,500360,44.05028476811935
2025-12-02,1891.0,1891.0,1853.0999755859375,1877.199951171875,196472,39.99448953431525
2025-12-03,1877.199951171875,1902.4000244140625,1824.0999755859375,1881.699951171875,291174,37.838608308712764
2025-12-04,1881.699951171875,1906.0999755859375,1863.300048828125,1882.5999755859375,162422,36.27594795333427
2025-12-05,1887.5,1922.0,1874.5,1917.5999755859375,175663,42.59705318863135
2025-12-08,1918.0,1922.9000244140625,1871.0999755859375,1881.9000244140625,84362,44.20673323153462
2025-12-09,1885.0,1948.699951171875,1839.300048828125,1940.0999755859375,168673,56.529647768216385
2025-12-10,1940.0999755859375,1978.9000244140625,1909.800048828125,1914.4000244140625,82255,53.627840461481135
2025-12-11,1915.800048828125,1934.800048828125,1901.5999755859375,1929.199951171875,37190,61.191654549749515
2025-12-12,1919.800048828125,1951.0999755859375,1917.0,1936.699951171875,117575,64.96744681766577
2025-12-15,1949.5,1949.5,1887.699951171875,1899.0999755859375,114790,56.9770396396266
2025-12-16,1899.0,1910.5999755859375,1851.0,1857.4000244140625,172845,50.779033990359444
2025-12-17,1869.199951171875,1869.199951171875,1805.300048828125,1817.0999755859375,113208,51.98163694017049
2025-12-18,1817.0,1829.199951171875,1785.0,1808.5999755859375,162929,45.010617981077154
2025-12-19,1815.4000244140625,1841.0,1798.9000244140625,1827.5999755859375,177162,40.30537637131335
2025-12-22,1827.5999755859375,1833.9000244140625,1805.5,1812.5999755859375,96562,40.621368060303624
2025-12-23,1824.0,1907.5999755859375,1815.5999755859375,1868.800048828125,204132,48.37163505246776
2025-12-24,1869.0,1909.800048828125,1850.0,1902.800048828125,287360,52.35322475366218
2025-12-26,1902.0,1917.0,1853.0999755859375,1858.4000244140625,46692,43.25125730237322
2025-12-29,1870.0,1870.0,1830.199951171875,1843.4000244140625,61326,45.393633764440175
2025-12-30,1851.0,1856.0999755859375,1800.0,1825.800048828125,90819,34.8529089655534
2025-12-31,1839.5999755859375,1839.5999755859375,1808.9000244140625,1812.9000244140625,82969,36.07681755829904
2026-01-01,1832.5,1886.0,1827.9000244140625,1878.5999755859375,329439,43.90948813047006
2026-01-02,1883.800048828125,1883.800048828125,1844.0,1872.5,200570,42.24638270871075
2026-01-05,1880.0,1921.0999755859375,1873.5,1916.699951171875,159542,52.09224638701167
2026-01-06,1937.699951171875,1965.0,1883.300048828125,1925.800048828125,134893,58.814433362686835
2026-01-07,1925.800048828125,1925.9000244140625,1870.300048828125,1884.5,76967,58.66323949403284
2026-01-08,1890.0,1890.0,1831.0,1856.5999755859375,66425,55.87658946907802
2026-01-09,1831.0,1857.5,1802.0,1821.0,116728,49.223532507027656
2026-01-12,1819.0,1837.800048828125,1792.5,1820.0999755859375,144928,50.91263048506667
2026-01-13,1822.0,1840.199951171875,1805.0,1820.4000244140625,56913,43.18309749700928
2026-01-14,1811.0,1825.0,1788.300048828125,1812.699951171875,104363,36.29448674793294
2026-01-15,1812.699951171875,1812.699951171875,1812.699951171875,1812.699951171875,0,41.962707391668566
2026-01-16,1810.0999755859375,1810.0999755859375,1732.199951171875,1772.300048828125,437475,38.521156155759634
2026-01-19,1772.4000244140625,1789.0,1761.199951171875,1769.5999755859375,59765,40.46810707895602
2026-01-20,1770.0,1770.0,1670.0,1678.0999755859375,357010,31.949652390700706
2026-01-21,1671.0,1678.0999755859375,1625.5,1646.5,341006,15.797250415265509
2026-01-22,1667.0,1689.0,1635.300048828125,1645.5,181302,16.038320266728235
2026-01-23,1657.9000244140625,1657.9000244140625,1614.800048828125,1622.5,656894,3.0032393457660334
2026-01-27,1624.9000244140625,1634.300048828125,1587.0,1611.800048828125,289112,0.09537467736353733
2026-01-28,1619.9000244140625,1646.9000244140625,1610.4000244140625,1636.300048828125,331739,8.327751766903958
2026-01-29,1630.0,1652.0,1591.300048828125,1631.5999755859375,268246,9.031332850860892
2026-01-30,1631.5999755859375,1664.699951171875,1625.5,1654.300048828125,251719,18.15058716849329
2026-02-02,1715.0,1715.0,1607.199951171875,1645.5999755859375,455326,17.625261239291106
2026-02-03,1694.800048828125,1749.5,1676.9000244140625,1721.9000244140625,219460,35.74530674428284
2026-02-04,1702.199951171875,1734.0,1687.300048828125,1716.5999755859375,82248,35.99534916320873
2026-02-05,1729.0,1729.0,1661.0999755859375,1676.4000244140625,93125,32.220210541736535
2026-02-06,1680.0,1680.0,1635.5,1650.199951171875,299676,33.45976908855795
2026-02-09,1671.0,1733.4000244140625,1664.199951171875,1714.699951171875,177974,43.629613576453956
2026-02-10,1727.800048828125,1739.4000244140625,1678.199951171875,1728.300048828125,311500,57.110484584057076
2026-02-11,1729.9000244140625,1781.0,1729.300048828125,1773.9000244140625,110074,67.35693423543316
2026-02-12,1769.9000244140625,1769.9000244140625,1727.0,1758.9000244140625,73291,64.88187866350758
2026-02-13,1754.0,1754.800048828125,1702.199951171875,1710.0999755859375,134512,60.76694766615785
2026-02-16,1718.699951171875,1742.800048828125,1681.5999755859375,1736.5999755859375,43615,64.76571104723561
2026-02-17,1748.5,1773.0,1725.5999755859375,1764.5,169145,65.04692537901929
2026-02-18,1767.9000244140625,1769.9000244140625,1745.0,1757.0,35042,64.62219018638763
2026-02-19,1757.0,1778.5,1702.199951171875,1709.199951171875,69459,56.04757161237021
2026-02-20,1709.9000244140625,1710.0,1675.0,1684.5999755859375,45677,54.150699838175086
2026-02-23,1692.199951171875,1697.9000244140625,1663.5999755859375,1680.800048828125,58578,44.82759150430318
2026-02-24,1680.800048828125,1680.9000244140625,1635.0,1662.300048828125,65560,43.386125382380314
2026-02-25,1683.0,1724.199951171875,1655.0,1677.199951171875,129675,50.103832633140435
2026-02-26,1677.199951171875,1700.4000244140625,1618.5,1685.300048828125,247977,54.78072573125784
2026-02-27,1685.300048828125,1685.300048828125,1624.199951171875,1634.0999755859375,259807,38.60939278502006
2026-03-02,1570.9000244140625,1622.4000244140625,1570.0,1599.9000244140625,181016,32.852561960297805
2026-03-04,1599.5,1636.699951171875,1569.0,1619.199951171875,269250,27.779361664448643
