Date,Open,High,Low,Close,Volume,RSI
2021-03-04,12.740509424586662,13.035656553060035,12.691318080133291,12.888083457946777,35194,
2021-03-05,13.232420992626663,13.379995025986778,12.642127673926776,12.888083457946777,46295,
2021-03-08,12.986465324077775,13.183229765393966,12.691318192980058,12.937273979187012,75646,100.0
2021-03-09,13.035656668968539,13.084848013859304,12.83889222765235,12.937273979187012,58142,100.0
2021-03-10,12.789700882761586,13.035656668968539,12.789700882761586,12.937273979187012,24479,100.0
2021-03-12,12.740509537870823,13.183229765393966,12.740509537870823,12.937273979187012,63920,100.0
2021-03-15,13.084847897513406,13.084847897513406,12.642127673926776,12.888083457946777,14988,50.0
2021-03-16,12.789700331871487,13.084847450256348,12.740508989099538,13.084847450256348,25410,83.33344104018974
2021-03-17,12.838891585580704,13.183229106102036,12.494553126812553,12.691317558288574,15208,35.71416701748166
2021-03-18,12.592935337643404,12.937272845202983,11.904259384277461,12.150215148925781,29578,19.9999224514643
2021-03-19,12.002641127188719,12.789699761712704,11.707494021961377,12.150215148925781,110793,19.9999224514643
2021-03-22,12.396171945122964,12.691318136664147,11.707494996201907,11.805877685546875,75915,15.624941308474192
2021-03-23,12.10102367401123,12.199405415830338,11.805876572060367,12.10102367401123,33382,28.947298605860425
2021-03-24,12.10102367401123,12.494552517781202,11.904259252126247,12.10102367401123,20165,28.947298605860425
2021-03-25,11.75668582890723,12.543744494652433,11.51073005450228,11.609112739562988,63917,22.916609447676535
2021-03-26,12.002641858938986,12.19940629500418,11.4123485507434,11.707494735717773,28807,25.99994028760436
2021-03-30,11.953450396517512,12.15021576887327,11.510730185210722,11.658304214477539,28032,23.999962776688434
2021-03-31,11.559921958331389,11.953450841188605,11.363157516902781,11.461539268493652,40660,22.22218233099443
2021-04-01,11.65830386066817,12.543744256410166,11.559921177476035,12.248597145080566,28319,39.999977843275516
2021-04-05,12.494552746286669,12.789699853635302,11.90425946983619,12.543744087219238,35018,44.73682733667235
2021-04-06,12.494553876762511,13.134039490251402,12.150216335573301,12.986465454101562,49787,51.19047316810735
2021-04-07,13.232420992626663,13.232420992626663,12.543744985020034,12.888083457946777,35955,47.560981952954556
2021-04-08,13.183228396204449,13.183228396204449,12.592935133562815,12.78969955444336,16904,51.31578578153933
2021-04-09,12.543744599681025,13.183229243189562,12.543744599681025,12.740509033203125,24121,59.09091443171357
2021-04-12,12.838890816074796,12.986463896275234,11.904259118896242,12.05183219909668,39839,48.74999151813713
2021-04-13,11.904259098655807,12.789699454846474,11.904259098655807,12.396170616149902,15321,57.499988488903185
2021-04-15,12.740508115447714,12.740508115447714,12.051832178605332,12.396170616149902,8523,54.05405334597862
2021-04-16,13.52756700782426,13.52756700782426,12.101023765557603,12.494552612304688,8158,55.26315319564576
2021-04-19,12.740508512702732,12.789699853635302,11.95344987252197,12.543744087219238,16508,64.17908936180555
2021-04-20,12.29778793735238,12.888082133643998,12.199405258554856,12.396170616149902,12899,60.29410800382154
2021-04-22,12.642126496883819,12.69131689851047,12.248596716143226,12.445361137390137,7467,61.76467653336991
2021-04-23,12.445360880706314,12.592934897282882,12.24859646351764,12.346979141235352,8037,63.63634494356443
2021-04-26,12.494552477263557,12.838890918130732,12.199405376269805,12.445361137390137,15188,53.846139506583405
2021-04-27,12.396171169868767,12.543744256410166,12.101024058539167,12.248597145080566,8153,44.00000155096831
2021-04-28,12.10102367401123,12.44536117774826,12.002640993945352,12.10102367401123,19420,29.545429510444592
2021-04-29,12.396171482296536,12.396171482296536,12.002641677856445,12.002641677856445,3247,29.545429510444592
2021-04-30,12.248597453788943,12.34698013946067,11.953450335020582,12.002641677856445,9374,30.952378754294017
2021-05-03,12.199405415830338,12.199405415830338,11.953449653912413,12.10102367401123,17511,34.883702056883635
2021-05-04,12.002641244178847,12.494552778270167,12.002641244178847,12.199405670166016,7756,54.83871774698905
2021-05-05,12.59293519784708,12.59293519784708,12.051832333978291,12.10102367401123,7565,38.46150978231205
2021-05-06,12.396171345326037,12.396171345326037,11.953450202941895,11.953450202941895,21111,34.48272404194043
2021-05-07,11.953450335020582,12.248597453788943,11.805877244759813,12.002641677856445,23282,32.142847251456814
2021-05-10,12.24859731844905,12.24859731844905,11.707494429727067,11.953450202941895,52364,28.571389005827214
2021-05-11,11.953450163336528,12.691317480536236,11.904259759453998,12.297788619995117,40653,46.87500567982508
2021-05-12,12.494552377944757,12.494552377944757,11.855067779413842,12.05183219909668,24525,38.88889188072829
2021-05-14,12.002641677856445,12.297788796624806,11.805877244759813,12.002641677856445,26445,40.0000110783561
2021-05-17,12.150216293492013,12.150216293492013,11.756686470035605,11.855069160461426,48798,33.33336923542545
2021-05-18,12.297788539672457,12.297788539672457,11.55992122729211,11.90425968170166,26255,39.39394651501622
2021-05-19,12.002641545234223,12.101024229818881,11.855068456604053,11.953450202941895,33546,45.161282253010945
2021-05-20,12.19940670045805,12.937274063911083,11.756686470035605,11.855069160461426,97304,45.1613104965175
2021-05-21,12.101024110687058,12.101024110687058,11.805876998085559,11.90425968170166,10677,46.87500189327732
2021-05-24,11.904259118896242,12.29778795826192,11.805876439931442,12.05183219909668,46662,48.48483424266974
2021-05-25,12.297788581468499,12.789700124727238,12.002641467863892,12.64212703704834,134401,60.46515612284234
2021-05-26,12.789701010815318,13.183229897387807,12.789701010815318,12.986465454101562,72401,68.75004291422526
2021-05-27,13.134039108506489,13.18322951421316,12.74050929512519,12.838891983032227,44763,68.75004291422526
2021-05-28,13.035656745945563,13.183229843242424,12.445362480264373,12.592936515808105,32696,61.53849595349474
2021-05-31,12.346980166158923,12.789700376145358,12.346980166158923,12.740509033203125,36910,64.81484739266254
2021-06-01,13.035655480267014,13.035655480267014,12.445361271899607,12.494552612304688,17059,53.84614811031284
2021-06-02,12.691316874879703,12.838890894225187,12.10102361223807,12.78969955444336,29149,64.15097100341288
2021-06-03,13.084848091126807,13.232421188423668,11.80587780764881,12.592936515808105,184225,60.714326516326224
2021-06-04,12.838891194567873,12.838891194567873,12.396171002668316,12.543744087219238,41353,62.96295764413259
2021-06-07,12.986465104558619,15.052494049072266,12.888083354686971,15.052494049072266,659282,80.76924725975213
2021-06-08,16.675803809319437,18.05315589904785,15.79036143774977,18.05315589904785,1740560,87.80489333011319
2021-06-09,18.692642103506522,19.67646537211213,18.20073046920372,18.643451690673828,1555935,89.65517587165917
2021-06-10,18.889403833831846,20.168373083661734,17.26609425517151,18.00396156311035,469112,83.33329337785972
2021-06-11,18.545064913291178,18.791020676394528,16.774182293050938,17.118520736694336,337062,75.62186261902805
2021-06-14,17.65962391533967,17.856387392950452,15.741168280550216,16.183889389038086,370716,67.3076742039897
2021-06-15,16.479035107386075,16.626608180810248,15.937933212666293,16.036314010620117,210446,65.19604815069016
2021-06-16,16.479036947397088,16.626610037298928,15.347640756158105,15.987125396728516,188397,65.84156980957073
2021-06-17,15.839553316760302,16.03631682367723,15.298450388874661,15.64278793334961,81524,65.19606673836724
2021-06-18,15.495213210962806,17.167713165283203,14.954110339756017,17.167713165283203,320981,69.39653983772665
2021-06-21,17.118523570229147,18.299112179138962,16.47903885560877,16.724994659423828,421373,68.22034295125245
2021-06-22,16.77418108597516,18.15153476143392,16.282269595166586,17.36447525024414,363759,69.1357944909017
2021-06-23,17.708815098243207,18.003961265949833,16.675801634776448,17.167713165283203,197166,69.13580000671767
2021-06-24,17.708817765519427,18.54506786863439,16.87256766240446,18.200729370117188,646011,71.86312700804933
2021-06-25,18.643448879996104,18.643448879996104,17.90558153978244,18.299110412597656,273947,65.42056447302383
2021-06-28,18.6926402126505,18.987786412779048,17.807199735771075,17.905582427978516,149720,49.0683223830216
2021-06-29,17.758008528628164,18.69264134655339,17.758008528628164,18.348302841186523,133443,48.10125184392431
2021-06-30,18.692638467784047,18.692638467784047,17.954771159845205,18.00396156311035,107610,50.0
2021-07-01,18.299111055576226,18.299111055576226,17.758007194510483,17.807199478149414,47428,55.07249105100785
2021-07-02,18.200726754324776,18.495872924067747,16.380653703593584,17.216903686523438,166920,58.01527824683465
2021-07-05,17.659621908425223,17.708812303114343,17.167710455560936,17.56123924255371,66488,61.48149977826847
2021-07-06,18.003962453556493,18.003962453556493,17.31528739131567,17.61043357849121,117515,62.22223626393037
2021-07-07,17.85638674105272,17.85638674105272,17.020136831379453,17.36447525024414,38452,63.15787939285947
2021-07-08,17.708815494259586,18.00396166856647,17.216903952752375,17.31528663635254,30234,51.456312507034895
2021-07-09,17.561243546092157,17.905582022779008,17.118522379424242,17.758007049560547,96931,60.194164889199754
2021-07-12,18.151537423637958,18.151537423637958,17.46286048490344,17.61043357849121,43344,52.68819983814892
2021-07-13,18.00396194382009,18.34830040343828,17.315286901077354,17.41366958618164,157156,52.68817787102116
2021-07-14,17.708815765000864,17.708815765000864,17.315286901077354,17.41366958618164,37263,38.88887093786216
2021-07-15,17.266093970189697,17.659624695789958,17.118520886336384,17.167713165283203,64063,34.66666597734759
2021-07-16,17.16771069273776,17.610429880535946,16.87256269104567,16.970945358276367,38522,36.61966985178992
2021-07-19,17.167712345909386,17.216902746014892,16.183889331851393,16.8725643157959,78003,26.562477280768505
2021-07-20,17.26609333578954,17.26609333578954,15.888741476276747,16.23307991027832,105418,24.285723781437568
2021-07-22,16.774182771201172,16.82337505112021,16.036315460858127,16.57741928100586,55618,32.87671887722772
2021-07-23,16.57741928100586,17.51205008154422,16.33146351089151,16.57741928100586,80333,39.34428417784761
2021-07-26,16.72499170131013,16.72499170131013,16.1346975012593,16.331462860107422,36333,28.813649546244065
2021-07-27,16.675800456280594,16.675800456280594,15.741167863771771,16.036314010620117,48115,25.000000000000014
2021-07-28,16.380653381347656,16.67580142177795,15.88874185712404,16.380653381347656,26563,34.84852223405031
2021-07-29,16.724991823602895,16.724991823602895,16.134697619235848,16.380653381347656,19834,35.38462456192677
2021-07-30,16.774183127200768,16.774183127200768,15.741169621394231,15.987125396728516,45158,21.875045438463005
2021-08-02,16.479036673177635,16.479036673177635,15.150875133175042,15.888742446899414,244171,22.222263253064696
2021-08-03,16.331464243311142,16.47903733669926,15.83955268102161,16.13469886779785,44549,29.687535025460676
2021-08-04,16.479036729800107,16.57741941393346,14.95411075521402,15.544404983520508,83757,25.00003826395907
2021-08-05,15.741169413540401,15.98712518562697,15.29844921143394,15.544404983520508,35855,26.760605684945304
2021-08-06,15.495214834038473,16.03631682367723,15.298450388874661,15.64278793334961,32185,30.43486079228562
2021-08-09,15.987126416071439,16.134699515382575,15.446023488185798,15.64278793334961,44723,31.34335095532002
2021-08-10,16.47903739730938,16.47903739730938,14.806538267022871,15.052494049072266,115377,31.818243237288982
2021-08-11,15.052494049072266,15.446022925052556,14.068670920874691,15.052494049072266,71085,23.728864797796064
2021-08-12,15.24925835406194,15.24925835406194,14.658964106993064,15.003302574157715,25599,23.3333818010272
2021-08-13,15.24925854858178,16.036316303717552,15.24925854858178,15.446022987365723,51554,35.9375336055401
2021-08-16,16.085508190307014,16.085508190307014,15.249258173249443,15.298449516296387,25064,37.704974823791964
2021-08-17,15.691978170512554,15.691978170512554,14.757346418334091,14.855729103088379,23568,25.3968586123204
2021-08-18,14.855729009409371,15.249257869451327,14.265434781099628,14.462199211120605,32211,22.5352374196152
2021-08-20,14.462199309573537,14.462199309573537,13.379994467967533,13.773523330688477,46644,20.779240398477825
2021-08-23,13.67514005817718,14.954110214424999,13.67514005817718,14.265434265136719,51221,30.588241197456966
2021-08-24,14.5605818952545,14.658963641141584,14.265434781099628,14.462199211120605,15333,29.7619055861864
2021-08-25,14.658963819130568,14.757346504459024,13.871906089490212,14.167052268981934,27549,32.05128236993926
2021-08-26,14.265434130044087,14.609772570550755,14.167051450400248,14.216242790222168,20034,32.911381532626905
2021-08-27,14.60977216570616,14.60977216570616,13.871904903564369,14.068669319152832,26148,29.999978189500766
2021-08-30,14.511390252402192,15.003301786381927,14.216243144364991,14.708154678344727,44073,39.78493233899005
2021-08-31,15.052493868640182,15.593596770312095,14.855729433008623,15.347640991210938,43863,53.1914884840605
2021-09-01,15.937935626085771,15.937935626085771,15.249258677164715,15.495214462280273,30345,54.63917402144093
2021-09-02,15.839552138488243,15.839552138488243,14.855729047606905,15.200066566467285,41617,51.96077723270034
2021-09-03,15.44602220388102,15.741169316209305,15.05249334627451,15.150875091552734,39545,46.80850186188342
2021-09-06,15.495213950237336,15.74116972722523,15.200066830202497,15.298449516296387,39999,50.0
2021-09-07,15.544405613171053,15.544405613171053,14.95411136095377,15.052494049072266,29202,52.22222437634404
2021-09-08,15.101846712932597,15.348608911048087,15.101846712932597,15.151199340820312,19451,58.33659695780197
2021-09-09,15.299256246598041,15.299256246598041,15.003141421302495,15.052494049072266,27706,68.05225915388608
2021-09-13,15.299256306858203,15.990191215710265,15.10184673632465,15.249903678894043,57412,65.15542706436686
2021-09-14,15.595371169715683,15.644723797795018,15.249903714483418,15.34860897064209,40611,64.0706624384094
2021-09-15,15.595371133320075,15.595371133320075,15.200551050929883,15.249903678894043,33003,68.33222791757107
2021-09-16,15.546018565022978,15.694075508160628,15.24990373742459,15.44731330871582,40731,69.845552045895
2021-09-17,15.644724706375154,15.743429026943074,14.953789755784015,15.101847648620605,29531,65.65649208421995
2021-09-20,15.348608689836588,15.348608689836588,13.917388149658798,14.50961685180664,101145,46.94769999132028
2021-09-21,14.608323160555035,14.95378969307883,14.312208317446682,14.855085372924805,63650,41.67487656143817
2021-09-22,14.805731754950223,15.003141323418278,14.60832218648217,14.756379127502441,28683,37.30253347830519
2021-09-23,15.101846578313843,15.249903519334115,14.60832218648217,14.756379127502441,45681,41.51400360860959
2021-09-24,15.003141260192747,15.003141260192747,14.460264243201058,14.558969497680664,19052,39.2865872182943
2021-09-27,15.2005519054486,15.2005519054486,14.01609347433833,14.855085372924805,36853,42.38465704166267
2021-09-28,14.953788677235089,15.003141304621039,14.509616913407694,14.707026481628418,31209,43.85965566515072
2021-09-29,14.707026653934458,15.792780703853628,14.016092686405479,15.249903678894043,293689,51.515139981256
2021-09-30,15.59537124633789,15.743428189980238,14.904437273801795,15.59537124633789,151083,57.746468523303584
2021-10-01,15.299256324768066,15.496665895532715,15.101846754003418,15.299256324768066,31754,50.68493295730624
2021-10-04,15.397961562786522,15.595371133320075,14.805731909862777,15.249903678894043,70630,48.611108129056646
2021-10-05,15.24990321411813,16.730477301303587,15.052493649601088,16.681123733520508,508122,64.64643921272399
2021-10-06,16.97723935613017,17.56946710360882,16.187599221748478,16.286304473876953,390012,58.25241443433816
2021-10-07,16.434360656056818,17.075941941460403,16.38500897358193,16.829179763793945,216942,66.3550910716598
2021-10-08,17.27335637425362,17.27335637425362,16.5824213662249,16.927888870239258,129800,75.25771265352893
2021-10-11,16.92788688796273,17.27335435152242,16.533067736457173,16.631772994995117,169466,68.74996477447208
2021-10-12,16.87853299795842,16.927884679465613,15.496664265328318,15.990189552307129,152202,61.68221834864904
2021-10-13,16.335657153360003,17.075943765433347,15.694075799425677,16.434362411499023,178734,64.6551507291789
2021-10-14,16.9278837527365,16.9278837527365,15.89148343665613,16.187597274780273,65039,64.10250947274679
2021-10-18,16.53306679546349,16.927885924497573,16.088894098646325,16.681123733520508,154931,65.28920564865537
2021-10-19,17.026590258985514,17.470762931843538,16.582417586127487,16.829179763793945,226529,67.76854977095007
2021-10-20,16.927885870117215,17.075942807698606,16.286304552167124,16.483715057373047,82273,60.68374939076587
2021-10-21,16.73047608194398,16.779827763484075,15.940835998780676,16.039541244506836,60542,53.78148995312617
2021-10-22,16.58241927916463,16.58241927916463,15.940837928256666,16.138248443603516,43047,57.39129528869376
2021-10-25,16.385008663225406,16.73047608194398,15.792779071514422,16.039541244506836,72939,56.89652271560051
2021-10-26,16.28630429506302,16.28630429506302,15.546017736196518,15.792779922485352,59094,40.217420983937394
2021-10-27,16.138249247015565,16.138249247015565,15.447314291550905,15.546019554138184,30056,41.5730751802695
2021-10-28,15.79278074070994,16.039542939783534,15.003141515409826,15.34860897064209,27043,31.707410185514448
2021-10-29,15.694076395997543,15.940838609402054,15.003142386729545,15.101847648620605,28572,28.235329154410323
2021-11-01,15.151199364288809,15.694075447925309,15.151199364288809,15.249903678894043,38488,32.926843924892935
2021-11-02,15.49666601216126,15.743428212804984,15.299256439910899,15.694075584411621,33096,46.153859493698484
2021-11-03,16.039543112416162,16.286305314145643,15.496666080346689,15.891486167907715,29985,42.46577119276901
2021-11-04,16.335655979262356,16.335655979262356,15.348608175430059,15.792779922485352,33168,44.28575056701361
2021-11-08,16.08889380109851,16.08889380109851,15.7927799304608,15.842131614685059,27638,36.06556390348642
2021-11-09,16.088892915321516,16.088892915321516,15.79277906098641,15.990189552307129,24723,36.06560441012069
2021-11-10,16.088892915321516,16.088892915321516,15.79277906098641,15.990189552307129,29351,40.74073543930867
2021-11-11,15.792779922485352,16.039542108774185,15.792779922485352,15.792779922485352,10562,44.897982523458616
2021-11-12,16.03954305965152,16.286305260569236,15.595371286264252,15.743428230285645,40043,41.66664989257199
2021-11-15,15.940837702046926,15.940837702046926,14.805731961525845,15.397961616516113,79076,37.73587313393383
2021-11-16,15.397961580811932,15.644723779598515,14.90443718323877,15.299256324768066,32957,40.00000772950744
2021-11-17,15.595371133320075,15.595371133320075,15.10184673632465,15.249903678894043,26095,43.47823347294045
2021-11-18,15.447313188584275,15.595371071893586,14.904437107086034,15.052494049072266,55592,43.478251737353126
2021-11-22,15.546018257219202,15.546018257219202,14.262854657247606,14.50961685180664,42271,38.46150987610875
2021-11-23,14.657675791293617,15.052494954555995,14.558970529816452,14.855085372924805,23638,42.85717243428292
2021-11-24,15.151198853848335,16.779828932535825,14.904436663663985,16.483715057373047,245487,60.0
2021-11-25,17.56946648632147,19.74097442626953,15.842131224022888,19.74097442626953,1299778,77.46477531578347
2021-11-26,19.740974108378094,23.68916893005371,19.740974108378094,23.68916893005371,2442865,86.36363796064103
2021-11-29,25.66326869219199,26.058087834004173,21.320254366965656,21.468311309814453,1852879,71.59092131797689
2021-11-30,22.10989228904459,23.491760204113728,21.912483662689652,23.29435157775879,651670,74.83222536222482
2021-12-01,23.24499864442634,25.6139172865927,22.800827811004787,25.465858459472656,1378259,78.07018490519577
2021-12-02,26.40355360574667,27.982831954956055,26.008734489105837,27.982831954956055,746262,81.74807979470123
2021-12-03,29.315350749768136,30.746570411265555,25.268450205342948,26.7490234375,3233222,76.99759126768213
2021-12-06,26.255498227219803,26.749022622909475,24.08399013312678,24.182695388793945,997673,69.43231822430705
2021-12-07,24.281400225684262,25.613916447593947,21.76442472148905,22.899532318115234,1032383,65.97510867508822
2021-12-08,22.89953312986136,24.873630748551268,22.307303467725152,22.455360412597656,998724,64.89796444720429
2021-12-09,23.096941533674,23.541114246544073,21.468311390894034,21.76442527770996,1343454,63.60000194783468
2021-12-10,22.2085976536062,22.603416790918857,20.678672790527344,20.678672790527344,1957704,62.230925182191655
2021-12-13,20.728023487584302,21.616366974808702,20.28385080264907,20.629318237304688,1219577,61.58415626391646
2021-12-14,21.024138019312744,21.024138019312744,19.642270119723673,19.69162368774414,1018853,56.619146750995384
2021-12-15,20.037087977392517,20.037087977392517,18.753925412737313,18.951335906982422,682124,48.18181898032051
2021-12-16,18.951338978228463,19.889034271240234,18.062993492806577,19.889034271240234,937790,39.84169613411726
2021-12-17,20.62931805018863,20.876080232326405,19.88903150377531,20.135793685913086,1462050,46.01769326348812
2021-12-20,19.74097418521555,19.889031115075465,19.148744583129883,19.148744583129883,299463,36.95651338968189
2021-12-21,18.753926088331017,19.346155709754896,18.211050033569336,18.211050033569336,588708,25.25251986345586
2021-12-22,18.655222828775813,18.9019850404862,18.161698405355043,18.40846061706543,376588,11.200002102424563
2021-12-23,18.80327705046692,18.951335862123287,18.45781151032472,18.852630615234375,234138,15.811951131050733
2021-12-24,19.247451396481512,19.247451396481512,17.914935154042023,18.062992095947266,463223,18.686854984173053
2021-12-27,18.359106737232228,18.359106737232228,17.224001075330875,17.618820190429688,369274,20.441973850364505
2021-12-28,17.91493603426104,18.35910876444657,17.66817382474602,17.81623077392578,569912,23.295447059495203
2021-12-29,18.062991972910414,18.26040248253684,17.520115895406967,17.66817283630371,509565,24.848478318509862
2021-12-30,18.013643076007344,18.013643076007344,16.829183600142805,16.927888870239258,674880,25.949365385664365
2021-12-31,16.77982997478699,17.470764903277885,16.63177302800929,16.730478286743164,847657,25.46584074577727
2022-01-03,17.02659121681662,17.17464815521624,16.63177208686894,16.779829025268555,933974,29.370610093167585
2022-01-04,17.07594286255459,17.125296430337674,16.63177204838354,16.681123733520508,572897,32.30767721457083
2022-01-05,16.779829114785127,17.2733535005141,16.53306692192064,17.075942993164062,520735,26.050369132878743
2022-01-06,16.97724079746032,17.914936065673828,16.779830276443654,17.914936065673828,1020828,32.824434912699374
2022-01-07,18.75392610509522,18.803277789155466,17.964287864254903,18.30975341796875,1184474,42.85713821758178
2022-01-10,18.655220977599242,18.901983164823164,18.260401854570183,18.60586929321289,648224,53.77358456169877
2022-01-11,18.951338477041926,18.951338477041926,17.816230805165496,17.914936065673828,547851,45.68965028977323
2022-01-12,18.16169823689742,18.359108757493168,17.421411608632745,17.717527389526367,523079,39.63965877363375
2022-01-13,18.0629929834408,18.0629929834408,17.47076518672176,17.81623077392578,263384,47.422686984384
2022-01-14,17.9642887944568,18.60587013369179,17.470764397715087,18.26040267944336,630890,56.701045714864
2022-01-17,18.507164678246795,18.556516364330328,17.5694675814905,17.66817283630371,763031,48.57142120999197
2022-01-18,17.964287287176454,17.964287287176454,16.829179763793945,16.829179763793945,1032504,42.85712429890455
2022-01-19,16.829180710519722,17.520115599912756,16.582418518971654,16.779829025268555,993453,48.571403332226666
2022-01-20,16.97723935613017,17.02659104087136,16.039542284878817,16.286304473876953,1006819,45.945926184607764
2022-01-21,16.582419208272537,16.631772778221357,15.792780915553347,15.940837860107422,744666,42.73504217039197
2022-01-24,16.088894746776592,16.286305260569236,15.200551200002051,15.743428230285645,512600,42.01680972475655
2022-01-25,15.447313378703186,16.286305237146003,15.348609063271914,15.644723892211914,464339,37.16814855425754
2022-01-27,15.64472265457541,15.891484835617149,14.904436111450195,14.904436111450195,1052586,22.522493037351268
2022-01-28,15.101846862709095,15.644723892211914,14.70702677701473,15.644723892211914,613750,27.11866127654028
2022-01-31,16.286306409116392,16.385011672973633,15.348610167765232,16.385011672973633,551283,32.28348038152089
2022-02-01,16.434361230307104,16.58241816555119,15.644722987241266,15.792779922485352,537589,32.7999980212487
2022-02-02,15.891486097985073,16.088894728912344,15.397961696697624,15.694075584411621,288538,33.33332809654706
2022-02-03,15.842131606684688,16.28630429506302,15.397960800952433,15.792779922485352,431028,33.333338570118784
2022-02-04,16.088894746776592,16.23695357344417,15.595371286264252,15.743428230285645,267402,27.826101129699424
2022-02-07,16.08889380109851,16.08889380109851,15.743427304913501,15.842131614685059,255320,32.38094870023883
2022-02-08,15.694075584411621,16.03954304184207,15.546018640554623,15.694075584411621,158361,37.362655330628435
2022-02-09,15.891486015233642,15.891486015233642,14.95378890461187,15.397961616516113,258036,35.4166754730646
2022-02-10,15.44731330871582,15.595371193176558,15.101846794286939,15.44731330871582,247357,40.229886078676564
2022-02-11,15.20055110927101,15.792780764467787,15.20055110927101,15.44731330871582,230847,43.7499969806632
2022-02-14,15.200550872841761,15.29925612761366,14.707026481628418,14.707026481628418,306773,38.46153192772491
2022-02-15,15.003141279330595,15.003141279330595,14.065445125870509,14.608322143554688,421837,38.46153192772491
2022-02-16,14.608322281790487,15.151199304611808,14.608322281790487,15.052494049072266,190646,51.76471390605926
2022-02-17,15.249904554461734,15.299257185259457,14.805732759928507,14.953789710998535,96421,40.27776845883003
2022-02-18,15.003141342090203,15.003141342090203,14.707026518358058,14.805731773376465,70250,23.333267847199167
2022-02-21,14.558970317505954,14.904437786315006,14.065445899963379,14.065445899963379,311728,22.22218132529953
2022-02-22,13.522568665436461,13.917388758805542,13.37451171875,13.37451171875,289907,18.66662269431805
2022-02-23,13.374510978518785,14.016092300415039,13.12774878681668,14.016092300415039,169110,29.06973504395262
2022-02-24,13.374510744944793,13.67062555808055,13.32515811920166,13.32515811920166,178817,25.252487594720662
2022-02-25,13.029043390836954,13.91738783602407,12.979690764772716,13.571920394897461,193956,27.450969248113992
2022-02-28,13.522567917010827,14.065444927020073,13.325158351913753,14.016092300415039,112847,34.25924583997811
2022-03-02,14.262855560926504,14.60832303172682,13.818683770842616,14.361560821533203,121804,40.366974103506195
2022-03-03,14.608321976914782,14.707026289071283,13.868035399787239,14.114797592163086,181065,38.05309961513245
2022-03-04,14.016093218329901,14.065445848167043,13.473216172767604,13.868036270141602,59754,36.440685737792386
2022-03-07,13.621272932337417,14.016092055636397,13.226452867715395,13.32515811920166,144203,37.71929913775393
2022-03-08,13.621273106420826,13.966739608391824,13.177101351702081,13.818682670593262,125550,43.442620743726714
2022-03-09,13.818682773047458,14.213501904319589,13.818682773047458,14.114797592163086,111969,42.016808087264096
2022-03-10,14.410912618014114,14.805731754950223,14.213502108222984,14.756379127502441,186342,48.46153251577041
2022-03-11,15.052493074097045,15.29925525563962,14.460263461865658,15.003140449523926,182110,51.515143086518286
2022-03-14,15.249903678894043,15.694075447925309,14.855084537826936,15.249903678894043,135594,59.836055447110276
2022-03-15,15.397961317013008,15.546018257219202,14.50961685180664,14.50961685180664,215934,59.34958161736912
2022-03-16,14.707026419189255,14.95378861374829,14.065445089864992,14.50961685180664,207166,54.54545294845129
2022-03-17,14.50961682659115,14.75637902072135,14.16415031960271,14.41091251373291,177383,61.22449019832862
2022-03-21,14.608321996649051,14.608321996649051,14.065444984424207,14.16415023803711,139857,56.12245099164308
2022-03-22,14.164151160001143,14.361560738753548,13.818683691192092,14.065445899963379,123606,50.54946315036864
2022-03-23,13.917388919631621,14.262855446333198,13.818683659817959,13.966740608215332,147832,45.348830677479285
2022-03-24,13.966739608391824,13.966739608391824,13.769330044219389,13.818682670593262,128314,46.42856896380777
2022-03-25,13.966739471783276,13.966739471783276,13.127748596925821,13.423863410949707,299294,44.827577781958425
2022-03-28,13.670625647025934,13.91738783602407,12.930339080031526,13.571920394897461,265479,53.164557890902984
2022-03-29,13.670625487089106,13.670625487089106,13.078395863893038,13.127748489379883,228293,41.02564039040918
2022-03-30,13.177101114866728,13.621272861602261,12.880986303268694,13.127748489379883,372603,36.11110514698937
2022-03-31,13.37451168542909,13.571921260960252,12.979691593043654,13.275806427001953,201229,25.806462672281356
2022-04-01,13.029043435544207,13.818682631312381,13.029043435544207,13.719977378845215,115226,30.303037400826696
2022-04-04,14.016092401541254,14.361559848945976,13.917388088942094,14.312207221984863,169650,36.986299194173014
2022-04-05,14.608321335585014,15.003140449523926,14.410911778615558,15.003140449523926,352225,56.94443587101712
2022-04-06,15.397961713794698,15.743428230285645,15.003141627532498,15.743428230285645,467471,64.3678211979794
2022-04-07,16.138247049413582,16.138247049413582,15.003140449523926,15.003140449523926,636026,55.99998454100306
2022-04-08,15.003141342090203,15.003141342090203,14.50961694964432,14.805731773376465,213810,56.56565419972444
2022-04-11,15.101847585294575,15.101847585294575,14.70702748070906,14.855085372924805,137803,58.16326631214827
2022-04-12,14.805731673542097,15.052493868101132,14.312207284424026,14.50961685180664,127311,55.339796718003406
2022-04-13,14.509616913407694,14.805731736400315,14.509616913407694,14.707026481628418,127467,58.65384115139782
2022-04-18,14.707026355027633,14.707026355027633,14.213501968062639,14.312207221984863,115681,58.65384115139782
2022-04-19,14.262855514052287,14.60832298371724,13.917388985710458,14.213502883911133,91700,56.31068452956063
2022-04-20,14.213502883911133,14.460265093293778,14.164151195093105,14.213502883911133,56163,61.7021298465078
2022-04-21,14.509617771120123,14.60832303172682,14.164151241642934,14.361560821533203,79449,62.886604304771645
2022-04-22,14.361560774334595,14.509617723434932,13.670626776327813,14.213502883911133,199645,59.79380970936297
2022-04-25,13.966739647530424,14.509616656518201,13.868035335829136,13.917387962341309,149279,52.12766657265189
2022-04-26,14.262855478715784,14.46026505746819,13.868036321210974,14.065445899963379,91012,47.058836902237374
2022-04-27,14.164150404352197,14.756379109014366,13.868035581359576,14.707026481628418,225134,46.42858293079389
2022-04-28,15.052494735048528,15.052494735048528,14.016093269944497,14.065445899963379,183176,29.268308776467634
2022-04-29,14.262854377163574,14.262854377163574,13.571920434230972,13.670625686645508,118772,32.00002061199592
2022-05-02,13.966739568690079,14.312207011002108,13.07839606177779,13.719977378845215,101149,34.72221849464813
2022-05-04,13.719978241459447,14.114798334828526,13.325159089413477,13.37451171875,121953,30.76921933505463
2022-05-05,13.423863410949707,13.769329909541701,13.325158159167398,13.423863410949707,111911,34.72221141224284
2022-05-06,13.325159126130808,13.719978279264698,12.880987343524405,13.522568702697754,123938,32.85714049096724
2022-05-09,13.52256761062857,13.52256761062857,13.078395863893038,13.127748489379883,57830,32.85713142063055
2022-05-10,13.423864224033014,13.522568540470798,12.880987188994343,12.979691505432129,91048,32.39435278056672
2022-05-11,12.979691330585,13.226453530340024,12.338109987751174,12.387462615966797,169777,27.710832714429728
2022-05-12,12.338108817736309,12.387461441271853,11.795231841491312,11.844584465026855,93270,21.97799257585477
2022-05-13,11.94329172193897,12.338110894018293,11.94329172193897,12.190053939819336,63619,28.421066548961306
2022-05-16,12.338110005269428,12.78228177719451,12.239404748698037,12.43681526184082,65437,34.04255625319793
2022-05-17,12.535519617344391,12.782281818242208,12.338110044890758,12.584872245788574,86259,34.04254269420069
2022-05-18,12.683576742644348,13.127748489379883,12.634224117157505,13.127748489379883,94127,32.60869245590035
2022-05-19,13.078396683529013,13.078396683529013,12.584872280376974,12.683577537536621,38493,34.09090509839744
2022-05-20,12.732929229736328,13.029044060007124,12.58487228526248,12.732929229736328,65858,38.271596691580804
2022-05-23,12.979691426369367,12.979691426369367,12.634224908956798,12.683577537536621,58720,37.0370467563512
2022-05-24,12.584872228290111,12.782281800469258,12.387462656110962,12.53551959991455,39896,38.96102950937993
2022-05-25,12.880986978458026,12.880986978458026,12.140700381320475,12.28875732421875,58665,35.80247119747369
2022-05-26,12.53551857241655,12.634223821077102,11.893937280091995,12.338109016418457,57974,34.99998309171393
2022-05-27,12.683578375580067,12.683578375580067,12.091348676137926,12.190053939819336,47073,37.333345357013116
2022-05-30,12.535519443473259,12.634224698992552,11.84458547880744,12.04199504852295,120849,37.33332611912918
2022-05-31,12.239404618238456,12.288757245998104,11.943290734326736,12.04199504852295,59852,44.44443422023259
2022-06-01,12.288757245998104,12.288757245998104,11.893938106567088,12.04199504852295,52041,53.846173855976964
2022-06-02,12.041996044297221,12.634225743739362,11.893939090098264,12.190053939819336,150955,50.0
2022-06-03,12.535519656663498,12.78228185833531,12.338110083590665,12.732929229736328,168816,55.555551579468705
2022-06-06,12.930339721413107,13.12774929413908,12.535519634638064,12.634224891662598,57317,50.94340172980683
2022-06-07,12.43681524418242,12.732929130829977,12.23940473131993,12.387462615966797,44596,34.042543568962884
2022-06-08,12.387462633555124,12.683577461946209,12.190053061735432,12.43681526184082,41452,43.5897334260214
2022-06-09,12.73292808358975,12.73292808358975,12.190052041836886,12.23940372467041,42524,38.09521180441972
2022-06-10,12.486167023217329,12.831634481952994,11.844585675648917,12.683577537536621,88427,50.0
2022-06-13,12.288757245998104,12.436815129277045,11.992642420763302,12.04199504852295,57726,41.66667203437048
2022-06-14,11.99264239678712,12.239404593768938,11.943290710449219,11.943290710449219,48478,43.85966220751659
2022-06-15,11.943290710449219,12.190052907431037,11.745880199805303,11.943290710449219,30833,42.85717243428292
2022-06-16,12.190051624813623,12.190051624813623,11.153650318273833,11.252354621887207,77656,35.820881316942604
2022-06-17,11.252356544210413,11.499118757384528,11.15365222373465,11.301709175109863,31746,38.4615773376333
2022-06-20,11.400413106435971,11.400413106435971,10.265306493512536,10.314659118652344,93451,29.41180214975148
2022-06-21,10.314659349156967,11.054945918828372,10.314659349156967,10.956241607666016,75488,38.77553515348253
2022-06-22,11.351061690937389,11.351061690937389,10.314660217848045,10.857537269592285,36636,36.082487986920434
2022-06-23,10.857536355180608,11.30170810871884,10.857536355180608,10.956241607666016,22840,29.54549746486049
2022-06-24,11.252355529639399,11.35106078253852,11.005593338714647,11.10429859161377,35744,32.58429698593494
2022-06-27,11.351061788178775,11.59782400096527,11.104299575392279,11.203004837036133,34369,36.04655395403474
2022-06-28,11.35106078253852,11.35106078253852,10.808183774239458,11.10429859161377,43960,34.48279002266203
2022-06-29,10.660126817483098,11.449766015319447,10.660126817483098,11.054945945739746,55084,35.7143284367673
2022-06-30,11.252354978022478,12.14069938659668,11.054945423224769,12.14069938659668,199776,44.329892183594474
2022-07-01,12.58487185218329,13.029043611642795,11.252355632481718,11.400413513183594,242613,43.43435348954323
2022-07-04,11.597823426071278,12.53551959991455,11.499118169320159,12.53551959991455,142835,54.99999114329013
2022-07-05,13.029043435544207,13.769330005078798,12.288756866009615,13.719977378845215,982015,62.49998154851566
2022-07-06,13.62127363979527,13.719977955084971,12.387462638750826,12.486166954040527,322259,58.06452135710029
2022-07-07,12.732929224793347,13.029044054949189,12.486167023217329,12.683577537536621,116048,58.86075748110309
2022-07-08,12.97969139069584,12.97969139069584,12.48616698890021,12.584872245788574,44289,66.42857507642196
2022-07-11,12.930339667475,12.930339667475,12.338110010444431,12.486166954040527,67974,62.01550004396527
2022-07-12,12.584872205374817,12.732929148908815,12.387462633555124,12.43681526184082,41053,62.499998112915016
2022-07-13,12.63422485666567,12.782281800469258,12.387462656110962,12.53551959991455,61474,62.499998112915016
2022-07-14,12.683577443937443,12.732929130829977,12.338109987751174,12.387462615966797,44483,60.156253656227165
2022-07-15,12.535518427694115,12.535518427694115,11.203003234098604,11.99264144897461,128496,55.9701300978647
2022-07-18,12.239404636574642,12.239404636574642,11.548470670873717,12.091347694396973,43086,57.46268785857092
2022-07-19,12.239404618238456,12.239404618238456,11.893938106567088,12.04199504852295,69708,57.46268785857092
2022-07-20,12.288758262177588,12.288758262177588,11.992643412456516,12.190053939819336,57706,50.43480101921822
2022-07-21,12.190052010626859,12.634223744252456,11.992641514506142,12.14069938659668,97360,57.42572704101644
2022-07-22,12.338109987751174,12.584872187506198,12.190053044427396,12.387462615966797,82988,48.19277809686492
2022-07-25,12.535519577089122,12.584872205374817,12.338110005269428,12.43681526184082,45061,28.333411164913315
2022-07-26,12.53551857241655,12.53551857241655,12.28875639208818,12.338109016418457,36093,45.945950180493355
2022-07-27,12.14069941768035,12.48616590413008,12.14069941768035,12.23940372467041,36047,37.14287133982461
2022-07-28,12.19005295006414,12.535519462253061,11.844585496552137,12.091347694396973,64384,36.11116478797638
2022-07-29,12.33810987375775,12.33810987375775,11.84458547880744,12.04199504852295,58497,37.14291235334713
2022-08-01,12.14069941768035,12.338108972983482,12.091346793523813,12.23940372467041,38393,44.73681400295652
2022-08-02,12.338109199817364,13.423863185930504,12.239403949689613,12.831633567810059,598697,56.2499647745288
2022-08-03,12.831634504276034,13.127749334947023,12.584872302270725,12.782281875610352,83348,58.695617471638286
2022-08-04,12.78228185337317,12.93033973911264,12.4368153359606,12.683577537536621,79814,67.50000120773122
2022-08-05,12.535519577089122,12.831634405480205,12.338110005269428,12.43681526184082,90604,58.13953070336075
2022-08-08,12.338110005269428,12.683577461946209,11.84458560505865,12.43681526184082,133738,59.52380842836077
2022-08-10,12.436815318936624,12.634224891662598,12.387462690424355,12.634224891662598,44560,60.46508179106731
2022-08-11,12.782281800469258,12.782281800469258,12.48616697153899,12.53551959991455,59130,59.090923064693705
2022-08-12,12.683577443937443,12.683577443937443,12.338109987751174,12.387462615966797,45852,50.0
2022-08-16,12.58487221065332,12.58487221065332,12.338110010444431,12.486166954040527,58675,51.162773976188625
2022-08-17,12.63422485666567,12.68357748504123,12.436815284486523,12.53551959991455,66406,54.76193105275943
2022-08-18,12.732929154249417,12.732929154249417,12.387462638750826,12.486166954040527,84883,56.09759546183365
2022-08-19,12.63422485666567,12.68357748504123,12.387462656110962,12.53551959991455,86132,61.5384691612494
2022-08-22,12.683577443937443,12.683577443937443,12.23940473131993,12.387462615966797,49045,58.53660605757825
2022-08-23,12.43681524418242,12.63422481572182,12.338109987751174,12.387462615966797,162905,54.05409922281917
2022-08-24,12.190052041836886,12.535518528286616,11.943289862377217,12.23940372467041,99126,28.571408853314793
2022-08-25,12.288757132232778,14.657674770857444,12.288757132232778,14.608322143554688,2135957,74.66665258180642
2022-08-26,14.608322914357895,15.546019117295204,13.818683659817959,13.966740608215332,997461,65.11626600612428
2022-08-29,13.917388780212539,13.966740468301863,13.325159109909537,13.47321605682373,159364,61.538450104295116
2022-08-30,13.670626742458568,15.39796220385758,13.670626742458568,14.065445899963379,340617,66.01940891492319
2022-09-01,14.361560821533203,14.855085241920438,14.065445981036236,14.361560821533203,207949,66.66666053214632
2022-09-02,14.805731692556607,15.101846514672353,14.361559930044523,14.558969497680664,337312,69.1588698968383
2022-09-05,14.904436111450195,15.29925522458777,14.608321305935506,14.904436111450195,366644,72.97295650520836
2022-09-06,14.904434799381164,16.681121593417757,14.904434799381164,16.187597274780273,1497814,77.77775710215866
2022-09-07,16.187600003672916,16.483715774361883,15.595371286264252,15.743428230285645,366878,72.7272825549957
2022-09-08,16.089982229565816,16.535551723657317,15.495890200299318,15.594905853271484,191013,71.71948839870137
2022-09-09,15.941459787085378,15.941459787085378,14.852291375191376,14.901799201965332,250299,65.16783735579935
2022-09-12,15.248351269794345,15.49588944589025,14.555244565582457,14.753274917602539,207943,65.16393352435867
2022-09-13,15.000813368031778,15.050321193012993,14.753275187408923,14.802783012390137,109900,65.38362810480693
2022-09-14,14.753274104021603,15.14933573050384,14.456229064513865,14.951305389404297,125917,67.2715900417839
2022-09-15,15.297859093870168,15.297859093870168,14.6542602137341,14.753274917602539,95924,51.27602179799913
2022-09-16,15.050321100055424,15.099828924730856,14.159184033030495,14.258198738098145,138373,52.63364260927924
2022-09-19,14.109675802033523,14.65425996921426,13.862137630068023,14.357213973999023,59416,58.601115973128614
2022-09-20,14.555244474787424,14.555244474787424,14.15918377321787,14.208691596984863,76130,51.52546504117224
2022-09-21,14.505735812192585,14.505735812192585,14.06016731262207,14.06016731262207,47929,46.686204770512916
2022-09-22,13.961153155202984,14.65425984182456,13.812629686744888,14.159183502197266,137675,45.50717983541424
2022-09-23,14.456229682714424,14.555244385356845,13.02050752370899,13.317553520202637,300322,33.95574203947004
2022-09-26,13.317552986556061,13.46607645099301,12.72346196165773,12.871984481811523,136386,9.641852364163512
2022-09-27,13.119523701269795,13.565092241890236,12.87198551822697,13.416569709777832,43151,22.35296997122765
2022-09-28,13.713614325766398,13.763121201921312,13.070014548638067,13.16903018951416,50410,21.839099547315953
2022-09-29,13.119523461621752,13.565091994103206,12.921493107661462,13.0205078125,60777,25.000019009686568
2022-09-30,13.317553268241943,13.317553268241943,12.574938763199272,12.921492576599121,88804,25.333361757190232
2022-10-03,12.971000399125268,13.070015099894386,12.72346223077771,12.921492576599121,31587,24.324344727231065
2022-10-04,13.070016175474866,13.169031828675525,12.822477986756466,13.119524002075195,36960,25.333380934719997
2022-10-06,13.119522902347022,13.466076715216627,13.119522902347022,13.268045425415039,62051,29.7297430971514
2022-10-07,13.416569593842468,13.515584299634053,12.971001057072277,13.218539237976074,76682,33.846178010595324
2022-10-10,12.921493639957125,13.416570017393926,12.772970160156135,13.119524002075195,73401,30.76925812520227
2022-10-11,13.169031286182626,13.169031286182626,12.921493107661462,13.0205078125,34887,31.250013168171847
2022-10-12,13.020507001965319,13.020507001965319,12.772968838853558,12.871984481811523,45546,31.250022574015674
2022-10-13,13.317553693190709,13.317553693190709,12.723462636769671,12.822477340698242,68494,28.57143730755942
2022-10-14,13.169030466402267,13.169030466402267,12.82247666033254,12.871984481811523,24964,40.42552755473712
2022-10-17,12.871984892024104,12.971000538137561,12.62444672102364,12.772969245910645,32512,47.50000120394837
2022-10-18,12.772969516592354,12.921492988910016,12.673954812663784,12.822477340698242,32979,29.999967894694606
2022-10-19,12.871984610008248,13.169030597557379,12.77296896606415,13.070014953613281,121977,46.666662385953785
2022-10-20,13.268045445715797,13.268045445715797,12.871984754072974,12.921492576599121,26768,46.666662385953785
2022-10-21,13.070015099894386,13.070015099894386,12.772969109020682,12.921492576599121,32287,50.0
2022-10-24,13.367060526983211,13.367060526983211,12.970999852045109,13.16903018951416,48362,57.57575403797772
2022-10-25,13.36706109076809,13.36706109076809,12.822476931546829,12.921492576599121,69556,44.11760539959581
2022-10-27,12.971000932222337,13.119523461621752,12.772969633978834,13.0205078125,46734,42.42424596202228
2022-10-28,13.169031828675525,13.218539655275857,12.822477986756466,13.119524002075195,89302,47.05882352941176
2022-10-31,13.119523170634602,13.466076990591057,13.119523170634602,13.317553520202637,106088,55.55553177383513
2022-11-01,13.614599238284645,13.614599238284645,13.218538547247816,13.268045425415039,56553,57.14284928032688
2022-11-02,13.41656889276623,13.466076715216627,13.070015079896624,13.268045425415039,42408,62.500015049380025
2022-11-03,13.416568347421256,13.416568347421256,12.970999852045109,13.16903018951416,50643,60.60605529939391
2022-11-04,13.317553247865437,13.367061070315833,13.169030724797418,13.268045425415039,43940,61.76471254781805
2022-11-07,13.565091944342667,14.258198652802779,13.5155841199634,13.713615417480469,161546,73.17076150164465
2022-11-09,14.208691057625439,14.208691057625439,13.51558343976417,13.763121604919434,137927,73.17073629106409
2022-11-10,14.20869177270672,14.20869177270672,13.466077239867342,13.713615417480469,53124,67.56762947999749
2022-11-11,13.416569005346794,14.456229508396394,13.416569005346794,13.812629699707031,165304,75.00004013169618
2022-11-14,14.109675413850068,14.109675413850068,13.565091261651855,13.763121604919434,58830,72.97298985818114
2022-11-15,13.614599768721934,13.961153595093595,13.614599768721934,13.713615417480469,80330,66.66674449786908
2022-11-16,13.515583897755613,13.961153365560264,12.723462497843332,12.971000671386719,171319,51.16280319948393
2022-11-17,13.169031286182626,13.268045991021165,12.971000932222337,13.0205078125,39558,50.0
2022-11-18,13.367061640142916,13.367061640142916,12.921493107661462,13.0205078125,86435,47.49997110516948
2022-11-21,13.268045724212227,13.268045724212227,12.921492847821403,12.971000671386719,56438,40.54053631923631
2022-11-22,13.169030744946678,13.169030744946678,12.822476931546829,12.921492576599121,60318,40.54053631923631
2022-11-23,12.871984610008248,13.169030597557379,12.871984610008248,13.070014953613281,44055,44.999990368389824
2022-11-24,13.119523197799474,13.119523197799474,12.871985024256087,12.971000671386719,63406,45.000012039518516
2022-11-25,13.070016175474866,13.169031828675525,12.574939798038065,13.119524002075195,79410,46.34149091715498
2022-11-28,13.119524002075195,13.317554364193265,13.070016175474866,13.119524002075195,92364,31.24993227762681
2022-11-29,13.218539110743501,13.466077289264668,12.921493107661462,13.0205078125,120506,27.27269543268993
2022-11-30,13.169030744946678,13.218538567472825,12.822476931546829,12.921492576599121,171031,26.470533245175844
2022-12-01,13.11952277558533,13.268045297218313,12.971000253952345,13.070014953613281,120810,28.571397121307513
2022-12-02,13.268046537592936,13.268046537592936,13.070016175474866,13.119524002075195,95078,31.42860759619073
2022-12-05,13.11952277558533,13.169030597557379,13.020507131641232,13.070014953613281,163474,31.428555703545527
2022-12-06,13.317553713896501,15.297859126945296,13.218539009813986,14.406722068786621,801523,80.85102982059445
2022-12-07,14.703767664643927,14.852290188818843,14.1096756793779,14.159183502197266,206190,72.54899072422647
2022-12-08,14.159183515484624,14.703767678442338,13.664107175392738,13.812629699707031,201194,63.79308054322087
2022-12-09,14.109675716381194,14.35721388684402,13.317553382043506,13.466076850891113,141721,57.81248824270371
2022-12-12,13.713615417480469,14.010660475189653,13.466077239867342,13.713615417480469,85420,61.764703382808484
2022-12-13,13.961153168304506,14.060167869752975,13.664107175392738,13.812629699707031,85002,61.19402255572084
2022-12-14,14.060167591962383,14.109675413850068,13.664106905427225,13.763121604919434,108472,62.121176301306015
2022-12-15,13.911644794192947,15.000812132667185,13.812629152384769,14.06016731262207,215895,63.768073863306434
2022-12-16,13.911646416114213,14.753275692474434,13.911646416114213,14.010661125183105,122213,62.85712870461564
2022-12-19,14.010660419606939,14.555244597051999,13.961153539707283,14.406722068786621,165081,68.4210512975645
2022-12-20,14.555245330053397,14.604753156729469,12.673955470628664,14.010661125183105,118616,63.41463643821174
2022-12-21,14.258197517735503,14.30770533817355,13.020506728200022,13.16903018951416,125080,51.04166562157314
2022-12-22,13.070015762863862,13.664107774746265,12.72346287616848,13.218539237976074,177413,51.04166562157314
2022-12-23,13.02050791491812,13.02050791491812,11.386756301540775,11.98084831237793,283484,40.83334724562341
2022-12-26,11.98084864474812,12.87198574144237,11.98084864474812,12.574939727783203,91807,32.38095587540579
2022-12-27,12.574938638689517,12.871984626622044,12.426416116864836,12.723462104797363,78259,35.92232937079167
2022-12-28,13.020507569423096,13.268045743323027,12.426416518633179,12.624446868896484,98982,37.755104447710885
2022-12-29,12.871984892024104,13.119523063024566,12.52543107491018,12.772969245910645,108753,42.55318276904514
2022-12-30,13.218539110743501,13.268045991021165,12.82247745853971,13.0205078125,60811,42.55318276904514
2023-01-02,13.317552706545165,13.317552706545165,13.020506728200022,13.16903018951416,55386,43.15789174864838
2023-01-03,13.41656876313446,13.41656876313446,12.921492431980298,13.070014953613281,47418,42.708334796465444
2023-01-04,13.36706109076809,13.36706109076809,12.72346223077771,12.921492576599121,67166,37.63441506107361
2023-01-05,13.21853828788125,13.21853828788125,12.72346196165773,12.871984481811523,43701,37.634399470573435
2023-01-06,13.119523341050362,13.119523341050362,12.723462636769671,12.822477340698242,41256,31.39534597221578
2023-01-09,12.871984892024104,13.169030886081297,11.089709871964128,12.772969245910645,69305,34.17720654752762
2023-01-10,12.871984892024104,13.020507416911107,12.62444672102364,12.772969245910645,32252,43.54838910126715
2023-01-11,12.82247666033254,12.921492303290506,12.72346196165773,12.871984481811523,37373,44.4444206627331
2023-01-12,13.070015516944474,13.070015516944474,12.723462636769671,12.822477340698242,22983,71.79487559431902
2023-01-13,13.070015239967837,13.070015239967837,12.673954544080368,12.772969245910645,55727,57.14282765837271
2023-01-16,12.97100027069394,13.020507148446724,12.574938638689517,12.723462104797363,76225,50.0
2023-01-17,12.921492988910016,12.921492988910016,12.624446988557896,12.822477340698242,32636,57.69231339147856
2023-01-18,13.070015239967837,13.070015239967837,12.723462367137099,12.772969245910645,40384,50.0
2023-01-19,12.772969668792491,12.92149314287993,12.62444713898827,12.673954963684082,44580,33.33333333333333
2023-01-20,12.475924342269805,12.772969395523166,12.475924342269805,12.624446868896484,39141,21.05264225107645
2023-01-23,12.871984481811523,13.070014823444302,12.574938497220781,12.871984481811523,60890,40.90908294909086
2023-01-24,13.070016102454064,13.070016102454064,12.475925019418979,12.574939727783203,50373,36.00000308211288
2023-01-25,12.871984634399414,12.971000278531136,12.178877958326847,12.376908302307129,128948,32.142844857655305
2023-01-27,12.673954584619134,12.673954584619134,12.030354771389407,12.079862594604492,60040,27.272706046072884
2023-01-30,12.079862321914392,12.525430832225542,11.980847622002562,12.030354499816895,28649,27.272706046072884
2023-01-31,12.079862594604492,12.376908589611812,11.931340069242424,12.079862594604492,72046,29.411764705882362
2023-02-01,12.327400350860996,12.52543069276288,12.07986218741285,12.178877830505371,60503,29.411764705882362
2023-02-02,12.03035492096841,12.327400919669042,11.832324569929055,11.931340217590332,59049,26.31578947368422
2023-02-03,12.17887853799666,12.17887853799666,11.436264004512513,11.782816886901855,74586,25.0
2023-02-06,11.63429435791831,12.030355064729905,11.63429435791831,11.782816886901855,34138,25.641019308619832
2023-02-07,11.980847918110838,11.980847918110838,11.634294099146393,11.733309745788574,48212,21.05263157894737
2023-02-08,11.832324865880203,11.881832690949135,11.584786684818763,11.634294509887695,70424,20.512825578747666
2023-02-09,11.634293281266519,11.782815796505608,11.089709151584653,11.584785461425781,65105,21.052610234721655
2023-02-10,11.386756440274489,11.931340632796436,11.386756440274489,11.832324981689453,68547,30.95240716075746
2023-02-13,12.079862924614993,12.079862924614993,11.188725859531191,11.436264038085938,66193,17.777836756324533
2023-02-14,11.683802642506619,11.683802642506619,11.18872626735196,11.337248802185059,72113,19.51224783489326
2023-02-15,11.2382332943472,11.53527834288455,11.040202002944728,11.188725471496582,39450,20.0000577894384
2023-02-16,11.38675594329834,11.58478629258602,11.238233417403377,11.38675594329834,30818,31.57898472077818
2023-02-17,11.485771037771352,11.53527791450026,11.238232876994239,11.287739753723145,27889,30.769261164718614
2023-02-20,11.436264223727466,11.436264223727466,10.792664382467828,10.941187858581543,59296,24.444482495136043
2023-02-21,11.188725826684465,12.475924540246961,10.941187648856415,11.782816886901855,102071,43.33333761403798
2023-02-22,11.881833117631023,12.07986348073489,11.386756737729732,11.535279273986816,39237,43.33333761403798
2023-02-23,11.782817312815673,11.832325139027487,11.485772244111287,11.683802604675293,51589,48.33335045615189
2023-02-24,11.8818329652393,12.079863325803306,11.634294778463481,11.683802604675293,41568,48.33335045615189
2023-02-27,11.683801939371456,11.881832288659137,10.396603252576744,11.38675594329834,62197,44.615382791653175
2023-02-28,11.287740939264037,11.8818329652393,11.08971057870003,11.683802604675293,35538,50.72464375020763
2023-03-01,11.980848341087,11.980848341087,11.48577197896412,11.634294509887695,40266,50.72465791132579
2023-03-02,11.881832288659137,11.881832288659137,11.287740296512904,11.38675594329834,48652,43.478258441944575
2023-03-03,11.38675539574725,11.485771037771352,11.188725055982186,11.287739753723145,48537,47.61902723474854
2023-03-06,11.584786657058753,12.772969734449843,11.535278832108453,11.98084831237793,200256,58.66666084491285
2023-03-08,12.228386641834156,12.228386641834156,11.535278972651733,11.832324981689453,68310,58.66666084491285
2023-03-09,11.683802182340562,12.079862889152157,11.63429435791831,11.782816886901855,36074,55.55554663742949
2023-03-10,12.07986316517368,12.07986316517368,11.683802449312209,11.832324981689453,35482,57.74648766222085
2023-03-13,12.079863046941643,12.27789340293415,11.28774067868839,11.634294509887695,119136,60.29409723412398
2023-03-14,11.881833003711833,11.931340830083949,11.287740975812943,11.337248802185059,42005,42.10529161681909
2023-03-15,11.485771590083775,11.634294115978738,11.287740296512904,11.38675594329834,29324,47.1698099492253
2023-03-16,11.38675554063585,11.48577118391986,10.990694856066128,11.139217376708984,55081,39.99999999999999
2023-03-17,11.485772049098705,11.535278930186713,10.842172207839067,10.941187858581543,82485,37.28815440812526
2023-03-20,11.634293856602097,11.634293856602097,10.792663710538891,10.990694999694824,48712,42.59260580462886
2023-03-21,10.990695137738763,11.337248009548036,10.792663846095543,10.842171669006348,36004,33.33333333333333
2023-03-22,10.842170851569366,10.990694309103972,10.594632699961467,10.693648338317871,69999,32.07547375540959
2023-03-23,10.891678670747568,10.891678670747568,10.594632699961467,10.693648338317871,22790,35.41667001096394
2023-03-24,10.842171837748776,11.38675600967692,10.198572962741185,10.347095489501953,72574,32.075497071453626
2023-03-27,10.347095237122156,10.693649050155289,9.70349637781282,9.951034545898438,91967,6.382956922612834
2023-03-28,10.099556511549581,10.099556511549581,9.455957687766356,9.505465507507324,72104,5.660358157029819
2023-03-29,9.505466538434572,10.792664325605665,9.010390175897005,10.050049781799316,301033,22.222218824835934
2023-03-31,10.396602772639813,10.54512529167855,10.050048969171893,10.248080253601074,102952,25.757561164255122
2023-04-03,10.59463421354708,10.644142039798139,9.90152747888199,10.446111679077148,50631,31.81818712484231
2023-04-05,10.396602909174208,10.594633251920893,9.90152658016591,10.099556922912598,50730,31.34327542882116
2023-04-06,10.099557194610874,10.495618835042256,10.000542492715418,10.149065017700195,79851,31.343295168309737
2023-04-10,10.396603613288901,10.545126144336884,9.109404881834584,10.050049781799316,142778,32.812515519640456
2023-04-11,10.24808108224092,10.24808108224092,9.753004719703355,10.050049781799316,68902,35.000003210526415
2023-04-12,10.24808108224092,10.2975879630681,9.901527250751336,10.050049781799316,61848,33.89832057938345
2023-04-13,10.050049101155137,10.297587265659285,9.951034401923373,10.099556922912598,28274,36.842112377898594
2023-04-17,10.297587130425223,10.297587130425223,10.000542092347745,10.248080253601074,68391,42.105280944746504
2023-04-18,10.347095365774294,10.396603188863615,10.099557194610874,10.149065017700195,44680,40.677984916618264
2023-04-19,10.000542223680835,10.297587265659285,10.000542223680835,10.099556922912598,23060,45.28301749639361
2023-04-20,10.248080516619606,10.54512556232079,10.050049227107921,10.297587394714355,92841,57.14283467854325
2023-04-21,10.198572840789517,10.396603188863615,9.951034669626097,10.149065017700195,60713,65.11626656799154
2023-04-24,10.297587265659285,10.297587265659285,10.000542223680835,10.099556922912598,26875,51.515133826314155
2023-04-25,10.14906543202012,10.24808108224092,9.852019425640934,10.050049781799316,35657,43.333346175430755
2023-04-26,10.099557194610874,10.248080663878836,9.901526846536775,10.149065017700195,32783,39.28569462943191
2023-04-27,10.198573112487793,10.396603465837583,10.050049639263046,10.198573112487793,53601,54.54549434538507
2023-04-28,10.198572293174427,11.3867552621024,10.198572293174427,10.396602630615234,333446,59.999984589447465
2023-05-02,10.297586989753263,10.69364860891801,10.099556652312458,10.396602630615234,135253,65.2173767386077
2023-05-03,10.39660385282609,10.743157692300256,10.248081318356157,10.446111679077148,67540,66.66669342106636
2023-05-04,10.59463432411119,10.693649977646622,10.297588307788152,10.644142150878906,40317,71.42859108486734
2023-05-05,10.743157804414338,10.743157804414338,10.446111788091297,10.644142150878906,74571,70.37040207928004
2023-05-08,10.64414134496504,10.842171692758916,10.29758752811337,10.49561882019043,45092,59.259267186486674
2023-05-09,10.792664138275942,10.792664138275942,10.49561908133583,10.545125961303711,30970,65.38460398629056
2023-05-10,10.644142039798139,10.79266457426807,10.297588200323972,10.446111679077148,45827,62.96302109604697
2023-05-11,10.545125147625056,10.644140788487025,10.396602630615234,10.396602630615234,29040,54.16666332236671
2023-05-12,10.545125147625056,10.59463296805604,10.297586989753263,10.396602630615234,37933,61.90472259219714
2023-05-15,10.396603432833656,10.693649434056974,10.2480809043636,10.545125961303711,35645,69.56521374987543
2023-05-16,10.644141609805885,10.743157258308061,10.396603432833656,10.545125961303711,50678,72.72723292737706
2023-05-17,10.693649866049197,10.693649866049197,10.39660385282609,10.446111679077148,24860,63.63639547630805
2023-05-18,10.446111679077148,10.59463421354708,10.297588200323972,10.446111679077148,39049,61.90477937702894
2023-05-19,10.59463421354708,10.59463421354708,10.39660385282609,10.446111679077148,18662,52.94125645598824
2023-05-22,10.59463296805604,10.59463296805604,10.297586989753263,10.396602630615234,38487,50.0
2023-05-23,10.347095489501953,10.446111136864596,10.297587665820632,10.347095489501953,27782,44.44439688107993
2023-05-24,10.545125147625056,10.545125147625056,10.297586989753263,10.396602630615234,56067,33.333247719240575
2023-05-25,10.495618990338151,10.495618990338151,9.653988818216273,10.000542640686035,125966,21.739097661867333
2023-05-26,10.19857351704264,11.683802642506619,10.19857351704264,11.337248802185059,554308,68.08512033549094
2023-05-29,11.733310468878734,11.733310468878734,10.990695906146746,11.337248802185059,89524,67.39132528606874
2023-05-30,11.38675611669367,11.38675611669367,10.693649411490696,10.891679763793945,65511,58.49055232241172
2023-05-31,10.842171532827875,11.089709699989621,10.792663710538891,10.990694999694824,69141,61.11112894739189
2023-06-01,11.089710116097194,11.238233588537035,10.693649411490696,10.891679763793945,72951,58.92858862784218
2023-06-02,11.139217787745789,11.188725611214632,10.941187438153614,11.040202140808105,39895,58.928574499870834
2023-06-05,11.287740590032852,11.683802243190366,11.040202410915613,11.089710235595703,96126,59.649132886247166
2023-06-06,11.485771888753217,11.485771888753217,11.040202410915613,11.089710235595703,38504,61.81817099259313
2023-06-07,11.08970955506698,11.535278061278706,11.040201733424974,11.139217376708984,93891,62.49998280072925
2023-06-08,11.08970955506698,11.38675554063585,11.040201733424974,11.139217376708984,82281,62.49998280072925
2023-06-09,11.089710235595703,11.337248414712944,10.941187705838646,11.089710235595703,30449,62.50002579892388
2023-06-12,10.990695505544036,11.88183257062784,10.990695505544036,11.436264038085938,216027,67.74195653106003
2023-06-13,11.634293281266519,11.881831436187083,11.485770766027429,11.584785461425781,124679,68.75001128702823
2023-06-14,11.733310606291935,12.525432060389624,11.733310606291935,12.426417350769043,398249,83.56165034222482
2023-06-15,12.624447165714358,12.673954990514979,12.12937080627458,12.327401161193848,126345,70.83331661183352
2023-06-16,12.574939340913737,12.7234628153156,12.228386455875821,12.327401161193848,74008,70.83331661183352
2023-06-19,12.376908589611812,12.723462407834218,11.931340069242424,12.079862594604492,126823,77.27270339276896
2023-06-20,12.475924236041982,12.475924236041982,11.98084789245751,12.079862594604492,54725,76.19045216612002
2023-06-21,12.277894183431457,12.32740201164757,12.079863814850295,12.129371643066406,34918,80.48778998090599
2023-06-22,12.079862889152157,12.129370713574408,11.683802182340562,11.782816886901855,64942,66.66663812868461
2023-06-23,11.634293699781033,11.782816220362847,11.386755535955905,11.485771179199219,64383,57.9999845894831
2023-06-26,11.485770766027429,11.881831436187083,11.436262946186691,11.584785461425781,40233,59.61535184522499
2023-06-27,11.832325177339719,11.832325177339719,11.238234093724076,11.337248802185059,59662,53.57144208512736
2023-06-28,11.337247574735198,11.634293556524362,11.188725055982186,11.287739753723145,61988,52.6315664965764
2023-06-30,11.287740975812943,11.535279163390273,11.18872626735196,11.337248802185059,31654,54.38596372649179
2023-07-03,11.634294927680378,11.634294927680378,11.33724891088295,11.535279273986816,35651,51.85184788824238
2023-07-04,11.43626335757756,11.733309343024347,11.43626335757756,11.485771179199219,47283,48.07694729830952
2023-07-05,11.733309343024347,11.733309343024347,11.43626335757756,11.485771179199219,59195,22.85718374214271
2023-07-06,11.68380210767885,13.070015516944474,11.436263931432617,12.822477340698242,611281,58.33331995614422
2023-07-07,13.020507569423096,13.070015393059721,12.376908694996553,12.624446868896484,287714,54.68749294562222
2023-07-10,12.921492033654765,13.020506730263415,12.426415717762117,12.475923538208008,73067,56.45160288077351
2023-07-11,12.723462788379894,12.971000967575744,12.426416784488234,12.673954963684082,222072,59.090907764245905
2023-07-12,12.97100119228684,13.961153926223753,10.941187898859525,11.832324981689453,1489311,46.34145596605925
2023-07-13,11.832324448147567,12.277892969471003,11.535278452504212,11.733309745788574,347276,49.350656173494585
2023-07-14,11.733309455798237,12.079862321914392,11.733309455798237,12.030354499816895,200933,57.14284642124052
2023-07-17,12.079863814850295,12.228387299498628,12.030355986634184,12.129371643066406,106181,57.14287858607429
2023-07-18,12.030355339620188,12.3769091742114,11.733310274865701,11.832324981689453,256848,56.41024374546668
2023-07-19,12.03035519304501,12.079863017995308,11.782817012576732,11.98084831237793,86636,58.750009330588654
2023-07-20,12.03035492096841,12.079862744799048,11.881832393759693,11.931340217590332,80835,57.499989164475075
2023-07-21,11.93134048742763,12.079863017995308,11.881832662477331,11.98084831237793,64583,55.84415259518437
2023-07-24,12.07986262046983,12.07986262046983,11.683801922467485,11.733309745788574,158589,53.08642092748993
2023-07-25,11.881832807242944,11.931340632796436,11.78281715613596,11.832324981689453,77721,54.21686691063567
2023-07-26,11.980849102701354,12.426417668079791,11.832325618053021,12.129371643066406,263694,38.70971750913912
2023-07-27,12.277892943181643,12.376908589611812,11.931340069242424,12.079862594604492,145768,40.67798380982916
2023-07-28,12.277892856565543,14.456229508396394,12.079862509385425,13.812629699707031,3814075,64.83514343425107
2023-07-31,13.763121454240741,15.446381714294729,12.921492268496896,14.951305389404297,1991557,70.90906161635743
2023-08-01,15.000813304545822,16.188997321933513,14.109676235788271,15.495889663696289,2430959,85.57687962084185
2023-08-02,15.495890175542376,15.792936189701052,14.456230542411886,14.703768730163574,680695,75.42371608581706
2023-08-03,14.901798100247117,15.446382265931977,14.703767752075308,15.050320625305176,324495,75.63023727360522
2023-08-04,15.297858669251886,15.347366491953533,14.753274508100125,14.852290153503418,273870,72.72725246548669
2023-08-07,15.099829209797331,15.3473673935645,13.961153942181644,14.307706832885742,365646,69.84126838524759
2023-08-08,14.555244597051999,14.85229059786596,14.258198596238039,14.406722068786621,188915,69.59999630147024
2023-08-09,14.703767664643927,14.703767664643927,14.060167856558534,14.159183502197266,189138,67.44185768694054
2023-08-10,14.15918377321787,14.555244474787424,14.060168125683884,14.208691596984863,244561,67.44185768694054
2023-08-11,14.208691716338382,14.505736772869138,14.10967606797266,14.406722068786621,210946,71.09375117573104
2023-08-14,14.703767095808939,14.753273972429886,13.862136973288859,14.06016731262207,203950,66.91728103637612
2023-08-16,14.307706320461032,14.307706320461032,13.763122146820674,13.862137794494629,210676,63.35877200321916
2023-08-17,13.664107593101201,14.010660475189653,13.565091944342667,13.713615417480469,166706,62.40602679871073
2023-08-18,13.46607697337797,13.911645495407296,13.416569149978447,13.664107322692871,139441,48.484853201881876
2023-08-21,13.763121740888371,14.159183375619472,13.565091395664407,13.961153030395508,208018,37.804875183939956
2023-08-22,14.20869132501663,14.258198203552817,14.01066003373917,14.159183502197266,149919,31.9999866441878
2023-08-23,14.357214542857387,14.406722368068714,13.86213817931058,14.109676361083984,119001,39.99998073681057
2023-08-24,14.357214423926758,14.456230073529195,13.763122414878572,13.911645889282227,204227,29.824573261421975
2023-08-25,13.812629426807119,14.307705757117647,13.565091261651855,13.763121604919434,198877,30.357139171587363
2023-08-28,13.961152892470174,14.060167591962383,13.664106905427225,13.763121604919434,170136,37.77775875243197
2023-08-29,13.961153030395508,14.01065990848912,13.71361486279476,13.961153030395508,161362,40.42553540301596
2023-08-30,14.01066004688715,14.1096756926188,13.763121876841206,13.812629699707031,200014,42.222223173489105
2023-08-31,13.961153030395508,14.060167730865905,13.763121740888371,13.961153030395508,254870,44.680848447738036
2023-09-01,14.010659880648701,15.54539670558032,13.812629535818239,14.65425968170166,896081,54.38595127569435
2023-09-04,14.852290544353547,15.54539724756674,14.852290544353547,15.099828720092773,721886,67.79662013033655
2023-09-05,15.29785825025771,15.446381714294729,14.802781925367277,14.951305389404297,501588,68.96549204581045
2023-09-06,15.050321073309009,15.198844547071362,14.505736891413477,14.604752540588379,542426,64.51611099183833
2023-09-07,14.505736214866438,14.852290026532122,14.505736214866438,14.65425968170166,186690,66.12901722437672
2023-09-08,14.852291137256925,17.22865734150474,14.75327548529525,16.98111915588379,4437872,79.61163959100743
2023-09-11,17.52570205433097,18.21880775222135,17.080132621813682,17.62471580505371,2657363,81.24998065082707
2023-09-12,18.07028786076618,18.218810396976984,15.396875598988931,15.792936325073242,1517257,61.48649299431867
2023-09-13,16.040474966706608,16.783089513525127,15.842443665461754,16.585058212280273,649346,66.87500601974477
2023-09-14,16.733580743930688,17.030627695797968,16.337520030007433,16.585058212280273,282586,68.1528849198817
2023-09-15,16.882992050447125,16.98230414723507,16.03884206908063,16.43608856201172,326381,66.87124622297301
2023-09-18,16.436088032066586,17.32989498011858,16.436088032066586,16.63471221923828,563855,66.87372277746425
2023-09-20,16.882992618446917,17.081616818705182,16.436089114976195,16.585058212280273,355072,67.718850293585
2023-09-21,16.63471331523446,17.081616818705182,16.436089114976195,16.585058212280273,399145,67.0941481505597
2023-09-22,16.734025969914164,16.93264828253384,16.187810348213215,16.38643455505371,233697,62.06185936706213
2023-09-25,16.53540204206977,16.833338357357487,16.187810621344525,16.28712272644043,253515,58.686512520481855
2023-09-26,16.28712083879813,17.230582886532734,16.088498545847067,16.63471221923828,1211752,61.9675914061252
2023-09-27,16.982304967660568,18.074734296662506,16.78368076448902,17.180927276611328,1491092,67.80884457744033
2023-09-28,17.57817570532344,17.57817570532344,16.53540147867702,16.833337783813477,552360,64.46751495582299
2023-09-29,17.280237749567505,17.826453309699087,16.882991274884922,17.4292049407959,1507175,53.862847108035936
2023-10-03,17.578176549260473,17.578176549260473,16.684369485159763,16.882993698120117,1025813,43.496582693989055
2023-10-04,16.932647721401104,17.081616818705182,16.386434012022008,16.585058212280273,679053,59.50079749049006
2023-10-05,16.78367995365918,16.98230414723507,16.138154165868578,16.43608856201172,556844,47.887291178521636
2023-10-06,16.5850579398817,16.5850579398817,16.18780954588971,16.33677864074707,273420,46.57533165375411
2023-10-09,16.088500048400743,16.13815515272079,15.145037912553356,15.393317222595215,316793,38.202241371831946
2023-10-10,15.790563864972691,15.889875968620736,15.542284552962991,15.691252708435059,176536,39.56043816888914
2023-10-11,15.889875685251,16.138154992833048,15.691252428607443,15.790563583374023,140929,41.30432241210361
2023-10-12,16.088500431240558,16.138155536742193,15.79056411556819,15.939531326293945,145564,43.15787537152938
2023-10-13,15.939530789079093,16.038842890956072,15.740908479545931,15.790563583374023,162478,43.61700301856538
2023-10-16,15.93953077107111,16.88299289650531,15.79056356553434,16.485746383666992,451450,51.8867972388722
2023-10-17,16.88299233041456,16.98230442884938,16.48574583089601,16.684368133544922,355596,50.48543816042917
2023-10-18,16.882992050447125,17.081616244023017,15.939529972292686,16.43608856201172,619414,42.268019804450255
2023-10-19,16.485745557516037,16.684367856871233,16.386433460728092,16.43608856201172,95841,45.55552283472767
2023-10-20,16.634712485802282,16.68436758628059,16.336778094491102,16.535400390625,444995,38.75000240071138
2023-10-23,16.585058668484457,16.634713772804506,15.145037912553356,15.393317222595215,261679,33.69563878620923
2023-10-25,15.591939204608694,15.79056244695772,14.1022634663255,14.449854850769043,517659,29.523792452095094
2023-10-26,14.598822054769514,14.896757392032224,13.90364023256341,14.797445297241211,220938,34.862376268676655
2023-10-27,14.996069486823236,15.24434877669044,14.698134149560527,14.797445297241211,330647,35.51399789060588
2023-10-30,14.996069486823236,14.996069486823236,14.549166007374009,14.797445297241211,217713,43.18179685319241
2023-10-31,15.095380905109629,15.095380905109629,13.95329653009117,14.350543022155762,825589,35.164810116964745
2023-11-01,14.499510898133881,14.896757382831936,14.350542756039365,14.449854850769043,1260789,35.164823800525994
2023-11-02,14.747791624753884,16.68436913667417,14.449856258646754,15.989188194274902,1812234,50.420176611521626
2023-11-03,16.336778094491102,17.081615966989713,15.989186708480952,16.535400390625,1412409,55.905505619098975
2023-11-06,16.88299310956972,18.124389661743965,16.63471379913487,17.776798248291016,2297821,59.42028904828058
2023-11-07,18.025077600661596,18.273356911674075,16.8333380443342,17.08161735534668,1336560,52.702719186758884
2023-11-08,17.180927842222985,17.37955205193342,16.833338316560994,16.9823055267334,636745,53.793121717650024
2023-11-09,16.98230397962062,20.358901977539062,16.78367978800514,20.358901977539062,9362876,68.54460965939398
2023-11-10,21.89823208162909,23.83481125367873,20.855459846968888,22.394790649414062,15216519,73.4127036145401
2023-11-13,26.267950597688987,27.658314293551875,24.132747110440896,26.069326400756836,5876520,85.4785493818846
2023-11-15,26.16863821700099,27.261067499904808,24.48033824394775,24.778274536132812,3458301,83.5483966696361
2023-11-16,25.17552186602983,25.225176969262993,23.88446834553913,24.132747650146484,1763441,79.74684121305003
2023-11-17,24.778274797855133,24.827929899966776,23.387909208080412,23.636188507080078,1353886,77.30061620765885
2023-11-20,24.132746816164257,24.281715909157192,21.848578050401475,22.345136642456055,1494577,71.59091318302781
2023-11-21,22.841696684275764,22.841696684275764,20.557527773536517,21.153396606445312,1682141,68.66485428568932
2023-11-22,21.153394679285768,21.60029815747348,20.16027752262032,20.458213806152344,1625212,65.96306155510541
2023-11-23,20.65683717148515,22.494104385375977,20.557526966048414,22.494104385375977,2285568,66.83804483829633
2023-11-24,22.941007338704928,23.586533129727,21.352019464805494,22.69272804260254,1457284,66.23036936133688
2023-11-28,22.692729171232024,22.841696377458245,21.40167563075625,21.600299835205078,933016,60.158313565167646
2023-11-29,22.19617057668832,22.295482679012768,20.656837726211393,20.90511703491211,718724,60.15830746817001
2023-11-30,21.252707617528106,21.302364613865148,20.110623220866266,20.507869720458984,1359168,59.22077437482035
2023-12-01,20.85545969995414,20.85545969995414,19.76303047968385,19.961654663085938,812585,48.780486662363344
2023-12-04,20.607182394100143,20.607182394100143,19.365785864335074,19.614065170288086,1250553,40.47620136375947
2023-12-05,20.16027805019757,20.55752643863592,19.167160867543092,19.564409255981445,1253627,20.36199480386574
2023-12-06,19.71337672645648,20.110623226153642,19.117506029800374,19.465097427368164,1061019,22.84264236521858
2023-12-07,19.663721403031047,19.961657723816906,18.86922833604387,19.216819763183594,1470881,23.809532519581666
2023-12-08,19.415440148033284,19.763031540534843,18.571292058813253,18.869226455688477,1386045,24.193552717200163
2023-12-11,19.067852605479683,19.216819819196374,18.27335764195584,18.521636962890625,1999869,26.94611577273635
2023-12-12,19.067850927671003,19.862343927065325,18.57129232949437,19.465097427368164,1818889,39.50617225405649
2023-12-13,19.81268937273881,19.81268937273881,19.365785864335074,19.614065170288086,749662,44.37086648644703
2023-12-14,19.862343919212602,20.358902517192917,19.71337671866265,20.1602783203125,1559877,30.57849744246944
2023-12-15,20.309247703792586,20.309247703792586,19.61406489904937,19.713376998901367,1185637,26.19046312538144
2023-12-18,20.110622942941067,20.16027804437116,19.663719453187433,19.911998748779297,681876,34.25922566905173
2023-12-19,20.11062493709939,20.11062493709939,19.06785254990111,19.216819763183594,1711350,34.25925003841141
2023-12-20,19.51475368453012,19.5644106838193,17.975422696761452,18.372669219970703,1248613,31.623916190901426
2023-12-21,18.32301276334367,19.216817848190036,17.677485079746187,18.869226455688477,799042,40.517229675473146
2023-12-22,19.266474083142533,19.266474083142533,18.27335684283394,18.471981048583984,1028537,40.17092754391132
2023-12-26,18.720258966603787,18.869226162728562,18.07473318724931,18.27335548400879,1143552,39.1666389250952
2023-12-27,18.571293410834514,18.86922782939986,18.32301409728978,18.720260620117188,614416,44.09449080863839
2023-12-28,19.167161929640738,20.557527577777005,19.06785172124884,19.514753341674805,8182892,52.173903361970225
2023-12-29,19.8623450340152,20.209936450954633,19.167162200136335,19.415441513061523,2584991,54.13534790039838
2024-01-01,19.763032930000957,20.011312242926145,19.316131303268115,19.415441513061523,2157733,57.14285714285714
2024-01-02,19.564409800811813,19.763032106341527,18.819571893078685,19.0181941986084,2278867,46.08694867971718
2024-01-03,19.167161126663206,19.316130221451846,18.47198022593937,18.769914627075195,1859570,42.73502842442412
2024-01-04,18.96853965583123,19.067851758638675,18.471981036014814,18.81957244873047,1855205,37.38319535157885
2024-01-05,18.869226455688477,19.067850649752422,18.521635063186917,18.869226455688477,2113766,41.41412808910817
2024-01-08,19.117505751158063,19.117505751158063,18.720259257250866,18.869226455688477,1175223,38.947375230821926
2024-01-09,19.018194471294304,19.614065184868647,18.670603063857538,18.918882369995117,3138105,46.341438279322475
2024-01-10,19.067850649752422,19.1671608525637,18.521635063186917,18.869226455688477,1627940,57.57573288527874
2024-01-11,18.869227266455916,19.11750657259349,18.76991516515673,18.918882369995117,824528,50.87719298245614
2024-01-12,19.06785011291504,19.51475169564578,18.819570824435523,19.06785011291504,1667210,61.53841608132554
2024-01-15,19.2664737701416,19.614065177446843,19.067851461839165,19.2664737701416,1281293,69.23076923076923
2024-01-16,19.26647267696099,19.514751968917242,18.62094689671887,18.968538284301758,930904,55.10200562059788
2024-01-17,18.86922672552738,18.968538823979564,18.67060252862301,18.769914627075195,542792,29.729729729729726
2024-01-18,18.76991545021634,19.018194760124548,18.273356830399926,18.81957244873047,628034,33.333404465309826
2024-01-19,18.968538823979564,19.06785092243175,18.720259524959467,18.769914627075195,706601,32.43246890766771
2024-01-23,20.954774856567383,20.954774856567383,20.954774856567383,20.954774856567383,2977186,76.71230065604341
2024-01-24,22.7920401465738,23.040319442749023,21.55064366569768,23.040319442749023,9922888,89.09087417153792
2024-01-25,23.288600011324103,25.32448959350586,23.139630910103307,25.32448959350586,6991101,92.25803589749181
2024-01-29,26.516230440681973,26.565885543823242,25.87070273452087,26.565885543823242,1485891,93.29606504947121
2024-01-30,27.856936902365977,27.856936902365977,25.27483367919922,25.27483367919922,4814645,81.46340421441616
2024-01-31,24.033435821533203,24.827928784963788,24.033435821533203,24.033435821533203,2863589,72.48906912579676
2024-02-01,22.84169578552246,23.785157890873645,22.84169578552246,22.84169578552246,2552129,65.87301030826009
2024-02-02,22.39479201460548,23.983779907226562,21.898233416550184,23.983779907226562,5080526,68.61313070466156
2024-02-05,24.97689683670215,25.175521031492192,23.089974563079572,24.778274536132812,3459616,70.0348365370215
2024-02-06,25.274833682935007,25.423800885182683,23.536878570197022,24.232059478759766,2161194,67.00679423323075
2024-02-07,24.281716205250373,24.728617807016626,23.834812709263392,24.331371307373047,1470813,68.62068211906056
2024-02-08,24.62930627828564,24.827930479812448,23.3382546510237,23.785158157348633,1052489,67.00336726464197
2024-02-09,24.083092576713973,24.132747680008578,22.59341674722651,23.089975357055664,1314543,63.87096118682621
2024-02-12,23.387910087141968,23.834813599827044,21.947891235351562,21.947891235351562,1172318,59.63855846837757
2024-02-13,21.60029796692785,22.69272720846718,20.905115205706284,22.295480728149414,997690,54.57626412431218
2024-02-14,22.24582508334264,23.040319986381764,21.401675077585153,22.494104385375977,757469,47.85991962013114
2024-02-15,22.742384465484065,23.58653450012207,22.643072362428864,23.58653450012207,840740,42.48926996174526
2024-02-16,23.53687774843231,24.132746536618907,23.040319162129695,23.139629364013672,788130,34.101377267884416
2024-02-19,23.04032080169719,23.437567320163527,22.841696595353618,22.8913516998291,731918,37.75509984108285
2024-02-20,22.89135143625625,23.288599844369454,22.494104922363846,22.6430721282959,678326,42.045456777519064
2024-02-21,22.841695513044087,23.238942012687662,22.394792017057107,22.593416213989258,567961,48.366011431015984
2024-02-22,22.79204041092141,22.79204041092141,21.848578316824778,22.593416213989258,540305,39.230774458348364
2024-02-23,22.84169524141983,23.536878028194803,22.44444874650015,22.69272804260254,708865,31.896550296843543
2024-02-26,23.238942018350205,23.238942018350205,21.550643920898438,21.550643920898438,2067082,28.906254688886037
2024-02-27,21.451331814434827,21.600299015004506,20.507869720458984,20.507869720458984,2496855,23.809522565230054
2024-02-28,20.20993616574294,20.805806887198365,19.514753341674805,19.514753341674805,2878550,22.435894910496643
2024-02-29,18.869226728166854,20.060968121318314,18.57129232698935,19.11750602722168,3907408,23.333331626162334
2024-03-01,19.415440428399183,20.060968121318314,18.91888183028953,19.11750602722168,1553480,27.55904987879255
2024-03-04,19.96165602285224,19.96165602285224,18.91888183028953,19.11750602722168,822471,23.333348271073902
2024-03-05,19.117505212922683,19.71337588411765,18.769913830207233,19.06785011291504,687190,20.512833981620346
2024-03-06,19.36578587873107,19.36578587873107,18.422323757719962,18.918882369995117,691854,2.0408179263364588
2024-03-07,19.117505735074474,19.216817832022898,17.97542135571936,18.174043655395508,1652143,1.923079053884095
2024-03-11,18.223700075395357,18.3726672690026,17.280238025515075,17.32989501953125,1138582,1.724139643787737
2024-03-12,17.379551208118034,17.52851841105775,16.48574609625897,16.932647705078125,815148,1.6806738963920225
2024-03-13,16.88299290583684,17.230584315095285,16.08849987972107,16.138154983520508,856637,1.4925390247873622
2024-03-14,15.79056465079154,16.932649164027925,15.442974164946337,16.0885009765625,1833023,1.481483589100847
2024-03-15,16.088499889004954,16.734025709874118,15.442973121025396,15.790563583374023,1578728,0.0
2024-03-18,15.790563177688057,16.386433879420213,15.393316674606867,15.591939926147461,1473224,0.0
2024-03-19,15.691253037729378,15.889876302083334,14.847102980337029,14.896759033203125,1516105,0.0
2024-03-20,15.045724729582531,15.393316117532232,14.549166145146007,14.747790336608887,1392867,0.0
2024-03-21,14.946413305448633,15.442971880731909,14.49951077711575,14.847101211547852,1782035,2.2222037278649225
2024-03-22,14.946415086069223,15.294005561911035,14.747791821715268,14.896759033203125,2152493,3.2967271849299067
2024-03-26,15.045724866300096,15.045724866300096,14.598822325668376,14.698134422302246,882024,3.157916868578866
2024-03-27,14.797445707198875,14.896757804741293,14.598822459224396,14.648478507995605,773344,3.157916868578866
2024-03-28,14.797446764994072,15.343661446302804,14.797446764994072,15.294005393981934,1500547,15.238121890854387
2024-04-01,15.39331732341465,16.038843154907227,15.34366127165897,16.038843154907227,814146,29.523831124742458
2024-04-02,16.63471465443074,16.833338870679473,16.138156008029824,16.783681869506836,1383183,44.66021082968084
2024-04-03,16.83333854329763,17.578176498413086,16.38643501254001,17.578176498413086,1259934,55.85587518465984
2024-04-04,18.372669219970703,18.422324325039046,17.92576569747227,18.372669219970703,1666005,70.27025998235848
2024-04-05,18.471980233889848,18.471980233889848,17.677485340151144,18.07473373413086,1408416,67.24134619714803
2024-04-08,18.42232323490842,18.42232323490842,17.478863034892775,17.727142333984375,738411,66.6666557232704
2024-04-09,17.876108408701683,17.97542050092748,17.280237749567505,17.4292049407959,475162,65.54618620898464
2024-04-10,17.578175405275488,17.677485611071692,17.230584002326506,17.28023910522461,558955,72.22218665619603
2024-04-12,17.280238832707962,17.379550931158725,16.93264743524064,17.031959533691406,481636,70.90906837022013
2024-04-15,16.287123004619275,16.585059324995648,16.18781089782715,16.18781089782715,919733,60.80000331873806
2024-04-16,16.18780979615878,16.9823047022052,16.13815469325246,16.932647705078125,1184780,64.74818603137074
2024-04-18,17.28023856052407,17.379550657410554,16.93264716853172,17.131271362304688,516963,67.62589560266088
2024-04-19,16.9823047022052,17.280239108084636,16.535401199165292,16.932647705078125,451192,66.1971781457302
2024-04-22,17.0319592654182,17.28023856052407,16.98230416408531,17.131271362304688,288835,63.90976683590283
2024-04-23,17.478862213138495,17.52851731293403,17.081615732112297,17.32989501953125,351434,60.65573202734762
2024-04-24,17.528517033021696,17.776796316475885,17.08161545933652,17.4292049407959,427585,55.9632759183311
2024-04-25,17.77679715902892,17.77679715902892,17.379550665518355,17.478862762451172,421086,48.936148477051056
2024-04-26,17.677486419677734,17.776798524237442,17.37955200021945,17.677486419677734,380762,41.46340663654343
2024-04-29,17.876109537141,18.174043938405063,17.677485340151144,18.07473373413086,679029,50.0
2024-04-30,18.174044211268807,18.2733563112548,17.876109805531584,17.975421905517578,336189,53.16456003936433
2024-05-02,18.223701485021593,18.223701485021593,17.77679797541067,17.876110076904297,663580,56.000034826306354
2024-05-03,17.876109263975977,18.025076462331636,17.677485070021298,17.826454162597656,348810,57.53425450412527
2024-05-06,18.273356314047575,18.273356314047575,17.528518405369923,17.627830505371094,366647,58.33334222484937
2024-05-07,17.528517855629932,17.82645414628939,16.882992067198824,17.131271362304688,368234,64.61536370507426
2024-05-08,16.982304967660568,17.280239378197102,16.833337762392297,17.180927276611328,157256,54.90196078431373
2024-05-09,17.379552336300122,17.379552336300122,16.78368159163994,16.882993698120117,414186,45.28305168643884
2024-05-10,16.982305266422095,17.13127247431107,16.58505874731122,16.734025955200195,298575,46.153880246748514
2024-05-13,16.78367968145787,16.93264687711346,16.13815390413654,16.535400390625,293935,38.46153846153846
2024-05-14,16.5850581935474,17.329896102343465,16.5850581935474,17.28023910522461,292262,49.20634920634921
2024-05-15,17.23058265056491,17.677484224250087,17.180925657341707,17.4292049407959,277197,50.0
2024-05-16,17.677486186399967,17.826455288384107,16.88299314884837,17.08161735534668,303096,44.285732315541736
2024-05-17,17.081616268940603,17.826454154605678,16.98230417200779,17.478862762451172,401874,47.29729168569934
2024-05-21,17.776796316475885,17.776796316475885,17.280237749567505,17.4292049407959,402420,40.29846211176564
2024-05-22,17.478863034892775,18.07473373155676,17.478863034892775,17.727142333984375,533773,46.47886942954276
2024-05-23,18.025077011155023,18.025077011155023,17.478863302479716,17.627830505371094,297068,46.47886942954276
2024-05-24,17.62783023289272,17.876109531947545,17.280238835371815,17.37955093383789,481089,43.99999385418438
2024-05-27,17.627831081885798,17.727143185134953,17.031960356611695,17.08161735534668,544697,42.857157109968746
2024-05-28,17.329896666359154,17.329896666359154,16.982305252097525,17.08161735534668,233012,49.253758724971696
2024-05-29,17.280238576332636,17.925764365354297,16.783679985666637,17.826454162597656,976398,58.02470657972732
2024-05-30,17.826455288384107,17.826455288384107,16.982305252097525,17.08161735534668,569921,52.22222601593816
2024-05-31,17.031959805111523,17.329896105211713,16.833337499265483,16.932647705078125,480530,52.22220372786492
2024-06-03,17.627830511091148,17.776797714030867,16.783680502138406,16.932647705078125,880920,54.65117110035196
2024-06-04,16.882993177934125,17.031960385954086,16.08850013901379,16.38643455505371,791817,39.02438795886983
2024-06-05,16.734025415363593,16.98230471857605,15.790563305467964,16.585058212280273,424051,39.75906346578009
2024-06-06,16.8829939776312,17.230585408956024,16.68436976138247,16.783681869506836,422938,46.24999639893639
2024-06-07,17.08161735534668,17.13127245986085,16.88299314884837,17.08161735534668,280219,44.871816969040964
2024-06-10,17.37955132631876,17.419276924290603,17.081616918413033,17.170997619628906,543529,46.70054794667452
2024-06-11,17.349755734372305,17.349755734372305,16.873059962321253,16.97237205505371,645678,40.10415077655447
2024-06-12,17.220651982841414,18.660672645684848,16.912786188672793,18.630878448486328,4105589,59.33456069773749
2024-06-13,18.869226782506864,18.869226782506864,16.882992384348245,18.193906784057617,1979030,57.321425815512356
2024-06-14,18.56135954275978,18.620946039705075,18.074732380228625,18.22369956970215,714361,60.7879657915655
2024-06-18,18.670603827720647,18.670603827720647,17.975422878626233,18.035009384155273,1380769,58.695649148443884
2024-06-19,18.372669712591495,19.316131887953468,18.1740454985508,18.402463912963867,3086187,55.642039193765406
2024-06-20,18.819571514292406,18.869226616120226,18.402462218588287,18.531566619873047,792364,66.15042207870843
2024-06-21,18.89902287728921,19.04799009325876,18.372670027027798,18.422325134277344,932343,66.74110300680516
2024-06-24,18.372668243090956,18.72025964275034,18.2634247446841,18.313081741333008,718033,65.141634625805
2024-06-25,18.471979946240776,18.86922643981377,18.124388554031643,18.174043655395508,887191,71.53107827461359
2024-06-26,18.074732641952213,18.37266702521337,17.935694954772472,18.124387741088867,582805,69.23074356943448
2024-06-27,18.07473411320866,18.273356420143458,17.68741711037739,17.866178512573242,461650,63.32517522250887
2024-06-28,18.07473246446781,18.114456164542947,16.634711872997684,17.19085693359375,946364,51.23038776130137
2024-07-01,17.19085862514695,18.07473424299297,17.12134072250957,17.409345626831055,1607767,52.608692566197945
2024-07-02,17.558311509343735,18.313080770403833,17.240514324522774,17.32989501953125,1392612,54.01786384126174
2024-07-03,17.77679726454971,17.866177962897726,17.230583569508013,17.369619369506836,885847,27.719303447518328
2024-07-04,17.369620783811175,17.568244995028596,17.19085937255967,17.339826583862305,764434,32.37706401943237
2024-07-05,17.439136786836432,17.76686537363492,17.250445890409278,17.687416076660156,997872,40.21738600977681
2024-07-08,18.07473373413086,18.571292332384775,17.727142336508972,18.07473373413086,1483951,50.675669099598814
2024-07-09,18.174044091087545,18.710328290933116,17.95555898793976,18.08466339111328,1303611,43.84609759286494
2024-07-10,18.223701087471458,18.8195717892135,17.121340383959712,18.432254791259766,1975531,48.2269508376251
2024-07-11,18.571293963610117,19.008264204616292,18.372669749173934,18.521636962890625,1789273,51.785711836016866
2024-07-12,18.849363578074396,20.368833541870117,18.521634985203242,20.368833541870117,5704935,72.74721897906963
2024-07-15,21.649954800918398,22.40472412109375,21.30236528668437,22.40472412109375,6507101,82.97212711057914
2024-07-16,23.040319942971472,23.685845748197757,20.756149232035952,20.98456573486328,10024907,68.36733968965704
2024-07-18,21.848578947776303,22.245825458891716,20.64690801487458,20.776012420654297,3716062,68.80615468819148
2024-07-19,20.776012946651598,21.838648101121418,19.862345000843945,20.110624313354492,2393586,68.8946149324827
2024-07-22,20.5078695606959,21.35201954964218,20.120554463387904,20.845529556274414,2132927,70.84337003700912
2024-07-23,21.153396243145657,21.45133254870396,19.514753192347747,20.66676902770996,2078878,70.00001143195529
2024-07-24,21.05408631517942,22.28555146953749,20.954774212007464,21.72940444946289,3229819,73.2767889238402
2024-07-25,21.749265304892457,22.59341526506883,20.865391643530483,21.957820892333984,2756023,74.14330789660681
2024-07-26,22.325274340329567,22.325274340329567,21.550644131809886,21.67974853515625,1574364,71.02511725308948
2024-07-29,22.31534277108441,22.31534277108441,21.55064396775434,21.669816970825195,1139182,69.71677892646922
2024-07-30,21.85850976711486,21.997545568759467,21.242776270564548,21.32222557067871,1137592,67.1218533803711
2024-07-31,21.749266113853576,22.613278903869915,21.302364514234682,22.35506820678711,3219236,69.34378653969725
2024-08-01,22.6132794150485,23.517015928157143,21.15339589831857,21.34208869934082,4454239,62.74685722472388
2024-08-02,21.25270666411233,22.24582381565235,21.05408437033671,21.838645935058594,2175107,57.56645941680316
2024-08-05,20.60718120533395,21.113671187566712,20.110622622072892,20.239727020263672,2187788,38.32975128846689
2024-08-06,19.9318628516188,21.113672906369636,19.385649123254225,19.9914493560791,1635554,43.87254953879279
2024-08-07,20.398627910719554,20.855460907077212,19.653790021181084,20.726356506347656,1605940,49.712312545665995
2024-08-08,20.85546215171228,21.123604262561578,19.812689801814994,19.872276306152344,1196053,48.648648648648646
2024-08-09,20.299316026484597,20.458214626384144,19.663719732665687,19.81268882751465,923201,43.65854172668442
2024-08-12,19.36578516458598,20.16027815723968,19.266473066949086,19.45516586303711,1170005,42.72076158992761
2024-08-13,20.209935265443466,20.964704559767913,19.5147524723439,19.693513870239258,1583326,36.4238365110888
2024-08-14,20.110624647336646,20.160279752975057,19.21681948629919,19.316131591796875,675928,32.72728179725284
2024-08-16,19.564409080197848,19.663719282194446,18.799708401811667,19.206886291503906,564325,33.46613220646434
2024-08-19,19.345922635100035,19.81268893221471,18.968538931899513,19.355854034423828,931755,34.81095179275097
2024-08-20,19.415442031869095,19.723309751961985,18.819573180302864,19.097644805908203,942900,35.224282061007685
2024-08-21,19.167161689815554,21.004428935389356,18.96853938129617,20.428421020507812,5368575,37.690350752336364
2024-08-22,20.607181549072266,20.954772941997142,19.842480863481676,20.607181549072266,2096121,44.744312020386396
2024-08-23,20.756148971472797,20.756148971472797,20.259590374575264,20.388696670532227,743110,39.201191207091554
2024-08-26,20.25959030945296,20.43835170683678,19.862343812055986,19.92193031311035,762543,47.15303068774462
2024-08-27,20.20993520287066,20.20993520287066,19.326059615371403,19.574338912963867,1127544,46.32866017568494
2024-08-28,20.04110687341496,20.319178497570245,19.58427194281276,19.67365264892578,698918,39.56693478993986
2024-08-29,19.862344047103285,19.862344047103285,18.283287543820915,18.660673141479492,2454806,38.35878023472701
2024-08-30,18.869225859369024,19.087710950558076,18.789776563098403,18.94867515563965,465719,42.04751491863393
2024-09-02,19.206886324575724,19.206886324575724,18.064801951662165,18.283287048339844,1186273,39.7923792650404
2024-09-03,18.442186310253128,18.571292608482164,18.22370120569267,18.323013305664062,508865,37.63441822460385
2024-09-04,18.025077709115106,18.501773534514253,17.657625387369407,18.134321212768555,855423,38.96103387074763
2024-09-05,18.19390732155886,18.660673631217048,18.19390732155886,18.34287452697754,562733,42.07650158525591
2024-09-06,18.630878218037893,18.630878218037893,17.985352440486746,18.15418243408203,513733,39.059671676583235
2024-09-09,18.154184677141092,19.266474977134948,18.154184677141092,18.640811920166016,1328130,46.00695405376388
2024-09-10,18.720260620117188,18.86922782939986,18.471981306572452,18.720260620117188,440249,30.888906719338564
2024-09-11,18.75005126929634,18.849363364786413,18.154182484797236,18.27335548400879,532037,25.36689049110521
2024-09-12,18.273356449254955,19.862344378368594,18.174044348518958,19.028125762939453,1853504,37.099823459903774
2024-09-13,19.09764356154948,19.21681846063009,18.769914956853743,18.789777755737305,441128,38.77954854607883
2024-09-16,18.789777818123287,19.04798852180463,18.3925313102369,18.56136131286621,564024,39.71776972723317
2024-09-17,18.422324271344774,18.750052888814803,18.094595653874745,18.253494262695312,466075,36.17021197556831
2024-09-18,18.471980114071645,18.630878712944543,18.035008020060804,18.183975219726562,703339,44.31278100223504
2024-09-19,18.372668181294713,18.412393778480222,17.548380981902753,17.846315383911133,580272,37.00236225005667
2024-09-20,18.125165130528416,18.40401259747119,17.846315764079733,18.22475242614746,504282,49.259742220768516
2024-09-23,18.41397130735018,18.623108802524875,18.025575544247577,18.274547576904297,402941,49.38863540342364
2024-09-24,18.51356150123021,18.51356150123021,18.07537016820239,18.105247497558594,342536,49.631450344323014
2024-09-25,18.145081954753795,19.907804489135742,18.145081954753795,19.907804489135742,8367627,64.12813635624764
2024-09-26,20.116941785866587,21.07299351692659,19.529367613837902,20.40574836730957,4960461,69.25206102761899
2024-09-27,20.88377472579297,21.650609090372722,20.405748848979357,20.535215377807617,2055008,67.25185326459085
2024-09-30,19.91776267039591,20.465500384029447,19.220640217129706,19.738502502441406,1500084,58.20144397721148
2024-10-01,19.768380276485626,20.415707197983934,19.618997432986927,19.778339385986328,1244495,62.97258878975773
2024-10-03,19.56920249256,20.01735293646455,19.071258399113148,19.230600357055664,1091574,51.80987752744355
2024-10-04,19.27043728270173,19.40986102454415,18.553396554355533,18.842205047607422,767463,50.45639378014661
2024-10-07,18.57331426043665,19.02146470324987,17.826398122085262,18.105247497558594,761669,46.35236628292038
2024-10-08,18.13512201565532,19.170846587193804,18.075369259452984,18.882038116455078,802103,54.675892318458665
2024-10-09,19.170848039713857,19.658833034602214,19.02146518813677,19.270437240600586,596386,57.71635902955933
2024-10-10,19.300312010906904,20.067146362141834,19.13101094504342,19.210683822631836,829332,60.08837101723982
2024-10-11,19.469613293969434,19.499490623398394,19.0812175089228,19.230600357055664,519083,57.85381281215449
2024-10-14,19.47957175178805,19.529367299169635,18.413971731398917,18.74261474609375,670618,53.42066600688588
2024-10-15,18.802368571358087,19.091177064056932,18.623110289120827,18.752574920654297,606079,54.843514075883895
2024-10-16,18.921875327079288,18.941793546462907,18.48368399816947,18.692821502685547,450472,37.701634000430154
2024-10-17,18.533480089713116,18.782452140786077,18.45380910935001,18.483684539794922,329482,29.336222159065045
2024-10-18,18.433890852697072,18.473725393046347,18.075370492023588,18.394054412841797,305581,26.781869512611294
2024-10-21,18.623110220052173,18.78245218112057,17.965824155768544,18.055452346801758,455580,29.736236693913042
2024-10-22,18.224753585727825,18.224753585727825,17.278660920608832,17.378250122070312,532755,24.948038110163992
2024-10-23,17.208948756172703,17.537591785740823,16.78071652684024,17.1790714263916,467818,26.905840572677562
2024-10-24,17.378249593363325,17.477836892288984,15.984004614332456,16.64129066467285,725793,26.030366871054014
2024-10-25,16.82054977299967,16.82054977299967,16.103511008970624,16.631332397460938,490948,30.92783657818798
2024-10-28,16.681125997160468,17.298577466867783,16.332564775527587,16.969934463500977,623278,22.09308087300691
2024-10-29,17.208947465137932,17.268700220711416,16.780715267931935,17.149192810058594,362877,17.02782173832351
2024-10-30,17.328453452340753,17.97578037077045,17.169111500096705,17.706892013549805,388071,29.758712723755025
2024-10-31,18.025575959948075,18.21479524099254,17.567466421551877,17.79652214050293,376948,31.052656513973062
2024-11-01,17.796522692235026,18.21479580569204,17.786563582449624,18.105247497558594,194748,41.16024379404482
2024-11-04,18.3641781183476,18.3641781183476,17.477836368333662,17.886150360107422,357791,38.642282504770556
2024-11-05,17.627220981402157,18.135122265374587,17.587384543714805,18.045494079589844,342207,41.730288082449064
2024-11-06,18.314381982453625,18.314381982453625,17.876192575778642,18.005657196044922,255682,43.6170169415552
2024-11-07,18.125166339210278,18.324342843236415,17.975781586808132,18.07537078857422,300389,45.72194074288014
2024-11-08,18.304424065466108,18.304424065466108,17.68697445243351,17.766645431518555,219761,46.09166006750248
2024-11-11,17.766645690093107,18.174959701284777,17.64713826997325,17.87619400024414,385861,57.961756633119855
2024-11-12,18.204836415995164,18.204836415995164,17.42804296023129,17.47783660888672,249003,54.49098500109237
2024-11-13,17.67701560281128,17.67701560281128,16.37240258877534,16.840469360351562,421729,52.90698548386288
2024-11-14,16.760797287779695,17.09939940668481,16.232975890779162,16.312646865844727,487011,45.95958985301664
2024-11-18,16.48194775152661,16.711003464492794,16.203100291489992,16.382360458374023,291123,42.00544565401309
2024-11-19,16.601455606244564,16.98985137853483,16.10351152915205,16.422195434570312,211981,39.71836061753066
2024-11-21,16.581538417799973,17.527632982876625,16.073635199659392,16.860387802124023,296954,37.60938512049673
2024-11-22,17.119318216479922,17.169111865300632,16.45207306495028,16.621374130249023,190361,33.519612248828395
2024-11-25,16.830509020536386,17.019728297136677,15.237088582062697,16.47199058532715,483451,26.023478760978193
2024-11-26,16.63133256977995,16.73091986340865,16.40227685571867,16.56161880493164,164950,29.78728854012644
2024-11-27,16.890262749679103,16.93009918894537,16.63133349247225,16.730920791625977,164434,30.000040625846978
2024-11-28,16.900221538524526,17.428042951742288,16.730920473870224,16.959976196289062,277983,34.957080438096725
2024-11-29,16.95997542622191,18.14508092548643,16.83050890644978,18.005657196044922,614212,49.216987284130575
2024-12-02,18.18491854659153,18.21479587606316,17.457920625002256,17.766645431518555,234656,50.0
2024-12-03,17.906069092573755,17.99569918109491,17.44796143969316,17.587385177612305,359373,46.756140814667766
2024-12-04,17.776604503083895,17.906069131503717,17.537591566343163,17.67701530456543,197588,52.40385788494023
2024-12-05,17.6869732571401,18.394052911296864,17.547549528040083,17.916027069091797,379083,64.3616755755092
2024-12-06,17.68697480554798,18.911916845750824,17.57742649480421,18.662944793701172,1273462,79.64825341768656
2024-12-09,18.72269618371533,18.772491730183525,18.374136855967304,18.453807830810547,459733,75.24271506169855
2024-12-10,18.70278010538394,18.70278010538394,17.92598666603369,18.045494079589844,277054,68.15145535652589
2024-12-11,18.22475305442499,18.274548603457063,18.085329316147128,18.19487762451172,172333,65.95237932378913
2024-12-12,18.344260045038325,18.433890131701038,17.627221251242553,17.726808547973633,334908,62.52819874745249
2024-12-13,17.726807885712393,17.766644322521305,17.388205770860072,17.667055130004883,147649,63.82486913374527
2024-12-16,17.9160289066231,17.9160289066231,17.667056850834275,17.73676872253418,194429,63.65741818299504
2024-12-17,17.836357636520304,17.916028617105024,17.447961843608038,17.5375919342041,202228,59.31036122426337
2024-12-18,17.76664523637519,17.76664523637519,17.278660257400926,17.31849479675293,174255,54.14745008395648
2024-12-19,16.94005804798186,17.26870106903946,16.94005804798186,17.13923454284668,140837,37.46399301026989
2024-12-20,17.26870026462737,18.224751954257883,17.02968734221974,17.23882293701172,379021,42.04202787940206
2024-12-23,17.67701461615581,17.83635656777759,17.0296877002541,17.09939956665039,129123,42.553193966528454
2024-12-24,17.039646544222073,17.39816498003306,16.93009824187395,16.989850997924805,161198,39.57703123372641
2024-12-26,17.029688838743134,17.11931892996068,16.730921234849312,16.7707576751709,144709,32.522847311442376
2024-12-27,16.73092000323441,17.069522123018242,16.24293504225321,16.40227699279785,301193,10.996592749671407
2024-12-30,16.830510100374973,16.830510100374973,16.292731463304527,16.481948852539062,159025,14.38854174560636
2024-12-31,16.58153816328358,16.8703466532761,16.491908073251828,16.750839233398438,79242,25.378836242919476
2025-01-01,16.820551326066855,16.900222307204004,16.581538382655413,16.7707576751709,135256,21.51401505469056
2025-01-02,16.88030605772645,17.119319002145712,16.760798635763802,16.95001792907715,121757,32.432518703586126
2025-01-03,17.129276491204667,17.288618439071197,16.840468023505423,17.149192810058594,192533,38.983049471974866
2025-01-06,17.318493787929395,17.318493787929395,16.372401214235392,16.541702270507812,237667,29.310327747702885
2025-01-07,16.432154806386308,16.87034613308494,16.352483828759826,16.5317440032959,150140,31.36529331198082
2025-01-08,16.720962529054486,16.79067439387747,16.232975676281896,16.2927303314209,199776,31.13552496807958
2025-01-09,16.163265299271707,16.55166299540344,16.163265299271707,16.342525482177734,144786,34.61540444759393
2025-01-10,16.382361557566693,16.382361557566693,15.94417022017211,15.964088439941406,122269,27.777807333714605
2025-01-13,15.9342108708295,15.96408820003445,14.739145245467883,14.908446311950684,284296,21.052642189604626
2025-01-14,14.908446038691277,16.043758884339614,14.888527819586395,15.486061096191406,350639,32.31851120249168
2025-01-15,15.834621310679644,15.884415908462252,15.346636341866606,15.5657320022583,123623,35.35108060562793
2025-01-16,15.974047587137242,16.183183196685377,15.764910078083117,16.05371856689453,129253,45.882381835207845
2025-01-17,16.223019186606333,16.223019186606333,15.884416107394621,16.01388168334961,99699,44.41805641674897
2025-01-20,16.013881279360724,16.302689752880323,15.744991974355262,16.063674926757812,160894,41.353362706504605
2025-01-21,16.113471326836,16.342525156199954,15.934211147505604,16.05371856689453,129660,40.95476891213253
2025-01-22,16.06367551610878,16.232976582778512,15.764909821753234,15.944169998168945,97343,37.0843752372602
2025-01-23,15.735033586601487,15.94417014442051,15.735033586601487,15.784828186035156,108679,32.299763788996714
2025-01-24,15.92425136679286,15.92425136679286,15.535855594275395,15.73503303527832,91814,37.76435578484231
2025-01-27,15.834621906285646,15.94417021547854,14.938322911497021,15.187294960021973,237945,32.467536343848735
2025-01-28,15.207212670361043,15.386471893461993,13.842845054366448,14.281036376953125,535783,27.65487250629016
2025-01-29,14.500132381240505,15.227130299895125,14.39058407312604,15.087705612182617,253045,38.068173986473
2025-01-30,15.227130411950407,15.326719611014067,14.938322874369385,15.097664833068848,123358,41.14052142836664
2025-01-31,15.217171155910448,15.366554953070889,14.908446351334238,15.257006645202637,114064,54.364083582089556
2025-02-01,15.535856133083065,15.744992690827555,14.938322839597951,15.266965866088867,152455,46.80232833278122
2025-02-03,15.336677732545045,15.336677732545045,14.858651857648935,15.008034706115723,121584,42.26519600088671
2025-02-04,15.008034086837183,15.386471697057575,14.76902115925155,15.037911415100098,136009,33.86073714913445
2025-02-05,15.087704993042015,15.276924272155096,15.008034017547963,15.117582321166992,130608,35.93749064831562
2025-02-06,15.13749966005097,15.31675983061667,15.017993196258155,15.037911415100098,109633,34.055742515579
2025-02-07,15.237088812279428,15.237088812279428,14.89848669093387,14.948281288146973,95813,33.232615375535545
2025-02-10,14.988117025838834,15.276924554786097,14.739144985375574,14.798897743225098,125605,32.8358136425056
2025-02-11,14.798897841960791,14.798897841960791,14.14161180271296,14.290995597839355,171103,29.72972833073527
2025-02-12,14.390584320876371,14.699310081214497,13.753216479795851,14.42046070098877,243949,32.539680730136084
2025-02-13,14.639555869480901,14.639555869480901,13.643667702172635,13.773133277893066,380736,31.701024694045486
2025-02-14,13.94243445487453,14.042023652310538,13.474366746530052,13.783092498779297,156453,41.61074170573166
2025-02-17,13.942434605644582,14.838733593249112,13.593873360602274,14.14161205291748,216664,31.225300332438934
2025-02-18,14.380624676070605,14.380624676070605,13.504243927179635,13.683503150939941,133780,26.174488448887317
2025-02-19,13.544079959643746,14.131653202442996,13.544079959643746,13.992229461669922,192277,29.71248098162212
2025-02-20,14.071900180118687,14.071900180118687,13.763174424611949,13.882680892944336,154324,28.48297764348159
2025-02-21,13.942434158391997,14.061940622922146,13.753215826990834,13.84284496307373,133409,30.564787012628386
2025-02-24,13.783092347281308,13.892639703454437,13.524161196596129,13.683503150939941,80823,28.343954483573
2025-02-25,13.643668249275942,13.862763920800202,13.494285398090723,13.563997268676758,97920,25.47171402226357
2025-02-27,13.803009680636924,13.812968790267785,13.23535372821932,13.344901084899902,85615,24.39759904931121
2025-02-28,13.394695682278476,13.444490280676018,11.602096788237747,11.880946159362793,385675,17.234054951422607
2025-03-03,12.020369935125997,12.448602153114072,11.771397892063716,11.970576286315918,463532,19.396568448182066
2025-03-04,12.050247081008454,12.339054608582064,11.92078150661298,12.040287971496582,195146,23.095242221002152
2025-03-05,12.19963022422831,12.737409804285805,12.050247376894054,12.239465713500977,332500,24.355983871759904
2025-03-06,12.548191249028829,12.66769771476445,12.368931075548915,12.47847843170166,295531,33.160624203954384
2025-03-07,12.697574432721355,12.697574432721355,12.368931405737042,12.508356094360352,253394,33.50516863338984
2025-03-10,12.548191129073796,12.558149288808512,12.109999809145796,12.209589004516602,185719,24.60734808639458
2025-03-11,12.289259968765993,12.289259968765993,11.791315891910017,11.950657844543457,211352,25.96686982837069
2025-03-12,12.09008238866405,12.289259827160791,10.94481045524013,11.422837257385254,521646,16.40625370170453
2025-03-13,11.462673221431848,12.090082891084169,11.203742065749367,11.29337215423584,293563,16.32125245698127
2025-03-17,11.392960014283272,11.691726649133544,10.656003011471428,10.914934158325195,307074,15.000007980098104
2025-03-18,10.914934158325195,10.914934158325195,10.914934158325195,10.914934158325195,0,15.594066505184259
2025-03-19,10.984646124550881,11.851068708651159,10.904975147834968,11.612055778503418,500203,28.78787721761185
2025-03-20,12.050247267393168,12.438643046834065,11.711645136775893,12.229506492614746,437424,38.84462424993438
2025-03-21,12.438642902748324,12.777245029443327,12.239465460502133,12.388848304748535,393173,56.87330256242415
2025-03-24,12.597984648465367,12.936586769567707,12.408766318895031,12.627861976623535,549423,58.54921354290968
2025-03-25,12.817080275599336,12.86687487265781,12.010411412313243,12.109999656677246,448615,50.81205888221202
2025-03-26,12.299219531329074,12.299219531329074,11.751480836659015,11.990493774414062,274018,47.044919451965484
2025-03-27,11.751480153511242,12.080123161257703,11.303330683834515,11.412878036499023,525342,38.293222269974734
2025-03-28,11.641932219169895,12.060205324026583,11.054359000207372,11.273453712463379,446293,36.75212940688036
2025-04-01,11.33320782570135,12.37889062525806,11.27345411583254,12.259384155273438,245842,50.46555612263276
2025-04-02,12.239465341751707,12.349012696486016,11.04439975011644,12.119958877563477,296515,51.619047236871644
2025-04-03,12.498396878102604,12.797163522750061,12.249424832521887,12.757328033447266,237095,62.49999776676485
2025-04-04,13.095929137300248,13.095929137300248,12.448602202662963,12.578067779541016,245148,61.92235561711487
2025-04-07,10.476744151720107,12.319136722296221,10.476744151720107,11.811233520507812,269511,57.758615281030806
2025-04-08,11.870986833032884,13.593872877965318,11.85106861413628,12.807121276855469,687979,63.9705776734044
2025-04-09,12.807121408342015,12.996340690790616,12.209589081603445,12.388848304748535,165524,55.98158977576621
2025-04-11,12.637820835348249,12.956505705060245,11.970576615372345,12.259384155273438,175908,50.248764593848065
2025-04-15,12.398807525634766,12.687615056923342,12.31913654802088,12.398807525634766,251351,50.083197485799545
2025-04-16,13.544079200389735,13.544079200389735,12.797163088965734,12.976422309875488,659777,52.75590099953552
2025-04-17,13.085970726374189,13.285148167846172,12.896751444661087,12.986381530761719,226800,57.534248147701774
2025-04-21,13.175600495464353,13.534120857084392,12.966464884190001,13.215436935424805,435418,60.336136103786416
2025-04-22,13.494284545818479,13.494284545818479,13.125806046381369,13.315024375915527,259957,67.45886427245053
2025-04-23,13.49428445952244,13.49428445952244,12.946545793685171,13.135764122009277,271028,66.96913987700165
2025-04-24,12.996341118306558,13.54407981481622,12.946546518668772,13.11584758758545,363148,59.471364337890286
2025-04-25,12.976422492152683,13.37477832702621,12.697574072568287,12.906710624694824,230468,58.56833435914863
2025-04-28,12.846957391578215,12.866875611446444,12.707533651512605,12.77724552154541,121921,50.243899248881405
2025-04-29,12.916669472760288,13.135764180264498,12.757327521937976,12.797163009643555,117900,52.79187866608918
2025-04-30,12.91666942988881,12.91666942988881,12.68761466402728,12.70753288269043,131463,63.80369756114183
2025-05-02,12.717492281878659,13.056093459093145,12.578067597317661,12.64777946472168,139659,46.55172556125628
2025-05-05,12.558149527707496,12.946546257338728,12.558149527707496,12.747368812561035,178700,59.000031601234554
2025-05-06,12.72745096411653,12.797163784135059,11.950658431969362,12.090083122253418,140801,46.64031276459725
2025-05-07,11.502508258003644,12.080123305787112,11.502508258003644,11.940698623657227,202671,40.9448762494194
2025-05-08,11.94069851206283,12.149835058426655,11.8510684279422,11.930739402770996,99262,23.350259235602536
2025-05-09,11.452713663342339,11.671809321093626,11.004564188205618,11.253536224365234,271930,17.045455369844944
2025-05-12,12.129918213626146,12.518313992055594,11.851068842224578,12.398807525634766,193881,38.48312611968001
2025-05-13,12.15979435012529,12.846956755769886,12.139876131242834,12.54819107055664,168067,39.33518931400779
2025-05-14,12.836998675816627,12.836998675816627,12.66769761327596,12.727450370788574,158417,44.321334269193486
2025-05-15,12.88679299136031,13.285148844341991,12.876834831094346,13.046135902404785,240888,49.1048660372719
2025-05-16,13.344901084899902,13.44449028170259,13.115847261907875,13.344901084899902,185831,55.499995451343985
2025-05-19,13.444490143290968,13.554037498843755,13.305065459153182,13.504243850708008,190530,59.05706865837196
2025-05-20,13.583915040466927,13.583915040466927,13.07601184359194,13.265230178833008,177913,55.52940587986912
2025-05-21,12.956505122758951,13.663585750704561,12.956505122758951,13.155682563781738,215143,55.269318689727385
2025-05-22,13.04613556903955,13.444490462089147,12.92662815137169,13.016258239746094,173689,54.252873715039485
2025-05-23,12.94654590356055,13.315024403768458,12.94654590356055,13.145723342895508,143553,54.566200811171434
2025-05-26,13.384736496770357,13.444490204459257,13.105888076979069,13.165641784667969,120798,64.43848768073954
2025-05-27,13.175599984542702,13.494284843597374,13.175599984542702,13.255271911621094,126891,67.93479081130002
2025-05-28,13.344901048797475,13.484325733993453,13.165641824691749,13.255271911621094,148689,68.11990551216441
2025-05-29,13.4345307533526,13.4345307533526,13.036175878063462,13.135764122009277,172437,80.3858156552477
2025-05-30,13.105888514979776,13.354860564123777,13.105888514979776,13.205477714538574,165379,69.95071846691835
2025-06-02,13.046135029381695,13.494284502962879,13.046135029381695,13.225394248962402,239943,67.89469307319925
2025-06-03,13.444490579213447,13.982270164391865,13.195518531450235,13.285148620605469,344151,65.73032529138501
2025-06-04,13.165642036954429,13.444490462089147,12.94654637090066,13.016258239746094,303987,49.13292014030923
2025-06-05,13.23535420693074,13.315025187353333,12.906711175249288,12.95650577545166,264945,36.91282155430931
2025-06-06,12.95650493331981,13.115846883808274,12.916669445697693,12.966464042663574,280285,29.850777200591438
2025-06-09,13.324983446515215,14.18144690624755,13.165641495844358,13.912557601928711,954622,65.85364714323617
2025-06-10,13.912558225991894,14.729186234687266,13.444490512585848,14.14161205291748,1023030,72.81104262207111
2025-06-11,14.290995816134858,15.416348627944153,14.091817419590539,14.3109130859375,1897270,79.5454308030351
2025-06-12,14.530008783602668,14.530008783602668,13.793051754009783,13.882680892944336,454511,64.79998958119467
2025-06-13,13.83288742735967,13.842845587538356,13.464408907664373,13.554038047790527,310600,56.93949498787651
2025-06-16,13.44449039370464,13.673544218604846,13.265230217867627,13.354860305786133,296772,51.71232045608533
2025-06-17,13.324983932203242,14.101776444913789,13.195518355125989,13.613791465759277,510348,55.66037082441595
2025-06-18,13.793051825983138,13.94243467473987,13.185559421598988,13.285148620605469,306706,52.21240787930817
2025-06-19,13.305065168801073,13.54407904350035,12.797162940728336,12.87683391571045,363207,45.57639766414572
2025-06-20,12.896751844150858,13.205477600310239,12.7971635952065,12.9365873336792,301272,46.153855923399206
2025-06-23,12.946546297039578,13.15568285213572,12.558149566217319,12.83699893951416,402496,44.09448739734889
2025-06-24,12.936587003640625,13.195518153845475,12.89675151512857,12.906710624694824,326408,48.47645480799609
2025-06-25,13.026216961047773,13.444490061152761,12.966464203748748,13.324983596801758,340266,54.6599403868415
2025-06-26,13.334942552334274,13.544079099972553,13.165641492353148,13.225394248962402,234100,53.20196126436829
2025-06-27,13.344900711933857,13.39469530894353,13.165641492353148,13.225394248962402,227775,38.906746174095026
2025-06-30,13.24531309301295,13.573956119138769,13.145723894291738,13.195518493652344,427901,33.67697673660963
2025-07-01,13.364819526672363,13.444490505539768,13.245313058371257,13.364819526672363,209588,33.67697673660963
2025-07-02,13.245313054553481,13.504244210674404,13.00630011802016,13.105888366699219,266555,35.76642514339716
2025-07-03,13.105887883159335,13.245312565869543,12.896751333970498,12.976422309875488,353059,38.58266677524626
2025-07-04,13.095928897190033,13.593872976166885,12.94654605339816,13.245312690734863,339828,47.89272255571483
2025-07-07,13.534120886578275,13.932475789520863,13.34490159536579,13.822928428649902,590820,53.58362399401771
2025-07-08,14.042023555714998,14.45033755283847,13.892639760588601,14.290995597839355,987515,66.44950408513321
2025-07-09,14.390583722213835,14.440378320164996,13.852804153797809,14.02210521697998,291751,69.62456400897344
2025-07-10,13.922516170871708,14.838733363920106,13.912558010976703,14.121694564819336,593392,70.0336647141498
2025-07-11,14.241201137682397,14.440378583364415,13.842845296565386,13.872722625732422,401366,66.66665643577697
2025-07-14,14.131653165242744,14.131653165242744,13.842845624719201,13.902599334716797,246894,66.23376219593905
2025-07-15,14.032064542616343,14.121694630358155,13.643667812319482,13.783092498779297,200551,58.27337931243537
2025-07-16,13.75321648435231,14.081859514956582,13.723339154477012,13.902599334716797,196039,62.142866670109505
2025-07-17,13.79305153685474,14.061940848931027,13.79305153685474,13.862763404846191,184127,61.26760705853632
2025-07-18,13.992228785900233,13.992228785900233,13.593872953530319,13.673543930053711,148152,57.99997318690831
2025-07-21,13.46440858017539,13.912558068918012,13.46440858017539,13.524161338806152,152509,52.684555347323446
2025-07-22,13.454449689064692,13.743257226479898,13.235354021102228,13.285148620605469,195678,53.04054381943082
2025-07-23,13.44449069129366,13.45444980122793,12.976422971665931,13.036176681518555,309849,50.974042831954485
2025-07-24,13.01625835078288,13.285148618199896,12.94654648134276,13.026217460632324,219016,46.09929680103557
2025-07-25,13.285148240435841,13.285148240435841,12.747368670646598,12.906710624694824,149420,30.508475264012574
2025-07-28,12.946545921694455,13.13576425188946,12.597984690055346,12.71749210357666,140895,12.019260871646978
2025-07-29,12.976422971462709,13.026217571380283,12.568108961693998,12.77724552154541,109285,16.57757981458191
2025-07-30,12.926627770218913,12.926627770218913,12.607943865175905,12.63782024383545,92354,10.994777260199925
2025-07-31,12.627862634668093,12.88679284392792,12.498397055161682,12.687615394592285,101342,15.204724211021485
2025-08-01,12.827039345410514,12.946545808130596,12.627861907543707,12.70753288269043,130089,14.705912174722243
2025-08-04,12.936587481268269,12.936587481268269,12.45856160147455,12.518314361572266,110384,14.124327102550922
2025-08-05,12.558149587731995,12.667697895198067,11.950658140818144,12.149835586547852,196273,6.435667502284986
2025-08-06,12.189671260743303,12.239465860369899,12.050247521492427,12.080123901367188,62401,6.341489847216607
2025-08-07,12.090083160197885,12.189671410925051,11.75148101826891,11.920782089233398,129371,6.435673604138401
2025-08-08,11.92078133986083,12.090082400182595,11.631973816327164,11.681767463684082,139468,6.1611600254152705
2025-08-11,11.851068937447687,12.119959201369806,11.651891491812588,11.890904426574707,90116,16.346181735144256
2025-08-12,12.000452700945216,12.249424744741784,11.861028014508067,12.060205459594727,83155,25.500016279377093
2025-08-13,12.219547960156477,12.289259826186576,11.950657705892485,12.109999656677246,64349,27.45099051683752
2025-08-14,12.09008242952516,12.339054465925779,12.040287832294446,12.199629783630371,79481,32.33832339038025
2025-08-18,12.329095480789132,12.637820277175766,12.14983530885305,12.468520164489746,86724,44.0191503750717
2025-08-19,12.249424353416202,12.548190986378147,12.249424353416202,12.36893081665039,102469,40.37559002053243
2025-08-20,12.378889856991009,12.647779160330174,12.329095260149552,12.448601722717285,79375,45.41063919357152
2025-08-21,12.578067628024494,12.617903116603035,12.448602052705995,12.47847843170166,67158,44.87804240021226
2025-08-22,12.448601862462546,12.548191057263425,12.249424422613734,12.289259910583496,60273,40.54054986716382
2025-08-25,12.14983591530261,12.349013366421733,12.129918645067198,12.179712295532227,75194,42.05608020304932
2025-08-26,12.050247051725675,12.368930957307526,12.050247051725675,12.209589004516602,101421,51.666668440020054
2025-08-28,12.030329080269972,12.209589255724453,11.970576321620461,12.060205459594727,66521,49.468067766220805
2025-08-29,12.398807439253217,12.498396635453227,11.900863357759087,11.960617065429688,185125,51.09888433117748
2025-09-01,12.14983532686831,12.14983532686831,11.92078150661298,12.040287971496582,66649,60.84339017467753
2025-09-02,12.349013183595874,12.349013183595874,12.149835735425551,12.249424934387207,57472,60.84339017467753
2025-09-03,12.438642937611236,12.438642937611236,12.17971178708898,12.219548225402832,70641,55.263176131792505
2025-09-04,12.44860170617325,12.44860170617325,12.169753293885792,12.18967056274414,46201,52.66665772896943
2025-09-05,12.16975362726348,12.349012850910997,12.159794517685016,12.219548225402832,64263,50.6944666113381
2025-09-08,12.329095427331119,12.438642782065427,12.050247010891912,12.119958877563477,136234,36.22048847136106
2025-09-09,12.050246857706084,12.329095270600499,11.990493151495096,12.020369529724121,90787,36.22048847136106
2025-09-10,12.030329008951622,12.199630073709875,12.030329008951622,12.139876365661621,51827,38.16796906410135
2025-09-11,12.239465229128102,12.239465229128102,12.030328681284866,12.109999656677246,64906,35.87789384425325
2025-09-12,12.270000457763672,12.270000457763672,12.100000381469727,12.130000114440918,67440,42.98661461238148
2025-09-15,12.130000114440918,12.350000381469727,12.100000381469727,12.140000343322754,96780,48.08312518585965
2025-09-16,12.210000038146973,12.470000267028809,12.09000015258789,12.170000076293945,150204,48.08929041570545
2025-09-17,12.130000114440918,12.369999885559082,12.130000114440918,12.239999771118164,124305,59.39766194975764
2025-09-18,12.390000343322754,13.260000228881836,12.25,13.0,752330,82.13918787414113
2025-09-19,13.1899995803833,13.1899995803833,12.609999656677246,12.8100004196167,167299,72.28039606059502
2025-09-22,13.0,13.130000114440918,12.199999809265137,12.670000076293945,284818,62.681718919932386
2025-09-23,12.670000076293945,12.859999656677246,12.489999771118164,12.5600004196167,105521,59.79257806028008
2025-09-24,12.5,13.069999694824219,12.420000076293945,12.470000267028809,235419,57.79369085073133
2025-09-25,12.600000381469727,12.65999984741211,12.3100004196167,12.359999656677246,75463,53.738267939746656
2025-09-26,12.149999618530273,12.600000381469727,12.0,12.069999694824219,110312,48.79265776620714
2025-09-29,12.109999656677246,13.3100004196167,11.850000381469727,12.050000190734863,291347,50.74471960959148
2025-09-30,12.510000228881836,12.510000228881836,12.0,12.09000015258789,111890,48.694255763984835
2025-10-01,12.199999809265137,12.4399995803833,11.8100004196167,12.100000381469727,202373,49.73546895790664
2025-10-03,12.020000457763672,12.25,12.0,12.069999694824219,114860,48.42104206455369
2025-10-06,12.020000457763672,12.15999984741211,12.010000228881836,12.079999923706055,69059,48.42104206455369
2025-10-07,12.029999732971191,12.199999809265137,12.010000228881836,12.0600004196167,69099,47.089956701175545
2025-10-08,12.25,12.25,12.0,12.109999656677246,90732,46.52406089848366
2025-10-09,12.109999656677246,12.25,11.979999542236328,12.0,133516,9.016370376044947
2025-10-10,12.109999656677246,12.109999656677246,11.069999694824219,11.899999618530273,272045,9.734481905930593
2025-10-13,12.0,12.100000381469727,11.710000038146973,11.8100004196167,122543,10.185163109369768
2025-10-14,11.720000267028809,11.949999809265137,11.550000190734863,11.59000015258789,119745,9.243671887835035
2025-10-15,11.649999618530273,11.890000343322754,11.640000343322754,11.739999771118164,100143,20.799957885710057
2025-10-16,11.800000190734863,11.800000190734863,11.649999618530273,11.6899995803833,70337,21.84870380284083
2025-10-17,11.75,11.84000015258789,11.399999618530273,11.5600004196167,126614,25.24270136690521
2025-10-20,11.569999694824219,11.899999618530273,11.5,11.600000381469727,97372,28.571402621064607
2025-10-21,11.899999618530273,11.899999618530273,11.619999885559082,11.789999961853027,53062,37.49997019762551
2025-10-23,11.789999961853027,11.890000343322754,11.699999809265137,11.779999732971191,80977,36.666616333767514
2025-10-24,11.880000114440918,11.920000076293945,11.670000076293945,11.8100004196167,128847,39.166677925341475
2025-10-27,11.970000267028809,11.970000267028809,11.699999809265137,11.710000038146973,102893,35.65889753604192
2025-10-28,11.84000015258789,11.869999885559082,11.649999618530273,11.670000076293945,109280,35.11447380777834
2025-10-29,11.5,11.880000114440918,11.5,11.760000228881836,112335,37.03705273538635
2025-10-30,11.800000190734863,11.979999542236328,11.779999732971191,11.869999885559082,118503,45.18517890584546
2025-10-31,11.899999618530273,11.920000076293945,11.760000228881836,11.829999923706055,111110,47.2868314479153
2025-11-03,11.970000267028809,11.970000267028809,11.720000267028809,11.789999961853027,69971,49.193529780024214
2025-11-04,11.970000267028809,11.970000267028809,11.680000305175781,11.729999542236328,127740,56.481453682331065
2025-11-06,11.600000381469727,11.850000381469727,11.520000457763672,11.550000190734863,132141,41.44145769593932
2025-11-07,11.75,11.75,11.34000015258789,11.420000076293945,118663,38.65547902116116
2025-11-10,11.399999618530273,11.609999656677246,11.350000381469727,11.420000076293945,105221,43.39621283483177
2025-11-11,11.430000305175781,11.789999961853027,11.25,11.329999923706055,108212,37.83782390542306
2025-11-12,11.300000190734863,11.520000457763672,11.25,11.300000190734863,85838,24.210559073551323
2025-11-13,11.300000190734863,11.460000038146973,11.15999984741211,11.199999809265137,129330,22.115412830576233
2025-11-14,11.25,11.300000190734863,11.109999656677246,11.210000038146973,50579,20.588229794268244
2025-11-17,11.100000381469727,11.239999771118164,11.050000190734863,11.109999656677246,141855,20.588229794268244
2025-11-18,11.100000381469727,11.229999542236328,11.0600004196167,11.140000343322754,100099,23.76242017708107
2025-11-19,11.220000267028809,11.220000267028809,10.949999809265137,11.0,102697,14.150979044383575
2025-11-20,11.010000228881836,11.1899995803833,10.850000381469727,10.9399995803833,98983,3.9604783091484705
2025-11-21,11.039999961853027,11.149999618530273,10.800000190734863,10.869999885559082,112263,3.846234964755382
2025-11-24,10.869999885559082,11.079999923706055,10.600000381469727,10.640000343322754,101313,3.252103120759841
2025-11-25,10.600000381469727,10.770000457763672,10.550000190734863,10.569999694824219,68325,3.2258759179102867
2025-11-26,10.569999694824219,10.699999809265137,10.529999732971191,10.59000015258789,67305,5.555668387102472
2025-11-27,10.729999542236328,10.949999809265137,10.600000381469727,10.8100004196167,85474,23.931704048704106
2025-11-28,10.9399995803833,11.25,10.850000381469727,11.079999923706055,158526,38.19445916161573
2025-12-01,11.0,11.180000305175781,10.65999984741211,10.720000267028809,82409,32.1637730213093
2025-12-02,10.5600004196167,10.970000267028809,10.5600004196167,10.630000114440918,78184,31.073469462527115
2025-12-03,10.630000114440918,10.800000190734863,10.550000190734863,10.550000190734863,60760,31.42860256892334
2025-12-04,10.539999961853027,10.6899995803833,10.40999984741211,10.5,101805,30.167617409706054
2025-12-05,10.510000228881836,10.6899995803833,10.119999885559082,10.229999542236328,99094,27.551039771585494
2025-12-08,10.579999923706055,10.800000190734863,10.300000190734863,10.479999542236328,183695,34.86237568884337
2025-12-09,10.479999542236328,10.59000015258789,10.0,10.3100004196167,129091,34.38915003454372
2025-12-10,10.319999694824219,10.539999961853027,10.319999694824219,10.40999984741211,28837,38.22222316412318
2025-12-11,10.390000343322754,10.569999694824219,10.25,10.329999923706055,44273,38.05309435766427
2025-12-12,10.390000343322754,10.600000381469727,10.199999809265137,10.239999771118164,125119,40.566023731196985
2025-12-15,10.25,10.600000381469727,10.050000190734863,10.210000038146973,89024,41.34615781392063
2025-12-16,10.390000343322754,10.399999618530273,10.0600004196167,10.130000114440918,141911,39.252327702342875
2025-12-17,10.100000381469727,10.300000190734863,10.010000228881836,10.029999732971191,118444,30.693038455764125
2025-12-18,10.029999732971191,10.170000076293945,10.010000228881836,10.0600004196167,81702,21.34832423860078
2025-12-19,10.039999961853027,10.25,10.010000228881836,10.079999923706055,89278,27.777759381277107
2025-12-22,10.100000381469727,10.25,10.010000228881836,10.050000190734863,107660,28.98549723088746
2025-12-23,10.050000190734863,10.180000305175781,10.020000457763672,10.029999732971191,152110,30.303008409675456
2025-12-24,10.199999809265137,10.199999809265137,9.319999694824219,9.930000305175781,149392,29.197075210852688
2025-12-26,10.029999732971191,10.09000015258789,9.380000114440918,9.920000076293945,161010,36.036043776279776
2025-12-29,10.069999694824219,10.069999694824219,9.899999618530273,9.930000305175781,78299,18.390809637603326
2025-12-30,9.989999771118164,10.100000381469727,9.880000114440918,9.970000267028809,71062,27.027009611493582
2025-12-31,10.0,10.170000076293945,9.84000015258789,10.050000190734863,91056,25.000033113679265
2026-01-01,10.0,10.180000305175781,9.899999618530273,9.970000267028809,60752,25.000033113679265
2026-01-02,9.899999618530273,10.25,9.800000190734863,10.029999732971191,152568,34.782596677064944
2026-01-05,10.229999542236328,10.229999542236328,9.949999809265137,10.010000228881836,108277,35.294117647058826
2026-01-06,9.75,10.100000381469727,9.75,9.989999771118164,110570,38.70964764803873
2026-01-07,10.140000343322754,10.140000343322754,9.899999618530273,10.010000228881836,76578,48.14819393498413
2026-01-08,10.119999885559082,10.119999885559082,9.819999694824219,9.90999984741211,95809,37.704864210771525
2026-01-09,9.850000381469727,10.020000457763672,9.420000076293945,9.65999984741211,113682,25.0
2026-01-12,9.65999984741211,9.970000267028809,8.489999771118164,9.069999694824219,541343,14.999996594021695
2026-01-13,9.399999618530273,9.399999618530273,9.170000076293945,9.3100004196167,104706,27.77781048264137
2026-01-14,9.329999923706055,9.75,9.3100004196167,9.579999923706055,84274,40.223458031958195
2026-01-15,9.579999923706055,9.579999923706055,9.579999923706055,9.579999923706055,0,40.44943760025632
2026-01-16,9.760000228881836,10.0,9.40999984741211,9.479999542236328,162465,37.96789943891337
2026-01-19,9.479999542236328,9.6899995803833,9.199999809265137,9.25,107267,32.524268923139886
2026-01-20,9.199999809265137,9.399999618530273,8.15999984741211,8.949999809265137,232501,25.877191881724343
2026-01-21,8.699999809265137,8.989999771118164,8.0,8.640000343322754,329077,23.50598003135346
2026-01-22,8.640000343322754,9.199999809265137,8.640000343322754,8.979999542236328,122133,31.182792023454226
2026-01-23,8.800000190734863,9.140000343322754,8.520000457763672,8.850000381469727,103851,30.0
2026-01-27,8.930000305175781,9.0,8.260000228881836,8.59000015258789,107185,27.70700811048532
2026-01-28,8.59000015258789,9.149999618530273,8.59000015258789,8.949999809265137,103882,34.770102736525715
2026-01-29,9.199999809265137,9.199999809265137,8.699999809265137,8.75,151328,33.79887583579743
2026-01-30,8.510000228881836,8.989999771118164,8.5,8.789999961853027,139922,37.0919820844956
2026-02-02,9.180000305175781,9.300000190734863,8.949999809265137,9.079999923706055,108858,50.16287029460791
2026-02-03,9.5,9.529999732971191,9.079999923706055,9.180000305175781,104783,47.781566077807526
2026-02-04,9.34000015258789,9.359999656677246,9.0,9.279999732971191,111270,44.56520875294179
2026-02-05,9.380000114440918,9.489999771118164,9.1899995803833,9.380000114440918,106860,46.50349708645598
2026-02-06,9.529999732971191,9.529999732971191,8.649999618530273,9.09000015258789,120768,43.606561785329916
2026-02-09,9.100000381469727,9.479999542236328,9.050000190734863,9.319999694824219,121518,51.14753698539845
2026-02-10,9.109999656677246,9.520000457763672,9.109999656677246,9.4399995803833,117160,58.53659022864947
2026-02-11,9.40999984741211,9.890000343322754,9.399999618530273,9.779999732971191,143748,69.65517740329406
2026-02-12,9.779999732971191,9.989999771118164,9.5600004196167,9.859999656677246,122354,66.66667870801618
2026-02-13,9.970000267028809,9.979999542236328,9.609999656677246,9.699999809265137,105519,65.917597511445
2026-02-16,9.75,9.869999885559082,9.359999656677246,9.40999984741211,98668,65.18518597010265
2026-02-17,9.569999694824219,9.569999694824219,9.300000190734863,9.34000015258789,49250,58.09129714408047
2026-02-18,9.529999732971191,9.649999618530273,9.25,9.300000190734863,96660,62.22223164123181
2026-02-19,9.319999694824219,9.460000038146973,9.210000038146973,9.260000228881836,48985,60.44445480535499
2026-02-20,9.199999809265137,9.699999809265137,9.199999809265137,9.3100004196167,45823,55.7214074340126
2026-02-23,9.65999984741211,9.65999984741211,9.449999809265137,9.579999923706055,70654,59.17430991988255
2026-02-24,9.199999809265137,9.600000381469727,9.100000381469727,9.279999732971191,81146,50.0
2026-02-25,9.649999618530273,11.0,9.119999885559082,9.329999923706055,388402,48.92703405928583
2026-02-26,9.770000457763672,9.770000457763672,9.210000038146973,9.270000457763672,80454,54.285724665850445
2026-02-27,9.210000038146973,9.449999809265137,9.210000038146973,9.359999656677246,61459,51.020408163265316
2026-03-02,9.25,9.25,8.600000381469727,8.890000343322754,213342,38.09524202710915
2026-03-04,8.800000190734863,8.800000190734863,8.489999771118164,8.640000343322754,119334,24.324308069812474
