Date,Open,High,Low,Close,Volume,RSI
2021-03-04,407.70479615368095,415.79490811420266,407.1563087856881,411.8641052246094,1367133,
2021-03-05,409.53307898569915,439.6995781074136,409.1674300303359,431.47235107421875,875873,
2021-03-08,438.7854738351349,447.4240740101558,437.00289668878804,440.430908203125,829226,
2021-03-09,435.8145432239961,443.95035187568504,423.2451673051079,436.8200988769531,829743,88.77850447080604
2021-03-10,440.79660093425395,447.01271754490244,430.6039573472967,440.9337158203125,678320,90.05046287770426
2021-03-12,447.01268343969764,447.01268343969764,437.09429827881905,445.5043640136719,313677,91.16337879641095
2021-03-15,445.50434603820537,452.45178772616947,440.248062140313,447.1497802734375,1469211,91.50543586341671
2021-03-16,449.4808613962779,452.4975002389799,441.7563979605799,446.5099182128906,344559,90.14843200744636
2021-03-17,451.857616063682,452.45182704764926,429.64411247139316,443.12762451171875,360379,83.59541070010238
2021-03-18,445.45866119708677,452.4975227092332,429.64411247139316,443.12762451171875,471084,83.59541070010238
2021-03-19,437.18569095613594,447.83537340520917,422.8337397073106,431.2438049316406,833464,66.58843959989258
2021-03-22,440.52232436662916,446.0071427515149,431.4723796110134,443.7218017578125,183674,72.46940870826724
2021-03-23,447.01264544114775,447.01264544114775,435.12887368095363,438.556884765625,2267257,67.54806679536107
2021-03-24,436.7743234645015,438.9225494005081,429.73549052389205,433.07208251953125,335633,63.00448925591378
2021-03-25,432.20364062667045,436.95716064614675,416.20625503816086,424.25067138671875,198966,56.853827851786306
2021-03-26,421.87393148779495,436.04304511306213,421.87393148779495,430.4211120605469,299793,49.31670809092046
2021-03-30,435.58599291739813,458.0737538499772,432.3865155297572,450.98919677734375,785314,55.96283598624791
2021-03-31,447.01273411880305,448.2925195981837,435.8602580187053,444.27032470703125,331755,54.06484531279607
2021-04-01,440.61371241954475,451.4005099879374,439.1968122625635,446.14422607421875,828339,52.91407524730845
2021-04-05,445.6415012725606,460.2676838784293,436.36302226140856,455.65130615234375,333102,55.37792065919256
2021-04-06,458.07375708511836,471.6029925867445,455.37704353759824,462.50732421875,588734,57.71352142433657
2021-04-07,462.6444775242685,467.21515991850697,458.3023292497419,463.7414245605469,162109,58.60338685544155
2021-04-08,463.7413838891292,475.305231650156,461.22750879277197,472.06005859375,294747,63.76685029088679
2021-04-09,472.06006860671494,480.83575590235836,464.10707061065483,472.4256896972656,827468,63.892488086951865
2021-04-12,475.1680681778851,475.1680681778851,453.4573296548985,462.4615783691406,428569,65.0772623027173
2021-04-13,464.38129486787824,474.8938635509109,451.9033384887679,471.7400817871094,505615,63.9635479737028
2021-04-15,464.38132463750975,485.40646335141275,464.38132463750975,483.98956298828125,1310763,71.14897350472178
2021-04-16,490.8912024594176,500.03256563370843,484.08087573568037,496.8787841796875,2495829,77.78662585446993
2021-04-19,491.8054308267285,496.3761132693561,477.636315254583,484.2181091308594,196009,75.26971545588451
2021-04-20,487.60031686848606,489.0629126071007,464.8383010480574,472.60845947265625,438194,66.99814647723699
2021-04-22,466.20951024405895,472.60846430623235,461.7759436358223,464.6097717285156,368675,56.10653569893256
2021-04-23,460.81614987658156,468.1292129422122,459.8105942897428,461.8674011230469,124814,58.181028819838055
2021-04-26,461.7302432782606,466.1180862887514,447.9267797909713,454.3714294433594,379249,53.63488270687924
2021-04-27,459.26213409828097,466.8494831601163,457.7995102396066,465.1583251953125,166224,54.15335216206934
2021-04-28,466.2094917799346,469.45466433833644,453.4115841624462,456.42822265625,236614,47.38699679356173
2021-04-29,457.9823623202521,463.65001947991396,453.411680061567,454.2801208496094,80984,45.964917212785316
2021-04-30,453.4116182311449,453.4116182311449,447.6068469747484,449.43511962890625,122962,40.05623107479093
2021-05-03,448.2010829203025,449.7094303558322,441.527898103714,444.7730712890625,151554,38.2888251796443
2021-05-04,447.1041067164151,453.41164212622544,445.18441474893507,448.4753112792969,82954,43.74490231553616
2021-05-05,452.4518051908497,454.7828417636112,440.7051473166053,446.64703369140625,225425,37.97635129305744
2021-05-06,446.05282736644307,446.144218680429,441.5735370920741,443.7674865722656,202508,28.825758731984592
2021-05-07,445.41297850300793,450.8063778967128,438.9683277872028,442.2135009765625,427295,17.322477262378726
2021-05-10,442.35060381903406,446.00714946398944,440.5223309965563,441.9849548339844,83652,20.346644633539256
2021-05-11,440.9336471017385,443.35610270200533,437.13998706012524,442.3962707519531,375305,24.82866846782801
2021-05-12,444.2702811460038,451.5833721936746,443.3561447650449,446.4642028808594,452475,33.82238508227104
2021-05-14,451.58337640499934,462.27878332085135,442.62485094694955,456.83966064453125,713324,46.054534211886335
2021-05-17,463.19294009080613,468.03785200935476,460.2676923568557,464.427001953125,493672,57.879703714473884
2021-05-18,466.2095346173199,475.99080463975065,458.07372674952194,469.0433349609375,239600,53.37028439752963
2021-05-19,475.35087319002093,475.35087319002093,463.19287163078184,464.6097717285156,149915,57.669288004874595
2021-05-20,466.20961311928033,466.20961311928033,456.1541116598449,457.0225524902344,345924,52.33284044559266
2021-05-21,457.06823516159204,470.7345865518161,457.06823516159204,460.63336181640625,545292,59.73005194042072
2021-05-24,462.78155307660506,472.60851938884906,462.78155307660506,467.62646484375,344457,69.08403949835017
2021-05-25,472.6084936368545,475.35090269084014,455.6969711372766,456.9310607910156,1753844,56.32263853177178
2021-05-26,466.20953099823373,466.849437591828,453.09166900736744,460.9532470703125,655345,60.357402936217
2021-05-27,460.72473927789116,466.20955760262797,456.1540573406105,459.2621154785156,551114,61.41420417911736
2021-05-28,463.01007822770447,463.3757272016469,456.70254276120517,460.13055419921875,267261,63.33336664180643
2021-05-31,463.0100920247173,463.0100920247173,457.0225096934572,458.0737609863281,216111,61.65567862749
2021-06-01,459.71922205823466,470.6888875208905,458.9422004845709,463.92425537109375,582758,64.4568098530155
2021-06-02,466.1180570392138,485.22349862338933,465.5238740705077,482.4353942871094,938208,70.23139960234201
2021-06-03,486.7776053368271,502.7749914277087,476.76780116678447,501.49517822265625,733001,72.88061385578793
2021-06-04,504.6033016100091,517.9496709652439,490.57132994280425,492.3538513183594,752789,64.08487492092613
2021-06-07,497.6559007806706,499.7584034360045,485.0407732597462,488.8801574707031,195705,60.12133525458386
2021-06-08,494.22789009256724,509.5853711719371,489.3829223104042,505.38031005859375,775809,68.52167793659284
2021-06-09,509.9966984576961,517.675410418512,490.845530523162,493.3594055175781,658715,65.86826427107744
2021-06-10,499.30132780274886,510.91087158957373,499.25563214027096,506.705810546875,1103487,68.54306278864105
2021-06-11,516.2585123733585,516.2585123733585,492.71950096368346,496.4674377441406,295085,61.31229470108862
2021-06-14,498.02143577402086,498.02143577402086,484.4922299457468,490.5712585449219,415101,63.710881916873134
2021-06-15,490.89124904809125,498.4785700439466,486.3205670271593,488.8344421386719,693756,61.579374158585324
2021-06-16,491.80538490442154,500.03261253293414,488.6516031546001,496.1018371582031,643753,64.62266299328734
2021-06-17,497.15310569470034,507.7571224111408,496.65034178619044,499.0271301269531,798986,65.19103767119614
2021-06-18,500.03261253293414,507.80277195986275,481.8412757921063,496.1018371582031,918452,64.75177184062596
2021-06-21,484.40088694324214,491.1654626347668,479.0531556781951,485.63494873046875,615449,58.13075849104562
2021-06-22,487.234710847043,493.6336657737396,479.693085397722,483.25823974609375,714105,50.35051925938425
2021-06-23,486.3205383795871,504.14619721116975,484.7207997664964,502.5007629394531,786270,50.427697442901206
2021-06-24,506.34019352845473,513.287608114807,498.2043569413532,505.7002868652344,615777,55.97872062356218
2021-06-25,509.17396584721644,509.6767296994848,492.7195109365344,493.58795166015625,330545,51.957424789538614
2021-06-28,496.28475977830425,502.77510702391686,488.65168604044237,499.1185607910156,427326,47.135135165324
2021-06-29,500.8553818902031,504.6033190070727,493.9536070761862,502.68365478515625,276323,54.62377333512107
2021-06-30,502.77503835733245,515.2987186534889,500.6268400566806,512.236328125,1313867,52.849733273872154
2021-07-01,514.2474297342933,524.7143028578585,503.04925863671707,513.28759765625,674464,59.5733793553376
2021-07-02,518.3153002017972,519.6865046996855,509.49386228093397,515.2072143554688,379348,64.68663208310244
2021-07-05,510.08806217576097,515.1615075492638,506.02014442783434,511.27642822265625,297762,63.03765923897184
2021-07-06,514.6587508929607,516.4870235426692,500.9924016774985,503.1406555175781,301452,54.04835105273837
2021-07-07,504.14622415191127,516.4870655409427,500.12400167770306,504.9232177734375,1161052,53.43628266863402
2021-07-08,506.88866015988077,522.1090543291746,495.50765022913913,501.9523010253906,1385755,53.40788049700005
2021-07-09,504.28344509379724,521.0578283011439,502.7750974835599,516.9442138671875,1069639,67.32429537128098
2021-07-12,523.3886638723878,528.3707172615108,519.2293553711733,527.2737426757812,497885,72.3849093149656
2021-07-13,528.5537501839694,528.8279799827164,511.002317736108,516.1214599609375,406532,57.54819314396231
2021-07-14,518.2239523034896,524.7142984861446,509.3111223204932,522.9774169921875,311869,59.20158059853012
2021-07-15,520.9663169432628,526.2226008423618,516.8983991146345,519.6408081054688,419929,65.30619562956747
2021-07-16,521.057675352199,523.1144819654314,506.1572652685613,510.6822509765625,1079551,56.530683365809885
2021-07-19,502.77493539920783,509.49381449085416,486.54901702950616,495.6446838378906,333614,46.48072610380785
2021-07-20,495.37053527127586,500.0326085727266,485.40642623787534,488.4230651855469,321142,37.80994453250049
2021-07-22,489.5200504561768,504.5119099868107,489.5200504561768,501.03814697265625,381060,44.39326773078968
2021-07-23,504.6032162235981,511.413542528984,501.0380624868472,502.729248046875,389730,44.276700649039434
2021-07-26,504.60324550858235,515.4814899668564,504.60324550858235,511.5506591796875,506443,50.120381405158845
2021-07-27,514.2017208389381,516.4870618204444,505.65456788588716,508.0769958496094,448932,52.25942692013714
2021-07-28,508.25984072384864,511.916386340567,503.14069917822627,507.61993408203125,251700,51.249483187984964
2021-07-29,511.82507168624755,517.4012822692424,494.776402876727,504.4205322265625,4141728,51.14120175900761
2021-07-30,506.2943999932032,519.2294517877399,497.3358748360382,510.8650817871094,528947,46.94805499234106
2021-08-02,516.4870346350418,529.1935521411901,508.44264596244886,520.8748779296875,3053938,46.77719124804183
2021-08-03,525.4913979956295,532.5759565890521,511.916491911827,515.2531127929688,2099069,49.5368525637019
2021-08-04,517.7211579849742,519.6865736772637,509.631072691424,513.6075439453125,1029052,44.70830457961431
2021-08-05,515.4815650565108,530.1991395432902,511.91641059352156,525.7198486328125,432987,53.12356129705617
2021-08-06,528.5536790208863,528.5536790208863,515.6186266092822,517.4468994140625,267661,53.500506921611915
2021-08-09,517.035536866466,524.3029325648112,505.288906186517,518.5438842773438,501869,63.84754361261772
2021-08-10,516.4870949036649,528.1880303195813,497.8844404404058,513.3333129882812,449764,65.43917514385464
2021-08-11,508.25996065238047,513.8819231824211,501.5410788140629,505.6546936035156,341801,53.04779891598894
2021-08-12,505.65457428972013,515.9843044980578,504.6032951071303,507.61993408203125,475369,53.217138048381734
2021-08-13,512.1906143638971,517.6754327703521,508.2598389981626,514.6130981445312,177755,52.06414885074116
2021-08-16,516.3042165170242,527.7766169327305,505.0603501964294,520.50927734375,352170,58.1146259309647
2021-08-17,523.7543248906451,547.5675607388465,514.704354574012,539.4774780273438,1057523,66.7468038699435
2021-08-18,543.7739689216384,555.7948838758799,536.5980211104302,546.1507568359375,704448,71.16369557075066
2021-08-20,532.7586742259169,545.7394220568473,521.6061991656962,535.8667602539062,729302,62.204439841603204
2021-08-23,544.8252701836407,555.794906496063,526.0397791575086,551.4527587890625,607115,64.15579432296667
2021-08-24,558.5373852542128,568.4100480081607,529.3764094346121,537.6036376953125,1151688,59.6146030032326
2021-08-25,543.8654288571571,553.0524879526869,536.5980337656648,537.96923828125,478577,60.59644457801067
2021-08-26,537.969335687686,545.9680301435352,530.1991753591468,542.2200927734375,264865,57.703859909094795
2021-08-27,539.3404816411096,548.3904544135489,535.5925446796921,545.3280639648438,267829,63.677189524010274
2021-08-30,548.9388613300747,561.7367698373537,540.5744916664646,555.9777221679688,555834,66.78971870768802
2021-08-31,557.6231130279701,558.5372492788357,541.6257286378235,545.9221801757812,763439,64.00786948347792
2021-09-01,546.8364073055534,553.0068280243598,541.9457440739727,547.06494140625,430109,68.85926106297146
2021-09-02,545.2366966978483,552.0927200720494,541.2144740005327,545.78515625,493362,67.49059735534361
2021-09-03,547.6590301332498,557.6231380322625,547.1562663316191,553.6466674804688,509566,67.74729763630592
2021-09-06,550.9043125205229,558.5830246469402,545.4651898927751,547.9790649414062,131833,62.51563533259807
2021-09-07,552.0469701441782,552.1383614623998,532.0273615415839,536.91796875,254845,48.743302960033226
2021-09-08,536.9179475354553,536.9179475354553,527.4566589006853,531.8901977539062,463001,42.883190445817576
2021-09-09,527.456662834961,553.9666164263194,524.1657943620911,544.6881103515625,663597,54.29458444192599
2021-09-13,553.0525065514305,553.0525065514305,535.7296110964242,540.30029296875,322884,43.90608970810115
2021-09-14,540.8487743413353,555.7491851514872,539.2947314433421,543.4540405273438,538271,53.61986729456905
2021-09-15,546.2879038560708,551.6813310674719,537.7864462843454,541.1687622070312,280498,51.933730597585864
2021-09-16,543.6368350926858,545.3279648251461,536.1409067381393,542.9512329101562,1094519,50.45547701702287
2021-09-17,546.1964046887281,548.4817452941203,526.5881711355736,530.564697265625,326419,41.75594659904637
2021-09-20,525.5370298686744,541.7629506966938,517.7668705989187,525.7655639648438,519089,31.949735989964708
2021-09-21,530.1990622159491,535.501041679218,519.2751221027817,531.20458984375,470027,40.69360405025616
2021-09-22,533.5814244913673,542.0828817991402,529.60489769964,534.4041137695312,324129,42.19712147189971
2021-09-23,536.2781815658535,537.9693117148016,531.2504309890796,534.2213745117188,228488,42.7755411451847
2021-09-24,538.9291473995598,546.7907545571851,526.634000658255,535.0440673828125,468471,37.25733178473865
2021-09-27,541.1688240466909,547.4306369395799,535.7297005515177,538.6092529296875,278528,43.39138872315164
2021-09-28,534.769720251425,538.9747247937416,523.3430168272494,530.336181640625,999969,45.16776334067636
2021-09-29,527.8222716019905,539.3403655657862,524.98841586557,536.1865844726562,405323,53.11668715176803
2021-09-30,539.0661843906997,539.1118800465654,521.0576882179606,524.7142333984375,1224714,35.226417036398985
2021-10-01,520.966389296968,529.7420769686555,519.8237187254222,521.0120849609375,487329,35.587381102666725
2021-10-04,520.9205580071542,526.5425186753756,511.1850397062344,516.53271484375,1965958,30.2745064366934
2021-10-05,511.1850509036539,526.542530209198,508.3511947817583,517.9039306640625,951203,32.72221904925087
2021-10-06,520.6006743933195,524.2572199553446,496.60459414253,503.8262939453125,827511,25.430525307950646
2021-10-07,501.5865521262845,507.665524476905,495.3246855794021,498.7070007324219,1020307,27.984777018240834
2021-10-08,499.7584581846793,507.0715505135732,498.15871923773375,504.4205322265625,403328,35.433629394898134
2021-10-11,504.3289704703163,510.8193154012433,494.04493785792994,498.3870849609375,739990,27.7847648874327
2021-10-12,498.0672032080876,498.52427141541614,486.41196392121077,489.5200500488281,1608903,21.781720409064633
2021-10-13,492.53667289744084,499.8954596350852,492.4909772370991,495.0048522949219,1500461,26.885823019870983
2021-10-14,497.2901575278282,504.55755242264945,493.7250035660056,503.0035095214844,439513,32.58819545308454
2021-10-18,504.23760259052176,509.7681722998637,494.18210245638227,497.8843994140625,981940,28.236451845855072
2021-10-19,497.8844637243721,500.67256887189643,495.4619796977324,497.2902526855469,1063872,30.761109920727563
2021-10-20,490.0685310533703,498.43290193177046,482.02414141079606,487.2804260253906,475042,22.842757959203723
2021-10-21,487.28039303415994,504.1462206405926,482.2526428736464,495.4162292480469,583207,33.10497775046521
2021-10-22,492.2624315842323,500.9467270346505,486.50338365495134,496.1932067871094,365781,35.188215920047526
2021-10-25,491.3483426670805,495.32481391320636,472.9284708521022,478.04766845703125,284209,30.25334905034036
2021-10-26,476.31075047049455,486.36625066802503,464.33558618940015,475.94512939453125,664582,28.631335970070012
2021-10-27,475.35093975112187,491.668252576718,474.208269222874,483.80670166015625,195240,39.11532411678426
2021-10-28,484.94936251334855,490.8912491416931,479.92161228936476,484.1266174316406,154617,41.6361302646846
2021-10-29,480.0129877120887,491.8053692555147,468.2206619631192,485.63494873046875,1177125,38.67761347107334
2021-11-01,490.8911455242384,505.51732490671105,489.1542644047912,502.135009765625,344522,52.00586150846953
2021-11-02,505.47173739869186,511.0022515020314,497.74727360081596,510.04241943359375,315945,61.09740871182155
2021-11-03,511.4592988835513,521.9718671358495,498.61569404724344,517.6754150390625,680535,61.98069526090428
2021-11-04,517.6754150390625,517.6754150390625,517.6754150390625,517.6754150390625,0,58.469685625445926
2021-11-08,512.7960314072037,517.6293871789951,506.443598487735,513.5785522460938,485903,59.16800431279456
2021-11-09,513.5786144696042,532.5898386185312,511.3691138496179,524.7183837890625,824932,64.26502878035603
2021-11-10,524.672389851958,524.672389851958,508.28496441231897,511.5072021484375,402983,62.19398791020112
2021-11-11,511.4611632238259,511.4611632238259,495.395995844137,498.89447021484375,141289,51.67519587188232
2021-11-12,499.3547629359287,522.7389666983763,499.3547629359287,512.3817749023438,774967,56.94631662560599
2021-11-15,508.1929003704994,508.1929003704994,483.33563893933365,487.4324951171875,1087685,53.80476176100729
2021-11-16,487.43246638936165,496.9610602331757,487.38644566473357,493.32452392578125,611390,56.83584878663827
2021-11-17,491.621324077088,493.41658172350594,480.57365387310847,485.0848083496094,2381933,50.501227547325264
2021-11-18,482.4149794779477,489.2737533061261,471.3673081921932,475.14190673828125,525218,46.72379338502514
2021-11-22,472.19585535798706,492.54195864997644,463.0815050484825,488.5832214355469,595358,50.98899735452498
2021-11-23,475.97049571040026,487.93880604741224,475.97049571040026,481.95465087890625,2124037,42.75037713343507
2021-11-24,481.494312208095,484.94670928415684,474.4513996963853,480.849853515625,329275,38.97391127139674
2021-11-25,478.7324128334215,486.00548542801204,477.0292526873854,483.8419494628906,184156,36.75675908125184
2021-11-26,481.35625995916104,502.2547843681153,468.6974970373612,488.67535400390625,417518,39.062525897074664
2021-11-29,492.542016285028,497.14521269890673,470.4466734984099,475.18798828125,204668,36.47862732671973
2021-11-30,472.9323890084349,489.78007586865226,466.07361542952106,485.222900390625,369740,35.980351077276254
2021-12-01,487.01814880783564,487.01814880783564,470.4466427992515,473.53076171875,1239841,36.37260214207838
2021-12-02,473.2545632255315,495.9483416801556,471.965702077493,492.7721252441406,830455,47.90283528114784
2021-12-03,491.62129458088214,510.95471627788316,478.2720272186672,507.456298828125,722466,48.32653570764983
2021-12-06,502.66902744252815,508.6071618071817,491.2070576114732,494.5674133300781,400994,52.64053460104715
2021-12-07,495.21179245913174,495.21179245913174,482.32284510877616,487.8466796875,343722,47.98508474637154
2021-12-08,490.60863885892076,496.178494629682,483.33556689950956,488.5832214355469,244168,51.362000661539106
2021-12-09,493.0943163397131,493.6467335558142,483.4736819787014,486.46575927734375,152454,54.69465154364536
2021-12-10,488.85940920671584,492.26578544322604,483.1514349984226,490.88482666015625,175391,51.03135598991659
2021-12-13,490.9768950174454,495.8562717468376,485.40703885866674,487.1101989746094,221957,52.37085594555944
2021-12-14,486.74201574252976,492.03569178924715,480.80388093880873,485.6832580566406,161809,52.21614729744516
2021-12-15,485.3148948859107,508.5610307643829,485.3148948859107,502.9450988769531,745277,57.745391409704496
2021-12-16,501.7483660206023,501.7483660206023,485.1768603538668,487.7086181640625,333354,49.63852919563104
2021-12-17,484.25623343415725,507.0880750270016,482.8752745935655,499.76898193359375,345256,59.290182834839655
2021-12-20,487.93880302258503,495.30391703047314,486.05150379633585,493.0943603515625,144970,53.05248582823465
2021-12-21,493.1404228383805,495.2118610924907,486.0975102978623,492.03564453125,524795,57.82104746687359
2021-12-22,493.5546992551668,494.4753385421127,489.2277395596111,492.4039001464844,93989,49.81482959288907
2021-12-23,494.06100442820724,494.06100442820724,482.4609178435719,486.8799743652344,832334,38.602705890665625
2021-12-24,487.01813933236843,490.7006961515168,479.6530256940718,482.2768249511719,293666,42.5041598266832
2021-12-27,478.73238456346184,482.18478156752525,474.77364723707393,476.3387451171875,72668,42.91383978436269
2021-12-28,478.6403948925293,483.3356328493778,475.23401824179433,481.4943542480469,409253,45.860232223920434
2021-12-29,478.7323696328754,482.09272508857157,469.5259779091663,473.5768127441406,250848,42.95063634466931
2021-12-30,474.9578457757676,478.2261041104977,464.04823616233335,466.9942932128906,194003,37.23559986786312
2021-12-31,467.59263648693707,482.4149329859857,466.76406683949375,477.8117370605469,342678,45.379668673968006
2022-01-03,478.36417009223385,492.3578990499938,477.81180897458955,480.29754638671875,233807,47.35175013873078
2022-01-04,480.29747512629945,482.69111453610697,473.2085421476835,474.0371398925781,148537,34.060968575445784
2022-01-05,474.8657430042409,480.1133982890091,467.0863577225473,470.4927062988281,395469,39.10259456423012
2022-01-06,469.4339596340578,481.58638117896766,466.39586127175056,476.9831848144531,1889301,34.48277725336355
2022-01-07,475.9705007971191,478.5482795051368,468.6974562106513,474.9117431640625,358806,36.78930848568217
2022-01-10,475.9704716763349,477.6736317386722,464.9228011538668,469.29583740234375,244549,34.504390372125215
2022-01-11,469.2958308076361,471.6434495223994,461.74657815176266,463.3116760253906,204190,31.58508005411892
2022-01-12,465.7053764634061,467.9609257986803,458.47835263506266,461.6085205078125,570020,33.1904960061709
2022-01-13,463.91007300685555,465.7053306299663,458.47830751288666,460.6418151855469,141169,34.8777482747558
2022-01-14,460.5957605879009,461.7465595380962,458.66244082811477,460.319580078125,146421,37.84914416508178
2022-01-17,460.319580078125,465.8434150390625,459.3989409179688,460.319580078125,189884,32.575712297538445
2022-01-18,461.9767218856748,461.9767218856748,452.770330233145,454.933837890625,330117,33.99207062541436
2022-01-19,454.0132291310244,455.9465771266691,442.0449191812077,447.3846435546875,688368,33.436988180563574
2022-01-20,446.5099722991335,446.5099722991335,437.57976161488034,438.6845397949219,330001,15.725864659242191
2022-01-21,429.06388018890505,449.0877824280234,429.06388018890505,435.00201416015625,530867,11.137387646862905
2022-01-24,437.2115410747697,438.96074989808176,429.01785798980814,433.02264404296875,567967,12.020416848704272
2022-01-25,433.6210928505345,442.7354159346262,429.9385357987253,437.30364990234375,597696,19.6804052950193
2022-01-27,438.1321901746165,450.652888928434,434.49568218775954,441.124267578125,335178,15.561442062682119
2022-01-28,441.9068297051877,457.5576965905798,441.1242807417822,451.2513122558594,966171,30.32159879062246
2022-01-31,455.62434884189963,466.94822821672653,450.19258300959063,458.7545166015625,938700,41.49962938937347
2022-02-01,460.31959409215693,462.8973725808017,450.1925630221295,455.62432861328125,242163,43.50193962326062
2022-02-02,457.0513844452672,469.75619534468535,454.1513482199015,467.9609375,247175,54.55144968732234
2022-02-03,469.52603036676885,472.4260665602849,456.17676087594896,458.2942199707031,402889,48.504422225523
2022-02-04,461.33229785568585,467.50056349276093,460.3195891404412,462.75927734375,219084,51.476324951044006
2022-02-07,464.41646875649855,465.3371079824243,454.933867872056,458.5704040527344,188340,48.99259876370705
2022-02-08,460.31957250487284,463.5418095124069,455.76239749880375,458.0639953613281,353656,51.91010198110998
2022-02-09,461.28624808849077,463.67991556622246,456.0386216405137,457.09735107421875,65745,56.444687616940136
2022-02-10,457.56144522438547,468.2347852245486,457.1902042804578,465.2648010253906,156420,67.76239743074153
2022-02-11,458.81441445971956,464.9863837488982,457.79348060707395,462.1556396484375,147447,68.28567553237401
2022-02-14,457.0974157923398,464.8007720791905,454.77712434161725,459.7425537109375,207868,67.88910673582922
2022-02-15,457.7471166986007,460.62425548849853,454.77713226041294,459.27850341796875,200085,65.50470520750973
2022-02-16,459.27844542663354,465.7752607814542,458.95359899411903,462.9444885253906,327272,65.4292694863837
2022-02-17,464.9399974867252,465.17202662444214,459.41769267951463,461.27392578125,67312,58.0497750177824
2022-02-18,459.04642004996094,468.60600853474364,459.04642004996094,466.0072937011719,138857,56.09639350351456
2022-02-21,464.9399789555542,467.67790567716645,452.178376889764,460.16015625,193253,53.64609857884826
2022-02-22,453.3849140507378,463.68701295187407,453.3849140507378,459.37127685546875,240212,41.52113796157391
2022-02-23,459.9745293046013,462.2020031731927,440.48408338765944,445.7279357910156,156678,38.49873416024436
2022-02-24,435.19385527843446,446.3776769738989,426.9800179451866,440.06646728515625,498482,29.675562504099886
2022-02-25,439.32394950945053,458.4895495072788,439.32394950945053,456.12286376953125,96021,48.19220131683643
2022-02-28,453.8490077613282,465.1256185470657,452.9208911810392,459.7425537109375,663928,51.185301681614305
2022-03-02,459.6960727064237,463.7798078019359,449.90445535319327,458.0718688964844,299191,50.681373680749346
2022-03-03,461.2738818080108,461.2738818080108,453.0136509575099,455.61236572265625,290049,42.665692132102
2022-03-04,449.7652587082941,458.6751827164803,438.9991017118969,444.4285888671875,566719,38.00247187743718
2022-03-07,419.8335067124697,434.1264952250688,413.2438738620243,420.99365234375,883023,29.584303959640806
2022-03-08,420.9936679288057,440.76253888811146,420.9936679288057,428.2793884277344,777254,34.76274665045007
2022-03-09,434.59057078832774,443.3612834397113,429.94998807836157,436.6788330078125,545889,37.663485092372675
2022-03-10,442.89720788072935,446.74888571488157,438.62786628943553,444.3821716308594,500863,42.49173290157317
2022-03-11,446.8880905714023,451.52867302801087,441.36578611849114,449.1619873046875,1148489,42.51546907283732
2022-03-14,448.0018312755279,457.56141958435614,434.8225660756001,453.3385009765625,560852,46.92339962607109
2022-03-15,449.30117416828614,455.3803255193801,445.49589110036396,449.11553955078125,542732,45.513581808045494
2022-03-16,450.92540825378234,452.73521843873215,440.39128028915235,441.737060546875,262374,48.15293259891125
2022-03-17,442.8043734916697,454.7770702896231,439.0454847939353,447.16650390625,498158,53.29313042016026
2022-03-21,450.97185132131125,450.97185132131125,442.75801372748407,446.3312683105469,238004,44.71179408810583
2022-03-22,445.77432189585556,445.77432189585556,432.9663261495942,435.1009826660156,219232,37.70259860476493
2022-03-23,434.35852044179285,436.63241718818267,424.84532635092023,429.0218505859375,253545,36.11357242201065
2022-03-24,423.4531419729052,425.54140404290854,414.86806457400246,418.20928955078125,757636,33.44288338917109
2022-03-25,418.5805370034367,420.8080109147347,414.6360419208101,417.1419677734375,346298,36.732840629325295
2022-03-28,426.00546488283453,428.55778520620663,406.5150187770839,411.6196594238281,641775,44.48085935352277
2022-03-29,411.6196633683907,413.615108157376,399.18290806555103,400.296630859375,616956,34.27225795075671
2022-03-30,401.4104101981431,416.63151604146066,401.4104101981431,413.66156005859375,1007607,37.74703955427121
2022-03-31,417.6524314316795,419.50866446026475,408.4640836049562,415.0072937011719,554353,33.22734211094925
2022-04-01,414.8681011134759,426.005499801086,412.0837514415734,422.4786682128906,478191,35.218522208926984
2022-04-04,423.2210864568305,426.5623112252101,416.3530306308568,420.0190734863281,350094,31.184476781037276
2022-04-05,425.26295333193735,432.9663082586546,420.43673663702145,430.5068054199219,334580,40.1860079745294
2022-04-06,427.1656080562636,429.3466874395209,418.7661652784575,420.6687927246094,444643,39.16984470865813
2022-04-07,422.2930377130247,426.19113862146213,415.98185639103735,424.2884826660156,344191,38.01657516321482
2022-04-08,424.2884391711482,431.5277646412863,422.3393889167315,429.3002624511719,245478,41.453171566930806
2022-04-11,432.2238625549687,441.18018105666573,429.9499658152815,439.0919189453125,606106,52.032151424844656
2022-04-12,441.5978483121219,446.4240657579722,440.20567347088087,442.5723876953125,435714,57.08738335180635
2022-04-13,446.8880947486428,451.99273549862727,428.27937025324644,432.0846252441406,1390411,57.28200527058769
2022-04-18,432.0846645832022,440.4377138436785,431.5742117912768,435.5187072753906,158491,59.41063453321193
2022-04-19,439.6488236395075,442.711596942898,436.400415695482,440.94818115234375,217594,65.03327999149033
2022-04-20,445.77434467230717,451.6214956304249,435.0546104015599,441.737060546875,427680,73.81328164950536
2022-04-21,443.63972621465535,444.24299632820663,431.574210648148,434.4977722167969,231367,62.88006181575479
2022-04-22,431.57416700746614,442.6651703708609,431.57416700746614,440.3448791503906,232165,64.83692750212833
2022-04-25,439.6488182575977,452.87447901065815,433.80166703560747,450.4149475097656,619109,65.87548454586572
2022-04-26,455.10192491008684,461.4595285086431,452.1783636418069,454.9162902832031,384095,69.3814542022823
2022-04-27,450.9253830650606,455.333936204201,446.88807084128507,450.3221130371094,480250,61.77606989890079
2022-04-28,452.6424177622556,457.561423767327,451.06460841971796,455.56597900390625,276448,71.93697711938704
2022-04-29,459.41765417226026,459.41765417226026,454.22019625826533,456.4012756347656,345648,70.91895562669873
2022-05-02,453.9882002712562,457.83987825083386,447.95544275600685,455.1483459472656,256314,67.70504016395019
2022-05-04,455.1947689586431,457.4686374902495,445.49593977360763,449.8116760253906,257464,57.8199125988161
2022-05-05,451.43587475728475,454.77709993176126,445.9599928922679,449.02276611328125,83338,54.89779253376637
2022-05-06,441.4122184553414,451.9927410197782,436.8644532145772,440.6697082519531,213358,56.737081488903726
2022-05-09,439.9272206837049,441.0409718124513,428.5577935668792,438.2566223144531,122901,52.18354895583155
2022-05-10,437.1429032126987,440.76255216051396,420.48319949956704,438.4422607421875,246277,47.81905433745615
2022-05-11,440.85537983183985,451.9927789012758,420.4368148712073,440.02008056640625,267557,48.52592559987927
2022-05-12,438.44225920735755,439.8808568760058,413.93998758037816,418.3485412597656,634380,38.88888422290346
2022-05-13,423.1283130343456,423.2211303505119,387.9527028213026,396.9554443359375,1249915,25.407693816503965
2022-05-16,397.00184674956637,414.0791852816179,388.88082709075,409.2065734863281,396300,27.20739455401089
2022-05-17,403.7306559087181,411.34122213125653,401.1783356702147,406.37579345703125,595791,22.64645965057221
2022-05-18,406.51500615495763,406.932669888088,397.23384163087184,399.1828918457031,209231,22.00204905844228
2022-05-19,396.76979193385506,399.92538227510533,377.0473168962073,380.85260009765625,680671,14.222235861823037
2022-05-20,388.13831691127876,398.6260216340362,381.038203296422,393.7998046875,349140,23.138192904525653
2022-05-23,392.59328701791446,392.59328701791446,380.80619591265196,384.0082092285156,215917,21.55844384015181
2022-05-24,381.6415460348498,385.8644651112092,375.42315366803155,384.05462646484375,354579,22.549409043204676
2022-05-25,377.0936831523008,384.1937962932684,371.24656114383134,374.262939453125,396979,20.972974638247862
2022-05-26,374.7733964506798,381.64148056983555,374.7733964506798,376.49041748046875,582774,23.836550081773723
2022-05-27,378.5787323585483,384.70430720928414,378.0682795892657,380.2493591308594,149367,26.609318262477245
2022-05-30,380.24931206169094,393.01091295275023,379.9244656469636,388.3703308105469,122218,31.023563180769173
2022-05-31,387.9526816657122,389.0200099337512,381.78071284944014,386.4212951660156,148085,29.74393739589837
2022-06-01,385.4004220894242,393.47504792150846,384.10106450091683,388.880859375,148330,36.97170546787995
2022-06-02,388.8808076992904,393.52139013006956,386.18927555421203,391.8971862792969,113028,47.329729130599674
2022-06-03,394.26385621429057,400.89991148387895,391.8971705988352,398.5796203613281,204365,44.03955463718761
2022-06-06,400.01817739550563,400.85347650951667,388.1846930293973,393.10369873046875,162907,42.77046346166633
2022-06-07,391.5259173025766,391.57231179401396,384.6578614617914,387.76702880859375,81166,43.65323764198882
2022-06-08,387.7671096465222,389.901794851101,384.7043361526599,387.0246276855469,100488,54.265593264308805
2022-06-09,384.75064978846996,386.05003543288416,375.8871493252841,382.8480224609375,374559,41.38686481764157
2022-06-10,377.78980819441347,396.30574361068943,377.78980819441347,391.6651611328125,496967,56.115620653732286
2022-06-13,390.69065562092584,395.84169091405863,385.72522663519044,389.15924072265625,208314,53.92293901934499
2022-06-14,387.0245877216779,396.1201182618487,382.4768224515925,384.4258728027344,137835,58.46871915006375
2022-06-15,388.64875956900556,394.7743337428067,381.54867446195095,386.2820739746094,184711,58.210137640384744
2022-06-16,388.78799950648505,391.66516634583706,378.67153523483773,381.7807312011719,964672,51.26824011338845
2022-06-17,382.10557088304034,382.2911771870213,366.6524086403523,375.0518798828125,202538,38.709690771789944
2022-06-20,375.8871417978819,375.8871417978819,365.120985898898,373.24200439453125,645857,38.80123745238324
2022-06-21,371.33941252838133,378.2538633699366,371.2465952148042,371.5714416503906,384758,35.0918703191556
2022-06-22,372.08189998002564,375.8871833029276,369.66879141009747,371.5250244140625,798525,31.507997582248706
2022-06-23,372.45309979018253,378.90352009625997,370.13280879143014,373.24200439453125,874011,24.722168942473104
2022-06-24,374.7734546915532,375.7943885698566,371.1538057810862,372.4067687988281,1306011,27.244903231694337
2022-06-27,374.4021666876443,387.44221967986044,373.65968486428557,385.8644104003906,177703,48.22512109146584
2022-06-28,382.3839629160236,384.1009839482594,377.8825926392537,381.82708740234375,76568,45.432216640696026
2022-06-29,381.3630568072605,382.3839906022827,375.23748236099414,380.6205749511719,149632,47.93461768539317
2022-06-30,379.5068267725546,396.120106264612,372.22110666749484,390.04095458984375,794172,48.51062948585347
2022-07-01,387.210236712154,398.7188762888575,385.49321542667593,395.60968017578125,102892,55.600368821836796
2022-07-04,395.6096627185726,405.7725498411248,390.6906565410033,404.1483459472656,112905,66.0620285895788
2022-07-05,408.8353298750939,408.8353298750939,393.0573489264524,405.12286376953125,232234,65.56754758582292
2022-07-06,404.6587864053341,434.4049083425096,404.0090935379805,430.08917236328125,585472,79.82812804434316
2022-07-07,432.2702569217394,438.7206778822174,420.48316612272146,436.6324157714844,792175,88.11035712329621
2022-07-08,436.21477876446573,436.21477876446573,424.334898246811,431.5278015136719,221795,84.65797841086142
2022-07-11,426.0054359738949,439.8343649409542,426.0054359738949,438.302978515625,160105,87.40903328674295
2022-07-12,436.4467295285968,438.07093320042037,430.2283384269265,436.7715759277344,294048,85.97756197213673
2022-07-13,432.13104010042787,444.3357661857164,431.57416454591777,435.42584228515625,221855,84.429714138953
2022-07-14,429.9963523580678,439.83439267660486,428.9290240745555,437.0964660644531,323995,85.48885251786035
2022-07-15,437.05004232420833,440.4376617924988,436.26113765584466,438.11737060546875,364977,83.19581756642265
2022-07-18,440.53048279231797,443.1292259378652,427.95451578289175,430.08917236328125,192626,79.18077313405296
2022-07-19,430.6924488941497,434.35852038506647,428.0009167189303,431.8990173339844,142240,80.77999062106159
2022-07-20,437.4212766095571,442.6187344543834,433.75523358401824,439.60235595703125,325251,80.37546722049815
2022-07-21,442.15463962480396,442.8971497262419,433.1055048817868,436.7715759277344,57200,76.1035927849357
2022-07-22,439.64878927664637,445.21748817401306,430.83168268914915,435.42584228515625,209086,71.82645673195076
2022-07-25,435.4258660604448,441.2730172162685,432.2702755110743,439.370361328125,94448,72.94780468533374
2022-07-26,439.8344355931834,441.2730332668677,433.4304369433764,438.4422607421875,107566,58.25694217359144
2022-07-27,438.4422194116139,438.4422194116139,427.4904562790495,431.9454040527344,114270,45.36268431928829
2022-07-28,429.7179042464106,433.1983408358794,418.76614177442843,421.6432800292969,136006,41.13230792818148
2022-07-29,422.20019111712634,423.6851831851776,408.37126090137605,417.5132141113281,346921,30.419609161902628
2022-08-01,422.4786132477588,422.4786132477588,409.2993485191821,412.77978515625,765088,28.689213827561545
2022-08-02,410.9699530739202,427.3512310892038,410.9699530739202,426.28387451171875,253132,43.32202071938239
2022-08-03,427.3048573165333,433.19840312016754,417.97729724520764,422.4786682128906,307621,39.644986531884626
2022-08-04,424.14928782695,428.6506590189905,418.25574172956937,426.8408203125,235609,42.37292123866187
2022-08-05,426.93357912283835,438.7670641963518,420.622398413178,426.0054626464844,183679,46.940197863317636
2022-08-08,428.7898320607841,428.7898320607841,418.5805503450511,422.3858337402344,197205,43.06026276467477
2022-08-10,426.9336137069993,430.27483895730626,418.6733820630943,425.7734680175781,112335,39.234143974926674
2022-08-11,427.5832420756142,427.5832420756142,415.37848860621,418.3948669433594,198966,36.63968725178273
2022-08-12,418.3948672145657,426.42309683773624,418.3948672145657,424.5668640136719,90830,42.62295285889679
2022-08-16,426.0054356061077,435.0081761848461,425.1237136799912,432.54864501953125,270472,45.60666035117786
2022-08-17,435.2866783522995,435.3794956755708,426.00551250257024,430.5997009277344,292576,45.014764529899765
2022-08-18,432.9663470681645,435.28663831719,429.62512200479415,432.5022888183594,126297,50.37595038311997
2022-08-19,438.071017512578,456.9581952247692,437.14290095005134,451.3894958496094,944983,67.99557792685414
2022-08-22,452.9207794088608,460.02086383113283,449.3011313037676,454.1273193359375,726820,72.52997152043615
2022-08-23,454.1273491609849,454.1273491609849,445.49587785705063,449.2083435058594,197764,72.36472862538226
2022-08-24,448.2802850122438,472.4113148472714,447.72340942820017,466.0537109375,845768,73.45382477292671
2022-08-25,465.91451985104874,466.0073371731636,451.0646546765133,454.2202453613281,242368,67.10001946569304
2022-08-26,458.3503888605466,460.39222838749714,447.5378361285794,452.0856018066406,228766,63.93445715785392
2022-08-29,444.5678246148156,459.6497184561324,438.07100880624836,447.9554443359375,349092,61.69059375122919
2022-08-30,449.85809724970943,453.8025925357847,446.470449227279,449.6260681152344,202849,64.81577874593839
2022-09-01,448.2802862774446,458.9536264269076,448.23389178025536,456.8189697265625,192242,66.21427731238964
2022-09-02,458.95363985524955,461.97001868139625,455.19477910913764,456.7261657714844,95821,71.66851947309911
2022-09-05,459.1392875938811,460.2994333293378,455.1019747697178,459.5105285644531,85775,70.54020019373587
2022-09-06,459.51041984071185,461.45946987989277,457.56136980153093,459.4176025390625,225836,67.40831019322223
2022-09-07,457.5614672333391,470.2766755225153,455.00914667574943,463.6870422363281,200692,70.81140616914078
2022-09-08,468.65240361610404,470.9726946958474,460.8098084370253,467.21380615234375,112873,71.39583537900053
2022-09-09,470.13740339175007,474.2675331607598,463.13013512175957,467.5850830078125,148781,62.93545592682201
2022-09-12,467.5850830078125,467.5850830078125,467.5850830078125,467.5850830078125,0,61.24033576432468
2022-09-13,471.3903594788998,483.73432578688613,468.69882732340034,477.7015686035156,358255,71.8972422119717
2022-09-14,477.0518866979855,480.253899990778,470.64788843626866,478.0263977050781,204541,62.33263191248984
2022-09-15,478.0263897502265,482.2493084758449,473.33941277678775,478.4904479980469,157539,82.64645804529945
2022-09-16,475.65967568133766,476.1237339015146,443.6396584891305,451.5750427246094,266979,49.58793996583326
2022-09-19,445.49586304123886,459.3247914583712,439.23107746722144,455.0554504394531,149880,55.7909807726485
2022-09-20,460.2993950356631,479.69699613011005,455.0555140885566,467.3530578613281,280194,62.3225163747816
2022-09-21,467.30669105614936,471.483215603821,459.78894120556646,468.6060485839844,214698,58.93104642704034
2022-09-22,467.7706553819445,473.2465363575555,462.201957103588,469.8589172363281,249159,59.778753581245184
2022-09-23,472.22566130244985,472.92174867366447,455.84441083130605,460.02093505859375,150678,50.34392562569788
2022-09-26,454.77712547032223,486.333089278467,450.6934181716893,484.3376159667969,509775,62.65916212980765
2022-09-27,478.3048004793526,482.5741702328844,460.3457694317828,464.0118408203125,427960,50.1418543507821
2022-09-28,459.41762666443555,471.01908188323443,459.41762666443555,463.77978515625,135346,48.455764937468125
2022-09-29,464.98640757702344,473.29306231538266,463.03735709007026,468.1419982910156,162773,50.24176003531347
2022-09-30,468.3739797361687,480.53231138677853,463.59418549047973,468.04913330078125,248792,50.201284535798635
2022-10-03,467.30665917430025,471.01912518561545,458.95361064884105,462.66607666015625,122286,43.198997276468155
2022-10-04,464.52232791425206,473.10740590267727,458.95362867851674,469.11651611328125,162140,46.18140506882415
2022-10-06,469.0700775553351,471.4831861413044,462.3876556909603,464.290283203125,69801,44.13345204837663
2022-10-07,463.13012263592793,464.2438737393487,446.6096606530108,452.6888122558594,538827,50.526791054944695
2022-10-10,447.4449889465184,452.64244722771565,439.27754641210294,441.4122314453125,132194,43.990238360061696
2022-10-11,441.41220490195917,452.5959971905958,435.00820683515866,441.18017578125,263247,37.09974420089931
2022-10-12,441.1802286765204,446.5168990926718,440.85538220380664,444.1037902832031,96948,38.11883737476457
2022-10-13,442.8043703694699,445.7743260581409,439.1382990093561,440.623291015625,22392,36.123408127454674
2022-10-14,442.8507673406289,445.17105851219657,430.78525324847715,434.0336608886719,77023,37.272765588695364
2022-10-17,434.0336621193647,437.93176262819804,427.8616932502676,429.3002624511719,82943,16.648025434925074
2022-10-18,431.4813538173713,438.21019842103993,423.54596909707465,428.60418701171875,286083,21.845143167198756
2022-10-19,428.6041394546428,436.2147052156099,428.00086946326644,431.80615234375,177646,25.72241048190358
2022-10-20,430.7853188691445,450.04373852675263,428.7434793214557,446.51690673828125,702352,35.810053919356065
2022-10-21,447.2593288443773,450.09010112040124,442.0618708590991,444.6606140136719,73258,35.00006458782593
2022-10-24,444.6606140136719,444.6606140136719,444.6606140136719,444.6606140136719,0,37.59595739590433
2022-10-25,445.3566721214373,453.80253725220115,438.1173470134117,442.3866882324219,165693,30.46136521917201
2022-10-27,441.96911240403557,450.92543144604207,441.1337848500072,444.24298095703125,108431,34.68094216018514
2022-10-28,443.8253175437726,446.0991859535191,431.11011028127933,432.316650390625,110721,34.50960882037222
2022-10-31,434.49772077398836,443.3148272594487,430.6924375733847,439.9736022949219,109006,48.84238784243254
2022-11-01,441.64424458801517,453.8489709645164,437.606932126318,450.5541687011719,165759,56.466044776276505
2022-11-02,451.9927381218008,457.7006489651362,443.6396895733487,444.7998352050781,268593,50.462076801021716
2022-11-03,442.9435863549616,448.0946214460959,434.1728743631741,442.85076904296875,140605,51.50942631460092
2022-11-04,444.24296867013015,450.1365142639264,443.63969859413777,448.23388671875,122202,59.78258995715795
2022-11-07,450.5077102367731,450.5077102367731,443.9180779075975,449.3475646972656,56178,64.53559385040228
2022-11-09,450.1364583430139,452.4567493654006,427.3512118327228,432.7806701660156,117422,52.46167322909004
2022-11-10,431.38855359610767,438.9527260059431,426.93360556325604,431.5741882324219,99568,49.85998370866885
2022-11-11,433.75527557024844,437.1428953150284,424.4276872427718,431.5278015136719,197166,39.006135271431475
2022-11-14,433.7088095336184,433.7088095336184,415.8425677154803,421.5505065917969,194485,34.85403897894088
2022-11-15,423.68516034461726,423.68516034461726,410.2274717904071,413.7543029785156,198890,31.622534822783052
2022-11-16,415.8425561486923,415.8425561486923,404.79797626946134,406.83984375,246198,29.96865628571655
2022-11-17,408.27846253843825,408.3712798577252,400.1110482708314,404.24114990234375,447038,27.645229772615025
2022-11-18,408.36274388978444,410.4703620754118,399.1360541154244,401.2904968261719,131804,30.727847825320467
2022-11-21,402.789259802626,406.0209525076961,400.91582138493936,402.133544921875,192789,24.321656743463635
2022-11-22,400.54107511782064,413.84246859621555,400.0258624838255,405.22467041015625,270175,15.75878957712932
2022-11-23,407.28544274254955,409.205733999869,398.1056072338343,398.7613220214844,90619,15.591777005137331
2022-11-24,400.77532284873,407.00449992664454,398.8082067750723,403.7259826660156,259386,22.020166660192075
2022-11-25,404.7563401164649,411.03234110967185,403.8196209903386,406.2550964355469,100888,18.701527061113836
2022-11-28,408.31585411901386,419.6501610613891,404.9436596074908,417.82354736328125,231616,29.666336098479135
2022-11-29,417.77672347297386,448.68845413353023,416.4653224349573,443.5364990234375,935910,56.20555756471741
2022-11-30,444.9415879212222,450.1872207803102,441.28838902188573,448.45428466796875,315358,59.33900433615263
2022-12-01,450.561885146988,450.561885146988,431.73382560132075,434.21612548828125,393580,51.2854681727297
2022-12-02,435.5743793408681,439.0402514282472,429.4857052210495,430.42242431640625,188375,54.50889681812696
2022-12-05,430.89079093601003,433.23258871283616,428.64267078753664,430.0945739746094,198259,58.986663623211264
2022-12-06,432.2022023321351,432.2022023321351,415.9032951320768,417.7767333984375,1008531,55.677526386762516
2022-12-07,421.42992652628544,433.5604505693228,418.7602713160202,428.0338134765625,382889,61.441446306776655
2022-12-08,429.0173123157133,431.0312524968594,424.33371720309634,425.3172607421875,70953,61.58009323390815
2022-12-09,427.47178984826434,427.47178984826434,411.2197068774014,412.4842834472656,134041,54.47187229467765
2022-12-12,412.48421684541904,421.3361942323827,406.7234007199865,416.74627685546875,448552,54.927871437298
2022-12-13,418.8539995050569,418.8539995050569,408.1754059613855,410.7045593261719,147692,55.12669629673101
2022-12-14,412.20318333390463,414.02979681322694,408.6436625786657,412.95257568359375,103504,54.0551393909317
2022-12-15,414.96657997422665,426.1135320485795,409.3462651213026,412.2032470703125,243565,52.655794173873595
2022-12-16,410.2830047827251,414.59191876941287,404.89686944596554,407.2854919433594,167764,44.997776377450876
2022-12-19,409.580404727799,409.95508663062515,401.85247256312357,402.4613342285156,107216,25.67931448586259
2022-12-20,402.742441454233,403.16394795283685,396.32590905795564,400.3537902832031,651729,20.539176562286798
2022-12-21,401.5715097624873,408.03486615965267,396.4195544538715,401.24365234375,307373,25.857210020700677
2022-12-22,402.78922387361706,404.662662124192,396.56004740773517,400.26007080078125,104766,26.966953558241656
2022-12-23,397.777791335339,402.27406052027146,384.1485387945887,387.7549133300781,186672,22.738108712260555
2022-12-26,388.6915708440883,396.79418469276266,384.5231597484324,395.0612487792969,132585,34.3647847886957
2022-12-27,397.0752470765577,397.96514171506715,391.548609737731,392.2979736328125,89268,22.57344791823786
2022-12-28,393.8435632119462,393.8435632119462,387.80171348754453,389.7688293457031,179937,22.6385710668376
2022-12-29,389.81567702268137,396.2322090568394,389.34731743750785,392.5790100097656,165410,31.883891323789996
2022-12-30,392.5790039939935,400.58794134317463,391.64228483800036,398.1524658203125,259227,33.47202449674042
2023-01-02,400.1664130288545,406.3487362517824,397.49675786273644,402.7892150878906,512248,42.78383614909418
2023-01-03,402.8360580206784,405.59939094086315,400.96261972533955,402.5550537109375,204904,40.15958122780385
2023-01-04,402.5549564452929,403.9600348273009,394.49916800450177,395.857421875,64763,36.095520931222644
2023-01-05,397.8245888548704,402.64868620732176,394.8739010013548,396.0447998046875,104751,39.601313334067356
2023-01-06,396.2321778181242,398.0119383841884,391.5485823356405,393.7498779296875,70383,41.54545675330992
2023-01-09,394.2650518336388,395.7638080666737,389.581456471903,392.62579345703125,161516,42.35395640356265
2023-01-10,391.5485952933675,399.8853898108029,391.5485952933675,397.91827392578125,88748,46.9735466546978
2023-01-11,396.7941834408825,403.21071445893284,396.7473303379444,402.2271423339844,172414,51.68807278902194
2023-01-12,405.22472754191733,407.05131281161636,399.6044123987185,402.3208923339844,137210,65.88354546979285
2023-01-13,401.8524956450505,404.1942934052198,398.1992968564661,401.4778137207031,54425,58.14508981145174
2023-01-16,400.91578222204134,405.5057001797336,400.82210459302746,404.66265869140625,143371,65.52933727246385
2023-01-17,410.2829788137691,410.2829788137691,402.8360502980006,406.5361022949219,293129,71.41139114223184
2023-01-18,407.4728054148872,407.89434044125494,403.91328429639685,404.70947265625,48485,65.88943262847945
2023-01-19,403.8195941763986,406.20821635485464,403.39805916307233,405.64617919921875,81794,61.173063867659934
2023-01-20,406.9107924793178,406.9107924793178,395.29548075268013,397.5904541015625,566064,42.96584603670496
2023-01-23,398.43350614408814,399.8854094283749,387.9890930774047,391.5486145019531,124079,37.13039847845248
2023-01-24,393.89037615505737,397.168892960153,390.4713572041658,394.6397399902344,65566,48.4450444144979
2023-01-25,394.1713930057736,401.056284233121,387.80171444462434,393.7030334472656,52319,47.06576495069904
2023-01-27,391.64225526981227,414.96655477582397,391.64225526981227,411.5943603515625,414802,66.07593349770488
2023-01-30,411.5943367824,421.3362089941072,402.83600811934923,408.7841796875,251181,64.1277468202577
2023-01-31,401.66515229651156,416.55900936181575,401.66515229651156,415.1539306640625,269296,64.7910060475782
2023-02-01,415.1539183573715,415.1539183573715,399.0891628534914,401.4778137207031,142477,49.44601875332786
2023-02-02,401.6182950877434,408.4095082408306,393.4220033512588,395.4359436035156,100577,45.32141209963468
2023-02-03,396.13848719765747,402.78919828191744,384.38267435677903,393.37518310546875,210237,44.58358782659288
2023-02-06,388.31688798247194,402.69553175559867,388.31688798247194,397.1220703125,215992,44.996893939578015
2023-02-07,398.9017997128198,399.18280398378846,384.9915165719554,386.30291748046875,307107,37.99997755655296
2023-02-08,388.2701069901629,389.675185785061,381.75989713924145,384.05487060546875,381533,37.81097054073252
2023-02-09,385.506741267243,386.39663586318443,384.0548380700742,384.9447326660156,102015,37.77656766877867
2023-02-10,384.94473312647136,386.8649958845591,379.4180674590014,383.7738342285156,207941,41.11979933868697
2023-02-13,385.7603502280656,387.32119871974515,376.49000487149425,377.4832458496094,263353,40.988737437053295
2023-02-14,379.3278290997303,380.65215988652903,374.5980556695591,378.1453857421875,188351,39.09309694482327
2023-02-15,377.9561934286996,379.7062154186062,366.08447334679346,368.59124755859375,602105,35.09362868441599
2023-02-16,373.1791152868243,373.1791152868243,364.57092206295954,366.9831237792969,429389,17.172766497929302
2023-02-17,368.2128481491453,372.5642453203179,366.0371639976815,370.7669372558594,185214,22.420156205099005
2023-02-20,370.7669499967841,371.71290468092616,364.1925533946983,365.2803955078125,177149,13.349271137026236
2023-02-21,366.9358413169727,370.10479549937094,364.42906700608984,369.0642395019531,116116,22.1277455585588
2023-02-22,368.9223142976214,374.5507560245883,365.6587592007675,371.2872009277344,246718,27.774950399165945
2023-02-23,373.22639485460127,380.2737685301318,364.66551683673083,366.7939147949219,613543,26.5846237555251
2023-02-24,369.3480314846511,369.3480314846511,360.45603403376936,361.2601013183594,184227,19.3734606914346
2023-02-27,361.26011282369166,378.05080961631484,354.54382833299275,369.0642395019531,316688,34.47866354450427
2023-02-28,369.0169475188148,383.96302076919227,362.8209266899687,377.76702880859375,357502,44.92809134358809
2023-03-01,375.92240122865365,381.36164088709165,372.80076218937074,373.69940185546875,418321,41.371608992950456
2023-03-02,375.2602332504744,375.2602332504744,364.7128154697411,365.7060852050781,315240,37.45070741379149
2023-03-03,367.2669180771248,369.11154131856495,366.0844746834444,367.6452941894531,91579,42.72725385870429
2023-03-06,369.25344663548333,372.7061757385999,365.8952899138439,368.212890625,134246,42.64708407321558
2023-03-08,365.98987613164826,367.0304320993939,364.2398541224734,365.7533874511719,81031,47.65258772977205
2023-03-09,365.84798869701183,370.15207113438373,364.19256793367697,365.7533874511719,84999,48.95498900943871
2023-03-10,361.96959136532035,370.34129695519874,361.4493277827978,368.4966735839844,306299,48.03603316292857
2023-03-13,368.9223233827821,369.5845032028187,361.44928722124155,364.66552734375,97753,49.45240417072987
2023-03-14,365.18581282483717,366.1317675570536,347.6383640895222,350.050537109375,416342,35.80509005542258
2023-03-15,351.84786618950625,355.34788129812176,348.2532209679253,350.2870178222656,90770,33.8428269546842
2023-03-16,349.151849719062,350.05048927090957,335.671996627157,338.6044616699219,380505,30.471849131402863
2023-03-17,339.0301837095752,341.4423856934212,331.50986061090487,332.6449890136719,459700,30.29319561871118
2023-03-20,336.19229593149146,344.3275121572066,322.1448628074726,324.46246337890625,510591,19.44267539228703
2023-03-21,325.4084154211956,328.05707702267426,323.2327311677129,326.3543701171875,322142,11.150856498755218
2023-03-22,343.3815350567254,355.58434416525756,334.86794327845945,346.503173828125,4245799,33.46749807249496
2023-03-23,347.2126990070128,354.7330512406137,341.86806014197083,344.4221496582031,940901,36.05950125126926
2023-03-24,351.89515521751696,351.89515521751696,335.90852625144583,342.95587158203125,716188,33.72817696804016
2023-03-27,345.2734620305549,348.06403991481267,322.1921733561342,330.7530517578125,395276,28.594571896320687
2023-03-28,331.98276820501917,350.66537098031483,331.98276820501917,345.65179443359375,2399192,39.943172709464754
2023-03-29,343.7599059265118,343.7599059265118,334.20575841326024,340.874755859375,822366,38.121023999459105
2023-03-31,341.3477713131872,344.8477865057382,335.8612165386449,339.17205810546875,406249,35.857633965615335
2023-04-03,341.489639938291,345.5572335204515,337.043641389026,341.01666259765625,203169,38.3720727836705
2023-04-05,343.5707313952575,343.5707313952575,337.2328238595751,338.36798095703125,170619,43.48969954395551
2023-04-06,340.16528636948806,341.72610571536967,334.25307000763047,335.8611755371094,460297,42.1593533563911
2023-04-10,336.28690613322846,340.4491011668538,334.96257528638137,339.0774841308594,462421,50.2831530166209
2023-04-11,339.1720137259859,342.1990800240141,338.17877293319987,340.685546875,286955,55.07762919988021
2023-04-12,340.0707186634729,341.962628085801,338.6517865967269,339.4085388183594,271385,60.34033044094404
2023-04-13,341.48964644452036,347.8748406647434,339.2193609398681,341.20587158203125,274539,60.28836355794966
2023-04-17,341.20587229962763,344.28022507879336,339.40853527259515,343.712646484375,119421,47.44148774242071
2023-04-18,342.8612846044863,349.4356522959473,340.7801727654903,342.4828796386719,182457,48.193773797924145
2023-04-19,342.5301680311674,347.4491146531627,342.5301680311674,344.043701171875,218144,51.01141767583334
2023-04-20,344.23292924623496,347.44916963655237,342.7193958660126,343.33428955078125,189323,64.87704645905927
2023-04-21,345.9356651245781,345.9356651245781,340.40182403939696,343.33428955078125,285305,45.76870872624426
2023-04-24,347.070797942995,347.070797942995,341.0639794040123,341.5369567871094,273743,51.356657242570236
2023-04-25,341.96264638418074,342.9558873367525,338.3207147776705,341.4423828125,1276726,54.97933143068265
2023-04-26,342.2937387126338,346.3140464782568,341.01669400166855,344.9897155761719,217867,58.108200686826365
2023-04-27,345.9829347468344,348.5843101960587,342.57749202147323,347.7802429199219,385351,69.0979614128557
2023-04-28,349.057317943261,356.10469268480813,346.6451447730666,354.6857604980469,270143,82.41061445469143
2023-05-02,356.4830459660486,360.881729689267,354.35464782240285,359.88848876953125,658527,83.53672030758366
2023-05-03,361.96954062672245,361.96954062672245,355.91543664743176,358.4222106933594,320668,78.71366420533312
2023-05-04,359.22625935189274,365.422250434628,357.1451476845844,360.2668151855469,54235,83.15784571319902
2023-05-05,361.0709397005596,362.5844442062893,356.62494082729677,357.6654968261719,147673,75.51327014173172
2023-05-08,359.08443898981636,361.4493259314402,357.28713068783196,359.5101013183594,174649,75.00007244284018
2023-05-09,360.3141684671797,361.40201068611844,357.57090538995413,358.4695739746094,151663,75.45199776891997
2023-05-10,358.706054352611,369.5372189676347,358.611453103538,364.1452941894531,331742,78.29578112179804
2023-05-11,366.69928630667613,369.1114878009865,362.82086676408824,366.88848876953125,198217,81.36022259458564
2023-05-12,368.92230766018866,373.60479465086576,365.5168652004457,370.5777282714844,259774,83.02755450188573
2023-05-15,372.3750483586766,372.3750483586766,365.9425681795686,368.0236511230469,126672,81.53159568222375
2023-05-16,368.35475491734314,371.19261902127994,365.13851470653077,365.9898681640625,186506,77.93330777436992
2023-05-17,365.46962252145795,368.6385766996763,364.2871790869173,367.0777282714844,131773,76.62490729950207
2023-05-18,367.9763780642778,371.42910694341674,366.0844686654898,368.9223327636719,114274,76.07941455481773
2023-05-19,369.8682736326798,372.5169351446438,368.0236504905384,370.95611572265625,185247,72.81168731703268
2023-05-22,369.4899424340326,372.5169804057439,368.73316128991814,371.42913818359375,117051,68.65449881610103
2023-05-23,371.76017156526706,373.5574795981678,369.8682622952148,370.5777282714844,168652,70.04686688435878
2023-05-24,369.8683000732155,372.70616426815064,367.21963837190833,367.8345031738281,105946,62.12134543229139
2023-05-25,368.9223733995875,370.24670435096175,361.5439374788956,362.8209533691406,165735,57.66528546874518
2023-05-26,364.19255159920465,386.2332840837543,356.624914163377,380.03729248046875,1026739,70.94596993229504
2023-05-29,379.42238643101314,396.92254609733385,374.976388373894,377.2466735839844,943023,68.49944978622842
2023-05-30,386.84818704713604,386.84818704713604,376.4899715098063,378.3345947265625,326569,65.36881791443798
2023-05-31,378.14536202933755,379.32780531273136,368.6858157621872,370.4831237792969,122569,53.505531101845484
2023-06-01,370.4831515134023,378.2872777680127,365.32771573281957,366.4155578613281,207307,45.9707334136118
2023-06-02,367.5033787016964,376.48994780765815,367.0776875651688,374.64532470703125,268576,55.77556279922042
2023-06-05,378.09809158343694,378.09809158343694,372.0912736801169,373.462890625,277136,56.6163890699185
2023-06-06,373.93582598652375,376.0169375656304,371.9966306859979,373.08447265625,130469,55.38584967046631
2023-06-07,375.44943829504706,375.7332420438635,371.09804062742916,373.1318664550781,157237,53.90010563292671
2023-06-08,374.50347110097795,374.69267359390693,368.02367543950027,368.78045654296875,129369,48.067267715357104
2023-06-09,367.9763335882644,370.9087985755984,359.6519447870353,362.0641174316406,420947,42.51132185700417
2023-06-12,362.0641734245854,363.8614816405028,354.02355820810214,354.9695129394531,292648,38.65204638139064
2023-06-13,356.24651258534544,364.1925255509911,350.9491609855005,359.41546630859375,1209187,44.026830815598764
2023-06-14,361.9695278767457,361.9695278767457,356.1991989480795,358.9897766113281,726028,47.09256814655273
2023-06-15,358.5641325087858,367.2196414709823,353.5032977463728,361.02362060546875,2947982,31.25011285323062
2023-06-16,363.2465590105459,383.1116052064351,362.3952056615135,381.2196960449219,1700645,52.916669653802856
2023-06-19,384.0576228203288,394.4631249164461,380.98326992829413,393.6590576171875,1834836,59.6428390371448
2023-06-20,396.82796879821973,399.61854651465876,389.59142162477355,391.29412841796875,1264357,64.06647268760833
2023-06-21,393.3279529714408,399.0509962311535,387.84142725513027,392.6658020019531,1002044,68.41401520957479
2023-06-22,395.21989361334533,401.32131346195206,392.99692298576264,395.172607421875,399360,65.65655107946355
2023-06-23,392.00362232643675,395.8347561864902,385.0508495003366,387.746826171875,301106,59.947268781299336
2023-06-26,387.74683650700496,398.530714612349,387.0373704623343,396.4969177246094,565167,64.60175812111797
2023-06-27,399.1928778234151,401.9834556967303,392.76039750057316,394.9833679199219,306965,63.38347815294806
2023-06-28,394.98340386422126,397.7266958001408,388.7874116492277,390.1590576171875,331091,63.018425986081645
2023-06-30,392.7604089728138,404.8686177700396,390.15903350816984,401.7469787597656,463950,72.81133121416893
2023-07-03,403.7807815488233,411.3957055643454,400.1861362603321,405.9091796875,751662,80.30384616920792
2023-07-04,405.81453490406057,414.233525309074,397.4901457353775,401.0374755859375,470421,74.63600624556997
2023-07-05,401.13210380437204,401.9361711227662,394.4631343040843,399.3821105957031,233471,73.565128958928
2023-07-06,402.1726000600511,406.2875084219078,397.6793156246516,403.8753356933594,732820,74.30255198733093
2023-07-07,403.82801688516355,403.82801688516355,394.9360493325231,398.34149169921875,169609,61.64735913585081
2023-07-10,399.19292310754247,406.2875840632452,395.1253290402393,402.36187744140625,197787,56.68606395948608
2023-07-11,401.74697750641104,403.9226617954814,396.4023102920373,397.2536926269531,347246,54.39333612599557
2023-07-12,399.7604538431773,405.2942944990005,397.2536797129357,402.31451416015625,272115,56.74601227203305
2023-07-13,405.15236344263315,405.15236344263315,390.67926890226835,392.4292907714844,386914,48.26136015934066
2023-07-14,392.42928552559516,397.30094611502335,389.73330904616574,391.29412841796875,123789,52.442978669385994
2023-07-17,391.62528031278475,403.3551138528512,391.62528031278475,395.7874755859375,523604,49.48098647175733
2023-07-18,396.3550303442369,398.7199171601333,387.84143780700987,390.53741455078125,490503,46.91603425099758
2023-07-19,390.5373874414631,393.8482287538946,390.25358372230755,391.1522521972656,567144,50.73166432782879
2023-07-20,392.5239180752456,398.67262368419046,390.39551997984165,393.8009338378906,517418,43.25841300220908
2023-07-21,393.5171490074006,400.13883180319823,391.19954848157306,397.91583251953125,239834,43.212833131561055
2023-07-24,399.5712871185072,401.0375343257793,396.16584418952664,398.0104675292969,117928,47.20284394029891
2023-07-25,397.8211938289843,402.92937174234464,394.55766779349665,400.6590576171875,449255,51.1587141853112
2023-07-26,402.69292966411507,414.2335597498506,399.3347731387633,411.0646057128906,1021474,55.89147077447564
2023-07-27,412.3889289936394,430.31475175896014,409.31457647224795,425.6322937011719,982121,69.48005410974869
2023-07-28,425.6796120059905,428.32827360006263,421.2336133999628,425.7268981933594,611320,67.66803818719293
2023-07-31,427.8080041991502,438.922971693545,425.77420740999526,437.8824157714844,1948590,77.76338388620057
2023-08-01,436.5581120707139,442.044638009894,435.13917996214167,437.267578125,728559,75.43016320179615
2023-08-02,433.24723165641666,436.74727542451984,415.6051831278994,421.1863098144531,435638,69.19189985368445
2023-08-03,423.3147252726239,432.9161596364431,418.4430643755379,425.7268981933594,1536375,71.98067294044122
2023-08-04,427.94988788933733,429.03772998861575,423.83497929200564,425.8688049316406,219626,70.33245887220505
2023-08-07,427.99720577903145,437.9297299019913,425.4431166001149,434.8553771972656,2124465,78.51490354841154
2023-08-08,442.04457773646294,475.62596639379973,438.1188718783385,465.929931640625,5030324,84.5649230599087
2023-08-09,460.6799166206371,489.24775872634007,457.8420526578816,487.3085632324219,2942499,86.84308365963214
2023-08-10,487.2139439868092,489.2477696333878,472.031382994893,486.220703125,875837,85.64336507135636
2023-08-11,486.2207126970751,493.93026654747206,479.9301197558692,491.5180358886719,790980,86.22204368979556
2023-08-14,491.8964499191941,491.94373610746453,477.65984306017765,489.2950744628906,347769,84.44854456033413
2023-08-16,492.03832313818424,492.03832313818424,477.896289893969,482.01116943359375,294078,78.25920688185595
2023-08-17,482.0112030630862,496.626214641256,474.8692566664962,481.5855407714844,527252,75.11678395748707
2023-08-18,480.82868923747725,505.09244669195573,480.11922332052154,500.03155517578125,1199288,78.6365204889584
2023-08-21,503.8628880059318,508.73452097745934,496.7682264329759,506.4642639160156,489428,77.65067736032734
2023-08-22,506.03850912074097,510.76828290869724,501.45059390452553,509.3966369628906,284034,78.54735307780331
2023-08-23,512.7074872845325,517.1062000763143,501.3560300014801,504.7614440917969,437780,86.37299872071131
2023-08-24,505.0452118363918,510.81551211944134,486.2206911655423,488.7747802734375,287139,74.95319056627156
2023-08-25,488.7748338835221,496.6262468095935,482.0112342847548,484.61260986328125,171497,72.53266089072113
2023-08-28,486.0787853768623,495.9640232519347,480.6395748781508,486.6463928222656,171913,70.98505180083708
2023-08-29,486.64644672500253,510.3898885404245,484.80182336198425,490.85595703125,582013,62.91038462948889
2023-08-30,491.89642333984375,494.26130999051605,488.112604698768,491.89642333984375,330587,53.01054024513669
2023-08-31,493.7410414910032,508.92360208777353,493.7410414910032,496.20050048828125,630664,56.28349089232188
2023-09-01,515.5453487471041,515.5453487471041,503.76820033393045,506.6533508300781,1466540,58.94856838495115
2023-09-04,509.86957294278295,509.86957294278295,493.7883433694484,495.207275390625,358083,53.1517795350299
2023-09-05,499.464026948405,506.0857091238573,492.18016500811007,493.2680358886719,435146,56.36363636363637
2023-09-06,498.3288868532773,502.3019078411263,493.78831618280213,499.79510498046875,381861,59.6297734427274
2023-09-07,502.7276704052154,509.8696173194407,497.95061039877976,501.02496337890625,222044,50.642300094158756
2023-09-08,503.5316364901238,512.7074079208762,501.0248913700421,510.5790100097656,729424,52.55722228670658
2023-09-11,510.81557975385516,551.7281238730296,510.81557975385516,536.9712524414062,2330074,63.26808772078727
2023-09-12,541.9375131874473,547.0929205171986,520.5116144590501,528.5049438476562,556808,61.01843640501007
2023-09-13,526.8967566502463,538.6266177743996,510.8155270935961,534.7481689453125,557700,73.45557681384713
2023-09-14,534.4643442950709,542.410385959716,527.842662153362,530.6332397460938,130236,73.49100303201374
2023-09-15,535.3158142052632,544.8699340514985,515.6872532129566,518.0994262695312,726845,64.5006644975411
2023-09-18,525.288688900073,527.8427784074087,516.9170120145552,520.0859375,430441,63.75778231802189
2023-09-20,520.0385817472892,521.8832049078793,504.38304344844346,513.3223266601562,334226,59.56907774940412
2023-09-21,515.9237181411568,515.9237181411568,493.0788889677652,496.5316467285156,241268,50.13305408855313
2023-09-22,496.6262234761094,500.74110337602826,484.6598732825162,489.2950744628906,165545,42.84042339476079
2023-09-25,490.0518212437569,506.08576497097704,484.3760930384749,487.119384765625,469425,46.3878444116972
2023-09-26,488.06526741945805,498.23427895279605,487.16659903898244,491.75445556640625,235719,49.33991049390192
2023-09-27,492.79510232398025,496.01131359559076,482.0585109273052,484.32879638671875,199060,43.307422264151334
2023-09-28,485.22745546239554,489.34233514785717,480.40308091212694,484.990966796875,1057804,43.02751665347553
2023-09-29,496.62623208094794,519.2818593584159,488.3964144020219,509.3493347167969,2698010,49.52626393496975
2023-10-03,509.7749763921149,515.4507042076375,502.96409146619004,505.7546691894531,332164,35.411076460190216
2023-10-04,505.9912229301607,523.1602671385441,501.49793783160226,509.3966369628906,556601,40.648121457429404
2023-10-05,511.47764396106845,514.5519962920187,498.6126272573554,501.5924072265625,302251,34.01730479877463
2023-10-06,501.68703149992575,505.84925510402684,495.0180626854036,498.3761901855469,201476,34.31462255485212
2023-10-09,497.1464659394662,497.1464659394662,474.44355382894895,479.74090576171875,246108,32.39250723529197
2023-10-10,479.5990606643038,495.3018864987535,478.22741472259975,489.0113220214844,342458,36.630042786363084
2023-10-11,490.00446272270466,498.3761374950915,490.00446272270466,491.75445556640625,357192,40.3878032101225
2023-10-12,494.97076894398526,505.8492473823146,485.4639362908302,490.14642333984375,462689,46.70890141725922
2023-10-13,488.1126323919473,491.28155758904165,481.4909493943821,482.3896179199219,268645,46.459746391187394
2023-10-16,484.3287860624603,486.551756419518,469.3353989234011,472.646240234375,376751,43.114282445439095
2023-10-17,479.59903415998656,487.11938559204236,472.07868272793075,473.3084411621094,506494,40.87937438114573
2023-10-18,474.86925341724105,482.1058010074203,469.9502774919155,476.05169677734375,338324,45.70868471433318
2023-10-19,475.53143530868766,480.82875849032655,472.17327883048324,477.6125183105469,187472,46.20991303917078
2023-10-20,480.87604769375565,493.07885679326375,476.9976278906537,482.20037841796875,563202,32.49995967356439
2023-10-23,483.3828156897869,488.77476862540516,462.9029037341131,470.1867370605469,365569,29.317901924667183
2023-10-25,470.13944760225525,487.11934463136475,470.13944760225525,482.862548828125,497796,36.037789720170956
2023-10-26,481.49093484065475,481.49093484065475,468.3894566749759,471.55841064453125,265351,34.75756550743171
2023-10-27,471.984089341884,484.80176344268017,471.984089341884,477.5652160644531,124817,39.729222857673015
2023-10-30,477.5652249467177,486.64639562887726,474.86924834085454,480.35577392578125,161213,50.35971145956299
2023-10-31,482.3423156738281,488.5383365356298,480.45040619570506,482.3423156738281,272123,45.73500136617354
2023-11-01,482.3423048853901,491.6599646303899,479.835530656595,483.950439453125,226042,44.93561235596354
2023-11-02,485.27472828192606,488.9639744570276,481.4909097378175,483.572021484375,538039,45.66437343826476
2023-11-03,484.6125686588129,493.7883405574664,478.7476669922962,481.3017272949219,426479,49.22660170768982
2023-11-06,481.49091696147974,495.4910342374232,481.49091696147974,490.7612609863281,281684,62.93043318768998
2023-11-07,500.4100259542465,515.7817895114422,479.45713555608745,484.32879638671875,658870,57.26761210797078
2023-11-08,485.65314593752913,488.0653187752125,476.0043968503052,483.00445556640625,433244,54.67259358190063
2023-11-09,482.43685740158793,493.59911039809174,478.7476401480481,490.80853271484375,212264,58.18178790742241
2023-11-10,490.8559525581569,492.0856822101302,482.9099094067188,485.32208251953125,136261,51.91418825708043
2023-11-13,489.862645116274,489.862645116274,479.78826165168175,482.5315246582031,244416,58.53505899431157
2023-11-15,488.6334270420431,488.6334270420431,479.289814124485,480.6722717285156,308463,48.21933197471522
2023-11-16,481.101333571492,484.5336913129058,476.81089366882657,477.6689758300781,359134,55.742935304176434
2023-11-17,477.6689771298549,479.38514145702777,463.3675107487215,469.3741149902344,385172,42.619136139245526
2023-11-20,471.37629383125704,476.0957890524856,466.2277721058115,469.0404052734375,249343,39.33154941735002
2023-11-21,469.46949596326203,475.0947339711877,469.04046940038876,471.13800048828125,139050,39.45832895464483
2023-11-22,474.23662593238396,474.6179925552026,467.75330605524294,469.5648193359375,704848,36.45626705220647
2023-11-23,472.75881703014517,474.7610281605951,469.0881014737216,471.9483947753906,771991,39.454768656257734
2023-11-24,473.2832212185282,487.10797301556335,471.9484234160274,480.2432861328125,666729,49.13438053912346
2023-11-28,480.5292856389132,484.3430101281109,472.99718559202944,476.4772033691406,293417,37.11856010568032
2023-11-29,476.7155821518921,481.9594535555629,472.7111596232522,477.38299560546875,978275,43.04274250444152
2023-11-30,478.62239894394645,484.3429853855076,475.23773027125236,482.5791320800781,243273,49.60464048864927
2023-12-01,483.86631809493633,493.54366773396316,480.14794235644445,491.77978515625,578929,50.87998026915353
2023-12-04,495.3074711215838,495.78418668570464,480.5292886338368,485.439453125,756182,50.104720538295155
2023-12-05,488.58575865417936,494.8307204626891,485.53476762162705,486.05914306640625,585426,53.27425346182629
2023-12-06,485.9638694909166,489.4915763895426,475.76214453271336,477.1922912597656,286677,47.14177719537639
2023-12-07,481.48267597749106,483.72324474439034,469.2310812744261,477.8596496582031,1204085,50.16285575171691
2023-12-08,480.52929411639246,481.10135861914625,473.1878627066061,474.76104736328125,756989,55.04919647755624
2023-12-11,475.7144626689545,486.2498647670098,471.23332482567565,484.1046447753906,401284,62.07954378050016
2023-12-12,486.1545468691758,486.1545468691758,471.51937261732303,472.2821350097656,296688,50.79366423457794
2023-12-13,472.28209033137256,482.4361254933241,472.28209033137256,480.195556640625,241429,56.778121534061064
2023-12-14,484.34297203907875,484.6289897147125,476.6678637467071,480.43389892578125,782064,55.56249512374192
2023-12-15,482.8175225416466,487.3463204478757,472.80649559103495,475.2377624511719,475889,46.579782009871494
2023-12-18,477.4782304157406,477.4782304157406,471.04257120274826,471.9960021972656,271432,46.91594760051315
2023-12-19,474.23659713752755,484.8196875825036,470.04150634842534,476.76318359375,588084,49.594960680673466
2023-12-20,479.1944776659656,489.9682665759942,471.0903132992788,474.6656799316406,511757,44.610388638642384
2023-12-21,469.2311232137238,476.62021444608337,467.18125211047993,470.8996276855469,243276,34.642276908186446
2023-12-22,472.9018414050657,477.6213371463613,469.4218235930401,471.7100524902344,257331,39.007585727319416
2023-12-26,474.33198397590365,489.1101663912333,470.4229105499863,479.1944885253906,856701,45.048159919904435
2023-12-27,481.24437161148035,481.4827293983112,472.1867757119082,475.9051513671875,288965,48.99026728458342
2023-12-28,477.66894834708097,518.4757849904647,472.9017931739564,508.1787414550781,2497121,65.90002675888454
2023-12-29,508.17875976562505,548.2228646627287,502.3151354142806,537.4967651367188,4641172,75.80393306746024
2024-01-01,543.3604337249564,561.1895496121373,540.9291377468691,546.030029296875,2442680,75.64155993692884
2024-01-02,545.3625314033012,547.6507890779216,527.7240579226,537.92578125,997994,78.04475716962963
2024-01-03,534.0167297040944,547.6031227231666,513.0412457448248,518.7141723632812,1190793,65.00741942080957
2024-01-04,524.3871303010584,542.6453600241229,524.3871303010584,533.2540283203125,1030036,68.5160421514601
2024-01-05,536.0666869072563,542.6930453203968,531.5855486729354,538.4979248046875,605066,72.16836203797041
2024-01-08,538.6886243231396,541.8825955442101,526.2940188077399,528.9159545898438,602310,69.0979131635366
2024-01-09,532.0145543581447,533.1110234014214,520.478061313168,525.7695922851562,316217,66.6235474703842
2024-01-10,526.1986920906833,528.725249804735,515.3772132702364,522.81396484375,444249,66.23792928200314
2024-01-11,523.3383282507576,528.2961231719358,511.99247544332405,514.1376953125,460172,64.11450478866573
2024-01-12,520.0966526156894,520.0966526156894,499.59788445576766,500.3129577636719,686812,58.605833963212135
2024-01-15,504.50806842341376,514.4237165267587,496.3085263958327,510.323974609375,512118,59.22574875417919
2024-01-16,511.2298281641057,516.616679603073,501.31412026954706,503.0780029296875,639895,57.868596558390394
2024-01-17,503.5069378432123,507.2253423897371,488.63343604274485,490.7786560058594,603094,44.30223499215936
2024-01-18,493.49595155277046,493.49595155277046,480.8630176149919,484.91510009765625,706123,29.656999448860432
2024-01-19,486.72655276933915,494.30634128256634,474.8086646016276,477.0968933105469,700541,23.182500200050768
2024-01-23,489.1101317565408,489.1101317565408,469.3264373433864,475.666748046875,518113,24.452292589488806
2024-01-24,476.6679071099356,484.05699839887075,472.0437602904815,473.95062255859375,1035664,28.551880686965873
2024-01-25,474.1412770025773,481.0536525156444,468.325370537675,469.5648193359375,1000614,16.194341296278182
2024-01-29,470.8996289226959,479.09914245362177,470.8996289226959,476.3341979980469,711353,17.529882510318956
2024-01-30,478.6700695988621,488.1567206325301,472.0437409465583,474.8086853027344,802338,19.140831278651106
2024-01-31,476.5248817849698,488.1567535671254,475.0947350460036,476.57257080078125,1096425,21.491748974148038
2024-02-01,479.5758589801461,484.819730201599,472.4251254963467,475.3807678222656,1076914,21.940244994871122
2024-02-02,476.524868332935,481.5303817780138,473.2355483840144,478.0980529785156,570238,27.063155870716628
2024-02-05,483.00821254247825,485.725497061249,475.76213019122594,479.67120361328125,309361,34.43569263904901
2024-02-06,480.5769582513664,487.15565644614213,475.71448267631934,479.0991516113281,850786,22.548265738851214
2024-02-07,480.00488883455523,481.4826953698999,469.08809133067473,470.1368713378906,390799,21.88773062600889
2024-02-08,468.1823356593349,473.80760249426146,461.4606579618832,463.0338134765625,386923,24.017908533417312
2024-02-09,466.84755101093083,469.85085327704707,453.35650622437686,461.98504638671875,685529,26.398460597090306
2024-02-12,462.89078328702345,464.9406542629369,453.40413252651234,460.36419677734375,393865,30.258779544484057
2024-02-13,460.4118963933074,460.4595854086405,446.20577808136636,448.1126403808594,357787,24.10401610272889
2024-02-14,447.20685029156346,452.784428101659,440.48517260786394,443.0594482421875,324325,22.681328859755936
2024-02-15,444.2512612015468,448.1126457658589,439.1980585893199,439.6747741699219,1049919,23.09018705377528
2024-02-16,443.52183563675857,447.8017393747851,441.69447188999345,442.4158020019531,387468,17.075332523624724
2024-02-19,444.24321075632326,464.5366391656436,439.1938994610445,457.1790771484375,1497677,36.385742060920286
2024-02-20,457.8041722987235,460.016239542121,447.9459942187614,448.81158447265625,489656,30.546036547288892
2024-02-21,452.370166041479,458.4774335617,448.1864454976427,449.82147216796875,697750,32.04312427129595
2024-02-22,450.638962671262,454.0051699286322,442.4158109686568,443.8103942871094,276243,26.976510482454387
2024-02-23,444.14698889139163,448.28263253645696,438.56871435274275,440.8288879394531,448313,24.402294167121525
2024-02-26,444.0989065043707,455.6401883193191,442.4158029063574,451.6488342285156,1248367,34.0624904763896
2024-02-27,451.84117024725793,453.86090043030134,448.1864427548917,451.2641296386719,853538,37.83047813657087
2024-02-28,451.2160524205331,452.94726241080514,435.9719358737733,448.6673583984375,3324253,40.16464134661429
2024-02-29,451.4564865153371,451.4564865153371,439.48242374630286,448.18646240234375,864281,40.47938300189421
2024-03-01,448.18641062306835,449.0039238946185,434.9139492591782,437.6069030761719,561229,36.025707671186765
2024-03-04,442.4158179027619,443.2814081980241,435.0582563665352,440.3960876464844,328773,44.63854221000894
2024-03-05,440.39606507234595,445.34919256173185,436.69323135080606,441.40594482421875,902936,48.78275411821902
2024-03-06,441.83873199673405,442.22343551954015,428.71052983061736,430.0570068359375,755995,43.66285941563704
2024-03-07,430.0569908571939,434.76967487621357,424.14209002970006,432.99041748046875,672010,43.80532517675375
2024-03-11,432.9904223064363,439.91517358983094,426.45034518484533,427.89300537109375,415629,27.950769801998405
2024-03-12,428.18158943734426,429.8165868359201,415.4861670374665,426.8350830078125,443203,31.407697105891486
2024-03-13,426.88316044923897,432.9423215686981,417.07305931668924,420.5835266113281,1599397,27.27953128060699
2024-03-14,419.3332757993332,426.25805723183225,416.4479550942919,418.32342529296875,349212,28.968290143749257
2024-03-15,419.76605369660587,420.24694044417856,401.1557306953429,406.8782653808594,904432,25.417843670342336
2024-03-18,407.07064227998876,414.0915772345543,402.3098516162912,410.8696594238281,596980,17.23346656531227
2024-03-19,413.61071965936196,413.61071965936196,404.61816009496357,411.7833557128906,457960,18.544153232081158
2024-03-20,411.6390675089551,412.7932074760152,405.0028360758563,407.743896484375,548534,18.12742375424142
2024-03-21,408.70564892368276,414.52436669254115,406.8782558449365,411.7352294921875,1159886,23.08242528917991
2024-03-22,413.5626073240461,421.59342196437547,403.5601687380362,408.03240966796875,1129009,25.691762263645487
2024-03-26,407.79201574615877,421.0644799899492,402.83888746283856,418.6119689941406,759976,34.12759614093228
2024-03-27,422.21854371441765,423.9978304635957,415.4861295777413,421.0163269042969,687739,35.43954834567613
2024-03-28,421.01636123500697,421.8338746027504,410.0521489028559,412.9374694824219,699523,37.17580779154038
2024-04-01,415.48614407613127,423.8535851069523,415.48614407613127,423.03607177734375,201226,43.26610392591773
2024-04-02,421.785793010842,436.1643198145897,420.29505569785164,426.3542175292969,1719307,48.933367122839094
2024-04-03,429.3837651227112,429.3837651227112,420.77588107237506,421.5452880859375,613591,46.51455058904529
2024-04-04,421.8338748534362,430.7783569150069,421.8338748534362,430.1051330566406,256738,56.088586232790206
2024-04-05,429.0471589102484,431.1630429734631,427.0274287150453,429.5280456542969,683649,57.322396197929436
2024-04-08,434.7216156312314,438.4725263560801,430.1051146392633,437.0779724121094,349927,70.79468239265432
2024-04-09,437.60690024805,441.4539938766043,431.45155631256216,439.9632568359375,627000,70.34292418265676
2024-04-10,442.1753096829703,443.37752640315233,432.942279401773,440.540283203125,840171,70.20263371951671
2024-04-12,440.973126761521,442.4157869363133,431.6439125574654,436.8855895996094,1214741,70.58422586290072
2024-04-15,434.67353220953515,439.04958976471016,422.21855401250326,435.1544189453125,191903,67.08773664310812
2024-04-16,437.36651388147186,438.37636435014446,424.8634579596266,426.45037841796875,2226836,62.52453981364268
2024-04-18,429.3356586147182,430.4897984854525,420.48736055940816,422.458984375,298814,52.87350767209383
2024-04-19,417.40970546653745,425.77714678656554,411.83143082051765,425.0558166503906,212160,53.00862451449602
2024-04-22,428.22965018462503,431.83630080381056,425.1038863146643,429.76849365234375,171098,63.197562256128705
2024-04-23,431.8362979855278,431.8362979855278,421.88193647134113,423.2765197753906,383043,50.199843655756546
2024-04-24,426.1618641489893,429.912775108596,421.20873625675233,429.2876281738281,2801395,52.333586141331004
2024-04-25,430.7302904088791,452.0335686796455,430.7302904088791,447.2247009277344,3652786,66.89876801258939
2024-04-26,450.73515662287156,465.49838610188095,442.41582150178766,461.8436584472656,2305492,69.34350148906617
2024-04-29,465.20985562850166,469.9706168627366,456.3134507164385,467.9989929199219,673970,71.95391929781786
2024-04-30,467.998985797104,472.1346000609912,462.61304838643866,468.2875061035156,837763,69.41952248065783
2024-05-02,468.383650864079,469.73012776843785,464.05567051728565,466.8929138183594,397038,67.07317875400356
2024-05-03,470.5957507851125,484.39720605699006,466.4601365723953,476.51068115234375,1041482,70.4595508847745
2024-05-06,480.9829358758415,487.13828043962735,473.33682476822605,485.1666564941406,1397350,75.98343182049607
2024-05-07,488.5809073762167,511.5191804326694,485.0223339088655,505.9889831542969,3055715,81.62297828673758
2024-05-08,507.81640205732936,517.4341369447787,504.3059053426122,514.2122192382812,1174890,89.34881755693564
2024-05-09,514.4526625438992,517.1456165716376,503.19990098664044,506.277587890625,966786,86.29736646098007
2024-05-10,508.77816224401107,515.1739792577437,500.5069339378548,502.8151550292969,1701248,83.42285382982799
2024-05-13,499.9298614796243,508.77818956020104,490.1197892348093,499.0643005371094,297274,80.03334679796936
2024-05-14,498.19866783928074,500.69925543257943,492.0914003073449,495.60186767578125,177027,82.19174621251122
2024-05-15,500.1222232132825,511.4230619108903,499.1604497071031,506.75848388671875,332073,82.97172518040144
2024-05-16,506.854686485985,507.81646008463014,496.3713307799523,502.3824157714844,221893,76.53861311472136
2024-05-17,498.29481903692334,503.63270883961826,494.92861183983393,496.65985107421875,363676,68.31980987402548
2024-05-21,499.88178684189705,499.88178684189705,488.0519842905113,491.8990783691406,666484,62.763214677310636
2024-05-22,491.5143228782914,518.780636127939,489.542698994058,514.500732421875,1214463,69.92947171564427
2024-05-23,517.4341120220508,525.1282995614122,514.6449455582353,519.6461791992188,826341,72.0369455798218
2024-05-24,519.3576811479898,527.8212760633359,508.8743266958713,523.9741821289062,740696,70.74399040962366
2024-05-27,526.8594876974081,528.9273241095513,502.1900337609192,508.2972717285156,581813,59.52473346369025
2024-05-28,510.7978442498741,514.5487841007509,503.9692763902682,512.0000610351562,210139,52.88150698378249
2024-05-29,511.5192310030159,517.9150484902406,495.3133704224213,503.8250427246094,651758,45.01843679080119
2024-05-30,504.209781461512,595.3378249397729,504.209781461512,588.4611206054688,15603578,72.70794755819091
2024-05-31,583.5080244708404,621.4980796922882,570.3797920337684,601.58935546875,10243411,75.90819853325519
2024-06-03,615.5349600263507,625.0565399200536,593.9431360162787,609.8604736328125,1939673,78.3883540603606
2024-06-04,605.9173331302552,638.1367468760703,580.8631440324912,604.3303833007812,2971089,77.5664933826167
2024-06-05,606.5425242203819,716.5213082549568,606.5425242203819,672.2797241210938,8431074,82.58239673510424
2024-06-06,673.3858213806742,684.0134081074501,650.3513315145834,680.454833984375,2688323,84.53651192106531
2024-06-07,680.4547706464039,732.8714278905438,671.4140760079,694.6409301757812,2789719,87.17721872691268
2024-06-10,693.4386546876334,711.4719068032965,671.3178654257533,704.2586059570312,625565,89.16286787172295
2024-06-11,702.0946771033443,726.0428614880794,675.3573847020001,688.389404296875,739817,82.88474217551013
2024-06-12,686.6101301360072,692.1884047362722,675.1650019217768,689.1107177734375,301701,82.59347371480612
2024-06-13,691.370822059135,696.2759018824781,672.2796425296134,679.3967895507812,372730,79.2860195485173
2024-06-14,687.6681209080656,692.4289119470602,675.8863943610393,682.8592529296875,242862,84.47954578032298
2024-06-18,684.7827098208095,720.1759617340705,683.099606250323,712.3856201171875,844551,85.91627768780492
2024-06-19,720.2721849493556,720.3683388168643,686.7062669095342,691.659423828125,531341,82.2171297922334
2024-06-20,695.3622623628604,704.7395542826915,670.9331912139885,681.3684692382812,439537,71.39065372860996
2024-06-21,677.857993624913,693.7272573714051,669.4424749714702,674.2513427734375,818858,67.20567950708696
2024-06-24,677.4251564528514,704.5952584378384,676.1748626151807,693.1021118164062,750175,68.77038470018577
2024-06-25,693.1020719360293,699.1131561001106,673.289503310021,684.1575317382812,395260,67.72745952967787
2024-06-26,690.409123111995,697.2858275123997,673.7223754102565,677.9060668945312,478867,51.721086266037055
2024-06-27,684.7828068975016,689.0146342411523,655.0159020763741,660.5941772460938,594094,44.24629073297699
2024-06-28,668.3364060926932,684.2537452405185,657.324088148659,662.950439453125,462892,40.143551660183874
2024-07-01,672.808584567766,745.3744008846077,663.7198140036782,693.5347900390625,10549063,47.04946878380662
2024-07-02,706.9034755149744,716.617363738533,686.6581564259983,695.6987915039062,1622683,52.175132325680835
2024-07-03,702.142703302844,726.1389628897311,688.1008342562372,708.25,2317705,55.32085514313019
2024-07-04,712.6741597370676,716.2327334086774,704.0181982827712,710.6063232421875,562535,59.04655854042668
2024-07-05,709.5002992427808,709.5002992427808,693.0058607820919,696.516357421875,1093971,53.72897433624131
2024-07-08,701.9022933445011,740.4694461786127,693.2944087204216,720.8492431640625,2202935,52.37838453442885
2024-07-09,740.5655780564687,757.6370572908874,735.7567106664916,747.3460693359375,3596818,65.157067871475
2024-07-10,759.8011098367977,775.2375636823226,731.1883465233233,740.3251953125,1403456,66.33797237682506
2024-07-11,749.5101417591867,749.5101417591867,732.5829501731415,735.9491577148438,555675,67.36133271458019
2024-07-12,736.7185395559057,740.0366700449581,724.2154834015627,734.3621826171875,443959,62.85972239184502
2024-07-15,745.2783666783935,754.9922563041821,728.6396368708538,734.4102783203125,806893,66.58209207124244
2024-07-16,742.4891096216492,753.9823141858544,737.7763961963622,743.6432495117188,593276,71.27297578087041
2024-07-18,749.2215169921901,781.6332939734574,742.3448133490128,761.62841796875,2796690,82.55347785507263
2024-07-19,768.2646669210977,782.8836359920613,755.0883581130188,769.2264404296875,1539748,83.12353379379405
2024-07-22,769.2264472682165,812.362024733146,757.0600474975929,769.8516235351562,2181405,79.2481138285246
2024-07-23,771.438486535026,786.0574552037885,682.9072492454329,769.3226318359375,1019791,78.57413242635413
2024-07-24,777.4496373412695,777.4496373412695,760.1377131811937,769.0341186523438,525666,76.07264726564811
2024-07-25,759.801028488019,783.8453648325766,754.1265416299062,775.5260009765625,493459,76.89245687170433
2024-07-26,775.1894463618804,780.9600874017951,759.8972241253078,766.629638671875,472198,80.34976031653436
2024-07-29,773.1697970522181,785.9613738035457,764.6580657293797,767.9761962890625,851464,75.46784459010163
2024-07-30,774.227687263369,776.3436007577802,763.9847757461044,766.0526123046875,351674,63.76509054325956
2024-07-31,768.7935773946368,791.4914658474081,768.4569801707281,785.7208251953125,609913,78.16226351653245
2024-08-01,789.4718310348161,817.0266679795534,786.7307997731308,792.5975952148438,4419545,84.08561065792316
2024-08-02,792.5014023399904,792.5014023399904,746.2401182327394,749.4620361328125,2271759,56.057101221331145
2024-08-05,739.5556604494727,750.7602852288784,708.2018126944138,721.089599609375,1774170,45.64598940893697
2024-08-06,721.2820506949458,756.0501276255007,721.2820506949458,743.8837280273438,2258661,50.07220216606498
2024-08-07,745.1820341741704,769.8996228118382,729.793659452135,759.8971557617188,871214,49.47397116994821
2024-08-08,757.8293996748749,762.4939774143104,745.3744217897319,748.3558959960938,286995,43.807065541224105
2024-08-09,749.3177475382541,770.3806117138519,749.3177475382541,767.014404296875,432303,49.23949900023199
2024-08-12,769.6592501516909,787.8848698775629,769.6592501516909,777.1610717773438,644939,51.99803347143633
2024-08-13,784.7590330037041,809.8132188292218,774.5161226101628,785.6727294921875,752959,54.07056804020173
2024-08-14,786.7308024382517,788.606272693022,765.8603036405041,774.131591796875,200641,49.6670882829531
2024-08-16,778.555698774262,795.7714690222754,768.6975197595169,792.8380126953125,241250,55.977196901531414
2024-08-19,794.2805959592337,796.8293191330943,770.3805487333839,773.265869140625,268305,51.11379394722015
2024-08-20,783.8454167674377,788.4619179110673,764.0329057876116,768.9379272460938,260193,50.60144240323524
2024-08-21,765.571647155461,785.7688891030298,765.571647155461,780.9600219726562,247983,48.974937544270965
2024-08-22,786.7307555145154,789.6160761337618,774.2757764343688,778.748046875,145923,46.956883721042516
2024-08-23,779.1326719165735,801.0611542010429,772.9292799381456,778.1708984375,661713,57.75927997123052
2024-08-26,784.8071635270658,796.3484453436403,775.2375056137571,786.875,425809,69.89534633025491
2024-08-27,789.4236579566559,822.8933632063369,783.508786295985,802.1190795898438,1097883,68.45477291682462
2024-08-28,803.0327909590677,810.3422460363411,794.7615036853157,807.6492919921875,543477,66.20965513011922
2024-08-29,807.7935432213534,809.3323572588143,779.1326474822041,781.9218139648438,597368,60.39311127355413
2024-08-30,787.4520277902099,794.3768085078173,776.2473433949012,782.1141967773438,471207,55.27907765778338
2024-09-02,787.500128936906,788.6542688756597,759.8010639167941,780.190673828125,686704,51.12380384860423
2024-09-03,779.0364891309398,807.6973260030129,777.3533856050396,790.9143676757812,604137,51.91294612726363
2024-09-04,778.9404132424423,805.6777059042821,770.3806052587678,792.7899169921875,390023,57.32625611244307
2024-09-05,797.4063563805531,808.6110407290201,789.1832049948941,803.465576171875,419885,54.45383585148321
2024-09-06,806.9279354908177,827.1251782146642,793.6073965085069,800.8687744140625,920625,63.486852699899444
2024-09-09,805.0044397251264,807.889760297618,789.8565067195461,795.9637451171875,247514,63.130837158296224
2024-09-10,806.1105060422465,814.3817349029476,780.960104802118,793.2227172851562,410689,56.54857980250481
2024-09-11,793.7035575135627,795.3866610890232,779.7097652408476,782.8836059570312,222181,52.03209996359092
2024-09-12,788.654302594013,791.9243561099582,774.2757764343688,778.748046875,242476,50.27401261570775
2024-09-13,776.1511552842676,778.0747021375123,756.1462797509201,757.925537109375,520247,37.67401102693533
2024-09-16,759.5605274218262,759.5605274218262,706.5187019944481,723.2055053710938,1854200,21.18019178729533
2024-09-17,727.0526734535256,731.0921338071862,715.9922784410235,718.204345703125,645796,17.207338565959645
2024-09-18,723.2536831349022,724.552053899093,697.6705311218333,716.1365356445312,1370001,20.819124085852195
2024-09-19,716.1364997616951,739.6037958279302,713.6839891622224,718.6371459960938,679895,22.408018592607533
2024-09-20,727.0046603973418,738.3054997726155,709.5003697948158,718.9738159179688,1538498,23.018248475617142
2024-09-23,726.427506648065,736.7184947511763,711.7123839632774,734.5545043945312,408945,26.17890432246861
2024-09-24,735.3238721351955,742.4410190751245,726.8602775998694,731.8615112304688,488122,24.424687344838134
2024-09-25,730.9959536265155,731.8615732770799,710.7987096653219,714.1649169921875,599698,14.601605905676024
2024-09-26,720.3683751466982,720.9935514230185,707.9133961724539,713.8764038085938,293359,14.873795040721063
2024-09-27,713.8764193830078,729.6976060629165,711.7124288897619,722.9171142578125,728555,21.45813002429692
2024-09-30,729.0243340042528,743.7394572378176,711.712410505471,736.910888671875,903366,29.775481635317576
2024-10-01,731.909710732323,739.0749358038086,718.9738440519099,724.8406982421875,469816,29.409788034325715
2024-10-03,710.2697453789923,730.7074327037094,707.9614654474019,715.9923095703125,257834,28.45823849446721
2024-10-04,711.8085530167914,721.9071748965707,697.3819503313923,714.4534301757812,394993,32.80062746279873
2024-10-07,715.5114574523845,726.2833331513492,699.8345600388019,704.7876586914062,572410,40.911297823226946
2024-10-08,704.7876283477414,715.0305398838606,697.814770281913,711.4238891601562,185043,46.70716792907062
2024-10-09,713.5397936831888,731.8615673887465,713.5397936831888,724.98486328125,447675,53.86555316465484
2024-10-10,727.9182999637072,729.3128833748406,713.6359859890657,714.5496826171875,247457,48.330087548904956
2024-10-11,715.9442634336734,719.3585478402815,701.036773214343,702.3351440429688,482566,43.803721476589395
2024-10-14,702.0946009575932,706.5187352362556,683.724752002376,696.9010009765625,376562,34.83143359997955
2024-10-15,701.0847964004836,713.8282951270713,693.4867623581729,709.981201171875,227990,41.86630303827854
2024-10-16,708.6827788533104,717.8196270886012,687.33145414928,709.6926879882812,1899460,48.090358045161295
2024-10-17,710.558226588655,710.558226588655,684.7827093804633,687.6680297851562,266069,40.561129609878726
2024-10-18,684.7827583798481,687.6680789909992,665.5953645752941,674.0589599609375,354043,32.96444225388322
2024-10-21,664.5854180967546,679.7814260465574,661.7481748319204,667.711181640625,335377,24.512926433840093
2024-10-22,665.6434045308978,675.5497183737543,637.463453201303,640.3968505859375,309440,22.038212389681007
2024-10-23,634.7704455410728,650.6397066795996,626.6434485509444,641.02197265625,616861,23.74535745065046
2024-10-24,642.4647267460356,654.0060092624315,607.840879196848,614.0924072265625,879958,20.1601461654967
2024-10-25,615.5350745546089,632.8469985264572,608.3217728996719,620.8248291015625,528436,24.59255466865251
2024-10-28,615.5350814176245,630.779168937558,610.7262135940493,627.5572509765625,247943,24.636428107587676
2024-10-29,627.7014942355684,633.808732440655,623.7101107553335,625.1527709960938,239977,17.62323329615937
2024-10-30,629.961612845519,649.1009280753632,620.8247650256221,642.1761474609375,262378,27.490278681591036
2024-10-31,642.4166316656559,683.7248159126647,640.9258944564571,676.46337890625,679537,42.92476717895031
2024-11-01,687.6680996943599,692.4288905864901,683.8210054303355,689.0626831054688,53421,47.9372682050862
2024-11-04,684.2538082281571,686.754395993219,642.9456222532374,649.8223266601562,525378,36.08455410537158
2024-11-05,649.8222472134762,673.8184475428325,648.7642612099145,668.2401733398438,286572,41.15351169470746
2024-11-06,668.14406203896,671.6064231573769,654.0059798517652,659.3438110351562,518581,43.59643215913983
2024-11-07,659.7766155036032,663.2389765939611,642.5608465162242,645.4461669921875,249647,43.53962066121898
2024-11-08,661.7001700802073,673.1452982469859,635.8765750048232,644.2439575195312,1017600,44.57537353590095
2024-11-11,641.5029390128711,659.0553057849625,634.1453480906204,649.0047607421875,705280,52.22140596638216
2024-11-12,655.496738641004,672.5682188248054,644.4363430289635,664.5855102539062,470310,55.645184167251806
2024-11-13,651.1206823087005,656.8913235108455,617.6509750766587,624.912353515625,2056417,52.44299530622538
2024-11-14,623.325372813361,639.33892483651,610.3414307519952,618.2760620117188,434476,49.42427346562309
2024-11-18,622.5343902807984,623.5021856796026,591.6133154750958,595.4844970703125,591079,43.24532077656444
2024-11-19,594.0811701899953,628.7282920382456,592.5810991653966,622.4376220703125,711152,49.48176273132534
2024-11-21,621.3246616979238,622.7279768754807,598.0975715409921,613.6306762695312,581134,44.37513455134118
2024-11-22,614.8404001870261,626.115240121802,601.9687332985698,618.2760620117188,233237,37.017656480692914
2024-11-25,635.8414930880072,719.071886399375,628.0023750202158,656.3587646484375,655751,43.44834433506969
2024-11-26,667.778841670236,670.633849981141,629.3089736174942,637.8255615234375,1167977,47.37922263760698
2024-11-27,639.7127281831545,644.551704947021,630.518672331808,639.3740234375,311540,43.19222213361608
2024-11-28,636.7610435989791,651.1327827525388,632.7446687561617,647.6487426757812,390774,47.23372998044676
2024-11-29,648.4229104560718,667.2949205365097,643.1967917290565,661.9720458984375,299320,53.90106093412226
2024-12-02,648.4229086092203,648.4229086092203,605.8399116259283,610.9208374023438,1784611,43.63240203551895
2024-12-03,608.7917418780064,621.8569810081882,602.0171734401343,619.2923583984375,1066490,44.39964180384711
2024-12-04,619.2923041872057,624.953883686865,610.4369525907706,612.4692993164062,465143,39.84147469648343
2024-12-05,618.76000149317,618.76000149317,606.5174244100205,611.646728515625,544815,46.95272962205233
2024-12-06,614.5500673524136,624.2280211689871,613.7274649058219,621.8085327148438,523659,50.79851654401113
2024-12-09,622.3408374185058,624.2280503147617,598.4847155885136,601.726806640625,705249,51.42857861219162
2024-12-10,600.2751160633414,624.2280529800165,600.2751160633414,620.9859619140625,660970,49.65565508059328
2024-12-11,623.2602729268922,625.195863836603,601.0009774652175,602.0171508789062,712366,47.37188280903401
2024-12-12,604.872183335299,606.565825448638,582.61288698856,585.4678955078125,1127200,42.95513099603962
2024-12-13,586.4839720470216,590.2099604528378,567.8055339260985,572.9832153320312,1557629,29.885609226652633
2024-12-16,580.6772192101947,583.5806053062457,572.015438876401,578.596435546875,858460,34.760958052236845
2024-12-17,578.5964100678982,580.967520422501,564.3214290575917,570.563720703125,1234907,32.86747484497894
2024-12-18,571.9670556909753,572.4993313231416,563.7407951607329,567.5635986328125,400376,29.522385907392476
2024-12-19,563.2085680285547,583.4838943071031,561.3213551069583,579.3223266601562,784328,28.58577862147075
2024-12-20,580.6772511214829,588.1292876581175,563.2569335878384,571.8218994140625,663305,36.91711341890552
2024-12-23,565.1924222635097,571.8217960543692,546.8043126350736,549.320556640625,886530,28.609433494742746
2024-12-24,549.7077663233605,582.6128086737025,548.3044512327465,579.2255249023438,851341,41.094122702428
2024-12-26,580.6772159505903,582.2256648986422,566.4989902999804,569.595947265625,319122,39.24238241506765
2024-12-27,569.5960078718285,574.8705049585054,563.5472862287465,571.2412719726562,207778,36.474282829773585
2024-12-30,575.4511036457443,583.4354154520121,569.1604337377756,572.0154418945312,349933,41.137417357801894
2024-12-31,570.9992758075842,587.0162775777699,567.4184210775943,581.403076171875,329279,37.45399660758835
2025-01-01,578.9836230601868,592.9682790081865,574.3382167534292,588.951904296875,254795,45.53572136157568
2025-01-02,592.290804855022,592.8714584868655,583.870972776017,589.19384765625,155105,51.43279751097024
2025-01-03,594.4199774069486,598.4362930840925,582.6612390576136,594.6619262695312,380979,58.81197688935112
2025-01-06,598.097595084371,599.6944812233374,563.3053364366701,565.9183959960938,454985,45.662287543618945
2025-01-07,567.1281092037099,579.0319809106297,563.5956323359715,569.4024047851562,392592,49.589898046762016
2025-01-08,569.0636821770852,570.5637531988476,552.6595387085822,564.8053588867188,297814,49.03683066114283
2025-01-09,562.2891648485038,598.1459749926615,561.224613465422,576.5641479492188,1127124,49.036852384999875
2025-01-10,572.1122821097262,574.8704754093777,562.6762768315419,570.4186401367188,438778,49.5053049912749
2025-01-13,560.8858265561025,570.7573517016897,536.2554211842316,546.9979858398438,688818,49.186490435121684
2025-01-14,543.9010713338811,556.4824128416043,532.7714230770489,541.3848266601562,698297,34.02783359610886
2025-01-15,541.384734408042,553.7241249379811,534.2714032490594,548.1593017578125,445131,40.728347101067456
2025-01-16,550.8207798156678,554.3048196549087,540.0298373940445,546.852783203125,427926,39.42062736862394
2025-01-17,546.804372617781,553.5305621125627,542.9331912187171,546.6591796875,270828,38.94513988714084
2025-01-20,554.4015161650459,554.4015161650459,538.6748424779829,541.9169921875,246686,32.05803198015606
2025-01-21,543.2718843261681,545.9817585030984,529.6743717671295,531.5615844726562,333276,24.5711525698934
2025-01-22,532.2874675239646,543.6590634210675,530.7390185189848,541.7718505859375,296862,30.693449665336757
2025-01-23,537.7555131351947,546.7559981311824,528.4646422768036,544.3848876953125,366306,29.04393264458291
2025-01-24,541.9654250722862,546.2721264247157,529.0937580407281,533.5455932617188,293990,34.13936887130305
2025-01-27,528.7066067676324,528.8517997031324,511.14115597971306,517.8189086914062,762756,27.43437592783647
2025-01-28,537.1264767558279,544.0462378769873,521.303044717056,537.6587524414062,2591498,39.52187503239297
2025-01-29,541.9653959339951,555.8532355769875,540.3201320252873,554.2564086914062,880317,41.69964944537152
2025-01-30,555.5146154646127,557.5953994116815,546.0302314047366,552.6596069335938,337052,43.16063725361144
2025-01-31,551.6434391841857,573.7575428991001,548.0625839931151,570.66064453125,713423,59.50995249549509
2025-02-01,573.4187866175589,609.5659219436075,563.8860253539289,605.6463623046875,854752,70.89363951748967
2025-02-03,595.2425702087282,604.1463000205372,587.8873485339336,594.5167236328125,839755,64.65729653622176
2025-02-04,589.5486471671651,593.2503616704855,567.4356907603576,569.6275024414062,468353,56.26641794077668
2025-02-05,567.9227081850274,576.0080453124468,562.077877569058,570.4554443359375,385789,56.52471801050975
2025-02-06,570.845160122948,572.9882767109945,558.2787497095769,560.908935546875,348810,55.07374411935245
2025-02-07,560.2269676405447,564.8054299921314,551.411027049914,558.03515625,136204,57.36697199401461
2025-02-10,556.7201516098587,565.7796277499662,551.7033145624548,559.5938720703125,216363,55.21032886904337
2025-02-11,555.2588714966611,555.2588714966611,520.5308147861685,526.5217895507812,882838,45.56713778831424
2025-02-12,527.2524319565083,548.099018406842,518.1929563333977,544.2511596679688,397111,52.568822173065385
2025-02-13,544.2511735668043,546.2481455334121,521.651149234315,525.69384765625,389472,51.86428246733825
2025-02-14,528.7623293357976,529.0058639439532,506.64937502394355,510.93560791015625,225828,43.51770257401538
2025-02-17,512.4455015032934,515.2218316610539,499.6843120448905,510.10760498046875,1492713,38.403522418802815
2025-02-18,508.54891637757476,539.6726487136813,505.7239508218581,527.0088500976562,876345,43.7637594026913
2025-02-19,522.0408464700596,536.9451536440628,514.6373581884212,534.1688232421875,1038609,40.6343694370803
2025-02-20,530.4184438915869,546.5891201430677,530.4184438915869,542.6925659179688,912940,31.303345017892994
2025-02-21,540.6467982887132,547.2709273493814,531.6847133446618,542.254150390625,281885,33.4260228493916
2025-02-24,533.8278591715115,545.4688252911335,526.0834467684697,537.1399536132812,241107,38.219718464470766
2025-02-25,537.7244280029781,544.7869318127998,529.9313203507611,533.53564453125,270294,36.876776284674165
2025-02-27,537.2373544669897,542.4977258727341,526.473136500014,531.6847534179688,295994,39.01100943961333
2025-02-28,528.9572475200978,531.6361286079067,494.5701676297445,516.2447509765625,949437,35.642637567258134
2025-03-03,514.3451320995697,517.0240129959216,495.8851954860963,508.3541564941406,485138,33.13022224999763
2025-03-04,496.8106260395257,518.5339023063857,494.66750948683983,514.9783325195312,1517696,45.398096928836544
2025-03-05,497.49250329525825,519.1183881240685,497.49250329525825,511.95843505859375,746694,35.4157558703978
2025-03-06,516.1960557825154,527.9831087826207,511.6662876163681,519.6542358398438,699133,46.97564204912912
2025-03-07,523.842957538558,545.2253086543901,520.238633340585,537.4808959960938,499056,62.89634072210589
2025-03-10,540.5981476092845,561.1524452315064,537.0912134965183,553.456787109375,669625,68.35806119758684
2025-03-11,551.3624161751826,551.3624161751826,527.1550971275558,535.5813598632812,487667,53.600685209995525
2025-03-12,531.4899469075461,555.2589503178666,531.3925568392916,553.067138671875,634176,57.30421711616118
2025-03-13,555.2102062874609,555.3562913769509,540.208450784984,547.6119384765625,424837,51.94753761500522
2025-03-17,550.3396025365543,551.118901509036,530.3210666134697,532.5128784179688,181647,46.544616173346604
2025-03-18,532.5128784179688,532.5128784179688,532.5128784179688,532.5128784179688,0,48.29691197634143
2025-03-19,532.8050607927828,551.3136921651704,532.8050607927828,543.3257446289062,314790,53.42186172010199
2025-03-20,543.5692859306542,563.0520560356956,540.5494803470513,552.5313720703125,409285,56.9300701060112
2025-03-21,552.531353104989,570.3093802156186,551.6546046976777,561.103759765625,1062639,65.62602981865837
2025-03-24,568.8968359947387,570.7477227712335,554.3821497868543,558.0839233398438,278710,67.93115506901242
2025-03-25,563.0520477690037,565.0003247509034,542.5951394590572,561.1524658203125,457046,67.087231235073
2025-03-26,561.1524175379953,565.9744145446449,536.0683535543042,542.5950927734375,382095,60.16812673882825
2025-03-27,544.2512248078297,574.4982151736172,532.9511818493439,562.3701782226562,520114,63.12481152697284
2025-03-28,567.8253696748625,573.5240562601185,558.2787645700582,564.9029541015625,614799,59.29965735065029
2025-04-01,565.0003154781929,567.92273090308,550.5343829076788,556.9149780273438,336754,51.23995771901529
2025-04-02,561.1038117546849,587.9900122852505,560.1783682293745,571.8193359375,1057073,63.276233801140144
2025-04-03,566.9486061289347,569.4326474087791,555.9895480207723,560.908935546875,316122,53.018362960965206
2025-04-04,564.3670647589719,583.3140687485838,556.038193234359,577.46923828125,1634745,60.587200011081045
2025-04-07,555.2102196468495,582.5347911883421,536.3119099961896,569.4326171875,913046,63.78176575420555
2025-04-08,574.7416896677754,579.4662374018587,557.4994270864036,567.0947265625,748598,62.687602587730005
2025-04-09,569.8222871143707,595.1498863207967,563.4903873127643,584.3369140625,1403966,64.3685716644078
2025-04-11,584.3369232849475,596.6111033834891,578.7843817058728,592.7632446289062,493147,64.17293257332562
2025-04-15,592.7632990172502,595.2473403921292,584.0934422662004,589.0615844726562,507561,60.199019154235394
2025-04-16,589.3537489560481,611.7589328006582,589.1589093791046,610.541259765625,595897,66.86501372220974
2025-04-17,610.5412807309531,611.2231895453259,596.416273039531,599.0951538085938,379989,61.575039371515544
2025-04-21,599.095184631108,605.9141542122752,593.4451931551946,602.114990234375,206119,70.05911755630979
2025-04-22,605.7680163470692,627.3452084000284,603.0404403757997,624.9585571289062,511851,70.66582185420214
2025-04-23,625.8839813021149,632.2158815020584,618.5779426098723,630.1214599609375,449447,71.16661833291339
2025-04-24,633.1900264129691,635.0896083835471,617.0193510595623,629.0986328125,455855,74.53646246326244
2025-04-25,632.2158505684453,632.2158505684453,602.0662538156379,603.77099609375,396388,60.14222864923469
2025-04-28,603.7710030442662,615.5581140340626,601.0434272592258,607.4727172851562,298022,65.48932519094137
2025-04-29,613.6585610213743,623.2538014801928,609.8107020484198,618.8701782226562,504931,64.26178440665765
2025-04-30,612.7330950353612,618.529230798656,603.9658488424864,608.5443115234375,295134,63.263986461256195
2025-05-02,604.5503024447287,619.9417376259273,602.0662612714848,614.2916870117188,279927,65.64417525441573
2025-05-05,612.4408489504266,621.5003245485897,610.784801711545,617.6524658203125,222611,62.16217902383853
2025-05-06,616.6783950642653,636.4533956698829,605.9141760151431,611.1257934570312,714307,56.79771701259439
2025-05-07,599.0951171490375,619.0162593585833,594.857638883586,618.3343505859375,238276,60.56237218363537
2025-05-08,618.5779410000408,623.2537938595683,601.4331273628751,603.6249389648438,327302,47.3762204070254
2025-05-09,585.1649408150103,616.9218284405448,580.5864785059244,614.0968627929688,239120,55.73343497575418
2025-05-12,621.5490500653319,628.3193244448754,613.7072471322039,618.0421752929688,293107,56.04438010307487
2025-05-13,622.3282968249175,626.8580641950166,594.9063363729178,604.452880859375,455507,41.630181918014074
2025-05-14,605.7192893680717,624.0818352201836,605.7192893680717,622.718017578125,397324,47.27011662398106
2025-05-15,626.3710027641431,627.1503016071927,606.1089355614,613.6585083007812,404497,44.625284117104904
2025-05-16,618.4805411263792,622.4744850884002,605.2809172340321,619.8442993164062,999766,56.455410857258556
2025-05-19,631.2417822208382,632.0697762080472,616.6297039286892,623.2051391601562,812213,56.33585331968627
2025-05-20,628.3192678434368,628.3192678434368,588.428288482039,591.59423828125,1212167,40.55328782847105
2025-05-21,592.3735674597575,602.0175618941367,583.3627868003388,591.9839477539062,510012,43.84058086165807
2025-05-22,595.2198546959075,595.7591687885193,576.8827565926442,592.278076171875,616687,41.46613508109835
2025-05-23,597.5733563213997,601.4957280469076,581.5406259830002,584.1392211914062,454130,37.47225022234046
2025-05-26,587.2280462415355,591.7878272601014,575.6570617548798,578.4027099609375,412861,37.69493227720009
2025-05-27,578.5497992739969,587.1299869750943,573.1565384333071,578.1085205078125,454638,34.04389249032069
2025-05-28,581.1484230798195,583.0605314100911,564.3802480902363,567.7633056640625,416056,35.264843446312796
2025-05-29,573.4507212569446,580.5110021724131,569.7734978479133,576.04931640625,326475,34.08071153387462
2025-05-30,578.5008363521795,579.4324116465953,569.96966551753,572.8624267578125,251511,30.975823509304874
2025-06-02,572.7152460790215,578.8929691071127,565.8020784082854,570.0186157226562,263473,34.05784119301629
2025-06-03,570.0186433931291,574.6274420142246,564.8215129696132,565.94921875,417174,19.740013325976292
2025-06-04,567.7632874012713,585.3159241990109,560.8991371218087,582.3741455078125,635933,34.53828393331496
2025-06-05,586.1984220142117,586.1984220142117,565.9001370707215,567.910400390625,667231,26.274001770070427
2025-06-06,567.9104271468763,573.6468719258777,566.8807566757253,572.0288696289062,207023,26.78085825909052
2025-06-09,577.4712017455935,577.4712017455935,565.9492347915899,566.78271484375,384083,35.202700636720095
2025-06-10,570.5579695867395,573.1565647787736,564.4292638042463,571.6366577148438,460844,38.478611281608906
2025-06-11,571.6856947187117,583.4528102189254,570.656084082572,579.6775512695312,830622,43.440575420339876
2025-06-12,584.384406454735,585.4140171277953,562.2229688909331,564.576416015625,429233,40.50453358550533
2025-06-13,559.9675871505727,563.8409412387765,554.0350118259282,561.4384765625,270111,41.55274678116806
2025-06-16,561.4384563272845,565.7040713785194,556.437456447234,562.566162109375,266968,42.32447441491472
2025-06-17,565.7040288466208,568.1555109271649,556.0941712103782,559.0359497070312,217384,45.37898770716169
2025-06-18,557.9573643344476,566.4885345993205,555.1136209626095,559.18310546875,271918,40.22728590889607
2025-06-19,557.9574277193555,560.7520938827872,550.112683568644,552.4170532226562,161542,38.62522114427945
2025-06-20,550.2597329778632,555.8981421856797,539.3260981389712,542.31689453125,829747,35.73956086148618
2025-06-23,542.2188700954538,548.4946289079223,539.178996116186,546.0922241210938,411975,39.746868155244954
2025-06-24,551.4855163697384,562.173943950605,548.4946598976322,554.0350341796875,380630,33.96232541238531
2025-06-25,558.9379595036761,564.7724992966936,551.9757737729219,561.0952758789062,180290,45.79043999834119
2025-06-26,563.791908651215,564.772501566566,553.9859794977045,563.0074462890625,300352,44.2715216644821
2025-06-27,564.8215275898377,565.7040851669539,554.6724147062149,556.1923217773438,476132,43.406623889564855
2025-06-30,556.1923239746851,562.6642133969633,551.2893593060977,560.5068969726562,277900,43.02397289621233
2025-07-01,562.860314498626,570.508927011232,545.2096426153939,554.4762573242188,1341367,33.79572069950707
2025-07-02,556.9767642763305,558.2025053948963,545.5038154364258,548.1514282226562,607545,38.09523388209146
2025-07-03,550.5048880565007,557.8102574144375,546.7295694121512,548.0534057617188,294156,39.85133875641751
2025-07-04,548.1514752540979,553.3976237514236,545.994158730196,551.632568359375,306711,42.00719609354921
2025-07-07,551.6815628382892,574.6274615219129,549.8184721669487,565.3118286132812,990934,53.995057852652515
2025-07-08,569.9206207639158,571.1463619218515,558.153505647733,562.4680786132812,444521,52.02171784976158
2025-07-09,559.5263392182552,607.9676571298259,559.5263392182552,597.3282470703125,3035065,70.53810920722465
2025-07-10,597.3282114338308,601.9369503565993,582.4722045000126,585.5610961914062,647387,69.47880244815325
2025-07-11,582.4722442886898,591.9840083961935,571.2444424244434,575.6080932617188,604097,62.594145920708044
2025-07-14,574.1371588876214,580.2658646827497,565.7040836537817,574.0391235351562,698671,59.02654033709308
2025-07-15,578.0595119536011,578.8929919746012,567.910399424443,570.8031005859375,433322,54.537093929907854
2025-07-16,571.2933887821746,581.3935433414387,570.8030923414585,574.7254638671875,458096,55.37558057098954
2025-07-17,577.5202036793252,581.4425753014269,572.3720909253167,577.0299072265625,480600,59.971819779780695
2025-07-18,577.275085487753,582.3741808319122,571.2934325424462,580.1678466796875,639530,59.51590518746444
2025-07-21,581.1484180176373,584.6295109137446,569.0870772203062,578.4027099609375,329714,62.07915941269817
2025-07-22,577.5692318797144,582.0799353870749,569.3322273829385,572.126953125,791744,62.109933527389046
2025-07-23,575.3628803689946,575.8041591412805,566.0962655535542,568.8909912109375,237653,60.201591721185245
2025-07-24,568.743860034741,571.5876032751701,563.1054510775,568.5477294921875,345870,58.55223771899181
2025-07-25,565.2137717905764,568.3026035167784,559.9675638624972,564.0370483398438,280106,49.28961503297852
2025-07-28,562.9584292964097,563.7429515935618,548.7398304949261,551.9267578125,299509,44.67562463352511
2025-07-29,549.1319998824258,553.1524066555954,542.4149627526907,549.7694091796875,224403,14.12729221374721
2025-07-30,549.7694414556087,558.349629457498,549.7694414556087,554.3291625976562,159534,23.568516769939933
2025-07-31,549.083020063777,599.9267392606853,544.4742213483318,588.9931640625,4583207,57.987088146020646
2025-08-01,583.4527927600653,610.4190983077995,581.5406245783703,607.2811889648438,1905573,66.53653329058304
2025-08-04,607.9676081485078,611.4977187071779,592.719400269105,599.632568359375,422889,63.73831634350706
2025-08-05,598.1616737788197,607.3792710527171,590.9543398464954,602.0840454101562,440204,63.22274920662265
2025-08-06,602.2801619750833,604.1923300710818,583.3547312635186,588.2086181640625,305408,54.85930843894663
2025-08-07,578.6478937513925,583.3547879374844,568.3516674579469,570.9012451171875,516496,46.41366277696414
2025-08-08,573.5978388917506,573.5978388917506,558.9379628093421,564.9195556640625,286556,44.94671019643295
2025-08-11,563.8409319893838,574.186175380104,563.4977484058212,571.6366577148438,308283,49.81685031794129
2025-08-12,573.5488321574298,574.3332945360339,561.4874911651506,565.8021240234375,405451,48.868128771375794
2025-08-13,573.646843923421,578.5498084013989,562.6641915226222,570.8031005859375,467113,50.79916882289994
2025-08-14,570.8031305718165,574.6274670057986,567.8613517304899,571.0482788085938,298454,52.56180152148781
2025-08-18,578.5498305587394,586.9338881670467,573.0094565461824,583.64892578125,408285,61.54943223483923
2025-08-19,583.648917533749,593.945143186333,576.441523666555,590.4640502929688,397307,64.33011529155166
2025-08-20,593.2587367558676,617.6755252336808,587.8164578350955,614.3905029296875,902649,68.61136444189076
2025-08-21,616.253644747146,621.8920541487975,604.7316777089887,607.232177734375,500756,56.81318039921314
2025-08-22,607.9676136166993,613.1157264739375,596.6417773009038,600.0738525390625,428662,47.063533706510036
2025-08-25,600.1228647208882,602.9666081181556,551.6815507198277,574.088134765625,7862323,40.94543723767902
2025-08-26,568.7438810324367,570.4599186045174,542.8071869014328,561.6345825195312,1552917,36.61149571672268
2025-08-28,563.8409032019766,567.0278300461617,548.5436782901439,556.4374389648438,622176,38.8429900861158
2025-08-29,555.9961892396377,564.0860808820133,551.5835210710691,562.4680786132812,855383,46.783822021190566
2025-09-01,562.8603168858368,571.8327657381232,560.4088346694351,570.8521728515625,262840,52.221823980338236
2025-09-02,573.6468648555439,588.3557588261988,569.9206236864397,584.1392211914062,581897,54.46272255661572
2025-09-03,588.3557445658674,593.5528750060711,577.8633884843146,579.432373046875,224303,54.90472898120759
2025-09-04,594.2392990645309,606.0064138974918,589.6795181265021,603.554931640625,2581730,60.35980517760516
2025-09-05,606.0064428182976,606.0064428182976,584.7275638430604,593.209716796875,500248,56.588932340105075
2025-09-08,594.1902902057575,597.8675136456183,584.0411176013567,588.0615844726562,254765,51.3727853660704
2025-09-09,592.8174421748529,592.8174421748529,575.1177518088356,576.4415283203125,353373,45.76420556891414
2025-09-10,579.0401049727371,593.2587019619068,577.8143638529812,588.1596069335938,298037,41.44546513132359
2025-09-11,587.8654667732226,592.1800996439256,581.4916126714279,590.365966796875,221438,44.315926660940136
2025-09-12,590.8562761717732,594.7786480123966,583.5999241770066,590.2679443359375,202347,46.53019546320789
2025-09-15,590.2679185365727,593.8470467743186,582.3741575224667,588.0615844726562,191285,55.94492901898973
2025-09-16,590.8072317777456,595.1218645475826,584.5804907025855,591.4446411132812,224889,63.743229797445444
2025-09-17,591.4446282250304,595.8082187248002,587.3751437728256,591.5426635742188,218537,66.98292152879483
2025-09-18,595.2199073149537,602.0840578111723,586.4435886389458,590.4149780273438,263729,64.19322641240399
2025-09-19,592.2781143463583,593.7980213782778,565.7040705733924,568.3516235351562,827160,48.88498550200828
2025-09-22,571.8818069999419,580.020716323962,569.5283600348708,571.1463623046875,232438,43.608297878090006
2025-09-23,574.5294196175641,574.5294196175641,563.3996539906102,565.36083984375,660408,43.1503495713992
2025-09-24,568.7929012161488,570.6070339964491,561.4874721212249,566.4395141601562,229847,26.707738130349554
2025-09-25,568.4497519817792,570.5579909394708,554.1330588276971,558.93798828125,518243,27.69627002739169
2025-09-26,552.1718555640741,556.8787495138847,545.4058002498463,547.0237426757812,301703,25.45457465947058
2025-09-29,547.0237576737883,551.3383906291966,535.0605714668405,543.0523681640625,2573129,28.01812401351424
2025-09-30,542.3169014017927,556.4864810389029,525.5978041178008,527.8041381835938,1013745,12.029683125037437
2025-10-01,527.8041542754393,535.5508625051087,523.5385988917801,531.5303955078125,543941,13.680432476097465
2025-10-03,536.1881940485557,543.0033267791629,531.7265082546295,539.8654174804688,305767,21.758249424935926
2025-10-06,545.2096580270116,549.1320296674938,529.5201714650833,547.121826171875,374196,28.289154692244892
2025-10-07,547.1218506840162,547.7101825161903,537.8062176205125,541.1401977539062,282606,24.038477288219298
2025-10-08,541.1401586336964,543.7387537143364,528.5395640252972,533.7366943359375,439144,22.25886179357113
2025-10-09,536.3843253114038,537.4139359035734,527.9021726436449,531.1871948242188,481719,21.959193533659203
2025-10-10,535.0605844171607,536.5804915687015,528.6376525063614,531.8736572265625,1131658,28.347010126261253
2025-10-13,533.4425375891766,536.5804468392411,525.4997590395941,526.4312744140625,307328,24.266397087647363
2025-10-14,526.8235276874743,529.0298616796508,517.7530434974154,521.6754150390625,374966,24.557438446619614
2025-10-15,520.6948227365483,533.246399713742,518.2433405202746,529.8633422851562,672407,30.326999163527162
2025-10-16,529.8633336591619,530.9910394005452,522.6560000009059,528.4905395507812,608369,32.467530641781636
2025-10-17,531.9226430867033,543.0523488232334,527.6570279609854,540.7969970703125,606408,46.43059321589139
2025-10-20,540.4047018005955,541.140146446405,528.5395521217903,530.9420166015625,525731,43.496570241866124
2025-10-21,534.4231588700238,537.1688071656492,531.5303976913325,533.4425659179688,25760,53.5082415954866
2025-10-23,533.5896606593479,540.8950300232655,526.235213768981,535.9920654296875,422193,52.81731612676458
2025-10-24,539.2280688676881,539.718365326069,528.5395821347254,534.0799560546875,222364,46.02428821047881
2025-10-27,536.3843608621299,536.5314737496082,532.5600242941525,534.2760620117188,102703,40.223889263069886
2025-10-28,534.7172982926688,545.3567672057151,531.8736147829873,539.9144287109375,630741,49.062244058419815
2025-10-29,540.0615130737762,542.5620128754836,531.6284384894113,533.3934936523438,273916,49.73384541544823
2025-10-30,531.7265068637276,535.5998608386724,530.8439493021203,532.1677856445312,208381,50.77639631489622
2025-10-31,531.8736128278381,534.177982202268,523.2934249540064,524.0288696289062,272709,44.44440602272049
2025-11-03,524.7643400062954,525.1075235978011,514.3210011709555,523.3424682617188,571507,47.65454459502925
2025-11-04,524.470117423801,530.2066221141813,522.0677125673957,527.166748046875,317900,54.229630827554054
2025-11-06,527.1667303618464,529.4221419605425,510.1044494477216,512.85009765625,314468,38.02622207750814
2025-11-07,514.3209620392415,514.369979712778,502.6028652333292,504.1227722167969,290217,34.45899208043738
2025-11-10,504.61305765541914,518.7336186632564,488.77651900736794,515.5466918945312,1278954,33.712789897466024
2025-11-11,507.8000213496981,519.8122846591544,503.7796143047492,515.2525634765625,454002,38.45598016118588
2025-11-12,517.3117460395406,519.2239140671393,511.86946769225057,516.0369873046875,214932,36.861487059274495
2025-11-13,517.7531012275406,520.0084531453343,510.0063926287638,512.065673828125,245031,32.318810771899535
2025-11-14,508.8541457620753,522.7378128499097,503.9627307248657,514.190185546875,395051,35.34780055591975
2025-11-17,514.1901320145951,518.8839020571882,509.990443029117,515.9688720703125,602671,36.82093395198425
2025-11-18,515.9689235984378,517.0064818594711,506.58138257574853,513.0538330078125,979614,29.87434844206885
2025-11-19,513.0538020907242,513.5478831674077,502.97453606385346,505.0496826171875,541478,29.224787543775207
2025-11-20,505.04971305194033,516.2159641516664,503.9627285864707,513.0538330078125,1862237,37.25632782615773
2025-11-21,510.8798449257525,516.2159448005136,505.93903404639315,507.2236328125,296257,38.439708986844956
2025-11-24,506.9271850447966,507.1742255833175,498.0337256580458,500.8005676269531,333006,35.62779236860568
2025-11-25,500.0100543746243,511.52216769624704,494.4763402317052,509.4469909667969,514725,39.35673464360044
2025-11-26,509.89168049421795,511.4727158435656,504.40739250491714,507.9647521972656,658499,46.53076633346061
2025-11-27,521.9472909618589,532.0759536061568,515.8206732022932,521.552001953125,1397808,61.57788318424477
2025-11-28,524.1212396462299,526.641041119863,517.8957697185534,524.2200317382812,326124,56.51997368225452
2025-12-01,523.7259529675194,523.7259529675194,517.1052543297432,519.4768676757812,365939,52.97642802833523
2025-12-02,518.6863118990314,523.1330413617536,513.8936895127425,515.8206176757812,201142,49.85347655294188
2025-12-03,515.8206332819511,518.7357236360131,508.0141283083791,514.6348266601562,377835,51.808016040327615
2025-12-04,512.8561594937113,513.8443216507319,509.64463248339416,510.4351501464844,333827,47.432423352479475
2025-12-05,510.87980953963364,522.7871508716003,505.1978774219298,519.08154296875,1457612,51.94561821963611
2025-12-08,519.0815577857219,519.0815577857219,510.78103203397916,516.2653198242188,343886,52.00986732285841
2025-12-09,516.2653399719218,518.6368930024158,504.75322651746984,513.5972900390625,391905,55.73227237749071
2025-12-10,514.5360258443206,523.2318404022668,513.1031787136488,519.723876953125,758645,54.5886806776746
2025-12-11,519.7732768807024,527.5797817801982,513.8443041406183,524.6152954101562,189889,62.12122372270816
2025-12-12,525.0599607312588,534.8921866816568,520.7614792872432,533.1629028320312,393594,71.90638284159178
2025-12-15,532.6193952783226,542.3033722208568,526.3939858375957,539.2894897460938,441916,70.91414685600945
2025-12-16,541.5128891265698,544.3785836502861,531.9770997094148,535.9297485351562,524724,69.09583918731764
2025-12-17,527.9750387944293,539.2895077768737,527.6292061577382,531.2359619140625,301860,57.52686743752911
2025-12-18,529.9019355236888,529.9019355236888,515.3265442901701,521.3543090820312,454358,47.997200038561324
2025-12-19,525.7022782069993,525.7022782069993,510.1881199643038,513.1032104492188,664682,45.75377368694562
2025-12-22,517.7969859099348,520.0697468771655,513.9431292561625,517.5005493164062,182857,51.108252300134886
2025-12-23,520.6626804504806,520.6626804504806,512.0162613143116,515.3759765625,223288,50.482955178195866
2025-12-24,517.5993318125124,517.5993318125124,509.8916789605194,510.5834045410156,142104,50.0958661899011
2025-12-26,512.5103388557284,512.8561714937248,506.92719841287254,508.6070861816406,402348,42.58745019275002
2025-12-29,507.0259693046659,530.8901090822765,502.4804475911356,525.89990234375,823368,55.65873848915808
2025-12-30,518.6369046851798,533.6075860865506,513.8443421574191,521.8978881835938,1894233,54.80002513009767
2025-12-31,519.7732708956511,526.2951167095944,513.943090309983,522.3424682617188,2487096,51.62077438131548
2026-01-01,518.4392811994966,524.0223609987112,517.5993072085961,518.7357177734375,107589,46.30203318884042
2026-01-02,519.427474691598,523.2318749643022,511.8680098800917,516.3641357421875,259902,38.54443277188508
2026-01-05,517.7969821279415,522.737793026109,516.3641349049465,520.6132202148438,136849,36.92941786547541
2026-01-06,523.7259273443004,523.7259273443004,513.4984734542325,515.6229858398438,124139,36.10541983259985
2026-01-07,515.5242226640329,524.5164743995771,512.905568755399,520.119140625,1230669,42.372863612037726
2026-01-08,517.7969717904148,519.7732961102255,507.8659541458921,509.9410705566406,275633,42.20121539500338
2026-01-09,509.39760553555226,513.8443353607898,500.010064793384,501.98638916015625,340056,42.372863612037726
2026-01-12,501.9863632202419,513.0043951206989,492.6976452076658,506.6307373046875,498467,42.56752583343071
2026-01-13,509.8916602339958,509.8916602339958,495.9091720941134,504.50616455078125,418627,42.56752583343071
2026-01-14,501.98636445824263,505.2967136409527,493.7352046017309,496.00799560546875,431091,40.51442973213984
2026-01-15,496.00799560546875,496.00799560546875,496.00799560546875,496.00799560546875,0,41.5841176458597
2026-01-16,499.02187962442434,501.8381477486173,496.4526520346989,499.5159606933594,322055,28.397972497892397
2026-01-19,496.1067869553451,499.51595837771913,493.48816333339164,496.2550354003906,179802,28.746827573263644
2026-01-20,497.49025228448585,499.02189157233,485.286443558335,489.43670654296875,546694,25.333332723294717
2026-01-21,484.69355376585975,489.1402836169227,475.3060129691713,480.9879455566406,429667,23.618776812180272
2026-01-22,481.23498128866464,500.89940262422766,481.0373367902905,496.60089111328125,232053,38.34497752149766
2026-01-23,496.0574146672395,506.53190965667386,493.14232417190743,498.4784240722656,375429,36.570759700336865
2026-01-27,498.9230738596254,500.20770277507916,485.23702176678796,490.07904052734375,357102,35.11803883778239
2026-01-28,490.12843554867027,493.09292205400493,479.25865169577634,482.32196044921875,377097,28.7853572240965
2026-01-29,482.3219529758491,483.16189683727595,472.5391536910881,474.6636962890625,461414,29.623285075418792
2026-01-30,473.32967910873026,483.112478553827,472.39091298534095,478.0728454589844,422055,35.42166890476706
2026-02-02,469.4264367459372,478.07285591670677,464.4362297441913,476.7388610839844,238878,31.010677092117987
2026-02-03,481.2349787239312,488.39915448522174,472.3415191581912,477.33172607421875,310164,32.39435450131718
2026-02-04,480.1974203950199,521.7496277385667,470.36519470370786,483.4583435058594,3040234,41.611621547415496
2026-02-05,499.0218982576785,507.9153578305876,490.2272609335094,497.3420104980469,3468949,50.75208758371583
2026-02-06,497.34198930364005,502.48044445598146,493.68580750659896,498.37957763671875,1035477,49.34097561165541
2026-02-09,499.96066617430733,504.9508731122047,495.9585912583953,500.8500061035156,428866,52.689426983865
2026-02-10,506.8500061035156,508.20001220703125,495.0,499.1000061035156,1008046,56.01263719633189
2026-02-11,499.3999938964844,503.54998779296875,498.95001220703125,500.8999938964844,1157236,63.507116264896624
2026-02-12,505.0,505.75,493.3500061035156,495.3500061035156,390085,49.01731853513358
2026-02-13,490.0,496.70001220703125,487.25,489.6000061035156,410629,43.425243009823454
2026-02-16,488.20001220703125,491.79998779296875,482.29998779296875,488.1000061035156,274403,48.367661221426076
2026-02-17,487.79998779296875,496.1499938964844,484.75,490.6000061035156,192399,57.47621848401345
2026-02-18,490.3500061035156,493.95001220703125,483.54998779296875,488.1499938964844,268900,63.44481595176016
2026-02-19,488.0,493.6000061035156,478.0,485.6000061035156,491516,57.63479522714637
2026-02-20,480.6000061035156,483.75,477.29998779296875,479.6000061035156,312482,52.651117126023216
2026-02-23,479.75,483.79998779296875,475.1499938964844,479.75,307732,52.25929841488157
2026-02-24,477.04998779296875,479.75,470.0,474.70001220703125,501781,41.649446260402804
2026-02-25,474.75,480.0,472.0,479.1000061035156,255811,28.767602081773404
2026-02-26,478.5,481.8999938964844,473.0,474.8500061035156,207885,24.518758869490668
2026-02-27,473.0,476.04998779296875,460.75,462.6000061035156,707375,15.817664538706907
2026-03-02,450.0,463.0,448.0,458.70001220703125,450197,15.232330384348515
2026-03-04,451.0,461.6499938964844,446.04998779296875,460.0,413733,14.496499217191584
