Date,Open,High,Low,Close,Volume,RSI
2021-03-04,304.0,317.79998779296875,304.0,313.45001220703125,38196,
2021-03-05,316.0,316.8999938964844,308.0,308.5,13141,0.0
2021-03-08,309.0,312.04998779296875,308.8500061035156,309.45001220703125,6081,16.101835185070243
2021-03-09,307.25,313.8999938964844,307.0,307.25,9747,11.728492739863313
2021-03-10,308.1000061035156,308.8999938964844,307.1000061035156,307.6000061035156,4874,15.384754289594099
2021-03-12,307.70001220703125,309.0,304.95001220703125,307.45001220703125,14773,15.116427613322628
2021-03-15,303.04998779296875,308.0,303.04998779296875,304.95001220703125,27002,11.711838031925126
2021-03-16,302.0,306.95001220703125,302.0,303.95001220703125,14315,10.743920462856948
2021-03-17,304.95001220703125,306.95001220703125,297.04998779296875,297.8500061035156,13274,7.142940982160681
2021-03-18,300.6000061035156,301.5,291.0,293.1000061035156,14213,5.664557256587855
2021-03-19,293.75,293.75,285.0,290.8999938964844,9273,5.169047598823951
2021-03-22,292.6499938964844,293.45001220703125,288.1499938964844,291.79998779296875,5134,8.44532853487783
2021-03-23,293.20001220703125,301.8500061035156,291.5,291.79998779296875,8385,8.44532853487783
2021-03-24,293.70001220703125,293.70001220703125,290.1000061035156,291.70001220703125,3087,8.413040738302968
2021-03-25,293.8500061035156,293.8500061035156,276.1000061035156,281.0,12169,5.970176446912717
2021-03-26,286.5,286.5,282.0,282.6499938964844,11694,11.475421765434106
2021-03-30,284.0,290.0,281.04998779296875,284.5,8013,13.788093808078614
2021-03-31,285.95001220703125,285.95001220703125,280.04998779296875,281.1000061035156,7907,13.323985450859837
2021-04-01,281.3500061035156,289.45001220703125,281.3500061035156,288.45001220703125,3956,27.549828092633206
2021-04-05,289.54998779296875,289.54998779296875,281.5,285.1499938964844,2750,25.6550115773517
2021-04-06,290.8999938964844,290.8999938964844,282.79998779296875,284.95001220703125,3066,27.01149425287356
2021-04-07,284.75,292.20001220703125,282.79998779296875,291.45001220703125,6139,37.244897959183675
2021-04-08,295.0,303.0,295.0,299.45001220703125,18417,51.57171541785405
2021-04-09,299.45001220703125,311.04998779296875,299.3500061035156,302.25,43434,59.34626896750796
2021-04-12,298.0,300.25,290.1000061035156,291.1499938964844,15807,50.21607614996192
2021-04-13,291.04998779296875,298.95001220703125,291.04998779296875,295.45001220703125,6399,52.97961176658164
2021-04-15,296.95001220703125,298.0,290.0,297.25,8353,54.32197721031044
2021-04-16,294.0,316.0,294.0,308.20001220703125,20243,61.16373108860584
2021-04-19,308.20001220703125,310.54998779296875,295.95001220703125,299.3999938964844,11906,62.777768123301136
2021-04-20,308.0,308.0,294.8999938964844,295.3500061035156,5931,58.53495163949892
2021-04-22,290.5,296.5,289.8999938964844,294.0,4533,56.42760274798518
2021-04-23,292.04998779296875,295.5,284.95001220703125,286.0,23744,53.12101400736854
2021-04-26,260.0,278.8999938964844,256.54998779296875,272.54998779296875,2282249,40.602826518104564
2021-04-27,268.54998779296875,289.70001220703125,267.0,283.6499938964844,5114278,49.1883119027771
2021-04-28,287.1000061035156,292.0,275.0,285.20001220703125,1686826,50.13333324652784
2021-04-29,284.1000061035156,295.29998779296875,278.6000061035156,291.95001220703125,1754340,50.26595727411975
2021-04-30,289.95001220703125,302.75,288.0,291.8999938964844,1029144,45.613009094265365
2021-05-03,290.04998779296875,304.6000061035156,289.0,301.79998779296875,1138083,49.75844777551139
2021-05-04,304.25,305.8999938964844,289.6499938964844,290.79998779296875,448697,49.81192595107025
2021-05-05,296.95001220703125,296.95001220703125,289.0,290.3999938964844,139073,47.167686371915764
2021-05-06,292.1000061035156,293.95001220703125,287.29998779296875,289.6000061035156,146596,45.66081161128212
2021-05-07,291.0,294.0,283.70001220703125,285.1499938964844,172211,35.88487274757813
2021-05-10,285.25,295.6499938964844,285.25,289.54998779296875,498017,43.6245940373614
2021-05-11,285.79998779296875,296.0,284.25,293.1000061035156,209040,48.53420312006699
2021-05-12,294.0,295.8999938964844,287.79998779296875,288.95001220703125,137599,46.82590528393031
2021-05-14,290.5,291.75,284.25,285.75,157876,49.832776056274774
2021-05-17,288.79998779296875,291.3999938964844,285.5,288.29998779296875,115731,62.33358728787069
2021-05-18,290.1000061035156,291.6499938964844,286.6000061035156,290.75,191785,56.431159971141014
2021-05-19,290.0,292.54998779296875,288.1000061035156,290.29998779296875,393123,54.71346777605415
2021-05-20,290.20001220703125,298.6000061035156,287.0,290.3999938964844,239329,48.3666839674488
2021-05-21,291.6000061035156,293.6000061035156,287.0,287.95001220703125,252170,46.038133193754454
2021-05-24,289.95001220703125,293.0,283.8999938964844,289.6000061035156,176298,35.33656262081401
2021-05-25,291.3999938964844,293.95001220703125,288.0,289.8500061035156,138350,48.46032171555248
2021-05-26,291.45001220703125,309.8999938964844,289.0,299.8999938964844,1179041,61.72839506172839
2021-05-27,302.0,315.29998779296875,297.1000061035156,307.1000061035156,851560,68.65670670605536
2021-05-28,309.0,312.79998779296875,301.25,303.3500061035156,281389,69.69697770367836
2021-05-31,303.95001220703125,310.45001220703125,301.3500061035156,305.3999938964844,186492,68.07298049867873
2021-06-01,304.79998779296875,317.0,304.79998779296875,307.70001220703125,455948,67.13615494330966
2021-06-02,308.8500061035156,337.70001220703125,308.1000061035156,332.79998779296875,2285953,84.50038080950593
2021-06-03,335.0,340.70001220703125,327.79998779296875,331.6000061035156,607672,87.24617216090881
2021-06-04,332.95001220703125,335.75,323.29998779296875,327.70001220703125,254323,81.31959249063367
2021-06-07,335.0,343.70001220703125,334.0,336.95001220703125,425609,83.14206927714008
2021-06-08,337.95001220703125,341.0,322.0,332.6000061035156,287464,78.7364469302652
2021-06-09,334.95001220703125,336.79998779296875,323.0,325.1499938964844,239860,71.46387953108082
2021-06-10,327.95001220703125,334.45001220703125,325.25,330.0,136911,75.22495507488983
2021-06-11,332.8999938964844,351.0,332.25,340.6499938964844,1083670,77.63941596577007
2021-06-14,342.0,344.8500061035156,328.0,334.45001220703125,324547,72.68566911914682
2021-06-15,333.5,344.95001220703125,333.5,337.0,236058,70.42952839228415
2021-06-16,338.0,342.95001220703125,330.8500061035156,337.1000061035156,234670,67.9211574080826
2021-06-17,331.0,344.95001220703125,331.0,333.29998779296875,237046,67.88059259874672
2021-06-18,337.0,337.75,317.5,324.6000061035156,204208,60.619480080182946
2021-06-21,320.0,330.45001220703125,319.04998779296875,328.04998779296875,100665,61.11414083365223
2021-06-22,333.70001220703125,343.0,332.0,335.20001220703125,281748,51.63045190909076
2021-06-23,340.0,346.8999938964844,335.75,339.8999938964844,242858,55.38261376212589
2021-06-24,343.95001220703125,344.8999938964844,335.3999938964844,336.79998779296875,127780,55.96328770761356
2021-06-25,338.79998779296875,341.5,336.5,339.1000061035156,151091,51.550103610138954
2021-06-28,342.0,358.95001220703125,342.0,346.0,883491,59.31849446035877
2021-06-29,333.0,337.0,326.95001220703125,329.3500061035156,582583,52.58940411306333
2021-06-30,330.25,332.8500061035156,318.04998779296875,320.1499938964844,275184,44.23639074651119
2021-07-01,320.3999938964844,325.20001220703125,311.04998779296875,314.1499938964844,232377,33.601482671074095
2021-07-02,316.0,320.54998779296875,313.04998779296875,316.1499938964844,119073,38.05481928694848
2021-07-05,319.8500061035156,320.1499938964844,314.3999938964844,316.95001220703125,146580,36.60656113338601
2021-07-06,319.0,319.0,313.0,314.6499938964844,127257,35.431539273187
2021-07-07,316.79998779296875,321.75,312.8500061035156,316.95001220703125,140573,39.179374573844825
2021-07-08,318.8500061035156,320.0,305.29998779296875,306.8999938964844,221733,38.491552315166466
2021-07-09,305.0,310.79998779296875,304.95001220703125,307.29998779296875,99381,35.95127111640055
2021-07-12,311.6000061035156,322.0,309.3500061035156,317.0,318667,38.08901056849711
2021-07-13,319.5,319.8999938964844,313.5,314.6000061035156,96343,32.92850576909137
2021-07-14,315.95001220703125,316.29998779296875,309.0,310.6000061035156,109079,32.533366861938234
2021-07-15,311.3999938964844,314.25,306.04998779296875,306.8999938964844,168365,28.926717151099396
2021-07-16,309.3999938964844,314.0,305.8999938964844,307.70001220703125,107304,22.759652959679528
2021-07-19,306.0,307.5,297.8500061035156,301.20001220703125,181462,26.600216438465978
2021-07-20,303.95001220703125,303.95001220703125,291.6000061035156,295.1000061035156,192417,28.045627034724177
2021-07-22,297.1000061035156,313.54998779296875,297.1000061035156,307.95001220703125,245333,45.14869292829242
2021-07-23,309.8999938964844,309.8999938964844,303.0,306.20001220703125,65960,42.18384637771631
2021-07-26,306.04998779296875,307.25,301.0,302.20001220703125,70599,38.96785456032839
2021-07-27,304.8500061035156,304.8500061035156,294.04998779296875,296.1499938964844,195944,36.89803512023737
2021-07-28,297.95001220703125,303.6000061035156,294.0,296.95001220703125,127456,35.52824042341203
2021-07-29,298.0,310.0,297.1499938964844,308.3500061035156,204415,51.02910624524584
2021-07-30,308.70001220703125,319.0,307.6000061035156,312.6499938964844,691627,53.59784887183572
2021-08-02,314.45001220703125,319.6000061035156,311.95001220703125,313.75,287205,47.52851940452022
2021-08-03,316.0,317.5,309.95001220703125,311.70001220703125,218718,47.782881146265396
2021-08-04,313.8999938964844,317.8999938964844,303.0,304.04998779296875,394273,45.257052292616606
2021-08-05,304.79998779296875,305.6499938964844,297.8999938964844,302.3999938964844,349671,46.64179410400928
2021-08-06,302.5,305.0,300.79998779296875,302.25,44243,45.89298477847515
2021-08-09,304.0,309.0,297.25,298.45001220703125,85794,47.83974945389618
2021-08-10,298.5,301.25,284.04998779296875,287.70001220703125,138533,44.58272920013137
2021-08-11,290.25,292.0,275.6499938964844,278.20001220703125,250730,27.09777181783241
2021-08-12,280.79998779296875,291.95001220703125,279.04998779296875,290.04998779296875,102357,39.24048831385982
2021-08-13,292.95001220703125,295.54998779296875,284.0,285.1000061035156,124611,38.74999146712111
2021-08-16,285.3500061035156,288.6000061035156,279.0,280.0,80085,39.2405042702269
2021-08-17,282.8500061035156,282.8500061035156,277.0,277.95001220703125,64857,37.54913614772602
2021-08-18,279.95001220703125,280.45001220703125,273.6499938964844,275.75,70933,25.707874223813647
2021-08-20,274.0,276.5,268.1000061035156,269.75,75250,18.822659493257078
2021-08-23,273.0,274.1000061035156,258.1000061035156,260.3999938964844,111849,15.379600463091137
2021-08-24,263.0,269.8999938964844,260.1499938964844,267.3999938964844,72873,22.987783660063826
2021-08-25,270.0,276.8500061035156,269.1499938964844,270.79998779296875,67273,28.617346558281753
2021-08-26,273.0,278.8999938964844,267.8500061035156,277.3500061035156,77463,34.8457356973482
2021-08-27,278.0,281.45001220703125,273.45001220703125,280.1000061035156,78876,37.00879658317555
2021-08-30,284.95001220703125,284.95001220703125,279.6499938964844,281.5,52013,39.77065950402751
2021-08-31,283.0,283.29998779296875,280.6499938964844,281.5,27690,45.700406167515744
2021-09-01,283.0,283.0,275.3999938964844,277.45001220703125,41264,49.437359030689755
2021-09-02,275.6499938964844,281.25,275.6499938964844,278.79998779296875,38446,39.98218402736637
2021-09-03,278.79998779296875,285.0,278.79998779296875,280.6000061035156,51387,45.75471698113208
2021-09-06,285.0,288.8999938964844,282.0,283.8999938964844,98965,53.80858915159315
2021-09-07,285.95001220703125,297.45001220703125,282.3500061035156,290.70001220703125,239004,61.394099390739456
2021-09-08,292.04998779296875,299.8500061035156,281.0,291.70001220703125,157492,64.56622119363584
2021-09-09,293.8500061035156,294.5,288.54998779296875,290.45001220703125,54328,70.70001220703125
2021-09-13,290.3999938964844,292.20001220703125,285.75,287.1000061035156,59430,80.34092296253552
2021-09-14,289.95001220703125,290.5,286.5,289.1000061035156,45189,77.82052847055289
2021-09-15,290.5,294.79998779296875,288.70001220703125,292.5,63824,77.82052847055289
2021-09-16,294.5,294.5,284.0,285.6000061035156,87239,60.48285275550248
2021-09-17,288.45001220703125,288.45001220703125,278.0,279.79998779296875,101343,49.646204771539196
2021-09-20,278.04998779296875,282.6000061035156,271.5,272.3999938964844,89504,40.59916606293558
2021-09-21,272.54998779296875,277.3999938964844,270.25,275.25,40522,43.90243902439025
2021-09-22,277.8999938964844,279.5,269.29998779296875,271.04998779296875,90336,43.77429827415459
2021-09-23,273.5,276.95001220703125,270.54998779296875,272.3500061035156,76085,43.7195976082808
2021-09-24,274.8999938964844,276.25,269.3500061035156,270.54998779296875,65796,40.21421112906572
2021-09-27,272.0,283.25,272.0,275.70001220703125,179156,42.293265322863306
2021-09-28,277.8999938964844,289.8999938964844,273.8999938964844,285.3999938964844,483830,45.27628166874922
2021-09-29,285.0,288.0,281.1499938964844,282.8999938964844,123436,42.361104120451046
2021-09-30,288.0,288.0,281.54998779296875,283.6000061035156,50221,43.99649730370484
2021-10-01,281.25,285.6000061035156,279.1000061035156,283.3500061035156,67198,46.52456449580164
2021-10-04,286.0,286.0,281.75,282.95001220703125,47291,44.12608786136468
2021-10-05,284.79998779296875,285.3500061035156,274.3999938964844,277.20001220703125,120712,36.01465511277541
2021-10-06,279.0,282.5,277.54998779296875,278.54998779296875,81153,42.828066702720626
2021-10-07,281.5,286.1499938964844,280.04998779296875,281.8999938964844,67529,52.24839848209495
2021-10-08,283.95001220703125,283.95001220703125,278.25,279.75,57536,58.8661019632096
2021-10-11,282.3999938964844,283.0,276.79998779296875,277.54998779296875,70970,52.818609118162726
2021-10-12,278.3999938964844,282.5,277.54998779296875,280.1000061035156,69356,61.558117001813905
2021-10-13,280.95001220703125,284.70001220703125,278.1000061035156,279.04998779296875,92893,58.61178949647636
2021-10-14,279.20001220703125,281.95001220703125,278.1000061035156,279.0,63137,61.37282187603711
2021-10-18,280.29998779296875,282.79998779296875,275.0,277.1000061035156,80007,52.06488812469899
2021-10-19,278.95001220703125,278.95001220703125,273.0,273.95001220703125,62111,29.067679827717996
2021-10-20,272.04998779296875,273.8999938964844,265.1000061035156,268.3999938964844,107087,26.151334942197337
2021-10-21,269.6000061035156,270.0,265.0,265.79998779296875,58117,22.445807709132694
2021-10-22,266.70001220703125,267.5,261.0,263.6499938964844,57587,21.198822842845246
2021-10-25,264.8999938964844,265.04998779296875,257.79998779296875,259.6499938964844,53030,19.179884889042825
2021-10-26,260.0,269.0,260.0,262.20001220703125,42730,28.32372236442184
2021-10-27,264.8500061035156,264.8999938964844,260.45001220703125,262.04998779296875,32320,25.2994643904632
2021-10-28,262.45001220703125,263.0,258.0,258.70001220703125,29217,15.269545608628235
2021-10-29,258.5,262.5,256.0,257.70001220703125,30057,15.814037113089881
2021-11-01,259.0,260.8999938964844,258.1499938964844,259.79998779296875,20423,22.395044290796704
2021-11-02,262.0,265.54998779296875,260.8500061035156,262.6000061035156,29620,22.993847510181936
2021-11-03,264.5,266.0,260.3999938964844,261.0,27237,22.61004384526899
2021-11-04,260.6000061035156,263.8500061035156,258.0,262.79998779296875,9147,26.657051141110756
2021-11-08,263.54998779296875,264.75,260.1000061035156,262.70001220703125,31078,28.1155067356667
2021-11-09,263.0,277.8500061035156,262.95001220703125,275.1000061035156,88845,51.3641685207697
2021-11-10,278.5,278.79998779296875,267.0,272.0,56305,54.534014816021966
2021-11-11,275.0,275.0,268.6499938964844,272.1499938964844,37739,58.52350510852387
2021-11-12,274.8999938964844,275.8500061035156,266.0,267.79998779296875,64312,55.25981726576297
2021-11-15,272.5,272.5,250.9499969482422,256.6499938964844,127813,46.781114193431776
2021-11-16,258.95001220703125,264.6000061035156,257.25,261.5,48121,49.28424056107452
2021-11-17,261.5,263.79998779296875,257.04998779296875,257.3500061035156,92797,45.557667623346845
2021-11-18,258.0,259.3500061035156,253.6999969482422,255.5500030517578,35728,46.93280273713469
2021-11-22,257.8999938964844,257.8999938964844,245.10000610351562,246.85000610351562,62758,40.81285863348336
2021-11-23,246.85000610351562,253.4499969482422,244.5500030517578,250.35000610351562,31269,42.18363560637613
2021-11-24,249.10000610351562,254.89999389648438,249.10000610351562,250.89999389648438,35770,39.94843468813316
2021-11-25,252.75,253.60000610351562,248.4499969482422,249.6999969482422,58332,40.22490104876561
2021-11-26,248.89999389648438,252.35000610351562,242.10000610351562,243.0500030517578,63731,34.23782833519289
2021-11-29,243.0,243.0,224.14999389648438,235.5,55296,30.5991286161819
2021-11-30,231.0500030517578,242.0,231.0500030517578,236.14999389648438,31118,16.62379734018407
2021-12-01,238.1999969482422,240.75,236.1999969482422,239.64999389648438,23750,22.468065610489532
2021-12-02,240.10000610351562,244.0,237.25,240.5500030517578,35980,23.44537903482876
2021-12-03,243.75,248.0500030517578,238.4499969482422,240.8000030517578,37842,25.631773328122208
2021-12-06,242.75,242.75,234.39999389648438,236.3000030517578,40263,29.128207985341547
2021-12-07,241.5,241.5,235.25,237.6999969482422,28166,23.73066503097739
2021-12-08,239.8000030517578,240.5,238.35000610351562,239.75,34205,29.629613931280318
2021-12-09,241.0,242.0,238.6999969482422,239.60000610351562,35919,30.806248505794485
2021-12-10,241.89999389648438,241.89999389648438,237.0,238.5,60645,37.70248806038438
2021-12-13,240.0,241.9499969482422,237.0,238.35000610351562,45546,30.392141218709483
2021-12-14,240.0,240.0,236.25,237.1999969482422,20260,28.044874538018107
2021-12-15,239.89999389648438,239.89999389648438,235.0,235.9499969482422,24654,28.0
2021-12-16,236.39999389648438,238.0500030517578,232.5500030517578,234.9499969482422,81614,34.17967935092942
2021-12-17,234.5,234.5,229.5500030517578,231.89999389648438,87738,41.469182317165775
2021-12-20,230.8000030517578,230.8000030517578,217.39999389648438,219.75,76845,24.846639837414358
2021-12-21,220.85000610351562,225.14999389648438,202.35000610351562,210.75,253524,12.073504899231935
2021-12-22,210.0500030517578,219.39999389648438,210.0500030517578,217.0,105802,22.89987950999091
2021-12-23,218.9499969482422,220.3000030517578,214.64999389648438,216.60000610351562,34182,22.247704094220936
2021-12-24,217.0,220.0,212.0,214.6999969482422,36844,23.65852914205412
2021-12-27,214.8000030517578,216.60000610351562,208.9499969482422,209.35000610351562,95780,18.46496911070956
2021-12-28,211.3000030517578,213.89999389648438,208.0,209.9499969482422,127497,15.747110913896563
2021-12-29,209.9499969482422,215.0,209.35000610351562,210.3000030517578,65705,16.475966707205473
2021-12-30,210.5500030517578,215.39999389648438,210.5500030517578,214.0,77129,23.54210965502604
2021-12-31,215.14999389648438,217.6999969482422,214.1999969482422,215.1999969482422,66958,25.554367865467412
2022-01-03,214.5,223.9499969482422,214.4499969482422,222.14999389648438,71948,35.841948164882254
2022-01-04,222.85000610351562,236.85000610351562,221.25,235.14999389648438,341149,49.38366462628298
2022-01-05,234.0,239.4499969482422,227.0,232.10000610351562,122574,47.87155169997126
2022-01-06,230.10000610351562,234.85000610351562,227.14999389648438,234.0,50294,51.595750354917804
2022-01-07,234.0,237.89999389648438,230.10000610351562,231.14999389648438,49271,60.08849562302074
2022-01-10,231.8000030517578,235.0,231.8000030517578,233.4499969482422,43702,72.79117416446593
2022-01-11,232.8000030517578,243.89999389648438,232.8000030517578,240.10000610351562,104531,73.00798259889493
2022-01-12,242.60000610351562,243.64999389648438,239.0,239.60000610351562,48627,72.86282861008476
2022-01-13,238.0500030517578,240.0500030517578,235.10000610351562,236.9499969482422,27376,71.79236564192142
2022-01-14,235.14999389648438,238.6999969482422,231.89999389648438,236.1999969482422,42222,78.9020372537857
2022-01-17,236.10000610351562,243.85000610351562,236.0,242.4499969482422,45505,81.19001553994727
2022-01-18,242.9499969482422,243.4499969482422,237.85000610351562,238.4499969482422,34758,75.24663129729541
2022-01-19,236.0500030517578,239.89999389648438,235.35000610351562,237.25,22239,71.83098591549296
2022-01-20,238.0,242.0,235.9499969482422,237.85000610351562,39201,71.50997646408273
2022-01-21,238.0,239.10000610351562,233.10000610351562,233.5500030517578,27218,61.4000056762678
2022-01-24,235.0,235.0,216.0,220.39999389648438,64645,35.29412480618457
2022-01-25,221.8000030517578,237.1999969482422,218.0,234.6999969482422,45800,52.117255020175634
2022-01-27,234.0,240.8000030517578,231.1999969482422,239.0,36969,53.91849229886157
2022-01-28,239.0,242.39999389648438,232.64999389648438,233.85000610351562,24095,52.04236816275048
2022-01-31,232.25,237.60000610351562,230.0500030517578,231.8000030517578,23252,48.747157950739975
2022-02-01,232.10000610351562,235.0,225.0,229.35000610351562,18917,41.28143086546134
2022-02-02,232.10000610351562,235.0,230.39999389648438,234.10000610351562,19934,45.82701216812725
2022-02-03,236.4499969482422,236.4499969482422,231.0,231.6999969482422,29712,46.00152471620755
2022-02-04,232.0,236.0,231.0,233.8000030517578,32863,48.208960594536805
2022-02-07,235.0,241.0,231.5,232.1999969482422,47960,41.78027748220095
2022-02-08,234.9499969482422,245.3000030517578,234.0500030517578,241.25,159970,52.077152376577644
2022-02-09,244.0,252.5,241.9499969482422,248.35000610351562,168843,57.57162258482465
2022-02-10,240.0,243.5,233.0,241.5,194950,52.294149375301146
2022-02-11,238.0,245.0,234.6999969482422,243.0,74591,56.15634613155633
2022-02-14,241.0,241.0,225.0,226.5,58270,53.807742393659055
2022-02-15,227.0,234.0,223.1999969482422,232.4499969482422,33332,48.43205641602566
2022-02-16,231.0500030517578,235.6999969482422,230.0,233.0,127536,45.58823727406344
2022-02-17,234.3000030517578,236.35000610351562,225.0,227.14999389648438,134664,45.12372049469541
2022-02-18,227.14999389648438,235.9499969482422,226.25,234.75,148679,51.98652870674805
2022-02-21,235.0,267.8999938964844,235.0,255.1999969482422,1026175,64.01082819372914
2022-02-22,242.0,254.9499969482422,241.3000030517578,249.3000030517578,275665,58.137039877864396
2022-02-23,249.35000610351562,256.1499938964844,247.14999389648438,251.5,208489,60.62231610340413
2022-02-24,270.1000061035156,274.0,262.1499938964844,265.45001220703125,2349033,65.06425466032029
2022-02-25,270.1499938964844,272.0,265.5,266.79998779296875,196420,66.507628739113
2022-02-28,266.5,268.75,265.1000061035156,265.45001220703125,139347,62.461389439595294
2022-03-02,265.1000061035156,273.3999938964844,265.0,265.95001220703125,210244,59.7237635571436
2022-03-03,266.1000061035156,267.45001220703125,264.1000061035156,265.04998779296875,122643,63.92666540096602
2022-03-04,264.25,267.0,264.25,265.0,112370,63.237067667516214
2022-03-07,264.1000061035156,264.8999938964844,260.1000061035156,262.1499938964844,208528,75.66594909692992
2022-03-08,262.1499938964844,264.79998779296875,261.25,262.04998779296875,60099,73.2704364038292
2022-03-09,263.95001220703125,263.95001220703125,261.25,263.1499938964844,70233,73.4996077670217
2022-03-10,264.8500061035156,267.3999938964844,262.04998779296875,265.04998779296875,134325,81.47840982078267
2022-03-11,264.0,264.8999938964844,263.04998779296875,263.25,39440,76.19487057508844
2022-03-14,262.70001220703125,264.45001220703125,262.3500061035156,263.3500061035156,49232,61.96771766422481
2022-03-15,263.75,264.75,262.70001220703125,263.3500061035156,178615,74.95561938534408
2022-03-16,264.29998779296875,266.29998779296875,263.45001220703125,265.25,346532,74.68583851639514
2022-03-17,266.75,268.79998779296875,265.25,266.79998779296875,197061,54.368866836275146
2022-03-21,266.79998779296875,267.54998779296875,265.04998779296875,265.6499938964844,57361,46.22952066294317
2022-03-22,265.6000061035156,267.95001220703125,265.20001220703125,266.75,159064,54.333292643229164
2022-03-23,267.79998779296875,269.0,265.8500061035156,267.20001220703125,64613,54.1805985931306
2022-03-24,265.25,269.5,265.25,266.6000061035156,650888,55.29016708641373
2022-03-25,268.3999938964844,268.3999938964844,264.29998779296875,266.45001220703125,154467,54.91529561705509
2022-03-28,266.45001220703125,268.0,263.3999938964844,264.0,109385,56.446011556268225
2022-03-29,264.5,267.5,264.0,264.8500061035156,114876,59.27158006212649
2022-03-30,266.0,267.0,264.0,266.1000061035156,67200,59.67217117059426
2022-03-31,266.1000061035156,270.75,265.04998779296875,265.6499938964844,165436,52.17393227318061
2022-04-01,267.3999938964844,269.45001220703125,265.95001220703125,267.70001220703125,26709,65.83628733774697
2022-04-04,271.5,272.79998779296875,267.04998779296875,268.54998779296875,53989,67.56748397313632
2022-04-05,269.5,269.6000061035156,265.1000061035156,266.8500061035156,162017,60.6060606060606
2022-04-06,268.8999938964844,270.0,266.8500061035156,268.3500061035156,46426,59.62734449783439
2022-04-07,269.79998779296875,269.79998779296875,267.54998779296875,268.3999938964844,26841,55.47947066655797
2022-04-08,269.75,282.0,268.20001220703125,278.20001220703125,374125,76.98925126368859
2022-04-11,282.0,287.0,279.6000061035156,280.8500061035156,117602,78.4274106715462
2022-04-12,280.75,280.8500061035156,272.1000061035156,272.95001220703125,63281,58.91472868217055
2022-04-13,272.95001220703125,277.45001220703125,271.6000061035156,274.0,51533,61.31498171277437
2022-04-18,271.5,274.75,270.25,272.04998779296875,49103,58.115906646286234
2022-04-19,273.95001220703125,278.0,270.1000061035156,270.1499938964844,85983,59.05743330399929
2022-04-20,271.70001220703125,272.8999938964844,270.1000061035156,272.29998779296875,40986,60.56735906277623
2022-04-21,274.5,274.5,272.04998779296875,272.5,33745,59.3567212324825
2022-04-22,273.8500061035156,273.8500061035156,270.25,270.75,22669,57.183113363014215
2022-04-25,269.25,276.0,269.25,272.25,67503,56.509290629038446
2022-04-26,273.6000061035156,274.3500061035156,271.25,272.3999938964844,15939,55.620451874404694
2022-04-27,272.04998779296875,273.70001220703125,270.0,270.20001220703125,58468,54.82015690000852
2022-04-28,271.6499938964844,274.0,270.25,270.8999938964844,45430,53.75551025104453
2022-04-29,274.5,274.5,270.5,271.0,23968,53.82354181944169
2022-05-02,271.0,272.8999938964844,269.1000061035156,271.6499938964844,36182,36.82085957830386
2022-05-04,271.6499938964844,271.6499938964844,269.6000061035156,270.0,51294,27.253603577666453
2022-05-05,270.1499938964844,271.95001220703125,270.1000061035156,270.95001220703125,17225,44.08282741459575
2022-05-06,270.95001220703125,274.8999938964844,268.29998779296875,271.04998779296875,40463,40.75228452036552
2022-05-09,269.25,270.0,267.54998779296875,269.54998779296875,44324,41.93545211477805
2022-05-10,268.5,272.3999938964844,268.45001220703125,269.1000061035156,51722,46.263369158188304
2022-05-11,271.0,271.0,268.1000061035156,269.1000061035156,161533,36.55462292626758
2022-05-12,268.3500061035156,269.20001220703125,265.5,266.95001220703125,38969,29.963819370078042
2022-05-13,267.0,268.1000061035156,266.5,267.45001220703125,17015,36.904721537321315
2022-05-16,268.79998779296875,270.6499938964844,267.25,268.79998779296875,17887,36.14440702229151
2022-05-17,269.79998779296875,269.8999938964844,267.04998779296875,268.0,18127,33.20598149826327
2022-05-18,269.0,271.75,267.3999938964844,270.8500061035156,22691,52.36362990698181
2022-05-19,266.54998779296875,271.8999938964844,266.5,267.3999938964844,19567,39.39390016091146
2022-05-20,270.04998779296875,273.70001220703125,269.04998779296875,272.79998779296875,22369,54.12842623960579
2022-05-23,274.0,274.5,270.0,270.54998779296875,38815,47.64955286403075
2022-05-24,273.0,273.0,270.1000061035156,270.29998779296875,13704,50.681792330079034
2022-05-25,272.75,272.75,270.0,270.20001220703125,42543,48.226942167840235
2022-05-26,270.0,272.5,270.0,271.70001220703125,21466,51.441300499650836
2022-05-27,272.75,274.29998779296875,271.04998779296875,271.6499938964844,34315,54.97633073619871
2022-05-30,273.45001220703125,273.45001220703125,270.1000061035156,270.3500061035156,10305,52.84738674407999
2022-05-31,270.3999938964844,273.8999938964844,270.3999938964844,272.5,26305,57.05394532402524
2022-06-01,270.25,273.8999938964844,270.25,272.3500061035156,16529,62.21721112831086
2022-06-02,272.79998779296875,276.75,271.0,275.1000061035156,53699,65.7084417952648
2022-06-03,276.3999938964844,276.3999938964844,273.54998779296875,274.8500061035156,12030,63.01080914347219
2022-06-06,271.54998779296875,276.1000061035156,271.54998779296875,274.3999938964844,16498,63.9737895246053
2022-06-07,273.0,276.5,273.0,275.70001220703125,13935,61.3583248641718
2022-06-08,276.0,292.5,274.29998779296875,287.70001220703125,682455,83.94652584349481
2022-06-09,290.0,290.0,282.6499938964844,285.3500061035156,58495,73.37060606646125
2022-06-10,286.8999938964844,286.8999938964844,282.5,283.45001220703125,37648,74.33966870577831
2022-06-13,282.3999938964844,284.6499938964844,281.0,281.8500061035156,48604,70.73611450499622
2022-06-14,280.04998779296875,284.6499938964844,280.04998779296875,280.6000061035156,35705,67.9310050901162
2022-06-15,281.20001220703125,282.95001220703125,280.04998779296875,280.1000061035156,30805,64.9999727521921
2022-06-16,281.1000061035156,282.0,274.6499938964844,275.3999938964844,71204,55.74272158642683
2022-06-17,274.29998779296875,278.0,274.29998779296875,276.0,39852,58.841919156703504
2022-06-20,276.3999938964844,279.0,274.1000061035156,274.20001220703125,72718,52.68988961534376
2022-06-21,274.20001220703125,276.95001220703125,274.1000061035156,275.3500061035156,13016,54.601221825098904
2022-06-22,274.0,275.8999938964844,273.25,274.25,16585,48.62680948281897
2022-06-23,275.8999938964844,276.20001220703125,274.04998779296875,274.3999938964844,12982,49.27064558697549
2022-06-24,275.3999938964844,276.0,274.04998779296875,275.0,11559,50.96775082717322
2022-06-27,275.0,277.70001220703125,275.0,275.79998779296875,10628,50.16389440317622
2022-06-28,276.6000061035156,280.8999938964844,274.54998779296875,279.04998779296875,24493,30.114886404454026
2022-06-29,279.25,284.45001220703125,277.3500061035156,282.3999938964844,29186,43.51645668784341
2022-06-30,284.5,284.5,281.1000061035156,283.54998779296875,11154,50.22721724076705
2022-07-01,284.79998779296875,284.79998779296875,278.25,279.79998779296875,11999,45.75565459905705
2022-07-04,279.8999938964844,283.3999938964844,278.3500061035156,282.3999938964844,17294,53.52938782935049
2022-07-05,282.3500061035156,283.45001220703125,277.54998779296875,278.79998779296875,16802,47.72724120085577
2022-07-06,281.54998779296875,283.04998779296875,279.04998779296875,281.6499938964844,8228,61.68224299065421
2022-07-07,282.79998779296875,282.79998779296875,279.1000061035156,279.54998779296875,10178,56.28316423534292
2022-07-08,281.79998779296875,286.0,281.75,283.79998779296875,57255,65.63513317388652
2022-07-11,285.0,285.79998779296875,283.0,284.04998779296875,17475,64.59727574458236
2022-07-12,283.6499938964844,288.45001220703125,283.6499938964844,287.3999938964844,57265,70.51479935060917
2022-07-13,287.5,289.79998779296875,285.6000061035156,287.25,45575,70.04679994096446
2022-07-14,287.6499938964844,289.20001220703125,286.1000061035156,287.1499938964844,24381,69.25512970688632
2022-07-15,287.79998779296875,295.75,287.79998779296875,289.04998779296875,59016,70.29094960537483
2022-07-18,285.25,292.8999938964844,285.25,288.5,22424,65.77630777194258
2022-07-19,291.29998779296875,291.29998779296875,287.1000061035156,289.54998779296875,41328,62.929467404680835
2022-07-20,287.1499938964844,294.75,287.1000061035156,288.1000061035156,39373,58.139572971999144
2022-07-21,287.0,290.6000061035156,287.0,289.29998779296875,15358,68.70081436394787
2022-07-22,290.0,298.3999938964844,288.1000061035156,297.3500061035156,101921,74.23018482686578
2022-07-25,298.0,303.79998779296875,292.29998779296875,293.29998779296875,80589,73.16294833069757
2022-07-26,294.1000061035156,294.70001220703125,288.79998779296875,289.25,15809,61.69232806145589
2022-07-27,289.75,292.5,288.20001220703125,289.3500061035156,18668,66.06561986266075
2022-07-28,289.0,292.0,288.04998779296875,289.20001220703125,28742,60.227333153001936
2022-07-29,290.79998779296875,291.3500061035156,285.04998779296875,288.1499938964844,29979,57.53678099920453
2022-08-01,290.29998779296875,291.0,287.20001220703125,288.1499938964844,43023,51.57232865354005
2022-08-02,286.5,294.70001220703125,286.5,291.70001220703125,48567,58.165160012901374
2022-08-03,294.3999938964844,294.3999938964844,288.25,289.20001220703125,25431,53.457029903115675
2022-08-04,290.29998779296875,294.0,288.5,290.8500061035156,34624,53.06125626570644
2022-08-05,288.54998779296875,294.95001220703125,288.54998779296875,289.8500061035156,24406,52.26131629392971
2022-08-08,292.6499938964844,293.3999938964844,288.54998779296875,289.54998779296875,24355,50.0
2022-08-10,290.0,290.0,286.8999938964844,288.1499938964844,55223,50.08603736479842
2022-08-11,290.0,290.5,287.25,287.70001220703125,8326,47.173192888014704
2022-08-12,289.95001220703125,291.20001220703125,287.25,287.5,37191,25.91690580757998
2022-08-16,290.3500061035156,293.0,285.54998779296875,286.95001220703125,48077,31.268522086068515
2022-08-17,286.3500061035156,289.45001220703125,286.1499938964844,286.54998779296875,51185,39.84961543403639
2022-08-18,287.0,288.25,286.20001220703125,286.79998779296875,20987,40.52040814011267
2022-08-19,288.0,288.3999938964844,285.1000061035156,285.79998779296875,17364,38.11184334078841
2022-08-22,285.79998779296875,286.45001220703125,284.0,285.1499938964844,28704,39.20865204752831
2022-08-23,285.0,287.79998779296875,284.0,286.45001220703125,28878,44.407970687145514
2022-08-24,286.0,292.0,285.0,290.5,58195,46.17830804458285
2022-08-25,291.0,293.3500061035156,288.5,289.1499938964844,21369,49.82811598762519
2022-08-26,289.20001220703125,291.25,288.04998779296875,288.1000061035156,30440,40.14337780072368
2022-08-29,285.1000061035156,294.79998779296875,285.04998779296875,290.70001220703125,81249,52.7331353781722
2022-08-30,289.0,294.3999938964844,289.0,290.79998779296875,40147,54.07166771374268
2022-09-01,292.75,294.0,289.8999938964844,291.0,30933,60.07069728921834
2022-09-02,292.0,294.3999938964844,288.04998779296875,290.8999938964844,31577,61.594121172315724
2022-09-05,293.0,294.95001220703125,292.0,294.25,48733,69.91149008494503
2022-09-06,295.75,298.5,291.1499938964844,293.1499938964844,50041,67.71420250731984
2022-09-07,294.0,295.1000061035156,291.75,292.95001220703125,37149,68.49719343924528
2022-09-08,293.79998779296875,299.5,291.1000061035156,294.54998779296875,194498,70.7775206914495
2022-09-09,293.20001220703125,303.20001220703125,293.20001220703125,295.95001220703125,104774,76.64050109735194
2022-09-12,296.79998779296875,298.8500061035156,294.6499938964844,297.04998779296875,65052,80.51285261551703
2022-09-13,297.8500061035156,312.75,295.8500061035156,308.3999938964844,406983,87.14046264921878
2022-09-14,304.0,310.79998779296875,303.3999938964844,306.70001220703125,92313,79.7794876627981
2022-09-15,306.70001220703125,309.70001220703125,301.0,301.1000061035156,41703,68.99845907824157
2022-09-16,301.79998779296875,302.79998779296875,298.0,300.5,70918,70.00000984438972
2022-09-19,301.79998779296875,307.8999938964844,301.1000061035156,303.95001220703125,50968,70.8006438878562
2022-09-20,305.79998779296875,306.6499938964844,301.0,301.95001220703125,28805,66.5185546875
2022-09-21,300.5,307.0,300.5,304.29998779296875,46613,68.52367877453523
2022-09-22,304.29998779296875,314.8999938964844,301.54998779296875,312.3500061035156,147809,74.45840838040304
2022-09-23,314.79998779296875,334.0,312.95001220703125,327.8500061035156,522728,80.00002179828198
2022-09-26,329.0,334.0,312.25,316.25,275404,67.36843361230544
2022-09-27,317.5,332.3999938964844,306.3999938964844,319.1499938964844,173866,68.93062761709248
2022-09-28,315.70001220703125,324.1000061035156,315.70001220703125,317.3999938964844,46965,66.47440814165788
2022-09-29,318.79998779296875,325.8999938964844,313.25,319.04998779296875,70497,66.59481586844464
2022-09-30,315.8500061035156,332.79998779296875,315.8500061035156,327.6499938964844,173257,69.8443603638835
2022-10-03,330.0,341.3999938964844,325.54998779296875,333.8999938964844,193852,67.70833333333334
2022-10-04,339.8999938964844,340.0,326.70001220703125,329.79998779296875,163895,65.52417204689206
2022-10-06,333.04998779296875,339.0,326.29998779296875,327.95001220703125,78406,69.00212910340514
2022-10-07,328.5,340.0,325.1000061035156,337.25,136603,73.15690693578038
2022-10-10,336.0,346.3999938964844,330.29998779296875,343.1000061035156,197042,73.9449593341454
2022-10-11,345.0,347.5,327.04998779296875,330.8999938964844,118141,65.74224440154171
2022-10-12,328.6000061035156,338.79998779296875,325.1000061035156,336.20001220703125,58209,66.8071739765198
2022-10-13,335.3999938964844,338.45001220703125,325.1000061035156,327.5,42077,57.9277817861036
2022-10-14,330.54998779296875,333.75,327.45001220703125,329.6499938964844,47084,51.09488292315289
2022-10-17,331.8999938964844,331.8999938964844,320.45001220703125,326.79998779296875,142994,57.18174679347352
2022-10-18,329.0,330.95001220703125,322.1000061035156,323.54998779296875,36682,52.98102493550165
2022-10-19,325.54998779296875,327.79998779296875,320.5,322.1499938964844,43450,53.23349163415476
2022-10-20,321.0,325.3500061035156,317.0,319.5,19504,50.302224401105434
2022-10-21,322.6499938964844,322.6499938964844,312.04998779296875,315.6499938964844,34146,41.391680130301715
2022-10-24,315.0,319.95001220703125,311.70001220703125,316.79998779296875,8821,36.7647024087626
2022-10-25,319.5,319.5,310.20001220703125,312.04998779296875,59126,36.39846743295019
2022-10-27,314.95001220703125,321.75,312.79998779296875,316.6000061035156,50166,41.648271547440096
2022-10-28,314.6499938964844,321.0,313.0,315.25,25686,31.666685316278773
2022-10-31,323.0,328.8999938964844,320.0,321.25,80861,31.837085495310248
2022-11-01,325.8999938964844,325.8999938964844,318.0,319.29998779296875,25727,38.37676018653008
2022-11-02,316.0,330.79998779296875,316.0,319.3999938964844,135209,31.20805117117068
2022-11-03,321.95001220703125,322.25,315.1000061035156,319.1000061035156,43084,38.429766309451445
2022-11-04,320.0,321.70001220703125,316.1000061035156,318.75,47548,34.202921369981524
2022-11-07,321.95001220703125,322.79998779296875,312.54998779296875,313.79998779296875,22658,32.240454928250415
2022-11-09,315.0,318.3999938964844,313.6000061035156,315.1000061035156,23927,37.806683559198284
2022-11-10,312.04998779296875,315.04998779296875,311.6499938964844,313.0,17238,37.058024726529354
2022-11-11,313.1000061035156,318.04998779296875,311.3999938964844,312.45001220703125,18878,39.39853405755467
2022-11-14,312.0,318.0,307.0,314.79998779296875,42542,48.66140899763069
2022-11-15,314.79998779296875,326.0,314.54998779296875,324.70001220703125,176912,59.75310186224763
2022-11-16,327.25,333.70001220703125,324.04998779296875,327.8999938964844,106320,70.34658371953631
2022-11-17,329.75,341.0,328.1499938964844,336.1499938964844,157208,72.9190815967303
2022-11-18,341.1000061035156,343.8999938964844,333.8999938964844,335.25,194864,73.696675609809
2022-11-21,338.95001220703125,345.0,337.25,344.04998779296875,210566,75.33331976996527
2022-11-22,346.70001220703125,350.0,341.0,341.45001220703125,188517,74.26072528274743
2022-11-23,341.3999938964844,344.0,331.1000061035156,332.54998779296875,63900,62.07529689494047
2022-11-24,329.0,329.0,311.20001220703125,313.70001220703125,241200,46.30137249729626
2022-11-25,315.6499938964844,317.20001220703125,307.45001220703125,309.04998779296875,122823,43.72573496841252
2022-11-28,307.5,310.0,305.04998779296875,306.1499938964844,95967,44.91694551565806
2022-11-29,306.95001220703125,308.45001220703125,304.79998779296875,305.20001220703125,49560,43.391186401452785
2022-11-30,308.8500061035156,309.95001220703125,304.0,307.3500061035156,76501,46.23082062852027
2022-12-01,309.0,309.8500061035156,305.1000061035156,308.5,36030,47.38582658081612
2022-12-02,309.3500061035156,313.0,307.1000061035156,308.79998779296875,218807,45.918363957506216
2022-12-05,311.1499938964844,311.5,306.3999938964844,307.20001220703125,58348,36.57973198781167
2022-12-06,305.0,310.3999938964844,305.0,308.6499938964844,40368,34.83054899029689
2022-12-07,308.6499938964844,308.8500061035156,306.0,307.1000061035156,36596,24.40524204390239
2022-12-08,309.45001220703125,309.45001220703125,306.0,308.29998779296875,40788,26.380301806452294
2022-12-09,307.79998779296875,309.04998779296875,305.5,306.8999938964844,173378,12.588026383482486
2022-12-12,309.0,309.0,306.25,306.75,131911,13.24142693285988
2022-12-13,308.0,310.95001220703125,307.25,308.1000061035156,190363,19.167640948949668
2022-12-14,307.6000061035156,309.8500061035156,307.5,308.1499938964844,43735,36.690529545131874
2022-12-15,309.04998779296875,318.8999938964844,307.54998779296875,315.1499938964844,211546,63.14664442728551
2022-12-16,317.5,317.5,308.1000061035156,309.1499938964844,37120,55.703451172786075
2022-12-19,312.1499938964844,312.1499938964844,308.20001220703125,311.20001220703125,13701,60.94894413258487
2022-12-20,312.0,314.75,306.04998779296875,308.45001220703125,31654,51.96430303618198
2022-12-21,311.0,311.0,301.1499938964844,302.3500061035156,72737,40.66766508938106
2022-12-22,301.54998779296875,308.3500061035156,298.04998779296875,302.6000061035156,84925,40.5775161980029
2022-12-23,301.0,305.8999938964844,298.0,299.54998779296875,341972,38.86458536932071
2022-12-26,300.0,304.0,298.54998779296875,301.75,199552,40.17095057457372
2022-12-27,303.0,321.95001220703125,302.20001220703125,318.75,203164,61.523234101434234
2022-12-28,314.0,320.0,311.25,317.75,80333,59.384315127858564
2022-12-29,317.75,317.79998779296875,310.0,311.3999938964844,36527,54.068712501490005
2022-12-30,310.04998779296875,316.70001220703125,309.1499938964844,315.75,35211,57.56301745193358
2023-01-02,316.0,318.79998779296875,314.20001220703125,316.79998779296875,19778,57.34795220497075
2023-01-03,319.8999938964844,319.8999938964844,312.6000061035156,314.1000061035156,25895,54.8100312724811
2023-01-04,314.3999938964844,319.0,312.5,314.04998779296875,78814,48.998173950021254
2023-01-05,312.5,318.0,312.1000061035156,316.1000061035156,34434,56.82041434366038
2023-01-06,316.04998779296875,318.8999938964844,308.5,309.75,52134,48.687773207971134
2023-01-09,313.0,313.20001220703125,309.04998779296875,310.54998779296875,25576,51.96995653109927
2023-01-10,310.54998779296875,312.54998779296875,308.0,309.04998779296875,14156,56.878825268532516
2023-01-11,310.3999938964844,313.20001220703125,305.1000061035156,307.54998779296875,50262,54.95493238789
2023-01-12,311.8999938964844,311.8999938964844,304.1499938964844,305.25,22671,55.792693895121275
2023-01-13,305.25,307.0,304.1000061035156,306.45001220703125,5510,54.8755301003281
2023-01-16,307.0,308.75,300.20001220703125,303.45001220703125,36644,27.631604777873164
2023-01-17,303.04998779296875,307.8999938964844,303.04998779296875,306.8999938964844,9530,35.19780639778442
2023-01-18,302.5,311.95001220703125,302.04998779296875,309.1499938964844,15543,46.54377750567693
2023-01-19,304.5,310.75,304.5,309.8999938964844,12504,39.896356125076814
2023-01-20,311.1000061035156,311.25,306.1000061035156,310.29998779296875,49323,38.51589610647297
2023-01-23,307.8500061035156,311.3500061035156,303.8999938964844,306.1499938964844,33196,36.63863494616596
2023-01-24,305.0,309.1000061035156,304.1000061035156,304.45001220703125,4913,34.71339684366235
2023-01-25,306.95001220703125,306.95001220703125,302.25,304.3500061035156,23223,30.050900710454542
2023-01-27,303.29998779296875,305.8500061035156,299.04998779296875,301.29998779296875,74747,33.843166270268256
2023-01-30,303.8999938964844,306.1000061035156,300.1499938964844,302.04998779296875,25424,33.71645986408558
2023-01-31,303.1000061035156,304.3500061035156,301.0,301.6000061035156,16955,35.129751704662425
2023-02-01,303.25,306.3999938964844,299.29998779296875,300.25,45121,35.34136841511811
2023-02-02,302.5,307.3999938964844,300.70001220703125,303.6000061035156,29556,46.82081876544256
2023-02-03,305.0,305.0,298.1000061035156,300.45001220703125,45252,39.24729771413195
2023-02-06,299.95001220703125,304.95001220703125,296.45001220703125,300.0,53751,43.19523564167634
2023-02-07,299.79998779296875,302.6499938964844,299.54998779296875,301.70001220703125,16961,38.9830924902208
2023-02-08,299.8500061035156,305.0,299.8500061035156,302.8999938964844,34909,36.141899371784156
2023-02-09,301.95001220703125,304.5,301.54998779296875,303.79998779296875,8235,36.56385237008845
2023-02-10,303.5,303.5,296.5,301.29998779296875,8849,31.854829778279836
2023-02-13,305.79998779296875,305.8500061035156,300.54998779296875,302.8999938964844,33835,42.69662921348315
2023-02-14,306.0,306.0,300.79998779296875,301.8500061035156,23115,43.981469053630384
2023-02-15,302.75,302.79998779296875,299.1000061035156,301.20001220703125,12394,42.88940233752314
2023-02-16,301.0,303.95001220703125,300.0,300.8999938964844,14550,48.969087571319136
2023-02-17,300.54998779296875,305.0,299.3500061035156,302.45001220703125,17797,50.99015884238738
2023-02-20,305.0,305.0,297.8999938964844,300.8500061035156,46231,48.24356273174023
2023-02-21,300.8999938964844,302.04998779296875,299.79998779296875,300.29998779296875,13443,50.121624511422894
2023-02-22,304.8999938964844,304.8999938964844,299.04998779296875,300.29998779296875,28483,40.406947344888586
2023-02-23,304.0,304.0,298.1000061035156,299.0,29181,45.27684447006899
2023-02-24,301.95001220703125,308.75,299.0,305.75,52093,63.27943075266271
2023-02-27,308.0,308.45001220703125,302.54998779296875,305.54998779296875,64797,59.553277720226085
2023-02-28,306.75,306.75,302.0,302.70001220703125,23699,49.5413267855918
2023-03-01,305.6499938964844,313.70001220703125,301.75,312.1000061035156,87037,63.69639157554204
2023-03-02,312.3500061035156,312.70001220703125,308.29998779296875,309.8500061035156,20107,64.22631131566735
2023-03-03,308.0,313.5,307.1499938964844,312.3999938964844,31611,65.32258064516128
2023-03-06,315.0,317.0,312.0,315.3500061035156,71343,70.5167021004241
2023-03-08,316.75,316.75,310.0,312.8999938964844,32128,66.85874248384637
2023-03-09,313.8500061035156,314.6499938964844,307.79998779296875,310.45001220703125,27079,62.95796028326271
2023-03-10,305.0,313.3999938964844,305.0,309.8999938964844,27935,60.39048873233322
2023-03-13,311.95001220703125,313.0,308.0,310.3999938964844,63509,63.740989630170866
2023-03-14,307.29998779296875,312.3500061035156,304.70001220703125,306.6000061035156,14118,58.28950443428797
2023-03-15,306.54998779296875,310.8500061035156,306.54998779296875,310.0,20328,61.715000950910884
2023-03-16,307.8999938964844,309.8999938964844,301.8999938964844,307.1499938964844,22002,59.48777342376109
2023-03-17,310.0,310.95001220703125,306.1000061035156,310.29998779296875,22438,55.78143661491214
2023-03-20,309.0,309.20001220703125,304.29998779296875,306.1499938964844,20431,50.69284837823228
2023-03-21,309.1499938964844,309.1499938964844,305.1000061035156,306.95001220703125,10550,55.151515151515156
2023-03-22,309.0,309.5,306.29998779296875,307.0,16472,42.006258496372816
2023-03-23,309.8999938964844,309.8999938964844,306.0,306.8500061035156,9717,44.96644089111365
2023-03-24,302.25,307.3999938964844,302.25,305.79998779296875,23996,38.339219375953675
2023-03-27,306.0,307.20001220703125,302.04998779296875,304.3999938964844,28599,29.53268746349299
2023-03-28,303.1000061035156,305.6000061035156,301.0,301.1000061035156,22367,28.62319161075459
2023-03-29,300.29998779296875,308.5,300.29998779296875,302.3999938964844,17847,34.78256354756418
2023-03-31,302.3999938964844,307.20001220703125,302.3999938964844,305.5,15655,42.41379564355852
2023-04-03,308.5,313.1499938964844,305.0,310.3500061035156,16473,49.925055727792156
2023-04-05,313.0,313.0,306.25,307.8500061035156,9590,51.9500787458556
2023-04-06,309.8999938964844,310.04998779296875,301.79998779296875,304.29998779296875,21996,41.149052723361095
2023-04-10,304.29998779296875,309.5,303.54998779296875,307.20001220703125,9815,50.077547694907786
2023-04-11,307.8999938964844,309.79998779296875,305.54998779296875,307.25,13467,44.76846442794508
2023-04-12,308.0,309.5,306.0,307.6000061035156,13551,52.859980497670556
2023-04-13,310.5,310.5,305.0,307.95001220703125,44763,52.00803015967174
2023-04-17,309.5,309.5,304.20001220703125,304.6499938964844,16733,45.82592980862318
2023-04-18,304.3500061035156,305.8999938964844,302.29998779296875,303.70001220703125,32932,44.55960406267954
2023-04-19,304.20001220703125,305.45001220703125,301.0,302.45001220703125,30223,44.25390603734553
2023-04-20,304.20001220703125,319.70001220703125,301.3500061035156,316.6000061035156,218862,64.55847863770776
2023-04-21,316.6000061035156,318.70001220703125,311.0,311.79998779296875,32000,62.327152242441464
2023-04-24,318.95001220703125,338.8999938964844,316.95001220703125,333.04998779296875,483844,74.19097191277811
2023-04-25,340.0,340.0,333.3500061035156,336.29998779296875,154958,74.25193558153953
2023-04-26,340.0,344.95001220703125,334.0,335.20001220703125,183695,70.79497356591716
2023-04-27,337.95001220703125,338.8500061035156,327.04998779296875,328.75,61831,66.40500775395088
2023-04-28,332.0,337.0,330.3500061035156,333.6000061035156,57684,72.53846504166117
2023-05-02,333.6000061035156,339.45001220703125,325.25,326.95001220703125,87437,64.36363636363636
2023-05-03,327.79998779296875,331.70001220703125,327.0,327.6499938964844,38140,64.6974032353033
2023-05-04,329.54998779296875,329.79998779296875,320.25,321.1000061035156,35748,58.92857431194142
2023-05-05,323.29998779296875,327.0,320.3999938964844,323.1499938964844,25761,59.831817652434985
2023-05-08,323.25,330.0,320.5,321.95001220703125,35051,61.50268388584953
2023-05-09,323.3999938964844,325.95001220703125,320.04998779296875,321.79998779296875,15936,62.16396807465981
2023-05-10,321.79998779296875,324.95001220703125,320.20001220703125,321.1000061035156,22380,62.626951773099464
2023-05-11,321.1499938964844,324.70001220703125,312.79998779296875,315.6499938964844,45111,49.27090349882005
2023-05-12,313.0,324.70001220703125,313.0,320.95001220703125,26014,56.968796281920284
2023-05-15,320.95001220703125,329.0,320.04998779296875,324.75,42018,41.39004543451504
2023-05-16,325.70001220703125,327.8999938964844,318.1000061035156,319.75,32239,33.43342945819789
2023-05-17,321.75,322.6000061035156,314.3999938964844,318.6499938964844,24407,33.43340903161794
2023-05-18,319.6499938964844,326.8999938964844,319.0,319.29998779296875,18966,39.29782554299215
2023-05-19,322.3500061035156,327.45001220703125,319.29998779296875,323.95001220703125,34508,39.02161784199318
2023-05-22,323.95001220703125,327.5,320.75,322.5,31624,44.25804876512097
2023-05-23,328.0,341.79998779296875,328.0,336.3999938964844,357498,58.42155721266194
2023-05-24,339.75,339.75,323.45001220703125,324.3500061035156,179693,52.82854596121586
2023-05-25,327.95001220703125,327.95001220703125,317.04998779296875,320.54998779296875,77226,47.80405048387338
2023-05-26,324.04998779296875,324.04998779296875,319.04998779296875,320.25,37625,48.54201476567963
2023-05-29,330.0,330.0,318.25,320.04998779296875,47353,48.500429390161365
2023-05-30,323.0,323.0,316.6499938964844,319.20001220703125,37636,48.3760744398984
2023-05-31,322.29998779296875,324.25,318.6000061035156,320.95001220703125,27211,54.835781514261676
2023-06-01,322.04998779296875,325.54998779296875,318.6499938964844,320.04998779296875,44814,49.10711906935964
2023-06-02,323.8999938964844,323.8999938964844,320.0,321.1499938964844,27563,46.22641207650501
2023-06-05,321.70001220703125,334.29998779296875,319.3500061035156,329.3999938964844,126729,59.47005476388279
2023-06-06,332.20001220703125,335.0,328.0,333.75,112743,63.92988394883636
2023-06-07,333.79998779296875,344.70001220703125,330.0,335.25,198507,64.48682839213251
2023-06-08,338.0,342.5,328.25,332.1499938964844,111127,57.663529917762304
2023-06-09,332.0,370.0,330.04998779296875,368.45001220703125,2081715,76.00452357710772
2023-06-12,377.0,399.5,375.0,384.6499938964844,2498435,76.61334087435446
2023-06-13,387.95001220703125,389.54998779296875,380.0,384.45001220703125,402447,88.13451277807104
2023-06-14,384.5,391.0,376.1499938964844,382.54998779296875,401681,90.31208082988738
2023-06-15,384.95001220703125,384.95001220703125,375.79998779296875,379.0,185219,86.65002002774948
2023-06-16,380.0,386.6000061035156,372.95001220703125,375.79998779296875,217245,83.52374241189727
2023-06-19,377.0,377.6499938964844,366.79998779296875,369.6499938964844,188125,78.51891312620953
2023-06-20,368.0,372.6000061035156,364.25,366.70001220703125,192858,75.5158881991468
2023-06-21,368.6000061035156,393.79998779296875,368.0,387.8500061035156,695651,80.84623388351059
2023-06-22,387.8500061035156,390.0,373.3999938964844,376.79998779296875,184564,73.21651692216808
2023-06-23,378.45001220703125,378.45001220703125,368.04998779296875,370.3999938964844,89230,67.37288135593221
2023-06-26,378.5,384.8999938964844,372.5,373.8999938964844,222297,67.13614852253494
2023-06-27,374.1000061035156,379.3500061035156,365.8999938964844,369.79998779296875,146407,64.42588216825416
2023-06-28,373.0,377.95001220703125,366.1499938964844,367.6000061035156,147166,64.91376503539885
2023-06-30,369.5,377.0,366.1000061035156,372.20001220703125,134388,52.151463898898
2023-07-03,374.1499938964844,378.75,370.0,371.04998779296875,114078,40.568651212047214
2023-07-04,374.3999938964844,374.3999938964844,366.29998779296875,367.29998779296875,71117,38.664891685828394
2023-07-05,370.70001220703125,373.0,367.75,369.8500061035156,100060,41.67760246284396
2023-07-06,369.8500061035156,377.0,367.0,372.45001220703125,162539,45.65362666915073
2023-07-07,373.6000061035156,389.0,371.3999938964844,385.54998779296875,499462,55.718475073313776
2023-07-10,389.5,398.0,378.04998779296875,381.6499938964844,270682,57.2289156626506
2023-07-11,383.75,384.79998779296875,378.20001220703125,379.70001220703125,119086,57.92682926829268
2023-07-12,382.75,385.0,375.6000061035156,378.04998779296875,132071,42.159989179692786
2023-07-13,380.75,382.1499938964844,369.6000061035156,372.79998779296875,118278,46.47266389873548
2023-07-14,376.8999938964844,376.8999938964844,370.95001220703125,372.04998779296875,77751,51.61605612602051
2023-07-17,373.04998779296875,377.29998779296875,370.3500061035156,371.29998779296875,119535,47.3084833148522
2023-07-18,370.0,388.75,369.95001220703125,385.0,412227,63.126084454067644
2023-07-19,389.0,393.8999938964844,377.6000061035156,379.3500061035156,271884,59.57619640275817
2023-07-20,380.79998779296875,385.0,374.3999938964844,377.70001220703125,164377,54.708902141037136
2023-07-21,377.45001220703125,379.8999938964844,365.0,369.20001220703125,111332,48.59317445936311
2023-07-24,376.45001220703125,379.95001220703125,370.6000061035156,377.1499938964844,113106,57.04074959393505
2023-07-25,378.0,382.1499938964844,366.0,369.6000061035156,147775,49.833222039446895
2023-07-26,370.20001220703125,375.0,368.0,372.25,89242,49.86665842013218
2023-07-27,370.0,374.95001220703125,367.1000061035156,367.95001220703125,102578,36.70695727535911
2023-07-28,369.95001220703125,371.95001220703125,367.04998779296875,368.25,70934,39.29712008385029
2023-07-31,369.79998779296875,370.20001220703125,358.20001220703125,360.95001220703125,153099,36.20308059341126
2023-08-01,362.45001220703125,379.8500061035156,360.20001220703125,375.3500061035156,328171,48.32714724651383
2023-08-02,374.75,378.3500061035156,362.79998779296875,370.70001220703125,112383,48.68915241813013
2023-08-03,372.8500061035156,374.1000061035156,365.25,367.0,66514,46.95966752162506
2023-08-04,370.0,373.95001220703125,367.3500061035156,371.20001220703125,60828,49.942210603190055
2023-08-07,371.20001220703125,376.0,366.6000061035156,368.3999938964844,78347,39.02115200711754
2023-08-08,369.29998779296875,372.8999938964844,369.29998779296875,370.5,64455,43.85842376721406
2023-08-09,371.29998779296875,379.0,369.75,371.8500061035156,127455,45.9233389604794
2023-08-10,374.0,376.79998779296875,369.5,372.20001220703125,62796,52.358491471389286
2023-08-11,375.0,377.79998779296875,368.0,373.04998779296875,172172,46.37167405480528
2023-08-14,377.95001220703125,378.0,362.54998779296875,366.5,169621,47.207200172878046
2023-08-16,365.0,370.04998779296875,360.0,361.8999938964844,97239,40.99215891881153
2023-08-17,362.45001220703125,364.79998779296875,350.0,356.1499938964844,114859,39.98300548953776
2023-08-18,360.0,366.1499938964844,353.0,356.3500061035156,88591,39.880960722124556
2023-08-21,365.0,374.79998779296875,362.45001220703125,366.3500061035156,309071,54.39023676170447
2023-08-22,368.0,369.45001220703125,363.3500061035156,365.25,61862,39.5228245323122
2023-08-23,366.8500061035156,369.3999938964844,364.25,366.04998779296875,66835,44.75758672558699
2023-08-24,367.8999938964844,369.0,364.04998779296875,365.1499938964844,55306,47.773760182620634
2023-08-25,364.0,365.45001220703125,357.75,359.0,71779,35.97699746318247
2023-08-28,360.1000061035156,365.0,360.1000061035156,363.1499938964844,61182,44.147154004643305
2023-08-29,364.0,368.6499938964844,363.95001220703125,366.70001220703125,74264,45.89634039434258
2023-08-30,366.70001220703125,372.1000061035156,363.0,363.95001220703125,93038,41.719080787161886
2023-08-31,365.0,369.0,363.04998779296875,364.54998779296875,65710,42.02290698207258
2023-09-01,370.0,370.45001220703125,363.04998779296875,364.0,144975,40.50367812352295
2023-09-04,369.70001220703125,378.0,365.0,373.75,272327,57.12881364883583
2023-09-05,376.0,420.95001220703125,373.75,413.79998779296875,2586671,80.06953626342306
2023-09-06,419.5,428.0,413.20001220703125,425.3500061035156,1144677,87.56787760625488
2023-09-07,424.25,425.95001220703125,420.0,423.29998779296875,235223,85.63065180297367
2023-09-08,426.70001220703125,432.0,413.3999938964844,422.5,332880,83.12685198555177
2023-09-11,423.79998779296875,427.0,403.3999938964844,411.25,371237,74.23604728715026
2023-09-12,416.5,416.5,382.04998779296875,385.75,358355,58.23579273763145
2023-09-13,385.8999938964844,390.79998779296875,378.04998779296875,386.25,156779,58.85067506070874
2023-09-14,392.0,396.3999938964844,382.5,393.1499938964844,156176,64.23509758629963
2023-09-15,395.25,398.1000061035156,358.45001220703125,369.45001220703125,923632,52.25807157303383
2023-09-18,369.45001220703125,372.3500061035156,366.04998779296875,367.1000061035156,137023,50.14461099785008
2023-09-20,367.8999938964844,367.8999938964844,358.3500061035156,362.29998779296875,124813,49.41217502633188
2023-09-21,363.5,366.5,358.20001220703125,360.45001220703125,77550,48.552268258178756
2023-09-22,358.79998779296875,362.5,354.04998779296875,356.8500061035156,105864,47.52851911573494
2023-09-25,356.8500061035156,365.6499938964844,356.6000061035156,360.04998779296875,58500,45.03982091636723
2023-09-26,361.8999938964844,364.0,360.1000061035156,361.5,30979,23.718599099010675
2023-09-27,360.1000061035156,365.5,359.79998779296875,362.1499938964844,53655,14.334069062056102
2023-09-28,364.25,367.0,357.79998779296875,359.0,81134,14.158292756613164
2023-09-29,362.04998779296875,364.0,355.0,360.1000061035156,97695,15.333324969253525
2023-10-03,360.5,363.29998779296875,356.1000061035156,358.3500061035156,40960,17.142848477703026
2023-10-04,359.79998779296875,360.04998779296875,344.3999938964844,353.3999938964844,114239,23.019169320941685
2023-10-05,358.70001220703125,359.0,354.04998779296875,355.95001220703125,26446,25.5645259734123
2023-10-06,357.0,360.29998779296875,355.1000061035156,356.95001220703125,51357,17.736205213011047
2023-10-09,352.79998779296875,358.1000061035156,348.6000061035156,353.75,56264,27.949443740559715
2023-10-10,353.75,358.0,343.6000061035156,347.95001220703125,69611,25.480172961516615
2023-10-11,350.95001220703125,355.1000061035156,348.8500061035156,351.1499938964844,68460,35.11348551657035
2023-10-12,352.0,358.0,352.0,353.1499938964844,46737,40.292530418147564
2023-10-13,350.6499938964844,353.29998779296875,345.54998779296875,346.70001220703125,70474,37.45364834227988
2023-10-16,346.70001220703125,349.45001220703125,343.70001220703125,348.1499938964844,83084,34.625323608709266
2023-10-17,349.8999938964844,351.95001220703125,345.0,346.70001220703125,54727,30.878544617228656
2023-10-18,350.1499938964844,371.0,347.54998779296875,363.6499938964844,828949,51.36363787690639
2023-10-19,365.0,368.95001220703125,357.0,359.1499938964844,93512,50.13309143096983
2023-10-20,362.0,363.54998779296875,354.0,357.6499938964844,70674,47.8413966149382
2023-10-23,355.25,357.0,335.0,338.5,155214,36.61495342103802
2023-10-25,343.54998779296875,345.70001220703125,337.1000061035156,340.54998779296875,87703,40.98244027006272
2023-10-26,337.04998779296875,340.54998779296875,330.79998779296875,337.5,91724,37.14282676194122
2023-10-27,338.3999938964844,346.54998779296875,338.3999938964844,343.04998779296875,48101,40.89118684390091
2023-10-30,343.04998779296875,343.1000061035156,338.6000061035156,340.79998779296875,29254,41.40674360810412
2023-10-31,340.54998779296875,349.70001220703125,338.3999938964844,339.54998779296875,52652,44.06776811769118
2023-11-01,343.45001220703125,343.45001220703125,338.0,340.6499938964844,36617,42.358066381835485
2023-11-02,342.54998779296875,344.6000061035156,339.54998779296875,341.0,28120,40.939587845929005
2023-11-03,342.0,354.5,340.45001220703125,350.45001220703125,77981,52.67666232754609
2023-11-06,351.8999938964844,353.70001220703125,349.0,351.1499938964844,34465,52.164504452136235
2023-11-07,352.04998779296875,359.45001220703125,351.5,356.29998779296875,64802,56.57533124141431
2023-11-08,360.3999938964844,364.70001220703125,354.1499938964844,359.8500061035156,96916,46.81208947184087
2023-11-09,362.1000061035156,370.8999938964844,353.8500061035156,357.54998779296875,330649,48.60626631215232
2023-11-10,360.0,361.1000061035156,353.25,357.1000061035156,64007,49.51198932452954
2023-11-13,362.70001220703125,375.54998779296875,356.6499938964844,371.79998779296875,193805,82.08093573193435
2023-11-15,373.04998779296875,374.95001220703125,364.5,366.95001220703125,135815,74.1316709142115
2023-11-16,369.6499938964844,369.6499938964844,359.70001220703125,361.75,60513,71.32806544775238
2023-11-17,364.70001220703125,364.95001220703125,358.1000061035156,359.3500061035156,43318,65.17693097626164
2023-11-20,361.0,362.95001220703125,355.8500061035156,356.79998779296875,39565,64.81481481481481
2023-11-21,358.8999938964844,368.04998779296875,354.6000061035156,357.29998779296875,96526,66.66666666666666
2023-11-22,356.1000061035156,364.0,355.0,358.95001220703125,90714,67.00744617307998
2023-11-23,358.95001220703125,364.04998779296875,357.04998779296875,358.54998779296875,68833,66.2952422079637
2023-11-24,359.0,364.8500061035156,358.3999938964844,362.6499938964844,82331,62.57729279678641
2023-11-28,364.0,377.8500061035156,360.5,366.25,332728,64.68870619262746
2023-11-29,368.45001220703125,369.5,359.6499938964844,361.25,59996,54.829274450654474
2023-11-30,364.8500061035156,371.0,321.20001220703125,367.29998779296875,257399,56.9302115903141
2023-12-01,374.0,385.75,367.29998779296875,375.04998779296875,808510,64.78040235768862
2023-12-04,385.0,394.0,378.6000061035156,390.1499938964844,738182,72.37641936627605
2023-12-05,392.95001220703125,398.54998779296875,383.6000061035156,387.6499938964844,456723,62.854819124727925
2023-12-06,387.29998779296875,388.20001220703125,380.0,380.95001220703125,152410,61.023611451529966
2023-12-07,384.0,384.0,374.1499938964844,376.0,141039,61.26481126403928
2023-12-08,380.0,380.0,370.5,373.79998779296875,117596,61.459130455827015
2023-12-11,379.95001220703125,380.0,366.0,366.8500061035156,197386,57.44997178992157
2023-12-12,370.6000061035156,376.95001220703125,363.79998779296875,366.54998779296875,135361,56.877317178317796
2023-12-13,366.54998779296875,368.5,361.25,362.5,78880,52.5484469121392
2023-12-14,364.3999938964844,368.95001220703125,360.0,361.1499938964844,93634,51.84136393678452
2023-12-15,363.0,365.20001220703125,359.20001220703125,361.04998779296875,83969,48.79879432666361
2023-12-18,367.8999938964844,371.0,364.75,367.8500061035156,188326,51.146135876639065
2023-12-19,369.70001220703125,370.8999938964844,364.54998779296875,365.54998779296875,108494,53.20416203142353
2023-12-20,368.95001220703125,371.0,350.0,352.3500061035156,245896,39.932676400776806
2023-12-21,354.79998779296875,364.0,346.3999938964844,361.79998779296875,123344,41.27715742567494
2023-12-22,363.0,376.95001220703125,361.0,368.20001220703125,371729,33.680318417316
2023-12-26,374.0,374.0,365.04998779296875,368.1499938964844,99972,34.95371504138707
2023-12-27,366.0,371.0,365.20001220703125,366.54998779296875,111569,37.939692841208604
2023-12-28,370.0,370.0,360.0,361.3999938964844,76304,37.81302778421698
2023-12-29,364.95001220703125,364.95001220703125,358.0,360.6499938964844,81283,38.75108273364204
2024-01-01,358.0,367.3999938964844,358.0,365.79998779296875,62114,49.07324157777611
2024-01-02,365.0,368.0,361.0,363.1499938964844,85369,47.11865073063699
2024-01-03,360.29998779296875,365.29998779296875,357.8500061035156,358.8500061035156,101234,46.91983796075725
2024-01-04,359.45001220703125,365.1499938964844,359.45001220703125,360.6499938964844,180943,49.581239616613416
2024-01-05,364.95001220703125,369.0,361.0,364.54998779296875,152691,52.75590551181102
2024-01-08,364.8999938964844,367.5,360.29998779296875,362.5,106412,45.446800951006146
2024-01-09,360.6000061035156,367.0,360.6000061035156,364.54998779296875,71907,49.145298253558046
2024-01-10,365.0,366.3999938964844,360.1000061035156,364.6499938964844,73841,63.546252989582335
2024-01-11,370.1000061035156,371.0,364.45001220703125,367.8999938964844,160736,57.78062366436876
2024-01-12,367.8999938964844,371.0,364.79998779296875,366.3999938964844,131614,47.376063334285334
2024-01-15,370.0,397.8500061035156,366.45001220703125,389.3999938964844,679054,68.55897175108717
2024-01-16,391.8500061035156,393.0,376.6000061035156,381.3999938964844,557997,61.665374522757794
2024-01-17,377.0,378.54998779296875,371.0,373.3999938964844,175333,59.02256467208488
2024-01-18,374.0,376.20001220703125,360.04998779296875,372.70001220703125,207373,59.06699224912293
2024-01-19,374.6000061035156,377.20001220703125,366.6499938964844,367.95001220703125,140696,51.627575168967304
2024-01-23,379.0,382.0,363.0,365.45001220703125,144935,51.74508395584162
2024-01-24,361.79998779296875,371.0,361.79998779296875,364.8999938964844,82543,54.86724968451238
2024-01-25,364.8999938964844,373.0,364.70001220703125,367.79998779296875,60327,55.65217181525397
2024-01-29,370.0,371.75,367.3500061035156,369.0,158735,53.674659871317104
2024-01-30,370.0,372.1000061035156,366.6000061035156,369.54998779296875,129860,55.96950825602729
2024-01-31,370.0,379.95001220703125,370.0,371.8999938964844,198614,56.192085381336
2024-02-01,374.1000061035156,377.8999938964844,366.54998779296875,368.1499938964844,164509,52.77777777777778
2024-02-02,370.0,379.04998779296875,366.54998779296875,376.25,230666,56.153283236833026
2024-02-05,378.0,392.95001220703125,378.0,388.45001220703125,585668,64.03565446883303
2024-02-06,392.8999938964844,394.8999938964844,384.04998779296875,392.1499938964844,335989,52.32067510548523
2024-02-07,394.8999938964844,395.8500061035156,385.20001220703125,394.0,269701,61.8644111631104
2024-02-08,397.8500061035156,397.95001220703125,384.79998779296875,389.0,238072,65.56886647007907
2024-02-09,389.04998779296875,390.6499938964844,367.25,374.54998779296875,226553,51.44868795997396
2024-02-12,378.54998779296875,378.54998779296875,361.6000061035156,362.79998779296875,154142,46.36554569364244
2024-02-13,368.1000061035156,369.0,358.04998779296875,362.3500061035156,153812,47.747089187154764
2024-02-14,352.0,374.45001220703125,351.95001220703125,368.3999938964844,482364,52.35531667229373
2024-02-15,370.20001220703125,373.95001220703125,365.79998779296875,368.6000061035156,115145,50.558671956948054
2024-02-16,370.3999938964844,374.0,368.0,371.75,102693,51.86947685684245
2024-02-19,372.1499938964844,382.3999938964844,372.1499938964844,376.8500061035156,165167,54.673506875832544
2024-02-20,377.8500061035156,378.70001220703125,370.1000061035156,372.8999938964844,88606,50.62735247605883
2024-02-21,374.54998779296875,377.5,368.04998779296875,369.1000061035156,132035,50.59561893857759
2024-02-22,370.04998779296875,372.1499938964844,364.29998779296875,365.3999938964844,47545,42.80026196108736
2024-02-23,365.5,368.3500061035156,364.0,367.29998779296875,55640,33.74325258801309
2024-02-26,370.0,370.5,364.3500061035156,365.5,43802,28.899448557216715
2024-02-27,366.0,367.3500061035156,357.20001220703125,359.04998779296875,91767,24.20663305754151
2024-02-28,359.04998779296875,362.6499938964844,351.04998779296875,353.45001220703125,103356,23.99414740955453
2024-02-29,353.0,356.79998779296875,350.95001220703125,353.1000061035156,71660,30.230420501523625
2024-03-01,353.1000061035156,359.1000061035156,353.1000061035156,356.70001220703125,51178,43.38397091494528
2024-03-04,358.0,359.45001220703125,353.0,356.3500061035156,58713,43.47826086956522
2024-03-05,356.3500061035156,359.0,353.54998779296875,355.79998779296875,48428,34.444448630666
2024-03-06,356.95001220703125,357.29998779296875,345.04998779296875,346.3500061035156,69956,27.63819095477386
2024-03-07,348.1000061035156,352.6499938964844,346.45001220703125,349.6499938964844,44257,27.855702598520097
2024-03-11,351.0,354.75,342.79998779296875,346.45001220703125,86871,18.33331955802889
2024-03-12,346.45001220703125,348.75,335.04998779296875,338.0,112431,16.761891253889544
2024-03-13,336.1000061035156,339.8500061035156,321.0,322.79998779296875,201175,13.77150020894274
2024-03-14,322.79998779296875,338.8500061035156,322.79998779296875,334.54998779296875,172929,28.561491345009046
2024-03-15,335.0,345.95001220703125,335.0,342.3999938964844,151500,34.017974423995355
2024-03-18,343.45001220703125,347.8500061035156,339.29998779296875,343.0,145384,35.33246648040469
2024-03-19,344.0,345.0,330.1000061035156,332.3999938964844,230634,33.51886710907401
2024-03-20,332.6499938964844,338.0,327.54998779296875,329.8999938964844,112547,34.855299635398495
2024-03-21,326.79998779296875,334.20001220703125,326.79998779296875,329.04998779296875,84603,34.63258215270328
2024-03-22,326.3999938964844,331.95001220703125,324.95001220703125,326.6499938964844,116846,30.499668287273124
2024-03-26,322.3999938964844,328.0,322.0,322.6499938964844,162024,29.12019386033313
2024-03-27,324.29998779296875,324.29998779296875,313.04998779296875,315.25,258650,26.8418084255716
2024-03-28,318.45001220703125,333.8999938964844,315.25,322.1000061035156,252615,35.72690022639405
2024-04-01,323.1499938964844,339.45001220703125,323.1499938964844,338.6000061035156,125857,44.37086854591472
2024-04-02,340.0,351.5,340.0,347.79998779296875,110228,50.64809182404532
2024-04-03,346.0,359.20001220703125,345.0,355.70001220703125,94346,58.54247391425506
2024-04-04,356.8999938964844,361.0,351.3500061035156,357.29998779296875,132691,69.16666666666666
2024-04-05,357.3500061035156,359.3500061035156,351.95001220703125,355.6000061035156,67098,63.164492264870496
2024-04-08,357.3999938964844,364.0,350.75,353.04998779296875,45355,57.133285175650855
2024-04-09,358.20001220703125,359.0,352.0,357.8500061035156,39726,59.4166169651403
2024-04-10,358.0,372.3999938964844,352.25,354.3999938964844,376636,65.34169892222317
2024-04-12,355.6000061035156,373.5,355.20001220703125,367.1000061035156,368420,72.71062339307672
2024-04-15,364.8999938964844,372.0,354.1499938964844,361.0,169389,68.33046658439937
2024-04-16,359.1000061035156,374.0,356.8500061035156,369.6499938964844,194990,73.01926593154393
2024-04-18,370.0,383.5,370.0,374.8999938964844,402608,77.60168331886717
2024-04-19,372.0,379.5,366.6499938964844,374.70001220703125,100499,83.99085415007598
2024-04-22,369.20001220703125,378.3999938964844,369.20001220703125,373.95001220703125,94646,81.86847093627622
2024-04-23,377.0,377.1499938964844,370.0,371.1000061035156,59982,74.00294988176131
2024-04-24,373.0,390.0,372.6000061035156,387.6499938964844,368316,76.5489649440335
2024-04-25,382.04998779296875,384.04998779296875,372.0,373.04998779296875,182150,60.61160586295871
2024-04-26,376.79998779296875,378.6000061035156,372.20001220703125,376.54998779296875,90541,61.506272792410485
2024-04-29,377.0,380.20001220703125,370.0,370.95001220703125,62382,58.76642084132292
2024-04-30,372.79998779296875,374.8999938964844,364.5,365.1499938964844,56823,56.66299761203361
2024-05-02,364.5,368.0,358.0,363.6000061035156,130895,53.283838264830564
2024-05-03,366.20001220703125,368.45001220703125,361.0,364.0,78430,55.68047903586088
2024-05-06,362.0,366.3999938964844,360.0,365.04998779296875,50154,48.59298568542281
2024-05-07,366.8500061035156,371.29998779296875,360.0,361.29998779296875,94549,50.212757484171966
2024-05-08,361.3500061035156,367.8999938964844,359.5,364.8500061035156,33530,46.33028250707177
2024-05-09,366.0,366.0,352.29998779296875,353.75,43504,35.15789266288576
2024-05-10,353.75,369.70001220703125,352.75,364.54998779296875,75052,43.799616712526934
2024-05-13,364.54998779296875,369.70001220703125,355.1499938964844,366.45001220703125,42679,45.48192771084338
2024-05-14,366.8500061035156,369.95001220703125,362.1499938964844,368.54998779296875,58320,48.449836318120546
2024-05-15,372.0,372.0,363.54998779296875,365.70001220703125,32979,33.98979185262516
2024-05-16,365.70001220703125,375.70001220703125,365.70001220703125,373.04998779296875,77355,50.0
2024-05-17,373.04998779296875,380.0,371.29998779296875,376.8500061035156,366862,50.24352157312311
2024-05-21,390.0,415.5,384.0,402.1499938964844,841776,69.18819070455854
2024-05-22,404.0,411.95001220703125,399.20001220703125,403.75,342348,75.0324472146456
2024-05-23,405.0,406.0,393.5,399.3999938964844,160003,72.40300638386776
2024-05-24,400.0,405.20001220703125,394.04998779296875,396.6499938964844,161533,69.84802797006643
2024-05-27,396.6499938964844,398.45001220703125,380.70001220703125,383.29998779296875,186582,59.65097956435547
2024-05-28,385.29998779296875,387.79998779296875,370.45001220703125,372.75,149958,55.64874936616164
2024-05-29,373.45001220703125,376.0,366.0,369.25,106512,52.171764932004216
2024-05-30,381.5,405.0,380.3999938964844,384.8999938964844,828601,64.7142229863073
2024-05-31,385.8500061035156,398.29998779296875,385.04998779296875,386.8999938964844,223667,61.51469136668183
2024-06-03,395.0,404.0,388.04998779296875,396.5,720189,64.34367794861157
2024-06-04,397.0,397.04998779296875,365.0,375.6000061035156,391007,52.8531043093898
2024-06-05,379.0,385.70001220703125,367.0,383.5,119554,56.92068086011176
2024-06-06,384.1000061035156,393.1499938964844,381.1000061035156,390.70001220703125,144015,56.87038642924175
2024-06-07,390.6499938964844,397.54998779296875,388.79998779296875,393.0,282068,56.36077047099965
2024-06-10,395.0,420.5,393.95001220703125,407.95001220703125,818380,52.487143227676036
2024-06-11,411.04998779296875,429.0,411.0,419.3500061035156,640816,56.17088878829033
2024-06-12,423.3999938964844,427.70001220703125,415.1499938964844,416.79998779296875,208231,56.98234070792451
2024-06-13,421.0,425.0,415.1499938964844,419.79998779296875,173751,59.27112245284564
2024-06-14,423.95001220703125,444.0,418.6499938964844,435.75,785167,70.57669956195487
2024-06-18,438.0,444.8500061035156,431.3999938964844,435.1000061035156,231710,76.52062798442007
2024-06-19,441.6000061035156,451.1499938964844,436.3999938964844,444.04998779296875,601263,80.40649910283283
2024-06-20,447.0,453.1000061035156,440.1000061035156,443.1499938964844,223592,76.905311778291
2024-06-21,446.6000061035156,448.20001220703125,434.79998779296875,437.20001220703125,156487,72.41534158613642
2024-06-24,435.95001220703125,458.6000061035156,428.5,451.6000061035156,351776,73.5470172972113
2024-06-25,444.6499938964844,448.95001220703125,441.6000061035156,445.29998779296875,171279,84.03319621283985
2024-06-26,445.29998779296875,449.0,442.0,445.1000061035156,109140,82.52376875083182
2024-06-27,445.1000061035156,454.5,429.0,435.1000061035156,248551,72.76923476601148
2024-06-28,437.70001220703125,444.6000061035156,434.8500061035156,441.70001220703125,91703,73.9194587655908
2024-07-01,447.29998779296875,457.3999938964844,441.70001220703125,445.75,251906,70.79208086993597
2024-07-02,447.54998779296875,450.0,439.0,440.1499938964844,101043,62.22091290259188
2024-07-03,442.45001220703125,445.0,429.8500061035156,432.95001220703125,179773,58.99723420446485
2024-07-04,435.5,439.75,430.79998779296875,433.1499938964844,110376,57.67683627716795
2024-07-05,433.1499938964844,437.25,428.1499938964844,431.54998779296875,180171,47.107426204962344
2024-07-08,433.6000061035156,435.79998779296875,426.25,433.1499938964844,95385,48.674361557522474
2024-07-09,433.1499938964844,440.0,430.0,432.54998779296875,67465,41.18097499054516
2024-07-10,434.79998779296875,434.79998779296875,415.54998779296875,429.54998779296875,158269,39.89597716394933
2024-07-11,428.29998779296875,439.6499938964844,428.29998779296875,433.25,99686,46.96386399056465
2024-07-12,433.25,438.04998779296875,433.1000061035156,434.29998779296875,81336,33.268835166651414
2024-07-15,434.29998779296875,436.20001220703125,423.54998779296875,426.1000061035156,362524,32.08955096412302
2024-07-16,429.29998779296875,433.1499938964844,423.70001220703125,426.1499938964844,52120,32.27312486582531
2024-07-18,426.1499938964844,428.3999938964844,415.0,425.8999938964844,130105,39.47365848208051
2024-07-19,428.0,428.0,415.0,416.45001220703125,78623,22.87858246118263
2024-07-22,410.20001220703125,421.0,408.8999938964844,417.79998779296875,64671,18.129912574101823
2024-07-23,419.1499938964844,425.3999938964844,400.0,422.1499938964844,109376,28.873197059417706
2024-07-24,422.0,425.25,415.75,417.6499938964844,53130,30.8270124617478
2024-07-25,415.0,437.3999938964844,414.6499938964844,430.04998779296875,204597,47.024943021102835
2024-07-26,430.04998779296875,440.0,428.25,432.6499938964844,95309,51.035788362963
2024-07-29,431.0,440.0,427.70001220703125,431.54998779296875,64143,48.479080062311624
2024-07-30,431.54998779296875,439.0,429.04998779296875,431.1000061035156,67348,48.61774653672966
2024-07-31,434.1499938964844,445.79998779296875,430.04998779296875,443.1000061035156,217535,61.025252893959106
2024-08-01,444.0,456.0,434.0,437.45001220703125,300694,53.31231756813999
2024-08-02,437.45001220703125,440.0,427.5,433.0,196289,49.02695417789757
2024-08-05,429.1000061035156,433.0,412.1000061035156,415.3500061035156,189007,42.95081402953223
2024-08-06,419.0,425.20001220703125,408.70001220703125,411.5,127036,40.84946801027953
2024-08-07,413.70001220703125,440.0,413.70001220703125,437.3500061035156,148443,55.418843433937866
2024-08-08,442.1499938964844,455.6000061035156,438.0,453.3500061035156,317851,66.44385023101702
2024-08-09,471.0,482.0,465.0,468.95001220703125,522721,70.22539322903216
2024-08-12,469.79998779296875,481.0,468.70001220703125,475.1499938964844,160525,70.65471747570368
2024-08-13,475.8999938964844,480.5,450.0,460.1000061035156,190067,65.28628724200169
2024-08-14,453.8500061035156,463.0,441.8500061035156,448.20001220703125,182100,56.55946064941241
2024-08-16,449.5,456.04998779296875,445.3999938964844,452.5,60797,57.086759071437314
2024-08-19,458.3999938964844,465.54998779296875,452.0,459.20001220703125,92601,59.491943483065405
2024-08-20,460.95001220703125,462.8999938964844,452.8500061035156,454.8500061035156,48530,57.94048877920291
2024-08-21,458.95001220703125,460.0,446.1000061035156,450.6499938964844,96675,52.663135023974874
2024-08-22,457.3999938964844,468.79998779296875,455.0,467.04998779296875,186823,59.70491002817623
2024-08-23,477.0,489.0,457.04998779296875,461.29998779296875,404605,59.200256839767626
2024-08-26,463.5,463.5,448.0,448.29998779296875,140104,61.04592123293066
2024-08-27,450.95001220703125,452.95001220703125,440.25,441.8500061035156,89928,60.000004022086884
2024-08-28,445.3500061035156,454.0,438.5,439.6499938964844,80901,50.89773155008362
2024-08-29,441.95001220703125,443.0,431.0,433.0,101385,41.43157417546623
2024-08-30,433.54998779296875,440.8999938964844,430.0,436.75,102652,34.93918464083167
2024-09-02,443.29998779296875,444.70001220703125,432.8999938964844,435.5,95640,30.554192732833897
2024-09-03,435.5,436.79998779296875,430.20001220703125,431.45001220703125,51278,34.249587870006835
2024-09-04,430.20001220703125,435.0,427.29998779296875,430.79998779296875,81336,39.084051600353796
2024-09-05,431.04998779296875,450.0,431.04998779296875,439.54998779296875,149387,42.305401990550614
2024-09-06,437.1000061035156,441.04998779296875,430.0,430.8999938964844,122425,33.56561190220907
2024-09-09,435.0,438.5,422.79998779296875,433.75,74431,37.52954811983235
2024-09-10,433.75,436.04998779296875,429.0,432.0,56773,38.64881601818202
2024-09-11,433.45001220703125,438.95001220703125,428.95001220703125,435.6499938964844,88877,27.37752402160153
2024-09-12,435.6499938964844,439.0,432.8500061035156,437.5,50425,31.832070387046755
2024-09-13,434.6499938964844,450.0,434.6499938964844,444.70001220703125,63647,46.98494568690096
2024-09-16,446.75,449.70001220703125,441.1000061035156,447.75,63663,55.23977973145624
2024-09-17,451.95001220703125,455.0,446.0,452.54998779296875,119320,60.95075996031159
2024-09-18,453.0,460.0,453.0,458.8999938964844,149730,72.09896859970681
2024-09-19,455.25,462.45001220703125,445.0,453.95001220703125,167048,64.38128404522317
2024-09-20,450.04998779296875,459.95001220703125,447.1000061035156,450.54998779296875,83690,62.14688040954138
2024-09-23,450.0,456.04998779296875,450.0,450.6000061035156,46363,66.52284709045782
2024-09-24,448.75,458.79998779296875,448.6000061035156,454.29998779296875,63659,69.26229508196721
2024-09-25,456.54998779296875,456.54998779296875,450.20001220703125,452.04998779296875,45611,61.46788990825688
2024-09-26,454.25,460.0,450.0,452.54998779296875,126546,73.35489864675793
2024-09-27,452.54998779296875,454.5,437.3500061035156,440.1499938964844,64658,55.72450321581062
2024-09-30,440.45001220703125,446.0,431.0,444.3500061035156,75856,60.58269478293296
2024-10-01,444.6499938964844,446.29998779296875,432.95001220703125,436.1499938964844,41426,50.39745612554025
2024-10-03,430.04998779296875,435.54998779296875,420.0,420.3999938964844,56971,38.86718618062666
2024-10-04,422.6000061035156,426.6499938964844,404.5,405.8500061035156,155578,26.916215733000357
2024-10-07,405.0,407.6499938964844,380.04998779296875,388.3999938964844,85796,19.888384030282836
2024-10-08,388.45001220703125,408.5,386.54998779296875,407.20001220703125,90246,29.85341807572587
2024-10-09,408.0,418.5,407.0,413.1000061035156,63826,29.571823001371513
2024-10-10,414.75,420.0,411.04998779296875,418.1499938964844,57706,34.04634372626016
2024-10-11,419.20001220703125,420.0,414.0,419.04998779296875,97862,35.64266340255658
2024-10-14,420.0,421.29998779296875,411.6000061035156,413.04998779296875,93860,33.76566351393109
2024-10-15,412.8999938964844,420.0,412.8999938964844,419.54998779296875,45794,35.33136495618815
2024-10-16,416.79998779296875,425.0,416.79998779296875,424.75,58211,38.756185213004606
2024-10-17,427.45001220703125,430.8500061035156,420.0,422.0,33192,37.646590472692885
2024-10-18,422.1000061035156,422.1000061035156,420.0,420.1499938964844,40394,41.15826988323455
2024-10-21,422.0,422.0,409.1000061035156,416.0,53382,37.46129964099672
2024-10-22,415.5,415.5,398.8500061035156,406.45001220703125,57226,37.019238079537246
2024-10-23,406.3999938964844,410.0,399.6499938964844,407.04998779296875,33497,43.27455405118283
2024-10-24,408.1000061035156,410.0,400.0,408.6000061035156,48957,51.594202898550726
2024-10-25,411.45001220703125,411.54998779296875,391.54998779296875,400.79998779296875,60424,58.0939901491178
2024-10-28,400.70001220703125,402.0,387.8999938964844,399.6000061035156,55047,43.55931353000113
2024-10-29,399.6000061035156,400.0,390.54998779296875,398.0,46719,36.197430385587225
2024-10-30,400.0,401.95001220703125,393.3500061035156,399.1000061035156,44284,31.231539120227836
2024-10-31,399.1000061035156,400.0,393.6499938964844,395.6499938964844,40159,28.04879375449103
2024-11-01,398.54998779296875,403.1499938964844,398.5,399.8500061035156,13272,37.184491390788914
2024-11-04,399.8500061035156,399.8500061035156,388.0,388.95001220703125,56325,22.629729676612072
2024-11-05,388.95001220703125,399.0,387.04998779296875,398.1000061035156,37589,27.73601405287164
2024-11-06,398.1000061035156,417.0,396.8999938964844,412.6000061035156,57440,43.43575901174202
2024-11-07,413.95001220703125,421.45001220703125,405.8999938964844,418.5,67355,48.909455367080305
2024-11-08,418.5,422.8999938964844,408.0,408.75,73030,45.53846153846154
2024-11-11,408.0,409.95001220703125,406.0,406.29998779296875,21995,49.898837245673214
2024-11-12,408.0,410.3500061035156,393.5,396.29998779296875,14940,43.56673027078993
2024-11-13,396.29998779296875,396.29998779296875,382.3500061035156,385.8999938964844,28070,37.71644685649211
2024-11-14,381.0,395.70001220703125,381.0,388.6000061035156,18483,43.01261218178964
2024-11-18,378.3500061035156,400.0,378.3500061035156,388.70001220703125,75137,43.6775008735741
2024-11-19,386.79998779296875,400.0,385.29998779296875,399.0,72599,50.526870254340956
2024-11-21,398.0,398.0,386.0,392.04998779296875,26105,46.50123266745967
2024-11-22,393.20001220703125,400.0,392.04998779296875,397.5,32637,50.90024601170271
2024-11-25,402.0,407.0,394.04998779296875,396.1000061035156,30898,48.12406226012637
2024-11-26,397.6000061035156,400.0,392.0,397.95001220703125,25948,54.9504937198937
2024-11-27,400.0,400.0,395.0,399.1000061035156,25508,50.603136131182104
2024-11-28,399.1000061035156,404.0,395.0,398.70001220703125,45786,39.89826293814115
2024-11-29,400.20001220703125,400.20001220703125,395.0,398.70001220703125,26721,34.26074713212505
2024-12-02,398.70001220703125,414.20001220703125,398.70001220703125,404.0,62747,45.936698881109386
2024-12-03,405.79998779296875,423.8999938964844,405.5,419.25,58032,59.08772786458334
2024-12-04,421.3500061035156,423.0,415.3500061035156,417.6499938964844,74416,66.98488785215994
2024-12-05,421.3500061035156,422.45001220703125,412.5,413.6000061035156,29341,74.51328513896571
2024-12-06,416.45001220703125,419.04998779296875,412.25,415.70001220703125,27798,74.23972188055998
2024-12-09,419.79998779296875,421.5,412.0,415.1000061035156,26407,73.4042524410007
2024-12-10,417.0,417.79998779296875,411.0,416.04998779296875,18100,68.1190140452244
2024-12-11,418.79998779296875,430.0,413.54998779296875,428.54998779296875,134504,84.6958335944154
2024-12-12,430.0,435.0,425.0,429.04998779296875,101472,83.1059937466136
2024-12-13,429.04998779296875,430.0,417.0,423.8500061035156,69168,76.96795562283204
2024-12-16,425.0,431.3500061035156,415.6000061035156,418.75,24749,69.01280288862804
2024-12-17,420.04998779296875,420.04998779296875,413.29998779296875,415.5,22716,64.43662520463718
2024-12-18,419.0,419.3999938964844,406.0,407.0,24880,56.39444720832185
2024-12-19,401.3999938964844,417.70001220703125,399.54998779296875,415.0,42777,61.179695460371924
2024-12-20,416.20001220703125,416.95001220703125,400.1000061035156,404.29998779296875,48384,50.19156311605178
2024-12-23,407.0,411.1499938964844,390.0,397.45001220703125,78331,34.40629526885607
2024-12-24,399.3999938964844,399.3999938964844,387.79998779296875,394.70001220703125,132062,33.84940500351135
2024-12-26,397.79998779296875,397.79998779296875,385.95001220703125,386.95001220703125,44856,32.173909848383715
2024-12-27,385.0,390.5,378.0,379.54998779296875,52464,27.42034358109062
2024-12-30,375.0,379.8999938964844,374.0,375.54998779296875,73531,26.303159383709342
2024-12-31,374.75,380.04998779296875,374.0,377.3999938964844,32028,27.089513278130354
2025-01-01,379.95001220703125,386.5,379.79998779296875,383.75,15850,21.355510997643663
2025-01-02,387.1499938964844,389.3999938964844,382.5,387.8999938964844,37483,24.862559054398844
2025-01-03,390.0,402.45001220703125,385.0,399.1000061035156,48555,35.9134947736281
2025-01-06,399.1000061035156,401.04998779296875,386.04998779296875,388.0,48204,33.61748108626277
2025-01-07,386.0,397.8999938964844,385.3500061035156,390.95001220703125,48548,36.87868787857436
2025-01-08,393.3500061035156,397.0,389.3999938964844,391.6000061035156,46388,41.015177235108794
2025-01-09,391.0,406.0,389.29998779296875,393.75,75949,36.69380697917774
2025-01-10,389.79998779296875,395.04998779296875,386.25,389.20001220703125,61887,39.75578488133757
2025-01-13,388.1000061035156,389.0,378.1000061035156,381.6000061035156,107114,39.35527400424417
2025-01-14,376.20001220703125,394.3999938964844,376.20001220703125,393.29998779296875,57907,49.1606570718063
2025-01-15,389.0,395.0,388.0,392.45001220703125,43700,53.594771241830074
2025-01-16,392.5,397.1000061035156,388.20001220703125,388.8999938964844,16169,56.43496688852997
2025-01-17,388.8999938964844,396.45001220703125,380.20001220703125,382.29998779296875,21571,54.48504983388704
2025-01-20,382.20001220703125,387.0,376.29998779296875,382.54998779296875,40442,53.49626226970414
2025-01-21,381.0,385.54998779296875,376.0,381.54998779296875,30720,48.38944904814629
2025-01-22,378.1000061035156,390.1000061035156,378.0,381.70001220703125,43588,45.17886475590928
2025-01-23,379.5,384.04998779296875,377.0,378.3500061035156,14289,31.620907428771602
2025-01-24,381.3500061035156,383.8500061035156,374.0,381.95001220703125,26829,43.82023872907256
2025-01-27,376.8999938964844,380.3999938964844,366.5,370.70001220703125,27292,32.31441048034935
2025-01-28,371.1499938964844,372.75,355.0,356.1499938964844,43293,25.087842555943865
2025-01-29,356.1000061035156,373.0,354.8999938964844,370.8500061035156,25092,36.32020178781142
2025-01-30,370.8500061035156,378.25,365.0,370.79998779296875,11428,38.38383371326142
2025-01-31,373.0,392.0,366.54998779296875,388.75,60762,53.99217619276596
2025-02-01,387.0,392.29998779296875,381.54998779296875,389.1499938964844,11704,47.34824981406724
2025-02-03,386.54998779296875,388.79998779296875,370.04998779296875,372.75,29459,39.498939694343065
2025-02-04,372.75,379.1499938964844,371.1000061035156,376.04998779296875,19472,43.132017528264214
2025-02-05,379.0,390.0,375.1499938964844,388.3500061035156,17487,53.0478653550321
2025-02-06,387.8500061035156,405.0,381.6499938964844,398.04998779296875,31943,57.129710007400575
2025-02-07,392.1000061035156,411.0,385.54998779296875,409.25,101043,61.64844083264419
2025-02-10,408.29998779296875,408.29998779296875,396.79998779296875,400.75,83653,57.485256839171846
2025-02-11,402.0,402.0,380.0,382.3999938964844,48574,51.42354518637704
2025-02-12,387.70001220703125,387.70001220703125,367.54998779296875,380.70001220703125,39510,49.554684832974196
2025-02-13,380.70001220703125,383.1499938964844,367.1000061035156,370.95001220703125,46874,50.09002518331422
2025-02-14,368.6499938964844,373.25,365.79998779296875,366.54998779296875,29960,54.04040032789195
2025-02-17,360.20001220703125,364.20001220703125,354.54998779296875,359.3500061035156,39365,45.25577605538688
2025-02-18,355.6000061035156,364.5,350.54998779296875,353.1000061035156,27453,43.05338204967466
2025-02-19,358.0,389.0,349.04998779296875,350.3999938964844,302508,32.90235925518057
2025-02-20,350.3999938964844,355.75,332.8999938964844,339.1000061035156,154241,29.662741666753476
2025-02-21,335.54998779296875,345.0,334.1000061035156,335.45001220703125,46343,33.091572111966045
2025-02-24,335.45001220703125,343.70001220703125,332.1000061035156,333.29998779296875,49934,30.41686191574857
2025-02-25,330.0,338.8500061035156,330.0,336.0,32634,23.70668183093173
2025-02-27,336.0,342.0,335.6499938964844,340.3500061035156,52478,19.37369664569205
2025-02-28,334.79998779296875,334.79998779296875,328.54998779296875,330.45001220703125,64821,7.588822882461699
2025-03-03,333.25,334.04998779296875,325.04998779296875,325.8999938964844,30336,7.925817790075527
2025-03-04,327.5,332.95001220703125,323.0,325.20001220703125,100186,9.887821178166533
2025-03-05,325.20001220703125,333.3999938964844,324.29998779296875,326.75,156795,12.087144276251124
2025-03-06,328.0,334.45001220703125,328.0,331.8500061035156,133452,20.60151266157672
2025-03-07,331.8500061035156,336.0,329.79998779296875,332.25,33006,22.56000976562501
2025-03-10,332.25,336.0,322.0,322.1000061035156,120042,21.54316802709606
2025-03-11,315.0,324.8500061035156,315.0,316.6000061035156,65582,21.792895584621405
2025-03-12,316.6000061035156,333.0,308.0,329.5,313955,36.04806702296315
2025-03-13,328.75,334.04998779296875,321.1000061035156,329.75,443175,42.67814783889206
2025-03-17,330.0,337.04998779296875,323.04998779296875,324.20001220703125,86430,41.444866920152094
2025-03-18,324.20001220703125,324.20001220703125,324.20001220703125,324.20001220703125,0,42.845928396905244
2025-03-19,325.25,344.20001220703125,325.25,338.79998779296875,313413,51.854298050672966
2025-03-20,338.79998779296875,342.70001220703125,329.04998779296875,331.5,213379,44.359455032137824
2025-03-21,334.0,344.75,330.95001220703125,339.1000061035156,72191,55.679580776674044
2025-03-24,340.0,344.8999938964844,333.79998779296875,335.6000061035156,50547,56.458071400648706
2025-03-25,336.04998779296875,339.3999938964844,330.25,333.8999938964844,68308,55.716155039033254
2025-03-26,333.8999938964844,335.70001220703125,328.3999938964844,331.0,66824,52.743707346289035
2025-03-27,331.0,336.8500061035156,327.1000061035156,330.75,105416,49.24241946568977
2025-03-28,332.45001220703125,337.95001220703125,319.6499938964844,324.1499938964844,80673,44.86039943193899
2025-04-01,325.95001220703125,334.5,325.70001220703125,332.04998779296875,19147,56.49901191561596
2025-04-02,333.8999938964844,335.0,327.45001220703125,331.8999938964844,7516,60.744380818488864
2025-04-03,334.54998779296875,368.79998779296875,332.95001220703125,361.0,253649,68.02060251640931
2025-04-04,355.6000061035156,359.70001220703125,342.6000061035156,348.20001220703125,30849,59.229625422880105
2025-04-07,330.0,338.0,320.04998779296875,334.8500061035156,48597,54.94199392707103
2025-04-08,337.1000061035156,347.75,335.45001220703125,342.29998779296875,22195,57.855895511159055
2025-04-09,342.29998779296875,342.29998779296875,333.3500061035156,336.70001220703125,11662,49.011310474833046
2025-04-11,338.0,342.70001220703125,335.3999938964844,339.6000061035156,25620,53.9783936655314
2025-04-15,341.0,348.8500061035156,341.0,344.54998779296875,24438,52.74835369635374
2025-04-16,345.0,353.8999938964844,344.0,350.1000061035156,28605,57.164035077138344
2025-04-17,350.1000061035156,354.0,346.5,352.45001220703125,18441,59.10654311010994
2025-04-21,352.45001220703125,359.5,348.79998779296875,354.04998779296875,20926,61.461961503208066
2025-04-22,354.0,356.95001220703125,350.04998779296875,351.79998779296875,25611,60.26328758024447
2025-04-23,352.6000061035156,367.0,348.5,358.75,42016,66.81245319671098
2025-04-24,359.6499938964844,360.54998779296875,348.29998779296875,350.5,30699,58.93463589034828
2025-04-25,350.5,354.0,335.5,338.45001220703125,56251,52.84412597896817
2025-04-28,338.0,343.29998779296875,333.04998779296875,340.3999938964844,15934,38.29543890045052
2025-04-29,343.0,344.8500061035156,337.6000061035156,338.0,11430,43.42781994923694
2025-04-30,338.0,338.6000061035156,330.04998779296875,331.29998779296875,35347,47.498222494254556
2025-05-02,332.1499938964844,336.1499938964844,328.04998779296875,329.6499938964844,21523,40.291629368667245
2025-05-05,329.1499938964844,336.8500061035156,329.1499938964844,333.95001220703125,16070,47.84651444674501
2025-05-06,333.95001220703125,338.25,331.5,332.04998779296875,26334,43.99362165684456
2025-05-07,326.45001220703125,336.29998779296875,325.0,333.04998779296875,20881,40.23769504817527
2025-05-08,333.70001220703125,338.75,326.5,331.0,29758,32.76172544422637
2025-05-09,323.0,340.0,320.0,338.75,47281,38.73354033089493
2025-05-12,349.0,349.6000061035156,340.0,346.29998779296875,28866,44.19475655430711
2025-05-13,350.8999938964844,350.8999938964844,342.0,343.1000061035156,9116,43.57460558160795
2025-05-14,343.95001220703125,349.54998779296875,340.95001220703125,342.04998779296875,27303,36.488660594095386
2025-05-15,340.20001220703125,348.6499938964844,340.20001220703125,345.25,16124,45.37444933920705
2025-05-16,349.8999938964844,351.20001220703125,344.5,345.3500061035156,30770,57.700882897697355
2025-05-19,349.29998779296875,357.5,348.0,349.1000061035156,37464,59.334769710345185
2025-05-20,348.20001220703125,352.1000061035156,345.25,347.95001220703125,21722,60.970236132514145
2025-05-21,350.1499938964844,355.0,344.5,349.5,20608,72.63682422943138
2025-05-22,349.5,353.8999938964844,346.3500061035156,351.6499938964844,19762,77.02701892089276
2025-05-23,355.0,360.45001220703125,352.54998779296875,355.25,32664,76.62498474121094
2025-05-26,350.25,360.04998779296875,350.25,356.45001220703125,22914,81.0432977010084
2025-05-27,357.45001220703125,362.0,352.6000061035156,360.29998779296875,31844,82.32505774090083
2025-05-28,369.0,386.0,363.04998779296875,380.6499938964844,171579,91.0670049095705
2025-05-29,411.95001220703125,456.75,404.8500061035156,431.3500061035156,2686553,94.77756845721828
2025-05-30,436.0,459.0,435.0,450.04998779296875,643781,95.28590617901764
2025-06-02,453.0,473.1499938964844,443.54998779296875,468.95001220703125,475459,98.31093152278814
2025-06-03,467.8999938964844,467.8999938964844,441.6499938964844,445.70001220703125,184818,83.9947576630243
2025-06-04,446.70001220703125,465.54998779296875,446.70001220703125,461.5,165954,85.21660363459668
2025-06-05,466.0,494.95001220703125,462.70001220703125,483.04998779296875,505596,86.91689121226149
2025-06-06,483.04998779296875,528.4000244140625,483.04998779296875,509.0,576799,88.30857880342715
2025-06-09,509.0,526.4500122070312,499.0,518.0999755859375,236078,89.26840344794459
2025-06-10,518.0,526.4000244140625,509.5,512.0499877929688,101999,86.75107725757668
2025-06-11,514.7999877929688,521.7999877929688,504.1000061035156,511.6499938964844,169213,86.46308721658221
2025-06-12,511.75,513.0499877929688,495.29998779296875,498.29998779296875,114704,81.21318146501977
2025-06-13,475.1000061035156,505.29998779296875,475.0,496.3999938964844,135540,80.44377096714788
2025-06-16,503.0,505.29998779296875,485.6499938964844,493.45001220703125,121293,79.0784129309784
2025-06-17,510.0,553.0,504.8500061035156,543.4500122070312,930893,81.47719506814119
2025-06-18,554.0,556.0,522.5,531.2999877929688,416732,72.71074780631895
2025-06-19,534.0,538.8499755859375,499.95001220703125,517.0999755859375,288899,65.55323395735212
2025-06-20,520.0,539.9500122070312,510.25,530.9000244140625,160648,64.71846248839549
2025-06-23,530.9500122070312,534.9000244140625,512.0,514.8499755859375,122603,67.01105599347036
2025-06-24,521.7000122070312,545.5999755859375,521.0499877929688,532.0499877929688,286037,67.2367354839133
2025-06-25,532.0,548.75,527.25,542.0499877929688,159374,65.27705079285607
2025-06-26,545.0,546.0499877929688,522.4500122070312,532.25,98237,56.56964972491937
2025-06-27,534.9000244140625,546.7000122070312,520.0,524.4000244140625,166054,51.792841833207696
2025-06-30,545.0,558.0,539.1500244140625,548.4000244140625,261957,59.38549459887171
2025-07-01,551.0999755859375,622.0,545.0,570.5,2859094,63.663800268429895
2025-07-02,570.5,570.9500122070312,544.6500244140625,560.8499755859375,378272,64.77674522554739
2025-07-03,565.0,596.3499755859375,561.25,577.9000244140625,432441,67.96736774076007
2025-07-04,579.9000244140625,589.1500244140625,562.3499755859375,567.3499755859375,163651,65.76363010957415
2025-07-07,566.0499877929688,569.75,555.0,558.5499877929688,83680,53.907857225898084
2025-07-08,557.75,566.9500122070312,545.2999877929688,557.9500122070312,113251,57.33553617485105
2025-07-09,558.7000122070312,568.7999877929688,554.2000122070312,562.9500122070312,84100,63.2937085880592
2025-07-10,568.1500244140625,568.1500244140625,556.5499877929688,559.7999877929688,60419,58.93076135835948
2025-07-11,560.0,564.8499755859375,549.9000244140625,553.9000244140625,42781,62.87505523952421
2025-07-14,553.9000244140625,565.0,541.6500244140625,562.0,77333,60.50509111601219
2025-07-15,563.5999755859375,586.5,563.5999755859375,578.5999755859375,139045,62.252764588388054
2025-07-16,580.0,592.0,576.1500244140625,581.5,101718,67.31107205623901
2025-07-17,584.4500122070312,588.7999877929688,580.0,584.6500244140625,48411,71.9011190884
2025-07-18,582.6500244140625,582.6500244140625,563.75,575.7000122070312,52779,61.14284660851472
2025-07-21,577.3499755859375,589.7999877929688,570.5999755859375,578.75,63342,53.987430719689236
2025-07-22,581.0,599.0,580.6500244140625,584.4500122070312,128616,61.85930761025119
2025-07-23,587.75,597.1500244140625,576.8499755859375,592.5999755859375,116152,58.11255802046632
2025-07-24,604.1500244140625,611.9000244140625,591.0,596.0,211050,67.16599231739178
2025-07-25,597.8499755859375,609.2000122070312,587.7000122070312,594.6500244140625,145503,73.75004316634583
2025-07-28,602.9000244140625,602.9500122070312,575.0,578.4500122070312,100679,61.18995931432714
2025-07-29,583.0499877929688,583.0499877929688,563.5,581.1500244140625,74685,60.19037776871021
2025-07-30,586.4500122070312,589.7999877929688,572.9000244140625,579.8499755859375,57679,61.46368495952976
2025-07-31,570.0,581.1500244140625,553.0499877929688,575.0,77397,62.21063056927982
2025-08-01,569.25,594.2000122070312,556.5,559.5499877929688,68951,48.69332767361479
2025-08-04,561.0,571.7000122070312,555.6500244140625,564.3499755859375,55238,41.30568196206066
2025-08-05,561.5999755859375,579.9000244140625,546.2999877929688,550.8499755859375,87177,33.441378582639786
2025-08-06,549.4000244140625,561.7999877929688,540.4000244140625,542.3499755859375,52142,28.39630322806694
2025-08-07,545.0,549.8499755859375,524.0499877929688,542.4000244140625,71231,31.292154518964438
2025-08-08,545.0,550.0,525.9000244140625,528.6500244140625,61596,24.87465457310317
2025-08-11,535.75,543.4500122070312,522.0,537.4000244140625,65974,27.10464241141888
2025-08-12,543.0,543.0499877929688,495.3999938964844,500.29998779296875,207292,14.958278782542209
2025-08-13,500.0,520.2000122070312,499.95001220703125,517.0,82987,22.75864362317853
2025-08-14,518.0,532.0,509.45001220703125,527.2999877929688,73978,28.12602212487795
2025-08-18,528.9000244140625,532.2000122070312,516.2000122070312,522.5,100165,30.375317752931764
2025-08-19,522.0,536.0,516.0,525.75,78787,30.64291173750891
2025-08-20,532.9000244140625,546.2999877929688,525.3499755859375,541.0,64773,37.631339220895505
2025-08-21,544.0,544.0,521.9000244140625,531.0999755859375,74050,36.458976567936105
2025-08-22,529.9000244140625,536.0,520.75,533.0999755859375,50616,41.10326370580292
2025-08-25,538.4500122070312,539.6500244140625,517.9500122070312,524.6500244140625,108248,36.96653366911341
2025-08-26,525.0,527.2999877929688,516.7999877929688,521.3499755859375,48880,39.619993058920144
2025-08-28,520.4000244140625,527.0,517.25,521.6500244140625,23286,42.27037769734982
2025-08-29,526.75,535.75,517.5999755859375,531.1500244140625,92648,46.076040343210224
2025-09-01,532.0,563.9500122070312,529.25,546.5999755859375,130800,56.187502629917944
2025-09-02,538.4000244140625,558.2000122070312,538.4000244140625,549.0,59664,54.181676085232674
2025-09-03,554.0,561.0,549.5,559.9000244140625,38322,76.48889079378755
2025-09-04,568.7000122070312,568.7000122070312,558.4500122070312,560.5999755859375,32265,72.59066092535622
2025-09-05,564.7000122070312,574.0,560.0,563.2999877929688,27243,70.24746350592982
2025-09-08,568.7000122070312,577.4000244140625,562.1500244140625,573.7000122070312,49694,77.08993605199029
2025-09-09,568.7999877929688,575.0,565.5499877929688,569.5,50121,72.91774040287648
2025-09-10,571.0,574.0,554.7000122070312,556.75,52444,58.47229025789056
2025-09-11,556.0,565.7999877929688,553.2999877929688,560.2999877929688,40673,66.85912232046263
2025-09-12,560.0,573.9500122070312,555.0499877929688,567.5499877929688,47274,68.75340145434393
2025-09-15,566.0,569.25,553.2000122070312,555.25,31761,65.98743582384643
2025-09-16,556.0,564.9500122070312,548.9000244140625,560.2999877929688,38816,69.98461125088546
2025-09-17,563.0999755859375,570.0,555.0,555.9500122070312,26190,66.89655587125483
2025-09-18,558.75,561.7000122070312,548.7999877929688,552.7999877929688,28461,61.37675865028542
2025-09-19,554.0,557.9500122070312,549.1500244140625,551.7000122070312,19730,53.15596373242123
2025-09-22,545.0,560.0,543.0,553.25,56491,52.657912817772356
2025-09-23,556.9500122070312,564.8499755859375,545.0,550.5,28889,43.454015318309715
2025-09-24,550.5,554.7999877929688,545.0999755859375,547.8499755859375,26751,41.35593220338982
2025-09-25,547.8499755859375,565.0,544.6500244140625,549.0999755859375,43659,40.17979626241914
2025-09-26,548.5,548.5,520.0,521.5499877929688,47279,20.84960710942255
2025-09-29,516.8499755859375,525.7000122070312,502.6000061035156,506.5,66630,18.59419441445762
2025-09-30,509.6000061035156,512.7000122070312,498.54998779296875,506.79998779296875,36797,21.57082481955183
2025-10-01,510.79998779296875,516.9000244140625,505.6000061035156,510.79998779296875,19942,21.97053167678851
2025-10-03,504.0,515.9500122070312,501.0,504.95001220703125,27989,13.981561602733024
2025-10-06,505.75,510.0,497.1000061035156,498.3500061035156,29565,14.96302370864855
2025-10-07,499.8999938964844,510.1499938964844,495.04998779296875,500.75,41411,12.094179936936754
2025-10-08,502.3999938964844,506.70001220703125,493.0,495.3999938964844,21168,11.942142783979548
2025-10-09,495.5,500.6000061035156,488.0,489.6499938964844,34196,11.564184110117466
2025-10-10,490.1000061035156,509.75,488.1499938964844,499.8500061035156,148308,21.589028249755273
2025-10-13,492.8500061035156,498.3500061035156,485.54998779296875,487.0,34464,17.6986797240056
2025-10-14,489.20001220703125,490.54998779296875,464.3500061035156,479.54998779296875,88464,16.923071232153262
2025-10-15,477.0,479.1499938964844,464.3999938964844,470.25,72479,15.935030493473946
2025-10-16,470.0,487.79998779296875,464.5,469.79998779296875,125755,14.94252656459959
2025-10-17,464.3999938964844,472.5,454.8999938964844,469.8999938964844,96748,19.848220912363402
2025-10-20,469.8999938964844,488.3999938964844,458.79998779296875,482.79998779296875,78032,35.80837592393338
2025-10-21,488.3999938964844,493.20001220703125,477.0,482.8500061035156,23359,35.61563188592699
2025-10-23,483.75,485.3999938964844,465.29998779296875,467.8500061035156,31316,27.21487120291026
2025-10-24,467.6000061035156,482.04998779296875,461.0,471.1000061035156,59470,31.533013739728005
2025-10-27,472.04998779296875,472.95001220703125,462.79998779296875,465.3500061035156,31180,31.82820360456769
2025-10-28,465.0,473.3999938964844,464.5,466.95001220703125,26493,31.222241738388576
2025-10-29,468.1499938964844,470.0,466.0,469.5,11230,35.149093344896414
2025-10-30,467.8999938964844,483.8999938964844,464.5,467.04998779296875,30710,36.53159040126406
2025-10-31,468.8500061035156,468.8500061035156,458.0,459.54998779296875,21817,25.184730846001685
2025-11-03,459.5,478.8999938964844,459.3999938964844,472.29998779296875,50307,40.93711123972055
2025-11-04,474.79998779296875,512.9000244140625,468.5,501.70001220703125,297445,60.74721684557668
2025-11-06,519.9500122070312,525.0,491.95001220703125,496.75,221822,63.42450878175897
2025-11-07,490.0,511.04998779296875,479.8500061035156,498.95001220703125,108037,64.50970789427953
2025-11-10,500.1000061035156,513.7000122070312,497.3500061035156,502.04998779296875,76984,65.53889831735967
2025-11-11,501.54998779296875,527.0,495.1000061035156,516.5,201647,66.04761553221753
2025-11-12,494.0,512.0,476.0,495.04998779296875,373504,54.82594002670769
2025-11-13,500.0,536.0,498.54998779296875,532.2000122070312,419892,71.6593644335125
2025-11-14,532.2000122070312,544.5999755859375,527.0499877929688,530.7000122070312,154608,70.29971862725023
2025-11-17,537.4500122070312,547.4000244140625,531.6500244140625,539.2000122070312,116358,74.69072782395601
2025-11-18,539.75,540.6500244140625,520.0,534.2000122070312,144005,71.9842980701008
2025-11-19,531.2000122070312,540.0,531.2000122070312,536.2000122070312,64812,71.88319383497208
2025-11-20,541.0,544.0,528.5999755859375,530.8499755859375,66361,70.54087014141047
2025-11-21,525.5499877929688,529.7000122070312,506.1499938964844,509.95001220703125,71012,64.93776008671547
2025-11-24,506.25,512.2000122070312,467.3500061035156,470.29998779296875,442483,49.48875281148509
2025-11-25,473.8500061035156,483.3999938964844,457.20001220703125,459.20001220703125,206249,38.01466771134407
2025-11-26,465.0,477.0,460.8500061035156,471.95001220703125,113937,43.30092304526789
2025-11-27,473.8500061035156,475.8500061035156,465.04998779296875,470.04998779296875,56458,42.18073139121807
2025-11-28,469.79998779296875,498.0,464.04998779296875,489.5,113001,46.88044184397399
2025-12-01,493.8500061035156,506.95001220703125,487.04998779296875,490.54998779296875,71203,43.08921337656127
2025-12-02,488.1000061035156,490.04998779296875,480.54998779296875,484.3500061035156,21867,46.89855658072977
2025-12-03,483.3500061035156,484.79998779296875,477.1499938964844,478.70001220703125,30299,31.02836879432624
2025-12-04,479.20001220703125,497.79998779296875,472.29998779296875,478.25,45066,31.261161974948337
2025-12-05,478.25,484.45001220703125,473.0,478.95001220703125,38279,27.203939133896753
2025-12-08,478.95001220703125,479.0,456.04998779296875,462.75,57183,25.078481355435713
2025-12-09,467.0,478.6000061035156,456.29998779296875,472.95001220703125,44369,29.132306294492622
2025-12-10,471.1499938964844,482.95001220703125,462.6000061035156,465.3999938964844,28017,28.715457333853905
2025-12-11,465.8500061035156,474.6000061035156,462.6000061035156,464.04998779296875,35576,32.89865895556261
2025-12-12,464.45001220703125,471.45001220703125,463.0,464.0,55783,46.670198015777515
2025-12-15,464.0,473.25,457.25,466.95001220703125,75445,54.48235594797507
2025-12-16,466.95001220703125,466.95001220703125,450.3999938964844,452.95001220703125,48249,39.16762592231212
2025-12-17,456.54998779296875,456.54998779296875,442.3999938964844,443.6499938964844,41947,36.11988682511194
2025-12-18,445.79998779296875,445.79998779296875,431.54998779296875,436.8999938964844,46854,18.082541845904842
2025-12-19,439.0,444.75,434.3999938964844,438.0,34510,18.13223704567899
2025-12-22,440.20001220703125,458.0,438.0,449.54998779296875,60307,30.182239828323134
2025-12-23,448.3999938964844,459.5,447.79998779296875,456.20001220703125,51134,37.331096755036945
2025-12-24,460.3999938964844,460.3999938964844,453.70001220703125,455.29998779296875,27814,37.14286788932854
2025-12-26,456.8999938964844,456.8999938964844,448.0,449.29998779296875,25510,34.32047067055966
2025-12-29,449.3500061035156,451.3500061035156,441.5,443.70001220703125,37159,38.65397786014346
2025-12-30,444.8999938964844,466.1000061035156,439.1000061035156,460.20001220703125,56375,42.93629286575589
2025-12-31,464.3999938964844,478.0,457.1499938964844,466.1000061035156,94194,50.395040585606594
2026-01-01,463.0,473.8999938964844,461.0,464.1000061035156,37892,50.028021452909776
2026-01-02,462.6000061035156,504.0,462.6000061035156,488.8999938964844,217714,60.92104703105537
2026-01-05,488.8999938964844,492.20001220703125,477.5,479.6499938964844,37593,55.27846207665112
2026-01-06,479.6499938964844,480.95001220703125,471.0,477.45001220703125,29396,61.29032258064516
2026-01-07,477.45001220703125,478.5,471.6499938964844,475.20001220703125,33395,65.54954361999006
2026-01-08,477.3500061035156,477.3500061035156,456.29998779296875,459.70001220703125,49979,60.344837612948986
2026-01-09,460.0,462.25,449.0,451.1499938964844,33420,55.588607980742665
2026-01-12,451.6000061035156,452.5,436.3999938964844,446.29998779296875,24855,48.53537645677066
2026-01-13,446.5,454.6499938964844,442.5,446.8500061035156,19161,45.54124675286876
2026-01-14,451.3999938964844,451.3999938964844,443.0,446.95001220703125,17172,45.9875172678772
2026-01-16,444.3999938964844,475.0,444.3999938964844,457.79998779296875,36784,53.902664305967264
2026-01-19,455.0,458.8999938964844,430.1499938964844,436.04998779296875,63266,46.941213450285254
2026-01-20,438.25,438.95001220703125,425.04998779296875,427.70001220703125,47146,36.099225756530736
2026-01-21,424.0,432.5,410.0,429.25,80240,33.62948907508249
2026-01-22,425.0,439.0,425.0,434.95001220703125,30666,37.46236492522601
2026-01-23,434.1499938964844,437.0,420.04998779296875,422.45001220703125,33689,18.037521214784775
2026-01-27,430.04998779296875,433.04998779296875,420.25,422.8999938964844,34891,20.178653787805402
2026-01-28,420.04998779296875,465.0,420.04998779296875,449.3999938964844,107922,38.25867617817159
2026-01-29,449.0,449.0,436.0,437.3500061035156,34956,35.357827837373975
2026-01-30,437.3500061035156,437.79998779296875,426.8500061035156,431.8500061035156,59191,38.32284560558278
2026-02-02,425.54998779296875,425.95001220703125,417.04998779296875,421.45001220703125,78977,37.73740909928247
2026-02-03,434.5,443.3999938964844,426.1000061035156,433.54998779296875,97555,45.03310927606598
2026-02-04,433.0,448.79998779296875,430.0,444.45001220703125,79015,49.13482506508917
2026-02-05,440.0,446.0,429.95001220703125,433.1000061035156,74540,45.38178945241118
2026-02-06,435.0,437.8999938964844,426.5,428.29998779296875,36908,39.749823659675684
2026-02-09,432.70001220703125,466.0,432.70001220703125,461.70001220703125,181709,58.24494581388258
2026-02-10,465.0,484.0,458.3999938964844,475.04998779296875,151841,64.74617850703169
2026-02-11,475.04998779296875,476.45001220703125,444.0,447.25,293884,54.817987466880744
2026-02-12,449.54998779296875,449.54998779296875,436.6000061035156,441.6499938964844,70575,51.79431771466307
2026-02-13,441.0,442.70001220703125,426.6000061035156,430.20001220703125,50092,52.087261386683515
2026-02-16,432.0,432.0,422.8500061035156,426.29998779296875,38312,50.898993597764125
2026-02-17,426.29998779296875,436.0,424.6000061035156,431.3500061035156,42659,44.616765534018406
2026-02-18,430.04998779296875,445.04998779296875,430.04998779296875,432.0,39251,48.28799838125032
2026-02-19,432.0,438.70001220703125,423.0,424.8500061035156,28381,47.78340756248275
2026-02-20,425.0,430.3500061035156,423.54998779296875,425.04998779296875,31365,51.218678161275776
2026-02-23,426.54998779296875,434.95001220703125,415.95001220703125,416.70001220703125,62823,44.14728233516799
2026-02-24,417.0,422.6499938964844,413.45001220703125,418.20001220703125,37503,40.245261099395
2026-02-25,418.0,429.0,409.0,411.20001220703125,62675,41.58986291230086
2026-02-26,413.04998779296875,417.0,409.25,411.54998779296875,32711,43.339957005989945
2026-02-27,412.0,415.29998779296875,405.25,407.20001220703125,40139,21.820030031603252
2026-03-02,387.0,403.8999938964844,387.0,393.25,81959,7.965031157435689
2026-03-04,394.25,394.25,385.5,388.0,34600,10.367860616002403
