Price,Close,High,Low,Open,Volume,RSI
Ticker,GANESHHOUC.NS,GANESHHOUC.NS,GANESHHOUC.NS,GANESHHOUC.NS,GANESHHOUC.NS,
Date,,,,,,
2020-08-24,29.256122589111328,29.697910435514267,27.341712957286816,29.550648444225892,97287,
2020-08-25,28.127111434936523,29.20703582307021,27.979849443949615,29.157949116920513,26343,0.0
2020-08-26,29.501558303833008,29.501558303833008,28.32346056334839,29.010683777163322,46630,54.901933894233515
2020-08-27,30.97418212890625,30.97418212890625,29.501558537245966,30.385134190272318,41259,71.60493175708477
2020-08-28,31.317794799804688,31.759580755543503,29.55064723177395,31.56323393859879,41631,73.86363435660405
2020-08-31,29.796085357666016,30.777834451015554,29.796085357666016,30.0415226310034,45442,54.621857794315765
2020-09-01,28.765247344970703,29.45247245118001,28.470723369474012,28.470723369474012,12984,46.42856548120279
2020-09-02,28.912511825561523,29.35429779828488,27.930762722792547,28.470723980300363,7506,47.552457813247656
2020-09-03,28.51980972290039,29.45247208803665,28.02893518809978,28.912510848771078,9671,45.0331074703587
2020-09-04,27.43988800048828,29.256122331267537,27.0962754421519,29.256122331267537,44639,39.30636643081969
2020-09-07,27.145360946655273,27.587148769613332,26.261787173276865,26.261787173276865,9139,37.988824632782546
2020-09-08,26.85083770751953,27.096274977473936,26.065437320142774,26.507225155075812,10737,36.75676107095045
2020-09-09,25.6236515045166,26.70357587300921,25.52547622146495,26.70357587300921,15906,32.380957315063796
2020-09-10,25.67273712158203,26.899923426366428,25.476388436339146,26.899923426366428,7188,32.70141473159434
2020-09-11,25.37821388244629,26.703575503983522,24.985514628204303,25.0346013327829,3414,31.79723254754998
2020-09-14,25.96726417541504,26.458138720337534,25.083688496524324,25.57456304144682,14737,39.32039109643716
2020-09-15,25.770912170410156,26.7526612054734,24.936425116098864,25.86908744842402,6135,29.120888857196718
2020-09-16,25.918174743652344,27.047185785276763,24.887338982286074,25.574562199017677,25985,16.77421036851642
2020-09-17,26.507225036621094,26.850837587529288,25.28003869233308,25.28003869233308,14871,19.37501882093062
2020-09-18,25.6236515045166,27.39079910929522,25.28003895010471,26.50722530690591,25086,21.088452096894983
2020-09-21,25.083688735961914,26.458138972895007,25.034602030016217,25.62365186405357,7106,22.627756479398187
2020-09-22,25.476388931274414,26.016350166854412,23.856501479458952,24.151027321851643,18659,25.352113061457246
2020-09-23,25.280038833618164,25.280038833618164,24.64190230552953,24.887339575758833,5452,26.08696509114438
2020-09-24,25.770912170410156,26.40904866869373,24.05285135904948,24.740076432608824,25664,36.5079198651014
2020-09-25,26.85083770751953,27.047186399960395,24.78916426539497,25.86908862770191,15002,47.887334734890366
2020-09-28,27.04718589782715,27.783497694020674,26.359962678235828,26.801748632429305,6156,51.428559533837436
2020-09-29,27.19445037841797,27.734411625654538,26.50722527053708,26.556311975726672,3704,63.55931896425402
2020-09-30,27.096275329589844,27.53806129772612,27.0471867514384,27.0471867514384,3882,62.18488190683548
2020-10-01,26.26178741455078,27.488973742333528,26.1145254297244,26.998099211220428,6701,56.92306404768659
2020-10-05,25.918174743652344,27.0962743616747,25.819999463394193,25.918174743652344,3446,49.599984333224846
2020-10-06,25.918174743652344,26.458137848803307,25.230951526920737,25.574562199017677,6042,51.239670217664816
2020-10-07,26.556310653686523,27.194449024609682,25.525474915720572,25.967262730584654,12301,54.96182164570167
2020-10-08,26.01634979248047,26.949012137829754,25.918174513095643,26.065436495904027,6866,46.15384155548834
2020-10-09,26.01634979248047,26.801748282483665,25.525475268094045,26.01634979248047,4303,53.57141494205061
2020-10-12,25.721826553344727,26.605400347688192,25.329125424714068,25.57456269383935,4603,56.074775179137674
2020-10-13,25.869089126586914,26.703576235032518,25.47638986159422,26.654487656572307,12321,53.921574603019806
2020-10-14,25.476388931274414,26.212700728449537,24.936425823156682,25.623650916201893,7413,51.88679521937587
2020-10-15,24.690988540649414,26.21270071063302,24.34737599436036,26.21270071063302,16885,40.178578553019
2020-10-16,24.98551368713379,25.03460038986355,23.856500798972544,23.856500798972544,6072,30.208329538789954
2020-10-19,24.98551368713379,25.770912166036005,24.54372587241524,25.770912166036005,4110,27.173935997229393
2020-10-20,24.101938247680664,26.016349629834508,23.856500987021846,26.016349629834508,16537,20.560733748791193
2020-10-21,24.4455509185791,24.985514018455042,23.66015242926208,24.740076756476263,12602,25.892849398892395
2020-10-22,24.20011329650879,25.08368705197751,23.905589335531776,24.29828857434702,10895,28.999994948704085
2020-10-23,24.78916358947754,25.32912481963919,24.249202359315884,24.249202359315884,6123,39.047625391475414
2020-10-26,24.8382511138916,25.47638951749057,24.543727137259598,24.789164408632193,2773,39.622648425795624
2020-10-27,24.543725967407227,25.42729972772635,24.347375410652894,24.592812670326968,11067,29.29295228705479
2020-10-28,24.347375869750977,25.329124926959285,24.05285190160357,25.181862942885584,2429,31.52175244360481
2020-10-29,24.78916358947754,24.78916358947754,23.75832783279158,23.905589816241328,6965,37.62377685061756
2020-10-30,24.543725967407227,24.838249930001037,23.80741418838501,23.856500891304748,7788,37.99999999999999
2020-11-02,24.347375869750977,25.525475487416035,24.05285190160357,24.1019386054489,10031,34.65346534653466
2020-11-03,24.003765106201172,25.32912483034692,24.003765106201172,25.32912483034692,4339,35.00001359963227
2020-11-04,23.807415008544922,24.445551531173628,23.758328303934157,24.101938981285016,3690,39.7727448342368
2020-11-05,24.15102767944336,24.49464023105366,23.85650183268978,24.49464023105366,4866,40.44945586187837
2020-11-06,24.4455509185791,24.789163459856937,24.151026953219645,24.151026953219645,7572,44.210521579864846
2020-11-09,25.6236515045166,25.6236515045166,24.10193929856045,24.44555185297234,17323,65.34654646151668
2020-11-10,25.869089126586914,26.899924931259967,25.77091384220429,26.458138960344858,10793,64.6464761435274
2020-11-11,25.525476455688477,26.35996356047816,24.83825134055867,25.82000043500823,14688,63.366346918095175
2020-11-12,26.26178741455078,26.703575241567663,24.8382505253077,26.212700710454563,25569,64.42307440835017
2020-11-13,25.918174743652344,26.654486536781885,25.574562199017677,26.016350023910494,7665,59.99999293525122
2020-11-14,25.918174743652344,26.899923801158398,24.64190171790956,26.899923801158398,6293,63.46153486907169
2020-11-17,27.19445037841797,27.19445037841797,25.132776927313085,25.230952210230036,11718,73.01587888981301
2020-11-18,26.26178741455078,28.32346081973334,26.1145254297244,27.488973742333528,31805,61.029406932901495
2020-11-19,27.538061141967773,27.538061141967773,25.329125696167004,26.31087478318957,54945,69.42674607503736
2020-11-20,27.43988800048828,28.27437323461376,26.94901345216139,28.12711124462325,17421,70.32259358372555
2020-11-23,27.096275329589844,27.68532515964267,26.703576067067225,27.488974592112466,10498,70.32257595493292
2020-11-24,27.29262351989746,27.78349805710812,27.047186251292132,27.243536815191497,14433,72.90321691118868
2020-11-25,27.390798568725586,27.832586397470248,26.605400064888116,26.801748754578615,13189,71.99998963836603
2020-11-26,28.71615982055664,28.71615982055664,26.998098976591713,28.22528529370952,27770,75.43859130881732
2020-11-27,30.139698028564453,30.139698028564453,28.225286540294572,28.765247794659,29683,76.13635937142278
2020-12-01,31.612321853637695,31.612321853637695,29.452473078840907,31.12144730232368,32179,79.10447270695718
2020-12-02,33.1831169128418,33.1831169128418,31.514142790301374,33.035856803399504,32305,84.51326756559595
2020-12-03,34.80300521850586,34.80300521850586,33.96851626344739,34.31213068438046,39651,85.65573535538068
2020-12-04,34.85209274291992,36.5210669472298,33.18311853861005,36.5210669472298,114525,88.23529507800612
2020-12-07,33.33038330078125,36.12836678868717,33.23220614194861,34.36121912553208,43635,78.06692615052432
2020-12-08,32.3486328125,34.11578040079211,31.90684497915809,34.11578040079211,36593,69.96197713013613
2020-12-09,31.366884231567383,33.33038241513873,30.974183096822884,32.397720028927225,37235,69.69697950912627
2020-12-10,30.483308792114258,32.2013697163325,29.89426083041253,30.434222086151717,46569,61.71875260874937
2020-12-11,31.12144660949707,32.005018535146824,29.550647705753835,30.581483491549644,37458,64.04494038640455
2020-12-14,32.3486328125,32.64315678636943,29.7960848396598,29.7960848396598,37121,68.7719281502437
2020-12-15,30.876008987426758,33.37946836585044,30.777833705960827,32.643156563662565,48906,61.73633657450893
2020-12-16,31.415971755981445,32.20137030086585,30.97418390414782,31.415971755981445,41730,62.81250341508905
2020-12-17,31.465057373046875,32.39771975126507,31.31779538504868,31.51414407820035,17002,59.52380889445856
2020-12-18,30.876008987426758,31.66140749407873,30.483307861563027,30.925095691890853,10674,52.70757839155512
2020-12-21,29.403385162353516,32.10319508344469,29.354296585720128,30.876008755675976,39516,41.877250797848355
2020-12-22,28.8143367767334,30.385135728534365,28.617986205556594,29.010685475372377,21064,32.68483913940173
2020-12-23,30.237871170043945,30.237871170043945,28.47072356015301,29.796085203840104,9196,31.620545346731177
2020-12-24,30.679658889770508,31.71049467945169,30.483308323860868,31.563234563826118,19661,33.716470760754106
2020-12-28,31.75958251953125,32.201370372345544,30.679659986052478,30.679659986052478,33043,43.650783860887636
2020-12-29,30.876008987426758,32.34863259180251,30.434221157098932,30.82692041042492,15796,43.999997513206814
2020-12-30,31.366884231567383,32.29954661777889,30.728745823876466,32.29954661777889,28835,50.0
2020-12-31,30.385135650634766,32.152283296544205,29.84517251755179,31.90684601947135,75832,49.58678415780348
2021-01-01,31.023271560668945,31.17053354938684,30.38513502786622,30.8269209940199,17113,49.58677606332589
2021-01-04,32.54498291015625,32.54498291015625,30.679658193934827,31.465056694684467,72395,50.80645312914218
2021-01-05,34.16486740112305,34.16486740112305,34.16486740112305,34.16486740112305,28448,63.34661718466876
2021-01-06,33.57582092285156,35.83384316798332,32.986769199072164,35.78475646060396,94895,58.73017121229853
2021-01-07,35.24479293823242,35.24479293823242,34.31213057728997,35.19570248891271,35774,63.508787764099196
2021-01-08,34.3612174987793,36.471979500305935,33.62490569523403,34.41030420333388,49837,62.19931711976815
2021-01-11,32.643157958984375,35.195704150979964,32.643157958984375,34.36121890419408,32627,61.14865893744158
2021-01-12,31.465057373046875,33.62490610547965,31.02327140905229,33.62490610547965,63570,58.76623143152241
2021-01-13,31.612321853637695,32.643157662382,30.92509673278295,32.397720386725,50048,54.964547215723236
2021-01-14,32.39772033691406,32.790421475391746,30.63057270391569,30.77783469457592,43158,56.055367183175534
2021-01-15,31.465057373046875,33.772169966015625,31.170533397050484,33.772169966015625,30672,48.95104724091513
2021-01-18,30.483308792114258,31.80867232355655,30.237871517225937,31.514144597630082,21585,48.611108862491896
2021-01-19,32.00502014160156,32.00502014160156,30.336047744039185,31.36688545411446,25542,52.10355702188934
2021-01-20,33.57582092285156,33.57582092285156,32.10319723101663,32.10319723101663,30862,60.12461319384828
2021-01-21,35.24479293823242,35.24479293823242,35.24479293823242,35.24479293823242,18030,62.57310094335196
2021-01-22,36.96285629272461,36.96285629272461,36.96285629272461,36.96285629272461,49190,63.0057866434638
2021-01-25,38.779090881347656,38.779090881347656,38.779090881347656,38.779090881347656,47999,63.42857821649925
2021-01-27,40.69350051879883,40.69350051879883,36.86467757077689,40.69350051879883,413242,69.23076209538611
2021-01-28,42.706085205078125,42.706085205078125,40.74258703472971,41.23346157731681,118125,69.79166034242769
2021-01-29,44.81684875488281,44.81684875488281,44.81684875488281,44.81684875488281,19494,76.03912098903174
2021-02-01,47.025779724121094,47.025779724121094,47.025779724121094,47.025779724121094,30752,84.96419022995595
2021-02-02,49.332889556884766,49.332889556884766,44.71866829210136,49.332889556884766,419953,91.17646696841999
2021-02-03,48.007530212402344,51.29638804347538,47.17304126991299,50.51098954971955,147325,85.8369124478642
2021-02-04,47.12395477294922,49.43106356067801,46.63308024406433,48.007530422972195,41233,82.05128013529905
2021-02-05,44.81684875488281,49.33289320168325,44.7677583029002,48.98928250825901,96329,77.41937075921615
2021-02-08,43.04969787597656,45.94585856007313,42.70608717831922,44.71867214690303,53368,75.00000569181724
2021-02-09,41.57707214355469,42.951522357009196,41.38072532312594,41.77342270905898,38113,69.08023343489157
2021-02-10,42.706085205078125,43.14787304242163,41.822509530391116,42.804258615565324,19689,68.52589413235174
2021-02-11,40.93893814086914,43.09878690576145,40.889851434977956,41.08619825854268,25896,61.50793883303919
2021-02-12,41.3807258605957,41.96977381968384,38.92635312260249,39.80992506123469,72224,59.41422498908289
2021-02-15,40.69350051879883,42.55882154226227,40.00627540696469,41.18437506366956,33839,54.28571233375765
2021-02-16,40.9880256652832,41.7243375035817,39.8590126818619,41.7243375035817,18958,50.71090152124528
2021-02-17,39.515403747558594,40.8407636174588,39.41723032944593,40.8407636174588,35563,42.09246436769438
2021-02-18,41.47890090942383,41.47890090942383,40.54623848315536,40.54623848315536,37708,41.66666190488435
2021-02-19,43.19696044921875,43.54057113658001,42.313384760181755,43.000609879979905,61738,40.201009244246166
2021-02-22,45.3568115234375,45.3568115234375,42.80426148389206,45.16046094423003,48363,39.74685083357712
2021-02-23,47.614830017089844,47.614830017089844,45.30772119470435,47.467566158182045,25127,49.03381497421605
2021-02-24,49.97102737426758,49.97102737426758,49.08745174483048,49.08745174483048,30801,56.53153306893656
2021-02-25,52.4254035949707,52.4254035949707,52.37631314376326,52.4254035949707,35455,67.33780262792575
2021-02-26,55.027034759521484,55.027034759521484,51.100038469884616,54.78159749141918,166476,76.29310121035188
2021-03-01,57.726844787597656,57.77593149227015,56.008783908531804,57.77593149227015,99982,83.6400875844386
2021-03-02,59.444908142089844,60.57392112194952,54.977950419519054,58.90494687805613,190481,84.03194238185485
2021-03-03,56.49966049194336,60.86844477740098,56.49966049194336,60.86844477740098,98446,80.19047647242547
2021-03-04,54.43798828125,55.812434772619945,53.70167645709894,55.0270362425406,55841,73.83512714521736
2021-03-05,54.63433837890625,56.05787156392881,53.01445088171258,53.06353758721757,37292,75.91241372767492
2021-03-08,52.52357482910156,57.33414673204011,52.1308737061809,54.92886078057084,27403,70.08546622511929
2021-03-09,52.17996597290039,54.97794939967504,51.05095301398397,54.78159883137537,37613,72.9537369992692
2021-03-10,52.22904968261719,54.43798502285412,50.5600755654231,51.68908845957434,33917,70.93689955932828
2021-03-12,52.62174987792969,54.683425219928694,50.3146410077975,53.308974991929354,260659,69.35483769885177
2021-03-15,50.510990142822266,52.42540156857058,50.16737572302999,52.42540156857058,16392,60.60605537290988
2021-03-16,49.234718322753906,51.29638991209995,48.842017189032966,51.24730320665372,19301,53.473689893640525
2021-03-17,51.00186538696289,51.68909049106103,48.20387826565095,50.11828971811164,77994,52.26782238093655
2021-03-18,52.03269958496094,53.40714975127309,51.00186383276453,51.00186383276453,106369,49.078330245433015
2021-03-19,54.63433837890625,54.63433837890625,49.431065203714745,51.54182724610945,124321,49.07834848155757
2021-03-22,57.33414840698242,57.33414840698242,54.97794909077607,54.97794909077607,41648,49.07834848155757
2021-03-23,60.181217193603516,60.181217193603516,57.334147139937656,58.75768029423284,81068,51.64113242294876
2021-03-24,59.34673309326172,62.3410670613674,58.02136957798258,62.3410670613674,90064,57.00483599604381
2021-03-25,56.79418182373047,59.64125560582472,56.4014844453876,57.48140691717482,66154,55.66036940466882
2021-03-26,53.99620056152344,57.92319696599787,53.99620056152344,57.82502355391625,29808,48.63731389776254
2021-03-30,52.03269958496094,55.27247069689625,51.68908891592061,55.27247069689625,39026,48.945145604008246
2021-03-31,54.63433837890625,54.63433837890625,50.95277928989843,52.032701791310494,29022,54.807692738788546
2021-04-01,57.33414840698242,57.33414840698242,56.84327386152906,56.84327386152906,14555,59.05924017166559
2021-04-05,60.181217193603516,60.181217193603516,60.181217193603516,60.181217193603516,21305,62.3397448870239
2021-04-06,63.17555236816406,63.17555236816406,63.17555236816406,63.17555236816406,67889,70.09345930146347
2021-04-07,66.31715393066406,66.31715393066406,66.31715393066406,66.31715393066406,22739,75.58823610081932
2021-04-08,72.94396209716797,72.94396209716797,69.6060136146994,72.94396209716797,202190,78.69063130383307
2021-04-09,80.20890045166016,80.20890045166016,73.63118431553309,75.59468256394732,329247,81.67770478124257
2021-04-12,76.38008117675781,86.39391876479911,72.20764760004876,81.23973611121734,306285,73.79162426993453
2021-04-13,80.9452133178711,83.890460727717,73.63118524614768,76.08555808768594,277813,74.81940317455837
2021-04-15,79.57077026367188,85.41217461174809,76.57643241053276,83.15414860871024,125448,71.03302622776914
2021-04-16,74.95654296875,81.33791217679286,74.51475886579216,78.78536599160597,48991,65.64960489893198
2021-04-19,69.3605728149414,76.08555240000877,67.49524809678198,72.74760408701046,78338,61.873843146945966
2021-04-20,72.06038665771484,73.4839198807489,69.60601386617246,69.60601386617246,45119,67.1003723110368
2021-04-22,65.92445373535156,70.53867152135228,65.1881419084269,69.26240218210694,82867,62.18777209330719
2021-04-23,63.5191650390625,67.0043774095386,62.73377023751038,66.51350284976176,74030,57.821950401712606
2021-04-26,67.39707946777344,69.55692456396973,63.02829133252659,63.077381785229385,91767,58.679086501368786
2021-04-27,66.2189712524414,70.34232180796573,64.84452855741756,70.34232180796573,25482,55.36180871259151
2021-04-28,65.33540344238281,70.1459678813211,63.96095324976432,70.1459678813211,22567,51.99275586755581
2021-04-29,68.7224349975586,69.70418406895229,63.07737783704485,67.59342206742565,125801,52.20919325432425
2021-04-30,68.91878509521484,70.29323535859818,65.77719091332551,68.82061168143419,32417,45.8077656312873
2021-05-03,71.4713363647461,72.64943227036729,65.53175140604075,66.85711117240237,107004,39.90930400498204
2021-05-04,72.35490417480469,72.74760530469848,67.78977694651138,67.78977694651138,78874,45.01215979149673
2021-05-05,73.72935485839844,74.61293053380264,70.68593418991829,73.09121645448701,51866,40.29062117020869
2021-05-06,72.30582427978516,74.12205865610989,71.66768585292743,72.69852542632462,48181,40.23746726192734
2021-05-07,72.94396209716797,74.4165857667731,69.6060136146994,70.83320000603702,71613,46.971943010409305
2021-05-10,67.20072174072266,73.7784450914451,66.26806310785769,72.64943214787361,124583,46.76470292444817
2021-05-11,66.6607666015625,68.08429982641687,64.79544177957477,68.08429982641687,51827,41.35220291010379
2021-05-12,64.35365295410156,69.06604388027955,63.81368798280215,69.06604388027955,61811,47.13261329274842
2021-05-14,64.3045654296875,68.62426292604788,63.91186429544544,64.45182929129716,37074,51.56862936316183
2021-05-17,64.94270324707031,65.77718846841552,63.86278075532057,64.69726597666578,19340,44.369361485242365
2021-05-18,63.66642761230469,66.3171546753685,63.322816925468054,65.62992581154401,33388,44.170410854071996
2021-05-19,62.97920608520508,64.20639245674005,62.43924108566921,63.813691319818616,24688,44.57013594549731
2021-05-20,60.32848358154297,64.15730286495908,59.88669573285921,64.15730286495908,31138,29.97658804199301
2021-05-21,61.015708923339844,63.322817842839385,60.475743914665955,61.7520207587217,23072,31.57895672796154
2021-05-24,59.641258239746094,61.604756453400284,59.00311982227822,61.604756453400284,22045,20.823238264694382
2021-05-25,63.37190628051758,64.25547446277334,59.39581949976231,61.45749107527757,63722,30.573267219078076
2021-05-26,65.33540344238281,66.26806206050735,63.81368939159967,63.81368939159967,37634,32.29814603982858
2021-05-27,62.2919807434082,66.513501097244,61.40840506106034,66.46441064649922,33696,30.232559890757074
2021-05-28,58.41407012939453,65.97353503243222,56.54874538353492,63.66642619762081,159619,24.570446276542327
2021-05-31,64.25547790527344,64.25547790527344,57.972285686795004,58.021372394541764,59006,44.86302016979064
2021-06-01,70.63684844970703,70.63684844970703,66.95528913182477,67.69160099540122,118587,55.76101949615496
2021-06-02,77.65635681152344,77.65635681152344,76.52734378307608,77.50909293996045,113020,66.95869871380884
2021-06-03,85.41217041015625,85.41217041015625,80.7979527058979,85.41217041015625,209642,72.48953648379033
2021-06-04,89.68278503417969,89.68278503417969,89.68278503417969,89.68278503417969,45248,74.46601877286476
2021-06-07,92.3825912475586,94.14974267020854,85.21582712270366,94.14974267020854,436674,77.62039639268363
2021-06-08,88.79920196533203,92.23532377146662,87.76836991758232,92.23532377146662,121770,73.5241398356101
2021-06-09,90.12457275390625,93.21707650837786,86.44301353177202,90.22274616846622,201741,77.81850724988877
2021-06-10,87.76837158203125,91.79354141894959,87.37567044156698,90.17365389587904,47230,74.22221110841402
2021-06-11,92.13715362548828,92.13715362548828,86.88479731946076,90.27182879517581,91689,77.90892755018008
2021-06-14,96.70228576660156,96.70228576660156,93.56069166161508,96.70228576660156,113326,78.22110288460986
2021-06-15,101.51285552978516,101.51285552978516,101.51285552978516,101.51285552978516,32650,79.22282829415778
2021-06-16,99.94205474853516,101.85646237052326,97.4385917134885,101.85646237052326,123090,81.15351979935471
2021-06-17,101.95463562011719,104.8998827203044,96.21140527278226,97.193154306178,68949,87.1751735627762
2021-06-18,99.64752960205078,106.81430073697784,96.94771968672428,97.19315695175396,31186,82.15877839946037
2021-06-21,99.40209197998047,104.55627452709057,94.68969351227659,96.21140754605517,12426,79.41766059283523
2021-06-22,95.91687774658203,100.13840159416085,95.2296564179765,100.13840159416085,18028,70.12985177987115
2021-06-23,92.97164154052734,98.17491503335584,92.62803083594092,96.01506989868265,14159,59.322036768622766
2021-06-24,90.46818542480469,95.62236844830512,90.32092155467437,92.97164125641396,12116,51.01265982169066
2021-06-25,87.71928405761719,92.18624563541474,87.37567335705234,89.83004620416055,30642,43.99494467496135
2021-06-28,91.69537353515625,91.98989379064915,86.59027338161067,89.29008358612991,15086,53.692129897550146
2021-06-29,92.3825912475586,94.14974267020854,89.33917045535162,92.28441783300057,28287,52.92620397202752
2021-06-30,92.08807373046875,95.32784144771621,89.33917310054517,89.33917310054517,29852,55.91399084916583
2021-07-01,91.74445343017578,94.05156988352387,89.0937337686565,92.08807161864989,40360,49.395769257859264
2021-07-02,93.26616668701172,96.30958747034708,89.43734360919886,93.65886783425047,54875,44.16666904120902
2021-07-05,97.3895034790039,97.92946845652882,92.7752859061852,94.24790949199767,34706,42.832749297406366
2021-07-06,98.1749038696289,102.24916387824865,94.24790771484375,99.1566529083252,49841,46.84209837453087
2021-07-07,96.80045318603516,100.58018546623677,94.78787216184634,98.17490333069503,8114,40.574501825053275
2021-07-08,101.31649780273438,101.61102551041908,95.22965675855701,101.12015099104508,48446,52.823912460327364
2021-07-09,105.09623718261719,106.37250643390297,97.34041830883926,101.3164974061132,220601,58.60534360703505
2021-07-12,107.64878845214844,110.34859843047789,99.84387874797808,105.04715188409165,51770,68.2442932489026
2021-07-13,112.80297088623047,112.9993177063375,104.06540256874871,107.6487882118349,87909,78.85713689391655
2021-07-14,117.9571533203125,118.3989374097288,111.91939498743389,114.81555177394303,108920,87.13526260350469
2021-07-15,122.47319793701172,123.84764814936511,119.77338796244833,119.77338796244833,198735,94.81011943489217
2021-07-16,128.4618682861328,128.56003420226523,122.71863039168149,128.56003420226523,91740,95.06617793659801
2021-07-19,123.20951080322266,128.3146030755029,122.08049785161708,128.3146030755029,62923,83.98267924954853
2021-07-20,117.9571533203125,121.09874737653092,117.07357765132886,118.055326730166,55962,75.70730276782976
2021-07-22,112.95023345947266,123.60220936716192,112.06665779875605,119.72429604794766,63585,69.28571329448646
2021-07-23,108.63053894042969,111.91939691309118,107.30517915922596,111.91939691309118,36090,63.296516073894395
2021-07-26,111.13399505615234,113.83380507950557,106.17616659826714,107.8942275222192,32697,62.23776527799931
2021-07-27,106.86338806152344,115.20825541344082,105.58711872532093,112.95023697701274,87556,57.283954470719365
2021-07-28,104.35993194580078,107.79605378328047,103.3290923984964,105.58711831632924,29673,56.21971857863126
2021-07-29,109.56319427490234,109.56319427490234,101.75829219574038,106.028899135096,33626,56.709269796303204
2021-07-30,105.29258728027344,112.85205208895063,104.40901162324793,109.46502080886236,44749,50.158478878637546
2021-08-02,106.42160034179688,109.95589548433458,104.45810220814803,106.91247487520909,29403,48.98621070077452
2021-08-03,111.7230453491211,111.7230453491211,106.56886281525844,108.58144388200954,44508,49.1100307956959
2021-08-04,117.1717529296875,117.26992634110655,107.9924003942099,112.85205541588887,211026,49.35587648826545
2021-08-05,112.60661315917969,116.82813707474772,111.7230450053569,116.82813707474772,21336,41.91471555492258
2021-08-06,112.95023345947266,115.79729976934141,112.31209506616895,115.79729976934141,35433,35.992907239518175
2021-08-09,114.07923889160156,115.84639021294416,110.00498624487727,115.84639021294416,34084,41.09194687874279
2021-08-10,114.12833404541016,119.23342642170347,109.17049804350602,115.84639498802923,91155,45.842219568479834
2021-08-11,114.37377166748047,115.84639533701885,104.06540598071184,112.01757229818881,77292,51.724140480126906
2021-08-12,114.37377166748047,115.69913147203475,111.96848933662831,113.58836938099948,17856,57.76892520736171
2021-08-13,122.08049774169922,125.66388341524221,111.28125776070183,112.26300684988342,117692,62.98021024108353
2021-08-16,123.25859832763672,125.66388054513557,116.82813894430572,122.47319607816924,93058,70.9798988842433
2021-08-17,123.65129852294922,125.41844993293765,118.79164338070807,123.25860486753078,57894,76.09560856638753
2021-08-18,128.31460571289062,132.2906926054412,119.9697382758127,122.22776422543548,175879,75.741235431836
2021-08-20,121.68779754638672,130.13084577057742,119.03707798121599,130.13084577057742,108387,71.13923179000778
2021-08-23,116.58270263671875,121.63871187015191,113.83380223111887,119.47885941142314,96652,61.88288810437102
2021-08-24,112.11573791503906,117.71171196423695,110.69220479620364,115.15916594590233,84934,50.46837540136907
2021-08-25,113.9319839477539,115.35551712041347,110.39768126087995,112.1157421541627,29636,45.76923820323813
2021-08-26,120.36243438720703,122.57136979293121,112.9502334087565,114.91373154717799,45026,59.65770138629875
2021-08-27,132.3888702392578,132.3888702392578,118.98798622717275,118.98798622717275,126648,68.74999724033259
2021-08-30,130.62171936035156,138.96658662150506,128.6582211812566,134.49962526800363,190077,65.76239397261389
2021-08-31,126.59654235839844,131.84890599027395,125.66388371749312,131.505287816113,29449,61.043468435928574
2021-09-01,123.99491119384766,129.10000338882836,122.96407166882702,127.62737977602804,31630,58.18029601744905
2021-09-02,127.67647552490234,136.36494621284723,122.76772994516986,124.682137725205,335699,60.644145869945994
2021-09-03,140.2919464111328,140.4392177706267,125.66389018625975,127.62738847042006,486641,63.5105576002734
2021-09-06,154.0855255126953,154.2818723458908,136.70856861958754,142.25544530395223,548549,69.26380004822926
2021-09-07,141.51913452148438,158.94518200061376,140.53738536773062,157.0798646006029,282881,59.691158821882475
2021-09-08,150.8457489013672,153.84008676514753,138.91750287945726,141.37187572185047,205788,61.632029511272336
2021-09-09,155.11636352539062,158.06161093410057,147.60598862530145,151.09118607469915,185159,67.6883100693177
2021-09-13,159.73057556152344,165.62107016106557,149.22586318840047,157.32529326277088,237113,72.95038525793484
2021-09-14,162.9212646484375,167.87910073642163,160.17236409645892,161.49773141018338,146402,77.39544597201274
2021-09-15,173.1314697265625,178.67834646820694,161.98861080908873,161.98861080908873,395156,79.27184383611771
2021-09-16,172.68966674804688,180.74002163433232,169.2044693051852,177.6965933255851,164269,77.50256815237627
2021-09-17,164.19754028320312,174.26046876094802,164.09935937910404,171.80609596149804,91789,67.36333641850061
2021-09-20,156.1962890625,163.9521010229622,155.99992725667357,163.9521010229622,81429,63.07074629016666
2021-09-21,150.20761108398438,155.85266836328444,148.3913692715669,155.85266836328444,72327,61.8298055366892
2021-09-22,147.65505981445312,157.07985724103634,146.28061705571508,146.28061705571508,63138,61.860228891587234
2021-09-23,155.01817321777344,155.01817321777344,149.0786032880198,149.91308101502796,109663,63.21783408499425
2021-09-24,159.73057556152344,162.6758228612945,150.60030593617267,156.8835091638657,109459,60.174711146920686
2021-09-27,155.85267639160156,163.80485043897932,155.26362091390578,155.26362091390578,38634,51.03211119551722
2021-09-28,153.3001251220703,161.39955568045698,151.18937042321815,161.39955568045698,45159,57.79220556399401
2021-09-29,156.29444885253906,157.57072563882042,149.71673308361443,150.2076076183148,39704,53.93337389864517
2021-09-30,162.9212646484375,163.9521042279673,156.14720166347496,158.94517768756694,111323,55.448932780353154
2021-10-01,168.61541748046875,170.72617217296465,158.5524886352006,163.90301853735568,76348,56.110741119555506
2021-10-04,169.7935028076172,171.8060914463347,165.81741598094155,170.82434235235567,53615,54.861105564520045
2021-10-05,171.80609130859375,172.7878404017857,165.42472220284597,170.62799539282386,60473,48.93949945741833
2021-10-06,178.97286987304688,180.15096583613266,169.10628809413544,173.3769028131622,218073,54.53901309622387
2021-10-07,187.9067840576172,187.9067840576172,174.16229575721835,181.62359539812766,412510,67.01902794727702
2021-10-08,197.282470703125,197.282470703125,191.5883231564039,193.40456491037332,273888,78.92189718048925
2021-10-11,202.63299560546875,207.0999567278325,197.3806472363478,201.25855294334215,371235,87.23849327035423
2021-10-12,203.9583740234375,207.63993312133348,192.52100308476156,198.80419128638312,254459,90.70263367945171
2021-10-13,213.824951171875,214.11947888994067,199.39324278967797,207.14905447702884,396973,91.02740517878826
2021-10-14,219.02822875976562,224.47692424464267,206.51092781719515,217.94829876475626,587299,91.0884433291471
2021-10-18,209.06346130371094,225.80228593072272,208.0817122344469,225.80228593072272,136573,84.00249069208165
2021-10-19,198.65692138671875,209.89794473742472,198.65692138671875,201.5530780171179,63544,76.33978312522342
2021-10-20,188.88853454589844,196.54618107728427,188.7412781623405,190.45933921193267,133665,67.5475753447434
2021-10-21,198.3133087158203,198.3133087158203,184.81425923640185,184.81425923640185,87154,68.49666255869491
2021-10-22,198.36239624023438,207.93444936634523,191.441062522217,205.87277039321614,103751,66.52125909835442
2021-10-25,188.93760681152344,203.222058873317,188.4467322731821,199.29506256658624,50408,59.74025933696291
2021-10-26,198.36239624023438,198.36239624023438,185.55056829076418,191.441062522217,83328,62.56386267197406
2021-10-27,203.61474609375,208.27805406100114,199.73684035914886,200.27680533036457,82394,61.873217653526986
2021-10-28,199.4914093017578,206.5599996548327,197.82243886816127,206.5599996548327,34281,55.853170014154735
2021-10-29,192.52099609375,199.78593312433227,190.60657344812063,196.3498114244052,72822,47.534319832966375
2021-11-01,202.14212036132812,202.14212036132812,194.58265578613268,196.0552793389747,67342,49.75657209930345
2021-11-02,212.1068878173828,212.2050537353907,198.60783821639606,205.0873730366886,103795,53.72197286913933
2021-11-03,208.5725860595703,218.73369488400823,206.4618315599537,215.49391997039746,123261,47.45358900591146
2021-11-04,217.751953125,218.97913949858508,212.74502672865182,212.74502672865182,107838,49.404215296798256
2021-11-08,214.0703887939453,220.89354186894795,213.03954926916313,220.50084823107954,58963,52.48296458710481
2021-11-09,209.55433654785156,218.93004318712752,206.4127425116303,218.93004318712752,36095,55.73940231773896
2021-11-10,204.54742431640625,211.56692416070806,201.9457802979426,211.56692416070806,28704,58.68263250135077
2021-11-11,203.07479858398438,210.09429835464744,202.48574315722445,207.98354387264436,23862,52.895526686903715
2021-11-12,205.7746124267578,208.37624148736498,198.36240390311386,198.36240390311386,65822,54.36669222616651
2021-11-15,211.81236267089844,215.00304716072657,201.7494346645174,208.13080364417368,78044,64.03614687956208
2021-11-16,212.99046325683594,218.5864301047096,209.16164777679143,211.07605551681368,80501,59.98659932159066
2021-11-17,214.4630889892578,218.4391758605325,211.17423847571894,213.97221443676224,60328,57.80919757234599
2021-11-18,216.77020263671875,223.49517493267916,206.41274671398736,215.98480036659794,92587,62.77213665353717
2021-11-22,211.17422485351562,217.89919680071617,205.97095193664921,217.89919680071617,85904,64.07406401092715
2021-11-23,217.6537628173828,220.25540680513816,206.60908593239753,207.29630727584737,127766,62.28615545487749
2021-11-24,227.9130401611328,228.50209559409768,215.98479497616108,218.8809517309174,355224,62.461288242596886
2021-11-25,230.41650390625,238.5159337398421,227.9130407798066,235.6197769772241,231420,67.50589353412234
2021-11-26,218.93003845214844,231.93821338260122,218.93003845214844,230.61284617115138,149506,50.91045969092932
2021-11-29,207.98355102539062,214.02130194596552,207.98355102539062,208.130807396994,82569,45.77080923599191
2021-11-30,197.62608337402344,205.23463838112337,197.62608337402344,200.522240025827,148664,42.33438414038374
2021-12-01,187.759521484375,194.5335845026705,187.759521484375,189.5266729179356,64694,39.845609164510044
2021-12-02,183.48890686035156,192.4228299576493,179.8564380663953,183.93070595419056,94190,38.5410698385531
2021-12-03,192.03012084960938,192.61916129350652,178.67832773038313,184.51973160243148,130023,42.473115314481504
2021-12-06,183.53799438476562,201.30765939048902,182.45807934449627,195.36807423794815,94358,34.92146829477801
2021-12-07,189.47756958007812,191.44106771044164,182.60532612380587,186.58141283385234,50660,38.06676332364751
2021-12-08,182.4580841064453,194.4354206476177,180.7890985801294,192.42283190964497,84731,34.622643778002086
2021-12-09,187.26864624023438,189.33032540197277,183.587087008775,184.4706552322041,47524,36.15844803921596
2021-12-10,186.67959594726562,192.3737440458687,183.587092099213,188.93762200123103,79983,37.94103329947897
2021-12-13,177.79476928710938,191.1956386068414,177.3529702046744,189.2812308440658,119676,30.830972733475562
2021-12-14,186.63050842285156,186.67958389322064,174.26046386877795,176.71483659932412,155462,29.870749817716472
2021-12-15,195.95712280273438,195.95712280273438,185.05970199799924,188.39764288541787,85563,34.245957634655056
2021-12-16,202.9275360107422,205.0873810350734,192.47191408596694,192.91369818498657,129956,42.368912862959434
2021-12-17,197.282470703125,209.11254987771326,194.87718850106143,203.71293004519015,199090,44.6252366623013
2021-12-20,189.1339569091797,195.07354192212503,187.4649864459502,191.68651054492057,83852,45.63792128851795
2021-12-21,191.04837036132812,194.48449202264482,183.6361620672847,189.1339477372104,47431,51.83964346399014
2021-12-22,186.63050842285156,194.97537570670852,185.64875933063308,194.28813935791376,55677,51.754389552738374
2021-12-23,186.77777099609375,191.6865166201698,182.70351812023176,187.51408283970517,66379,46.76346308265431
2021-12-24,180.4945831298828,190.21389350253642,177.79477302855648,187.51408340121012,81005,48.07214486968205
2021-12-27,189.47756958007812,189.47756958007812,178.97285757869378,182.60532612380587,79875,50.0
2021-12-28,198.3133087158203,198.95143960818123,188.98669271185847,188.98669271185847,108836,59.46103440137757
2021-12-29,199.54049682617188,207.1490520557061,196.34981237507688,197.96969233505052,74818,57.649934329775625
2021-12-30,203.90927124023438,206.16729701310484,196.34980667914746,196.34980667914746,47017,60.25715280265742
2021-12-31,205.23464965820312,209.60343009982043,201.504000131092,201.504000131092,40942,67.95119049045093
2022-01-03,212.1068878173828,214.02129549200782,206.21639344604313,206.80543389499599,118396,67.10613133122139
2022-01-04,214.659423828125,219.91178723866926,211.32148304965872,215.00304198780609,91751,63.814352443987396
2022-01-05,212.1068878173828,215.9847936157877,210.97786740802826,211.07604830633798,37548,57.25368871277043
2022-01-06,212.99046325683594,216.96655008937591,204.30199275048804,204.30199275048804,52760,63.4228372565459
2022-01-07,212.59776306152344,218.93004153589592,207.73810818492603,214.51217074257067,67120,73.11414544984473
2022-01-10,217.9973907470703,221.28624124533732,212.05780569339393,214.85579662174717,123330,74.84165673402298
2022-01-11,207.63992309570312,223.83878234430406,207.09995812468944,220.7953543115372,182613,67.45513161014037
2022-01-12,205.5291748046875,212.00870971028672,200.47315808120788,208.17989431062819,68689,65.08689291710638
2022-01-13,200.8167724609375,208.71985536016217,198.60783708427667,207.93445311906686,33680,66.77470816326684
2022-01-14,201.0622100830078,204.203804072681,197.82243519540972,203.22205501463927,28600,61.17424415251974
2022-01-17,205.18556213378906,210.0943076393821,201.1113093562678,201.25856572931463,49808,57.2916761108643
2022-01-18,196.79159545898438,208.96529275269077,194.92627824300038,208.96529275269077,45419,47.46835158423361
2022-01-19,195.17172241210938,199.54050287380252,192.5210028607688,196.30072787536298,39739,41.523829091083485
2022-01-20,193.40457153320312,200.1295588197527,192.42282243912595,200.1295588197527,27843,38.62133886423556
2022-01-21,187.85768127441406,193.404557254308,185.1087810178865,193.404557254308,43263,26.065892757098013
2022-01-24,180.74002075195312,191.4410802724999,178.48199475780666,191.4410802724999,39425,19.28891553747873
2022-01-25,183.34164428710938,186.82685658554865,174.40772149170758,180.74001516618702,34047,23.9786911046653
2022-01-27,178.334716796875,185.55057862438883,176.07670586664017,183.39073361529768,23766,20.826447342562034
2022-01-28,181.81993103027344,187.21955110124986,178.67833689412947,181.47632783212006,39899,25.373140888583706
2022-01-31,183.09620666503906,186.434147604077,179.75826572600113,181.86902029328948,16086,20.100925279110527
2022-02-01,188.1522216796875,190.45933821200586,183.09621946669634,184.5197527613955,32390,31.63738953499741
2022-02-02,189.72300720214844,194.2390589025739,188.64307723630262,189.96844446890412,22731,34.95326369733179
2022-02-03,193.74818420410156,197.57699957010965,191.83376154079562,196.34981323737603,35812,43.18182286489222
2022-02-04,203.41839599609375,203.41839599609375,191.04836720772465,195.5153133094599,57042,51.92306782215542
2022-02-07,211.02696228027344,214.02129997785894,194.6808460493147,206.0691264177534,216977,54.51098883488374
2022-02-08,215.10122680664062,220.3535753326433,208.27805879930042,211.76327098701552,141715,65.15029847580377
2022-02-09,215.49392700195312,225.1641616089681,211.0760560611386,218.83186794289205,185717,67.16417987388704
2022-02-10,216.91744995117188,218.97912895161656,213.7758559821671,218.78278213736033,40524,69.97497651131293
2022-02-11,217.45741271972656,220.89353436541072,203.95836339739589,215.9847891572905,77483,77.48405941329119
2022-02-14,206.16729736328125,214.0212896437872,202.09304485988937,208.3271422443601,76329,71.91199551451577
2022-02-15,207.19815063476562,212.84320796204614,201.35674648346625,203.32024468425948,75878,71.13043059878157
2022-02-16,201.0622100830078,210.4869920520274,197.52790748193684,210.04520797196898,32011,69.73571479489932
2022-02-17,200.47315979003906,207.6399310933401,198.3133148030955,202.3384920362693,23838,67.05564642911555
2022-02-18,199.68775939941406,204.20381121651562,196.34981847741886,198.1169698397761,28238,65.30796009870582
2022-02-21,190.3611297607422,197.18429746175676,188.05402854253188,193.20821091851192,43887,51.889144638195056
2022-02-22,184.51974487304688,187.80861043080517,177.54933508032585,181.72176885762676,59268,45.85290226669238
2022-02-23,183.53799438476562,190.16480092298747,180.641837486344,190.16480092298747,31078,41.44737027102404
2022-02-24,174.16229248046875,183.58709027268506,170.824351376723,181.5745015276458,107332,25.37192689860622
2022-02-25,199.0987091064453,204.2038011388564,176.71482790862572,176.71482790862572,167157,42.22648664602029
2022-02-28,199.2459716796875,208.13080380023925,193.84635176977562,201.70034436601105,150531,39.10990684169796
2022-03-02,206.21640014648438,207.14905878952365,197.57700512507884,197.57700512507884,85360,44.1558459034634
2022-03-03,217.60467529296875,218.83186163001528,206.2163950733582,208.52349639882448,150191,50.38461591014209
2022-03-04,210.2906494140625,215.7884502404349,206.75636172308202,214.02129890479364,75209,46.271708433106404
2022-03-07,189.33030700683594,204.20379886471764,185.30512997940122,201.5530794716686,110707,42.04176628621914
2022-03-08,196.6934356689453,206.46183609332112,189.72301115570912,191.4410720588009,120807,45.31523621876317
2022-03-09,200.91493225097656,207.05086366568145,197.3806447442873,200.47314818517805,87768,49.93317781182118
2022-03-10,200.8167724609375,206.16730182167785,196.93886668463773,201.3567374379594,60329,50.15659985749615
2022-03-11,199.3932342529297,204.54741666735237,197.0370275895842,204.05654215169307,35600,49.866547784355824
2022-03-14,195.71168518066406,204.20380873447198,191.44107068856746,203.22205965401778,43284,52.555099604392176
2022-03-15,191.34288024902344,201.11129509678113,189.47756308127651,200.27680242787775,27444,53.304793743521195
2022-03-16,192.86459350585938,199.29505263369654,191.686497668617,195.56440333217793,33913,54.49384374550599
2022-03-17,201.20947265625,203.56567945641254,191.8828563171578,194.38631948844827,129237,63.16292325902955
2022-03-21,212.1068878173828,214.75760728842528,200.76768315649358,201.25855768743855,170216,57.332598213348795
2022-03-22,254.51844787597656,254.51844787597653,209.50524676287782,215.98479665463776,650502,71.10195185963602
2022-03-23,249.65879821777344,293.00302981326365,244.7991431865139,263.79599419452217,2259311,66.85714712021667
2022-03-24,273.9079895019531,278.8167348335293,245.33908568005876,245.33908568005876,558716,69.86491683843943
2022-03-25,255.5492706298828,279.7003037150019,250.051484832666,279.50397187760007,309108,64.81362190223456
2022-03-28,255.598388671875,267.03575989588273,250.44420580623756,255.54928323964856,131617,75.13030834578677
2022-03-29,252.70220947265625,262.81424306396536,246.4681117467687,260.06532763887935,128681,71.98457614033364
2022-03-30,263.69781494140625,266.8393940932552,249.36427205181855,255.25476666721582,227699,73.39919356719074
2022-03-31,261.34161376953125,270.17735537759893,256.2365066339617,265.0722482420294,116271,72.18422834091496
2022-04-01,259.525390625,267.03576553865344,257.07101777997565,259.86900881542465,64466,71.97703354234677
2022-04-04,258.1018371582031,271.0118320691888,248.72614506452368,259.5253853637004,115782,73.18495074333242
2022-04-05,282.5473937988281,283.872761145387,261.14527428178184,261.14527428178184,315216,79.49205514636986
2022-04-06,277.5404968261719,289.51781848571727,271.748152869829,279.847583361325,250139,76.7774026230208
2022-04-07,270.2755126953125,283.4800499499503,258.5436290373829,279.7003099584967,198749,71.99123248717785
2022-04-08,265.26861572265625,276.4114439097278,263.10875574350507,271.94449754086156,149141,67.58687642053872
2022-04-11,261.39068603515625,275.6751228088924,257.21825254914904,265.2686067887455,114653,53.05143382747999
2022-04-12,260.3107604980469,267.03574763464303,255.20568329904108,263.10875134589827,135302,54.8939896257546
2022-04-13,272.6808166503906,275.8715012736625,258.2981981099168,261.97975729061517,211611,49.36709637756639
2022-04-18,283.87274169921875,290.4995480174499,264.09050364506436,267.0848263675789,383449,65.77363516761272
2022-04-19,289.2232971191406,303.3604784733504,285.68899429043677,289.1251162148922,454334,67.68196688794649
2022-04-20,297.17547607421875,299.3844116348479,284.95268732116165,288.14337201984824,94918,72.20588064990562
2022-04-21,298.40264892578125,303.06595711947205,291.48129984088797,299.18803621626625,138871,69.20151179604801
2022-04-22,297.27362060546875,302.86960255589764,292.46305592490296,293.5429859455864,82445,70.15416458692367
2022-04-25,298.40264892578125,308.2201398598671,287.50522799682506,294.5247280225755,233470,71.97555576715808
2022-04-26,301.6914978027344,306.30573073067603,296.4882393611031,298.94261220349637,101015,74.13041730103478
2022-04-27,288.6342468261719,305.3239821868689,284.95268755542986,301.1024728739938,86370,53.855724374493995
2022-04-28,295.65374755859375,297.2736276476901,285.00176339604167,290.5977454790358,102303,61.18857720228546
2022-04-29,301.4951477050781,303.36046496028587,293.003024176466,300.36614225802634,131652,69.62963304086666
2022-05-02,297.0773010253906,299.4825684846893,285.14905475494015,299.4825684846893,76124,70.14925777074114
2022-05-04,278.32586669921875,301.10245754561885,270.0791803446961,299.3352912092611,98070,59.0266897431226
2022-05-05,266.4958190917969,276.36238607764426,257.856408584409,276.3133106043242,177869,52.95776538921806
2022-05-06,259.574462890625,264.77775123415387,255.2547727288729,264.77775123415387,79837,43.38781428624656
2022-05-09,279.1603698730469,285.49263375717925,248.33343833919588,251.91683163603022,260522,47.80823088328516
2022-05-10,271.45361328125,293.24845425226806,256.8255583768404,284.7072255029385,191613,41.912412818533376
2022-05-11,271.45361328125,280.7802292891049,247.6461987348836,276.9023085437028,134566,37.379560990188786
2022-05-12,264.9740905761719,277.8350104810188,257.61097192384807,272.68082742439213,146152,34.40220017879159
2022-05-13,265.023193359375,277.54049494312363,260.16352311320657,270.9627636952642,97469,34.7987205851384
2022-05-16,263.35418701171875,271.6499786054627,257.2182553478856,265.072247877592,37468,33.563531404619454
2022-05-17,268.3611145019531,274.00617165919306,260.8507401022677,263.99231915254325,47873,34.61713328277871
2022-05-18,269.0974426269531,272.38630820581886,265.3177024829016,269.9810108521663,32030,39.826185293863375
2022-05-19,262.3233642578125,266.6921296557667,261.14525338611475,261.14525338611475,26323,32.598682931710144
2022-05-20,284.4617919921875,286.57254649284744,265.0722479305975,271.79723502762414,151757,42.4003520502543
2022-05-23,271.0609436035156,292.61031925471485,265.17044876226834,292.61031925471485,46613,39.253856870364686
2022-05-24,269.63739013671875,276.50963398489597,265.71039365204604,270.71732016212485,30148,45.81164648968829
2022-05-25,253.09490966796875,273.36805284560023,250.3460241323265,267.03575907448163,71586,43.82072371892744
2022-05-26,254.86207580566406,268.01750793180753,239.25225591595964,255.15658855541295,46473,47.718637554636764
2022-05-27,256.7273864746094,263.10875554567997,256.2365119306809,260.1635082821089,8226,36.89042072125478
2022-05-30,257.5618896484375,267.0357627387766,250.88599258390752,255.64746686514886,37739,41.17282495043484
2022-05-31,257.02191162109375,262.9124064325224,255.25477516190753,262.9124064325224,21666,40.89220905983473
2022-06-01,278.1786193847656,282.6946713327934,257.21826966251234,257.21826966251234,124823,57.030834627859065
2022-06-02,280.7311706542969,291.6285618326482,276.36237512019727,280.78024612567117,64597,58.14662626266463
2022-06-03,273.51531982421875,287.3579888638367,272.18995247648604,284.6090732610196,26432,54.983159984339316
2022-06-06,278.66949462890625,281.8110738469685,267.67389246417434,273.4171308273548,26695,55.048081449584046
2022-06-07,279.01312255859375,281.7129327418431,273.2698839948329,280.73118358429787,13375,54.87452176227321
2022-06-08,281.46746826171875,283.7254791216984,272.87716396305143,279.0130956049567,51028,59.82862568389915
2022-06-09,281.1238708496094,286.67074747122945,278.6694980116708,286.67074747122945,9001,47.792225303350264
2022-06-10,276.06787109375,282.400135091982,270.1282708001298,279.70032494777456,9714,53.72263111583864
2022-06-13,263.40325927734375,271.94448803376474,261.5379420663448,266.05399370812364,41105,46.028755943841155
2022-06-14,265.5140686035156,270.96276438128814,262.22520297125914,267.9193360356089,12760,59.69349619097391
2022-06-15,272.5335693359375,274.6443240109243,265.1213452960081,268.3120300253575,37567,62.747867153134585
2022-06-16,260.6053161621094,281.7619977361005,259.5744616086628,281.7619977361005,37371,52.44280538143074
2022-06-17,252.9967498779297,264.97407067651085,248.18617039817266,264.97407067651085,30558,47.35042641183329
2022-06-20,228.35484313964844,255.25476207376252,227.7166972462827,252.9967511627364,64708,36.99912129152569
2022-06-21,241.16665649414062,244.308265547204,225.31141477955225,233.5581010930882,49690,31.840075729738743
2022-06-22,242.8356475830078,247.40077493795624,236.65062521349842,245.3881862727576,12657,31.24393463353141
2022-06-23,248.08799743652344,250.39511384026525,240.43035137210455,242.88472415042455,14931,37.165508223246164
2022-06-24,253.4876251220703,255.8438169282871,247.40076882545625,250.88598106489115,11995,37.32081824994426
2022-06-27,257.6600646972656,262.1270111426074,253.29126919398016,259.6726383790998,27374,39.647786507650935
2022-06-28,260.3107604980469,263.10875134589827,252.30951155185022,260.06532323000033,22921,39.76247013340658
2022-06-29,254.66571044921875,260.1635113992098,251.37684497337193,259.08358139750726,12461,37.821959609035595
2022-06-30,248.82431030273438,259.6726410239939,243.57196152351193,258.20001735088994,19443,37.55046935524179
2022-07-01,241.5593719482422,253.29127083789015,235.91431455553726,243.0810860675536,18280,39.49978105610904
2022-07-04,245.73179626464844,247.94073168156544,241.41209135005178,247.05714852661742,7752,40.67559704686112
2022-07-05,251.08233642578125,254.17484014916832,244.8973139987044,249.3151850208589,23219,39.727306260767186
2022-07-06,250.885986328125,255.00932956565742,247.20442719098847,255.00932956565742,11219,44.75634729882315
2022-07-07,252.80038452148438,256.2365062528444,245.33908562698193,253.2912590545358,24724,49.88712419391027
2022-07-08,274.79156494140625,276.2641885798496,253.7821403584022,254.76388945069775,103622,77.53202353262606
2022-07-11,295.21197509765625,299.4334843684445,266.5448885443694,266.5448885443694,170368,79.3913697806232
2022-07-12,288.0451965332031,313.91429279983805,284.363637196223,294.5247469584095,281579,73.19899745291654
2022-07-13,296.53729248046875,304.3422095151802,289.17417450832727,293.05209529122993,43828,74.06143174011129
2022-07-14,299.5316467285156,308.2692074442084,294.86833865412075,299.33528493061533,104022,73.42657462095269
2022-07-15,311.3126525878906,318.0376400659185,293.10118839786753,302.1823677766467,104279,75.33611911011552
2022-07-18,296.48822021484375,322.01369612737994,292.5612239206074,320.98287158438455,262228,65.32224375833347
2022-07-19,299.7279968261719,310.7235990451886,292.0703656111963,292.0703656111963,66502,69.48216735072786
2022-07-20,304.9803466796875,308.95644844269367,295.50647401968234,302.3787176015354,76240,74.40271648029875
2022-07-21,303.99859619140625,310.33088973251455,300.6115798466541,304.9803452699902,35611,78.70034009621448
2022-07-22,297.7154235839844,307.14022122130336,296.1937244171791,307.14022122130336,36311,73.43957331542637
2022-07-25,298.45172119140625,302.37871752287214,287.6524812798751,297.7154093792564,44219,72.28636703788597
2022-07-26,288.781494140625,298.79534702697146,285.24719135952597,294.0338578608106,20812,66.36980013383118
2022-07-27,297.22454833984375,300.415233004103,286.27805156073697,289.5178116971272,25879,68.16539710674611
2022-07-28,294.7210998535156,303.3604801852281,294.18111985740506,297.2245481426466,19201,59.69437636478886
2022-07-29,293.54296875,300.41521216555185,291.5794706312709,297.7154022522993,24166,49.00115572984852
2022-08-01,298.8935241699219,301.9369223981062,291.1376823454129,296.97910144906615,43221,56.63663349700353
2022-08-02,302.6241760253906,309.69278190219705,294.13205185491785,294.13205185491785,50470,53.954103024946804
2022-08-03,300.02252197265625,305.32396096186693,298.45171746754835,305.2257800626844,36751,50.32051294824489
2022-08-04,305.0785217285156,308.9564425167077,300.66065093920486,301.5933245345231,56572,45.53758278015496
2022-08-05,313.47247314453125,322.0137022306219,306.3057167559574,307.6801594928696,165983,63.39008170610823
2022-08-08,311.85260009765625,315.58326470755054,309.2509709374464,313.47248014377897,39981,59.80937228254026
2022-08-10,329.720458984375,331.6348518561126,312.2453060868793,313.66885434278714,284170,66.62270492650352
2022-08-11,322.65185546875,335.1691572597925,318.577602446532,333.9419708096903,121187,61.58537463731142
2022-08-12,327.21697998046875,328.885965521087,317.6940311939832,321.47377141671996,59707,68.72272326012796
2022-08-16,325.106201171875,335.1691292208889,320.7865112210045,330.75125837010233,86028,66.6258166202202
2022-08-17,325.3516540527344,333.74562704836,320.1974711461698,320.1974711461698,43097,75.85006616047896
2022-08-18,321.0319519042969,331.6348300746924,319.3138909996103,326.23521008853453,41824,67.87026368294823
2022-08-19,315.04327392578125,332.81293827413157,309.93819668377955,323.9771965500396,116953,64.49574847220583
2022-08-22,310.4290771484375,320.8355936313783,309.25096624516635,317.1049590386944,52726,61.481980733188024
2022-08-23,323.9772033691406,333.54925710504705,299.72798858726907,309.2018913815475,121157,65.34533166551537
2022-08-24,329.4259033203125,338.7034444347231,324.86077593092205,326.4315805059288,161718,66.05880457730576
2022-08-25,348.0791320800781,360.40010128477905,331.97845280170174,333.2056391790262,346913,74.14898364477024
2022-08-26,345.37933349609375,355.24593027313205,342.77770428206685,350.09174731755564,99511,70.74280515591616
2022-08-29,351.9570617675781,357.3566819620598,319.1175415096246,338.2125739998066,78695,70.18538574249857
2022-08-30,350.5826110839844,358.0439102676432,345.03573463765946,353.42967749389754,59006,70.36654501243878
2022-09-01,353.7242126464844,361.18551230275654,345.0848319669736,351.2698397306453,91491,64.93584964705248
2022-09-02,351.1716613769531,359.22198593629133,344.5939304915898,357.35666865794497,109952,68.80258529838893
2022-09-05,376.0099182128906,385.8274095500418,352.44793900372775,353.47876360988624,174245,75.3830444088614
2022-09-06,380.32958984375,393.0923279590477,370.11940534363276,391.7178852310596,241966,78.08288482907177
2022-09-07,371.39569091796875,384.3547916632718,369.03949895353355,378.8569904391855,68170,71.51377589709236
2022-09-08,381.5567626953125,385.3365025339445,373.80095118420223,375.61719292075037,62502,76.81602127458773
2022-09-09,383.8148193359375,396.0375775496978,380.918647531546,382.8821457146983,108751,81.51150212210908
2022-09-12,391.17791748046875,399.57185979913316,388.77262034510255,391.71786746892906,74116,86.09040298284341
2022-09-13,382.2439880371094,397.60835425252475,377.9733737956099,391.71786011545026,94427,77.16247183862815
2022-09-14,387.64361572265625,390.73611921679924,362.7071960160163,373.06463643815,56221,77.15201832757465
2022-09-15,376.94256591796875,394.02499367619794,371.8374587899445,390.73612831260175,72151,64.54007079736354
2022-09-16,376.99163818359375,391.57061768359563,364.4743376970291,379.4460108280182,90936,66.36178804001362
2022-09-19,371.1011657714844,387.83997621159097,364.27799743244907,376.9916604662699,66983,59.97953548868248
2022-09-20,372.37744140625,383.6675566553685,368.64680661252294,376.0590007266147,37451,61.37296025046301
2022-09-21,365.6524658203125,377.4334550699644,363.2962440018981,374.97908230962025,52732,56.00000614023373
2022-09-22,369.6776123046875,372.721040512439,358.33842216295113,366.094234075179,55974,59.17275028974796
2022-09-23,349.9935607910156,374.0464141974108,346.5574388758163,369.6776186352723,86462,36.410233357117306
2022-09-26,329.96588134765625,342.63043885475093,325.8425231078556,339.6851915293519,76510,27.400866434456248
2022-09-27,328.984130859375,337.57443552242626,324.9589535394243,331.9784536433966,33235,29.506622506790606
2022-09-28,337.6235046386719,340.66693279699064,325.10620379382567,327.9041946806769,49494,28.454490732440007
2022-09-29,345.2320861816406,346.7047099218955,329.42591871078315,340.66695857897173,63871,32.021945450351836
2022-09-30,354.01873779296875,357.3566788006338,340.37243105067,344.59394027203973,46670,32.91196299560461
2022-10-03,355.3931884765625,363.00174430720716,346.55744622162035,348.6191254065614,87479,36.72975052720709
2022-10-04,364.1798400878906,365.7997201083617,358.5838582419671,358.5838582419671,38077,38.77934571029366
2022-10-06,372.37744140625,377.237111693374,365.75063462959343,367.12510741101477,34303,47.76335022296224
2022-10-07,377.18798828125,383.6184324259663,374.0463794095794,375.9116965693702,40195,50.09191197478463
2022-10-10,382.53851318359375,390.6870483142185,369.137644578644,371.542941746975,78221,55.38105240789744
2022-10-11,373.6537170410156,383.8639017869622,372.23016884810073,383.8639017869622,35895,50.560346179004746
2022-10-12,383.3239440917969,387.49637772339406,365.9960486885627,373.5555286641688,72599,57.5630299295678
2022-10-13,375.8135681152344,382.8330986085664,373.5064815475815,381.11503757101656,29388,52.54999143927913
2022-10-14,374.19366455078125,383.8638992057583,371.98472906941817,378.61153551350736,48470,61.83389399608834
2022-10-17,379.6423645019531,381.90037530227556,372.62283492058833,373.16281486717185,81687,78.33147392329715
2022-10-18,387.2018127441406,392.3069197015779,375.07720619067925,375.07720619067925,161780,80.88542191157438
2022-10-19,385.091064453125,393.681368631493,379.9859574143107,388.67444248969497,64977,77.05653700289767
2022-10-20,375.8135681152344,389.0181063595032,374.04643160371154,383.61848595577504,44270,67.10600975736325
2022-10-21,370.2666931152344,377.97343008440134,364.2780171919056,377.97343008440134,41248,59.43021896915558
2022-10-24,379.1023864746094,383.8638753191543,363.247145442678,374.4881839548075,29774,62.66387255130487
2022-10-25,380.0841369628906,381.90037868913697,375.6171907902281,380.8695541756312,15544,59.26773194937631
2022-10-27,371.4447937011719,383.8639143497788,369.6285517971655,381.9004160666597,10717,49.45931228046338
2022-10-28,354.1659851074219,373.5555296836425,349.748114191321,372.0829060449422,49029,38.33912009306631
2022-10-31,340.5687561035156,357.6511844165664,337.7216897114413,357.6511844165664,35616,30.380885563142684
2022-11-01,341.01055908203125,352.3988547411825,334.8746271493641,339.14524176662144,66915,33.4329641654258
2022-11-02,349.6499328613281,351.4661746722863,339.2924919327414,340.37242192525207,32202,32.72907071966823
2022-11-03,336.838134765625,350.48444177248865,335.7582047232244,348.42276259347045,23286,31.041043124361494
2022-11-04,343.5631103515625,346.5574331294875,336.73994210598926,339.2924957642198,30814,35.80526164540407
2022-11-07,346.0665588378906,351.7606916515487,339.68518966783023,348.52093159560616,20547,34.003719727057174
2022-11-09,347.8828125,350.9753162877569,342.6304486277683,343.6121977642376,39735,30.18307360504545
2022-11-10,346.90106201171875,349.50269122110296,341.79595453773,347.8828111443623,13163,30.530522681433112
2022-11-11,344.7412109375,350.23901221598294,341.74688798899217,347.53920203071607,23504,32.919572037712584
2022-11-14,337.9180603027344,346.60651607747667,336.7890248421922,346.60651607747667,12560,32.46405793610565
2022-11-15,337.3780822753906,340.5687669454602,332.81295481648914,337.9180622728428,14956,25.14620818533156
2022-11-16,338.21258544921875,339.194334608723,331.9293968205128,335.1691570626342,30173,25.014668363862825
2022-11-17,337.7217102050781,342.63045599294264,336.24908646871876,338.21258478386454,8733,27.709287464053688
2022-11-18,339.3415832519531,344.6430226002572,334.6782748506531,340.66695057918065,13074,37.64321443397993
2022-11-21,339.6361083984375,344.44667292930995,336.2490620663738,344.44667292930995,9099,49.00106623537849
2022-11-22,337.9671325683594,342.09049083230263,336.7399461755912,339.6851935182348,5123,46.823764422161254
2022-11-23,336.3472595214844,339.6852005871561,326.92246183677156,339.6852005871561,21498,33.733519021881094
2022-11-24,336.6417541503906,338.7034332142504,330.16220421851887,334.3346378160858,28736,49.65392471423915
2022-11-25,336.5926818847656,339.39067278659644,334.1873846272644,339.39067278659644,6545,33.93660639562279
2022-11-28,336.20001220703125,339.6361342709231,334.82553941298914,335.7582131002882,7521,24.812048819783442
2022-11-29,330.8494567871094,342.63044634629426,326.9224602673811,337.6235197915195,34940,13.163393395732058
2022-11-30,333.1565856933594,337.32901965160386,330.0149763758502,332.76389201882245,16523,21.887542429693738
2022-12-01,335.90545654296875,342.4340822207536,333.79470192000747,336.1018183518698,6285,32.35287664018958
2022-12-02,334.0401306152344,337.23081518393246,331.5366823994209,337.23081518393246,6399,40.34222358688746
2022-12-05,338.507080078125,341.55050830166516,330.4567553778308,333.7946963492018,8070,52.351716921809455
2022-12-06,336.7890319824219,340.2742594212012,335.75820736510485,340.2742594212012,5100,47.13999301046591
2022-12-07,336.0036315917969,339.24339165796516,333.7946961028807,335.75819431525065,9443,46.588645056207554
2022-12-08,336.9363098144531,340.6669444845082,334.77644976719677,336.73994800630055,10929,45.090190098151346
2022-12-09,335.0218811035156,341.59961207206106,329.6713365126388,340.17606388972354,10441,41.16538256133147
2022-12-12,348.47186279296875,353.13517112186423,333.3038268757928,335.463686928155,63537,63.86013711195167
2022-12-13,352.0061340332031,356.3258541179244,345.6247647705804,353.0860640543834,26859,69.6670729557145
2022-12-14,355.0986633300781,365.21066712925364,347.0483086833096,350.09173690150766,46878,71.65901720126975
2022-12-15,337.2799072265625,358.63295115855203,333.0093224086496,358.63295115855203,47318,50.56910626636064
2022-12-16,323.63360595703125,342.72863918323065,319.95204659161544,338.6052807097222,44349,41.46665959312784
2022-12-19,327.46240234375,331.19306692316013,321.08103315432726,323.97720500146113,35613,47.651449521622524
2022-12-20,328.78778076171875,330.8494599463842,327.90421252846386,330.8494599463842,11135,46.92890115599819
2022-12-21,321.1301574707031,328.9841507810934,319.313915525554,327.65878341784367,14896,40.28407068173673
2022-12-22,325.0080261230469,337.57443252343415,315.1414596962383,321.1301351716834,102418,44.213825165884
2022-12-23,314.2579040527344,341.64869892250357,311.165400270126,328.93503564215075,139898,35.62282220035702
2022-12-26,331.1930847167969,336.7399614719541,313.71793171360844,317.0067973877445,48247,47.18935927054057
2022-12-27,343.9067077636719,351.4661880381195,331.2421499968776,335.7582019805499,55194,53.5446944013736
2022-12-28,341.35418701171875,356.9148868689041,334.9237121862612,348.52094372952,58683,51.95312974318499
2022-12-29,338.8507080078125,350.33718487340855,332.8129568187093,341.4032617513456,39231,51.68394189210628
2022-12-30,342.1395568847656,356.2767377481415,339.68518416679746,339.68518416679746,52331,46.94166258636796
2023-01-02,354.9023132324219,360.30193348907005,335.75820504976014,341.74688078107295,52136,51.284293569519285
2023-01-03,357.65118408203125,360.40009953021837,355.393173142989,356.27674133824013,27270,51.13536068718092
2023-01-04,354.80413818359375,362.26543774443513,345.57570213019284,357.7984910789835,38156,58.99246506739095
2023-01-05,361.87274169921875,364.2289336606977,352.3988684195726,358.3384387766972,72528,71.0427215848863
2023-01-06,364.5725402832031,365.9960585252917,356.7676228253805,362.8544793298992,44387,70.67838326935524
2023-01-09,370.61029052734375,379.10241437114723,366.192419514435,366.192419514435,72707,72.14141137360635
2023-01-10,365.0143127441406,373.0155920825453,363.34535720775995,367.27235370833426,28190,73.75134943716743
2023-01-11,374.58636474609375,392.60146708994245,363.2962498662645,364.9652353544814,115740,75.27530707656884
2023-01-12,382.3912658691406,385.92556854195186,368.1068287689253,377.97339501827764,81389,85.81012977397502
2023-01-13,374.2918701171875,391.71791784067625,371.59205990650617,382.8821753329918,165187,74.97159387283462
2023-01-16,373.9482421875,380.5259734229986,350.1408254945207,371.29753748052167,125520,70.31875478606916
2023-01-17,368.59771728515625,382.8330794555205,363.2471726230876,382.8330794555205,38043,67.75432762680583
2023-01-18,359.0256652832031,373.06466571945623,357.5530416027316,367.6650455577273,35052,62.038683717794676
2023-01-19,371.2484130859375,380.8695721623002,360.10555490146976,362.0199776147932,143146,65.69614958157928
2023-01-20,362.0690612792969,377.9243334397718,353.77329924189405,376.6480416151369,89226,54.01981768062477
2023-01-23,362.0690612792969,368.99041050974887,360.20374395471316,368.05773686715435,16679,52.556824503974454
2023-01-24,357.2585144042969,364.47437674407877,354.607809640704,358.9274999655495,23121,51.3888922468296
2023-01-25,341.648681640625,360.2037333582967,333.30381441664423,360.2037333582967,68803,39.56431336633102
2023-01-27,331.389404296875,344.98663563485144,328.9841369232495,344.98663563485144,39029,34.11652347832134
2023-01-30,333.2056579589844,339.5379520071181,319.0684760875349,333.2056579589844,50708,31.341818105427507
2023-01-31,344.4466857910156,346.55744041330985,328.935031671507,336.54358737463207,42193,40.2874396747915
2023-02-01,313.47247314453125,352.3006677160803,309.3491449337946,352.3006677160803,107413,25.993050790321547
2023-02-02,318.8230285644531,322.8972814439024,302.96778617684856,309.44733639845515,59041,24.537955852836276
2023-02-03,337.2308349609375,339.1452577986702,299.3844169954155,327.9042179823963,105290,36.28768916281032
2023-02-06,334.23651123046875,338.7034578938112,328.8859663606573,337.2308341638381,27947,35.58960756615535
2023-02-07,343.02313232421875,345.4775050940838,324.958954730133,338.7034422413773,70162,40.94542195084846
2023-02-08,340.2742614746094,348.4227674375816,339.685205992328,345.91931908864376,26474,43.024105451644004
2023-02-09,342.1395568847656,346.5574277771084,336.7399369052356,339.68518416679746,20636,38.266719118610524
2023-02-10,345.1829833984375,346.60650159169705,341.6977561792068,343.61217887431974,9173,42.83930240389107
2023-02-13,337.1817626953125,346.70471161921733,335.8072898958604,345.183012397747,11686,40.11697139581584
2023-02-14,323.7808532714844,339.2434021731754,321.9155359040365,338.5070903207139,23234,37.55473892764796
2023-02-15,320.1484069824219,328.8368930382174,318.0867277548524,323.6827099495971,21704,41.22597114831615
2023-02-16,321.866455078125,322.99546057433366,317.6940213169064,320.246575021773,14065,45.822572310592165
2023-02-17,322.45550537109375,326.13706451312663,317.44857894580804,321.1301380878409,44416,45.23290958414405
2023-02-20,318.4303283691406,325.7934466605778,314.15971376798603,319.21571566931857,23202,37.67440811411955
2023-02-21,311.607177734375,321.81736301747594,309.8891167024866,321.52285025339495,25823,48.854056753832
2023-02-22,303.753173828125,314.15972056392616,302.03511285629105,313.96335875433147,19473,41.01812385159403
2023-02-23,308.0728454589844,311.11627356096494,302.8205119152901,303.3604619182817,25915,29.113850999375245
2023-02-24,321.866455078125,323.63359151039896,309.8891038263847,311.11629022674316,42002,42.32641084376124
2023-02-27,306.894775390625,322.94637920637217,304.58765900795225,322.94637920637217,26933,29.185511610782953
2023-02-28,320.59014892578125,321.91551617109,303.4095400881594,311.21445723006354,42084,39.92965533047912
2023-03-01,318.92120361328125,328.88595106384076,316.22139356723477,319.06845998730824,33201,38.097633884977334
2023-03-02,308.66192626953125,321.7192079198136,307.33655892704985,321.7192079198136,17411,32.56794110003926
2023-03-03,319.51025390625,321.71918936277024,308.3673957223491,309.25096391283626,32210,41.788307193832026
2023-03-06,315.1414794921875,320.78653714664256,313.1779811775944,315.1414794921875,18292,45.61753586299844
2023-03-08,316.56500244140625,317.3994651898979,314.15970521411896,316.12320337170723,6364,48.14058937525792
2023-03-09,320.93377685546875,323.63358689777795,313.76702036376275,317.35039860961575,19272,49.52899482113146
2023-03-10,319.4120788574219,322.99545711597966,314.15971512800456,322.99545711597966,9485,48.47740342526593
2023-03-13,314.5523986816406,321.0810240599334,308.3182860425835,318.1848822554357,12620,48.075975003664176
2023-03-14,315.8287048339844,319.0684649554436,309.3982301023652,312.63802018442993,21128,52.216498396883814
2023-03-15,319.8538513183594,322.01371136664613,315.2396484306274,319.0684640065854,17703,58.80773457014158
2023-03-16,307.7783508300781,320.29565217962676,299.72799601710653,314.6015192362312,57733,49.851500262836836
2023-03-17,307.1893005371094,316.71227919867215,305.520344972087,309.5945979192317,25375,41.46201087386831
2023-03-20,304.6367492675781,311.21448055696794,303.36048735679213,311.21448055696794,18721,48.46461566938241
2023-03-21,302.13330078125,308.2692329660845,300.41523976949634,308.2692329660845,14631,35.19686311368275
2023-03-22,303.8513488769531,308.7110189450107,299.9734279167371,299.9734279167371,15374,37.92288100317012
2023-03-23,300.7097473144531,307.48384029750196,299.6789227095227,307.48384029750196,19686,42.806378428935595
2023-03-24,296.0464172363281,304.39128425133345,289.6159728737126,303.3604597219566,14595,26.099955424225215
2023-03-27,281.1238708496094,301.98603997208755,278.4240607278769,301.98603997208755,34880,21.481454191553794
2023-03-28,279.06219482421875,281.0747685898079,272.48446356003865,276.0187664786935,38316,18.892495775184102
2023-03-29,261.73431396484375,280.48572761742605,257.31644305007535,280.48572761742605,83693,9.58444554264841
2023-03-31,263.2560119628906,277.3931928383892,261.2434383166727,263.1578310619668,34928,11.662176160621499
2023-04-03,272.77899169921875,279.65123535568694,262.22518894107117,279.65123535568694,57222,23.188407500337874
2023-04-05,283.9218444824219,289.0269216962065,272.4844437898591,279.7494109135517,58321,31.823245683576303
2023-04-06,295.5555725097656,299.4334936743814,284.70725628055936,286.7689355078158,48810,37.2619676128128
2023-04-10,314.11065673828125,318.08672886484914,293.54299978577126,293.54299978577126,63234,53.10844541625757
2023-04-11,319.4611511230469,325.9407011746642,312.2943946778459,312.2943946778459,65712,55.7550600288065
2023-04-12,325.79345703125,330.800383620929,320.0992940615854,322.5536669035255,40707,59.582044118179596
2023-04-13,330.8003845214844,333.7947074125605,322.013717739176,322.013717739176,30974,62.695655817134266
2023-04-17,333.7456359863281,335.75820976235696,324.02629541945896,333.7456359863281,14041,63.096783267794336
2023-04-18,324.46807861328125,334.82551966798064,319.06845854558674,334.82551966798064,25136,59.877548358578075
2023-04-19,320.24658203125,328.8859624946276,320.05022021865256,328.8859624946276,7776,60.09834087342854
2023-04-20,320.24658203125,324.9589659275276,318.23397831424757,322.01371850220255,8666,68.6476340425111
2023-04-21,320.4429016113281,322.70094252729876,315.48508061947507,318.5775843055124,13375,70.08098068944804
2023-04-24,315.33782958984375,322.357329811546,314.1597186606242,322.357329811546,9534,79.51352949874317
2023-04-25,314.6996765136719,317.4976675696492,313.8652137087261,317.4976675696492,9243,78.60262497760257
2023-04-26,309.300048828125,314.6996689978378,307.287475112747,314.6996689978378,9758,71.28145924071738
2023-04-27,309.300048828125,314.15971896510877,307.5329123931885,307.5329123931885,6192,66.99539142252786
2023-04-28,323.3390808105469,326.7260973206677,304.6858474067209,312.14714676037244,27919,68.0254793212167
2023-05-02,323.9281311035156,328.3950775735627,322.01370835314964,322.0627838244492,12099,58.30563488862876
2023-05-03,323.5845031738281,326.62793131784,322.1118795519453,322.3082113918338,6193,53.811254418735324
2023-05-04,326.5788269042969,329.86769232886326,319.0193769314564,322.2100614554707,24296,50.77366525832633
2023-05-05,326.1370544433594,332.1256998276775,322.9954454215826,327.90419079273124,23589,44.95215367905306
2023-05-08,340.3724365234375,344.59394581268384,325.0571440507526,328.59144692300384,31001,55.764298391708
2023-05-09,355.8840637207031,391.61972647184695,336.34726180098437,340.3724392724294,354511,74.65333607302131
2023-05-10,360.0074157714844,364.1307441161094,346.5574407878279,355.8840574662538,55819,81.24999700184159
2023-05-11,353.5278625488281,363.1980973304065,353.429681645139,361.8727300321161,17115,73.73948326792008
2023-05-12,348.3736877441406,355.39318809139365,347.5882704570778,354.8532380495303,13122,68.60694138474763
2023-05-15,350.6807861328125,353.4296715943042,347.58825253787876,348.373669784451,7790,74.45650016260437
2023-05-16,343.1703796386719,354.70593135250175,341.6486805457701,352.44792044807895,7249,67.99004975124379
2023-05-17,350.82806396484375,352.447944066622,344.10307631016997,346.5574491797147,13371,75.5126566805105
2023-05-18,347.4410095214844,352.34975514897246,345.72294855186357,350.8280559886934,6542,72.4956342590876
2023-05-19,344.2012634277344,353.4296995916163,339.2434121654323,352.44795042608405,18495,64.10086105326386
2023-05-22,344.7903137207031,349.50269765996575,337.52534603681426,349.50269765996575,31291,64.10086105326386
2023-05-23,343.1703796386719,347.78461230844556,341.6486805457701,347.78461230844556,15210,63.01367085322183
2023-05-24,341.74688720703125,346.45927117174455,337.7217096751767,346.45927117174455,11793,60.29315465774117
2023-05-25,340.17608642578125,345.0848322616511,337.32901983309813,345.0848322616511,5307,59.383205927502075
2023-05-26,348.4227600097656,363.2471778548834,338.4580123391109,341.64869700945786,62774,55.84877046181681
2023-05-29,350.5826110839844,359.3201721187958,345.57568466069984,349.20816833029573,25006,45.221236308898966
2023-05-30,351.0243835449219,355.34410361277213,348.5209352897587,353.13516810741453,6296,41.3269918195179
2023-05-31,357.2585144042969,359.27111816470233,348.61913375460585,354.3132669154558,38865,53.619049761860204
2023-06-01,353.0860595703125,363.2471687977211,349.74811860591393,361.1854896853968,31909,54.66016399527993
2023-06-02,361.8236389160156,363.2471871743198,350.68080998063994,350.68080998063994,24648,59.77603912032811
2023-06-05,356.5712890625,369.7757966277188,355.00048449294167,363.2471710323663,51689,62.24216981873757
2023-06-06,350.82806396484375,359.81106267525615,344.83938817103336,359.81106267525615,35190,50.0
2023-06-07,354.06781005859375,356.17856465016615,347.53918447789556,350.14081362381523,21764,56.29077180420611
2023-06-08,350.6807861328125,362.2654133841618,344.9866234474305,353.92054613818516,21059,56.133810739087195
2023-06-09,356.0804138183594,358.1420629787742,348.66819006905007,354.11691560036036,14273,59.79555978258567
2023-06-12,350.0426330566406,357.30760043643465,344.692118385485,357.30760043643465,20581,55.537985578956686
2023-06-13,349.8953857421875,354.01874409366917,348.5209429452289,354.01874409366917,6240,56.70434686539581
2023-06-14,354.5096130371094,356.37493037200426,346.60651464891515,346.60651464891515,14657,61.230761431952516
2023-06-15,341.5505065917969,356.2767431217157,340.66693839212274,356.2767431217157,36316,44.985668886252455
2023-06-16,357.40576171875,368.74498223946074,337.7707789579758,343.61219831354856,75241,54.14924830239382
2023-06-19,360.4491882324219,367.959563108659,353.8714870168899,363.14899834849837,31366,55.555559553097225
2023-06-20,357.4548645019531,365.70155120821863,355.7858789954183,365.70155120821863,10730,50.120337078483566
2023-06-21,355.4913635253906,362.952662854305,354.60779530657567,359.76197820370265,12535,51.51516316594648
2023-06-22,357.8475646972656,368.7449862398386,349.99357150775086,357.7003083170835,46403,47.27640189377533
2023-06-23,357.1112365722656,358.9274784067473,351.12256104587436,358.33842295223906,14784,50.39425453070721
2023-06-26,366.09423828125,371.0029838467283,352.10431341963687,361.2836736192023,54754,60.64337434298319
2023-06-27,370.8557434082031,377.9243493104843,366.3396913017794,369.87399425292,73160,61.461130781067894
2023-06-28,370.3648681640625,376.9916749502982,363.14900589359564,376.9916749502982,38015,63.99161814853058
2023-06-30,365.79974365234375,376.00992894220394,364.32711990975025,375.51905436133944,12075,56.99152849337141
2023-07-03,374.88092041015625,382.83309454889553,368.1559327137963,368.2541136213079,58873,67.11774105825745
2023-07-04,406.3950500488281,410.1747600978553,370.3648462613001,377.67888900669954,472345,77.18468655649565
2023-07-05,406.0023193359375,428.5334726665656,401.19175484451614,416.2616091881417,477148,75.82468308262887
2023-07-06,400.4063720703125,414.29811569203594,398.8846430055075,406.444122977495,132373,81.87134058372183
2023-07-07,400.7990417480469,408.8493957833204,397.5101765033704,404.48060061284826,60599,78.2247617716732
2023-07-10,374.0954895019531,404.48063669416734,371.1011666757166,403.3516312003702,157642,56.78710655873563
2023-07-11,378.56243896484375,388.7726230736472,373.06463830299475,373.06463830299475,66032,60.34647566146699
2023-07-12,386.5636901855469,391.12881729656976,376.058963318803,383.8148048173577,60673,64.37981844486714
2023-07-13,380.8204650878906,395.64488230277044,379.9368969011716,394.6631332151705,60217,60.30836241896011
2023-07-14,399.9645690917969,402.8607408612559,380.9186429370645,382.88214109653387,101119,66.50283912887939
2023-07-17,406.24774169921875,418.1760165310508,399.8663729245873,404.2842436147168,172271,65.79150390085852
2023-07-18,461.2748107910156,483.0205469001942,381.1150044774437,409.5857277703413,4535429,75.48423321913165
2023-07-19,463.974609375,477.0318598219738,453.12626434112457,466.3308011148279,1004844,76.05903671571951
2023-07-20,441.3943786621094,461.56930964576895,438.94000603827715,461.56930964576895,255742,69.12567989574738
2023-07-21,438.5964050292969,451.5063995433545,432.60772960084984,437.8600932133551,232003,66.64956384617923
2023-07-24,460.4893798828125,469.7669203888397,438.8418253162202,448.6593158154645,387329,64.88384297662921
2023-07-25,455.5315856933594,474.1848187282168,446.94128100625403,460.489406699961,225569,63.29382693316764
2023-07-26,458.7713317871094,466.3308116657217,452.78268638472764,453.3717118625589,89612,65.86603528932551
2023-07-27,458.7222595214844,468.981549434029,456.6115049829018,461.12755676164403,87631,65.77542115929847
2023-07-28,451.50640869140625,468.29432442714176,447.9230304400072,460.8330252156365,123846,73.58662114857854
2023-07-31,439.8235778808594,465.2999779142265,435.8965816497803,454.2553010143165,156115,67.87966766025616
2023-08-01,438.3509521484375,451.06461436856296,429.6133915691783,443.6523910423225,125555,65.71344493041587
2023-08-02,429.07342529296875,442.76883700268144,420.18860806462897,440.51082609311794,119787,64.33363218617959
2023-08-03,432.411376953125,436.82924763619906,425.78457092851386,428.72981805056327,62460,60.63727802090563
2023-08-04,430.30059814453125,440.70714410326156,426.17727009638764,434.66939341664175,54955,58.10721849015754
2023-08-07,427.9935302734375,437.36922215354207,422.1521111695243,435.6020857654464,53380,32.59751786347452
2023-08-08,433.19677734375,436.829260888721,428.53346925902974,431.96959100566573,39024,34.31713556896196
2023-08-09,437.76190185546875,447.1866988665105,430.00609023826917,435.8475091561127,61461,47.73283536433222
2023-08-10,435.2093505859375,441.78708133674843,431.9695906403762,439.823583197474,39880,47.87951644255052
2023-08-11,426.7663269042969,439.52906464057645,424.8028287910231,439.52906464057645,44847,24.61194333667389
2023-08-14,409.78204345703125,428.72981791247463,406.59135907583874,426.12815898701984,62074,20.838499566406014
2023-08-16,417.8323974609375,433.93307572654385,408.407600683806,408.407600683806,74751,25.412727441348295
2023-08-17,424.0665283203125,428.4352937626223,416.55612386804404,420.67948200024614,31047,30.625693737603143
2023-08-18,417.24334716796875,424.0665150647216,408.45668116689603,424.0665150647216,52506,30.760747079322343
2023-08-21,421.0721740722656,428.97527213610385,413.51272413886886,414.7889859575735,36279,38.4522427734193
2023-08-22,430.840576171875,435.65114052014576,420.2376684656706,425.0482627745447,60963,45.80362392285625
2023-08-23,425.1955261230469,437.46738943783924,422.20117349787523,435.6511476751292,26970,47.74157268623659
2023-08-24,423.47747802734375,433.933099894676,422.152110757264,428.5334798733621,29140,44.696980126672806
2023-08-25,426.71722412109375,429.80972767655527,422.15209697154546,425.09734415971906,25141,47.901097392513016
2023-08-28,444.6832580566406,449.64107892959197,428.0916746254714,428.0916746254714,113909,58.26044191307767
2023-08-29,441.7870788574219,454.35345489401374,439.8235807291667,449.00294047088056,67151,54.35106475394404
2023-08-30,429.95703125,446.6958414566044,424.1646875791117,446.6958414566044,62896,46.317757579876215
2023-08-31,428.0916748046875,435.70023018277305,425.3918648318184,431.96959565905024,20800,46.62005141686206
2023-09-01,422.7115478515625,441.22121925807505,419.6018989541338,441.22121925807505,67495,48.01683052899146
2023-09-04,415.9986877441406,429.32565111833907,414.61663830839626,428.43719291867615,68794,53.38014151305002
2023-09-05,423.50128173828125,425.17950399620304,416.5910044138804,418.5653693637092,36738,53.100781146193
2023-09-06,424.4391174316406,432.28720003675147,419.35510358120365,421.5762641512872,64501,50.21633408262052
2023-09-07,425.673095703125,429.62182560713757,422.3660283832308,424.4884646813539,24328,55.23423755971813
2023-09-08,434.9032287597656,441.2705677952987,425.57437241578316,430.5102848072295,87178,58.04819941213992
2023-09-11,426.5615539550781,444.42956279806435,421.6256415744973,436.532102989135,114890,47.46802413245766
2023-09-12,421.4775695800781,436.28530669904444,388.5550280269594,427.8448784653827,163624,47.78531176149791
2023-09-13,421.37884521484375,429.42437635576584,403.757632021858,423.99487274666996,64526,48.72530897837133
2023-09-14,417.6769104003906,426.36410411323845,414.6166387084494,421.52691602025686,23920,44.539650952616014
2023-09-15,434.4096374511719,438.2102960172616,415.8506189128682,421.526918162124,120278,43.70088729384733
2023-09-18,432.5833740234375,435.3474729119939,427.74615577883617,435.3474729119939,34365,44.28186754368701
2023-09-20,434.0147705078125,443.146208431004,428.535919804465,431.991058478105,58403,52.895093469339415
2023-09-21,434.9526062011719,437.1737667785567,427.49936041009624,429.91796953381595,29962,54.96075640728605
2023-09-22,440.8757019042969,447.09493948211684,437.9141544622077,439.04940828972485,75328,63.03116736514715
2023-09-25,447.2923889160156,467.92449677820997,440.8757027787617,443.14621043829953,215221,72.54626303064737
2023-09-26,452.6231689453125,463.9757675120979,445.2193003148003,450.40200835615883,96782,71.65935205293395
2023-09-27,441.56671142578125,454.54818514398283,435.9397893634361,452.6231672566641,58265,61.07210876623569
2023-09-28,445.07122802734375,450.1552117842728,434.11349645204814,441.2705694464253,67408,62.182275503820826
2023-09-29,443.6398010253906,448.52636635789133,439.09875558659314,447.19366398298945,35457,56.082481060767016
2023-10-03,434.8045349121094,443.1955859833391,425.47564843529256,443.1955859833391,40240,55.699665328826036
2023-10-04,421.2801208496094,435.8410623435326,419.10830735588064,430.65835435417006,49920,49.877743034376316
2023-10-05,430.4609069824219,432.2378535166134,419.65127693670144,422.51410009429975,32191,55.05493658080211
2023-10-06,429.8192443847656,433.86669856503596,425.08078054656806,427.05514550022014,16682,56.996582949636135
2023-10-09,425.0807800292969,431.3987418480115,417.77563573495746,420.44101034329327,31914,43.7623859351279
2023-10-10,434.4096374511719,438.70388725632733,424.48846559651827,425.0807811086808,82661,51.109763538009915
2023-10-11,434.65643310546875,441.0731192138363,432.5339968026001,437.32183784720416,24430,50.39561403904887
2023-10-12,435.1006774902344,439.8885185372484,430.95449902909644,436.28530851525045,30534,50.091851701528164
2023-10-13,429.57244873046875,438.11157112903265,426.06796298859,433.42245436449207,17916,42.95383854429235
2023-10-16,436.3840026855469,438.30902056969734,428.2397472357721,428.2397472357721,35390,43.23330105019888
2023-10-17,437.5686340332031,448.6250898540398,427.0057694521106,441.2705683312844,101373,40.15494024195392
2023-10-18,424.1429443359375,439.5429969704032,421.6749881485686,439.2962013516663,79576,38.9480322788956
2023-10-19,407.4595642089844,450.1552060067762,404.7941594912717,418.91088687830006,885633,29.560078452106637
2023-10-20,388.75244140625,413.53072722271213,386.33386245069084,412.64226903237574,144772,24.88707520379522
2023-10-23,381.9408874511719,394.8729836923809,370.1934222116071,394.8729836923809,167855,25.356639854777626
2023-10-25,376.4620666503906,391.8621202586081,361.90112422421964,391.8621202586081,100615,27.412939883825516
2023-10-26,375.8204040527344,377.99218755924306,361.30880870184626,376.1165467633973,85028,19.869364242003627
2023-10-27,391.4671936035156,394.6261895352909,376.31396689947996,378.0908832820923,74797,31.854252999696783
2023-10-30,371.27935791015625,393.1947921391278,369.7985841057763,391.4672227006845,96519,27.7913479017257
2023-10-31,373.4511413574219,376.85693315754736,371.67422484300346,372.365264668844,28281,23.25680158261777
2023-11-01,359.58123779296875,377.10372776091714,357.16262853555713,375.86974959416017,48686,20.58025235268147
2023-11-02,369.30499267578125,373.5005184530189,362.29599064617076,362.29599064617076,66975,25.964644724857834
2023-11-03,372.8588562011719,379.42361404562973,368.7126774960299,373.3524474695735,57905,28.97913716767613
2023-11-06,370.5389709472656,377.6960443339297,368.21908596216633,372.8588559323649,31273,24.75396462482385
2023-11-07,371.0819091796875,373.2537228090024,368.21908585116887,369.69985965485995,37621,24.381869924760224
2023-11-08,369.9960021972656,374.6357721639618,361.3088079367853,374.6357721639618,55546,26.944070997656056
2023-11-09,368.0216369628906,373.7966608173826,364.81329372444173,368.21908552044016,36408,30.802476911905742
2023-11-10,359.4825134277344,371.72357081372985,357.9523925518925,364.81329308155597,77869,34.186655165057005
2023-11-13,363.1351013183594,368.4165339028875,360.3709721460805,366.2940673527094,13378,39.48095425703269
2023-11-15,377.3998718261719,379.91720537125155,363.38189787730596,369.156921743759,60549,50.47761830572794
2023-11-16,392.4543762207031,399.8088976225996,379.02871882142426,379.07806589402037,131613,57.3870973337916
2023-11-17,388.0614318847656,395.662718767241,382.6812754156429,395.662718767241,48124,48.31953930079584
2023-11-20,378.288330078125,388.9005415050463,375.62292539009854,385.00115874412205,31092,53.85449616816056
2023-11-21,386.48193359375,397.6864605546378,374.24087709907826,374.24087709907826,63236,56.720973653666164
2023-11-22,379.8678283691406,390.92428483940915,376.8075866041097,389.8877552256303,23988,61.3098553735811
2023-11-23,378.6831970214844,387.3210435314342,377.59729029209285,384.8530873857343,16994,55.77857565410795
2023-11-24,375.6229553222656,382.9281000706604,375.1293640537738,381.5460505441673,16391,51.7135810578668
2023-11-28,388.0120544433594,391.8620901443571,368.2190581407826,375.6229266020584,92240,59.63002257822318
2023-11-29,385.9389953613281,390.82553046974203,376.1165178191583,389.8383480082744,42931,58.052442758066306
2023-11-30,381.05242919921875,393.88580116706805,378.7819215939356,393.8364540946819,31053,55.75539602631333
2023-12-01,386.778076171875,388.9005425641738,381.6447454504907,384.01397733162327,18417,59.39663836921554
2023-12-04,386.3338623046875,399.80889687788067,382.0889596447013,399.80889687788067,58679,64.63941742151653
2023-12-05,379.5223083496094,391.8620890850445,378.8806156502325,388.90054170854006,32331,58.636842653819876
2023-12-06,379.91717529296875,385.0011589304852,376.8569036454172,383.32293669996466,38200,51.55392674181196
2023-12-07,388.6043701171875,390.9242549280288,377.64663876437584,382.92807096103553,36193,47.4206328922925
2023-12-08,392.7998962402344,401.7339156116442,388.6537479689749,392.84927343926506,63421,53.183022458891514
2023-12-11,404.89288330078125,409.680724296762,391.41784863534,397.34094344444986,84583,67.33121223736129
2023-12-12,402.1287841796875,411.5563646941738,398.77236981531854,406.62045235644945,74185,60.968885876657694
2023-12-13,400.00634765625,404.94225999096966,396.8473517114622,403.75762898006974,54050,65.06649680016255
2023-12-14,404.0044250488281,409.1871330060825,398.77237001873857,402.77044696376754,56930,68.17863537214534
2023-12-15,402.572998046875,406.62045218740997,394.87298685379324,404.74481152513806,25654,69.81132668064446
2023-12-18,391.7139892578125,405.5839209384585,389.1966860277941,405.23840105113374,34692,52.78396794323051
2023-12-19,390.134521484375,400.9935285789395,386.9755255517527,392.947967403196,33195,53.178762530283784
2023-12-20,372.8588562011719,396.0576458160492,370.78576684860093,390.1345505952295,56868,44.77331845522571
2023-12-21,385.8896179199219,391.9114369563739,368.2684049685142,371.18060527858086,59246,49.481569384724914
2023-12-22,382.9774475097656,396.55120633838783,380.4107670877971,388.75244080117244,47646,48.09630449435052
2023-12-26,379.5716552734375,384.8530874514204,378.0908815857648,382.9774468056519,23303,50.029113407615434
2023-12-27,380.4107666015625,387.4691151581406,378.3376774123755,382.97744702025034,36417,50.28968759447892
2023-12-28,385.7415466308594,389.54220513094475,378.0908825582064,382.97744779066153,27936,48.25090569407957
2023-12-29,411.2108459472656,414.51791324800894,385.4947546468701,387.91336374963925,254574,58.92772580580239
2024-01-01,417.4794616699219,427.696806287415,412.14868234274843,414.6166385244415,143962,56.468806493070176
2024-01-02,407.90380859375,423.1064126041997,405.83071938177545,421.6749859723459,73874,52.773833130270305
2024-01-03,411.50701904296875,414.5179135288149,402.47430545901204,408.59481870308355,36489,55.446474664514604
2024-01-04,420.046142578125,428.4371936049501,411.753815823958,414.56729189941245,125491,57.283738150961014
2024-01-05,427.7955322265625,431.3987422405881,419.7006238685059,426.01858569296996,117059,60.83088145488779
2024-01-08,417.8249816894531,429.3750286739049,411.1614999968275,424.6859119272424,60794,61.29860875798167
2024-01-09,424.34039306640625,429.76989668098383,415.75189348005256,419.55255203554054,50619,64.19501173991343
2024-01-10,448.822509765625,454.10394207372264,420.09549349176444,428.4371975217296,242608,79.74487902259231
2024-01-11,440.2340393066406,455.09112359020014,436.13720791071336,451.0930465940424,103998,72.04647300109987
2024-01-12,440.5301818847656,446.74941946080673,438.3090213038341,440.4808348113123,69594,73.8543417480326
2024-01-15,443.6891784667969,454.1039415985439,441.86288485030167,444.97250364248623,58639,76.6297821684394
2024-01-16,445.5648193359375,465.95013156669677,441.5667122074484,448.9705808234446,175869,76.82928177878668
2024-01-17,507.3624572753906,524.1939068282537,439.8885274615736,447.8847117266104,3572598,84.18425254773115
2024-01-18,506.5727233886719,529.0804723120025,484.41046423880545,516.2964469012602,1325924,81.12115589011889
2024-01-19,594.6787719726562,604.8960869161259,513.3349085212329,517.2836385867809,2847389,87.69426141613857
2024-01-23,630.3160400390625,679.4777175639766,604.6986415530778,654.8969089279393,563916,92.58979967844952
2024-01-24,678.8360595703125,692.0149216373061,611.0659579079778,636.7327025050819,465085,93.6774260715976
2024-01-25,734.1182861328125,739.3009942289146,666.3481837845522,694.8283746496161,513065,94.51518726151765
2024-01-29,753.8619384765625,784.7113915299667,731.6996793524294,741.3247087050914,366610,94.69554031161798
2024-01-30,706.082275390625,756.8728265098365,698.5797125739427,755.1452571537602,195989,85.80186366795076
2024-01-31,728.2445678710938,753.3189680998171,706.8226948183495,706.9707962996849,168457,86.33305920872607
2024-02-01,685.4008178710938,737.7214919109152,678.1943974595731,732.9336807461431,225149,77.0944010249195
2024-02-02,728.9849243164062,740.3868700648372,685.4007931307877,692.7059676832292,187820,80.61544301715156
2024-02-05,707.4149780273438,738.9554719618149,695.9636847621802,734.463803493705,88717,77.07560759023937
2024-02-06,706.7239990234375,710.7714233050106,700.8995979813299,710.7714233050106,50445,76.81932686114996
2024-02-07,705.2925415039062,732.4894070325108,700.9489144500178,708.5008845940082,61320,76.50614034333701
2024-02-08,695.7168579101562,718.6195036656057,691.1758425698059,715.016263485901,106960,71.51555398918157
2024-02-09,676.6149291992188,713.7329681732037,664.5712902998083,699.9124127728928,83072,68.64379211918978
2024-02-12,632.0929565429688,686.9803408967662,625.9724128583545,680.3662059513417,118743,54.535658020172555
2024-02-13,695.2726440429688,695.2726440429688,621.9249940919042,647.8385355124002,215356,57.38164423167225
2024-02-14,732.6375122070312,740.3375236115953,681.2052681050258,687.8194028670526,281099,56.27301900786323
2024-02-15,754.059326171875,758.6497488836923,719.7053873295962,748.6298224388103,140758,52.52436249250141
2024-02-16,753.12158203125,765.0664666349957,738.41253811997,761.0683894083099,89856,49.901591763368515
2024-02-19,726.8131103515625,776.9126218630623,722.6175847570033,756.87282930903,110859,52.922349112542115
2024-02-20,698.9252319335938,729.8733801786698,692.557892558207,725.8753029787703,67129,45.93261854192442
2024-02-21,718.9650268554688,745.3228125416144,698.875886406642,698.875886406642,85054,54.97076203117198
2024-02-22,719.90283203125,745.2734341170635,703.6143209191271,745.2734341170635,77287,48.46050593146111
2024-02-23,751.2952270507812,765.0664349300905,720.6925696535776,730.5150475461509,182540,57.198381166745435
2024-02-26,826.4198608398438,826.4198608398438,761.1177138213511,764.0792613459478,276559,65.78159450116291
2024-02-27,872.1757202148438,905.6412303547824,836.1435597305859,848.9769319578559,865436,69.70050372853649
2024-02-28,828.5916137695312,867.2398330486457,828.5916137695312,860.280208419654,112271,64.51995999277543
2024-02-29,820.3486328125,834.1691873965854,787.1793259118294,800.160739244465,182667,66.0883926220563
2024-03-01,819.1640014648438,847.9897416362232,795.915866349482,830.862149884752,67647,73.18893869197152
2024-03-04,801.7896118164062,844.0410093570455,797.643433404085,826.4691734935128,52311,64.89508758633168
2024-03-05,764.3260498046875,801.740290615668,761.7099920813599,801.740290615668,91986,54.43002936771108
2024-03-06,736.2900390625,769.9529982602306,726.1220714246779,742.3612355018483,84996,47.56097479241661
2024-03-07,773.0625610351562,773.0625610351562,745.3721050572814,748.2843053675243,34989,52.49196797532875
2024-03-11,753.8125610351562,811.710840922363,739.3997200983276,811.710840922363,89112,53.43463761758163
2024-03-12,716.1515502929688,765.0664306814542,716.1515502929688,756.033686785822,82695,52.1382169575493
2024-03-13,680.3662109375,725.5791587084955,680.3662109375,706.0329566877325,78888,45.38915184273378
2024-03-14,705.1937866210938,712.7457567599205,646.6045300245815,660.3757377909398,128778,48.33779199669811
2024-03-15,687.5232543945312,717.6816672899156,674.5417806030767,717.6816672899156,74171,42.56274304691499
2024-03-18,697.1483154296875,706.2797538412661,683.7720041854565,690.83032313027,40566,32.20545236194468
2024-03-19,680.662353515625,715.6086391315588,677.2072146652919,715.6086391315588,19681,21.32721672632863
2024-03-20,680.3168334960938,713.7329365051952,655.4891699024199,679.1815495374472,66232,24.499143440179367
2024-03-21,714.3252563476562,714.3252563476562,694.482911547437,705.7368165179984,64016,33.25015076037806
2024-03-22,750.0119018554688,750.0119018554688,703.4662230356954,726.56631755923,75591,40.14906457726084
2024-03-26,731.995849609375,769.0151946671654,720.6432504583192,752.2330915743004,59691,40.07580050944469
2024-03-27,743.59521484375,764.7702914258787,730.218904078343,740.3868717329074,69583,46.81817943364355
2024-03-28,731.0579833984375,763.0920673581539,728.5406800909672,763.0920673581539,27029,49.156857777067856
2024-04-01,764.5234985351562,767.5837401814575,734.4637793847685,734.4637793847685,64232,48.60911116492905
2024-04-02,763.5856323242188,772.1247846989205,755.1945814195569,771.9766832288805,41393,51.69288068617691
2024-04-03,801.7402954101562,801.7402954101562,753.3683526728023,763.5856674968019,82245,64.80027711613462
2024-04-04,786.2415161132812,825.2845720339363,781.947236075995,817.0909693143105,59924,69.68973134779678
2024-04-05,791.325439453125,799.4203477127054,780.3677381981563,786.2414859125805,29242,67.28749097453908
2024-04-08,753.5657348632812,796.9524176500591,751.7888184195331,794.7312570321644,66397,62.266219264734225
2024-04-09,754.5529174804688,784.8100851146401,746.0138250331254,765.0170881003667,82200,61.01533170599047
2024-04-10,762.8452758789062,779.3805827323151,755.1452644395282,755.1452644395282,37812,66.28202055535792
2024-04-12,762.2035522460938,784.5139119639748,755.2932750353301,762.1048581013599,32719,66.20431834300544
2024-04-15,739.9920043945312,760.130552216734,724.0983896765902,724.8387765781,60858,55.32786885245901
2024-04-16,759.3407592773438,768.0279528632764,732.1932416632819,735.4509317264022,25868,52.07737573584257
2024-04-18,759.6369018554688,773.9510475044672,750.4561170415059,750.4561170415059,35875,56.68256280963614
2024-04-19,742.163818359375,760.1305525613942,724.1477370811342,728.5900584922073,68847,49.66349928601929
2024-04-22,773.6055908203125,779.2324828723638,748.2843355747289,760.031831434887,93765,59.18585712704445
2024-04-23,776.1722412109375,808.5024681103438,772.9638980835155,808.5024681103438,51893,52.902113118744055
2024-04-24,775.4318237304688,789.3510723404734,767.5837111087276,778.8376152741869,29152,52.95421100793988
2024-04-25,779.0350952148438,799.6178262714361,767.0408037196369,799.6178262714361,24314,43.15883050468434
2024-04-26,785.7972412109375,791.1773976893936,775.0863355794855,779.0350654348169,24213,49.858698990219
2024-04-29,765.362548828125,803.9614191477058,759.5382084685607,795.6690623864645,43900,42.477117048797865
2024-04-30,793.7933959960938,801.592161570637,767.0901223687229,774.8888879432661,69485,62.32234133646429
2024-05-02,833.4781494140625,833.4781494140625,792.7075253536631,793.7934019721911,129329,69.54289864771123
2024-05-03,803.8133544921875,871.4847031421903,791.8190629583471,862.7975091509634,147216,59.17330247963883
2024-05-06,782.4407958984375,817.3870791819903,763.6349820330422,798.6306123891668,80381,54.146441996182794
2024-05-07,746.2606201171875,790.1902412018685,743.3484197025792,784.7607374723011,97450,51.21484772086974
2024-05-08,764.3753662109375,770.9895007390354,722.7162543765198,746.1124907132779,51497,50.980387962028644
2024-05-09,738.6099853515625,774.9382906191936,728.0964672439367,766.9914832564056,31972,46.27493137647343
2024-05-10,774.9876098632812,775.530548187916,728.441991122636,733.4765977733772,62064,55.449925261584454
2024-05-13,794.089599609375,808.4037453638125,753.8125068015166,789.7459726586181,152492,53.54639981402033
2024-05-14,833.7742919921875,833.7742919921875,796.1626638991999,805.5408973859232,116104,58.83689067953696
2024-05-15,875.4334106445312,875.4334106445312,853.9621917184843,868.1776435223811,244193,63.63025589267941
2024-05-16,854.1102905273438,872.5706148843324,834.9095793131456,868.7699261989554,133862,59.76126627152819
2024-05-17,817.9300537109375,858.8487806559767,812.6486514022919,858.8487806559767,91484,53.881011334654964
2024-05-21,817.3870849609375,849.9641064630039,809.4896252028608,847.0025590537251,62407,56.600707858681034
2024-05-22,808.8479614257812,822.1749252441901,786.5870079870806,819.2627850565124,67852,52.011613587244625
2024-05-23,799.7659301757812,817.8807050334433,791.4735730362863,806.5281062309272,34799,45.09410047865164
2024-05-24,776.5177001953125,817.3870782067862,766.0535902034615,812.4511658987742,57817,45.95226553004891
2024-05-27,775.3331298828125,793.694699577883,770.0516675585467,789.7459697292368,49992,48.87886047583637
2024-05-28,759.0446166992188,783.5760767001295,752.479829246833,768.0279529734812,44524,52.15151900510338
2024-05-29,753.8619384765625,768.4722273920871,739.1528951595642,760.476013008942,41674,48.15008842957917
2024-05-30,761.4631958007812,774.8889139265115,736.4874906496655,764.5728447709007,39708,54.29577834831432
2024-05-31,765.609375,773.2106922923822,743.2990746251596,761.463196453897,30015,47.994086685617056
2024-06-03,803.8626708984375,803.8626708984375,803.8626708984375,803.8626708984375,43345,51.93207837489286
2024-06-04,764.0792236328125,824.4454551307768,763.6843265478886,806.5774164625975,162614,36.227075158597714
2024-06-05,783.378662109375,802.2832311165187,727.6028507678883,747.3958478747863,133897,30.04493453783263
2024-06-06,821.6319580078125,822.520446332247,789.7459762666152,789.7459762666152,128766,43.44098034802464
2024-06-07,936.0958251953125,965.4645051843033,831.7999677887354,841.8692415498144,1249577,68.13087606077202
2024-06-10,981.950439453125,1025.6826119144034,959.5907318487548,975.3363046885762,466111,72.16756212609485
2024-06-11,989.2062377929688,1010.776212130473,973.8062144937163,999.0287159739127,147129,74.37951249390304
2024-06-12,984.4677734375,1016.7980011437704,977.3107001284783,989.0087889531227,131098,75.26330174942325
2024-06-13,994.2409057617188,997.7947387563264,966.9946318759812,995.8697207788974,69696,80.91969166787294
2024-06-14,975.5337524414062,1004.655636009034,967.438843941532,999.2261322930356,74163,77.08333436544522
2024-06-18,1030.0755615234375,1043.8961169272998,957.5670529818757,986.6395905069965,254245,83.22643131011883
2024-06-19,977.70556640625,1056.2852688474081,972.3747568361654,1039.3057781485797,186346,74.59594409638967
2024-06-20,962.9472045898438,990.8351108784639,957.56704778625,979.2850633030515,115679,71.79624718692202
2024-06-21,947.30029296875,982.2465772035594,942.7592776174866,977.2119706074701,75506,69.17786332700004
2024-06-24,955.3952026367188,969.857450229452,912.7489069795272,957.5670161672532,129325,67.08212587376406
2024-06-25,957.8138427734375,1006.975520359682,948.090119024722,964.4279777269501,131205,73.84858193957619
2024-06-26,935.7503051757812,961.2689484085207,928.4451306579859,957.8138096979382,104107,68.63005089042953
2024-06-27,909.0963745117188,950.6073859542179,905.7399299616795,937.823360723265,66339,61.0062124070877
2024-06-28,938.465087890625,945.4740596900892,903.2720069083076,914.7727073815546,86631,50.379390434177154
2024-07-01,938.3169555664062,952.2856118834956,926.3720715535449,938.0701599442162,65063,41.814818147906685
2024-07-02,992.710693359375,1000.8056018729261,933.7265392540991,947.39905296828,266982,50.558608181556565
2024-07-03,993.796630859375,1005.4453722626109,977.3106711241874,1000.1639700096911,113716,51.50453356348957
2024-07-04,978.7914428710938,1016.0575820222625,975.8298953888817,995.0306069491243,98410,47.54970310754535
2024-07-05,1027.4595947265625,1035.5544430284226,969.9561538193815,983.0856690255135,198712,57.52073310512936
2024-07-08,1069.3160400390625,1095.7725793462703,1039.1082795203818,1052.287141846519,503293,55.900245474939126
2024-07-09,1026.71923828125,1077.805934196434,1015.8108231251078,1075.2391632145088,174602,57.59291161837261
2024-07-10,1001.2498779296875,1027.6570105248259,966.2542452997678,1027.6570105248259,142976,55.743039498467944
2024-07-11,1010.5787353515625,1041.4775354914034,1001.5459913928478,1016.7979730390005,96164,59.67109721077957
2024-07-12,992.7601318359375,1046.413478047919,984.0728774008151,1016.6993081025998,110939,55.54579801307285
2024-07-15,935.0592651367188,1034.5178405980173,912.9463532936816,1006.876791173477,643984,47.0988017190649
2024-07-16,943.30224609375,978.1004299664801,919.6592126601499,935.0592961427639,168615,50.99804232671929
2024-07-18,916.9444580078125,957.0241044018838,913.1438294135513,947.6458704781771,94242,51.03799214476722
2024-07-19,883.6764526367188,922.472713435895,868.5231648757641,920.991939663004,174934,42.82760219818116
2024-07-22,880.0731811523438,902.2847869582077,863.8340173014892,888.4642322345591,70108,42.44364562626458
2024-07-23,897.4475708007812,902.9758288548603,843.9423284479043,884.6141985274066,102842,36.327567717386174
2024-07-24,950.5086669921875,959.0478199066973,891.2283686100254,895.7694443619049,143047,44.59375939496573
2024-07-25,931.6041259765625,970.6471813264117,924.0028087683918,945.622129356736,72702,44.16361391105365
2024-07-26,917.4380493164062,942.759305012915,910.1822819077566,938.8105749395625,62347,35.12213416740825
2024-07-29,919.313720703125,951.051662786119,912.2553415920271,932.8381332622919,73042,27.25640782657686
2024-07-30,916.2534790039062,935.7996808272541,910.4784251167275,920.0541076004763,52692,30.969387551241738
2024-07-31,921.6829833984375,932.8381338178096,912.8970348740747,916.253479541387,50071,35.27585465335871
2024-08-01,887.6744995117188,926.1746162943977,876.6180436671513,924.3976998780722,125965,29.159697175117856
2024-08-02,877.30908203125,895.8681006047817,870.8430488377829,877.8026732712526,57079,29.91585160696546
2024-08-05,845.5711669921875,867.6840793199972,828.2461259901602,857.6148056662117,112531,32.88654511244408
2024-08-06,831.3557739257812,896.3123709572793,826.1730657543399,858.2564972918343,68318,29.06977619953912
2024-08-07,867.2891845703125,870.1520379585695,834.7615087229682,838.9570344023704,44397,41.03706484894316
2024-08-08,863.3897705078125,885.1571923335981,859.8359376908221,873.8045938451429,32537,45.90391173921049
2024-08-09,861.3660888671875,877.4078046885313,859.8359680240271,876.0257853233188,18150,46.19859903670441
2024-08-12,868.7205810546875,876.6180408824573,856.1833515275354,863.7846686623312,36090,43.91468459245609
2024-08-13,846.0647583007812,872.0770535957761,829.2826556276899,861.8103313887494,45347,24.60393055238535
2024-08-14,840.7833251953125,863.7846647900107,831.5531329112831,863.7846647900107,28167,26.349606877904222
2024-08-16,863.488525390625,867.0423582096048,839.401248830936,844.9295068583718,53774,36.549344791306204
2024-08-19,901.54443359375,906.2335505492061,870.6949799394333,873.6071804149688,82123,46.24687123245854
2024-08-20,874.3475341796875,943.4503077475304,869.6584174018697,907.8623914106587,184567,41.967824362262895
2024-08-21,870.6456298828125,886.4898971748463,867.7334294172493,875.6308895257113,46421,40.152376277594556
2024-08-22,862.402587890625,884.4661524054404,857.5654299045527,882.2449918319726,41442,44.58543969674121
2024-08-23,859.490478515625,870.7936700802475,856.8744207566494,866.3513487744814,40252,46.05637623202784
2024-08-26,852.5802001953125,875.6308877387078,849.717346810702,868.7206101579062,59760,51.74276901708896
2024-08-27,866.7462158203125,881.5539529926413,849.7173180721344,857.3679822778375,60286,58.80185789625643
2024-08-28,870.7936401367188,892.4129605158367,863.8833627875918,872.3731682539357,80203,51.035879531488085
2024-08-29,847.2000122070312,877.6052203904643,839.2037980067773,872.5706138684366,89213,45.7135442067973
2024-08-30,845.5999755859375,860.0999755859375,838.0499877929688,851.0,79610,45.81632461350984
2024-09-02,806.5999755859375,845.0,796.9500122070312,839.0,205163,35.88615223670146
2024-09-03,814.9000244140625,830.9000244140625,793.0,806.0,154945,42.425225127929274
2024-09-04,819.7999877929688,825.0,808.25,825.0,38829,44.890399317275275
2024-09-05,810.2999877929688,826.0,808.75,826.0,29402,36.157992866793556
2024-09-06,803.0,822.9000244140625,797.3499755859375,810.2999877929688,59843,19.46656237660312
2024-09-09,812.1500244140625,827.4000244140625,796.25,803.0,57324,28.301851438616694
2024-09-10,834.75,850.0,813.1500244140625,814.2000122070312,81022,38.93629973655438
2024-09-11,819.0999755859375,838.0999755859375,811.0999755859375,838.0999755859375,38993,37.23612105598353
2024-09-12,818.6500244140625,830.0999755859375,812.0,814.0,31785,37.784560786017586
2024-09-13,816.2000122070312,831.0,808.2999877929688,818.0499877929688,51282,38.820343515044115
2024-09-16,810.9500122070312,827.5499877929688,804.5,815.7999877929688,53237,31.85973958145233
2024-09-17,806.5999755859375,821.0999755859375,795.0999755859375,821.0999755859375,63508,29.170573116259504
2024-09-18,809.75,815.0,800.0,807.0,45196,35.989529269227205
2024-09-19,804.9000244140625,825.0,795.0499877929688,825.0,165608,35.13515561955799
2024-09-20,850.4500122070312,857.5999755859375,801.0999755859375,809.0,283514,65.28408256870975
2024-09-23,876.5,912.7999877929688,856.75,856.75,397301,69.10669796675629
2024-09-24,849.2000122070312,883.5,839.0,879.0,125649,58.006543661085956
2024-09-25,855.2999877929688,864.6500244140625,842.0,848.0499877929688,75516,62.4861299094024
2024-09-26,836.0999755859375,859.0,827.0999755859375,859.0,62559,58.61529926929376
2024-09-27,815.7000122070312,844.9500122070312,811.5499877929688,839.0,54570,50.87287663749724
2024-09-30,837.75,840.0,810.0,820.0,104244,50.73964523754061
2024-10-01,815.3499755859375,848.9500122070312,812.5999755859375,837.7999877929688,76045,49.10522517043539
2024-10-03,804.2999877929688,818.9500122070312,794.0,815.5,106831,46.74084964611247
2024-10-04,811.7000122070312,836.0,798.2999877929688,806.9000244140625,186675,49.000444138590765
2024-10-07,782.8499755859375,825.4500122070312,775.5499877929688,818.5,109640,44.35061615563939
2024-10-08,816.0499877929688,821.0,778.5,782.8499755859375,287546,51.70239823863373
2024-10-09,861.4000244140625,868.0,821.75,824.0,571075,58.07662617889953
2024-10-10,882.5,888.5,860.0499877929688,866.6500244140625,124708,61.54761541457403
2024-10-11,890.5499877929688,899.8499755859375,863.0499877929688,880.0,400045,56.71691383349036
2024-10-14,991.9000244140625,1011.0,885.0499877929688,892.0,764180,65.43606331457757
2024-10-15,1008.2000122070312,1034.949951171875,993.9000244140625,1021.0,551114,71.91289672005055
2024-10-16,1029.699951171875,1044.5,949.6500244140625,1005.0,272216,73.05657823239805
2024-10-17,1022.0,1038.0,1001.0,1037.949951171875,113884,75.34770236810445
2024-10-18,1020.4500122070312,1042.25,983.0499877929688,1011.7999877929688,323961,79.43079119886495
2024-10-21,982.0499877929688,1105.0,963.2999877929688,1100.0,599272,69.81054131746441
2024-10-22,930.9500122070312,994.6500244140625,927.0,973.75,579231,64.711128454549
2024-10-23,988.2999877929688,1017.5999755859375,922.0,922.0,274017,70.94717901368733
2024-10-24,977.1500244140625,1019.4500122070312,973.0,997.0,147468,68.6759288004298
2024-10-25,992.4000244140625,1002.9000244140625,946.0499877929688,982.8499755859375,192715,74.40318159098882
2024-10-28,1006.2000122070312,1030.0,987.25,1005.0,173971,73.19186531078587
2024-10-29,1022.4500122070312,1032.9000244140625,993.0,1014.2000122070312,183673,71.14350473241075
2024-10-30,1051.1500244140625,1087.949951171875,1020.2999877929688,1028.0,375605,71.70808322970944
2024-10-31,1073.449951171875,1082.75,1023.0,1053.0,214430,72.70922134585705
2024-11-01,1085.1500244140625,1099.0,1075.0,1097.949951171875,73893,64.89379622726267
2024-11-04,1040.0,1100.0,1024.050048828125,1091.699951171875,185004,54.65048297057654
2024-11-05,1154.199951171875,1165.0,1038.050048828125,1057.0,900652,64.32352070449144
2024-11-06,1171.5999755859375,1192.0,1142.4000244140625,1165.0,464750,66.83547155607391
2024-11-07,1141.5999755859375,1195.0,1122.25,1190.25,176716,62.81332406347657
2024-11-08,1113.1500244140625,1148.75,1102.0,1139.0,129060,64.16379371852051
2024-11-11,1107.1500244140625,1132.0,1085.699951171875,1119.300048828125,173082,71.09169961109622
2024-11-12,1081.3499755859375,1121.3499755859375,1067.550048828125,1117.6500244140625,186369,62.04842633918164
2024-11-13,1041.300048828125,1081.0,1020.0499877929688,1070.050048828125,187552,57.72798888499684
2024-11-14,1047.6500244140625,1077.8499755859375,1041.300048828125,1041.300048828125,112481,56.80167589369977
2024-11-18,1104.300048828125,1173.6500244140625,1026.699951171875,1059.0,299932,60.92428173233837
2024-11-19,1102.3499755859375,1145.0,1086.5,1113.449951171875,148740,59.19024167646594
2024-11-21,1100.300048828125,1140.0,1067.4000244140625,1092.0,162058,56.022550329145666
2024-11-22,1196.050048828125,1209.699951171875,1092.0,1103.75,547742,62.731058946651096
2024-11-25,1205.699951171875,1230.0,1152.0999755859375,1207.8499755859375,359056,62.57169357883703
2024-11-26,1222.300048828125,1250.0,1202.050048828125,1214.0,344894,70.21513509767252
2024-11-27,1241.0999755859375,1251.5999755859375,1210.050048828125,1229.1500244140625,167720,62.22222985281165
2024-11-28,1245.6500244140625,1253.0,1215.0999755859375,1246.050048828125,114703,60.80549685285438
2024-11-29,1267.25,1287.449951171875,1230.0,1248.949951171875,304988,68.79582203474942
2024-12-02,1292.199951171875,1295.0,1225.0,1267.0,239143,77.06727027059944
2024-12-03,1284.800048828125,1327.0,1275.0,1296.0,184070,76.74245701258852
2024-12-04,1289.9000244140625,1303.949951171875,1275.5999755859375,1284.9000244140625,93372,83.48053379404843
2024-12-05,1273.9000244140625,1310.0,1264.949951171875,1290.75,106331,90.46627582050299
2024-12-06,1318.949951171875,1340.449951171875,1264.199951171875,1278.300048828125,241150,91.59769245368268
2024-12-09,1308.8499755859375,1338.199951171875,1295.75,1322.0,71353,86.58561241114359
2024-12-10,1299.550048828125,1324.3499755859375,1285.0,1315.0,110965,84.36744372268677
2024-12-11,1280.0999755859375,1305.300048828125,1269.550048828125,1298.0,59649,79.54323271247097
2024-12-12,1259.0,1290.300048828125,1252.4000244140625,1280.0,63790,63.70564878354746
2024-12-13,1257.1500244140625,1265.449951171875,1222.0999755859375,1253.0,97694,61.59570329587491
2024-12-16,1302.4000244140625,1333.199951171875,1252.1500244140625,1257.1500244140625,149875,65.98804245226702
2024-12-17,1280.050048828125,1320.1500244140625,1257.75,1314.0,48124,57.66583780796906
2024-12-18,1259.5,1298.25,1252.3499755859375,1280.0,48497,52.56433843056403
2024-12-19,1252.6500244140625,1266.0999755859375,1171.550048828125,1200.0,74257,47.140620106482935
2024-12-20,1188.199951171875,1263.800048828125,1178.199951171875,1241.0,114696,32.360910973084884
2024-12-23,1168.5,1211.449951171875,1159.050048828125,1191.949951171875,110124,31.064782757669448
2024-12-24,1153.199951171875,1180.5,1145.0,1168.5,78206,28.458855216419977
2024-12-26,1167.800048828125,1181.1500244140625,1132.0999755859375,1165.699951171875,103310,33.20671614655083
2024-12-27,1165.25,1184.8499755859375,1150.0,1157.0,99777,21.89102618482704
2024-12-30,1231.4000244140625,1245.0,1161.0,1176.699951171875,251762,38.24557516221688
2024-12-31,1258.9000244140625,1267.0,1212.0,1239.0,104085,44.15360376635694
2025-01-01,1247.550048828125,1267.5,1237.6500244140625,1258.0,105951,45.206904671600284
2025-01-02,1299.25,1309.300048828125,1254.050048828125,1254.0999755859375,147681,55.43698285442919
2025-01-03,1278.050048828125,1317.699951171875,1272.9000244140625,1310.800048828125,67620,52.68292912245732
2025-01-06,1246.8499755859375,1300.0,1218.300048828125,1280.050048828125,198297,42.60220802630175
2025-01-07,1288.800048828125,1299.0,1233.199951171875,1233.199951171875,327946,51.107453931276055
2025-01-08,1328.6500244140625,1348.949951171875,1256.5999755859375,1285.1500244140625,298121,58.34439335638532
2025-01-09,1319.3499755859375,1366.75,1308.449951171875,1350.0,368937,58.00142805764245
2025-01-10,1236.800048828125,1319.199951171875,1229.050048828125,1315.0,207968,55.58750072276604
2025-01-13,1156.800048828125,1237.199951171875,1145.6500244140625,1218.25,262649,48.818664523699184
2025-01-14,1169.3499755859375,1186.3499755859375,1139.050048828125,1178.199951171875,146049,51.6397626167191
2025-01-15,1215.75,1222.8499755859375,1151.0999755859375,1177.8499755859375,235285,54.5731951523009
2025-01-16,1313.0,1331.0,1222.550048828125,1222.550048828125,536824,61.93553692994569
2025-01-17,1390.5999755859375,1428.9000244140625,1237.0,1313.449951171875,1658475,62.62690163656347
2025-01-20,1383.75,1485.0,1375.0999755859375,1403.0,981212,60.237802425631195
2025-01-21,1398.949951171875,1437.800048828125,1376.6500244140625,1396.5,440552,62.33702236696302
2025-01-22,1392.0999755859375,1456.699951171875,1309.300048828125,1450.0,699921,58.162636968285746
2025-01-23,1352.800048828125,1406.800048828125,1345.0,1392.050048828125,214766,56.36874999219965
2025-01-24,1356.9000244140625,1378.6500244140625,1330.0,1351.0,168630,59.830290024795715
2025-01-27,1265.800048828125,1342.050048828125,1255.0999755859375,1342.050048828125,218278,48.11134727289276
2025-01-28,1286.949951171875,1299.949951171875,1181.449951171875,1260.0,338107,46.4672905314778
2025-01-29,1293.9000244140625,1334.4000244140625,1266.8499755859375,1282.3499755859375,186845,47.83533485724918
2025-01-30,1294.1500244140625,1338.5999755859375,1284.449951171875,1312.949951171875,172861,55.672041498378704
2025-01-31,1354.699951171875,1363.9000244140625,1281.050048828125,1295.0,142054,70.35590016192347
2025-02-01,1380.0,1389.050048828125,1298.699951171875,1358.699951171875,223326,71.11357500421502
2025-02-03,1331.699951171875,1382.0,1315.0,1355.0,164761,61.57763431885099
2025-02-04,1398.949951171875,1433.949951171875,1342.699951171875,1355.0,319742,59.12904893757933
2025-02-05,1452.5999755859375,1463.800048828125,1403.0,1430.0,263925,56.93823042775991
2025-02-06,1480.050048828125,1485.0,1431.0,1452.75,204637,60.301676181919795
2025-02-07,1441.75,1477.699951171875,1430.449951171875,1475.0,107302,54.36289998247961
2025-02-10,1395.4000244140625,1449.949951171875,1368.0,1445.0,123951,50.31132536114387
2025-02-11,1342.25,1402.949951171875,1325.5,1402.949951171875,143816,49.030059121659534
2025-02-12,1388.3499755859375,1391.0,1277.0,1325.0,228176,52.68412954932444
2025-02-13,1369.75,1403.0,1360.0,1381.550048828125,123280,60.12466459502673
2025-02-14,1268.050048828125,1379.25,1230.0,1379.25,284724,48.408831648246846
2025-02-17,1251.25,1286.5,1220.0,1262.0,150837,46.467907594965624
2025-02-18,1199.1500244140625,1260.0,1167.199951171875,1260.0,136358,42.75472957221772
2025-02-19,1246.050048828125,1266.699951171875,1179.199951171875,1199.1500244140625,92917,41.53751310170881
2025-02-20,1263.800048828125,1305.0,1225.050048828125,1248.449951171875,156394,40.841746190017865
2025-02-21,1234.0999755859375,1285.699951171875,1220.0999755859375,1255.3499755859375,85477,42.075353320904284
2025-02-24,1209.800048828125,1245.0,1182.050048828125,1220.0,88027,33.4904538623948
2025-02-25,1180.550048828125,1237.5,1174.0,1214.3499755859375,110103,25.19829606826589
2025-02-27,1117.300048828125,1192.75,1105.0,1180.550048828125,96093,18.955926401369283
2025-02-28,1082.6500244140625,1138.6500244140625,1064.050048828125,1100.550048828125,219560,19.07509553169234
2025-03-03,1050.6500244140625,1086.0,1001.0499877929688,1065.0,331321,19.558498896247244
2025-03-04,1064.1500244140625,1104.949951171875,1025.0,1025.050048828125,137293,23.59475992412446
2025-03-05,1047.550048828125,1089.1500244140625,1018.0,1061.449951171875,235843,15.72118854400388
2025-03-06,1087.25,1095.0,1049.6500244140625,1049.6500244140625,129207,22.742181916348613
2025-03-07,1052.199951171875,1109.550048828125,1035.449951171875,1087.25,261765,26.098984130725924
2025-03-10,1004.7999877929688,1071.050048828125,1000.0,1052.199951171875,135689,24.442597643281985
2025-03-11,1033.5999755859375,1046.0,967.0499877929688,1000.0,171431,31.96032934111824
2025-03-12,1012.5,1041.0999755859375,987.2000122070312,1033.0999755859375,206482,23.034281453794108
2025-03-13,997.0999755859375,1027.949951171875,990.25,1021.9000244140625,107949,19.03876207594945
2025-03-17,1006.4500122070312,1030.050048828125,985.3499755859375,995.0999755859375,146911,22.261482784988587
2025-03-18,1006.4500122070312,1006.4500122070312,1006.4500122070312,1006.4500122070312,0,23.662732411463452
2025-03-19,1055.25,1059.449951171875,1028.3499755859375,1034.0,104905,34.553740585522206
2025-03-20,1051.9000244140625,1103.800048828125,1045.0,1073.0,153763,40.54092657630331
2025-03-21,1117.5,1128.0,1046.800048828125,1051.9000244140625,184350,54.62630885725435
2025-03-24,1132.25,1147.6500244140625,1112.5,1139.9000244140625,133597,61.352253444394485
2025-03-25,1065.3499755859375,1144.949951171875,1052.0,1140.0,119971,50.145342948737856
2025-03-26,1086.4000244140625,1104.949951171875,1047.8499755859375,1055.0,235603,54.655479399153684
2025-03-27,1079.4000244140625,1100.4000244140625,1051.0,1069.699951171875,107353,48.97932978946961
2025-03-28,1059.1500244140625,1095.0,1053.5,1095.0,111146,50.93983410982927
2025-04-01,1055.550048828125,1080.5,1048.699951171875,1059.0,87730,57.784945411034634
2025-04-02,1079.75,1081.5,1022.0499877929688,1060.0,131732,57.180648501670845
2025-04-03,1080.4000244140625,1087.6500244140625,1060.0,1080.0,120639,61.28282135341848
2025-04-04,1020.6500244140625,1086.0,1006.4000244140625,1082.0,119694,53.41057912065532
2025-04-07,981.3499755859375,999.0,852.8499755859375,852.8499755859375,218386,46.655112499404204
2025-04-08,1000.2000122070312,1028.4000244140625,980.7000122070312,1018.9000244140625,82211,49.20695353057473
2025-04-09,980.3499755859375,1020.8499755859375,969.0,999.0,73056,39.74253569159785
2025-04-11,1018.8499755859375,1036.449951171875,1006.8499755859375,1015.0,68361,45.871325577969586
2025-04-15,1075.199951171875,1090.0999755859375,995.0,1051.0,384394,44.59078828362638
2025-04-16,1109.300048828125,1120.0,1070.9000244140625,1075.199951171875,145966,47.20361412415379
2025-04-17,1087.5,1133.199951171875,1076.0,1110.0,214425,53.0321710620862
2025-04-21,1122.5,1132.699951171875,1081.5,1106.0999755859375,108364,54.76001542617712
2025-04-22,1145.199951171875,1157.699951171875,1113.0999755859375,1132.800048828125,120826,58.33121073056072
2025-04-23,1145.5999755859375,1169.0,1124.0,1156.0,115574,61.52511822148795
2025-04-24,1124.4000244140625,1151.9000244140625,1120.0,1133.0,83144,58.767343677621334
2025-04-25,1080.4000244140625,1133.199951171875,1060.0,1125.199951171875,129196,50.07880035231526
2025-04-28,1092.800048828125,1096.5999755859375,1059.300048828125,1072.9000244140625,79815,51.46157693361357
2025-04-29,1080.0,1112.9000244140625,1076.0,1093.0,54300,57.86612818782087
2025-04-30,1089.800048828125,1109.0,1061.199951171875,1080.199951171875,93725,65.59309807390558
2025-05-02,1085.5,1109.800048828125,1082.5,1089.5999755859375,40235,62.800108368459355
2025-05-05,1113.0,1132.9000244140625,1080.0,1094.9000244140625,110186,69.45869721317435
2025-05-06,1047.5,1121.0999755859375,1035.699951171875,1113.0,90291,53.894251366134725
2025-05-07,1073.699951171875,1081.0,1021.0,1029.0999755859375,149103,49.77790951547838
2025-05-08,1033.5999755859375,1089.0,1007.2999877929688,1080.0,75978,38.98748078112197
2025-05-09,1011.9000244140625,1035.300048828125,1000.0,1000.0,115407,38.99883862665915
2025-05-12,1106.9000244140625,1118.9000244140625,1050.0,1050.0,188456,48.06739636650253
2025-05-13,1005.0999755859375,1145.0,993.2000122070312,1110.0,704203,35.487885402117556
2025-05-14,978.5,1026.9000244140625,910.0,1010.0,1617585,33.582239382054155
2025-05-15,986.0999755859375,1010.0,965.2000122070312,979.0,330531,36.03876083241446
2025-05-16,996.7000122070312,1002.0,978.7000122070312,988.2000122070312,196402,40.93959767017263
2025-05-19,1014.5999755859375,1032.300048828125,982.9000244140625,996.7000122070312,274276,41.63456684237234
2025-05-20,1004.2000122070312,1035.0,996.0,1020.7999877929688,205373,41.8494626083489
2025-05-21,1035.0999755859375,1045.0,990.0,1001.0,159609,44.3735764528029
2025-05-22,1019.7999877929688,1039.9000244140625,1014.0,1035.0,64446,43.39166770929474
2025-05-23,1026.800048828125,1037.300048828125,1012.5999755859375,1030.0,106697,40.95677951472042
2025-05-26,1016.7000122070312,1038.5,1014.0,1035.0,95086,46.34378017252435
2025-05-27,1013.0999755859375,1023.0999755859375,1007.0,1023.0999755859375,65683,42.398396977213025
2025-05-28,1019.9000244140625,1032.9000244140625,1014.7999877929688,1020.0,99145,48.12483584168354
2025-05-29,1016.7999877929688,1023.7999877929688,1008.2999877929688,1019.0,62772,50.70665726581267
2025-05-30,1006.2000122070312,1025.0,1001.9000244140625,1017.5,80654,30.80442813014467
2025-06-02,1016.4000244140625,1032.800048828125,996.5,999.5,89443,53.30991329221418
2025-06-03,1005.5999755859375,1029.9000244140625,1002.0999755859375,1018.9000244140625,66446,58.74756293037822
2025-06-04,1002.0,1014.2000122070312,996.2000122070312,1011.0999755859375,68729,55.26839263728245
2025-06-05,1020.5999755859375,1030.300048828125,1006.9000244140625,1012.0,81542,57.5204375477017
2025-06-06,1027.800048828125,1044.0,1016.0999755859375,1021.0,183121,54.45346013692943
2025-06-09,1034.0999755859375,1079.800048828125,1027.0,1045.0,273021,60.37471563197155
2025-06-10,1019.4000244140625,1048.699951171875,1012.2000122070312,1042.4000244140625,147358,43.86241861193138
2025-06-11,1007.9000244140625,1028.800048828125,1003.5,1022.9000244140625,106515,45.20550033763563
2025-06-12,991.2999877929688,1019.7000122070312,987.7000122070312,1013.7000122070312,116530,36.72399948323316
2025-06-13,986.4000244140625,996.2999877929688,970.5999755859375,970.5999755859375,79644,38.210127081309714
2025-06-16,977.2000122070312,997.7999877929688,965.0,987.0,156385,36.61448412562953
2025-06-17,963.0999755859375,995.0,961.0,980.0,92232,29.91512057246996
2025-06-18,963.5999755859375,978.0,956.2000122070312,963.0999755859375,60821,30.835728787533
2025-06-19,937.2000122070312,967.2000122070312,930.0,961.2000122070312,82125,27.684343177129108
2025-06-20,954.5999755859375,964.4000244140625,934.2000122070312,935.2000122070312,60527,30.902324844488547
2025-06-23,956.2000122070312,962.9000244140625,945.5,951.2999877929688,39778,33.81389546503736
2025-06-24,968.2000122070312,989.0,960.0,960.0,69070,39.50310540168919
2025-06-25,996.2999877929688,1001.2999877929688,968.5,970.0,85412,42.87390132204702
2025-06-26,995.0,1008.0,985.2999877929688,1008.0,51052,40.03642830550533
2025-06-27,980.5999755859375,1004.0,973.0,997.2000122070312,66903,34.51070783837237
2025-06-30,991.2000122070312,998.0,980.5999755859375,980.9000244140625,44825,41.63700887254045
2025-07-01,982.7000122070312,998.9000244140625,976.3499755859375,993.7000122070312,63128,42.39130234472988
2025-07-02,977.3499755859375,985.5499877929688,971.0,982.7000122070312,42536,45.481046680514744
2025-07-03,971.0,988.4500122070312,968.0,980.9000244140625,43698,45.057760080983215
2025-07-04,976.0999755859375,981.0,960.25,970.0,49328,49.63743027930924
2025-07-07,1031.550048828125,1039.800048828125,981.0,981.0,494846,67.72858221422402
2025-07-08,1028.949951171875,1050.0,1009.5499877929688,1050.0,121023,66.74351179417891
2025-07-09,1010.0499877929688,1042.8499755859375,1003.9500122070312,1035.949951171875,207457,69.41111609843679
2025-07-10,1004.25,1020.0,999.8499755859375,1015.0999755859375,53615,64.10110088524291
2025-07-11,995.7000122070312,1009.5499877929688,992.0999755859375,1004.25,40511,60.792342527734284
2025-07-14,986.5499877929688,996.7999877929688,982.0,995.0499877929688,49092,55.09296715657376
2025-07-15,1007.0499877929688,1010.9500122070312,987.0,996.9500122070312,86505,53.115036033875455
2025-07-16,996.9500122070312,1020.0,990.0,1012.4000244140625,78672,50.537637303739416
2025-07-17,990.9500122070312,1007.9500122070312,985.1500244140625,1006.0,61347,52.99220253986516
2025-07-18,980.5499877929688,994.0,966.0,991.0,95999,46.91750596571858
2025-07-21,942.3499755859375,983.0,932.5,982.0,386314,40.03457400383426
2025-07-22,919.5999755859375,936.0,907.4000244140625,925.0,168449,36.866050864736046
2025-07-23,894.4500122070312,923.9000244140625,887.0,920.0499877929688,165834,33.9618771455966
2025-07-24,908.7999877929688,915.5499877929688,890.4500122070312,894.4500122070312,104508,36.42598535796897
2025-07-25,887.9000244140625,911.75,886.0,907.0499877929688,59622,16.334651780590377
2025-07-28,886.75,909.9000244140625,873.2000122070312,888.0,80148,16.446433056586727
2025-07-29,900.5999755859375,907.7999877929688,875.5499877929688,885.8499755859375,42669,23.543616770467295
2025-07-30,905.8499755859375,909.7999877929688,894.5,902.4000244140625,39167,26.151221679884557
2025-07-31,894.2000122070312,902.0,885.25,900.0,55115,25.764076567385885
2025-08-01,884.4000244140625,910.2000122070312,872.0,894.0,55278,25.684354039582658
2025-08-04,911.7999877929688,916.0,877.0499877929688,884.4000244140625,66152,28.047920020391018
2025-08-05,878.0999755859375,911.75,866.0499877929688,909.2999877929688,90860,25.296174815137334
2025-08-06,862.1500244140625,880.25,856.25,877.0999755859375,58095,24.291400810245335
2025-08-07,880.5999755859375,887.7000122070312,850.0499877929688,856.3499755859375,42233,30.67102856202635
2025-08-08,859.0499877929688,883.0,852.5999755859375,883.0,36632,32.78212391993006
2025-08-11,859.0,869.3499755859375,854.4000244140625,859.9000244140625,35142,36.17699439322286
2025-08-12,859.0,874.7999877929688,855.0999755859375,861.2000122070312,41314,40.86574103634404
2025-08-13,871.1500244140625,873.8499755859375,857.0,858.0,51733,40.1876455293171
2025-08-14,865.2999877929688,873.9500122070312,858.0,868.7999877929688,36053,43.608582074223364
2025-08-18,902.2999877929688,911.9000244140625,868.0,868.0,67681,53.65624251052294
2025-08-19,898.4500122070312,917.0,889.5,894.0,54659,49.46953736429719
2025-08-20,901.1500244140625,907.4500122070312,894.0999755859375,896.0,21685,48.82559854760014
2025-08-21,899.4000244140625,920.1500244140625,894.5499877929688,908.7000122070312,40360,51.36698612267688
2025-08-22,899.8499755859375,914.0,891.2000122070312,898.0,29705,54.27148567486678
