Date,Open,High,Low,Close,Volume,RSI
2021-03-04,0.699999988079071,0.699999988079071,0.6499999761581421,0.699999988079071,330635,
2021-03-05,0.699999988079071,0.699999988079071,0.6499999761581421,0.699999988079071,234332,
2021-03-08,0.699999988079071,0.699999988079071,0.6499999761581421,0.6499999761581421,82874,0.0
2021-03-09,0.699999988079071,0.699999988079071,0.6499999761581421,0.699999988079071,73556,50.0
2021-03-10,0.699999988079071,0.699999988079071,0.6499999761581421,0.699999988079071,79575,50.0
2021-03-12,0.699999988079071,0.699999988079071,0.6499999761581421,0.6499999761581421,310829,33.33333333333333
2021-03-15,0.6499999761581421,0.699999988079071,0.6499999761581421,0.6499999761581421,168667,33.33333333333333
2021-03-16,0.6499999761581421,0.699999988079071,0.6000000238418579,0.6499999761581421,334572,33.33333333333333
2021-03-17,0.699999988079071,0.699999988079071,0.6000000238418579,0.6000000238418579,167527,25.00000745058105
2021-03-18,0.6499999761581421,0.6499999761581421,0.6000000238418579,0.6499999761581421,408632,39.99999523162728
2021-03-19,0.6000000238418579,0.6499999761581421,0.6000000238418579,0.6000000238418579,143041,33.33333333333333
2021-03-22,0.6000000238418579,0.6499999761581421,0.6000000238418579,0.6499999761581421,113918,42.85713799145542
2021-03-23,0.6499999761581421,0.6499999761581421,0.6000000238418579,0.6000000238418579,96665,37.499998137353906
2021-03-24,0.6499999761581421,0.6499999761581421,0.6000000238418579,0.6499999761581421,575207,44.444440029283115
2021-03-25,0.6499999761581421,0.6499999761581421,0.6000000238418579,0.6000000238418579,513063,39.99999761581279
2021-03-26,0.6499999761581421,0.6499999761581421,0.550000011920929,0.6000000238418579,266491,39.99999761581279
2021-03-30,0.6000000238418579,0.6499999761581421,0.6000000238418579,0.6000000238418579,156221,44.44444591616508
2021-03-31,0.6000000238418579,0.6499999761581421,0.550000011920929,0.550000011920929,155925,33.33332450300951
2021-04-01,0.550000011920929,0.6000000238418579,0.550000011920929,0.6000000238418579,231309,39.99999761581279
2021-04-05,0.6000000238418579,0.6499999761581421,0.550000011920929,0.550000011920929,240875,39.99999761581279
2021-04-06,0.550000011920929,0.6000000238418579,0.550000011920929,0.6000000238418579,161959,45.45454742494796
2021-04-07,0.6000000238418579,0.6000000238418579,0.550000011920929,0.550000011920929,69113,41.666665838824
2021-04-08,0.550000011920929,0.6000000238418579,0.550000011920929,0.6000000238418579,188081,50.0
2021-04-09,0.6000000238418579,0.6499999761581421,0.550000011920929,0.6000000238418579,157637,45.45454841014857
2021-04-12,0.550000011920929,0.6499999761581421,0.550000011920929,0.550000011920929,76834,45.45454348414359
2021-04-13,0.550000011920929,0.6000000238418579,0.550000011920929,0.6000000238418579,140371,45.45454939534876
2021-04-15,0.6000000238418579,0.6000000238418579,0.550000011920929,0.6000000238418579,119794,50.0
2021-04-16,0.6000000238418579,0.6000000238418579,0.550000011920929,0.550000011920929,66555,40.00000476837101
2021-04-19,0.550000011920929,0.6000000238418579,0.5,0.550000011920929,175622,44.44444444444444
2021-04-20,0.550000011920929,0.6000000238418579,0.5,0.6000000238418579,66648,50.0
2021-04-22,0.6000000238418579,0.6000000238418579,0.550000011920929,0.550000011920929,103230,45.45454545454545
2021-04-23,0.550000011920929,0.6000000238418579,0.550000011920929,0.550000011920929,76387,50.0
2021-04-26,0.6000000238418579,0.6000000238418579,0.550000011920929,0.550000011920929,94696,44.44444444444444
2021-04-27,0.550000011920929,0.6000000238418579,0.550000011920929,0.6000000238418579,167132,55.55555555555556
2021-04-28,0.6000000238418579,0.6000000238418579,0.550000011920929,0.6000000238418579,158426,50.0
2021-04-29,0.6000000238418579,0.6000000238418579,0.550000011920929,0.6000000238418579,346248,57.14285714285714
2021-04-30,0.6000000238418579,0.6000000238418579,0.550000011920929,0.6000000238418579,314786,50.0
2021-05-03,0.6000000238418579,0.6000000238418579,0.550000011920929,0.6000000238418579,162100,50.0
2021-05-04,0.6000000238418579,0.6000000238418579,0.550000011920929,0.550000011920929,130195,50.0
2021-05-05,0.550000011920929,0.6000000238418579,0.550000011920929,0.6000000238418579,217120,50.0
2021-05-06,0.6000000238418579,0.6000000238418579,0.550000011920929,0.550000011920929,95221,42.857142857142854
2021-05-07,0.6000000238418579,0.6000000238418579,0.550000011920929,0.6000000238418579,685544,57.14285714285714
2021-05-10,0.6000000238418579,0.6499999761581421,0.550000011920929,0.6499999761581421,724478,62.49999441206505
2021-05-11,0.6499999761581421,0.6499999761581421,0.6000000238418579,0.6499999761581421,430796,57.1428498443297
2021-05-12,0.6000000238418579,0.699999988079071,0.6000000238418579,0.6499999761581421,881739,66.66666004392863
2021-05-14,0.6499999761581421,0.699999988079071,0.6499999761581421,0.699999988079071,1188268,71.42856656288647
2021-05-17,0.699999988079071,0.75,0.699999988079071,0.75,981096,74.99999627471004
2021-05-18,0.800000011920929,0.800000011920929,0.699999988079071,0.75,1005628,71.42856656288647
2021-05-19,0.75,0.75,0.699999988079071,0.699999988079071,655127,62.49999441206505
2021-05-20,0.699999988079071,0.75,0.699999988079071,0.75,536729,66.66666225150826
2021-05-21,0.800000011920929,0.800000011920929,0.699999988079071,0.699999988079071,1376534,59.999995231628986
2021-05-24,0.75,0.75,0.699999988079071,0.75,660423,63.63635969556119
2021-05-25,0.75,0.800000011920929,0.699999988079071,0.800000011920929,1733616,72.72726977167089
2021-05-26,0.800000011920929,0.8500000238418579,0.75,0.8500000238418579,1891742,72.72726977167089
2021-05-27,0.8999999761581421,0.8999999761581421,0.8999999761581421,0.8999999761581421,939343,81.81817787737894
2021-05-28,0.949999988079071,0.949999988079071,0.8999999761581421,0.949999988079071,2359653,81.81817787737894
2021-05-31,1.0,1.0,0.949999988079071,1.0,654843,81.8181798477806
2021-06-01,1.0499999523162842,1.0499999523162842,1.0499999523162842,1.0499999523162842,948253,83.33333002196431
2021-06-02,1.100000023841858,1.100000023841858,1.0,1.100000023841858,1586859,84.615383204624
2021-06-03,1.149999976158142,1.149999976158142,1.0499999523162842,1.100000023841858,955428,83.33333167764899
2021-06-04,1.100000023841858,1.100000023841858,1.0499999523162842,1.0499999523162842,188518,74.9999900658949
2021-06-07,1.0,1.0,1.0,1.0,175178,69.23076640924799
2021-06-08,0.949999988079071,0.949999988079071,0.949999988079071,0.949999988079071,116332,69.23076640924799
2021-06-09,0.8999999761581421,0.8999999761581421,0.8999999761581421,0.8999999761581421,280635,61.53845801156
2021-06-10,0.8500000238418579,0.8500000238418579,0.8500000238418579,0.8500000238418579,589088,61.53846365460266
2021-06-11,0.8500000238418579,0.8999999761581421,0.800000011920929,0.8999999761581421,577294,61.53846012770067
2021-06-14,0.8999999761581421,0.8999999761581421,0.8500000238418579,0.8500000238418579,550806,53.84615525691485
2021-06-15,0.8500000238418579,0.8500000238418579,0.800000011920929,0.800000011920929,1014002,46.153844743085145
2021-06-16,0.800000011920929,0.8500000238418579,0.75,0.8500000238418579,726749,46.153849680748344
2021-06-17,0.8500000238418579,0.8999999761581421,0.800000011920929,0.8500000238418579,602398,41.666669150193684
2021-06-18,0.800000011920929,0.8999999761581421,0.800000011920929,0.800000011920929,351033,33.33333333333333
2021-06-21,0.8500000238418579,0.8500000238418579,0.75,0.75,330770,25.000004967053542
2021-06-22,0.800000011920929,0.800000011920929,0.75,0.800000011920929,373175,24.999997516472988
2021-06-23,0.8500000238418579,0.8500000238418579,0.800000011920929,0.800000011920929,502196,24.999997516472988
2021-06-24,0.8500000238418579,0.8500000238418579,0.800000011920929,0.8500000238418579,351721,33.33333664470301
2021-06-25,0.8999999761581421,0.8999999761581421,0.800000011920929,0.8999999761581421,313772,41.66666335529699
2021-06-28,0.8999999761581421,0.8999999761581421,0.8500000238418579,0.8999999761581421,205348,45.45454348414359
2021-06-29,0.8500000238418579,0.949999988079071,0.8500000238418579,0.8999999761581421,436367,50.0
2021-06-30,0.8999999761581421,0.8999999761581421,0.8500000238418579,0.8999999761581421,238780,55.555551140395984
2021-07-01,0.8999999761581421,0.949999988079071,0.8500000238418579,0.8500000238418579,353572,44.44444885960402
2021-07-02,0.8500000238418579,0.8999999761581421,0.800000011920929,0.8999999761581421,305133,55.555551140395984
2021-07-05,0.8999999761581421,0.949999988079071,0.8500000238418579,0.8999999761581421,309889,62.49999813735446
2021-07-06,0.8999999761581421,0.949999988079071,0.8500000238418579,0.8999999761581421,264463,57.142852277170526
2021-07-07,0.8999999761581421,0.949999988079071,0.8500000238418579,0.949999988079071,318765,62.49999813735446
2021-07-08,0.949999988079071,0.949999988079071,0.8999999761581421,0.949999988079071,255279,71.42857386141473
2021-07-09,0.949999988079071,0.949999988079071,0.8999999761581421,0.8999999761581421,265547,71.42857386141473
2021-07-12,0.949999988079071,0.949999988079071,0.8999999761581421,0.949999988079071,578866,71.42857386141473
2021-07-13,0.949999988079071,1.0,0.949999988079071,1.0,477936,75.00000372529108
2021-07-14,1.0499999523162842,1.0499999523162842,1.0499999523162842,1.0499999523162842,255589,75.0
2021-07-15,1.100000023841858,1.100000023841858,1.100000023841858,1.100000023841858,231303,75.00000745058104
2021-07-16,1.149999976158142,1.149999976158142,1.149999976158142,1.149999976158142,388175,77.77778219293735
2021-07-19,1.2000000476837158,1.2000000476837158,1.149999976158142,1.2000000476837158,1076076,80.00000715255737
2021-07-20,1.2000000476837158,1.25,1.149999976158142,1.149999976158142,230769,72.72726977167089
2021-07-22,1.149999976158142,1.149999976158142,1.149999976158142,1.149999976158142,0,79.99998807907389
2021-07-23,1.149999976158142,1.149999976158142,1.149999976158142,1.149999976158142,0,77.77776747574423
2021-07-26,1.100000023841858,1.100000023841858,1.100000023841858,1.100000023841858,2142,70.0
2021-07-27,1.100000023841858,1.100000023841858,1.100000023841858,1.100000023841858,0,70.0
2021-07-28,1.100000023841858,1.100000023841858,1.100000023841858,1.100000023841858,0,66.66666666666666
2021-07-29,1.100000023841858,1.100000023841858,1.100000023841858,1.100000023841858,0,66.66666666666666
2021-07-30,1.100000023841858,1.100000023841858,1.100000023841858,1.100000023841858,0,75.0
2021-08-02,1.0499999523162842,1.0499999523162842,1.0499999523162842,1.0499999523162842,38551,62.499990686777856
2021-08-03,1.0499999523162842,1.0499999523162842,1.0499999523162842,1.0499999523162842,0,57.14284741149054
2021-08-04,1.0499999523162842,1.0499999523162842,1.0499999523162842,1.0499999523162842,0,50.0
2021-08-05,1.0499999523162842,1.0499999523162842,1.0499999523162842,1.0499999523162842,0,39.99999046326138
2021-08-06,1.0499999523162842,1.0499999523162842,1.0499999523162842,1.0499999523162842,0,25.00001490114876
2021-08-09,1.0,1.0,1.0,1.0,160055,0.0
2021-08-10,1.0,1.0,1.0,1.0,0,0.0
2021-08-11,1.0,1.0,1.0,1.0,0,0.0
2021-08-12,1.0,1.0,1.0,1.0,0,0.0
2021-08-13,1.0,1.0,1.0,1.0,0,0.0
2021-08-16,0.949999988079071,0.949999988079071,0.949999988079071,0.949999988079071,1060,0.0
2021-08-17,0.949999988079071,0.949999988079071,0.949999988079071,0.949999988079071,0,0.0
2021-08-18,0.949999988079071,0.949999988079071,0.949999988079071,0.949999988079071,0,0.0
2021-08-20,0.949999988079071,0.949999988079071,0.949999988079071,0.949999988079071,0,0.0
2021-08-23,0.8999999761581421,0.8999999761581421,0.8999999761581421,0.8999999761581421,5800,0.0
2021-08-24,0.8999999761581421,0.8999999761581421,0.8999999761581421,0.8999999761581421,0,0.0
2021-08-25,0.8999999761581421,0.8999999761581421,0.8999999761581421,0.8999999761581421,0,0.0
2021-08-26,0.8999999761581421,0.8999999761581421,0.8999999761581421,0.8999999761581421,0,0.0
2021-08-27,0.8999999761581421,0.8999999761581421,0.8999999761581421,0.8999999761581421,0,0.0
2021-08-30,0.8500000238418579,0.8500000238418579,0.8500000238418579,0.8500000238418579,8000,0.0
2021-08-31,0.8500000238418579,0.8500000238418579,0.8500000238418579,0.8500000238418579,0,0.0
2021-09-01,0.8500000238418579,0.8500000238418579,0.8500000238418579,0.8500000238418579,0,0.0
2021-09-02,0.8500000238418579,0.8500000238418579,0.8500000238418579,0.8500000238418579,0,0.0
2021-09-03,0.8500000238418579,0.8500000238418579,0.8500000238418579,0.8500000238418579,0,0.0
2021-09-06,0.8500000238418579,0.8500000238418579,0.8500000238418579,0.8500000238418579,0,0.0
2021-09-07,0.8500000238418579,0.8500000238418579,0.8500000238418579,0.8500000238418579,0,0.0
2021-09-08,0.8500000238418579,0.8500000238418579,0.8500000238418579,0.8500000238418579,0,0.0
2021-09-09,0.8500000238418579,0.8500000238418579,0.8500000238418579,0.8500000238418579,0,0.0
2021-09-13,0.800000011920929,0.800000011920929,0.800000011920929,0.800000011920929,1800,0.0
2021-09-14,0.800000011920929,0.800000011920929,0.800000011920929,0.800000011920929,0,0.0
2021-09-15,0.75,0.75,0.75,0.75,16500,0.0
2021-09-16,0.699999988079071,0.699999988079071,0.699999988079071,0.699999988079071,4575,0.0
2021-09-17,0.6499999761581421,0.6499999761581421,0.6499999761581421,0.6499999761581421,36061,0.0
2021-09-20,0.6000000238418579,0.6000000238418579,0.6000000238418579,0.6000000238418579,137200,0.0
2021-09-21,0.550000011920929,0.6499999761581421,0.550000011920929,0.6000000238418579,258962,0.0
2021-09-22,0.550000011920929,0.6499999761581421,0.550000011920929,0.6499999761581421,193182,16.666653421187945
2021-09-23,0.6000000238418579,0.6499999761581421,0.6000000238418579,0.6499999761581421,65338,16.666653421187945
2021-09-24,0.6000000238418579,0.6499999761581421,0.6000000238418579,0.6000000238418579,78481,14.285704554341052
2021-09-27,0.550000011920929,0.6499999761581421,0.550000011920929,0.6000000238418579,113120,14.285704554341052
2021-09-28,0.6000000238418579,0.6000000238418579,0.6000000238418579,0.6000000238418579,36890,14.285704554341052
2021-09-29,0.550000011920929,0.6499999761581421,0.550000011920929,0.6000000238418579,57936,14.285704554341052
2021-09-30,0.6000000238418579,0.6499999761581421,0.6000000238418579,0.6000000238418579,132447,14.285704554341052
2021-10-01,0.6000000238418579,0.6499999761581421,0.6000000238418579,0.6000000238418579,102705,16.66665673255565
2021-10-04,0.550000011920929,0.6499999761581421,0.550000011920929,0.6000000238418579,99030,16.66665673255565
2021-10-05,0.6000000238418579,0.6499999761581421,0.6000000238418579,0.6000000238418579,14365,19.99999046325229
2021-10-06,0.6499999761581421,0.6499999761581421,0.6000000238418579,0.6000000238418579,90023,24.999992549414515
2021-10-07,0.6000000238418579,0.6499999761581421,0.6000000238418579,0.6000000238418579,9553,33.33333333333333
2021-10-08,0.6499999761581421,0.6499999761581421,0.6000000238418579,0.6499999761581421,61653,66.66666666666666
2021-10-11,0.699999988079071,0.699999988079071,0.699999988079071,0.699999988079071,208586,75.00000745058549
2021-10-12,0.75,0.75,0.75,0.75,10749,75.00001490116652
2021-10-13,0.800000011920929,0.800000011920929,0.800000011920929,0.800000011920929,48764,80.00001430511816
2021-10-14,0.8500000238418579,0.8500000238418579,0.8500000238418579,0.8500000238418579,21504,
2021-10-18,0.8999999761581421,0.8999999761581421,0.8999999761581421,0.8999999761581421,22526,
2021-10-19,0.949999988079071,0.949999988079071,0.949999988079071,0.949999988079071,76894,
2021-10-20,1.0,1.0,1.0,1.0,101344,
2021-10-21,1.0499999523162842,1.0499999523162842,1.0499999523162842,1.0499999523162842,69329,
2021-10-22,1.100000023841858,1.100000023841858,1.100000023841858,1.100000023841858,206482,
2021-10-25,1.149999976158142,1.149999976158142,1.0499999523162842,1.0499999523162842,538465,90.90907908668356
2021-10-26,1.0,1.0,1.0,1.0,38010,83.33333002196431
2021-10-27,0.949999988079071,0.949999988079071,0.949999988079071,0.949999988079071,14086,76.92307269079468
2021-10-28,0.8999999761581421,0.8999999761581421,0.8999999761581421,0.8999999761581421,24300,71.42856656288647
2021-10-29,0.8500000238418579,0.8500000238418579,0.8500000238418579,0.8500000238418579,17250,64.28571671855676
2021-11-01,0.800000011920929,0.800000011920929,0.800000011920929,0.800000011920929,35750,57.142858359278385
2021-11-02,0.800000011920929,0.800000011920929,0.75,0.75,41951,50.0
2021-11-03,0.75,0.800000011920929,0.699999988079071,0.800000011920929,67137,50.0
2021-11-04,0.800000011920929,0.800000011920929,0.75,0.75,1750,42.85714164072162
2021-11-08,0.75,0.800000011920929,0.75,0.800000011920929,12913,42.857146506406266
2021-11-09,0.75,0.8500000238418579,0.75,0.8500000238418579,6104,42.857146506406266
2021-11-10,0.8500000238418579,0.8999999761581421,0.8500000238418579,0.8999999761581421,26318,42.85714164072162
2021-11-11,0.949999988079071,0.949999988079071,0.8999999761581421,0.949999988079071,61075,42.857146506406266
2021-11-12,0.949999988079071,1.0,0.8999999761581421,0.949999988079071,104938,38.46153634539734
2021-11-15,0.949999988079071,1.0,0.8999999761581421,1.0,147539,46.153849680748344
2021-11-16,1.0,1.0499999523162842,0.949999988079071,1.0,88882,50.0
2021-11-17,1.0,1.0499999523162842,0.949999988079071,0.949999988079071,49105,50.0
2021-11-18,0.8999999761581421,0.949999988079071,0.8999999761581421,0.8999999761581421,60517,50.0
2021-11-22,0.8999999761581421,0.8999999761581421,0.8500000238418579,0.8500000238418579,47350,50.0
2021-11-23,0.800000011920929,0.8500000238418579,0.800000011920929,0.800000011920929,120134,50.0
2021-11-24,0.800000011920929,0.8500000238418579,0.800000011920929,0.800000011920929,203484,54.54545553065526
2021-11-25,0.8500000238418579,0.8500000238418579,0.800000011920929,0.8500000238418579,226008,54.54545553065526
2021-11-26,0.8500000238418579,0.8500000238418579,0.800000011920929,0.800000011920929,263210,54.54545553065526
2021-11-29,0.800000011920929,0.800000011920929,0.75,0.800000011920929,156289,50.0
2021-11-30,0.800000011920929,0.800000011920929,0.75,0.75,55000,39.9999976158142
2021-12-01,0.800000011920929,0.800000011920929,0.699999988079071,0.800000011920929,154690,40.00000476837101
2021-12-02,0.8500000238418579,0.8500000238418579,0.75,0.75,75753,30.00000357627826
2021-12-03,0.75,0.75,0.699999988079071,0.699999988079071,322426,27.27273022832911
2021-12-06,0.699999988079071,0.75,0.6499999761581421,0.699999988079071,148827,20.000002384185507
2021-12-07,0.75,0.75,0.699999988079071,0.75,141582,27.27273022832911
2021-12-08,0.699999988079071,0.800000011920929,0.699999988079071,0.75,49151,30.00000357627826
2021-12-09,0.75,0.75,0.699999988079071,0.699999988079071,87168,30.00000357627826
2021-12-10,0.75,0.75,0.699999988079071,0.699999988079071,305495,33.33333333333333
2021-12-13,0.75,0.75,0.699999988079071,0.75,213786,44.44444444444444
2021-12-14,0.800000011920929,0.800000011920929,0.699999988079071,0.800000011920929,295577,50.0
2021-12-15,0.8500000238418579,0.8500000238418579,0.8500000238418579,0.8500000238418579,258119,50.0
2021-12-16,0.8999999761581421,0.8999999761581421,0.8999999761581421,0.8999999761581421,892619,59.999995231628986
2021-12-17,0.949999988079071,0.949999988079071,0.8999999761581421,0.949999988079071,2151415,63.63635969556119
2021-12-20,1.0,1.0,0.949999988079071,1.0,1475422,72.72726977167089
2021-12-21,1.0499999523162842,1.0499999523162842,1.0499999523162842,1.0499999523162842,501936,72.72726681606841
2021-12-22,1.100000023841858,1.100000023841858,1.100000023841858,1.100000023841858,338450,81.8181798477806
2021-12-23,1.100000023841858,1.149999976158142,1.0499999523162842,1.149999976158142,3036714,90.90908893868948
2021-12-24,1.2000000476837158,1.2000000476837158,1.2000000476837158,1.2000000476837158,348467,91.66666583882449
2021-12-27,1.25,1.25,1.25,1.25,242332,91.66666501098216
2021-12-28,1.25,1.25,1.25,1.25,0,91.66666501098216
2021-12-29,1.25,1.25,1.25,1.25,0,
2021-12-30,1.25,1.25,1.25,1.25,0,
2021-12-31,1.25,1.25,1.25,1.25,0,
2022-01-03,1.2000000476837158,1.2000000476837158,1.2000000476837158,1.2000000476837158,351882,90.00000834465126
2022-01-04,1.2000000476837158,1.2000000476837158,1.2000000476837158,1.2000000476837158,0,88.88889771920803
2022-01-05,1.2000000476837158,1.2000000476837158,1.2000000476837158,1.2000000476837158,0,87.50001117587156
2022-01-06,1.2000000476837158,1.2000000476837158,1.2000000476837158,1.2000000476837158,0,85.71429787850018
2022-01-07,1.2000000476837158,1.2000000476837158,1.2000000476837158,1.2000000476837158,0,83.33334657881205
2022-01-10,1.149999976158142,1.149999976158142,1.149999976158142,1.149999976158142,160137,66.66666666666666
2022-01-11,1.149999976158142,1.149999976158142,1.149999976158142,1.149999976158142,0,59.999990463256836
2022-01-12,1.149999976158142,1.149999976158142,1.149999976158142,1.149999976158142,0,50.0
2022-01-13,1.149999976158142,1.149999976158142,1.149999976158142,1.149999976158142,0,33.33330684237589
2022-01-14,1.149999976158142,1.149999976158142,1.149999976158142,1.149999976158142,0,0.0
2022-01-17,1.100000023841858,1.100000023841858,1.100000023841858,1.100000023841858,93262,0.0
2022-01-18,1.100000023841858,1.100000023841858,1.100000023841858,1.100000023841858,0,0.0
2022-01-19,1.100000023841858,1.100000023841858,1.100000023841858,1.100000023841858,0,0.0
2022-01-20,1.100000023841858,1.100000023841858,1.100000023841858,1.100000023841858,0,0.0
2022-01-21,1.100000023841858,1.100000023841858,1.100000023841858,1.100000023841858,0,0.0
2022-01-24,1.0499999523162842,1.0499999523162842,1.0499999523162842,1.0499999523162842,15660,0.0
2022-01-25,1.0499999523162842,1.0499999523162842,1.0499999523162842,1.0499999523162842,0,0.0
2022-01-27,1.0499999523162842,1.0499999523162842,1.0499999523162842,1.0499999523162842,0,0.0
2022-01-28,1.0499999523162842,1.0499999523162842,1.0499999523162842,1.0499999523162842,0,0.0
2022-01-31,1.0,1.0,1.0,1.0,18410,0.0
2022-02-01,1.0,1.0,1.0,1.0,0,0.0
2022-02-02,1.0,1.0,1.0,1.0,0,0.0
2022-02-03,1.0,1.0,1.0,1.0,0,0.0
2022-02-04,1.0,1.0,1.0,1.0,0,0.0
2022-02-07,0.949999988079071,0.949999988079071,0.949999988079071,0.949999988079071,120042,0.0
2022-02-08,0.949999988079071,0.949999988079071,0.949999988079071,0.949999988079071,0,0.0
2022-02-09,0.949999988079071,0.949999988079071,0.949999988079071,0.949999988079071,0,0.0
2022-02-10,0.949999988079071,0.949999988079071,0.949999988079071,0.949999988079071,0,0.0
2022-02-11,0.949999988079071,0.949999988079071,0.949999988079071,0.949999988079071,0,0.0
2022-02-14,0.8999999761581421,0.8999999761581421,0.8999999761581421,0.8999999761581421,515394,0.0
2022-02-15,0.8500000238418579,0.8500000238418579,0.8500000238418579,0.8500000238418579,47173,0.0
2022-02-16,0.800000011920929,0.800000011920929,0.800000011920929,0.800000011920929,67971,0.0
2022-02-17,0.75,0.75,0.75,0.75,189779,0.0
2022-02-18,0.699999988079071,0.699999988079071,0.699999988079071,0.699999988079071,171741,0.0
2022-02-21,0.6499999761581421,0.6499999761581421,0.6499999761581421,0.6499999761581421,263258,0.0
2022-02-22,0.6000000238418579,0.699999988079071,0.6000000238418579,0.699999988079071,6199495,12.500001862644979
2022-02-23,0.699999988079071,0.75,0.6499999761581421,0.75,567263,22.222225165661158
2022-02-24,0.699999988079071,0.699999988079071,0.699999988079071,0.699999988079071,360512,20.000002384185507
2022-02-25,0.6499999761581421,0.75,0.6499999761581421,0.699999988079071,399834,22.222225165661158
2022-02-28,0.75,0.75,0.6499999761581421,0.75,385441,30.00000357627826
2022-03-02,0.75,0.800000011920929,0.75,0.800000011920929,786417,36.36364030443881
2022-03-03,0.8500000238418579,0.8500000238418579,0.800000011920929,0.8500000238418579,545774,41.66667080587753
2022-03-04,0.8999999761581421,0.8999999761581421,0.800000011920929,0.8999999761581421,516998,46.15384544846578
2022-03-07,0.8999999761581421,0.949999988079071,0.8500000238418579,0.8500000238418579,295805,46.153849680748344
2022-03-08,0.8500000238418579,0.8999999761581421,0.800000011920929,0.8999999761581421,36827,53.84615031925166
2022-03-09,0.949999988079071,0.949999988079071,0.8500000238418579,0.949999988079071,127010,61.53846012770067
2022-03-10,1.0,1.0,0.8999999761581421,1.0,229877,69.23076993614967
2022-03-11,1.0,1.0,0.949999988079071,0.949999988079071,46649,69.23076993614967
2022-03-14,1.0,1.0,0.8999999761581421,0.8999999761581421,121171,69.23076993614967
2022-03-15,0.8500000238418579,0.8999999761581421,0.8500000238418579,0.8500000238418579,106547,61.53846577074455
2022-03-16,0.8999999761581421,0.8999999761581421,0.8999999761581421,0.8999999761581421,603006,61.538462243842105
2022-03-17,0.949999988079071,0.949999988079071,0.949999988079071,0.949999988079071,130208,69.23077346305263
2022-03-21,1.0,1.0,1.0,1.0,775340,71.42857629425762
2022-03-22,1.0499999523162842,1.0499999523162842,1.0,1.0499999523162842,2363101,71.42857386141473
2022-03-23,1.100000023841858,1.100000023841858,1.100000023841858,1.100000023841858,637975,71.42857629425762
2022-03-24,1.149999976158142,1.149999976158142,1.149999976158142,1.149999976158142,1052278,71.42857386141473
2022-03-25,1.149999976158142,1.2000000476837158,1.100000023841858,1.100000023841858,884976,64.28572158424421
2022-03-28,1.100000023841858,1.100000023841858,1.100000023841858,1.100000023841858,0,69.23077346305263
2022-03-29,1.100000023841858,1.100000023841858,1.100000023841858,1.100000023841858,0,66.66667328940602
2022-03-30,1.100000023841858,1.100000023841858,1.100000023841858,1.100000023841858,0,63.63636954756923
2022-03-31,1.100000023841858,1.100000023841858,1.100000023841858,1.100000023841858,0,60.00000476837272
2022-04-01,1.100000023841858,1.100000023841858,1.100000023841858,1.100000023841858,0,66.66667549698698
2022-04-04,1.0499999523162842,1.0499999523162842,1.0499999523162842,1.0499999523162842,40101,66.66666666666666
2022-04-05,1.0499999523162842,1.0499999523162842,1.0499999523162842,1.0499999523162842,0,74.99999254941896
2022-04-06,1.0499999523162842,1.0499999523162842,1.0499999523162842,1.0499999523162842,0,71.42856656288647
2022-04-07,1.0499999523162842,1.0499999523162842,1.0499999523162842,1.0499999523162842,0,66.66666004392863
2022-04-08,1.0499999523162842,1.0499999523162842,1.0499999523162842,1.0499999523162842,0,59.999990463256836
2022-04-11,1.0,1.0,1.0,1.0,6633,40.00000953674317
2022-04-12,1.0,1.0,1.0,1.0,0,24.999985098833477
2022-04-13,1.0,1.0,1.0,1.0,0,0.0
2022-04-18,0.949999988079071,0.949999988079071,0.949999988079071,0.949999988079071,4220,0.0
2022-04-19,0.949999988079071,0.949999988079071,0.949999988079071,0.949999988079071,0,0.0
2022-04-20,0.949999988079071,0.949999988079071,0.949999988079071,0.949999988079071,0,0.0
2022-04-21,0.949999988079071,0.949999988079071,0.949999988079071,0.949999988079071,0,0.0
2022-04-22,0.949999988079071,0.949999988079071,0.949999988079071,0.949999988079071,0,0.0
2022-04-25,0.8999999761581421,0.8999999761581421,0.8999999761581421,0.8999999761581421,5880,0.0
2022-04-26,0.8999999761581421,0.8999999761581421,0.8999999761581421,0.8999999761581421,0,0.0
2022-04-27,0.8999999761581421,0.8999999761581421,0.8999999761581421,0.8999999761581421,0,0.0
2022-04-28,0.8999999761581421,0.8999999761581421,0.8999999761581421,0.8999999761581421,0,0.0
2022-04-29,0.8999999761581421,0.8999999761581421,0.8999999761581421,0.8999999761581421,0,0.0
2022-05-02,0.8500000238418579,0.8500000238418579,0.8500000238418579,0.8500000238418579,6591,0.0
2022-05-04,0.8500000238418579,0.8500000238418579,0.8500000238418579,0.8500000238418579,0,0.0
2022-05-05,0.8500000238418579,0.8500000238418579,0.8500000238418579,0.8500000238418579,0,0.0
2022-05-06,0.8500000238418579,0.8500000238418579,0.8500000238418579,0.8500000238418579,0,0.0
2022-05-09,0.800000011920929,0.800000011920929,0.800000011920929,0.800000011920929,2658,0.0
2022-05-10,0.75,0.75,0.75,0.75,14515,0.0
2022-05-11,0.699999988079071,0.699999988079071,0.699999988079071,0.699999988079071,17605,0.0
2022-05-12,0.6499999761581421,0.6499999761581421,0.6499999761581421,0.6499999761581421,170143,0.0
2022-05-13,0.6000000238418579,0.6000000238418579,0.6000000238418579,0.6000000238418579,363665,0.0
2022-05-16,0.550000011920929,0.6499999761581421,0.550000011920929,0.550000011920929,685946,0.0
2022-05-17,0.550000011920929,0.6000000238418579,0.5,0.6000000238418579,75979,12.500003725290512
2022-05-18,0.6000000238418579,0.6499999761581421,0.6000000238418579,0.6499999761581421,159864,22.22221780706265
2022-05-19,0.699999988079071,0.699999988079071,0.6000000238418579,0.699999988079071,284197,29.999998807906962
2022-05-20,0.699999988079071,0.699999988079071,0.6499999761581421,0.6499999761581421,92186,27.272725302325625
2022-05-23,0.6499999761581421,0.6499999761581421,0.6000000238418579,0.6499999761581421,179335,29.999995231628418
2022-05-24,0.6499999761581421,0.6499999761581421,0.6000000238418579,0.6000000238418579,107031,27.272725302325625
2022-05-25,0.550000011920929,0.6499999761581421,0.550000011920929,0.6499999761581421,129692,33.333326710593965
2022-05-26,0.6000000238418579,0.6499999761581421,0.6000000238418579,0.6000000238418579,96059,30.76922653694737
2022-05-27,0.550000011920929,0.6499999761581421,0.550000011920929,0.6000000238418579,137092,33.33333002196332
2022-05-30,0.550000011920929,0.6499999761581421,0.550000011920929,0.6000000238418579,206174,36.363634393234285
2022-05-31,0.6000000238418579,0.6499999761581421,0.550000011920929,0.6000000238418579,78897,40.0
2022-06-01,0.550000011920929,0.6499999761581421,0.550000011920929,0.550000011920929,177863,40.0
2022-06-02,0.6000000238418579,0.6000000238418579,0.550000011920929,0.6000000238418579,97626,50.0
2022-06-03,0.6499999761581421,0.6499999761581421,0.550000011920929,0.6499999761581421,309358,60.0
2022-06-06,0.699999988079071,0.699999988079071,0.6000000238418579,0.699999988079071,141130,60.0
2022-06-07,0.75,0.75,0.6499999761581421,0.6499999761581421,95467,50.0
2022-06-08,0.6499999761581421,0.699999988079071,0.6499999761581421,0.6499999761581421,40224,44.44444150100434
2022-06-09,0.6499999761581421,0.699999988079071,0.6499999761581421,0.6499999761581421,59044,50.0
2022-06-10,0.6000000238418579,0.699999988079071,0.6000000238418579,0.699999988079071,13183,55.55555849899566
2022-06-13,0.75,0.75,0.75,0.75,390284,66.66666666666666
2022-06-14,0.800000011920929,0.800000011920929,0.800000011920929,0.800000011920929,67228,66.66667108182565
2022-06-15,0.8500000238418579,0.8500000238418579,0.8500000238418579,0.8500000238418579,36774,77.77777483433884
2022-06-16,0.8999999761581421,0.8999999761581421,0.8999999761581421,0.8999999761581421,175010,79.99999523162842
2022-06-17,0.949999988079071,0.949999988079071,0.8500000238418579,0.949999988079071,1942627,81.81817787737894
2022-06-20,1.0,1.0,0.949999988079071,1.0,938240,83.33333002196431
2022-06-21,1.0499999523162842,1.0499999523162842,0.949999988079071,1.0499999523162842,944938,91.66666418313966
2022-06-22,1.100000023841858,1.100000023841858,1.0499999523162842,1.100000023841858,1128082,91.66666501098216
2022-06-23,1.100000023841858,1.100000023841858,1.0499999523162842,1.0499999523162842,195271,83.33332339922823
2022-06-24,1.0,1.0,1.0,1.0,16991,74.99999751647348
2022-06-27,0.949999988079071,0.949999988079071,0.949999988079071,0.949999988079071,7801,74.99999751647348
2022-06-28,0.8999999761581421,0.8999999761581421,0.8999999761581421,0.8999999761581421,7650,69.23076640924799
2022-06-29,0.8500000238418579,0.8500000238418579,0.8500000238418579,0.8500000238418579,15207,64.28571671855676
2022-06-30,0.800000011920929,0.800000011920929,0.800000011920929,0.800000011920929,5201,57.142858359278385
2022-07-01,0.75,0.75,0.75,0.75,13581,50.0
2022-07-04,0.699999988079071,0.699999988079071,0.699999988079071,0.699999988079071,22393,42.85714164072162
2022-07-05,0.6499999761581421,0.6499999761581421,0.6499999761581421,0.6499999761581421,167999,35.71428328144323
2022-07-06,0.6000000238418579,0.699999988079071,0.6000000238418579,0.699999988079071,198372,35.71428875533854
2022-07-07,0.6499999761581421,0.75,0.6499999761581421,0.6499999761581421,164182,28.57143100427085
2022-07-08,0.6000000238418579,0.699999988079071,0.6000000238418579,0.699999988079071,63733,28.57143100427085
2022-07-11,0.699999988079071,0.75,0.6499999761581421,0.699999988079071,63465,23.076932246866235
2022-07-12,0.6499999761581421,0.75,0.6499999761581421,0.75,151944,23.076925193064
2022-07-13,0.800000011920929,0.800000011920929,0.699999988079071,0.75,63813,25.000004967053542
2022-07-14,0.699999988079071,0.800000011920929,0.699999988079071,0.699999988079071,104526,25.00000248352653
2022-07-15,0.6499999761581421,0.75,0.6499999761581421,0.699999988079071,52042,27.27273022832911
2022-07-18,0.6499999761581421,0.699999988079071,0.6499999761581421,0.6499999761581421,44088,27.27273022832911
2022-07-19,0.6499999761581421,0.699999988079071,0.6499999761581421,0.699999988079071,36525,36.36363636363636
2022-07-20,0.699999988079071,0.75,0.699999988079071,0.699999988079071,18781,39.99999999999999
2022-07-21,0.699999988079071,0.75,0.6499999761581421,0.699999988079071,74585,44.44444444444444
2022-07-22,0.699999988079071,0.699999988079071,0.6499999761581421,0.6499999761581421,46953,44.44444444444444
2022-07-25,0.6499999761581421,0.699999988079071,0.6000000238418579,0.6000000238418579,93252,44.444450331322315
2022-07-26,0.6000000238418579,0.6499999761581421,0.6000000238418579,0.6000000238418579,66140,37.50000558793495
2022-07-27,0.6000000238418579,0.6499999761581421,0.6000000238418579,0.6499999761581421,17080,50.0
2022-07-28,0.699999988079071,0.699999988079071,0.6499999761581421,0.6499999761581421,34719,42.85714042429996
2022-07-29,0.6000000238418579,0.699999988079071,0.6000000238418579,0.6499999761581421,61528,42.85714042429996
2022-08-01,0.6499999761581421,0.699999988079071,0.6499999761581421,0.6499999761581421,75739,33.333326710593965
2022-08-02,0.699999988079071,0.699999988079071,0.6499999761581421,0.6499999761581421,159082,33.333326710593965
2022-08-03,0.6499999761581421,0.699999988079071,0.6499999761581421,0.699999988079071,268211,50.0
2022-08-04,0.6499999761581421,0.75,0.6499999761581421,0.6499999761581421,33396,42.85714042429996
2022-08-05,0.6499999761581421,0.699999988079071,0.6499999761581421,0.6499999761581421,124791,50.0
2022-08-08,0.699999988079071,0.699999988079071,0.699999988079071,0.699999988079071,1039085,50.0
2022-08-10,0.75,0.75,0.75,0.75,567833,57.14285957570004
2022-08-11,0.800000011920929,0.800000011920929,0.800000011920929,0.800000011920929,283353,62.500003725290526
2022-08-12,0.8500000238418579,0.8500000238418579,0.8500000238418579,0.8500000238418579,47743,75.00000745058104
2022-08-16,0.8999999761581421,0.8999999761581421,0.8500000238418579,0.8999999761581421,1257121,87.49999627470947
2022-08-17,0.949999988079071,0.949999988079071,0.949999988079071,0.949999988079071,853997,88.88888594544956
2022-08-18,1.0,1.0,1.0,1.0,608487,88.88888741716943
2022-08-19,1.0,1.0499999523162842,0.949999988079071,1.0,5575556,88.88888741716943
2022-08-22,1.0,1.0499999523162842,1.0,1.0499999523162842,3190814,89.99999761581421
2022-08-23,1.0499999523162842,1.100000023841858,1.0499999523162842,1.100000023841858,1374617,90.90908992389029
2022-08-24,1.149999976158142,1.149999976158142,1.100000023841858,1.149999976158142,2080001,91.66666501098216
2022-08-25,1.2000000476837158,1.2000000476837158,1.149999976158142,1.2000000476837158,1463849,91.66666583882449
2022-08-26,1.2000000476837158,1.25,1.149999976158142,1.149999976158142,1632085,91.66665673256158
2022-08-29,1.100000023841858,1.100000023841858,1.100000023841858,1.100000023841858,107228,84.615383204624
2022-08-30,1.0499999523162842,1.0499999523162842,1.0499999523162842,1.0499999523162842,119867,76.92306775313375
2022-09-01,1.0,1.0,1.0,1.0,154616,69.23076640924799
2022-09-02,0.949999988079071,0.949999988079071,0.949999988079071,0.949999988079071,99194,61.53845801156
2022-09-05,0.8999999761581421,0.8999999761581421,0.8999999761581421,0.8999999761581421,102484,53.846149613872
2022-09-06,0.8500000238418579,0.8500000238418579,0.8500000238418579,0.8500000238418579,319672,46.153850386128
2022-09-07,0.800000011920929,0.8999999761581421,0.800000011920929,0.8999999761581421,448260,46.15384544846578
2022-09-08,0.8999999761581421,0.949999988079071,0.8500000238418579,0.8500000238418579,606114,38.46153987229933
2022-09-09,0.800000011920929,0.8999999761581421,0.800000011920929,0.8500000238418579,351281,38.46153987229933
2022-09-12,0.8500000238418579,0.8999999761581421,0.800000011920929,0.8500000238418579,422064,33.333339956071384
2022-09-13,0.800000011920929,0.8500000238418579,0.800000011920929,0.8500000238418579,140204,27.272725302325625
2022-09-14,0.8500000238418579,0.8999999761581421,0.800000011920929,0.8500000238418579,113936,20.000004768371582
2022-09-15,0.800000011920929,0.8500000238418579,0.800000011920929,0.800000011920929,184397,9.999991655348737
2022-09-16,0.800000011920929,0.8500000238418579,0.75,0.75,269765,9.999992847440936
2022-09-19,0.800000011920929,0.800000011920929,0.75,0.75,84642,11.111102280791968
2022-09-20,0.800000011920929,0.800000011920929,0.699999988079071,0.75,104852,12.499992549416746
2022-09-21,0.699999988079071,0.800000011920929,0.699999988079071,0.800000011920929,57840,24.99999627470892
2022-09-22,0.75,0.8500000238418579,0.75,0.75,130745,24.99999627470892
2022-09-23,0.699999988079071,0.800000011920929,0.699999988079071,0.75,77496,28.571426138585267
2022-09-26,0.800000011920929,0.800000011920929,0.699999988079071,0.75,61088,33.333326710593965
2022-09-27,0.800000011920929,0.800000011920929,0.699999988079071,0.75,230078,20.000004768371582
2022-09-28,0.75,0.75,0.699999988079071,0.699999988079071,37896,20.0
2022-09-29,0.699999988079071,0.75,0.699999988079071,0.75,29958,33.33333333333333
2022-09-30,0.699999988079071,0.800000011920929,0.699999988079071,0.699999988079071,105869,28.57142857142857
2022-10-03,0.699999988079071,0.75,0.699999988079071,0.75,15389,37.5
2022-10-04,0.800000011920929,0.800000011920929,0.75,0.75,179607,37.5
2022-10-06,0.800000011920929,0.800000011920929,0.800000011920929,0.800000011920929,20671,50.0
2022-10-07,0.800000011920929,0.8500000238418579,0.800000011920929,0.8500000238418579,127422,62.5
2022-10-10,0.8999999761581421,0.8999999761581421,0.8999999761581421,0.8999999761581421,66057,66.66666225150826
2022-10-11,0.949999988079071,0.949999988079071,0.949999988079071,0.949999988079071,488884,69.99999642372174
2022-10-12,1.0,1.0,0.949999988079071,1.0,1144372,69.99999642372174
2022-10-13,1.0499999523162842,1.0499999523162842,1.0,1.0499999523162842,1003979,79.99999523162842
2022-10-14,1.100000023841858,1.100000023841858,1.0,1.0,1183561,72.72727469767437
2022-10-17,0.949999988079071,1.0,0.949999988079071,0.949999988079071,479764,66.66666666666666
2022-10-18,0.8999999761581421,0.949999988079071,0.8999999761581421,0.949999988079071,568909,66.66666666666666
2022-10-19,0.8999999761581421,0.949999988079071,0.8999999761581421,0.949999988079071,471547,72.72727469767437
2022-10-20,0.949999988079071,0.949999988079071,0.8999999761581421,0.8999999761581421,423674,63.63636265116281
2022-10-21,0.8999999761581421,0.949999988079071,0.8999999761581421,0.949999988079071,392703,72.72727469767437
2022-10-24,0.949999988079071,0.949999988079071,0.8999999761581421,0.949999988079071,244458,70.00000119209304
2022-10-25,0.8999999761581421,0.949999988079071,0.8999999761581421,0.8999999761581421,197019,63.63636265116281
2022-10-27,0.8999999761581421,0.949999988079071,0.8999999761581421,0.949999988079071,327710,63.63636265116281
2022-10-28,1.0,1.0,0.8999999761581421,0.949999988079071,210099,59.999997615813925
2022-10-31,0.949999988079071,0.949999988079071,0.8999999761581421,0.8999999761581421,352473,50.0
2022-11-01,0.949999988079071,0.949999988079071,0.8999999761581421,0.949999988079071,434702,50.0
2022-11-02,0.949999988079071,0.949999988079071,0.8999999761581421,0.8999999761581421,701317,39.9999976158142
2022-11-03,0.8999999761581421,0.949999988079071,0.8500000238418579,0.8999999761581421,283093,33.33333774849174
2022-11-04,0.949999988079071,0.949999988079071,0.8999999761581421,0.949999988079071,226801,44.44444444444444
2022-11-07,0.949999988079071,0.949999988079071,0.8999999761581421,0.949999988079071,436691,50.0
2022-11-09,0.949999988079071,0.949999988079071,0.8999999761581421,0.8999999761581421,790943,44.44444444444444
2022-11-10,0.949999988079071,0.949999988079071,0.8999999761581421,0.8999999761581421,306774,44.44444444444444
2022-11-11,0.8999999761581421,0.949999988079071,0.8500000238418579,0.8999999761581421,318695,50.0
2022-11-14,0.8999999761581421,0.949999988079071,0.8500000238418579,0.949999988079071,264383,50.0
2022-11-15,0.8999999761581421,0.949999988079071,0.8999999761581421,0.8999999761581421,378349,44.44444444444444
2022-11-16,0.8999999761581421,0.949999988079071,0.8999999761581421,0.949999988079071,294102,55.55555555555556
2022-11-17,0.949999988079071,0.949999988079071,0.8999999761581421,0.949999988079071,447263,50.0
2022-11-18,0.8999999761581421,0.949999988079071,0.8999999761581421,0.8999999761581421,318904,44.44444444444444
2022-11-21,0.8999999761581421,0.949999988079071,0.8500000238418579,0.8999999761581421,705704,50.0
2022-11-22,0.8999999761581421,0.8999999761581421,0.8500000238418579,0.8500000238418579,668111,37.50000558793495
2022-11-23,0.8500000238418579,0.8999999761581421,0.800000011920929,0.8500000238418579,286174,42.85715015567029
2022-11-24,0.8500000238418579,0.8999999761581421,0.800000011920929,0.8500000238418579,271797,42.85715015567029
2022-11-25,0.8500000238418579,0.8999999761581421,0.800000011920929,0.8500000238418579,258852,33.333339956071384
2022-11-28,0.8999999761581421,0.8999999761581421,0.8500000238418579,0.8500000238418579,175640,33.333339956071384
2022-11-29,0.8999999761581421,0.8999999761581421,0.8500000238418579,0.8500000238418579,207412,40.00000953674317
2022-11-30,0.8500000238418579,0.8999999761581421,0.8500000238418579,0.8999999761581421,575316,50.0
2022-12-01,0.8999999761581421,0.8999999761581421,0.8500000238418579,0.8999999761581421,183817,50.0
2022-12-02,0.8999999761581421,0.8999999761581421,0.8500000238418579,0.8999999761581421,768695,39.99999523162728
2022-12-05,0.8999999761581421,0.8999999761581421,0.8500000238418579,0.8999999761581421,326465,50.0
2022-12-06,0.8999999761581421,0.8999999761581421,0.8500000238418579,0.8999999761581421,323063,33.333320087849344
2022-12-07,0.8999999761581421,0.8999999761581421,0.8500000238418579,0.8999999761581421,215103,33.333320087849344
2022-12-08,0.8999999761581421,0.8999999761581421,0.8500000238418579,0.8999999761581421,317432,50.0
2022-12-09,0.8999999761581421,0.8999999761581421,0.8500000238418579,0.8999999761581421,341708,50.0
2022-12-12,0.8999999761581421,0.8999999761581421,0.8500000238418579,0.8500000238418579,305556,50.0
2022-12-13,0.8999999761581421,0.8999999761581421,0.8500000238418579,0.8500000238418579,175334,50.0
2022-12-14,0.8999999761581421,0.8999999761581421,0.8500000238418579,0.8999999761581421,401869,66.66666666666666
2022-12-15,0.8999999761581421,0.8999999761581421,0.8500000238418579,0.8999999761581421,382095,66.66666666666666
2022-12-16,0.8999999761581421,0.8999999761581421,0.8500000238418579,0.8999999761581421,266374,66.66666666666666
2022-12-19,0.8500000238418579,0.8999999761581421,0.8500000238418579,0.8500000238418579,186092,50.0
2022-12-20,0.8999999761581421,0.8999999761581421,0.8500000238418579,0.8999999761581421,556220,50.0
2022-12-21,0.8999999761581421,0.949999988079071,0.8999999761581421,0.949999988079071,838540,60.000009536749985
2022-12-22,0.949999988079071,0.949999988079071,0.8999999761581421,0.8999999761581421,595113,50.0
2022-12-23,0.8999999761581421,0.949999988079071,0.8500000238418579,0.8500000238418579,714663,42.857145289986995
2022-12-26,0.8500000238418579,0.8500000238418579,0.800000011920929,0.8500000238418579,499905,42.857145289986995
2022-12-27,0.8500000238418579,0.8500000238418579,0.800000011920929,0.8500000238418579,90825,42.857145289986995
2022-12-28,0.8500000238418579,0.8500000238418579,0.800000011920929,0.8500000238418579,249033,42.857145289986995
2022-12-29,0.8500000238418579,0.8500000238418579,0.800000011920929,0.8500000238418579,250442,42.857145289986995
2022-12-30,0.800000011920929,0.8999999761581421,0.800000011920929,0.8999999761581421,202421,57.142854710013005
2023-01-02,0.8999999761581421,0.8999999761581421,0.8500000238418579,0.8500000238418579,302205,50.0
2023-01-03,0.8500000238418579,0.8999999761581421,0.8500000238418579,0.8500000238418579,284804,42.857145289986995
2023-01-04,0.8999999761581421,0.8999999761581421,0.8500000238418579,0.8500000238418579,144311,42.857145289986995
2023-01-05,0.8999999761581421,0.8999999761581421,0.8500000238418579,0.8999999761581421,287980,50.0
2023-01-06,0.8999999761581421,0.8999999761581421,0.8500000238418579,0.8999999761581421,374911,57.142854710013005
2023-01-09,0.8999999761581421,0.8999999761581421,0.8500000238418579,0.8500000238418579,602190,42.857145289986995
2023-01-10,0.8500000238418579,0.8999999761581421,0.8500000238418579,0.8999999761581421,197064,42.85713555860921
2023-01-11,0.8999999761581421,0.8999999761581421,0.8500000238418579,0.8500000238418579,268256,42.857142857142854
2023-01-12,0.8999999761581421,0.8999999761581421,0.8500000238418579,0.8500000238418579,173054,50.0
2023-01-13,0.8500000238418579,0.8999999761581421,0.8500000238418579,0.8999999761581421,443046,57.14285714285714
2023-01-16,0.8999999761581421,0.8999999761581421,0.8500000238418579,0.8999999761581421,249194,57.14285714285714
2023-01-17,0.8999999761581421,0.8999999761581421,0.8500000238418579,0.8999999761581421,331671,57.14285714285714
2023-01-18,0.8500000238418579,0.8999999761581421,0.8500000238418579,0.8999999761581421,184970,57.14285714285714
2023-01-19,0.8999999761581421,0.8999999761581421,0.8500000238418579,0.8500000238418579,197422,42.857142857142854
2023-01-20,0.8999999761581421,0.8999999761581421,0.8500000238418579,0.8500000238418579,177611,50.0
2023-01-23,0.8999999761581421,0.8999999761581421,0.8500000238418579,0.8999999761581421,311042,57.14285714285714
2023-01-24,0.8999999761581421,0.8999999761581421,0.8500000238418579,0.8999999761581421,205176,57.14285714285714
2023-01-25,0.8999999761581421,0.8999999761581421,0.8500000238418579,0.8999999761581421,522111,50.0
2023-01-27,0.8999999761581421,0.8999999761581421,0.8500000238418579,0.8500000238418579,325846,42.857142857142854
2023-01-30,0.8500000238418579,0.8999999761581421,0.8500000238418579,0.8500000238418579,154324,50.0
2023-01-31,0.8999999761581421,0.8999999761581421,0.8500000238418579,0.8999999761581421,384710,50.0
2023-02-01,0.8999999761581421,0.8999999761581421,0.8500000238418579,0.8999999761581421,393533,60.0
2023-02-02,0.8999999761581421,0.8999999761581421,0.8500000238418579,0.8500000238418579,219169,50.0
2023-02-03,0.8999999761581421,0.8999999761581421,0.8500000238418579,0.8999999761581421,249484,50.0
2023-02-06,0.8999999761581421,0.8999999761581421,0.8500000238418579,0.8500000238418579,345510,42.857142857142854
2023-02-07,0.8999999761581421,0.8999999761581421,0.8500000238418579,0.8500000238418579,286698,42.857142857142854
2023-02-08,0.800000011920929,0.8500000238418579,0.800000011920929,0.8500000238418579,171234,42.857142857142854
2023-02-09,0.8500000238418579,0.8500000238418579,0.800000011920929,0.8500000238418579,220354,50.0
2023-02-10,0.8500000238418579,0.8500000238418579,0.800000011920929,0.800000011920929,144994,42.85713555860921
2023-02-13,0.8500000238418579,0.8500000238418579,0.75,0.75,201331,28.571418840052033
2023-02-14,0.800000011920929,0.800000011920929,0.75,0.800000011920929,45960,37.499998137353906
2023-02-15,0.8500000238418579,0.8500000238418579,0.800000011920929,0.800000011920929,299310,37.499998137353906
2023-02-16,0.800000011920929,0.8500000238418579,0.800000011920929,0.8500000238418579,283981,50.0
2023-02-17,0.800000011920929,0.8500000238418579,0.800000011920929,0.800000011920929,606762,44.44444150100434
2023-02-20,0.800000011920929,0.800000011920929,0.75,0.800000011920929,210676,37.50000186264554
2023-02-21,0.800000011920929,0.8500000238418579,0.75,0.800000011920929,199169,37.50000186264554
2023-02-22,0.800000011920929,0.8500000238418579,0.75,0.8500000238418579,260524,50.0
2023-02-23,0.8500000238418579,0.8500000238418579,0.800000011920929,0.800000011920929,196806,37.50000558793495
2023-02-24,0.8500000238418579,0.8500000238418579,0.75,0.800000011920929,297341,42.857142857142854
2023-02-27,0.8500000238418579,0.8500000238418579,0.800000011920929,0.8500000238418579,143948,50.0
2023-02-28,0.8500000238418579,0.8500000238418579,0.800000011920929,0.8500000238418579,132161,50.0
2023-03-01,0.8500000238418579,0.8500000238418579,0.800000011920929,0.8500000238418579,411098,50.0
2023-03-02,0.8500000238418579,0.8500000238418579,0.800000011920929,0.800000011920929,164101,50.0
2023-03-03,0.8500000238418579,0.8500000238418579,0.800000011920929,0.8500000238418579,111907,62.5
2023-03-06,0.8500000238418579,0.8500000238418579,0.800000011920929,0.8500000238418579,501728,57.14285714285714
2023-03-08,0.8500000238418579,0.8500000238418579,0.800000011920929,0.8500000238418579,329521,57.14285714285714
2023-03-09,0.8500000238418579,0.8500000238418579,0.800000011920929,0.800000011920929,267488,42.857142857142854
2023-03-10,0.8500000238418579,0.8500000238418579,0.800000011920929,0.8500000238418579,265951,57.14285714285714
2023-03-13,0.8500000238418579,0.8500000238418579,0.800000011920929,0.800000011920929,290382,50.0
2023-03-14,0.800000011920929,0.8500000238418579,0.75,0.800000011920929,290112,50.0
2023-03-15,0.800000011920929,0.800000011920929,0.75,0.75,132695,37.5
2023-03-16,0.800000011920929,0.800000011920929,0.75,0.800000011920929,90922,50.0
2023-03-17,0.800000011920929,0.800000011920929,0.75,0.75,139171,44.44444444444444
2023-03-20,0.800000011920929,0.800000011920929,0.75,0.75,207528,37.5
2023-03-21,0.800000011920929,0.800000011920929,0.75,0.800000011920929,102440,44.44444444444444
2023-03-22,0.800000011920929,0.800000011920929,0.75,0.75,92983,39.99999999999999
2023-03-23,0.75,0.800000011920929,0.75,0.75,83965,44.44444444444444
2023-03-24,0.75,0.800000011920929,0.75,0.75,135768,37.5
2023-03-27,0.75,0.800000011920929,0.699999988079071,0.699999988079071,200836,33.33333333333333
2023-03-28,0.75,0.75,0.699999988079071,0.699999988079071,112579,33.33333333333333
2023-03-29,0.699999988079071,0.75,0.699999988079071,0.75,141157,44.44444444444444
2023-03-31,0.699999988079071,0.75,0.699999988079071,0.75,139425,37.5
2023-04-03,0.75,0.75,0.699999988079071,0.75,149340,42.857142857142854
2023-04-05,0.699999988079071,0.75,0.699999988079071,0.75,146307,42.857142857142854
2023-04-06,0.75,0.75,0.699999988079071,0.75,120728,50.0
2023-04-10,0.75,0.800000011920929,0.699999988079071,0.800000011920929,520265,50.0
2023-04-11,0.800000011920929,0.949999988079071,0.800000011920929,0.949999988079071,1958975,74.99999627471004
2023-04-12,1.0,1.100000023841858,0.949999988079071,1.100000023841858,1761083,81.8181798477806
2023-04-13,1.100000023841858,1.100000023841858,1.0499999523162842,1.0499999523162842,1070636,72.72726189006717
2023-04-17,1.0,1.0,1.0,1.0,51148,72.72726977167089
2023-04-18,1.0,1.0,1.0,1.0,0,72.72726977167089
2023-04-19,0.949999988079071,0.949999988079071,0.949999988079071,0.949999988079071,7121,66.66666335529797
2023-04-20,0.8999999761581421,0.8999999761581421,0.8999999761581421,0.8999999761581421,1023,66.66666335529797
2023-04-21,0.8500000238418579,0.8500000238418579,0.8500000238418579,0.8500000238418579,1208,61.53846365460266
2023-04-24,0.8500000238418579,0.8500000238418579,0.8500000238418579,0.8500000238418579,0,58.33333498901784
2023-04-25,0.800000011920929,0.800000011920929,0.800000011920929,0.800000011920929,522,53.84615455153421
2023-04-26,0.75,0.800000011920929,0.75,0.75,23433,50.0
2023-04-27,0.699999988079071,0.699999988079071,0.699999988079071,0.699999988079071,101040,46.666666136847645
2023-04-28,0.6499999761581421,0.75,0.6499999761581421,0.699999988079071,121527,46.666666136847645
2023-05-02,0.6499999761581421,0.75,0.6499999761581421,0.699999988079071,22368,42.85714164072162
2023-05-03,0.699999988079071,0.75,0.6499999761581421,0.6499999761581421,118809,25.00000248352653
2023-05-04,0.6000000238418579,0.699999988079071,0.6000000238418579,0.6499999761581421,204213,0.0
2023-05-05,0.6499999761581421,0.699999988079071,0.6000000238418579,0.6000000238418579,49464,0.0
2023-05-08,0.6499999761581421,0.6499999761581421,0.6499999761581421,0.6499999761581421,55068,11.111102280791968
2023-05-09,0.6499999761581421,0.699999988079071,0.6499999761581421,0.699999988079071,45144,19.99999523162785
2023-05-10,0.75,0.75,0.699999988079071,0.699999988079071,20534,22.22221780706265
2023-05-11,0.6499999761581421,0.75,0.6499999761581421,0.75,32254,33.33333333333333
2023-05-12,0.699999988079071,0.800000011920929,0.699999988079071,0.699999988079071,20300,33.333328918174345
2023-05-15,0.699999988079071,0.75,0.6499999761581421,0.6499999761581421,35597,29.999995231628418
2023-05-16,0.6499999761581421,0.699999988079071,0.6499999761581421,0.6499999761581421,18366,33.333328918174345
2023-05-17,0.6499999761581421,0.699999988079071,0.6499999761581421,0.699999988079071,32225,44.44444297272478
2023-05-18,0.699999988079071,0.699999988079071,0.6499999761581421,0.6499999761581421,53906,44.44444297272478
2023-05-19,0.6499999761581421,0.699999988079071,0.6499999761581421,0.699999988079071,56448,50.0
2023-05-22,0.699999988079071,0.699999988079071,0.6499999761581421,0.6499999761581421,46460,45.45454446934473
2023-05-23,0.6499999761581421,0.699999988079071,0.6000000238418579,0.6499999761581421,48360,50.0
2023-05-24,0.6499999761581421,0.699999988079071,0.6000000238418579,0.6499999761581421,64209,50.0
2023-05-25,0.6000000238418579,0.699999988079071,0.6000000238418579,0.6499999761581421,122339,55.555549668677685
2023-05-26,0.6000000238418579,0.699999988079071,0.6000000238418579,0.6499999761581421,49465,50.0
2023-05-29,0.6499999761581421,0.699999988079071,0.6000000238418579,0.6499999761581421,54088,42.857142857142854
2023-05-30,0.6000000238418579,0.699999988079071,0.6000000238418579,0.699999988079071,31548,50.0
2023-05-31,0.6499999761581421,0.699999988079071,0.6499999761581421,0.6499999761581421,62280,37.5
2023-06-01,0.699999988079071,0.699999988079071,0.6000000238418579,0.6499999761581421,11519,42.857142857142854
2023-06-02,0.6499999761581421,0.699999988079071,0.6499999761581421,0.6499999761581421,34937,50.0
2023-06-05,0.6499999761581421,0.699999988079071,0.6000000238418579,0.6000000238418579,774220,42.85715015567029
2023-06-06,0.550000011920929,0.6499999761581421,0.550000011920929,0.6499999761581421,1380547,42.85714042429996
2023-06-07,0.6499999761581421,0.699999988079071,0.6499999761581421,0.699999988079071,67412,57.14285957570004
2023-06-08,0.6499999761581421,0.75,0.6499999761581421,0.699999988079071,84163,50.0
2023-06-09,0.6499999761581421,0.75,0.6499999761581421,0.6499999761581421,41248,50.0
2023-06-12,0.699999988079071,0.699999988079071,0.699999988079071,0.699999988079071,22442,57.14285957570004
2023-06-13,0.75,0.75,0.75,0.75,21632,62.500003725290526
2023-06-14,0.800000011920929,0.800000011920929,0.800000011920929,0.800000011920929,20766,66.66667108182565
2023-06-15,0.8500000238418579,0.8500000238418579,0.75,0.8500000238418579,1004410,70.00000476837158
2023-06-16,0.8500000238418579,0.8999999761581421,0.800000011920929,0.8999999761581421,997491,72.72727469767437
2023-06-19,0.8999999761581421,0.8999999761581421,0.8500000238418579,0.8999999761581421,802049,70.00000119209304
2023-06-20,0.8999999761581421,0.8999999761581421,0.8500000238418579,0.8999999761581421,474132,77.77778219293735
2023-06-21,0.8999999761581421,0.8999999761581421,0.8500000238418579,0.8999999761581421,379944,77.77778219293735
2023-06-22,0.8999999761581421,0.8999999761581421,0.8999999761581421,0.8999999761581421,0,77.77778219293735
2023-06-23,0.8999999761581421,0.8999999761581421,0.8999999761581421,0.8999999761581421,0,87.49999627470947
2023-06-26,0.8500000238418579,0.8500000238418579,0.8500000238418579,0.8500000238418579,39913,75.00000745058104
2023-06-27,0.8500000238418579,0.8500000238418579,0.8500000238418579,0.8500000238418579,0,71.4285787271001
2023-06-28,0.8500000238418579,0.8500000238418579,0.8500000238418579,0.8500000238418579,0,71.4285787271001
2023-06-30,0.8500000238418579,0.8500000238418579,0.8500000238418579,0.8500000238418579,0,83.33334657881205
2023-07-03,0.800000011920929,0.800000011920929,0.800000011920929,0.800000011920929,49087,66.66667328940602
2023-07-04,0.800000011920929,0.800000011920929,0.800000011920929,0.800000011920929,0,60.00000476837272
2023-07-05,0.800000011920929,0.800000011920929,0.800000011920929,0.800000011920929,0,50.0
2023-07-06,0.800000011920929,0.800000011920929,0.800000011920929,0.800000011920929,0,33.333320087849344
2023-07-07,0.800000011920929,0.800000011920929,0.800000011920929,0.800000011920929,0,0.0
2023-07-10,0.75,0.75,0.75,0.75,37785,0.0
2023-07-11,0.75,0.75,0.75,0.75,0,0.0
2023-07-12,0.75,0.75,0.75,0.75,0,0.0
2023-07-13,0.75,0.75,0.75,0.75,0,0.0
2023-07-14,0.75,0.75,0.75,0.75,0,0.0
2023-07-17,0.699999988079071,0.699999988079071,0.699999988079071,0.699999988079071,52693,0.0
2023-07-18,0.699999988079071,0.699999988079071,0.699999988079071,0.699999988079071,0,0.0
2023-07-19,0.699999988079071,0.699999988079071,0.699999988079071,0.699999988079071,0,0.0
2023-07-20,0.699999988079071,0.699999988079071,0.699999988079071,0.699999988079071,0,0.0
2023-07-21,0.699999988079071,0.699999988079071,0.699999988079071,0.699999988079071,0,0.0
2023-07-24,0.6499999761581421,0.6499999761581421,0.6499999761581421,0.6499999761581421,114564,0.0
2023-07-25,0.6000000238418579,0.6499999761581421,0.6000000238418579,0.6000000238418579,194058,0.0
2023-07-26,0.6499999761581421,0.6499999761581421,0.6499999761581421,0.6499999761581421,421801,19.999985694881843
2023-07-27,0.6000000238418579,0.6000000238418579,0.6000000238418579,0.6000000238418579,245051,16.66665673255565
2023-07-28,0.6000000238418579,0.6000000238418579,0.550000011920929,0.6000000238418579,1293720,19.99999046325229
2023-07-31,0.6499999761581421,0.6499999761581421,0.6499999761581421,0.6499999761581421,318371,33.333320087849344
2023-08-01,0.699999988079071,0.699999988079071,0.699999988079071,0.699999988079071,340479,42.85713799145542
2023-08-02,0.75,0.75,0.699999988079071,0.75,1608862,50.0
2023-08-03,0.800000011920929,0.800000011920929,0.75,0.800000011920929,902331,55.55555849899566
2023-08-04,0.800000011920929,0.8500000238418579,0.75,0.8500000238418579,799057,66.66667549698698
2023-08-07,0.800000011920929,0.8999999761581421,0.800000011920929,0.8500000238418579,1185109,66.66667549698698
2023-08-08,0.8500000238418579,0.8500000238418579,0.800000011920929,0.800000011920929,479803,60.00000476837272
2023-08-09,0.800000011920929,0.800000011920929,0.800000011920929,0.800000011920929,109565,60.00000476837272
2023-08-10,0.75,0.75,0.75,0.75,330913,54.545456515856415
2023-08-11,0.75,0.75,0.699999988079071,0.75,123353,60.00000476837272
2023-08-14,0.699999988079071,0.75,0.699999988079071,0.699999988079071,112783,59.999997615813925
2023-08-16,0.75,0.75,0.699999988079071,0.75,80903,60.00000238418579
2023-08-17,0.800000011920929,0.800000011920929,0.75,0.800000011920929,133565,69.99999642372174
2023-08-18,0.75,0.800000011920929,0.75,0.75,51486,63.63635969556119
2023-08-21,0.75,0.75,0.75,0.75,77666,60.0
2023-08-22,0.699999988079071,0.75,0.699999988079071,0.699999988079071,58528,50.0
2023-08-23,0.75,0.75,0.699999988079071,0.75,73818,50.0
2023-08-24,0.699999988079071,0.75,0.699999988079071,0.699999988079071,48729,39.99999999999999
2023-08-25,0.75,0.75,0.699999988079071,0.75,48316,39.99999999999999
2023-08-28,0.75,0.75,0.699999988079071,0.75,43981,39.99999999999999
2023-08-29,0.75,0.75,0.699999988079071,0.75,40609,44.44444444444444
2023-08-30,0.699999988079071,0.75,0.699999988079071,0.699999988079071,135376,39.99999999999999
2023-08-31,0.75,0.75,0.699999988079071,0.75,238627,50.0
2023-09-01,0.699999988079071,0.75,0.699999988079071,0.699999988079071,108541,45.45454545454545
2023-09-04,0.699999988079071,0.699999988079071,0.699999988079071,0.699999988079071,106694,50.0
2023-09-05,0.75,0.75,0.699999988079071,0.75,111080,50.0
2023-09-06,0.75,0.75,0.699999988079071,0.75,98626,44.44444444444444
2023-09-07,0.75,0.75,0.75,0.75,197305,50.0
2023-09-08,0.800000011920929,0.800000011920929,0.75,0.800000011920929,233877,55.55555555555556
2023-09-11,0.8500000238418579,0.8500000238418579,0.800000011920929,0.8500000238418579,293711,66.66666666666666
2023-09-12,0.800000011920929,0.8500000238418579,0.800000011920929,0.800000011920929,123082,55.55555555555556
2023-09-13,0.800000011920929,0.800000011920929,0.800000011920929,0.800000011920929,147609,62.5
2023-09-14,0.800000011920929,0.800000011920929,0.800000011920929,0.800000011920929,92551,57.14285714285714
2023-09-15,0.8500000238418579,0.8500000238418579,0.800000011920929,0.8500000238418579,136789,62.5
2023-09-18,0.8999999761581421,0.8999999761581421,0.8999999761581421,0.8999999761581421,387181,66.66666225150826
2023-09-20,0.8999999761581421,0.8999999761581421,0.8999999761581421,0.8999999761581421,301116,74.99999627471004
2023-09-21,0.8500000238418579,0.8999999761581421,0.8500000238418579,0.8500000238418579,177468,62.500003725290526
2023-09-22,0.800000011920929,0.8500000238418579,0.800000011920929,0.800000011920929,78089,62.500003725290526
2023-09-25,0.8500000238418579,0.8500000238418579,0.8500000238418579,0.8500000238418579,94281,66.66667108182565
2023-09-26,0.8500000238418579,0.8500000238418579,0.8500000238418579,0.8500000238418579,133508,62.500003725290526
2023-09-27,0.800000011920929,0.8500000238418579,0.800000011920929,0.800000011920929,55099,55.55555702727522
2023-09-28,0.8500000238418579,0.8500000238418579,0.800000011920929,0.8500000238418579,115265,60.00000238418579
2023-09-29,0.800000011920929,0.8500000238418579,0.800000011920929,0.800000011920929,64597,50.0
2023-10-03,0.8500000238418579,0.8500000238418579,0.800000011920929,0.8500000238418579,172577,50.0
2023-10-04,0.800000011920929,0.8500000238418579,0.800000011920929,0.800000011920929,79013,50.0
2023-10-05,0.8500000238418579,0.8500000238418579,0.800000011920929,0.8500000238418579,82577,54.54545553065526
2023-10-06,0.8500000238418579,0.8500000238418579,0.8500000238418579,0.8500000238418579,232063,54.54545553065526
2023-10-09,0.800000011920929,0.8500000238418579,0.800000011920929,0.800000011920929,47938,45.45454446934473
2023-10-10,0.8500000238418579,0.8500000238418579,0.800000011920929,0.8500000238418579,50311,45.45455038054851
2023-10-11,0.8500000238418579,0.8999999761581421,0.8500000238418579,0.8500000238418579,161114,45.45455038054851
2023-10-12,0.800000011920929,0.8500000238418579,0.800000011920929,0.800000011920929,140098,45.45454545454545
2023-10-13,0.8500000238418579,0.8500000238418579,0.800000011920929,0.8500000238418579,102218,54.54545454545455
2023-10-16,0.800000011920929,0.8500000238418579,0.800000011920929,0.800000011920929,91724,45.45454545454545
2023-10-17,0.800000011920929,0.800000011920929,0.800000011920929,0.800000011920929,42157,45.45454545454545
2023-10-18,0.75,0.800000011920929,0.75,0.75,47720,45.45454545454545
2023-10-19,0.75,0.800000011920929,0.75,0.75,60916,39.99999999999999
2023-10-20,0.800000011920929,0.800000011920929,0.75,0.800000011920929,49767,50.0
2023-10-23,0.800000011920929,0.8500000238418579,0.800000011920929,0.800000011920929,497667,44.44444444444444
2023-10-25,0.8500000238418579,0.8500000238418579,0.800000011920929,0.8500000238418579,270867,55.55555555555556
2023-10-26,0.8500000238418579,0.8500000238418579,0.800000011920929,0.8500000238418579,357636,50.0
2023-10-27,0.8500000238418579,0.8500000238418579,0.800000011920929,0.800000011920929,330143,44.44444444444444
2023-10-30,0.800000011920929,0.8500000238418579,0.800000011920929,0.8500000238418579,200937,55.55555555555556
2023-10-31,0.8500000238418579,0.8500000238418579,0.800000011920929,0.800000011920929,179165,44.44444444444444
2023-11-01,0.8500000238418579,0.8500000238418579,0.75,0.8500000238418579,389040,50.0
2023-11-02,0.8500000238418579,0.8500000238418579,0.800000011920929,0.8500000238418579,308247,55.55555555555556
2023-11-03,0.8500000238418579,0.8999999761581421,0.800000011920929,0.8500000238418579,334310,50.0
2023-11-06,0.8500000238418579,0.8999999761581421,0.8500000238418579,0.8999999761581421,386506,62.49999441206505
2023-11-07,0.8999999761581421,0.949999988079071,0.8500000238418579,0.8999999761581421,674497,62.49999441206505
2023-11-08,0.8999999761581421,0.949999988079071,0.8500000238418579,0.949999988079071,888508,74.99999627471004
2023-11-09,0.949999988079071,0.949999988079071,0.8999999761581421,0.949999988079071,311025,74.99999627471004
2023-11-10,0.949999988079071,0.949999988079071,0.8999999761581421,0.949999988079071,600874,71.42856656288647
2023-11-13,0.949999988079071,1.0,0.949999988079071,1.0,903014,74.99999627471004
2023-11-15,1.0499999523162842,1.0499999523162842,1.0,1.0499999523162842,1974346,74.99999254941896
2023-11-16,1.100000023841858,1.100000023841858,1.0499999523162842,1.100000023841858,1492729,77.77777483433884
2023-11-17,1.149999976158142,1.149999976158142,1.100000023841858,1.149999976158142,1664835,88.88888594544956
2023-11-20,1.2000000476837158,1.2000000476837158,1.149999976158142,1.2000000476837158,1441858,88.88888741716943
2023-11-21,1.25,1.25,1.2000000476837158,1.25,5345084,
2023-11-22,1.2999999523162842,1.2999999523162842,1.25,1.2999999523162842,1204722,
2023-11-23,1.350000023841858,1.350000023841858,1.25,1.25,1466206,90.00000715255908
2023-11-24,1.25,1.25,1.25,1.25,0,90.00000715255908
2023-11-28,1.2000000476837158,1.2000000476837158,1.2000000476837158,1.2000000476837158,85674,80.00001430511816
2023-11-29,1.2000000476837158,1.2000000476837158,1.2000000476837158,1.2000000476837158,0,80.00001430511816
2023-11-30,1.2000000476837158,1.2000000476837158,1.2000000476837158,1.2000000476837158,0,77.77779249497831
2023-12-01,1.2000000476837158,1.2000000476837158,1.2000000476837158,1.2000000476837158,0,77.77779249497831
2023-12-04,1.149999976158142,1.149999976158142,1.149999976158142,1.149999976158142,171858,70.00000119209304
2023-12-05,1.149999976158142,1.149999976158142,1.149999976158142,1.149999976158142,0,66.66666666666666
2023-12-06,1.149999976158142,1.149999976158142,1.149999976158142,1.149999976158142,0,62.500003725290526
2023-12-07,1.149999976158142,1.149999976158142,1.149999976158142,1.149999976158142,0,57.142852277170526
2023-12-08,1.149999976158142,1.149999976158142,1.149999976158142,1.149999976158142,0,50.0
2023-12-11,1.100000023841858,1.100000023841858,1.100000023841858,1.100000023841858,65879,33.333320087849344
2023-12-12,1.100000023841858,1.100000023841858,1.100000023841858,1.100000023841858,0,19.99999046325229
2023-12-13,1.100000023841858,1.100000023841858,1.100000023841858,1.100000023841858,0,0.0
2023-12-14,1.100000023841858,1.100000023841858,1.100000023841858,1.100000023841858,0,0.0
2023-12-15,1.100000023841858,1.100000023841858,1.100000023841858,1.100000023841858,0,0.0
2023-12-18,1.0499999523162842,1.0499999523162842,1.0499999523162842,1.0499999523162842,83841,0.0
2023-12-19,1.0499999523162842,1.0499999523162842,1.0499999523162842,1.0499999523162842,0,0.0
2023-12-20,1.0499999523162842,1.0499999523162842,1.0499999523162842,1.0499999523162842,0,0.0
2023-12-21,1.0499999523162842,1.0499999523162842,1.0499999523162842,1.0499999523162842,0,0.0
2023-12-22,1.0499999523162842,1.0499999523162842,1.0499999523162842,1.0499999523162842,0,0.0
2023-12-26,1.0,1.0,1.0,1.0,60026,0.0
2023-12-27,1.0,1.0,1.0,1.0,0,0.0
2023-12-28,1.0,1.0,1.0,1.0,0,0.0
2023-12-29,1.0,1.0,1.0,1.0,0,0.0
2024-01-01,0.949999988079071,0.949999988079071,0.949999988079071,0.949999988079071,200363,0.0
2024-01-02,0.949999988079071,0.949999988079071,0.949999988079071,0.949999988079071,0,0.0
2024-01-03,0.949999988079071,0.949999988079071,0.949999988079071,0.949999988079071,0,0.0
2024-01-04,0.949999988079071,0.949999988079071,0.949999988079071,0.949999988079071,0,0.0
2024-01-05,0.949999988079071,0.949999988079071,0.949999988079071,0.949999988079071,0,0.0
2024-01-08,0.8999999761581421,0.8999999761581421,0.8999999761581421,0.8999999761581421,291421,0.0
2024-01-09,0.8999999761581421,0.8999999761581421,0.8500000238418579,0.8500000238418579,775461,0.0
2024-01-10,0.8500000238418579,0.8999999761581421,0.800000011920929,0.8999999761581421,543096,19.99999046325229
2024-01-11,0.949999988079071,0.949999988079071,0.8500000238418579,0.949999988079071,525003,33.33333333333333
2024-01-12,1.0,1.0,1.0,1.0,298677,42.857147722829474
2024-01-15,1.0499999523162842,1.0499999523162842,1.0499999523162842,1.0499999523162842,314700,57.142852277170526
2024-01-16,1.100000023841858,1.100000023841858,1.100000023841858,1.100000023841858,442992,62.500003725290526
2024-01-17,1.0499999523162842,1.149999976158142,1.0499999523162842,1.149999976158142,829356,66.66666666666666
2024-01-18,1.2000000476837158,1.2000000476837158,1.149999976158142,1.2000000476837158,457686,70.00000476837158
2024-01-19,1.25,1.25,1.25,1.25,625475,80.00000476837215
2024-01-23,1.350000023841858,1.350000023841858,1.25,1.350000023841858,1397525,83.33333830038735
2024-01-24,1.350000023841858,1.350000023841858,1.2999999523162842,1.2999999523162842,243519,76.92307269079468
2024-01-25,1.2999999523162842,1.350000023841858,1.25,1.2999999523162842,455515,76.92307269079468
2024-01-29,1.350000023841858,1.350000023841858,1.25,1.2999999523162842,810179,76.92307269079468
2024-01-30,1.350000023841858,1.350000023841858,1.25,1.350000023841858,959008,84.615383204624
2024-01-31,1.399999976158142,1.399999976158142,1.399999976158142,1.399999976158142,167595,92.307682432368
2024-02-01,1.4500000476837158,1.4500000476837158,1.4500000476837158,1.4500000476837158,217229,92.30768384313016
2024-02-02,1.4500000476837158,1.4500000476837158,1.4500000476837158,1.4500000476837158,0,91.66665756040457
2024-02-05,1.4500000476837158,1.5,1.399999976158142,1.5,939050,91.66665673256158
2024-02-06,1.5,1.5,1.5,1.5,0,90.90908105708692
2024-02-07,1.5,1.5,1.5,1.5,0,89.99998807907389
2024-02-08,1.5,1.5,1.5,1.5,0,88.88887711513627
2024-02-09,1.5,1.5,1.5,1.5,0,87.49998509884236
2024-02-12,1.5,1.5,1.4500000476837158,1.4500000476837158,554409,75.0
2024-02-13,1.4500000476837158,1.4500000476837158,1.4500000476837158,1.4500000476837158,0,66.66666666666666
2024-02-14,1.4500000476837158,1.4500000476837158,1.4500000476837158,1.4500000476837158,0,80.00001907348633
2024-02-15,1.4500000476837158,1.4500000476837158,1.4500000476837158,1.4500000476837158,0,80.00001907348633
2024-02-16,1.4500000476837158,1.4500000476837158,1.4500000476837158,1.4500000476837158,0,80.00001907348633
2024-02-19,1.399999976158142,1.399999976158142,1.399999976158142,1.399999976158142,262457,59.999990463256836
2024-02-20,1.399999976158142,1.399999976158142,1.399999976158142,1.399999976158142,0,50.0
2024-02-21,1.399999976158142,1.399999976158142,1.399999976158142,1.399999976158142,0,33.33330684237589
2024-02-22,1.399999976158142,1.399999976158142,1.399999976158142,1.399999976158142,0,33.33330684237589
2024-02-23,1.399999976158142,1.399999976158142,1.399999976158142,1.399999976158142,0,0.0
2024-02-26,1.350000023841858,1.399999976158142,1.350000023841858,1.350000023841858,549463,0.0
2024-02-27,1.350000023841858,1.350000023841858,1.350000023841858,1.350000023841858,0,0.0
2024-02-28,1.350000023841858,1.350000023841858,1.350000023841858,1.350000023841858,0,0.0
2024-02-29,1.350000023841858,1.350000023841858,1.350000023841858,1.350000023841858,0,0.0
2024-03-01,1.350000023841858,1.350000023841858,1.350000023841858,1.350000023841858,0,0.0
2024-03-04,1.2999999523162842,1.2999999523162842,1.2999999523162842,1.2999999523162842,84043,0.0
2024-03-05,1.2999999523162842,1.2999999523162842,1.2999999523162842,1.2999999523162842,0,0.0
2024-03-06,1.2999999523162842,1.2999999523162842,1.2999999523162842,1.2999999523162842,0,0.0
2024-03-07,1.2999999523162842,1.2999999523162842,1.2999999523162842,1.2999999523162842,0,0.0
2024-03-11,1.25,1.2999999523162842,1.25,1.25,380290,0.0
2024-03-12,1.25,1.25,1.25,1.25,0,0.0
2024-03-13,1.25,1.25,1.25,1.25,0,0.0
2024-03-14,1.25,1.25,1.25,1.25,0,0.0
2024-03-15,1.25,1.25,1.25,1.25,0,0.0
2024-03-18,1.2000000476837158,1.2000000476837158,1.2000000476837158,1.2000000476837158,19396,0.0
2024-03-19,1.2000000476837158,1.2000000476837158,1.2000000476837158,1.2000000476837158,0,0.0
2024-03-20,1.2000000476837158,1.2000000476837158,1.2000000476837158,1.2000000476837158,0,0.0
2024-03-21,1.2000000476837158,1.2000000476837158,1.2000000476837158,1.2000000476837158,0,0.0
2024-03-22,1.2000000476837158,1.2000000476837158,1.2000000476837158,1.2000000476837158,0,0.0
2024-03-26,1.2000000476837158,1.2000000476837158,1.149999976158142,1.149999976158142,40142,0.0
2024-03-27,1.149999976158142,1.149999976158142,1.149999976158142,1.149999976158142,0,0.0
2024-03-28,1.149999976158142,1.149999976158142,1.149999976158142,1.149999976158142,0,0.0
2024-04-01,1.100000023841858,1.100000023841858,1.100000023841858,1.100000023841858,42348,0.0
2024-04-02,1.100000023841858,1.100000023841858,1.100000023841858,1.100000023841858,0,0.0
2024-04-03,1.100000023841858,1.100000023841858,1.100000023841858,1.100000023841858,0,0.0
2024-04-04,1.100000023841858,1.100000023841858,1.100000023841858,1.100000023841858,0,0.0
2024-04-05,1.100000023841858,1.100000023841858,1.100000023841858,1.100000023841858,0,0.0
2024-04-08,1.0499999523162842,1.149999976158142,1.0499999523162842,1.0499999523162842,49582,0.0
2024-04-09,1.0499999523162842,1.0499999523162842,1.0,1.0,80966,0.0
2024-04-10,0.949999988079071,1.0,0.949999988079071,0.949999988079071,218279,0.0
2024-04-12,1.0,1.0,0.8999999761581421,0.949999988079071,152231,0.0
2024-04-15,0.949999988079071,0.949999988079071,0.8999999761581421,0.8999999761581421,164888,0.0
2024-04-16,0.8500000238418579,0.949999988079071,0.8500000238418579,0.8999999761581421,131371,0.0
2024-04-18,0.8500000238418579,0.949999988079071,0.8500000238418579,0.8500000238418579,121195,0.0
2024-04-19,0.8500000238418579,0.8999999761581421,0.8500000238418579,0.8999999761581421,19063,14.285704554341052
2024-04-22,0.8999999761581421,0.949999988079071,0.8999999761581421,0.949999988079071,61373,24.99999627470892
2024-04-23,0.949999988079071,1.0,0.8999999761581421,1.0,42953,37.49999627470948
2024-04-24,1.0,1.0499999523162842,1.0,1.0499999523162842,31689,44.4444356141253
2024-04-25,1.0499999523162842,1.100000023841858,1.0,1.0,80417,39.99999523162728
2024-04-26,1.0499999523162842,1.0499999523162842,0.949999988079071,1.0499999523162842,87025,45.45453757293714
2024-04-29,1.100000023841858,1.100000023841858,1.0,1.0,148010,41.666661699611154
2024-04-30,1.0499999523162842,1.0499999523162842,1.0499999523162842,1.0499999523162842,70313,50.0
2024-05-02,1.0499999523162842,1.100000023841858,1.0499999523162842,1.100000023841858,69141,58.333338300388846
2024-05-03,1.100000023841858,1.149999976158142,1.100000023841858,1.149999976158142,79981,66.66667328940801
2024-05-06,1.149999976158142,1.2000000476837158,1.149999976158142,1.2000000476837158,183898,69.23077981147871
2024-05-07,1.25,1.25,1.149999976158142,1.149999976158142,185477,69.23077346305263
2024-05-08,1.149999976158142,1.2000000476837158,1.100000023841858,1.100000023841858,20895,64.28572158424421
2024-05-09,1.149999976158142,1.149999976158142,1.100000023841858,1.149999976158142,52330,71.42857386141473
2024-05-10,1.149999976158142,1.2000000476837158,1.149999976158142,1.2000000476837158,30686,71.4285787271001
2024-05-13,1.25,1.25,1.25,1.25,250488,71.42857629425762
2024-05-14,1.2999999523162842,1.2999999523162842,1.2999999523162842,1.2999999523162842,51783,71.42857386141473
2024-05-15,1.350000023841858,1.350000023841858,1.350000023841858,1.350000023841858,34474,71.4285787271001
2024-05-16,1.350000023841858,1.350000023841858,1.2999999523162842,1.2999999523162842,271774,71.42856656288647
2024-05-17,1.2999999523162842,1.350000023841858,1.25,1.350000023841858,105776,71.42857142857143
2024-05-21,1.350000023841858,1.350000023841858,1.25,1.2999999523162842,77165,71.42855926436317
2024-05-22,1.350000023841858,1.350000023841858,1.25,1.2999999523162842,147904,69.23075935544854
2024-05-23,1.350000023841858,1.350000023841858,1.25,1.350000023841858,99720,69.23075935544854
2024-05-24,1.350000023841858,1.350000023841858,1.2999999523162842,1.2999999523162842,134412,61.53845166314266
2024-05-27,1.2999999523162842,1.350000023841858,1.25,1.350000023841858,105193,61.53845166314266
2024-05-28,1.399999976158142,1.399999976158142,1.2999999523162842,1.2999999523162842,268007,61.53845166314266
2024-05-29,1.350000023841858,1.350000023841858,1.25,1.350000023841858,88064,69.23075230165426
2024-05-30,1.350000023841858,1.399999976158142,1.2999999523162842,1.2999999523162842,185626,61.53844743086832
2024-05-31,1.350000023841858,1.350000023841858,1.25,1.2999999523162842,146751,58.33331677650467
2024-06-03,1.25,1.350000023841858,1.25,1.25,268656,50.0
2024-06-04,1.25,1.25,1.2000000476837158,1.2000000476837158,82863,41.666683223495326
2024-06-05,1.149999976158142,1.149999976158142,1.149999976158142,1.149999976158142,108012,33.33334657879627
2024-06-06,1.2000000476837158,1.2000000476837158,1.100000023841858,1.100000023841858,28470,33.33335320153168
2024-06-07,1.100000023841858,1.149999976158142,1.0499999523162842,1.100000023841858,74249,27.27274500632676
2024-06-10,1.100000023841858,1.1100000143051147,1.0399999618530273,1.0499999523162842,83336,27.27274500632676
2024-06-11,0.9900000095367432,1.100000023841858,0.9900000095367432,1.100000023841858,223313,33.33335320153168
2024-06-12,1.100000023841858,1.149999976158142,1.100000023841858,1.149999976158142,36393,33.333339956067434
2024-06-13,1.2000000476837158,1.2000000476837158,1.2000000476837158,1.2000000476837158,42950,41.66667991213486
2024-06-14,1.2000000476837158,1.2599999904632568,1.2000000476837158,1.2599999904632568,64672,42.62295114004096
2024-06-18,1.3200000524520874,1.3200000524520874,1.3200000524520874,1.3200000524520874,127626,51.61291066863118
2024-06-19,1.3799999952316284,1.3799999952316284,1.3799999952316284,1.3799999952316284,124576,52.38094967779437
2024-06-20,1.440000057220459,1.440000057220459,1.4299999475479126,1.440000057220459,153336,60.93750640284165
2024-06-21,1.5099999904632568,1.5099999904632568,1.5099999904632568,1.5099999904632568,194045,64.78873428620167
2024-06-24,1.5800000429153442,1.5800000429153442,1.5800000429153442,1.5800000429153442,190489,72.60273838383262
2024-06-25,1.649999976158142,1.649999976158142,1.649999976158142,1.649999976158142,101579,79.99999046325836
2024-06-26,1.649999976158142,1.649999976158142,1.649999976158142,1.649999976158142,0,85.71428328144324
2024-06-27,1.649999976158142,1.649999976158142,1.649999976158142,1.649999976158142,0,92.307682432368
2024-06-28,1.649999976158142,1.649999976158142,1.649999976158142,1.649999976158142,0,92.307682432368
2024-07-01,1.649999976158142,1.649999976158142,1.559999942779541,1.559999942779541,173565,86.95651798332452
2024-07-02,1.559999942779541,1.559999942779541,1.559999942779541,1.559999942779541,0,85.93749447027209
2024-07-03,1.559999942779541,1.559999942779541,1.559999942779541,1.559999942779541,0,84.74575791746636
2024-07-04,1.559999942779541,1.559999942779541,1.559999942779541,1.559999942779541,0,83.33332597473469
2024-07-05,1.559999942779541,1.559999942779541,1.559999942779541,1.559999942779541,0,81.24999379118309
2024-07-08,1.559999942779541,1.559999942779541,1.4800000190734863,1.4800000190734863,281146,66.00000047683727
2024-07-09,1.4800000190734863,1.4800000190734863,1.4800000190734863,1.4800000190734863,0,61.3636406738902
2024-07-10,1.4800000190734863,1.4800000190734863,1.4800000190734863,1.4800000190734863,0,55.26315459253938
2024-07-11,1.4800000190734863,1.4800000190734863,1.4800000190734863,1.4800000190734863,0,45.161294043995156
2024-07-12,1.4800000190734863,1.4800000190734863,1.4800000190734863,1.4800000190734863,0,29.166652179419998
2024-07-15,1.4800000190734863,1.4800000190734863,1.399999976158142,1.399999976158142,182751,0.0
2024-07-16,1.399999976158142,1.399999976158142,1.399999976158142,1.399999976158142,0,0.0
2024-07-18,1.399999976158142,1.399999976158142,1.399999976158142,1.399999976158142,0,0.0
2024-07-19,1.399999976158142,1.399999976158142,1.399999976158142,1.399999976158142,0,0.0
2024-07-22,1.399999976158142,1.399999976158142,1.3300000429153442,1.3300000429153442,127677,0.0
2024-07-23,1.3300000429153442,1.3300000429153442,1.3300000429153442,1.3300000429153442,0,0.0
2024-07-24,1.3300000429153442,1.3300000429153442,1.3300000429153442,1.3300000429153442,0,0.0
2024-07-25,1.3300000429153442,1.3300000429153442,1.3300000429153442,1.3300000429153442,0,0.0
2024-07-26,1.3300000429153442,1.3300000429153442,1.3300000429153442,1.3300000429153442,0,0.0
2024-07-29,1.3300000429153442,1.3300000429153442,1.2599999904632568,1.3200000524520874,366587,0.0
2024-07-30,1.3200000524520874,1.3200000524520874,1.3200000524520874,1.3200000524520874,0,0.0
2024-07-31,1.3200000524520874,1.3200000524520874,1.3200000524520874,1.3200000524520874,0,0.0
2024-08-01,1.3200000524520874,1.3200000524520874,1.3200000524520874,1.3200000524520874,0,0.0
2024-08-02,1.3200000524520874,1.3200000524520874,1.3200000524520874,1.3200000524520874,0,0.0
2024-08-05,1.25,1.3200000524520874,1.25,1.25,153610,0.0
2024-08-06,1.25,1.25,1.25,1.25,0,0.0
2024-08-07,1.25,1.25,1.25,1.25,0,0.0
2024-08-08,1.25,1.25,1.25,1.25,0,0.0
2024-08-09,1.25,1.25,1.25,1.25,0,0.0
2024-08-12,1.25,1.309999942779541,1.1799999475479126,1.1799999475479126,111413,0.0
2024-08-13,1.1799999475479126,1.1799999475479126,1.1799999475479126,1.1799999475479126,0,0.0
2024-08-14,1.1799999475479126,1.1799999475479126,1.1799999475479126,1.1799999475479126,0,0.0
2024-08-16,1.1799999475479126,1.1799999475479126,1.1799999475479126,1.1799999475479126,0,0.0
2024-08-19,1.1799999475479126,1.1799999475479126,1.1200000047683716,1.1200000047683716,31493,0.0
2024-08-20,1.1200000047683716,1.1200000047683716,1.1200000047683716,1.1200000047683716,0,0.0
2024-08-21,1.1200000047683716,1.1200000047683716,1.1200000047683716,1.1200000047683716,0,0.0
2024-08-22,1.1200000047683716,1.1200000047683716,1.1200000047683716,1.1200000047683716,0,0.0
2024-08-23,1.1200000047683716,1.1200000047683716,1.1200000047683716,1.1200000047683716,0,0.0
2024-08-26,1.1200000047683716,1.1200000047683716,1.059999942779541,1.059999942779541,234442,0.0
2024-08-27,1.059999942779541,1.059999942779541,1.059999942779541,1.059999942779541,0,0.0
2024-08-28,1.059999942779541,1.059999942779541,1.059999942779541,1.059999942779541,0,0.0
2024-08-29,1.059999942779541,1.059999942779541,1.059999942779541,1.059999942779541,0,0.0
2024-08-30,1.059999942779541,1.059999942779541,1.059999942779541,1.059999942779541,0,0.0
2024-09-02,1.1100000143051147,1.1100000143051147,1.0,1.0,646543,0.0
2024-09-03,1.0,1.0,1.0,1.0,0,0.0
2024-09-04,1.0,1.0,1.0,1.0,0,0.0
2024-09-05,1.0,1.0,1.0,1.0,0,0.0
2024-09-06,1.0,1.0,1.0,1.0,0,0.0
2024-09-09,1.0,1.0499999523162842,0.949999988079071,1.0399999618530273,197428,24.999981373544628
2024-09-10,1.0399999618530273,1.0399999618530273,1.0399999618530273,1.0399999618530273,0,24.999981373544628
2024-09-11,1.0499999523162842,1.0700000524520874,0.9800000190734863,1.0499999523162842,42418,29.411744081432587
2024-09-12,1.0499999523162842,1.100000023841858,1.0499999523162842,1.100000023841858,148028,45.45455038054851
2024-09-13,1.149999976158142,1.149999976158142,1.149999976158142,1.149999976158142,93172,71.42858764752864
2024-09-16,1.2000000476837158,1.2000000476837158,1.2000000476837158,1.2000000476837158,293270,76.92309808449005
2024-09-17,1.2200000286102295,1.2599999904632568,1.2200000286102295,1.2599999904632568,93156,81.25001396984153
2024-09-18,1.3200000524520874,1.3200000524520874,1.3200000524520874,1.3200000524520874,149327,84.2105411756734
2024-09-19,1.3799999952316284,1.3799999952316284,1.25,1.350000023841858,217971,85.3658664233634
2024-09-20,1.350000023841858,1.409999966621399,1.3200000524520874,1.3799999952316284,143012,
2024-09-23,1.309999942779541,1.440000057220459,1.309999942779541,1.4299999475479126,291307,
2024-09-24,1.440000057220459,1.5,1.399999976158142,1.4900000095367432,163796,
2024-09-25,1.4900000095367432,1.4900000095367432,1.409999966621399,1.409999966621399,80178,85.96490604322027
2024-09-26,1.409999966621399,1.409999966621399,1.3300000429153442,1.3300000429153442,73800,75.38461961689801
2024-09-27,1.3300000429153442,1.3899999856948853,1.2599999904632568,1.2999999523162842,43587,70.3124959254644
2024-09-30,1.340000033378601,1.3600000143051147,1.2400000095367432,1.25,119718,65.21739280667019
2024-10-01,1.2400000095367432,1.309999942779541,1.190000057220459,1.2599999904632568,37410,65.21739280667019
2024-10-03,1.2300000190734863,1.3200000524520874,1.2000000476837158,1.3200000524520874,97646,65.7142866874227
2024-10-04,1.3200000524520874,1.3799999952316284,1.2699999809265137,1.3600000143051147,275755,65.21739280667019
2024-10-07,1.2899999618530273,1.409999966621399,1.2899999618530273,1.2999999523162842,94480,57.1428498443297
2024-10-08,1.2999999523162842,1.3600000143051147,1.2300000190734863,1.350000023841858,158307,56.521739881595835
2024-10-09,1.350000023841858,1.409999966621399,1.2999999523162842,1.2999999523162842,62890,48.529404803957746
2024-10-10,1.3600000143051147,1.3600000143051147,1.25,1.2599999904632568,45963,43.478260118404165
2024-10-11,1.2599999904632568,1.3200000524520874,1.2599999904632568,1.309999942779541,26644,45.07041993393792
2024-10-14,1.309999942779541,1.3700000047683716,1.2400000095367432,1.3300000429153442,44048,42.64706913574706
2024-10-15,1.3300000429153442,1.3899999856948853,1.2599999904632568,1.340000033378601,76350,38.095244402605566
2024-10-16,1.340000033378601,1.399999976158142,1.2699999809265137,1.3700000047683716,46000,46.55172839034208
2024-10-17,1.4299999475479126,1.4299999475479126,1.2999999523162842,1.2999999523162842,46400,47.36841444824218
2024-10-18,1.2999999523162842,1.3600000143051147,1.2300000190734863,1.2899999618530273,65123,49.09091027314956
2024-10-21,1.2899999618530273,1.2999999523162842,1.2200000286102295,1.2899999618530273,68204,53.99999427795683
2024-10-22,1.2999999523162842,1.309999942779541,1.2200000286102295,1.2799999713897705,31388,51.999997138978415
2024-10-23,1.2799999713897705,1.340000033378601,1.2100000381469727,1.2100000381469727,45318,39.21568719115159
2024-10-24,1.2100000381469727,1.25,1.2000000476837158,1.2100000381469727,25603,34.0425607466253
2024-10-25,1.149999976158142,1.2699999809265137,1.149999976158142,1.25,169219,44.444450331322315
2024-10-28,1.25,1.309999942779541,1.1799999475479126,1.309999942779541,69596,45.65216433573592
2024-10-29,1.3700000047683716,1.3700000047683716,1.25,1.3600000143051147,91655,56.52174701762924
2024-10-30,1.3700000047683716,1.4199999570846558,1.2899999618530273,1.2899999618530273,90489,53.061221510804984
2024-10-31,1.350000023841858,1.350000023841858,1.2599999904632568,1.3300000429153442,33072,52.083343163957686
2024-11-01,1.3899999856948853,1.3899999856948853,1.3300000429153442,1.3899999856948853,40496,55.769225478877495
2024-11-04,1.3899999856948853,1.4500000476837158,1.3200000524520874,1.440000057220459,128975,58.928572568966295
2024-11-05,1.440000057220459,1.4500000476837158,1.3600000143051147,1.3600000143051147,76150,49.18032882995913
2024-11-06,1.4199999570846558,1.4199999570846558,1.2899999618530273,1.350000023841858,120368,54.54546045665822
2024-11-07,1.3200000524520874,1.409999966621399,1.2799999713897705,1.3700000047683716,111150,57.14286018391011
2024-11-08,1.4299999475479126,1.4299999475479126,1.2999999523162842,1.4299999475479126,244622,61.2903213401739
2024-11-11,1.5,1.5,1.5,1.5,128594,66.17647110384635
2024-11-12,1.5700000524520874,1.5700000524520874,1.5700000524520874,1.5700000524520874,534752,76.47058204796244
2024-11-13,1.6399999856948853,1.6399999856948853,1.6399999856948853,1.6399999856948853,117126,78.66665861341816
2024-11-14,1.7200000286102295,1.7200000286102295,1.5499999523162842,1.690000057220459,1076817,78.94736346775954
2024-11-18,1.690000057220459,1.690000057220459,1.690000057220459,1.690000057220459,0,77.14285422344716
2024-11-19,1.690000057220459,1.690000057220459,1.690000057220459,1.690000057220459,0,75.3846103058781
2024-11-21,1.690000057220459,1.690000057220459,1.690000057220459,1.690000057220459,0,84.48275720321931
2024-11-22,1.690000057220459,1.690000057220459,1.690000057220459,1.690000057220459,0,83.33332965403483
2024-11-25,1.600000023841858,1.7699999809265137,1.600000023841858,1.7699999809265137,460802,83.9285672471236
2024-11-26,1.7699999809265137,1.7699999809265137,1.7699999809265137,1.7699999809265137,0,82.35293430165561
2024-11-27,1.7699999809265137,1.7699999809265137,1.7699999809265137,1.7699999809265137,0,97.67442053882051
2024-11-28,1.7699999809265137,1.7699999809265137,1.7699999809265137,1.7699999809265137,0,
2024-11-29,1.7699999809265137,1.7699999809265137,1.7699999809265137,1.7699999809265137,0,
2024-12-02,1.7699999809265137,1.7699999809265137,1.7699999809265137,1.7699999809265137,204095,
2024-12-03,1.7699999809265137,1.7699999809265137,1.7699999809265137,1.7699999809265137,0,
2024-12-04,1.7699999809265137,1.7699999809265137,1.7699999809265137,1.7699999809265137,0,
2024-12-05,1.7699999809265137,1.7699999809265137,1.7699999809265137,1.7699999809265137,0,
2024-12-06,1.7699999809265137,1.7699999809265137,1.7699999809265137,1.7699999809265137,0,
2024-12-09,1.7699999809265137,1.7699999809265137,1.6799999475479126,1.6799999475479126,177448,47.058790530292136
2024-12-10,1.6799999475479126,1.6799999475479126,1.6799999475479126,1.6799999475479126,0,47.058790530292136
2024-12-11,1.6799999475479126,1.6799999475479126,1.6799999475479126,1.6799999475479126,0,47.058790530292136
2024-12-12,1.6799999475479126,1.6799999475479126,1.6799999475479126,1.6799999475479126,0,47.058790530292136
2024-12-13,1.6799999475479126,1.6799999475479126,1.6799999475479126,1.6799999475479126,0,0.0
2024-12-16,1.6799999475479126,1.6799999475479126,1.590000033378601,1.590000033378601,30316,0.0
2024-12-17,1.590000033378601,1.590000033378601,1.590000033378601,1.590000033378601,0,0.0
2024-12-18,1.590000033378601,1.590000033378601,1.590000033378601,1.590000033378601,0,0.0
2024-12-19,1.590000033378601,1.590000033378601,1.590000033378601,1.590000033378601,0,0.0
2024-12-20,1.590000033378601,1.590000033378601,1.590000033378601,1.590000033378601,0,0.0
2024-12-23,1.5199999809265137,1.5199999809265137,1.5099999904632568,1.5099999904632568,39572,0.0
2024-12-24,1.5099999904632568,1.5099999904632568,1.5099999904632568,1.5099999904632568,0,0.0
2024-12-26,1.5099999904632568,1.5099999904632568,1.5099999904632568,1.5099999904632568,0,0.0
2024-12-27,1.5099999904632568,1.5099999904632568,1.5099999904632568,1.5099999904632568,0,0.0
2024-12-30,1.4299999475479126,1.4299999475479126,1.4299999475479126,1.4299999475479126,34821,0.0
2024-12-31,1.4299999475479126,1.4299999475479126,1.4299999475479126,1.4299999475479126,0,0.0
2025-01-01,1.4299999475479126,1.4299999475479126,1.4299999475479126,1.4299999475479126,0,0.0
2025-01-02,1.4299999475479126,1.4299999475479126,1.4299999475479126,1.4299999475479126,0,0.0
2025-01-03,1.4299999475479126,1.4299999475479126,1.4299999475479126,1.4299999475479126,0,0.0
2025-01-06,1.350000023841858,1.350000023841858,1.350000023841858,1.350000023841858,3449,0.0
2025-01-07,1.350000023841858,1.350000023841858,1.350000023841858,1.350000023841858,0,0.0
2025-01-08,1.350000023841858,1.350000023841858,1.350000023841858,1.350000023841858,0,0.0
2025-01-09,1.350000023841858,1.350000023841858,1.350000023841858,1.350000023841858,0,0.0
2025-01-10,1.350000023841858,1.350000023841858,1.350000023841858,1.350000023841858,0,0.0
2025-01-13,1.2799999713897705,1.2799999713897705,1.2799999713897705,1.2799999713897705,33766,0.0
2025-01-14,1.2799999713897705,1.2799999713897705,1.2799999713897705,1.2799999713897705,0,0.0
2025-01-15,1.2799999713897705,1.2799999713897705,1.2799999713897705,1.2799999713897705,0,0.0
2025-01-16,1.2799999713897705,1.2799999713897705,1.2799999713897705,1.2799999713897705,0,0.0
2025-01-17,1.2799999713897705,1.2799999713897705,1.2799999713897705,1.2799999713897705,0,0.0
2025-01-20,1.2100000381469727,1.2100000381469727,1.2100000381469727,1.2100000381469727,46514,0.0
2025-01-21,1.2100000381469727,1.2100000381469727,1.2100000381469727,1.2100000381469727,0,0.0
2025-01-22,1.2100000381469727,1.2100000381469727,1.2100000381469727,1.2100000381469727,0,0.0
2025-01-23,1.2100000381469727,1.2100000381469727,1.2100000381469727,1.2100000381469727,0,0.0
2025-01-24,1.2100000381469727,1.2100000381469727,1.2100000381469727,1.2100000381469727,0,0.0
2025-01-27,1.1399999856948853,1.1399999856948853,1.1399999856948853,1.1399999856948853,34627,0.0
2025-01-28,1.1399999856948853,1.1399999856948853,1.1399999856948853,1.1399999856948853,0,0.0
2025-01-29,1.1399999856948853,1.1399999856948853,1.1399999856948853,1.1399999856948853,0,0.0
2025-01-30,1.1399999856948853,1.1399999856948853,1.1399999856948853,1.1399999856948853,0,0.0
2025-01-31,1.1399999856948853,1.1399999856948853,1.1399999856948853,1.1399999856948853,0,0.0
2025-02-01,1.1399999856948853,1.1399999856948853,1.1399999856948853,1.1399999856948853,0,0.0
2025-02-03,1.1399999856948853,1.190000057220459,1.0800000429153442,1.1299999952316284,55019,0.0
2025-02-04,1.1299999952316284,1.1299999952316284,1.1299999952316284,1.1299999952316284,0,0.0
2025-02-05,1.1299999952316284,1.1299999952316284,1.1299999952316284,1.1299999952316284,0,0.0
2025-02-06,1.1299999952316284,1.1299999952316284,1.1299999952316284,1.1299999952316284,0,0.0
2025-02-07,1.1299999952316284,1.1299999952316284,1.1299999952316284,1.1299999952316284,0,0.0
2025-02-10,1.1799999475479126,1.1799999475479126,1.0700000524520874,1.0700000524520874,60911,0.0
2025-02-11,1.0700000524520874,1.1200000047683716,1.0099999904632568,1.0199999809265137,436107,0.0
2025-02-12,0.9700000286102295,1.0700000524520874,0.9700000286102295,1.0700000524520874,32067,20.83335195977483
2025-02-13,1.1200000047683716,1.1200000047683716,1.0099999904632568,1.0199999809265137,52650,22.72728996827408
2025-02-14,0.9700000286102295,1.0,0.9700000286102295,0.9700000286102295,46164,18.518538141439564
2025-02-17,0.9700000286102295,1.0,0.9200000166893005,0.9200000166893005,50818,15.625016880215753
2025-02-18,0.9200000166893005,0.9599999785423279,0.8700000047683716,0.949999988079071,74774,22.857149669100636
2025-02-19,0.9800000190734863,0.9800000190734863,0.8999999761581421,0.8999999761581421,22104,20.000005960463056
2025-02-20,0.8999999761581421,0.9399999976158142,0.8799999952316284,0.8799999952316284,33982,19.047625805514045
2025-02-21,0.8799999952316284,0.9200000166893005,0.8299999833106995,0.8500000238418579,25181,18.181825570822767
2025-02-24,0.8500000238418579,0.8500000238418579,0.800000011920929,0.800000011920929,154802,16.32653706672447
2025-02-25,0.800000011920929,0.8399999737739563,0.7699999809265137,0.8299999833106995,22936,21.153847256002962
2025-02-27,0.8399999737739563,0.8700000047683716,0.8399999737739563,0.8500000238418579,5275,24.074080615049198
2025-02-28,0.8500000238418579,0.8899999856948853,0.800000011920929,0.8500000238418579,15665,24.074080615049198
2025-03-03,0.8500000238418579,0.8500000238418579,0.800000011920929,0.800000011920929,23463,24.52830528185848
2025-03-04,0.800000011920929,0.800000011920929,0.7599999904632568,0.7799999713897705,36213,26.000004768370445
2025-03-05,0.8100000023841858,0.8100000023841858,0.7400000095367432,0.7799999713897705,26132,17.777772185243805
2025-03-06,0.7400000095367432,0.8100000023841858,0.7400000095367432,0.8100000023841858,27562,25.581398250090828
2025-03-07,0.8100000023841858,0.8500000238418579,0.8100000023841858,0.8500000238418579,12513,35.71428774165422
2025-03-10,0.8500000238418579,0.8899999856948853,0.800000011920929,0.8899999856948853,190091,46.34145986884944
2025-03-11,0.8899999856948853,0.9300000071525574,0.8399999737739563,0.8600000143051147,141180,39.02439414426562
2025-03-12,0.8999999761581421,0.8999999761581421,0.8999999761581421,0.8999999761581421,16860,50.0
2025-03-13,0.9399999976158142,0.9399999976158142,0.9399999976158142,0.9399999976158142,17124,57.142857142857146
2025-03-17,0.9800000190734863,0.9800000190734863,0.9800000190734863,0.9800000190734863,57390,65.11627616851422
2025-03-18,0.9800000190734863,0.9800000190734863,0.9800000190734863,0.9800000190734863,0,73.68420804966885
2025-03-19,1.0700000524520874,1.0700000524520874,1.0700000524520874,1.0700000524520874,126037,77.27272788847758
2025-03-20,1.1200000047683716,1.1200000047683716,1.1200000047683716,1.1200000047683716,49581,78.72340047775022
2025-03-21,1.159999966621399,1.1699999570846558,1.159999966621399,1.1699999570846558,126721,80.76922547887749
2025-03-24,1.1699999570846558,1.2200000286102295,1.159999966621399,1.2200000286102295,645480,90.38461384159585
2025-03-25,1.2400000095367432,1.2400000095367432,1.2200000286102295,1.2400000095367432,128937,94.23077452112251
2025-03-26,1.2599999904632568,1.2599999904632568,1.2599999904632568,1.2599999904632568,40267,94.44444935017687
2025-03-27,1.2799999713897705,1.2799999713897705,1.2799999713897705,1.2799999713897705,61834,94.3396270975356
2025-03-28,1.2999999523162842,1.2999999523162842,1.2899999618530273,1.2999999523162842,103710,94.11765118371349
2025-04-01,1.3200000524520874,1.3200000524520874,1.3200000524520874,1.3200000524520874,87939,93.87755697839003
2025-04-02,1.340000033378601,1.340000033378601,1.340000033378601,1.340000033378601,96915,
2025-04-03,1.3600000143051147,1.3600000143051147,1.3600000143051147,1.3600000143051147,111893,
2025-04-04,1.3799999952316284,1.3799999952316284,1.3799999952316284,1.3799999952316284,110141,
2025-04-07,1.3799999952316284,1.3799999952316284,1.3799999952316284,1.3799999952316284,167429,
2025-04-08,1.3899999856948853,1.3899999856948853,1.3799999952316284,1.3899999856948853,66374,
2025-04-09,1.409999966621399,1.409999966621399,1.3899999856948853,1.409999966621399,71376,
2025-04-11,1.409999966621399,1.409999966621399,1.409999966621399,1.409999966621399,72973,
2025-04-15,1.3799999952316284,1.409999966621399,1.3799999952316284,1.3799999952316284,93406,88.88889870035375
2025-04-16,1.350000023841858,1.350000023841858,1.350000023841858,1.350000023841858,27837,76.00001144409725
2025-04-17,1.3200000524520874,1.3200000524520874,1.3200000524520874,1.3200000524520874,12059,65.3846312556825
2025-04-21,1.2899999618530273,1.2899999618530273,1.2899999618530273,1.2899999618530273,61240,55.55555064982312
2025-04-22,1.2599999904632568,1.2899999618530273,1.2599999904632568,1.2599999904632568,132074,46.42857446962504
2025-04-23,1.2300000190734863,1.2300000190734863,1.2300000190734863,1.2300000190734863,34308,37.93104440505513
2025-04-24,1.2000000476837158,1.2000000476837158,1.2000000476837158,1.2000000476837158,96254,29.99998807906441
2025-04-25,1.1699999570846558,1.190000057220459,1.1699999570846558,1.1699999570846558,42449,22.580627794689264
2025-04-28,1.1399999856948853,1.1699999570846558,1.1399999856948853,1.1399999856948853,35120,15.624988358465387
2025-04-29,1.1200000047683716,1.1399999856948853,1.1200000047683716,1.1200000047683716,42501,9.37499301507924
2025-04-30,1.1100000143051147,1.1200000047683716,1.1100000143051147,1.1100000143051147,37455,9.090902522902638
2025-05-02,1.100000023841858,1.100000023841858,1.100000023841858,1.100000023841858,15093,6.060601681935097
2025-05-05,1.149999976158142,1.149999976158142,1.149999976158142,1.149999976158142,130136,13.88887969063856
2025-05-06,1.2000000476837158,1.2000000476837158,1.090000033378601,1.090000033378601,333211,11.904755146863067
2025-05-07,1.0299999713897705,1.0299999713897705,1.0299999713897705,1.0299999713897705,1720416,11.111102280791968
2025-05-08,0.9700000286102295,1.0800000429153442,0.9700000286102295,1.0299999713897705,213064,11.904751767916508
2025-05-09,1.0,1.0800000429153442,0.9700000286102295,1.0499999523162842,99881,17.073155839409367
2025-05-12,1.100000023841858,1.100000023841858,1.0700000524520874,1.100000023841858,90241,27.906981257247864
2025-05-13,1.1399999856948853,1.149999976158142,1.1200000047683716,1.149999976158142,116483,37.77777424565012
2025-05-14,1.2000000476837158,1.2000000476837158,1.149999976158142,1.190000057220459,139672,45.65217842001057
2025-05-15,1.2100000381469727,1.2400000095367432,1.159999966621399,1.2300000190734863,255704,53.1914861237859
2025-05-16,1.2000000476837158,1.2000000476837158,1.2000000476837158,1.2000000476837158,48311,53.1914996151061
2025-05-19,1.1699999570846558,1.1799999475479126,1.1699999570846558,1.1699999570846558,34180,53.1914861237859
2025-05-20,1.1399999856948853,1.149999976158142,1.1399999856948853,1.1399999856948853,17764,52.08333126372769
2025-05-21,1.1100000143051147,1.1100000143051147,1.1100000143051147,1.1100000143051147,53525,50.0
2025-05-22,1.1299999952316284,1.1299999952316284,1.1100000143051147,1.1299999952316284,34069,52.941173720662235
2025-05-23,1.149999976158142,1.149999976158142,1.149999976158142,1.149999976158142,29791,50.0
2025-05-26,1.1200000047683716,1.149999976158142,1.1200000047683716,1.1200000047683716,122170,53.33332980120661
2025-05-27,1.1200000047683716,1.1200000047683716,1.1200000047683716,1.1200000047683716,6270,61.53846624099779
2025-05-28,1.1399999856948853,1.1399999856948853,1.1399999856948853,1.1399999856948853,39536,63.41463698296964
2025-05-29,1.159999966621399,1.159999966621399,1.159999966621399,1.159999966621399,27646,63.41463698296964
2025-05-30,1.1799999475479126,1.1799999475479126,1.1799999475479126,1.1799999475479126,38224,60.52630918507876
2025-06-02,1.2000000476837158,1.2000000476837158,1.2000000476837158,1.2000000476837158,142566,57.14286687422706
2025-06-03,1.2200000286102295,1.2200000286102295,1.2200000286102295,1.2200000286102295,35585,54.545451261451326
2025-06-04,1.2400000095367432,1.2400000095367432,1.2400000095367432,1.2400000095367432,62299,51.61290198533494
2025-06-05,1.2599999904632568,1.2599999904632568,1.2599999904632568,1.2599999904632568,33455,59.99999205271277
2025-06-06,1.2799999713897705,1.2799999713897705,1.2599999904632568,1.2799999713897705,149546,68.96552999862293
2025-06-09,1.2999999523162842,1.2999999523162842,1.2999999523162842,1.2999999523162842,41044,78.5714376945933
2025-06-10,1.3200000524520874,1.3200000524520874,1.3200000524520874,1.3200000524520874,50274,88.88889870035375
2025-06-11,1.340000033378601,1.340000033378601,1.340000033378601,1.340000033378601,21998,88.88889870035375
2025-06-12,1.3600000143051147,1.3600000143051147,1.3600000143051147,1.3600000143051147,125716,88.88889870035375
2025-06-13,1.3799999952316284,1.3799999952316284,1.3300000429153442,1.3799999952316284,240961,
2025-06-16,1.399999976158142,1.399999976158142,1.399999976158142,1.399999976158142,25737,
2025-06-17,1.4199999570846558,1.4199999570846558,1.4199999570846558,1.4199999570846558,48815,
2025-06-18,1.440000057220459,1.440000057220459,1.440000057220459,1.440000057220459,18017,
2025-06-19,1.409999966621399,1.4600000381469727,1.409999966621399,1.409999966621399,167322,89.6551483168071
2025-06-20,1.409999966621399,1.409999966621399,1.399999976158142,1.409999966621399,71624,88.88885945450733
2025-06-23,1.3799999952316284,1.409999966621399,1.3799999952316284,1.3799999952316284,64847,78.57141336616696
2025-06-24,1.350000023841858,1.3799999952316284,1.350000023841858,1.350000023841858,166788,68.96551440643861
2025-06-25,1.3200000524520874,1.3200000524520874,1.3200000524520874,1.3200000524520874,53822,60.000007947284075
2025-06-26,1.2899999618530273,1.3300000429153442,1.2899999618530273,1.2899999618530273,104789,51.61290074486535
2025-06-27,1.2899999618530273,1.309999942779541,1.2899999618530273,1.2899999618530273,133984,48.275864903905045
2025-06-30,1.2599999904632568,1.2799999713897705,1.2599999904632568,1.2599999904632568,60082,39.99999205271592
2025-07-01,1.2699999809265137,1.2699999809265137,1.2599999904632568,1.2699999809265137,31061,37.93102881287722
2025-07-02,1.2400000095367432,1.2400000095367432,1.2400000095367432,1.2400000095367432,230452,30.000003973642038
2025-07-03,1.2599999904632568,1.2599999904632568,1.2200000286102295,1.2599999904632568,385883,30.000003973642038
2025-07-04,1.2799999713897705,1.2799999713897705,1.2699999809265137,1.2799999713897705,174699,30.000003973642038
2025-07-07,1.309999942779541,1.340000033378601,1.2999999523162842,1.340000033378601,126817,38.235310617195296
2025-07-08,1.3700000047683716,1.399999976158142,1.350000023841858,1.399999976158142,216055,44.736831373124765
2025-07-09,1.4600000381469727,1.4700000286102295,1.4600000381469727,1.4700000286102295,57697,57.14286525233345
2025-07-10,1.5399999618530273,1.5399999618530273,1.399999976158142,1.5399999618530273,529872,63.265308604942035
2025-07-11,1.6100000143051147,1.6100000143051147,1.6100000143051147,1.6100000143051147,177050,71.69811617823095
2025-07-14,1.690000057220459,1.690000057220459,1.649999976158142,1.690000057220459,458994,79.31034553632152
2025-07-15,1.7599999904632568,1.7699999809265137,1.7599999904632568,1.7699999809265137,54204,85.71428030796869
2025-07-16,1.7300000190734863,1.7300000190734863,1.7300000190734863,1.7300000190734863,452286,84.37501164153461
2025-07-17,1.7599999904632568,1.7599999904632568,1.7300000190734863,1.7599999904632568,137024,85.07463748802124
2025-07-18,1.7899999618530273,1.7899999618530273,1.7599999904632568,1.7899999618530273,174133,89.55224624161487
2025-07-21,1.8200000524520874,1.8200000524520874,1.8200000524520874,1.8200000524520874,355563,89.85508122731676
2025-07-22,1.8300000429153442,1.8300000429153442,1.8200000524520874,1.8300000429153442,222240,94.02985605744252
2025-07-23,1.8600000143051147,1.8600000143051147,1.8300000429153442,1.8600000143051147,140414,94.11765221493506
2025-07-24,1.8899999856948853,1.8899999856948853,1.8700000047683716,1.8899999856948853,161655,94.20290355846672
2025-07-25,1.9199999570846558,1.9199999570846558,1.9199999570846558,1.9199999570846558,93710,93.9393983180649
2025-07-28,1.9500000476837158,1.9500000476837158,1.9500000476837158,1.9500000476837158,164290,93.65079965781257
2025-07-29,1.9800000190734863,1.9800000190734863,1.9800000190734863,1.9800000190734863,92217,93.22034446236401
2025-07-30,2.009999990463257,2.009999990463257,2.009999990463257,2.009999990463257,116579,92.72727903255802
2025-07-31,2.049999952316284,2.049999952316284,2.049999952316284,2.049999952316284,51439,92.3076975980468
2025-08-01,2.0899999141693115,2.0899999141693115,2.0899999141693115,2.0899999141693115,207446,91.66667080588
2025-08-04,2.130000114440918,2.130000114440918,2.130000114440918,2.130000114440918,124596,90.90910076109702
2025-08-05,2.1700000762939453,2.1700000762939453,2.1700000762939453,2.1700000762939453,146925,
2025-08-06,2.2100000381469727,2.2100000381469727,2.2100000381469727,2.2100000381469727,44590,
2025-08-07,2.25,2.25,2.25,2.25,74307,
2025-08-08,2.2899999618530273,2.2899999618530273,2.2899999618530273,2.2899999618530273,501378,
2025-08-11,2.240000009536743,2.240000009536743,2.240000009536743,2.240000009536743,434137,90.19608530618913
2025-08-12,2.190000057220459,2.190000057220459,2.190000057220459,2.190000057220459,111051,81.13208820320287
2025-08-13,2.140000104904175,2.140000104904175,2.140000104904175,2.140000104904175,120070,72.72729046089142
2025-08-14,2.0899999141693115,2.0899999141693115,2.0899999141693115,2.0899999141693115,58839,64.91227556500493
2025-08-18,2.0399999618530273,2.0399999618530273,2.0399999618530273,2.0399999618530273,45260,57.62711247984049
2025-08-19,1.9900000095367432,1.9900000095367432,1.9900000095367432,1.9900000095367432,95608,50.81967149040952
2025-08-20,1.9500000476837158,1.9500000476837158,1.9500000476837158,1.9500000476837158,128392,45.161294043995156
2025-08-21,1.909999966621399,1.909999966621399,1.909999966621399,1.909999966621399,62527,38.70967865982611
2025-08-22,1.8700000047683716,1.8700000047683716,1.8700000047683716,1.8700000047683716,82675,32.25807195895662
2025-08-25,1.8700000047683716,1.8700000047683716,1.7699999809265137,1.7699999809265137,336442,23.52939526514608
2025-08-26,1.6799999475479126,1.7300000190734863,1.6799999475479126,1.6799999475479126,163522,16.438342742431303
2025-08-28,1.600000023841858,1.649999976158142,1.590000033378601,1.590000033378601,296024,10.256402418848637
2025-08-29,1.559999942779541,1.659999966621399,1.5099999904632568,1.659999966621399,274785,13.580236920420134
2025-09-01,1.7400000095367432,1.7400000095367432,1.7400000095367432,1.7400000095367432,58085,17.647057998551546
2025-09-02,1.8200000524520874,1.8200000524520874,1.8200000524520874,1.8200000524520874,75111,26.136365945427883
2025-09-03,1.909999966621399,1.909999966621399,1.909999966621399,1.909999966621399,323824,34.78260306194257
2025-09-04,2.0,2.0,1.9800000190734863,2.0,207677,42.70832815931924
2025-09-05,2.0999999046325684,2.0999999046325684,2.0999999046325684,2.0999999046325684,209458,50.49504915436922
2025-09-08,2.200000047683716,2.200000047683716,1.9900000095367432,2.1600000858306885,977289,55.88235912850995
2025-09-09,2.049999952316284,2.119999885559082,2.049999952316284,2.049999952316284,841729,52.77777471169569
2025-09-10,1.9900000095367432,2.1500000953674316,1.9500000476837158,2.049999952316284,782467,54.807686796908904
2025-09-11,2.069999933242798,2.1500000953674316,1.9500000476837158,2.140000104904175,727635,60.550462428030144
2025-09-12,2.1700000762939453,2.240000009536743,2.1500000953674316,2.240000009536743,637710,66.08695372741983
2025-09-15,2.3499999046325684,2.3499999046325684,2.3499999046325684,2.3499999046325684,133657,74.99999486166894
2025-09-16,2.4600000381469727,2.4600000381469727,2.4600000381469727,2.4600000381469727,56363,83.05084608779924
2025-09-17,2.5799999237060547,2.5799999237060547,2.5799999237060547,2.5799999237060547,214880,90.90908105708479
2025-09-18,2.700000047683716,2.700000047683716,2.700000047683716,2.700000047683716,150654,91.26983308528031
2025-09-19,2.8299999237060547,2.8299999237060547,2.8299999237060547,2.8299999237060547,163483,91.60304440463523
2025-09-22,2.9700000286102295,2.9700000286102295,2.9700000286102295,2.9700000286102295,139546,91.97079459938507
2025-09-23,3.109999895095825,3.109999895095825,3.109999895095825,3.109999895095825,302322,92.25351279086118
2025-09-24,3.259999990463257,3.259999990463257,3.259999990463257,3.259999990463257,147379,92.56755983942834
2025-09-25,3.4200000762939453,3.4200000762939453,3.4200000762939453,3.4200000762939453,521936,92.85713622211935
2025-09-26,3.5899999141693115,3.5899999141693115,3.5899999141693115,3.5899999141693115,276147,93.33332562687465
2025-09-29,3.75,3.759999990463257,3.6700000762939453,3.759999990463257,1884087,
2025-09-30,3.940000057220459,3.940000057220459,3.940000057220459,3.940000057220459,288621,
2025-10-01,4.130000114440918,4.130000114440918,4.130000114440918,4.130000114440918,480585,
2025-10-03,4.329999923706055,4.329999923706055,4.329999923706055,4.329999923706055,295925,
2025-10-06,4.539999961853027,4.539999961853027,4.539999961853027,4.539999961853027,333306,
2025-10-07,4.760000228881836,4.760000228881836,4.309999942779541,4.309999942779541,3194548,90.04328897096268
2025-10-08,4.090000152587891,4.090000152587891,4.090000152587891,4.090000152587891,235955,81.3278075619651
2025-10-09,3.880000114440918,3.880000114440918,3.880000114440918,3.880000114440918,187365,73.60000358581577
2025-10-10,3.680000066757202,3.680000066757202,3.680000066757202,3.680000066757202,323339,66.5369681931981
2025-10-13,3.490000009536743,3.490000009536743,3.490000009536743,3.490000009536743,228803,59.92366419160264
2025-10-14,3.309999942779541,3.309999942779541,3.309999942779541,3.309999942779541,184825,53.759399271245854
2025-10-15,3.140000104904175,3.4700000286102295,3.140000104904175,3.4700000286102295,3184186,53.932584871654015
2025-10-16,3.640000104904175,3.640000104904175,3.640000104904175,3.640000104904175,245638,54.10447804347314
2025-10-17,3.819999933242798,3.819999933242798,3.450000047683716,3.7899999618530273,3291917,53.759399271245854
2025-10-20,3.799999952316284,3.9000000953674316,3.5999999046325684,3.5999999046325684,1327131,47.01492384617198
2025-10-21,3.6600000858306885,3.6600000858306885,3.4200000762939453,3.4200000762939453,293779,40.29850719712787
2025-10-23,3.240000009536743,3.240000009536743,3.240000009536743,3.240000009536743,384730,33.33333035682156
2025-10-24,3.069999933242798,3.069999933242798,3.069999933242798,3.069999933242798,318417,26.136364765239435
2025-10-27,2.9100000858306885,2.9100000858306885,2.9100000858306885,2.9100000858306885,372297,18.532819883410554
2025-10-28,2.759999990463257,3.049999952316284,2.759999990463257,3.049999952316284,1016931,24.799997787475377
2025-10-29,3.200000047683716,3.200000047683716,3.119999885559082,3.200000047683716,685685,31.687241142921735
2025-10-30,3.2899999618530273,3.359999895095825,3.0399999618530273,3.359999895095825,1356723,39.075625074944085
2025-10-31,3.3499999046325684,3.5199999809265137,3.190000057220459,3.5199999809265137,702160,46.581194621806475
2025-11-03,3.680000066757202,3.690000057220459,3.5899999141693115,3.690000057220459,483669,54.31034597928122
2025-11-04,3.869999885559082,3.869999885559082,3.8399999141693115,3.869999885559082,391413,62.06896587160911
2025-11-06,4.059999942779541,4.059999942779541,3.9600000381469727,4.059999942779541,565912,62.55319144618947
2025-11-07,4.260000228881836,4.260000228881836,4.239999771118164,4.260000228881836,765516,63.025213367108634
2025-11-10,4.46999979019165,4.46999979019165,4.039999961853027,4.039999961853027,1411004,55.1020402205284
2025-11-11,3.8299999237060547,3.8299999237060547,3.8299999237060547,3.8299999237060547,328137,54.655870328106396
2025-11-12,3.630000114440918,4.019999980926514,3.630000114440918,4.019999980926514,980865,62.096769851899786
2025-11-13,4.0,4.199999809265137,3.809999942779541,4.170000076293945,1273301,68.97958913578344
2025-11-14,3.9600000381469727,4.150000095367432,3.9600000381469727,3.9600000381469727,752966,67.87148455943176
2025-11-17,3.880000114440918,3.9000000953674316,3.759999990463257,3.759999990463257,569527,66.79841252848772
2025-11-18,3.6500000953674316,3.890000104904175,3.569999933242798,3.6500000953674316,811767,61.99999942779557
2025-11-19,3.640000104904175,3.640000104904175,3.4600000381469727,3.4600000381469727,501244,55.11810868411283
2025-11-20,3.440000057220459,3.630000114440918,3.2799999713897705,3.630000114440918,553251,55.29412006699279
2025-11-21,3.6500000953674316,3.799999952316284,3.509999990463257,3.700000047683716,466564,53.65853682175144
2025-11-24,3.799999952316284,3.799999952316284,3.509999990463257,3.5799999237060547,492120,47.71784031223524
2025-11-25,3.569999933242798,3.640000104904175,3.4000000953674316,3.5199999809265137,222510,42.358083740067634
2025-11-26,3.549999952316284,3.5999999046325684,3.4000000953674316,3.4700000286102295,182166,36.27907693675933
2025-11-27,3.5,3.5,3.2899999618530273,3.2899999618530273,796065,27.230047000907774
2025-11-28,3.2200000286102295,3.309999942779541,3.140000104904175,3.25,472738,29.74359369371946
2025-12-01,3.2799999713897705,3.299999952316284,3.0799999237060547,3.0799999237060547,645494,30.366495479659406
2025-12-02,2.9700000286102295,3.0199999809265137,2.9200000762939453,2.950000047683716,488199,21.081085121483284
2025-12-03,2.859999895095825,2.950000047683716,2.799999952316284,2.809999942779541,522199,13.043477697498673
2025-12-04,2.680000066757202,2.7899999618530273,2.6600000858306885,2.6600000858306885,430614,13.483146819904633
2025-12-05,2.6600000858306885,2.7899999618530273,2.6600000858306885,2.7899999618530273,95557,21.637422742262927
2025-12-08,2.9200000762939453,2.9200000762939453,2.9200000762939453,2.9200000762939453,41329,28.90173378540068
2025-12-09,3.049999952316284,3.059999942779541,3.009999990463257,3.059999942779541,282685,38.09523404049994
2025-12-10,3.180000066757202,3.2100000381469727,3.1700000762939453,3.2100000381469727,142556,37.34939412950209
2025-12-11,3.369999885559082,3.369999885559082,3.049999952316284,3.119999885559082,599229,32.738091098883956
2025-12-12,3.059999942779541,3.2699999809265137,3.049999952316284,3.259999990463257,475013,40.588237521557595
2025-12-15,3.4000000953674316,3.4000000953674316,3.200000047683716,3.240000009536743,472927,41.56626635806303
2025-12-16,3.309999942779541,3.3399999141693115,3.109999895095825,3.200000047683716,279091,41.81818286906255
2025-12-17,3.240000009536743,3.240000009536743,3.059999942779541,3.119999885559082,186633,44.51612724597965
2025-12-18,3.0999999046325684,3.2200000286102295,3.0199999809265137,3.180000066757202,186847,47.770703345254766
2025-12-19,3.2100000381469727,3.2799999713897705,3.119999885559082,3.200000047683716,207378,54.22535554162728
2025-12-22,3.200000047683716,3.2100000381469727,3.0399999618530273,3.059999942779541,387956,53.846148716116446
2025-12-23,3.0399999618530273,3.049999952316284,2.9200000762939453,2.990000009536743,223812,56.61764770333725
2025-12-24,3.0,3.0899999141693115,2.9000000953674316,3.0,282519,63.93441693881224
2025-12-26,2.9100000858306885,2.990000009536743,2.9000000953674316,2.930000066757202,166695,56.03448435327451
2025-12-29,2.9000000953674316,2.9800000190734863,2.8499999046325684,2.9200000762939453,197018,50.0
2025-12-30,2.940000057220459,3.059999942779541,2.7799999713897705,2.950000047683716,757600,44.08603060216038
2025-12-31,2.880000114440918,2.890000104904175,2.819999933242798,2.859999895095825,306558,29.88506314114342
2026-01-01,2.8499999046325684,2.890000104904175,2.75,2.7799999713897705,375170,30.2325716787128
2026-01-02,2.799999952316284,2.8399999141693115,2.7200000286102295,2.7699999809265137,270545,16.438367349338293
2026-01-05,2.8299999237060547,2.9000000953674316,2.640000104904175,2.809999942779541,628807,21.333337995739626
2026-01-06,2.7699999809265137,2.799999952316284,2.700000047683716,2.7300000190734863,337931,20.2531702872581
2026-01-07,2.640000104904175,2.7699999809265137,2.630000114440918,2.7300000190734863,253854,22.53522214565963
2026-01-08,2.7699999809265137,2.7699999809265137,2.700000047683716,2.7300000190734863,234382,15.38460409852631
2026-01-09,2.700000047683716,2.7899999618530273,2.700000047683716,2.700000047683716,202897,12.12120336387018
2026-01-12,2.700000047683716,2.759999990463257,2.609999895095825,2.690000057220459,220307,15.094332832504108
2026-01-13,2.690000057220459,2.759999990463257,2.5999999046325684,2.680000066757202,223283,17.021267961297042
2026-01-14,2.680000066757202,2.740000009536743,2.5999999046325684,2.6700000762939453,199537,14.893609466134919
2026-01-15,2.6700000762939453,2.6700000762939453,2.6700000762939453,2.6700000762939453,0,17.49998956918344
2026-01-16,2.700000047683716,2.740000009536743,2.5999999046325684,2.680000066757202,108817,19.99998807906678
2026-01-19,2.7300000190734863,2.740000009536743,2.549999952316284,2.5799999237060547,237695,10.638287079286343
2026-01-20,2.559999942779541,2.559999942779541,2.4600000381469727,2.4600000381469727,336467,9.999995231626144
2026-01-21,2.430000066757202,2.450000047683716,2.3399999141693115,2.3399999141693115,216303,9.259251083038535
2026-01-22,2.2699999809265137,2.4000000953674316,2.240000009536743,2.25,193330,8.06450992667473
2026-01-23,2.2899999618530273,2.2899999618530273,2.140000104904175,2.140000104904175,193143,1.4492743607702465
2026-01-27,2.1600000858306885,2.200000047683716,2.0399999618530273,2.0399999618530273,232923,1.4084492853487376
2026-01-28,1.9700000286102295,2.119999885559082,1.9600000381469727,1.9700000286102295,436386,1.2820501064172163
2026-01-29,1.9700000286102295,2.009999990463257,1.8799999952316284,1.8799999952316284,591687,1.1494241848790807
2026-01-30,1.8799999952316284,1.9700000286102295,1.840000033378601,1.9700000286102295,324224,10.752689963834726
2026-02-02,2.1600000858306885,2.1600000858306885,1.9600000381469727,2.0399999618530273,1056569,17.171712671417538
2026-02-03,1.940000057220459,2.0299999713897705,1.940000057220459,1.9900000095367432,1254901,16.50485066084771
2026-02-04,2.0,2.0799999237060547,1.9199999570846558,2.0799999237060547,528683,23.423414038387975
2026-02-05,2.1600000858306885,2.180000066757202,2.049999952316284,2.180000066757202,367164,29.752066359967117
2026-02-06,2.2300000190734863,2.2799999713897705,2.2300000190734863,2.2799999713897705,154455,34.61538038310199
2026-02-09,2.2799999713897705,2.390000104904175,2.2799999713897705,2.390000104904175,243609,42.748098202251036
2026-02-10,2.5,2.5,2.490000009536743,2.5,162861,51.53846012770067
2026-02-11,2.619999885559082,2.619999885559082,2.5,2.619999885559082,537152,60.76923203891579
2026-02-12,2.6500000953674316,2.75,2.6500000953674316,2.75,177988,68.65671761292457
2026-02-13,2.809999942779541,2.880000114440918,2.809999942779541,2.880000114440918,360981,77.2058800326914
2026-02-16,2.990000009536743,3.0199999809265137,2.740000009536743,2.740000009536743,338176,75.0
2026-02-17,2.619999885559082,2.619999885559082,2.609999895095825,2.609999895095825,70624,71.91779949491197
2026-02-18,2.490000009536743,2.5799999237060547,2.4800000190734863,2.4800000190734863,345508,69.99999920527146
2026-02-19,2.359999895095825,2.5999999046325684,2.359999895095825,2.5799999237060547,796920,70.19867215060981
2026-02-20,2.6500000953674316,2.700000047683716,2.4600000381469727,2.4600000381469727,633440,63.461541400623624
2026-02-23,2.4800000190734863,2.5399999618530273,2.3399999141693115,2.3399999141693115,664668,60.73619263985808
2026-02-24,2.3299999237060547,2.3299999237060547,2.2300000190734863,2.2300000190734863,354297,54.54545717265637
2026-02-25,2.200000047683716,2.2899999618530273,2.1600000858306885,2.25,221688,52.22929733182264
2026-02-26,2.200000047683716,2.2899999618530273,2.200000047683716,2.25,148844,48.97959282973167
2026-02-27,2.25,2.3399999141693115,2.25,2.299999952316284,162844,46.808504882001394
2026-03-02,2.25,2.25,2.190000057220459,2.190000057220459,410239,39.00709303804146
2026-03-04,2.0899999141693115,2.2200000286102295,2.0899999141693115,2.140000104904175,208574,32.08955927611133
