Date,Open,High,Low,Close,Volume,RSI
2021-03-04,1692.248023035512,1699.0170390781752,1668.9489560516897,1677.778076171875,5381,
2021-03-05,1677.7779164659898,1682.4377294191918,1619.6528812076301,1622.64501953125,11221,0.0
2021-03-08,1623.9202004900021,1656.4408124975494,1619.6528169579235,1633.9755859375,11536,17.047771227064857
2021-03-09,1634.760765600014,1672.627859164896,1630.4442826580982,1636.4775390625,3637,20.057136181646328
2021-03-10,1644.6688078176808,1653.8903568463315,1643.1972878584045,1645.7969970703125,2281,29.57395086003514
2021-03-12,1646.1404480324454,1756.0139463516552,1642.8049785972332,1710.4459228515625,11404,61.427601491141544
2021-03-15,1706.8158789624674,1741.2985186484757,1683.3206595273748,1733.0579833984375,7371,66.6962356017352
2021-03-16,1736.7368997498636,1757.9267634215241,1702.6957855911967,1716.1356201171875,2459,60.5107370243534
2021-03-17,1743.2606182529778,1746.252756691818,1730.5074454689097,1737.7669677734375,6410,64.69597514331767
2021-03-18,1741.298467248314,1760.9187316680132,1730.2129699501477,1745.4677734375,8674,65.97958583803535
2021-03-19,1745.2226684823527,1761.8998946567203,1691.5612886341044,1745.4188232421875,4226,65.96434051620568
2021-03-22,1741.887205646167,2094.4634124740523,1720.5011873844094,2090.441162109375,163152,87.05189116625682
2021-03-23,2109.178851483277,2236.710595991568,2011.273664336635,2057.4794921875,277613,82.18716964450542
2021-03-24,2054.2420127782552,2117.6155727758896,1982.1375295217117,1990.1328125,47651,73.76477165921816
2021-03-25,2006.0740633484638,2063.8066704403277,1864.906229593375,1969.18798828125,30464,71.48644513248848
2021-03-26,2009.0172648185319,2046.4429480976896,1894.2876816043458,1913.2703857421875,16923,71.40383560422157
2021-03-30,1951.5788350487378,1951.5788350487378,1845.2860651859176,1865.20068359375,18556,66.15493073543895
2021-03-31,1862.404695388484,1951.2354996986307,1862.3066180066921,1879.7196044921875,15326,66.71386203440778
2021-04-01,1894.7782173146325,1928.2308688876965,1850.1912077438008,1867.2608642578125,11049,65.15205067721172
2021-04-05,1867.2608891410498,1898.260887960319,1859.0203528086845,1868.0947265625,9890,61.817930918866665
2021-04-06,1877.9538239097,1891.5408342786282,1858.0392058509124,1867.8984375,5008,60.459655049446525
2021-04-07,1867.8985001226642,2059.147003079323,1851.3193507066642,1979.93017578125,15205,67.83158376278388
2021-04-08,2011.077287597541,2207.279949802179,2011.077287597541,2166.518798828125,109129,73.69735347668146
2021-04-09,2168.039601703168,2207.280137480601,2138.6091998700936,2157.837158203125,24449,72.76720171800164
2021-04-12,2104.273470785226,2139.4428924277,1928.6720949015173,1953.7860107421875,23338,59.38909166276313
2021-04-13,1969.433343498048,2035.6026442000395,1942.259202613069,1978.4586181640625,7809,42.90597833223241
2021-04-15,1985.5709013995279,2003.1800420756235,1943.043999176298,1975.711669921875,4212,44.61387144282909
2021-04-16,2029.7165402310943,2354.3337490024637,1975.7117095655676,2299.34814453125,166358,65.22704484631643
2021-04-19,2274.9698724641,2333.683615039349,2184.520492921764,2218.41455078125,51070,61.58829074436996
2021-04-20,2256.232241818983,2307.441324254827,2148.468081731636,2170.7861328125,29545,62.066728801089724
2021-04-22,2163.134316078279,2196.488768117581,2109.178584838231,2117.762451171875,14901,61.77990367856599
2021-04-23,2109.1786633337974,2194.87027366714,2066.014076735338,2092.991943359375,13762,59.85315301099378
2021-04-26,2103.4888730664784,2157.2484549984065,2070.9192762626813,2093.188232421875,7712,60.557434349912995
2021-04-27,2074.8433610501215,2153.3244338085183,2061.6487785936615,2128.75,7642,61.79734855684019
2021-04-28,2152.3432897807065,2295.4730417356886,2131.840206568928,2191.436767578125,39316,63.859471441841514
2021-04-29,2212.1851787171586,2256.3307809531993,2188.493801319238,2219.003173828125,18153,61.04013530787344
2021-04-30,2207.280032392477,2246.0300596278116,2168.0394984832774,2180.890869140625,6403,50.76916162062777
2021-05-03,2160.191467319855,2204.3861680831874,2138.6091729142977,2157.003173828125,4363,49.95608179688191
2021-05-04,2158.2292877013783,2197.4207216383693,2077.7861960688724,2098.77978515625,7405,59.02098815595107
2021-05-05,2109.277079143543,2123.3544782109484,2072.587033027971,2092.158203125,3883,57.23651916891678
2021-05-06,2089.5585022491337,2234.748482687102,2080.5823256119825,2131.938232421875,24330,59.49556727906435
2021-05-07,2205.2197332898495,2217.0900901942987,2109.1786256273194,2111.974609375,5086,31.94707109939388
2021-05-10,2180.792659583172,2207.3291183891733,2132.0854429478723,2172.110595703125,17076,45.35248721242349
2021-05-11,2196.4885671821307,2214.1468048816746,2124.4822936982846,2188.0517578125,9306,51.850663590601386
2021-05-12,2207.2799202596952,2256.1344303958163,2144.9364772775425,2168.333740234375,12255,55.83740924313765
2021-05-14,2170.00157079703,2601.990903353399,2170.00157079703,2427.076171875,520549,75.03863543627943
2021-05-17,2638.9258765243744,2912.4815413483248,2553.136308104949,2865.24560546875,546347,84.93122661427631
2021-05-18,3074.4958624483784,3074.4958624483784,2651.7282039288316,2722.655517578125,481147,74.498244785768
2021-05-19,2642.8496871195894,2707.5965614142783,2623.180323618423,2685.818115234375,58266,70.83729673462382
2021-05-20,2697.7868474437773,2893.98952725787,2694.7947086755676,2795.00537109375,67598,72.71462546123792
2021-05-21,2805.698187416159,2837.1888118252577,2727.217119236686,2741.1474609375,20485,71.82269195327753
2021-05-24,2793.9259489729097,2793.9259489729097,2679.147389973671,2688.07470703125,11647,70.22604059175842
2021-05-25,2717.4069763673624,2732.1221766003987,2609.495507991763,2616.264404296875,14771,69.50669872478602
2021-05-26,2611.457521518732,2624.2106949897097,2457.5366236595505,2480.39404296875,38414,63.33523523543669
2021-05-27,2501.485614187765,2732.121927260562,2481.963546128985,2655.40673828125,56684,66.45186388423608
2021-05-28,3001.9006321506135,3046.04622968224,2784.949641416709,2815.409912109375,151921,70.31935409572428
2021-05-31,2814.527021704188,2814.527021704188,2280.4635027918125,2690.625,55053,64.4384888226945
2021-06-01,2698.767581780084,2783.821386783564,2692.8815019943045,2709.7548828125,18082,64.50152894407172
2021-06-02,2730.5524067874776,2730.5524067874776,2639.563420434391,2667.375244140625,14201,63.69903059410893
2021-06-03,2689.3499748536437,2717.1617998828015,2619.747123683766,2646.038330078125,17199,56.911497865599586
2021-06-04,2668.3561480691496,2677.871929078504,2594.191447563384,2628.428955078125,17065,39.82294032786886
2021-06-07,2646.67560976768,2778.2295852972875,2619.599787173407,2705.928955078125,26863,49.23858906036342
2021-06-08,2745.8562891758024,2825.318368283784,2638.9258370428397,2702.593505859375,187434,50.78765791674614
2021-06-09,2701.710712404933,2701.710712404933,2619.305592636591,2640.10302734375,44995,42.393278347410714
2021-06-10,2625.4366267260298,2697.7863516101197,2625.4366267260298,2655.602783203125,13372,45.63474374764384
2021-06-11,2692.8816197985875,2692.8816197985875,2620.384829734327,2628.183837890625,11721,46.86166389779366
2021-06-14,2645.7928557592973,2645.7928557592973,2571.726352010752,2581.78173828125,14058,48.14364539514549
2021-06-15,2584.970193201025,2632.6475381073114,2575.2091582093353,2582.81201171875,8685,56.45003370283448
2021-06-16,2589.9731018746265,2609.4951691803317,2550.6343758905496,2556.61865234375,9666,42.34336516817364
2021-06-17,2570.2548232429986,2589.77689193807,2510.413012472837,2518.898681640625,15032,21.643686061649774
2021-06-18,2550.6837348782706,2565.2516390017704,2437.8181043204613,2481.375,13551,25.979740977773602
2021-06-21,2480.9827563718327,2499.3276580730653,2428.00803559521,2451.356201171875,11996,21.06130327911434
2021-06-22,2491.67545881014,2732.0728037141,2472.153390929872,2572.75634765625,59303,40.996895040474115
2021-06-23,2598.4100243625276,2606.2090326303583,2513.4544115594354,2520.81201171875,15461,38.74039559544125
2021-06-24,2544.7485724987328,2636.767670554123,2519.144028839203,2539.843505859375,27748,42.05524191217557
2021-06-25,2539.8432012074754,2607.484014149721,2529.150253018368,2543.031494140625,12729,33.143776140955765
2021-06-28,2563.1426517662217,2606.5524928687596,2552.155350054871,2592.033447265625,12884,39.5473875277903
2021-06-29,2613.419481900779,2613.419481900779,2540.8244962924236,2550.8798828125,8571,41.209999095644285
2021-06-30,2586.49080080429,2586.49080080429,2540.824581373162,2548.083984375,5638,39.13561967107642
2021-07-01,2563.0936418395404,2594.1428594050726,2515.3183375415697,2525.913330078125,9082,39.55515794177019
2021-07-02,2538.273696165013,2569.028558674276,2516.544347547184,2532.534912109375,10981,44.525620740845284
2021-07-05,2594.4862062567495,2609.4466612708934,2526.1096171423324,2540.187255859375,18654,45.33049047354904
2021-07-06,2540.1866237004297,2599.684978442718,2491.77352650736,2501.289306640625,12061,44.102862477927594
2021-07-07,2508.5494583256504,2549.653823940688,2499.1316338933834,2504.7724609375,6741,48.37586166824698
2021-07-08,2502.0254225588324,2540.137886581178,2451.257982265434,2473.8212890625,10988,49.11819795458406
2021-07-09,2453.6124734071623,2497.5616778754124,2444.8322127215706,2462.53955078125,7280,51.36524172709471
2021-07-12,2468.2294294785484,2497.561630950479,2457.4382833242303,2459.989013671875,4145,30.6057992605015
2021-07-13,2481.963766900484,2481.963766900484,2443.704246383046,2453.1220703125,3259,36.222109583867535
2021-07-14,2477.058459171928,2477.1075577355236,2429.0870069924163,2436.3955078125,7125,28.744322679484597
2021-07-15,2525.0792492693113,2560.3957296586477,2453.5143737147396,2468.52392578125,31268,36.31796454487662
2021-07-16,2476.077634035049,2497.1694205373283,2428.007981076365,2439.142578125,9900,19.743976005480704
2021-07-19,2438.7993169857145,2463.7660601616153,2376.0144592676593,2389.111083984375,15607,19.073769657797726
2021-07-20,2389.110746232816,2403.4824947359975,2333.732355923419,2340.452392578125,12824,16.22806704041946
2021-07-22,2403.3845028963096,2403.3845028963096,2356.2958622426,2374.837158203125,6360,26.366039032960316
2021-07-23,2403.482772328866,2403.482772328866,2348.5951218169303,2365.909912109375,3538,24.12031300005914
2021-07-26,2374.0524380265697,2374.0524380265697,2323.334092933411,2335.008056640625,7332,20.27869098275316
2021-07-27,2371.109265581814,2371.109265581814,2297.6314615112974,2307.09814453125,8123,20.94545874284144
2021-07-28,2280.8560022617826,2325.099799441073,2268.6915327184697,2284.73095703125,6551,18.838639547603805
2021-07-29,2300.4762262288996,2376.1613077630905,2284.191309379739,2331.86865234375,7170,30.77847700378058
2021-07-30,2403.482671514747,2403.482671514747,2298.1707941669047,2323.87353515625,8591,31.054887111708837
2021-08-02,2350.5080090147953,2430.9511044819124,2317.055357658701,2373.9052734375,9638,39.589556931939846
2021-08-03,2397.5964970903656,2397.5964970903656,2348.545832256275,2355.265869140625,6597,38.493500916055346
2021-08-04,2340.69780229773,2408.387721978595,2318.625002401796,2330.936767578125,8729,37.81736382214596
2021-08-05,2320.2477067244454,2342.7586984807776,2277.097670653279,2319.755126953125,7086,31.940151115942683
2021-08-06,2319.755241853047,2335.7640852138975,2298.8206005350125,2311.578369140625,3383,33.67377100915826
2021-08-09,2314.13981667769,2499.349814777054,2314.13981667769,2362.609619140625,57916,46.61688348116612
2021-08-10,2384.0861521115376,2460.92859833662,2253.5525094855957,2279.954833984375,35393,42.8938170547473
2021-08-11,2270.8419550351937,2324.2375518659546,2099.6211857218673,2168.976318359375,48308,29.506636477733082
2021-08-12,2195.920726907328,2509.201476641079,2195.920726907328,2379.209716796875,501846,50.94516790801355
2021-08-13,2390.982233993195,2469.0068224501715,2344.6797350242296,2388.765625,44602,53.939885835263105
2021-08-16,2391.967493795792,2507.1325541063984,2351.8715464307998,2439.40283203125,55215,59.3839806003448
2021-08-17,2436.939671427091,2502.3050996667043,2397.9768060883694,2413.00048828125,21098,59.045999279614826
2021-08-18,2452.9979161260276,2452.9979161260276,2350.4920192391933,2369.653564453125,11489,52.67904343987745
2021-08-20,2384.0859914337757,2384.0859914337757,2290.8898064707455,2311.72607421875,12504,49.19566711649991
2021-08-23,2330.8874816217267,2354.43269852157,2179.1729118120284,2219.564453125,21353,40.320502259641685
2021-08-24,2221.5346742650363,2273.7481278065206,2221.3869965469016,2242.86328125,6655,42.991621321865026
2021-08-25,2264.586128342675,2285.5700741093256,2215.377458686787,2221.731689453125,11907,43.16372973055586
2021-08-26,2190.0098478834902,2324.9767166014562,2190.0098478834902,2271.876708984375,14163,47.142206797499604
2021-08-27,2265.86679264205,2328.9169990460023,2261.72917095028,2278.870849609375,8278,48.044975629688
2021-08-30,2279.757760629498,2402.4101219019594,2279.757760629498,2350.88623046875,26869,49.3164070563294
2021-08-31,2390.982353357191,2393.198962461045,2328.3754125648406,2356.79736328125,8636,54.92113753080528
2021-09-01,2384.0862341772154,2398.86362819071,2349.6056481457267,2354.28515625,5210,63.78225695454474
2021-09-02,2354.2851205628635,2388.026836382208,2351.8222215979476,2356.600341796875,4650,47.56550742955566
2021-09-03,2368.126472803703,2391.967284787467,2324.828760542117,2339.35986328125,9263,44.76677731378855
2021-09-06,2344.679891666955,2369.3088821256415,2332.5623802577843,2348.2265625,4017,39.40473745192587
2021-09-07,2376.2046371219594,2376.2046371219594,2305.8150412277855,2320.099853515625,6086,39.247447646013306
2021-09-08,2363.3976372503466,2487.3800563618543,2324.976416803175,2443.195556640625,43118,57.18545333801506
2021-09-09,2467.824592650406,2559.8383954268743,2443.0479269790835,2502.30517578125,54226,68.57770195979128
2021-09-13,2529.8402040420788,2557.473975182498,2475.262465801789,2524.175537109375,16075,84.4089849836599
2021-09-14,2566.3406577442324,2581.1180511669436,2487.5771989046743,2501.61572265625,15841,79.2776566603941
2021-09-15,2547.0315469632983,2547.0315469632983,2465.4605240703677,2494.67041015625,6951,81.90715061610568
2021-09-16,2507.132413282641,2530.579258402069,2433.3440600571257,2457.48046875,14228,72.37523302843668
2021-09-17,2465.2632851243593,2497.379584269092,2447.136444703915,2490.828369140625,15707,74.02566566229717
2021-09-20,2428.4183329137263,2569.591746983361,2418.5667372426765,2482.897705078125,32533,67.50714410136497
2021-09-21,2484.5724578313275,2539.7413942462977,2450.683064526265,2496.837646484375,14993,68.18466275289808
2021-09-22,2509.3489722888366,2551.563153879503,2492.2565989468767,2504.8173828125,11788,69.27340109354935
2021-09-23,2531.859945398628,2537.2290166346006,2452.948572294201,2459.647705078125,12131,61.88900418794723
2021-09-24,2487.4788641730347,2506.2462040165165,2447.136623733108,2460.436279296875,9374,64.52031876662681
2021-09-27,2462.948101229455,2522.008366233661,2462.948101229455,2476.00146484375,7268,65.08134195202243
2021-09-28,2468.56345180713,2483.3901505939293,2435.3143182149956,2443.392578125,4959,64.39994684924977
2021-09-29,2433.343995126337,2462.898780492244,2427.827005651051,2444.6240234375,5231,50.23322892309704
2021-09-30,2461.9137993650797,2472.5042648885587,2416.251556459181,2441.767333984375,4849,37.89166304501751
2021-10-01,2416.5967061910765,2441.6689720592694,2406.6464971701625,2423.000244140625,3269,29.509287754246344
2021-10-04,2423.049297763418,2457.037303338937,2423.049297763418,2442.998779296875,4264,38.00404303645428
2021-10-05,2455.2146498549655,2497.1825440448742,2427.285520155691,2469.253173828125,11775,45.17934883772618
2021-10-06,2491.4686208054463,2526.934366297339,2463.145282391782,2483.291748046875,19148,55.36667698820806
2021-10-07,2513.141880675201,2551.1691335243086,2425.5612974654737,2464.47509765625,10911,44.16823793187282
2021-10-08,2476.8390116023347,2492.453888096417,2438.270107920408,2466.2978515625,6230,46.22452821178579
2021-10-11,2466.2973575039564,2487.527591587129,2442.456547105897,2456.248779296875,4991,40.602134491023385
2021-10-12,2456.2490845720395,2695.3472628099203,2438.269922517115,2571.808349609375,111736,60.35322340505007
2021-10-13,2592.053061040877,2610.426188122318,2485.163263357597,2496.098388671875,15461,55.14742184160082
2021-10-14,2516.7868782430364,2527.968534560415,2467.7258879811493,2483.045166015625,28123,53.08584628016336
2021-10-18,2492.4536023081505,2571.167752276826,2471.7652522494664,2487.380126953125,23208,51.602168997254715
2021-10-19,2499.8425719960414,2534.815739013129,2424.4285538880918,2438.6640625,12768,49.363092513377424
2021-10-20,2466.8397623203805,2475.706199165781,2379.1605535158624,2433.8369140625,18233,48.560969254820215
2021-10-21,2406.3507660098107,2491.66543706203,2406.3507660098107,2448.614013671875,8590,50.88521274272013
2021-10-22,2443.343138425215,2465.312242485924,2413.640676914249,2427.67919921875,5057,50.60157385405909
2021-10-25,2429.452609542417,2474.7206400253776,2390.390891435366,2408.025390625,7687,45.499477534616865
2021-10-26,2448.121435116954,2462.8988280854674,2405.0207056254585,2433.59033203125,7493,45.402598023880365
2021-10-27,2462.800145655467,2497.379340422141,2423.4430716091106,2428.22119140625,14147,42.73838029461246
2021-10-28,2461.91372442942,2462.898883983013,2383.05165406079,2396.302001953125,30629,41.31091897260876
2021-10-29,2391.770293535517,2435.068005662167,2380.2439754343973,2400.68603515625,23510,41.691615378051814
2021-11-01,2408.715177356531,2454.475791824901,2389.4059533474187,2402.90283203125,20413,43.108128311413374
2021-11-02,2413.1484358258926,2413.985917691367,2365.6144852120533,2370.540283203125,8144,16.87749404963752
2021-11-03,2399.84881844018,2452.5055516772527,2374.3332806580106,2394.529052734375,14819,29.85555077802698
2021-11-04,2461.864355797749,2499.8916098072464,2442.9493409528413,2458.61328125,5290,45.97011198943329
2021-11-08,2472.652052760132,2472.652052760132,2433.344279831389,2443.58984375,9724,43.02307037026953
2021-11-09,2454.574301591139,2462.8988516060745,2403.7892791675285,2434.969482421875,6563,49.325132471683936
2021-11-10,2472.7501755125595,2472.7501755125595,2403.7890152393006,2409.798583984375,20934,45.912822713947826
2021-11-11,2409.7987779395635,2444.32842641302,2388.0266565225356,2407.040283203125,8627,42.6301110897599
2021-11-12,2407.089583312757,2426.6941613413132,2387.3863931262854,2412.015380859375,10422,47.05668627988891
2021-11-15,2403.7892525600164,2433.3440384521477,2375.7122059624917,2408.51806640625,12578,50.098560758947144
2021-11-16,2442.2104379517436,2442.2104379517436,2398.1245496506785,2404.577392578125,7478,43.64617429512137
2021-11-17,2416.645654939267,2418.566667936579,2335.8132666711317,2348.521728515625,10506,35.71680464974234
2021-11-18,2357.2405342473885,2360.2946250865643,2236.312198408347,2264.83251953125,15011,30.12659218215221
2021-11-22,2264.832507145581,2300.446169310846,2196.90580404334,2213.4072265625,8432,25.2151206071196
2021-11-23,2214.145905588176,2283.353358254503,2196.905614888379,2260.005126953125,4233,33.076599689236446
2021-11-24,2271.334637206521,2296.75180157245,2249.168547442769,2259.660400390625,8809,35.79089243522486
2021-11-25,2265.8670915212547,2290.496081646486,2242.617228636044,2265.37451171875,4571,32.63572094891916
2021-11-26,2256.015234580315,2313.006807346454,2226.4604498478216,2252.76416015625,8719,17.878569458434356
2021-11-29,2248.0353549944653,2248.0353549944653,2170.848252886763,2187.6943359375,9235,15.4633713006872
2021-11-30,2198.6791702768555,2241.681289180032,2191.9800371161073,2201.04345703125,7398,18.82636338969023
2021-12-01,2222.815494489562,2222.815494489562,2187.054155465618,2191.832275390625,3751,19.662752592354977
2021-12-02,2202.2255964917636,2241.18870541043,2191.3397757070647,2226.066650390625,3924,26.840701638623116
2021-12-03,2212.7176381703785,2388.96258408755,2200.7478054204994,2302.21923828125,32132,38.11453075752506
2021-12-06,2302.317964952084,2374.2346151196075,2302.317964952084,2317.834228515625,28987,40.43439631839592
2021-12-07,2329.45910942151,2341.231718179892,2305.2733938737415,2321.33154296875,7994,41.21075676035158
2021-12-08,2331.8725921850055,2362.6095212155105,2315.8637499277147,2333.301025390625,4655,48.22800985929584
2021-12-09,2329.9022398578286,2356.5015466130767,2317.144472313896,2338.12841796875,8525,60.4523672582085
2021-12-10,2349.8517158316745,2355.7626728781015,2319.9029630034274,2339.35986328125,3108,70.962423001284
2021-12-13,2344.6796771736535,2354.5312724558958,2317.8340800295437,2344.63037109375,21740,66.33077757351381
2021-12-14,2326.0112284557536,2413.690436880544,2322.3661858719292,2397.435302734375,8460,72.11066183961007
2021-12-15,2401.8192840407132,2538.7564786599337,2373.2989595958215,2493.045166015625,34121,78.35580316391918
2021-12-16,2504.2755461862225,2561.4147994036894,2462.8988455804706,2483.7841796875,18902,79.0150334164503
2021-12-17,2483.7347955580253,2506.3443986639404,2409.7987669510435,2448.318359375,7090,85.3628254324966
2021-12-20,2460.5835111909078,2460.5835111909078,2315.1248082737934,2361.722900390625,10447,68.18684498060952
2021-12-21,2373.5449503776645,2431.7677354343873,2346.6500465766303,2402.508544921875,11221,72.25512476775938
2021-12-22,2414.5276538607095,2528.9047837218163,2398.5681158729362,2515.112548828125,15928,76.19638504525332
2021-12-23,2522.0086777688603,2583.4825430824803,2435.3146294705557,2455.017822265625,13675,64.2633768940145
2021-12-24,2438.269629137875,2512.1565875965985,2423.4922374461303,2465.06591796875,2567,63.88806111418424
2021-12-27,2570.2809504263096,2610.6724870179073,2492.453355530304,2523.682861328125,35788,67.28950790577403
2021-12-28,2536.3425201869886,2559.444463099541,2495.4090935454724,2521.26953125,6505,66.32722263386232
2021-12-29,2531.8600784886894,2557.769823115239,2498.9065391892864,2534.224365234375,8404,66.7960370830261
2021-12-30,2546.933010826003,2554.272401306923,2512.1568309064323,2531.416748046875,5241,66.40578630528258
2021-12-31,2544.0757422950414,2544.0757422950414,2487.527684408924,2494.276123046875,3333,62.12289804486676
2022-01-03,2506.787690554222,2551.563142381714,2487.527773943563,2493.488037109375,5626,58.497444062683314
2022-01-04,2471.7651117484293,2504.1767621243607,2463.8838359835877,2487.921630859375,5249,49.46084234584191
2022-01-05,2508.216199549823,2526.934230889747,2478.316511176168,2493.882080078125,7267,51.07005094002323
2022-01-06,2506.393673647003,2526.9343472969344,2462.8989739736203,2485.705322265625,4690,54.20500645563788
2022-01-07,2498.1674422675515,2507.230861324843,2479.6957021300896,2491.714599609375,3785,67.8576315662379
2022-01-10,2487.527972014704,2531.860153694174,2462.898982192776,2471.96240234375,5238,60.12643674069434
2022-01-11,2469.4990104049084,2532.598517836381,2462.898490553711,2510.72802734375,4705,49.18532080459948
2022-01-12,2523.289053991594,2523.289053991594,2460.9284100685127,2478.168701171875,4358,54.79196060754295
2022-01-13,2487.527828379282,2487.527828379282,2437.2846920437005,2456.19970703125,6245,48.251105700328246
2022-01-14,2438.26997978772,2485.3606561877214,2434.3293414365476,2453.0966796875,2676,32.172195084051594
2022-01-17,2462.898942316799,2487.5279317399672,2422.5073996628034,2440.437255859375,6186,30.589009179927288
2022-01-18,2464.9678355318397,2489.005632630285,2433.3441173943415,2446.49609375,9322,28.21137215571804
2022-01-19,2438.910304421736,2438.910304421736,2324.9766911654724,2355.713623046875,13399,19.63216640870661
2022-01-20,2354.5311222100568,2359.4569195368563,2324.976338249261,2333.8427734375,5607,20.726162761171892
2022-01-21,2316.3562236072453,2339.7537612194396,2276.949844470918,2312.711181640625,6457,19.293782967853232
2022-01-24,2316.1102033470547,2346.847134547867,2241.238074272458,2305.32275390625,8181,19.17509559563561
2022-01-25,2252.074660149914,2334.6310759351923,2219.2194939884243,2328.2275390625,3531,23.548733926041663
2022-01-27,2327.9319619391013,2374.234459700903,2290.5452059987556,2357.141845703125,3492,30.74642712982842
2022-01-28,2368.9639067170515,2389.159678267981,2334.828223205032,2360.39306640625,6004,30.169565509120503
2022-01-31,2369.3086229880582,2507.2309544717705,2209.072524796286,2472.1591796875,58775,50.023252861890704
2022-02-01,2462.8989134206963,2480.188511896404,2424.4776903713337,2460.33740234375,7102,43.640456556060734
2022-02-02,2441.71790463194,2483.734862543394,2438.2698462634867,2472.454833984375,4960,49.23964996088441
2022-02-03,2484.8188803617695,2484.8188803617695,2417.5817355170116,2449.89501953125,5249,49.16234605384029
2022-02-04,2443.1958571915043,2462.89904958821,2413.7396807654236,2440.979248046875,1718,48.41454150979679
2022-02-07,2448.1216221503523,2448.1216221503523,2404.77459946439,2422.014892578125,2766,47.62872058134025
2022-02-08,2403.7891429307015,2438.023435027768,2364.3827635383946,2372.904296875,3093,41.47255154682923
2022-02-09,2374.2342380502714,2477.084786844311,2374.2342380502714,2458.662353515625,8126,62.06972353538557
2022-02-10,2458.662501337756,2491.468360594989,2403.8877777759153,2410.586669921875,3639,58.476617928061884
2022-02-11,2405.759675319427,2405.808981401532,2351.575898848269,2377.73193359375,2595,57.00046525198521
2022-02-14,2351.575678069245,2368.1264054318735,2241.2378163416556,2263.896484375,6632,46.37152820842682
2022-02-15,2263.8965109094834,2339.7537917363024,2231.3862476979893,2259.02001953125,2869,43.74052159596672
2022-02-16,2270.349429114867,2364.3828575762286,2262.418846843254,2318.27734375,2412,46.66779422458693
2022-02-17,2329.6559646045466,2329.6559646045466,2249.1191742011542,2276.851318359375,3180,43.27728764596718
2022-02-18,2318.6222843510827,2461.91369139501,2295.4217290717784,2423.689453125,71825,46.30797772274834
2022-02-21,2461.913854850998,2485.9025874588,2363.397894272727,2396.942626953125,24384,45.278466212935875
2022-02-22,2223.160081341236,2371.2296017534577,2223.160081341236,2337.98046875,9569,40.637855151034906
2022-02-23,2349.6547235444946,2402.4591286579894,2315.1248348195454,2335.56689453125,5318,41.81071870260833
2022-02-24,2218.5791568343616,2296.111160082054,2173.2618205935173,2190.058837890625,11849,34.96811884512937
2022-02-25,2191.979954305398,2285.570109657763,2161.48931495462,2176.80859375,9389,35.2091714579488
2022-02-28,2166.3658769812287,2191.881413431727,2136.958767846596,2167.154052734375,4499,36.96888035905303
2022-03-02,2167.350871965272,2342.3643586694866,2152.573479656418,2291.5302734375,20997,39.908402537062216
2022-03-03,2291.4809625758544,2408.5672635988885,2279.1171629331,2364.136474609375,12127,47.27598693573299
2022-03-04,2354.4329325170384,2354.4329325170384,2296.407125802638,2303.40185546875,3790,45.779030464692624
2022-03-07,2299.3624676858863,2316.8490502914665,2244.8337885369874,2302.7119140625,3296,52.52921865743396
2022-03-08,2314.238534138888,2413.6410424984642,2285.570293304668,2305.519775390625,2369,53.0381205868907
2022-03-09,2310.248361659095,2372.658072432199,2287.39270908478,2333.1533203125,11979,51.0138361715821
2022-03-10,2361.42739033417,2364.3828689203206,2310.1990948408966,2329.606689453125,5728,53.79115804661831
2022-03-11,2315.174273366699,2363.2008019433597,2301.9239253808378,2342.512451171875,4360,42.775740989475
2022-03-14,2363.348317637211,2364.3827832083557,2270.792631373025,2299.115966796875,4953,41.5445933661338
2022-03-15,2292.466373103259,2361.4275446190422,2280.6444579862673,2356.69873046875,4709,51.62173389942077
2022-03-16,2344.679527911749,2364.3827172219317,2338.128313673092,2355.122314453125,5841,51.69672585016347
2022-03-17,2365.368180702658,2365.368180702658,2329.1142596088002,2349.162353515625,3945,68.21568528798475
2022-03-21,2360.9347319610747,2457.972942308734,2341.034558247076,2415.611083984375,11458,74.37159610925539
2022-03-22,2461.913553561753,2526.1459038945277,2390.341813167589,2461.81494140625,29855,77.98463840713555
2022-03-23,2493.832600169698,2499.300283362423,2452.4068366372885,2469.20361328125,7310,71.69491949850826
2022-03-24,2464.0316088020413,2496.3941948675083,2458.7118436624246,2488.414306640625,6621,67.4505391737423
2022-03-25,2464.8691509511195,2512.156808523323,2458.958193754594,2464.91845703125,3695,75.32821642912164
2022-03-28,2443.1956582899275,2491.517781812421,2443.1956582899275,2477.528564453125,6373,76.42592427202668
2022-03-29,2443.195896884877,2591.6594059025692,2443.195896884877,2571.512939453125,21240,81.51997185644473
2022-03-30,2584.4183004921174,2905.8265910930763,2532.992781581997,2581.117919921875,25995,80.69512468592035
2022-03-31,2581.1180398281817,2781.1547360183595,2546.883745215957,2673.18115234375,29021,84.88548096902282
2022-04-01,2704.2629924444814,2709.1887902449266,2633.3808101995673,2653.182373046875,11886,81.09653997401828
2022-04-04,2666.4820651195278,2711.602421718304,2659.930850158534,2670.915283203125,17275,89.2308144111913
2022-04-05,2651.0642863358603,2709.1886984108564,2651.0642863358603,2686.530029296875,10182,88.18434909428021
2022-04-06,2664.906143196406,2706.6768158964314,2661.9013581786053,2675.644287109375,8792,86.32366921467093
2022-04-07,2684.5598103711523,2727.8575250808,2665.3491988840924,2679.535400390625,7849,87.61644572834037
2022-04-08,2733.8177488904557,2806.719555527535,2710.42020959815,2761.993408203125,26274,88.05202691032288
2022-04-11,2781.105325976992,2813.960492187991,2758.446657008706,2771.5986328125,11501,87.00726452701244
2022-04-12,2765.3428950829216,2802.778958500503,2710.1739595201702,2781.0068359375,8340,87.06965512036828
2022-04-13,2793.222884145396,2802.7788835534916,2695.396493990282,2715.49365234375,10070,74.31951827264241
2022-04-18,2659.9309539031487,2685.9390714676524,2602.348422652705,2663.9208984375,12500,70.10355706737276
2022-04-19,2675.9395738938915,2723.0302475407357,2664.8565291791906,2675.29931640625,5306,70.02897277923573
2022-04-20,2688.697402912715,2699.3371741845276,2649.537310695987,2676.87548828125,4673,63.12754032118238
2022-04-21,2690.125713206893,2721.355462011616,2684.5596581959653,2687.51513671875,4073,63.222362933463266
2022-04-22,2674.7572846267026,2776.721290438806,2522.0082597003457,2564.3701171875,32711,37.44738881803967
2022-04-25,2540.726372337886,2620.278002646643,2505.5562259890853,2535.99755859375,12383,36.73760918927909
2022-04-26,2546.637644242289,2592.7431630423202,2536.392080294499,2572.695068359375,3180,39.34146008034902
2022-04-27,2575.256301597229,2585.058590756705,2542.8937150295897,2571.266357421875,2195,37.09462266832863
2022-04-28,2567.7198830944135,2586.043947846144,2551.563361874862,2564.764404296875,2263,37.46237309546577
2022-04-29,2564.764025358669,2592.594779923557,2556.4887821552024,2574.073974609375,3103,38.219415533343
2022-05-02,2574.2218237199604,2596.043010863683,2561.513362129016,2574.960693359375,2169,24.45157081856516
2022-05-04,2549.395989174243,2584.9601054220143,2350.8863353656966,2371.47607421875,26587,14.269350644367435
2022-05-05,2383.347114258004,2512.156718552407,2257.00040870728,2319.213134765625,21597,11.694023155639357
2022-05-06,2363.397961535458,2489.498394664486,2265.423884055504,2408.567626953125,5975,25.509049134671997
2022-05-09,2401.819138046883,2403.7401511899784,2316.1102516604683,2388.273193359375,5090,26.8492747335126
2022-05-10,2400.2425756671605,2420.9802318165202,2364.4321711668413,2400.9814453125,3949,27.01231213659966
2022-05-11,2413.0004522525664,2413.0004522525664,2151.2433877699714,2230.007080078125,15002,20.83335856344523
2022-05-12,2177.5472738995054,2344.679477416797,2177.5472738995054,2307.292724609375,7099,27.169490029661958
2022-05-13,2344.679637501142,2383.6427442866384,2275.718471692285,2321.873291015625,3002,33.25627333250846
2022-05-16,2333.4982198879698,2342.709558471628,2290.2005030230775,2331.872802734375,1345,35.53884678834564
2022-05-17,2297.3918690886344,2374.234307248546,2275.7183608896853,2350.097900390625,1780,33.8063305635756
2022-05-18,2361.870607106593,2418.517278642842,2339.4089222895977,2405.710205078125,3938,38.83610834531843
2022-05-19,2398.863504397539,2398.863504397539,2274.6347889279114,2294.781494140625,2827,34.041813234450345
2022-05-20,2306.258412570687,2381.081229240687,2149.6180505037332,2242.9619140625,31460,31.365058724244335
2022-05-23,2254.1926079489526,2300.1011367384435,2196.905679377547,2210.254638671875,3683,30.184140584417136
2022-05-24,2221.337943357997,2258.182816674916,2190.009819563045,2202.81689453125,2663,38.35533728035664
2022-05-25,2224.835259538359,2224.835259538359,2132.8212093872585,2151.194580078125,3113,38.38929675516304
2022-05-26,2150.997295387073,2164.592545470964,2122.033700418434,2148.38671875,2593,29.577754126125313
2022-05-27,2159.1248642891733,2177.2026385127724,2137.796255915256,2155.923095703125,1859,31.38952876714471
2022-05-30,2166.7107472660855,2226.4605776222807,2160.504194012583,2205.821533203125,2049,35.24725190560751
2022-05-31,2227.790496358138,2255.0300598960794,2193.6052698339126,2227.642578125,2000,49.769218928194086
2022-06-01,2237.0511054161298,2315.1250017518023,2234.1449327727446,2282.5654296875,2081,47.47639296341127
2022-06-02,2290.5451490982077,2290.5451490982077,2241.2378679008966,2262.911376953125,695,44.044168854920265
2022-06-03,2274.2407981149786,2344.3841092602556,2236.3121558245616,2243.306884765625,3583,41.2241137894964
2022-06-06,2254.5377146810433,2324.090077725037,2183.1136446288797,2288.968994140625,1827,44.25518168001703
2022-06-07,2248.3311922035277,2290.496071209285,2248.3311922035277,2265.3251953125,481,35.963370117167
2022-06-08,2265.867323539055,2270.645444319607,2241.2383308918916,2243.996826171875,629,43.81378362785276
2022-06-09,2232.026690586155,2270.7928159946146,2216.6090394741354,2243.700927734375,1380,50.10294314695194
2022-06-10,2217.593916537134,2264.7829578699743,2216.608757089539,2244.735107421875,444,55.267900836705216
2022-06-13,2255.9660805452627,2303.2044332228807,2166.4644790587886,2233.50439453125,4293,54.63469888616198
2022-06-14,2233.799807821047,2265.866796898029,2216.6088230524197,2227.544189453125,1325,63.375876817792985
2022-06-15,2208.7277397507173,2235.327047945753,2186.1183758884313,2218.530029296875,1308,62.027040716799185
2022-06-16,2215.426612976998,2249.020405816206,2191.9797700300423,2193.408203125,1335,56.0617820981625
2022-06-17,2183.310554099177,2236.361492255724,2158.5831936197987,2207.1513671875,1551,50.24352645259707
2022-06-20,2199.9602184129108,2206.708418035555,2083.3664719156986,2137.353271484375,3373,35.93685473806215
2022-06-21,2137.5004674633924,2283.1070861530393,2088.5380895984654,2102.330322265625,7859,20.07194962067129
2022-06-22,2112.871411872021,2112.871411872021,2044.205846714777,2063.170166015625,2222,18.850798775566147
2022-06-23,2063.21977890911,2093.464130240143,1959.7780218854798,1975.786865234375,5683,15.561179270367006
2022-06-24,1985.6876647551721,2005.4401628291876,1964.408241457134,1989.0372314453125,3540,7.873235703285772
2022-06-27,1998.9871659174278,2014.6512263993695,1986.0322941262432,2001.40087890625,2385,11.717590231741184
2022-06-28,2005.0459205166055,2005.0459205166055,1977.2644700530577,1992.6329345703125,2337,12.160701520978932
2022-06-29,1988.9385980401892,2049.181127317253,1975.244856529213,2028.3941650390625,7122,20.715482801296503
2022-06-30,2038.5414360341338,2098.38987978867,2024.9954919744653,2090.80419921875,2512,32.05882419895124
2022-07-01,2101.2960074423354,2148.485294049,2049.6244373112813,2115.630126953125,1367,36.683371763330065
2022-07-04,2126.1712231832616,2156.4648783551957,2098.3897728851753,2142.86962890625,1826,40.87287760923799
2022-07-05,2153.6082615733135,2182.6211646313564,2123.0190068971215,2141.638427734375,2160,41.57037012452753
2022-07-06,2147.8448745228125,2191.9800719399755,2127.9446990518413,2171.14404296875,3397,47.582416650186076
2022-07-07,2181.9808404056134,2216.6091042043017,2168.385589796331,2181.3896484375,1630,47.18121888241419
2022-07-08,2256.0153438603343,2281.629491869229,2189.0244952216867,2267.098388671875,4921,63.71871871613469
2022-07-11,2305.2734690349844,2307.243788239288,2269.462821289778,2304.189697265625,2320,71.25083467283652
2022-07-12,2315.7159158277727,2315.7159158277727,2275.7183456666535,2294.928955078125,1085,76.0376706410921
2022-07-13,2279.2651879177047,2301.3326652127594,2248.3803404031764,2260.744140625,785,86.36081280794316
2022-07-14,2255.966131096524,2272.0735864292246,2246.1638413834553,2253.798828125,1155,84.33631790199777
2022-07-15,2250.597076042135,2256.015453769529,2167.351090957626,2191.2412109375,2171,71.7838907244787
2022-07-18,2202.225298343655,2254.882262404172,2172.2765478143247,2230.794921875,1678,75.52530350680306
2022-07-19,2228.726521513034,2228.726521513034,2175.5279052534247,2185.92138671875,3735,66.5597215474525
2022-07-20,2187.0540295435167,2217.6432792764326,2167.3508400881697,2182.423828125,4474,60.99291694250948
2022-07-21,2206.757486807077,2206.757486807077,2176.956409139258,2193.802734375,1454,59.69224081931891
2022-07-22,2196.9552305892034,2196.9552305892034,2167.351136283292,2183.951171875,956,55.323012292877976
2022-07-25,2183.951058246534,2218.726998164469,2167.597313407543,2208.43212890625,2198,58.16277514125912
2022-07-26,2183.1136461968463,2205.72301062955,2168.4348645480914,2182.473388671875,675,51.396653088889195
2022-07-27,2175.133624719411,2196.511778881695,2167.3509606585762,2186.807861328125,950,50.67782229468181
2022-07-28,2196.8566478315183,2201.8317520189958,2170.5529340652583,2186.611083984375,840,37.19032284135204
2022-07-29,2194.2952160257632,2197.5460501210496,2174.5427189796396,2184.5419921875,2977,28.568804755753362
2022-08-01,2195.3291962049575,2235.3267656088124,2190.452705088629,2214.589111328125,1036,36.606908834575755
2022-08-02,2225.623056009269,2253.6017309719577,2216.6089425166865,2240.696044921875,798,46.56536952904694
2022-08-03,2246.6071132936418,2353.546233672196,2207.841228179681,2303.894287109375,2109,57.19544773287868
2022-08-04,2354.5313942064213,2393.937777373056,2324.927300748992,2366.55029296875,15487,75.17335767702816
2022-08-05,2378.421492719209,2413.6409473592466,2364.382968841711,2367.683349609375,2880,72.09424756338508
2022-08-08,2379.5542294008987,2395.514006179714,2364.3828688659937,2368.422119140625,1698,84.35007972649447
2022-08-10,2271.2855087985567,2369.3088911995355,2191.9801592178655,2219.2197265625,30034,54.47254499074724
2022-08-11,2241.58382273071,2285.866297542408,2201.8533860998887,2258.356689453125,4565,57.3505267155158
2022-08-12,2247.174601270442,2248.0158175035986,2201.7542396590766,2227.037353515625,2277,54.67739464657618
2022-08-16,2202.6940496094044,2202.6940496094044,2082.8594025603966,2092.111572265625,21215,39.81473445143107
2022-08-17,2106.559308001893,2117.0484190384545,2080.039253971985,2094.48681640625,6347,41.963818642786585
2022-08-18,2089.9347528009966,2097.8016463792032,2049.3631027702954,2056.19091796875,6993,38.7670638664898
2022-08-19,2063.2166150023595,2073.112138335704,2048.3238040676906,2063.661865234375,4519,39.557136316281905
2022-08-22,2041.4465233335416,2068.1644371144457,2025.811547691915,2038.7747802734375,12678,38.081055113460664
2022-08-23,2030.5615875984347,2058.2690556553334,2017.3015608693527,2052.974853515625,4021,36.43371565094892
2022-08-24,2086.9662362229915,2138.027242194733,2068.164738599361,2078.357177734375,11039,36.35629253270989
2022-08-25,2101.265012249888,2127.686013222988,2097.851104760601,2100.37451171875,5855,31.623204904141048
2022-08-26,2110.8635447310853,2134.8601897411177,2097.8510276812062,2105.22314453125,4512,23.653022997078295
2022-08-29,2092.85368278694,2098.147884466251,2050.8967600140136,2073.260498046875,3140,22.053597871361205
2022-08-30,2083.6016961724736,2119.6213080391194,2080.088736723046,2108.241455078125,3866,26.811224611913858
2022-09-01,2100.7207165560153,2125.5585787066752,2078.060062981386,2119.86865234375,2479,38.268311681871985
2022-09-02,2123.232993367927,2125.5585381252226,2077.0209449771405,2084.739501953125,4114,29.302833892622346
2022-09-05,2084.7395677279032,2115.6630809551475,2028.5824677072276,2091.5673828125,6636,32.84891304482214
2022-09-06,2078.10949513679,2111.6552237179103,2028.5823508861918,2070.489990234375,4602,46.15387621980083
2022-09-07,2097.8512122807615,2127.5377860394515,2038.4780647633816,2111.16064453125,3381,52.61035811012764
2022-09-08,2121.7485894632214,2142.2818008694,2078.0599495409865,2109.4287109375,1801,59.41214961580861
2022-09-09,2114.426254164859,2130.4569559661936,2083.997515512434,2088.895751953125,2227,54.26426406603136
2022-09-12,2099.3848195790497,2152.1772920730805,2079.049470632083,2127.09228515625,8255,64.28227659840756
2022-09-13,2145.3497038481614,2155.195702372094,2106.212856274085,2132.73291015625,2027,63.26531938133698
2022-09-14,2132.4856562181108,2133.4256827833688,2092.8540299272468,2117.69189453125,5176,56.7751913992096
2022-09-15,2112.7440314560968,2126.498714036348,2096.1195017832333,2121.79833984375,3995,53.93279576639143
2022-09-16,2120.858353252154,2127.4883065517,2049.363186555563,2064.107421875,6174,43.67871143454702
2022-09-19,2065.641101874773,2074.448263158094,2043.4256988900584,2066.333740234375,1963,48.82788035224731
2022-09-20,2076.0807906313307,2107.350740929812,2026.108397911177,2039.56640625,5863,38.046799241571144
2022-09-21,2049.8082801947576,2086.570296979686,1976.1361519901295,1991.078369140625,5231,30.132755861030034
2022-09-22,2000.8253416945684,2032.8374571079123,1986.0315822622701,2013.78857421875,2334,38.6190167745311
2022-09-23,2016.1141651811897,2023.8821276752938,1929.6272577762243,1945.657958984375,4744,30.44167207185508
2022-09-26,1984.0526752491169,2251.2318384996215,1984.0526752491169,2206.45458984375,278499,61.09498064144417
2022-09-27,2172.3149093638945,2196.75680536263,2008.7913750182008,2019.231201171875,42051,43.94629878943017
2022-09-28,1986.0317193210678,2026.6033687939944,1982.221966639312,2000.5286865234375,7859,42.98553766282454
2022-09-29,2002.854161465485,2035.9546426440459,1979.1049026338785,1981.826171875,4831,43.087139273596115
2022-09-30,1985.6853820171982,2013.7391688841822,1951.1004525610979,1990.5836181640625,5225,40.83814784064452
2022-10-03,1995.1850141541859,1998.895835631224,1955.3555303006428,1962.52978515625,2162,38.910363415805065
2022-10-04,1961.2928103590143,2025.5641888991595,1961.2928103590143,1995.7786865234375,5400,42.24080854275316
2022-10-06,2005.773192244745,2023.6346614128565,1972.9201008273265,2015.86669921875,4912,43.39237760557293
2022-10-07,1997.1640778710496,2008.791318259993,1984.0525089218156,1993.99755859375,1749,45.42223311875732
2022-10-10,1994.987161925901,1994.987161925901,1960.303302029848,1965.2015380859375,2974,43.61808743291472
2022-10-11,1974.998177254618,1982.9145966304775,1954.3660334152792,1964.5584716796875,1769,45.10526470913898
2022-10-12,1974.4044593318722,1980.0943857276413,1942.4913938947325,1958.5220947265625,1840,47.75088880459555
2022-10-13,1945.5589950132744,1977.0268103877097,1918.6926225655218,1942.2440185546875,2355,45.013111054348634
2022-10-14,1951.9910357138174,1969.2092715942892,1951.9910357138174,1966.4384765625,1969,51.54297701369042
2022-10-17,1951.991033709254,1998.302134196072,1948.1317552028574,1967.6754150390625,1875,21.15013682483206
2022-10-18,1951.446959937561,2002.854161465485,1951.446959937561,1981.826171875,4303,42.23182189231807
2022-10-19,1990.1382526361715,2048.3733848533225,1974.1074319299053,2037.884033203125,4331,56.71584796592204
2022-10-20,2073.112268731701,2073.112268731701,1998.8958390635019,2002.2108154296875,1606,53.454039561846976
2022-10-21,2011.1663739568266,2011.1663739568266,1969.2093269522168,1971.8316650390625,1140,47.03953124626607
2022-10-24,1973.1675157324398,2036.4988702995793,1973.1675157324398,1993.0574951171875,803,54.92576577130209
2022-10-25,2000.2316652849474,2003.2003224043635,1964.5088487736334,1972.9200439453125,1413,46.14871396193509
2022-10-27,1974.8496808294974,1986.130602374011,1946.2021871026795,1949.269775390625,1013,38.91265752195268
2022-10-28,1959.016895859895,1974.157096345345,1947.4391807557088,1955.89990234375,1357,43.318301281035716
2022-10-31,1955.8998276969164,1965.6468945939962,1938.4836089709006,1947.2906494140625,1926,46.619347453831274
2022-11-01,1957.0377010354057,1977.5709129983338,1936.5540150096529,1941.6007080078125,1498,45.74777021906207
2022-11-02,1944.5199952319106,1989.0003273692696,1943.035666629396,1964.855224609375,2209,51.10268784546004
2022-11-03,1964.0140799573219,1997.9062488645084,1962.3318892346604,1974.7012939453125,636,55.780750225672975
2022-11-04,1984.5474420094383,2013.6897133958494,1905.8780220943297,1960.7486572265625,9813,48.94825413028733
2022-11-07,1970.2977681586267,2009.7809332515133,1959.3137606292448,1967.8734130859375,3231,50.035819656201966
2022-11-09,1977.719445393452,1977.719445393452,1906.9664472582574,1914.783935546875,7739,39.36919352128794
2022-11-10,1923.6899580694158,1923.6899580694158,1909.935154889245,1913.79443359375,1976,26.15974026095857
2022-11-11,1923.3929365612148,1929.2313198346747,1909.7865911673325,1919.4842529296875,2234,32.03695791157794
2022-11-14,1919.5831345120646,1946.4495054287552,1915.1796747979424,1941.55126953125,1586,43.17875957847821
2022-11-15,1947.7853955374533,1954.267011919561,1909.7865601323178,1923.6898193359375,2786,34.13309149230359
2022-11-16,1932.6453226790754,1932.6453226790754,1911.9141278560896,1919.97900390625,835,36.90651943282607
2022-11-17,1920.0286169778697,1926.609043962768,1913.4480691979975,1917.8021240234375,582,41.29247394494508
2022-11-18,1914.6850066867373,1937.5436434902683,1914.6850066867373,1931.260009765625,750,43.430063456766334
2022-11-21,1933.5358055666677,1939.473119788274,1862.9312681070578,1878.863037109375,3815,35.208533764531964
2022-11-22,1861.3480992613863,1909.8361677695243,1860.3585468428528,1870.8477783203125,3179,34.85810811516875
2022-11-23,1878.0219801831392,1919.7316376024123,1878.0219801831392,1909.7371826171875,1513,38.944017222305746
2022-11-24,1919.2863381353939,1943.3819140676867,1911.914100538082,1925.0751953125,898,40.26022128488212
2022-11-25,1934.723338852342,1944.4208795937825,1908.0054248832244,1920.12744140625,1285,41.735424505457665
2022-11-28,1920.127549414414,1929.7756855570858,1897.8626198544023,1907.7086181640625,1298,38.017323788749756
2022-11-29,1927.4996620690122,1927.4996620690122,1899.9406512605042,1913.5469970703125,1082,49.69652826902217
2022-11-30,1913.5964906747438,1913.5964906747438,1848.4838940544105,1855.757080078125,9379,38.86459854732619
2022-12-01,1856.400390096271,1865.009448064974,1798.7094341329646,1827.703369140625,11586,33.782134548044525
2022-12-02,1836.8071053563785,1855.3612127431875,1820.7764048921638,1839.429443359375,2054,31.270390101884473
2022-12-05,1848.5826632231087,1870.6991333968558,1833.2446022764666,1862.78271484375,2169,39.049941996301634
2022-12-06,1862.9314373160817,1870.2046237391758,1839.5780234155789,1844.921630859375,2406,37.15929433444351
2022-12-07,1838.6378833031397,1861.9912957608403,1830.6719381731011,1839.9737548828125,1938,36.81029011279635
2022-12-08,1847.8902209426317,1870.2540815685306,1805.9331740013588,1820.380615234375,2966,31.59187283305407
2022-12-09,1820.3805387008583,1835.6196695504595,1800.9853361627152,1804.15185546875,2632,35.90362855452966
2022-12-12,1809.1986162597907,1823.200685426136,1794.2562790856568,1804.2508544921875,1589,37.047694205528664
2022-12-13,1813.3051636181056,1840.3695171486463,1805.9330468953408,1836.312255859375,3053,35.330107160260425
2022-12-14,1836.4113935283096,1845.515227296718,1820.7764172793356,1828.643310546875,1298,30.124360810393284
2022-12-15,1828.5938487664248,1842.5465130250755,1820.7763608840703,1836.7081298828125,1450,33.02451241220638
2022-12-16,1834.679685854395,1840.517948411247,1827.8022241587407,1832.5521240234375,924,34.17374075125133
2022-12-19,1824.0419709933117,1850.5619026001464,1801.03487789821,1822.0628662109375,2151,31.10560157480633
2022-12-20,1815.6307361854315,1825.625190960088,1791.08978909967,1797.917724609375,1965,36.12622320084796
2022-12-21,1803.3603612659556,1830.6719840034448,1791.0898870520189,1806.0321044921875,1242,44.25193311778338
2022-12-22,1811.3757200714738,1815.0865416777388,1771.298846723812,1777.87939453125,2336,34.98308945375183
2022-12-23,1766.351036291076,1814.7401728728341,1751.5077502718232,1756.554443359375,3480,23.823469605069846
2022-12-26,1759.52313365791,1993.948126090244,1757.7420117790812,1860.75439453125,12512,52.736899590041126
2022-12-27,1879.3084651263662,1884.1077701086676,1773.3768323597787,1784.36083984375,7478,42.29080316733276
2022-12-28,1793.316270814957,1871.2435194432799,1775.8012422983873,1838.6378173828125,8985,52.30884131403101
2022-12-29,1838.6378738311894,1861.3480529535436,1769.3692062571606,1779.5615234375,8037,47.19431542600042
2022-12-30,1788.4675655040724,1797.1756752318804,1767.3406452199285,1772.931640625,2701,46.47904294500754
2023-01-02,1767.2910876054991,1781.8375805858982,1767.2910876054991,1780.501708984375,1247,43.3600441966612
2023-01-03,1781.7386111307474,1791.0898329349889,1771.2987850572542,1774.069580078125,2696,43.48802765900051
2023-01-04,1773.6242403580936,1788.5170524671846,1766.3015283549692,1769.864013671875,1222,41.94972900991959
2023-01-05,1781.1942489413425,1782.5301204690552,1765.4109371089874,1774.5147705078125,1060,43.01867786555461
2023-01-06,1769.9628790768093,1781.1942743700938,1761.4032268770927,1765.16357421875,1030,43.13678430591879
2023-01-09,1767.4395170034104,1783.6186745800444,1761.898047723902,1764.5203857421875,1160,45.72947654084962
2023-01-10,1790.5950642273606,1809.8418100509707,1781.1943164461172,1786.834716796875,3457,47.63124797602102
2023-01-11,1808.9017240342314,1810.8808287651223,1779.2646790071276,1799.5009765625,1630,52.773881749360264
2023-01-12,1793.2668204898807,1796.9776420095968,1783.1734342742413,1788.2696533203125,347,54.1769948325141
2023-01-13,1774.9107594655193,1787.3295701196334,1746.560057879751,1755.41650390625,2384,32.91603809071292
2023-01-16,1763.976067981688,1763.976067981688,1720.3368316989652,1732.260986328125,1989,39.786611046872245
2023-01-17,1721.969616707006,1756.455493361332,1701.0900854237893,1744.48193359375,1489,27.897743195745775
2023-01-18,1753.239485281075,1761.4032926769091,1743.5913492678167,1745.4219970703125,620,38.97760531084642
2023-01-19,1741.5132935208726,1756.4555106070425,1733.0031670369256,1748.9349365234375,942,42.09320939736067
2023-01-20,1744.185147980356,1830.672057447975,1715.8839716836696,1783.8167724609375,2848,50.92568921357491
2023-01-23,1789.6054308993998,1789.6054308993998,1757.4449794179343,1760.85888671875,756,46.62277373064575
2023-01-24,1751.8047389043686,1797.6704704978893,1734.2401830336642,1781.6396484375,2582,52.77517583267357
2023-01-25,1761.5021845421893,1805.933110993573,1726.7193938892644,1775.65283203125,2200,50.2665296710447
2023-01-27,1774.9600534570507,1783.1238605817894,1716.9723082209296,1739.1383056640625,1379,44.59292826770507
2023-01-30,1742.6018122555502,1767.5384849306556,1742.6018122555502,1747.7474365234375,731,46.62686449915061
2023-01-31,1756.455384210384,1904.8882335802757,1652.5523896514599,1848.285888671875,30343,59.40052704858767
2023-02-01,1857.538446094381,1866.7412116026364,1736.6150615962422,1766.3016357421875,3980,45.8099374346191
2023-02-02,1763.97607421875,1773.2778908857385,1731.6671643803927,1763.97607421875,1864,46.863416874471426
2023-02-03,1751.4087761364704,1825.674609550167,1731.716659676018,1804.8446044921875,7359,56.252333536435295
2023-02-06,1813.8990134151472,1830.6223517701135,1756.5543813094716,1761.60107421875,3208,53.53184203473036
2023-02-07,1761.650820204672,1830.6721063775556,1754.0807194976821,1812.76123046875,5028,57.51470713890729
2023-02-08,1808.3081135901505,1820.77644990332,1750.1223830687293,1764.56982421875,4922,51.908843211248204
2023-02-09,1753.4373357007169,1793.9595791619633,1751.5077568289785,1770.556640625,10109,52.14488408967668
2023-02-10,1761.9475582571497,1787.1316182921717,1751.5077322132581,1767.6868896484375,2233,48.29138960496208
2023-02-13,1766.3015806021522,1781.1943931517726,1755.515555635158,1773.1295166015625,1077,51.34989738894411
2023-02-14,1755.1196641817241,1781.1943461454705,1749.528668880662,1775.0096435546875,3041,49.23898309881968
2023-02-15,1766.5489026660082,1786.2905455956745,1762.6897449277765,1775.1580810546875,3682,49.9424391321872
2023-02-16,1776.444483857264,1788.5665011919048,1767.6375638174643,1784.8062744140625,4116,55.66744997473135
2023-02-17,1785.004163446185,1793.0195141352103,1767.340676366024,1774.218017578125,2263,53.268973044355235
2023-02-20,1772.436864435462,1810.7820212122328,1726.7689954958742,1737.505615234375,8308,33.75894185939134
2023-02-21,1741.5131971006622,1752.744592063715,1731.716604720678,1736.2191162109375,2478,44.22272818062215
2023-02-22,1736.1697670270376,1766.1037285275038,1731.8157121043382,1752.5963134765625,2716,47.926458138801394
2023-02-23,1746.6095556261882,1760.4137636334867,1698.121486813349,1722.959228515625,6085,34.442641131884514
2023-02-24,1715.537652459456,1781.1944342519128,1715.537652459456,1769.46826171875,3818,51.476363703004594
2023-02-27,1762.4423498617432,1781.1943195186877,1742.2059308102291,1764.5203857421875,3863,39.04740841499505
2023-02-28,1765.213054357805,1771.2492999406343,1735.3780248355336,1749.330810546875,1982,45.93026970708165
2023-03-01,1766.7962707222032,1790.1002778816016,1747.2032058293366,1787.5274658203125,3540,53.86695935304888
2023-03-02,1803.9540826458012,1803.9540826458012,1754.9712372859728,1759.820068359375,2379,48.38973729567817
2023-03-03,1767.4890717222245,1770.309271948391,1719.8420987402478,1726.125732421875,7695,41.3761825820187
2023-03-06,1704.0092965074957,1771.298862223239,1704.0092965074957,1744.77880859375,4275,44.775103558653846
2023-03-08,1726.7689506371635,1751.5077608182116,1723.157060191736,1741.5133056640625,3768,44.24704689895168
2023-03-09,1731.8156166260062,1742.9480810330865,1712.667802004822,1718.802978515625,4249,39.196620276185
2023-03-10,1705.8398424873917,1719.7925068568165,1662.9922970012153,1691.4913330078125,8271,37.16215985824325
2023-03-13,1699.952120617816,1699.952120617816,1389.875895038542,1616.4833984375,81280,33.2143989099164
2023-03-14,1615.9390886388467,1626.527251128228,1583.2838590460224,1591.4971923828125,8190,31.165507371995687
2023-03-15,1599.4629567663526,1639.7378108956125,1585.2629043476998,1628.6053466796875,6221,34.68963059788781
2023-03-16,1616.5823849414562,1632.7615433483675,1578.3361585700884,1624.0040283203125,8611,36.97577578259482
2023-03-17,1616.7802475998478,1706.9779776503378,1613.118951849835,1699.111083984375,4474,41.388077551320464
2023-03-20,1707.5714707101479,1707.620996644465,1643.943328583459,1660.369873046875,4979,38.225737139475726
2023-03-21,1661.1120754661422,1703.168050315309,1660.4688422800443,1685.751953125,2061,42.97429112693968
2023-03-22,1694.2126163402068,1694.2126163402068,1667.3957708318164,1673.976318359375,12438,36.67402342032028
2023-03-23,1662.5470104175654,1687.7311921915998,1635.2353875589345,1666.109375,5347,38.4652809581679
2023-03-24,1658.8360418457294,1682.090521847585,1646.714025674549,1661.112060546875,2672,41.38924619365336
2023-03-27,1636.1754285434213,1665.0704321791068,1627.9126898539523,1634.245849609375,5625,35.67214577768776
2023-03-28,1626.477784037725,1634.790048140126,1598.0281532790395,1616.38427734375,3390,34.37151523227516
2023-03-29,1587.3410473382871,1609.2101321376424,1529.8480746429764,1550.8265380859375,10246,31.048350111294525
2023-03-31,1553.5973297480725,1557.2586254556034,1484.3781849349305,1506.8905029296875,9849,29.925764155040923
2023-04-03,1499.5181167852772,1696.0431876812436,1499.5181167852772,1659.8751220703125,13778,54.034397104118575
2023-04-05,1668.187490618111,1789.0612201044262,1660.1720195114788,1745.22412109375,15290,62.85052350844024
2023-04-06,1731.3704992680687,1781.1944418577036,1721.8708197371568,1744.679931640625,3567,60.334810817085256
2023-04-10,1753.4373960276293,1757.6429938935223,1700.1006161996977,1708.115966796875,3926,57.08569344870159
2023-04-11,1716.1311645579071,1716.1311645579071,1642.656902503172,1653.3441162109375,6515,46.007754851787006
2023-04-12,1644.0918228548733,1731.7167381218271,1644.0918228548733,1714.4490966796875,3992,54.54018317860067
2023-04-13,1743.0470619994364,1810.831402773653,1728.1048446155016,1795.3944091796875,10673,58.419458198405366
2023-04-17,1782.6292243485314,1799.4022109622952,1767.6870064151765,1776.889892578125,2239,57.82191302437383
2023-04-18,1778.9183098426818,1805.9331388124956,1776.2465666676326,1800.4906005859375,7257,59.97503095758942
2023-04-19,1800.4906464341009,1810.8809469493842,1777.9288027114958,1787.62646484375,3300,59.28266981079012
2023-04-20,1781.293297274608,1785.1525758936834,1766.3510798061113,1771.4967041015625,1880,60.23163057771145
2023-04-21,1754.4268112303346,1779.215146207102,1754.4268112303346,1764.42138671875,2045,61.21608593449995
2023-04-24,1756.3565604343326,1781.194301253935,1756.3565604343326,1775.65283203125,732,68.56209773472659
2023-04-25,1772.4367334153312,1783.2228782961479,1747.4999414713839,1756.8017578125,2045,71.52474321472226
2023-04-26,1754.080522341594,1781.1942816772298,1754.080522341594,1775.80126953125,1020,62.980611647664134
2023-04-27,1784.7073039576364,1786.0925807007695,1751.5572981003393,1767.39013671875,1481,52.998666334626485
2023-04-28,1771.3976962603833,1799.253619994711,1759.4736625248324,1791.930908203125,1690,56.00249478495661
2023-05-02,1808.9018253938104,1808.9018253938104,1766.4995283175072,1774.3170166015625,3615,58.83518453533575
2023-05-03,1744.6798094793194,1781.1447912017682,1741.5626952653308,1774.61376953125,2213,68.93836307160174
2023-05-04,1820.7764706837556,1820.7764706837556,1738.3467049701371,1755.56494140625,2832,57.391927237070746
2023-05-05,1758.8303867199475,1767.2415817698902,1753.4867798233438,1754.6741943359375,950,39.720159556633725
2023-05-08,1723.1569816885437,1779.7099233449883,1723.1075765474154,1750.96337890625,4181,42.926492000964494
2023-05-09,1732.7062823163044,1776.2465886680561,1732.7062823163044,1763.6793212890625,2716,39.322644104188115
2023-05-10,1763.6792940390444,1799.4021115848868,1753.486855982557,1765.4110107421875,3901,43.11138801808711
2023-05-11,1762.541287533378,1787.1811665378498,1762.0465113316616,1778.5225830078125,7044,52.22015466558043
2023-05-12,1757.4946552417086,1796.0376743709633,1757.4946552417086,1787.8243408203125,2310,57.29264219771692
2023-05-15,1796.779662756952,1810.8312576779304,1786.1419750936516,1803.5086669921875,3459,58.44582965994612
2023-05-16,1783.173362005077,1854.421132296068,1781.2931883522938,1815.08642578125,4782,68.48716459519108
2023-05-17,1824.141030352097,1830.6720524342181,1668.3854488670765,1705.6915283203125,21894,35.86673156586373
2023-05-18,1703.217524361729,1730.7271291057543,1682.2885879613484,1721.27685546875,3962,40.96544598783147
2023-05-19,1729.8860292870975,1729.8860292870975,1696.1917221957713,1721.623291015625,673,34.78260869565217
2023-05-22,1716.2796463324567,1720.9800200670759,1687.186782637082,1696.2412109375,715,33.65102703012202
2023-05-23,1700.545781899068,1720.930536970287,1662.448014891146,1670.2655029296875,1568,30.271288506161497
2023-05-24,1662.497498114997,1678.6271291776088,1571.4586805909203,1620.787841796875,10310,27.147648395172936
2023-05-25,1627.6652334194537,1667.395786253874,1624.7461021710033,1646.3677978515625,2528,33.05466915918694
2023-05-26,1629.8916938688294,1654.5810981197121,1629.8916938688294,1639.58935546875,1309,32.7403923277853
2023-05-29,1639.6883766957906,1644.1413626312951,1622.9155113233799,1629.446533203125,1016,29.03074236360787
2023-05-30,1632.761428180448,1633.7509805611635,1612.8714494870617,1631.277099609375,2563,29.052659592111866
2023-05-31,1647.5552915223043,1647.6048174624407,1617.423467953369,1631.4256591796875,5177,26.058934274908466
2023-06-01,1631.4256997503176,1638.6988862276582,1615.9391794744963,1633.25634765625,3109,24.2159115853795
2023-06-02,1634.5920998338363,1638.6987664328644,1611.9808517627635,1619.79833984375,2643,19.125239568634896
2023-06-05,1625.5376635188913,1639.0946037454105,1613.663034833165,1621.381591796875,1443,16.3138905234877
2023-06-06,1621.4310692999707,1642.706445059705,1604.0643770478755,1629.9906005859375,4756,29.729682024998695
2023-06-07,1630.0401445141438,1630.0401445141438,1608.0226042406941,1610.001708984375,2298,20.890510258955103
2023-06-08,1614.306346495929,1622.2722919443768,1607.8248505003057,1611.931396484375,869,21.540433920051896
2023-06-09,1619.9961736693726,1663.1901591228554,1600.8978852532575,1612.6734619140625,4023,25.139791396882643
2023-06-12,1614.0094714561915,1634.6910197382679,1611.0408142909207,1617.12646484375,1827,31.870320409076115
2023-06-13,1612.97043094349,1618.5614262281476,1593.1793827110546,1600.3536376953125,2490,41.0256465242253
2023-06-14,1600.3536187708783,1632.7614598682635,1596.2469521522155,1623.70703125,7088,39.849256507812214
2023-06-15,1620.540506871264,1638.6987691945892,1603.1244088455812,1611.8323974609375,9015,38.10933233209468
2023-06-16,1619.0066496096108,1634.641625771584,1612.4756279603578,1619.79833984375,4186,45.7883058585807
2023-06-19,1627.912570748901,1645.675108169408,1601.0957258288086,1617.42333984375,4512,43.98107291657827
2023-06-20,1610.0513843728158,1633.454203503218,1610.0513843728158,1622.61865234375,7891,46.334437197127585
2023-06-21,1622.9648364803056,1697.7749723507802,1619.946774194193,1682.28857421875,23031,63.775345728007636
2023-06-22,1690.7491976000629,1726.719402992129,1644.73501124176,1661.9532470703125,10880,61.40257033554627
2023-06-23,1661.953311526074,1662.497613682313,1632.7615147472593,1655.669677734375,2910,59.04466950286646
2023-06-26,1677.2417705322089,1690.4028656012556,1664.0312703207787,1681.5958251953125,1062,62.473121198316576
2023-06-27,1672.3435128671483,1713.8057815167535,1671.0570464623404,1686.345703125,3065,69.91997737300024
2023-06-28,1694.80639202453,1745.4220227833493,1674.669024310476,1718.3577880859375,4704,74.00135774932951
2023-06-30,1721.821217882618,1721.821217882618,1680.2600160716581,1694.26220703125,1987,66.6465094570355
2023-07-03,1702.7723116294721,1716.8734334895448,1680.3589253560465,1683.426513671875,3662,63.18379097405624
2023-07-04,1721.82120491154,1721.82120491154,1687.533189516807,1710.540283203125,1086,71.04515486444029
2023-07-05,1702.079722938468,1720.8316933606643,1690.2050936570834,1712.3709716796875,1575,68.45139233599171
2023-07-06,1712.3708784265255,1718.8524948742922,1683.4759970667183,1707.2747802734375,2457,70.43864464555526
2023-07-07,1707.2747780522245,1719.8420450229546,1675.3617136379607,1684.0697021484375,7582,62.920204618392
2023-07-10,1692.530456593754,1715.8343432396891,1684.0697352184006,1708.5611572265625,1344,66.82498567872477
2023-07-11,1713.7069177514172,1719.2483871071631,1702.03015095594,1705.3946533203125,887,65.39664058104353
2023-07-12,1700.0015214898374,1700.0510474285315,1686.246839569787,1689.8092041015625,1361,51.67327822823548
2023-07-13,1689.8092329723536,1699.4573691746962,1667.3958462509938,1672.4920654296875,2533,52.37672072333972
2023-07-14,1672.491990420247,1690.0070193455954,1652.5524856706759,1667.247314453125,3512,52.623287080164545
2023-07-17,1672.393036450713,1715.8838149298228,1662.4975127198604,1699.8035888671875,3340,54.005217916206156
2023-07-18,1708.313751288498,1708.5117342442877,1682.2390698645909,1686.3951416015625,1085,50.01047606877889
2023-07-19,1694.8557988963992,1786.1420037997377,1682.2390063487833,1736.0706787109375,10814,53.49197853755832
2023-07-20,1744.7787214565742,1761.3537239484776,1721.8211543827915,1741.4637451171875,4987,60.04629858168374
2023-07-21,1732.7062117999355,1769.2701238051966,1731.7166594231223,1734.8831787109375,5208,61.15398598756249
2023-07-24,1736.862293176637,1741.8100550883696,1726.0762688450345,1732.06298828125,2548,55.214557723498366
2023-07-25,1733.0030782085396,1736.1695974093395,1649.1385165781937,1679.02294921875,6913,43.52668426771989
2023-07-26,1679.0230939782068,1711.9752383795762,1673.3826934170597,1683.1297607421875,2633,45.29504337781803
2023-07-27,1678.2313882191647,1691.145095693857,1665.9610347752118,1686.2962646484375,2343,50.470627089955826
2023-07-28,1669.374893731489,1692.0850729245487,1661.5080004933625,1662.8438720703125,3843,40.294133501405675
2023-07-31,1662.8438439153108,1701.5353178237249,1661.7058345190403,1689.0174560546875,2613,46.83251786522064
2023-08-01,1694.8064310228779,1736.6645479320514,1687.2858565697459,1726.91748046875,4564,56.606767877812906
2023-08-02,1735.5759874672162,1756.5544501373881,1687.2363766369829,1714.05322265625,5660,57.51877656931486
2023-08-03,1720.2378611723645,1742.6017205364396,1696.2412162416385,1716.9722900390625,3550,59.072021266123635
2023-08-04,1721.9202014098416,1729.6881640163858,1681.2496197008531,1686.543701171875,3438,47.56188491603008
2023-08-07,1694.9548246554841,1711.4308964735037,1672.2940502627557,1688.9185791015625,3609,50.483610760713745
2023-08-08,1697.1319299844556,1919.6821730976317,1682.2391177125987,1752.0025634765625,85513,52.90405669890677
2023-08-09,1772.2883445083237,1811.7219834027392,1756.4555061430901,1790.19921875,25557,57.93459401985433
2023-08-10,1790.1992315983925,1790.1992315983925,1739.7320589470041,1749.4791259765625,8675,52.1386186923537
2023-08-11,1736.664428088917,1781.095354140328,1706.9778566685936,1715.5869140625,7792,47.78737182946573
2023-08-14,1715.5867930710817,1737.6043319883722,1664.3774609825518,1693.2724609375,10596,52.08574101590446
2023-08-16,1693.2726477192987,1706.78006241191,1675.1637901144827,1689.116455078125,5220,50.87616306927017
2023-08-17,1689.1163896237942,1692.1345727059647,1670.3644203085782,1675.5595703125,3989,48.475044688446545
2023-08-18,1675.5595941790975,1683.9707895433512,1657.5002629558473,1664.080810546875,4731,50.18187091741701
2023-08-21,1670.265495837877,1724.4928940925759,1668.9296242762912,1698.418212890625,9127,51.34981745012085
2023-08-22,1703.9103871735535,1720.287407737912,1673.3827182615232,1688.126953125,4452,43.95059688388311
2023-08-23,1712.717294854333,1712.717294854333,1672.2939837966987,1678.72607421875,8497,44.43054968588608
2023-08-24,1683.5256865867866,1696.8846450988826,1672.3436952179288,1675.80712890625,5073,43.510163769614806
2023-08-25,1675.8071087711514,1689.0671360346844,1662.3986244780494,1679.320068359375,3970,48.75555600418572
2023-08-28,1682.2886734157246,1701.8323340996342,1677.3903163622658,1683.6739501953125,9746,49.10260587679942
2023-08-29,1688.0279423146426,1714.8943142121598,1680.6558252310842,1686.5931396484375,19648,35.906152187064365
2023-08-30,1693.4704394685466,1706.7799914417092,1682.239044127045,1693.618896484375,7227,25.960532280666357
2023-08-31,1701.6343176631467,1711.9256869925007,1684.3171503091762,1701.3375244140625,6727,35.661661516087975
2023-09-01,1696.8350458273976,1706.9779583334368,1686.2962881865178,1701.386962890625,11078,44.70287155854682
2023-09-04,1709.897059960158,1739.7816155934834,1697.131930347236,1725.43310546875,21656,61.844135386208904
2023-09-05,1734.0917269359502,1805.7847531820948,1715.6860756374863,1755.0701904296875,12525,70.45112673806548
2023-09-06,1782.4807640592073,1797.224997998119,1731.8156093383184,1741.4637451171875,6282,70.42947970360458
2023-09-07,1722.217124366821,1751.309990829948,1722.217124366821,1738.989990234375,3481,74.59397198082037
2023-09-08,1722.8107550848501,1746.3621508876292,1710.9361261009224,1738.3466796875,9432,66.83358173314448
2023-09-11,1738.346631967257,1791.0898225743115,1722.95916480831,1750.3203125,8542,75.85356843466276
2023-09-12,1771.8431632297727,1771.8431632297727,1706.9779527088465,1713.954345703125,4755,61.96245829989587
2023-09-13,1725.28741414938,1737.7639717565314,1671.1563138001884,1728.9658203125,8677,66.68114616323984
2023-09-14,1710.9220542282715,1737.6147999490565,1710.9220542282715,1729.313720703125,4056,66.00589667069471
2023-09-15,1731.7493858271735,1744.7230157686747,1695.1151974879717,1726.132568359375,5188,63.69633922657764
2023-09-18,1732.3459641605302,1732.3459641605302,1685.0743605480916,1693.3258056640625,7603,51.82074715535079
2023-09-20,1690.0451070809886,1695.4135099275204,1665.1915025650917,1679.2586669921875,4026,46.25897024768473
2023-09-21,1683.0363706161704,1689.001235801173,1673.144684393238,1678.1651611328125,3095,43.747463781482054
2023-09-22,1686.5656239517882,1690.2936646767039,1661.2149470223626,1673.2938232421875,3996,42.611952804125046
2023-09-25,1672.1504963042235,1679.7557234865742,1651.4226146015146,1656.2939453125,2638,31.117706126073983
2023-09-26,1659.9224372883343,1667.47802990624,1633.875909122881,1639.04541015625,4007,16.013170287613747
2023-09-27,1646.0043653175903,1665.1913953102237,1638.8963319682643,1661.314208984375,1889,27.655944042617335
2023-09-28,1660.4692840144376,1680.0042410386463,1656.5424631228016,1668.1241455078125,1901,30.710408078772815
2023-09-29,1689.0509562730658,1689.0509562730658,1649.5337252478425,1653.80859375,3038,28.582941712756053
2023-10-03,1610.5135060777461,1658.182669027174,1610.5135060777461,1643.51904296875,7504,22.709873424038832
2023-10-04,1637.9519960223286,1645.0103957279734,1590.630755322581,1612.601318359375,6093,23.360293334394285
2023-10-05,1612.601232979494,1679.1095021862088,1612.601232979494,1663.8990478515625,7231,35.63745712337959
2023-10-06,1668.4224993555315,1740.199661868582,1668.4224993555315,1698.495361328125,4684,44.090754609400534
2023-10-09,1702.5216641066554,1702.5216641066554,1651.2734830822847,1658.9283447265625,1703,38.69186045317431
2023-10-10,1663.203161362599,1680.0538561468215,1650.9255053929146,1659.872802734375,1327,43.69495245567092
2023-10-11,1663.153468152605,1687.758536766847,1658.4312832670435,1676.5247802734375,2595,49.489703382686
2023-10-12,1677.7674828648042,1688.0568510604166,1659.8231315183427,1670.3114013671875,1694,48.561541295824625
2023-10-13,1678.6621200290226,1692.0333100415046,1656.2441213449745,1661.7119140625,2547,47.90728984561688
2023-10-16,1669.0687105499885,1675.1827216104223,1652.2676494106352,1659.5745849609375,3569,50.626416283513564
2023-10-17,1651.3729500136942,1670.7587624262842,1637.5543209972102,1644.4139404296875,3552,51.03332416995021
2023-10-18,1651.323185817192,1705.9016024659218,1651.323185817192,1667.2294921875,3029,51.136170735573124
2023-10-19,1675.580257164792,1682.5392664145172,1652.26762472041,1680.2528076171875,1055,52.27528998165259
2023-10-20,1677.1212185618392,1690.045092800905,1670.0130634592551,1683.2352294921875,1136,55.76547673771737
2023-10-23,1691.6853753429568,1691.6853753429568,1630.843682052131,1643.3699951171875,2473,49.97383037194307
2023-10-25,1642.1273073853408,1664.6943303867602,1591.7241276442462,1610.811767578125,3655,49.68759269930137
2023-10-26,1606.387839263313,1648.6389666576952,1591.7242126970275,1641.33203125,1747,45.75226082413065
2023-10-27,1640.5366726943528,1689.0509570845334,1630.3964506289785,1639.8408203125,1523,37.38777567208604
2023-10-30,1627.3146920654106,1662.6564461444636,1627.2649363123935,1655.7471923828125,1007,49.238484637026595
2023-10-31,1658.6797458239462,1662.159250322302,1640.3875906884082,1649.135986328125,388,47.49767280953909
2023-11-01,1652.665360821329,1670.2616648157884,1625.4257851658,1651.3729248046875,2489,43.7158563275743
2023-11-02,1640.3378683674432,1658.232463295088,1626.419850090386,1639.691650390625,1098,42.553181382849544
2023-11-03,1643.121574987986,1660.3201967581317,1620.5047945386625,1651.7208251953125,3693,47.61000651176644
2023-11-06,1660.022080191487,1710.0274620386028,1647.8438134004318,1690.93994140625,5370,56.372457353678634
2023-11-07,1690.9397807862379,1699.4396403135927,1590.6306134541862,1639.6419677734375,9630,49.15461987737534
2023-11-08,1646.1535722648985,1646.1535722648985,1614.9374215746022,1616.4783935546875,2668,41.02024797975936
2023-11-09,1620.5047282840253,1620.5047282840253,1565.777044012995,1581.434814453125,11282,33.779405346852954
2023-11-10,1586.405562081395,1600.5721165289335,1581.4348412226093,1587.697998046875,1496,34.4850335796382
2023-11-13,1595.0544945939762,1595.0544945939762,1536.9965747135766,1545.8443603515625,10331,34.263750826274716
2023-11-15,1562.794542668943,1565.578194722251,1541.0227623644814,1545.6953125,4392,38.265891071119036
2023-11-16,1548.2800897827035,1559.7623816519986,1536.946822448275,1544.8502197265625,2533,30.531645045807508
2023-11-17,1540.923437970616,1552.5052416303315,1494.2484185046044,1520.195556640625,5008,27.92154841592999
2023-11-20,1521.0406216390952,1565.7273547587788,1521.0406216390952,1535.6048583984375,5056,27.7890764988107
2023-11-21,1536.946936723095,1560.8063975777873,1534.0142598685698,1540.2276611328125,7360,29.71680547592166
2023-11-22,1537.493707216694,1544.9497884556185,1511.0991310887055,1522.08447265625,3412,27.268013246880912
2023-11-23,1529.441090760348,1540.8241146250357,1521.0406208410375,1528.9937744140625,1956,30.20450003994739
2023-11-24,1529.5901206638098,1537.7421752712414,1522.48196592587,1527.25390625,1821,26.891887175503115
2023-11-28,1530.9820160504853,1530.9820160504853,1509.21023453815,1514.727783203125,3310,13.685766525085612
2023-11-29,1513.087507864638,1531.8768579561324,1502.251311559554,1504.0904541015625,5671,16.4411149968993
2023-11-30,1510.6020488501476,1511.695583153407,1471.3333545891535,1476.8011474609375,8976,16.111973274258702
2023-12-01,1476.8508555430624,1496.0875201181618,1465.3684423407362,1483.3624267578125,16742,22.390171918569436
2023-12-04,1490.818575943714,1498.5729490269046,1485.847855084102,1491.66357421875,4861,23.270622738898695
2023-12-05,1493.353650011418,1497.0816905509955,1486.2454951115267,1489.8741455078125,3861,29.95018462125094
2023-12-06,1489.8742751088553,1491.2163455487498,1476.3539378469793,1481.0263671875,4117,28.193140262225
2023-12-07,1478.5907623653025,1483.5614835171316,1478.292470553994,1481.0263671875,3207,28.35474626974421
2023-12-08,1486.9414277886663,1486.991183540743,1456.4212494649428,1460.6463623046875,4786,29.20141787487603
2023-12-11,1456.8684610426985,1473.7192767932875,1452.4943239722709,1462.78369140625,4520,21.967036240962315
2023-12-12,1475.0116867052022,1501.157727454049,1431.6173898800798,1449.9095458984375,31690,17.308317691929744
2023-12-13,1449.9095052174907,1483.5613822016144,1446.5295121494712,1461.3421630859375,6979,26.891000604659496
2023-12-14,1468.6493262831714,1477.4474784880806,1450.4564382482088,1459.2049560546875,4870,22.448932384684625
2023-12-15,1460.0498983580537,1466.163909437197,1451.500282539854,1454.2838134765625,3974,21.898878063043952
2023-12-18,1456.4212006694092,1469.1959289093027,1456.3714449189997,1460.5965576171875,4778,28.106056342061436
2023-12-19,1460.596537345667,1487.2396491207742,1460.596537345667,1466.3128662109375,8378,34.08700588444603
2023-12-20,1470.3392835597535,1481.2748698472162,1434.6494822232085,1456.4212646484375,10130,39.94109935026124
2023-12-21,1456.421215711861,1463.6785167282524,1443.447585691822,1456.3714599609375,1777,35.76294541099507
2023-12-22,1456.3714082231897,1463.3801729469574,1446.5294783291986,1457.31591796875,2692,30.358080260909375
2023-12-26,1457.3158922018074,1463.728073244274,1437.5323999098216,1443.696044921875,4591,26.73999205586962
2023-12-27,1450.9533198117163,1470.3391298400331,1426.596789263318,1437.1844482421875,6623,27.38448014649117
2023-12-28,1444.3920286424438,1456.0732221529147,1439.7194784249648,1447.82177734375,5340,34.565504061590005
2023-12-29,1447.772186586225,1476.3040753933833,1432.8102684583932,1449.36279296875,9318,43.64142405685882
2024-01-01,1456.619943947846,1463.429928384512,1441.409611434153,1450.456298828125,4061,42.970505442000714
2024-01-02,1457.7136472437314,1473.2222720483642,1444.6406271171297,1457.6141357421875,17152,54.69980967245195
2024-01-03,1456.4211639723455,1473.967832300857,1448.5674010013292,1457.31591796875,9826,47.157916868443685
2024-01-04,1464.6228962753073,1525.2656905551605,1451.5002417930102,1506.8740234375,26282,70.1554504698405
2024-01-05,1516.0699564877389,1571.3443516138318,1501.108037227415,1546.888427734375,27240,80.19450461186244
2024-01-08,1553.847343793204,1591.3265306067365,1550.864911271528,1572.984619140625,12358,82.4576618347678
2024-01-09,1580.8880746056748,1603.753391441545,1580.8880746056748,1590.8792724609375,9655,83.61053141929636
2024-01-10,1598.8323974609375,1606.039942855989,1575.7683007389692,1598.8323974609375,5203,88.83160871487077
2024-01-11,1606.835318955923,1607.5311713537055,1521.6868439572763,1541.2218017578125,6756,67.60885359825627
2024-01-12,1541.2218663596582,1556.034518475724,1531.0815222816118,1550.2685546875,12759,68.66269950198031
2024-01-15,1558.022678613254,1567.4670481308501,1531.0813961552087,1538.0404052734375,5575,69.04857791695976
2024-01-16,1545.745116858852,1545.745116858852,1521.0406572523557,1525.6634521484375,1613,67.45100947259343
2024-01-17,1505.531969127544,1530.7334997970897,1505.531969127544,1516.11962890625,3793,63.528970823640925
2024-01-18,1511.0991604062044,1554.7917487718057,1476.353869700903,1534.2130126953125,8389,65.77342766774669
2024-01-19,1532.6720081155916,1553.8473273374334,1492.2103892088853,1515.970458984375,5128,61.44893107585291
2024-01-23,1498.5231647815565,1559.8121760862534,1454.4328958662772,1472.1783447265625,5562,52.25627467889076
2024-01-24,1471.3334557711248,1506.1285037116581,1471.3334557711248,1502.5992431640625,3513,56.416400729920696
2024-01-25,1510.1547961083481,1511.049428804283,1485.3011910991952,1493.453125,3143,47.8523794082831
2024-01-29,1510.1050652778606,1529.9879496133165,1482.1696370576444,1506.8243408203125,33658,42.99129284973279
2024-01-30,1510.751181458406,1540.923432132615,1486.2455038956514,1507.967529296875,10414,37.538102587091956
2024-01-31,1515.522969745549,1547.7830195626361,1509.0113985103078,1516.666259765625,12334,35.2557476714164
2024-02-01,1516.0698902226547,1540.9234949804033,1507.6694203567326,1518.0084228515625,6348,33.509123767623876
2024-02-02,1522.0844524809181,1525.0171291871602,1395.9275353194357,1458.956298828125,38201,33.313161456396315
2024-02-05,1456.3714531978796,1456.3714531978796,1411.6847213016877,1430.92138671875,15385,27.522916375460724
2024-02-06,1436.5383748159359,1451.450537876309,1411.6847697153141,1424.111572265625,5914,28.096337111360512
2024-02-07,1421.6261626344995,1434.500281089588,1410.6408210174006,1417.4508056640625,5036,28.727761380270195
2024-02-08,1424.5588482581468,1432.2138312255722,1406.4654727996685,1408.1058349609375,3473,28.75023835014153
2024-02-09,1409.7958404339663,1421.2284985286765,1405.719873558255,1412.4801025390625,3069,24.68473838286708
2024-02-12,1416.5561198555865,1416.5561198555865,1392.7960487850846,1398.5621337890625,3871,25.136864875372694
2024-02-13,1405.5707445300393,1415.0648701257078,1391.901261861428,1407.7579345703125,3862,34.015812996654944
2024-02-14,1395.0825147578319,1416.6553939694177,1391.4041086409006,1403.1846923828125,8341,21.703415447691185
2024-02-15,1410.2432916419043,1418.0969336717383,1376.3926333731945,1388.1732177734375,4529,21.002165962050952
2024-02-16,1395.1322893702716,1409.0006742762746,1385.3897486704154,1397.965576171875,5202,19.413409833164238
2024-02-19,1401.7433137607834,1422.6203418380717,1398.5621008816793,1414.368896484375,8487,25.77824502524652
2024-02-20,1417.6495871994377,1449.0148843223783,1417.6495871994377,1430.6728515625,5721,28.589126214064365
2024-02-21,1437.8307556278512,1437.8307556278512,1408.7022830259102,1412.0823974609375,7321,25.712329656648706
2024-02-22,1419.1905804065548,1426.696296193012,1409.2987729485537,1417.848388671875,5816,37.52637287090924
2024-02-23,1421.6261527300378,1422.8688329334732,1408.4039868232903,1413.3250732421875,2058,43.771996906499375
2024-02-26,1420.383560779111,1432.164145568542,1400.351530383988,1402.439208984375,2315,42.54444608686304
2024-02-27,1401.6439253614337,1402.737459705272,1391.8018735559042,1400.4012451171875,4402,43.942067304772955
2024-02-28,1401.2959697311092,1401.7432860674453,1391.8018443222861,1394.8836669921875,2261,45.1706389687471
2024-02-29,1397.667396560145,1398.0153227693793,1376.8897578919755,1380.3692626953125,10362,39.080448318804486
2024-03-01,1375.8955367910862,1420.4828787230808,1375.8955367910862,1408.8514404296875,4438,53.18361396272879
2024-03-04,1407.111633653693,1440.4650965863295,1393.8398337159038,1403.4332275390625,9343,48.62986362061284
2024-03-05,1410.4917590295302,1419.3395448203437,1387.9246141637557,1393.59130859375,9286,47.05884994667016
2024-03-06,1396.7726527091443,1400.401303444577,1373.0623369324765,1391.1060791015625,3581,50.97396648316457
2024-03-07,1391.105952994728,1397.1702080183927,1377.0884234421185,1378.380859375,3020,43.620430781367794
2024-03-11,1378.3809777445108,1381.8604825567038,1343.188247658658,1359.29345703125,9080,32.36792494122355
2024-03-12,1366.1032333568335,1366.1032333568335,1322.3608899447079,1328.7730712890625,8179,20.099148568829094
2024-03-13,1335.28482845828,1335.28482845828,1293.3816254681326,1297.656494140625,6079,18.72280195048512
2024-03-14,1297.6564846687925,1342.044926520314,1285.2793164523118,1327.3316650390625,10025,28.11823676508517
2024-03-15,1327.3813001554854,1341.9952928503399,1319.279121931398,1333.9427490234375,9258,31.00166757621828
2024-03-18,1340.6531722032319,1340.6531722032319,1316.694200564518,1320.4222412109375,8539,30.615579824921284
2024-03-19,1320.422221637807,1440.5148844231467,1314.9544287707765,1381.015380859375,20010,46.41147395551113
2024-03-20,1380.8662455843466,1391.7520756520494,1323.2058839976712,1378.032958984375,9380,46.85120428473995
2024-03-21,1399.7051770972266,1399.7051770972266,1346.7670022577088,1371.62060546875,9134,48.31414104205274
2024-03-22,1363.0214128560112,1420.3834829243017,1363.0214128560112,1389.7637939453125,32498,46.16918255511305
2024-03-26,1389.7638206055565,1410.7899944760504,1381.2142048504231,1396.0269775390625,31511,48.51861835377949
2024-03-27,1403.035659154367,1441.508988441615,1353.2786969076885,1364.2640380859375,30342,44.606951169415396
2024-03-28,1367.6938541541374,1425.6027525764368,1330.214667150914,1386.2843017578125,20339,49.17274922866719
2024-04-01,1393.2434176696493,1441.5091697935577,1366.4015227838381,1437.5325927734375,6005,58.963554293422106
2024-04-02,1435.4447899460195,1516.0698577839569,1401.097060363538,1499.765869140625,9791,68.82489469837309
2024-04-03,1491.3156154823469,1633.3788388206845,1477.3479629849692,1617.9696044921875,20191,81.38077652618975
2024-04-04,1625.425745515172,1641.3320525049228,1577.2097524524895,1615.0369873046875,11423,86.68272064747168
2024-04-05,1596.6452408395505,1660.0715640093053,1590.6306202644812,1603.107177734375,12046,83.23743337883371
2024-04-08,1656.244245483975,1669.168120148616,1609.8177596539626,1620.305908203125,11193,83.65458801844693
2024-04-09,1628.4081251742252,1640.3378550289815,1611.507674546654,1615.9813232421875,2677,85.50271737536613
2024-04-10,1616.6772025762511,1616.6772025762511,1562.446710853503,1581.0869140625,4744,75.61408696174013
2024-04-12,1558.0226939572462,1649.2851772630006,1555.1894073451617,1588.692138671875,6585,76.65407162984431
2024-04-15,1558.867880450364,1583.7214857548531,1540.724748578087,1576.4144287109375,3295,75.53297214899204
2024-04-16,1575.7184802478355,1618.3175328717662,1556.929131511953,1603.5047607421875,4167,76.06691839868898
2024-04-18,1592.6190209293723,1630.3965008265734,1590.6307325137302,1612.20361328125,10698,76.20826206264165
2024-04-19,1609.7181649776096,1627.5133695982652,1594.2095404524441,1623.3380126953125,5591,83.06267334919842
2024-04-22,1615.484259283735,1626.1713089989964,1594.159915603385,1620.6041259765625,3645,81.45183066541529
2024-04-23,1628.4082266530588,1664.0980282970788,1620.6538532220366,1648.8875732421875,6709,80.23321599195373
2024-04-24,1657.0891952825586,1692.480703672534,1638.3993575894433,1674.6358642578125,22586,77.92950433895939
2024-04-25,1649.5337591828384,1670.8084692737425,1639.3437811616695,1650.9752197265625,11634,57.55232512019163
2024-04-26,1657.18853725371,1685.0743291184847,1652.217816518847,1681.4456787109375,8512,63.49491577894553
2024-04-29,1699.986558592471,1699.986558592471,1585.6599771666615,1615.2855224609375,16343,52.02782386134738
2024-04-30,1616.0310584701542,1668.1738701726285,1616.0310584701542,1635.6654052734375,7251,52.530709427292365
2024-05-02,1635.96363681948,1697.9982578650386,1633.130350180206,1686.8638916015625,6584,60.11636423440933
2024-05-03,1690.0451213936035,1713.208729540783,1665.9371248090183,1682.1417236328125,7037,65.78172879723562
2024-05-06,1686.7643011683156,1686.7643011683156,1650.279260045645,1660.7177734375,2020,60.78284026307152
2024-05-07,1660.2208110184336,1660.2705667705413,1625.9228361800288,1643.8671875,1393,59.96184531379183
2024-05-08,1629.3029905155868,1686.5656734601093,1625.8234857368598,1673.094970703125,2700,60.21303803677377
2024-05-09,1680.0538920307129,1693.971910414701,1606.586734931053,1649.931396484375,10208,55.311412595911534
2024-05-10,1658.1827190585243,1812.3248210894287,1616.4286639374293,1725.635498046875,86348,62.1861809843919
2024-05-13,1729.8108952502187,1744.1265958958018,1675.4312564532277,1714.451416015625,8606,60.95892070745184
2024-05-14,1720.7144198625015,1740.2493771591217,1677.717684322866,1736.8692626953125,6031,60.4166690754369
2024-05-15,1739.7522989474317,1758.2433562537178,1728.468786879642,1745.4686279296875,5496,58.74126569403235
2024-05-16,1754.217109321933,1784.4887501627215,1740.4978715027212,1769.3778076171875,6058,64.6027619498412
2024-05-17,1774.100073718555,1775.9392162102686,1749.693785161744,1767.09130859375,3123,61.35198166879109
2024-05-21,1750.8866712822228,1750.8866712822228,1704.360796737021,1736.8692626953125,6832,67.81240298099607
2024-05-22,1736.8692538346745,1753.6703145661854,1719.8196570608497,1739.3546142578125,2015,66.03135526556176
2024-05-23,1744.027230190079,1799.4010139558031,1731.5009161024557,1768.731689453125,4838,63.57343540211237
2024-05-24,1770.1730637264875,1777.4799990177746,1746.5125055758679,1772.2607421875,4129,65.00081073930892
2024-05-27,1777.5298126987416,1853.0350154286193,1769.5766591743622,1783.54443359375,8761,71.15948197546483
2024-05-28,1785.6817626953125,1809.3424431868766,1759.6352332092151,1785.6817626953125,2326,75.73515240902444
2024-05-29,1791.348382309048,1794.4302049272992,1772.3104974150376,1786.228515625,3603,72.91581980078747
2024-05-30,1795.1758082112642,1795.1758082112642,1762.6673428791642,1773.751953125,1288,76.21551379241544
2024-05-31,1782.6496387178595,1814.3131061904135,1766.0971140532984,1788.117431640625,4202,67.87033002636636
2024-06-03,1797.0647524011374,1839.166734180053,1778.474183409915,1788.51513671875,2438,72.57573119129373
2024-06-04,1788.5150824927252,1790.1553232566546,1617.4725328576264,1652.267578125,11725,34.7764028610101
2024-06-05,1733.7874341866377,1733.7874341866377,1642.3261704566087,1711.170654296875,2164,44.77431670837135
2024-06-06,1721.261249973797,1798.357057981367,1715.7437012568,1777.28125,6632,51.06696931933801
2024-06-07,1779.2695683646848,1872.271806106779,1753.7201111619606,1850.649169921875,15181,59.464019068898004
2024-06-10,1871.9734428005693,1904.034591781089,1834.2457206819668,1891.1107177734375,10790,67.07382922522365
2024-06-11,1908.4585611254263,1908.4585611254263,1854.1783123914447,1883.7044677734375,7433,65.80666927947036
2024-06-12,1908.4585129283469,1921.332752731818,1873.0173703834084,1903.736328125,6493,65.09222985383725
2024-06-13,1903.0902931101475,1932.6163273468605,1864.0203774564627,1879.9764404296875,7169,61.52048878654338
2024-06-14,1878.9324675530927,1903.1398536443853,1864.020305112195,1879.7774658203125,3430,60.542354041524796
2024-06-18,1907.7627466537108,2087.702849386552,1881.1196331764845,2069.211669921875,29871,72.02316442260849
2024-06-19,2089.8898757621337,2157.2929006471304,2030.390370031513,2080.892822265625,16030,72.49885916078972
2024-06-20,2087.7028122658708,2117.626649659409,2029.197450583709,2066.1796875,9229,72.25208692734665
2024-06-21,2087.702918645374,2479.395751953125,2071.945635246437,2479.395751953125,180748,82.73315300563758
2024-06-24,2496.7434992238664,2711.0313383734733,2404.8349129172834,2579.40673828125,224637,84.22163674796988
2024-06-25,2584.7748562600086,2624.5406232793935,2517.918660458668,2543.070556640625,15425,92.19288146631673
2024-06-26,2535.067834844753,2599.538186474126,2479.5945372106567,2531.53857421875,14000,90.68232975837297
2024-06-27,2496.4947430384245,2564.8919091581706,2407.4195727500587,2450.4658203125,8816,82.89530414416572
2024-06-28,2433.664914099458,2564.891943781292,2351.150948466184,2386.393310546875,13137,76.41925314112746
2024-07-01,2434.659000026414,2470.44818908356,2375.6069351665114,2444.202880859375,12380,76.81592631053516
2024-07-02,2454.5418091864126,2475.418835509991,2405.82874776473,2451.112060546875,8999,77.52325666909478
2024-07-03,2487.8457982129794,2550.824928790595,2455.536112521902,2474.9716796875,9907,77.6064144461668
2024-07-04,2474.971692581139,2583.7807245715944,2473.4804763107054,2498.433349609375,24598,79.89713504615987
2024-07-05,2498.433424864405,2696.11909815377,2492.86636291369,2640.198486328125,35844,82.33428608890016
2024-07-08,2644.423372277747,2683.1949931494883,2545.0089597861024,2621.259765625,13233,77.45473504206258
2024-07-09,2634.482096642263,2738.8672363205415,2592.8275522740864,2670.818115234375,30491,78.27327964024884
2024-07-10,2684.189157420328,2732.9022199068445,2601.675194432962,2657.44677734375,21718,78.37408146815132
2024-07-11,2677.3296381098166,2698.305933504972,2615.593190909326,2621.7568359375,10940,60.713701704275074
2024-07-12,2646.0637378860038,2705.7621439470217,2629.511334509307,2668.780029296875,5630,57.30890330412352
2024-07-15,2677.2799719255772,2782.609496871609,2663.2126864702195,2748.3115234375,13211,65.6769317583804
2024-07-16,2775.7995459350773,2858.164487466996,2756.0161740453495,2848.3720703125,17376,71.31767283125635
2024-07-18,2853.1935972526226,2863.582354665583,2687.7681143429886,2729.720947265625,11187,67.88486429706822
2024-07-19,2729.7210781810786,2729.7210781810786,2503.752062475609,2555.497314453125,20239,59.491122891714184
2024-07-22,2535.0674414622786,2615.5433573853297,2517.9682115757837,2560.070068359375,7513,56.91648027123086
2024-07-23,2598.444555969225,2603.663813326982,2391.960841995956,2431.52783203125,21119,48.97919033098529
2024-07-24,2431.5276989780564,2722.414147506496,2431.5276989780564,2698.80322265625,24117,59.305643916771785
2024-07-25,2697.9084155517735,3201.1441306547445,2645.5665809565658,3079.510498046875,113883,68.62532859130972
2024-07-26,3027.4673240165234,3359.213188791827,3017.227590406391,3193.886962890625,126480,68.06461212398116
2024-07-29,3181.3112979835214,3229.9248538413217,3065.393983454128,3081.79736328125,24884,64.16451836814012
2024-07-30,3081.8467916485492,3138.9603231644874,2983.5260346380846,3008.628173828125,19282,60.24111134861419
2024-07-31,3030.9466866962775,3176.290510660685,3009.6718565851447,3097.951904296875,10422,62.76651370700548
2024-08-01,3101.779665308762,3146.4166428843305,3020.1603292581535,3067.233154296875,8806,62.947895229305644
2024-08-02,3059.9757734711593,3238.2756285061855,2924.7224097955154,3034.97314453125,47623,60.735638916838695
2024-08-05,3032.1396672515525,3032.1396672515525,2733.8964212923834,2765.51025390625,20621,50.45368855246264
2024-08-06,2778.63280165245,2868.8513800960845,2553.5089153344647,2573.093505859375,31127,43.075762710011695
2024-08-07,2608.634264985728,2647.3561313144146,2550.029515539772,2612.11376953125,19414,46.918307601545024
2024-08-08,2651.283067787728,2722.960961635136,2614.599243921288,2634.680908203125,18886,52.25401319928157
2024-08-09,2684.1892432174113,2730.914018932677,2625.0376654502124,2660.777099609375,22424,52.83199003019995
2024-08-12,2667.2887952216734,2667.2887952216734,2574.3860715262745,2591.435546875,12010,54.65165728544831
2024-08-13,2595.6605789823557,2630.2568433991755,2556.8889577435507,2572.894775390625,5266,45.7176636152076
2024-08-14,2584.526251164098,2584.526251164098,2479.3955074154287,2493.36328125,6682,24.927718455473467
2024-08-16,2497.3896288752885,2543.3687960443217,2481.135274856548,2516.327880859375,9043,18.558828780736718
2024-08-19,2505.29311854658,2553.956428182481,2450.565432257616,2463.5390625,9058,19.63970751142054
2024-08-20,2475.4190974655694,2508.4246368895792,2402.4985221486036,2419.697265625,13068,20.222168949427854
2024-08-21,2425.7118273653427,2520.155525561944,2425.413535565683,2477.25830078125,10986,17.57466397607753
2024-08-22,2483.2375188629003,2537.300014646664,2458.672570653118,2517.369140625,6966,21.553975559771757
2024-08-23,2517.369219292012,2523.647250167581,2453.490668737673,2467.342529296875,4096,21.164915034404686
2024-08-26,2466.4456815320445,2491.3592742747924,2396.6876218523503,2413.828125,7172,27.113631568377727
2024-08-27,2392.7013292428837,2441.5319686151875,2392.7013292428837,2434.207275390625,5890,38.354033070993815
2024-08-28,2434.207343714509,2463.406122450742,2391.704852713139,2396.6376953125,6017,31.887713220928887
2024-08-29,2413.9278362242567,2441.5320478611225,2351.843115490714,2362.0078125,6288,27.53546172756269
2024-08-30,2362.0078211204495,2395.5912950379097,2341.8776871076507,2353.985595703125,5762,23.94873908396073
2024-09-02,2377.4043105501746,2388.715178530688,2312.0810675769776,2319.405517578125,5299,25.45126870785019
2024-09-03,2304.1088338085356,2431.168158190029,2304.0589579631423,2424.042724609375,7698,38.37379857106136
2024-09-04,2423.5943337218587,2638.847777835313,2416.618527662626,2490.21337890625,34890,49.74873021313723
2024-09-05,2525.2418065371025,2526.9358822151967,2426.583977473498,2467.69140625,6112,46.117494631749096
2024-09-06,2466.4456396929777,2540.239748804566,2392.7014064253895,2418.462158203125,15148,46.38107823425391
2024-09-09,2418.46225374331,2427.3812714868986,2349.8999963104307,2416.518798828125,5820,49.72641699354152
2024-09-10,2421.6012647921766,2516.223043331176,2421.6012647921766,2465.2998046875,8121,48.95488924582698
2024-09-11,2480.596575160142,2480.596575160142,2417.615060817176,2421.999755859375,5292,41.71141262856729
2024-09-12,2418.661324127348,2445.518126943593,2331.8123987021936,2349.451416015625,6412,40.14003348715645
2024-09-13,2379.0986427591984,2420.0564418740496,2355.181594529751,2396.48828125,10832,48.53387543721162
2024-09-16,2410.140854518307,2444.322350897318,2391.7047967103317,2424.9892578125,5087,49.23115456120809
2024-09-17,2439.8379094590473,2462.459402048781,2405.6564130092097,2444.770751953125,3583,54.13739336642079
2024-09-18,2420.30576327854,2461.4630689202536,2366.7914124233207,2396.189453125,2198,52.86934566261702
2024-09-19,2391.3063624552183,2416.6683509886084,2356.8258530787703,2362.506103515625,3066,50.68570449554941
2024-09-20,2372.8703317778522,2432.264191080423,2356.825880683652,2423.54443359375,2858,58.03845995836727
2024-09-23,2431.5667554342294,2469.186282080804,2398.481551519651,2447.01318359375,3571,52.027094864342544
2024-09-24,2407.6497114122776,2466.4457929409714,2407.6497114122776,2444.62158203125,5244,45.46626941737202
2024-09-25,2443.5252543642987,2652.849315943409,2443.5252543642987,2605.8125,21482,60.765888583907646
2024-09-26,2614.930700431203,2667.0001093860546,2562.213635382238,2578.407470703125,8412,62.90607275071195
2024-09-27,2578.4073711692463,2578.4073711692463,2458.423366891517,2477.50732421875,4485,54.24351748765636
2024-09-30,2491.4092393261144,2507.9517195215303,2426.08574815632,2449.753662109375,3166,48.88571027592219
2024-10-01,2425.238589889879,2466.395895254896,2422.5978462819708,2436.44970703125,2265,51.0822559900118
2024-10-03,2357.8224965059253,2514.2299883480864,2357.8224965059253,2380.344482421875,2822,52.37222336371367
2024-10-04,2404.161610906021,2428.626806735429,2320.5516940672196,2334.75244140625,3250,45.24887285910871
2024-10-07,2370.8272438513673,2370.8272438513673,2217.3096443127383,2229.367919921875,6207,36.53821663648707
2024-10-08,2229.3680189952565,2287.0678021758745,2224.235672938218,2260.510009765625,2688,37.515210384681296
2024-10-09,2229.2682207413095,2381.6895285246783,2229.2682207413095,2367.14013671875,3103,48.17527068980429
2024-10-10,2367.7878905248117,2390.708396199084,2331.115032786615,2343.023681640625,1884,48.76132656647175
2024-10-11,2331.1648132498,2347.3087722743758,2321.9467841710093,2340.5322265625,950,44.29764068988187
2024-10-14,2334.0546632332907,2387.6188855844084,2331.912191657964,2335.9482421875,2120,42.16739645760991
2024-10-15,2372.023152800371,2372.023152800371,2322.9932511949364,2333.5068359375,2089,42.164434521759965
2024-10-16,2328.922555447457,2349.8998483482233,2316.9640314143508,2329.470703125,2604,24.963880088085688
2024-10-17,2351.8430877816522,2354.2845711413884,2311.034672693275,2321.94677734375,2672,25.896783661826262
2024-10-18,2321.996744588011,2412.5325956164797,2302.015994332817,2398.630859375,3503,42.23334346200594
2024-10-21,2400.6738330765256,2408.0980351670273,2323.93996626586,2351.89306640625,1459,40.71131590058318
2024-10-22,2352.7399721003426,2354.284663526276,2265.492764019486,2288.1142578125,3247,37.15149838775711
2024-10-23,2297.680896269909,2297.7806479591372,2267.186804872929,2277.052490234375,1751,40.295837901564745
2024-10-24,2277.052519780278,2277.052519780278,2193.3927233137033,2221.943603515625,3532,39.587929285395276
2024-10-25,2232.25778563701,2259.7126119723944,2194.9871502848223,2217.608642578125,3190,48.66575585930575
2024-10-28,2230.3645839349947,2635.8581238997544,2196.6813577377084,2353.786376953125,37078,58.54636997375648
2024-10-29,2353.83613374312,2415.2729532936933,2292.100302434068,2304.407470703125,2529,43.57847711595393
2024-10-30,2321.797479063352,2410.2407340496543,2320.0036517113112,2375.61083984375,4370,53.04243965927922
2024-10-31,2371.6742860375916,2409.6426988342228,2331.912289194409,2346.113037109375,2012,50.496028344724834
2024-11-01,2324.936576832694,2410.041316059837,2324.936576832694,2378.450927734375,812,53.60007080574206
2024-11-04,2410.041131803169,2414.1769340419382,2341.977393282723,2390.857666015625,2296,54.777095710295804
2024-11-05,2427.7298188254576,2541.186415519427,2373.7670752028534,2393.05029296875,13213,55.312241192909454
2024-11-06,2403.7133763974093,2481.393912260416,2384.081513381458,2425.886474609375,12312,58.332005781991676
2024-11-07,2391.7048098766936,2583.041194666829,2391.7048098766936,2558.526123046875,13465,61.76231302686796
2024-11-08,2561.0673852733894,2776.47044797925,2559.174049597508,2663.91064453125,43558,71.12967224823427
2024-11-11,2640.840806799963,2670.7371178203402,2573.524231159721,2633.51611328125,5538,74.49812952251395
2024-11-12,2623.3515148552856,2760.5259063908534,2537.150481504598,2558.576171875,5147,68.30848900796185
2024-11-13,2520.2589359398207,2627.7859003798644,2439.6386505311634,2487.921142578125,7504,66.95463798158627
2024-11-14,2487.871474323396,2608.901664220643,2416.4692118843523,2448.208984375,7677,64.0651631685144
2024-11-18,2457.227537903625,2475.364583917224,2392.7512115442814,2422.946533203125,5141,54.87839152226206
2024-11-19,2443.425481581708,2483.2375983518173,2412.6323775512647,2428.626953125,1856,59.33779837007929
2024-11-21,2428.6267649211804,2465.2996201123847,2343.9704300240087,2373.667236328125,4322,49.85023851599745
2024-11-22,2397.385087690232,2463.406106638214,2357.8223521649143,2377.205078125,4166,52.49558995454155
2024-11-25,2413.8779266467077,2676.7163220035327,2406.7028608167057,2636.4560546875,16503,65.17940118879736
2024-11-26,2630.87541397292,2690.668037017759,2601.1284866893902,2661.967529296875,5241,65.70818129196638
2024-11-27,2636.8546402317925,2758.4329720943315,2558.675835328725,2604.516845703125,6574,61.51508198194581
2024-11-28,2600.9791505713188,2639.844356269511,2569.0897510240843,2590.814453125,3395,59.172023106256134
2024-11-29,2629.629666234914,2629.629666234914,2549.756786671122,2587.82470703125,4917,51.90391018129562
2024-12-02,2581.048195983188,2615.777841421606,2581.048195983188,2594.45166015625,2047,44.821705358631455
2024-12-03,2614.930774858215,2675.1717953071525,2577.6601362852866,2607.00830078125,3579,47.969796762774216
2024-12-04,2627.9855325919366,2631.4734356003382,2586.0309448007247,2590.16650390625,2888,52.655817947758
2024-12-05,2616.076727137913,2664.608602384487,2562.3631163492114,2588.572265625,4525,59.57346708929836
2024-12-06,2571.1327392586068,2597.092752488466,2526.2383948640854,2542.531982421875,2889,58.86484985739493
2024-12-09,2537.3994237020465,2567.0465976486144,2492.3556988358628,2511.638916015625,3193,58.24836365056458
2024-12-10,2515.3262584266026,2536.253676823668,2457.4768460553537,2470.581298828125,1939,53.66085188169214
2024-12-11,2471.478378703111,2495.3954287307515,2415.6220527916958,2422.797119140625,5011,54.34133906782323
2024-12-12,2440.535511863894,2448.457985588902,2374.315231914289,2380.593505859375,2996,50.280265277678495
2024-12-13,2415.6218635075084,2465.449047160716,2381.1912309437826,2438.79150390625,2746,25.50325742163247
2024-12-16,2475.414550884322,2477.40763828439,2421.601191082489,2441.133544921875,1330,20.96438696688307
2024-12-17,2451.4975831375923,2469.385494485271,2397.6842215565234,2428.626953125,2362,23.77417201233891
2024-12-18,2446.5148626949604,2448.5079501594773,2403.7632338997882,2420.95361328125,1063,24.20943532471462
2024-12-19,2440.5356361288545,2468.538612735134,2381.7395550624587,2397.734130859375,2543,22.808298066573684
2024-12-20,2430.620075402472,2430.620075402472,2359.8155935006184,2363.452880859375,2031,19.379163082475557
2024-12-23,2398.8798704787014,2431.4171672377092,2364.8480015135356,2373.81689453125,2074,18.90777201532815
2024-12-24,2401.670322496383,2410.4898315802875,2356.825855893753,2395.59130859375,1037,24.39342707437723
2024-12-26,2402.0191447194397,2402.0191447194397,2384.6292629506147,2393.24951171875,476,24.345524555174748
2024-12-27,2372.1228615022524,2404.6599155480767,2372.1228615022524,2390.16015625,617,27.44168629914475
2024-12-30,2381.988696946197,2431.5667484776573,2376.7568422619725,2390.90771484375,2915,30.374223823104302
2024-12-31,2383.483471361553,2405.507185160716,2379.597048124905,2391.10693359375,1659,35.101807314382995
2025-01-01,2401.172143187098,2413.2800523177293,2376.856573233042,2382.736083984375,1927,41.188076488505665
2025-01-02,2406.653159707998,2487.8714754496964,2330.666698661317,2355.430908203125,8301,44.07696622239795
2025-01-03,2367.2398048390796,2443.4754017965533,2358.868934648749,2406.254638671875,2691,42.06568163659939
2025-01-06,2394.196286822414,2403.613576315174,2331.9621801801895,2361.111083984375,3504,33.856045486694626
2025-01-07,2382.5865796526364,2397.4848591656387,2360.01471908566,2373.268798828125,1215,38.8161483637081
2025-01-08,2372.6708878414224,2382.1380533498527,2331.9123462870107,2347.60791015625,4461,36.186157465224454
2025-01-09,2371.8738099774428,2371.8738099774428,2326.929590797912,2337.7421875,2684,38.102749575144884
2025-01-10,2337.443197431925,2350.7469102656805,2215.814986376668,2256.374267578125,4817,32.10655922295875
2025-01-13,2209.586434575234,2274.062760847443,2148.647886962493,2183.82568359375,13613,23.714297295106334
2025-01-14,2165.389662384666,2243.9173529348745,2125.2787793122457,2220.29931640625,2454,26.695826257653422
2025-01-15,2220.8972946305453,2240.828167800354,2149.9431915085916,2182.978759765625,4844,24.424250235039295
2025-01-16,2208.9387811696924,2213.8217478006595,2162.848636746654,2187.064453125,2721,25.356698079559578
2025-01-17,2179.291741047856,2254.032520378713,2172.36556752575,2215.96435546875,2732,30.130149726534725
2025-01-20,2220.10022601014,2225.381956570912,2172.465385862597,2200.56787109375,2264,29.080970214463164
2025-01-21,2211.6794783365344,2234.2012212047302,2187.4135406015675,2192.89453125,1049,29.12557817395016
2025-01-22,2169.475767291502,2181.8826884542696,2137.5863669454625,2165.93798828125,3644,29.147925681190387
2025-01-23,2133.450769943047,2242.2234221943268,2133.450769943047,2164.94140625,2554,20.174891748766612
2025-01-24,2179.440983535117,2189.9046919608686,2160.008382173007,2177.34814453125,808,25.288078611365563
2025-01-27,2148.996689319238,2173.112999054034,2081.381342857505,2100.315673828125,3546,18.747141718222892
2025-01-28,2121.093332425623,2121.093332425623,2052.9298425018815,2082.327880859375,3465,19.082443819345528
2025-01-29,2102.7071469512894,2131.606913425975,2073.259232797897,2087.958251953125,3907,20.598200455777246
2025-01-30,2112.6726498891258,2300.022866011369,2004.1490163269334,2038.8785400390625,16517,22.29271926264242
2025-01-31,2018.5491089096868,2052.879990183246,1913.0648625808235,1950.9833984375,15239,21.453859102587742
2025-02-01,1945.2533515382754,2019.9941309262726,1933.2948268361959,1939.0748291015625,1746,13.312473903152082
2025-02-03,1914.3604281471733,1956.6636591207375,1879.4813990034193,1894.7783203125,2984,13.074502939415567
2025-02-04,1902.9501365708877,1933.29484462222,1869.5659214704526,1897.6185302734375,4177,12.796188899394394
2025-02-05,1917.3002155009465,1942.2636840086482,1888.7493356278526,1894.3299560546875,2434,5.745170367797456
2025-02-06,1922.3327675065443,1977.0927943134807,1878.4349695425383,1903.3984375,4453,8.386745635279325
2025-02-07,1892.9347861571443,1916.5528235372276,1846.69513346332,1870.6121826171875,6906,7.835646769212303
2025-02-10,1870.612175134297,1890.2441592252726,1818.692272133482,1831.0494384765625,2213,7.585437281368598
2025-02-11,1821.7814862693224,1825.369019205742,1773.8477593491734,1794.9246826171875,1314,6.96562476840738
2025-02-12,1811.6666411828974,1811.7165170291967,1684.856450428241,1763.135009765625,5432,3.9037177151296873
2025-02-13,1765.8754411387768,1828.308928440999,1709.0724500863441,1734.185302734375,3570,4.371558097788068
2025-02-14,1729.0033682371206,1752.9702935570604,1665.224569639325,1677.5318603515625,5543,3.987291064754899
2025-02-17,1669.2605258327715,1689.0916475796043,1595.7155542066962,1626.8575439453125,4767,2.45581504004204
2025-02-18,1613.6034650161478,1640.3108840846617,1574.5390017337577,1587.5439453125,2995,2.5062910330139516
2025-02-19,1594.4698880674127,1635.9759566708474,1579.521732866781,1599.3031005859375,4349,5.9315534216711825
2025-02-20,1600.100438277228,1642.3539160689807,1573.8912899468176,1593.7225341796875,4703,6.0271379278187
2025-02-21,1607.973102802546,1635.328178146924,1574.5390136941742,1612.60693359375,2810,11.58590817901542
2025-02-24,1582.5114008490364,1622.373148981254,1542.6995285613446,1596.4630126953125,5791,10.434620561001864
2025-02-25,1599.651929093288,1618.3371238246996,1565.4206766750222,1577.4290771484375,2466,10.020069646230908
2025-02-27,1586.1985375236754,1587.2449570541114,1544.6427144460038,1555.803955078125,7050,7.494481361421407
2025-02-28,1556.0033336176866,1564.5735849764126,1445.038218656205,1492.2742919921875,5854,6.970384916121688
2025-03-03,1491.776094054258,1502.7879509750753,1412.3516071083725,1419.227783203125,7015,6.477063410624183
2025-03-04,1425.057481509183,1449.9710738432595,1407.617966875329,1422.16748046875,4470,7.633880941380838
2025-03-05,1422.1675036008883,1489.832845810525,1396.307242996849,1459.5877685546875,46676,15.936000762743689
2025-03-06,1459.9365138778746,1479.8673877874703,1413.746737922067,1438.1121826171875,23194,16.207886137608256
2025-03-07,1457.893611995158,1485.09930468601,1401.8380267654393,1425.705322265625,14303,18.028816425083335
2025-03-10,1439.1087810822423,1447.0313767518649,1352.9077481426043,1364.5673828125,12156,17.562212353068517
2025-03-11,1365.2649017425629,1384.8967644440252,1315.4377155475788,1327.396240234375,10468,17.655774010366528
2025-03-12,1340.6503516031614,1370.2975280787266,1248.3703033050294,1276.7220458984375,18291,13.431974148438357
2025-03-13,1283.1496283647623,1373.4863380134475,1270.5932022253912,1347.7257080078125,26468,25.7156698054319
2025-03-17,1335.3685623336523,1508.7172908518583,1335.3685623336523,1420.6229248046875,48270,32.87403714079191
2025-03-18,1420.6229248046875,1420.6229248046875,1420.6229248046875,1420.6229248046875,0,33.84896932600083
2025-03-19,1409.112848954219,1460.8334934117108,1371.8919645792043,1398.4996337890625,22244,33.657954119766686
2025-03-20,1398.1508436253905,1451.4659328156674,1385.943183016402,1395.95849609375,34025,34.873638752938746
2025-03-21,1409.112811600072,1440.0056667341612,1380.1631680489272,1384.19921875,30000,38.661792017531525
2025-03-24,1412.1023721471986,1440.0055947443204,1386.4413727944884,1396.35693359375,25902,47.24916898645712
2025-03-25,1414.245063836388,1414.245063836388,1365.3147908474068,1372.838623046875,14018,44.34673732393972
2025-03-26,1383.2026939032146,1383.2026939032146,1343.3409447993756,1346.5797119140625,17845,36.70885130932808
2025-03-27,1340.799647644591,1370.297437936365,1305.4722227939908,1329.738037109375,28630,37.1133912876869
2025-03-28,1330.3858297628537,1351.2633714656897,1238.6539341898826,1250.1640625,59870,32.001618063840425
2025-04-01,1279.5621258755293,1500.196927984682,1263.6174264876722,1483.8037109375,300264,59.03086372269987
2025-04-02,1504.780949815962,1780.5245361328125,1504.780949815962,1780.5245361328125,722959,74.63430729721009
2025-04-03,1733.886449451848,1854.7671301655005,1680.5214843804558,1820.8846435546875,417362,79.91891024823585
2025-04-04,1782.617437041816,1817.6957269731654,1724.5687659364503,1763.0850830078125,47374,73.17357982631039
2025-04-07,1619.4831707272951,1693.8751835567623,1584.5045105781746,1651.0238037109375,19420,62.31621701407151
2025-04-08,1742.9549014282752,1749.8808313652146,1645.6922623048963,1688.24462890625,24841,63.7583878297255
2025-04-09,1688.1449939117863,1688.1449939117863,1587.494082232276,1629.74755859375,12083,61.459827150088906
2025-04-11,1644.2970623171118,1664.1283057620099,1607.6740822927761,1629.4984130859375,11692,61.599760869552036
2025-04-15,1684.1588742651832,1744.948040732743,1648.283300612197,1727.01025390625,19140,65.69057205082562
2025-04-16,1744.9479766823554,1787.8989847884322,1705.185859680131,1762.7861328125,28368,66.41665144473454
2025-04-17,1763.8824142892622,1823.6750385024575,1738.0719071742185,1768.7655029296875,19592,68.02141300353345
2025-04-21,1751.1265833330417,1842.5097158222568,1739.5667004631368,1803.744140625,16848,70.64488648234345
2025-04-22,1833.5408426615309,1833.5408426615309,1756.4083332300045,1795.3731689453125,11082,71.18952154741469
2025-04-23,1823.6749778745875,1823.6749778745875,1745.047655318511,1802.149658203125,11970,76.90141274081999
2025-04-24,1802.1496990841438,1976.1462093774055,1787.002161454387,1929.607666015625,29974,74.23479768335034
2025-04-25,1931.3017315175293,2035.2412902890055,1819.788464795273,1933.7930908203125,35323,62.21799594568085
2025-04-28,1884.4642022824755,1967.1773322610295,1846.296528584817,1905.889892578125,14605,56.91360728584401
2025-04-29,1898.4157460145846,1930.3051443728348,1819.6887938176544,1831.7469482421875,11297,55.43976068372101
2025-04-30,1855.6640056118822,1855.6640056118822,1759.896180053058,1776.73779296875,5446,60.94957121358813
2025-05-02,1753.9169769203963,1788.796007711427,1734.683634139123,1768.7655029296875,3714,57.389806651763685
2025-05-05,1755.6109622924778,1823.575314640611,1733.986012973944,1798.7613525390625,4642,66.3674976741327
2025-05-06,1795.373119315504,1799.0604040227329,1714.0551771035286,1730.5977783203125,3076,58.65245426204984
2025-05-07,1720.0344148113254,1802.7475413636662,1683.261928195123,1775.6416015625,6114,54.57271594911277
2025-05-08,1775.6415759078227,1807.6306036741557,1674.1933807259054,1682.364990234375,11567,43.17604783571719
2025-05-09,1675.190026226276,1792.782187496175,1620.380120549628,1639.912353515625,28406,39.70376769150545
2025-05-12,1674.1934820068175,1758.8996998464481,1674.1934820068175,1741.559814453125,6296,45.50949837521298
2025-05-13,1742.9549502149,1788.795960912376,1726.7112390692596,1762.4871826171875,4563,47.66751111257336
2025-05-14,1787.7993679746908,1813.70950374244,1752.0234254118498,1800.55517578125,4646,49.89171542595083
2025-05-15,1803.7441580202453,1828.458491275686,1769.9613011176991,1796.569091796875,4390,39.14457170814734
2025-05-16,1818.6922335043025,1828.6576704002164,1787.6001190484108,1812.9122314453125,2916,40.3284809834818
2025-05-19,1842.6092862035318,1867.5228784994154,1829.6542182096725,1837.1282958984375,5167,44.46582288629006
2025-05-20,1853.5712392909022,1853.5712392909022,1759.8961336493192,1779.3287353515625,2270,45.66721166641172
2025-05-21,1783.4145386031153,1799.6582491845825,1738.5700731739826,1753.9168701171875,5481,48.01662163770746
2025-05-22,1770.7585171699254,1774.346050144666,1724.0205935132108,1756.707275390625,4010,48.9424878967584
2025-05-23,1792.7820801734924,1792.7820801734924,1749.432430097035,1785.8062744140625,2018,48.86204358649275
2025-05-26,1785.9059232587533,1822.6784097646585,1773.8477689344406,1812.3143310546875,3239,57.74461608374554
2025-05-27,1816.8984634554972,1832.6439029065518,1788.7959791828496,1806.1358642578125,1169,53.11990676086164
2025-05-28,1832.5442375255986,1832.5442375255986,1800.8540991497607,1812.2147216796875,2520,66.17029653602988
2025-05-29,1813.1116465383072,1814.6064621002029,1794.3765761698544,1807.4312744140625,1397,73.0211010753352
2025-05-30,1805.7371495171872,1829.554567816768,1770.8581206909723,1785.2083740234375,2922,57.67344102548035
2025-06-02,1808.6271907706957,1819.5891715028854,1761.5902550035316,1802.74755859375,2002,57.16313005585631
2025-06-03,1814.6065065923895,1820.9844108092038,1764.5799382386433,1780.6243896484375,2869,46.2406120641739
2025-06-04,1801.7509591820772,1801.7509591820772,1756.009580302366,1791.7855224609375,2290,49.12149180721109
2025-06-05,1803.744096937413,1944.8546605228364,1802.2492813874646,1873.701416015625,12500,58.99706123280796
2025-06-06,1901.8040784208706,1903.3985240589877,1843.6059002665588,1850.3824462890625,2563,51.96689440890274
2025-06-09,1835.6334754173347,1879.2821376615366,1835.6334754173347,1847.791259765625,3170,62.15070079740158
2025-06-10,1860.5471327015748,1885.1617140249282,1829.7539073004004,1846.2965087890625,3482,67.91654316264368
2025-06-11,1846.2964698698254,1890.8420463825098,1846.2964698698254,1854.169189453125,2374,68.53679647247183
2025-06-12,1862.5401590527665,1880.6772055751937,1843.6058289179336,1854.8668212890625,1857,64.7259218537861
2025-06-13,1843.605813882632,1870.6121233671247,1809.8229586931568,1852.57470703125,2906,59.573477461996426
2025-06-16,1824.671540803721,1850.6813074161362,1818.6922785181819,1836.9290771484375,1825,57.00681632585038
2025-06-17,1823.6749267578125,1876.2924815006756,1813.8091200374759,1823.6749267578125,2098,52.52524383092955
2025-06-18,1833.8396205477397,1839.5199924795459,1788.3972533352805,1798.8609619140625,2693,48.26472100288686
2025-06-19,1783.8131800464969,1815.7025776786131,1753.9168697663881,1762.7861328125,2069,45.70117976910133
2025-06-20,1789.0949998944047,1790.3904337491242,1729.9999082849858,1742.8553466796875,2197,38.621733401297845
2025-06-23,1733.9860184985123,1763.7826991230804,1724.120211649789,1753.2193603515625,1764,44.55011807567719
2025-06-24,1760.8927329477965,1818.6922680417251,1760.8927329477965,1798.5621337890625,1367,51.18634259259259
2025-06-25,1868.51944522534,1868.51944522534,1812.8126278353416,1844.7020263671875,2552,44.196253850833195
2025-06-26,1866.5263886477896,1866.5263886477896,1809.3247547567726,1815.005126953125,1237,43.09606585979304
2025-06-27,1825.6680174194203,1853.5712403930795,1806.7336875444373,1839.61962890625,2311,48.531521547423814
2025-06-30,1849.2860535544708,1862.540133123699,1830.6507354458186,1848.4888916015625,1369,50.383808249740355
2025-07-01,1881.4745378101593,1881.4745378101593,1803.7441278794429,1809.12548828125,2135,42.89755251027646
2025-07-02,1810.7199016721622,1819.0908930761661,1789.9917440668576,1796.867919921875,843,41.17645310971961
2025-07-03,1787.7994205554648,1813.2112852289122,1787.7994205554648,1803.84375,1045,42.69057951112332
2025-07-04,1800.2562501316659,1809.5241554897405,1782.6174747515422,1790.091552734375,841,42.93445254727116
2025-07-07,1815.7026423997552,1815.7026423997552,1764.8789131119465,1779.02978515625,1365,43.220334270203416
2025-07-08,1803.7441217523801,1803.7441217523801,1764.8789169190416,1786.1053466796875,1246,47.95267648550176
2025-07-09,1786.105378732998,1821.582311246826,1774.6451258200666,1806.6341552734375,895,57.40742955679938
2025-07-10,1822.6784882926781,1829.5546643824573,1785.8063701588187,1788.2977294921875,1222,57.71834901341543
2025-07-11,1802.8471573204133,1823.674944679493,1793.7786341109766,1798.7613525390625,1746,57.732651071478315
2025-07-14,1807.6306047779428,1875.4952050298425,1795.970970737443,1846.695068359375,2973,58.1012930264017
2025-07-15,1855.8634466221702,1880.47802822092,1855.8634466221702,1871.6087646484375,7181,54.87717882133443
2025-07-16,1871.1104725889786,1876.491833030377,1839.0218133229137,1854.56787109375,3197,57.5160828003321
2025-07-17,1845.20030749436,2062.845477897906,1843.4066018069682,1935.088623046875,30292,64.95940725642632
2025-07-18,1939.274111640736,1957.1122688575545,1896.1237191817625,1921.2366943359375,3011,61.223874053047425
2025-07-21,1909.1784444705222,1959.2048889052853,1878.4848502474379,1892.7354736328125,3573,63.347102654910714
2025-07-22,1916.3534931980078,1916.3534931980078,1869.416310283992,1873.9007568359375,1686,62.0442419807545
2025-07-23,1869.7152295822627,1885.759680370597,1837.6265713023945,1844.2037353515625,3318,55.891756576680024
2025-07-24,1861.5436289763281,1892.4364836327875,1840.3171995368846,1874.8973388671875,2904,61.796481409473806
2025-07-25,1865.729106563989,1873.8012080261308,1791.7856110947462,1797.2666015625,6140,52.140357331765415
2025-07-28,1796.7682632526178,1833.9393913458778,1793.778632198953,1808.228515625,1580,52.57300568030973
2025-07-29,1827.6611920902778,1842.6093479688789,1803.7441426845164,1836.829345703125,1920,53.44708845546791
2025-07-30,1855.5643233636529,1891.4398956735838,1846.1967884863802,1876.29248046875,1507,59.58323440160106
2025-07-31,1876.1927359654424,1973.6547564399104,1876.1927359654424,1942.462890625,9426,63.95663069867626
2025-08-01,1938.2774181055565,2329.919076365445,1813.7094606437597,2186.217529296875,364378,73.88865050160388
2025-08-04,2187.313762623943,2341.8777943711652,2093.73840254205,2110.87890625,88709,65.71952329954397
2025-08-05,2142.5690023022967,2180.2384036532985,2013.3173302181197,2018.300048828125,20896,59.78559007233475
2025-08-06,2005.9000244140625,2085.0,1956.4000244140625,1986.9000244140625,10354,53.28970610370427
2025-08-07,1986.9000244140625,2060.0,1981.300048828125,2010.199951171875,6482,55.58165343349037
2025-08-08,2002.0,2015.0999755859375,1941.0,1951.5999755859375,7404,53.55881283262072
2025-08-11,1974.9000244140625,1999.0,1910.0999755859375,1933.0,5316,53.57401919161809
2025-08-12,1947.9000244140625,1969.9000244140625,1929.9000244140625,1945.800048828125,4786,56.27220824759018
2025-08-13,1990.0,1990.0,1886.0999755859375,1907.699951171875,5962,52.006768912291655
2025-08-14,1936.300048828125,1936.300048828125,1878.199951171875,1893.699951171875,2103,56.39759755829721
2025-08-18,1949.0,1949.0,1916.300048828125,1927.699951171875,2768,57.690899261014835
2025-08-19,1906.0,1959.9000244140625,1906.0,1946.5999755859375,3198,57.155789360100115
2025-08-20,1956.4000244140625,2155.699951171875,1934.5999755859375,2018.4000244140625,43264,58.88902548251699
2025-08-21,2030.0,2070.0,2030.0,2045.0999755859375,6022,56.753575534794045
2025-08-22,2031.0,2063.800048828125,2003.0,2018.9000244140625,2848,34.57384250219182
2025-08-25,1997.0,2172.0,1997.0,2131.60009765625,27806,51.78729891992175
2025-08-26,2125.0,2150.699951171875,2101.60009765625,2116.199951171875,4628,59.74127908247868
2025-08-28,2116.199951171875,2116.199951171875,2025.0,2030.5,4142,53.915226491003565
2025-08-29,2050.800048828125,2065.39990234375,2025.0,2026.0,3296,51.468405358566635
2025-09-01,2037.5,2057.89990234375,2001.199951171875,2031.5999755859375,3573,58.2474185288043
2025-09-02,2064.10009765625,2076.5,2043.800048828125,2058.60009765625,1702,62.728009547899816
2025-09-03,2063.699951171875,2080.699951171875,2035.0,2044.0,2388,59.91517205440308
2025-09-04,2047.9000244140625,2149.10009765625,2047.9000244140625,2101.60009765625,6965,68.8362134186631
2025-09-05,2105.800048828125,2170.0,2086.800048828125,2128.89990234375,10926,72.27271235022695
2025-09-08,2159.0,2180.0,2120.0,2136.699951171875,3869,70.82501773399878
2025-09-09,2151.699951171875,2178.0,2101.0,2117.699951171875,9676,67.04521658044244
2025-09-10,2138.89990234375,2141.89990234375,2086.199951171875,2100.300048828125,4219,59.15083822046356
2025-09-11,2119.199951171875,2171.0,2103.89990234375,2117.699951171875,9798,58.28388446500926
2025-09-12,2124.10009765625,2125.0,2073.39990234375,2083.0,3374,57.174833789559784
2025-09-15,2068.10009765625,2083.0,2030.0,2041.800048828125,3340,38.03304097619824
2025-09-16,2025.199951171875,2088.800048828125,2010.0,2063.0,3934,43.01837463755347
2025-09-17,2063.0,2066.10009765625,2040.0999755859375,2051.800048828125,3379,53.47472525196687
2025-09-18,2051.0,2059.89990234375,2024.0999755859375,2037.300048828125,1429,51.785159169782396
2025-09-19,2035.300048828125,2050.0,2004.699951171875,2021.199951171875,2293,48.40978160605021
2025-09-22,2021.199951171875,2046.0999755859375,1971.699951171875,1995.4000244140625,4454,40.300777346605464
2025-09-23,2005.9000244140625,2005.9000244140625,1957.0,1978.0999755859375,4927,39.969543701777994
2025-09-24,1979.5999755859375,1983.0,1950.0,1958.5999755859375,2151,25.378727532658274
2025-09-25,1958.5999755859375,1967.9000244140625,1938.199951171875,1953.0,1300,17.26831147543963
2025-09-26,1949.4000244140625,1950.0,1895.0,1921.699951171875,4541,13.210093161214857
2025-09-29,1912.0,1935.800048828125,1892.0,1919.4000244140625,2052,14.010854745882952
2025-09-30,1900.800048828125,1935.0,1862.0,1918.0999755859375,3555,14.880449580541779
2025-10-01,1919.699951171875,1919.699951171875,1870.0,1875.0999755859375,3201,7.438582544623145
2025-10-03,1900.0,1900.0,1820.0,1826.9000244140625,10965,7.102164101008
2025-10-06,1825.0,1826.0,1789.0,1793.9000244140625,8933,7.302775239609829
2025-10-07,1811.800048828125,1811.800048828125,1765.300048828125,1775.699951171875,4983,0.0
2025-10-08,1799.9000244140625,1799.9000244140625,1758.199951171875,1763.5999755859375,4329,0.0
2025-10-09,1768.4000244140625,1777.0,1750.0,1760.199951171875,4450,0.0
2025-10-10,1740.0999755859375,1763.9000244140625,1735.0999755859375,1741.800048828125,24120,0.0
2025-10-13,1741.800048828125,1755.0,1687.0,1696.0,8755,0.0
2025-10-14,1700.0,1736.699951171875,1682.699951171875,1720.4000244140625,4745,7.960856252548936
2025-10-15,1720.300048828125,1735.0,1717.0,1721.0999755859375,2510,8.724358653416147
2025-10-16,1728.0,1730.0,1701.199951171875,1723.4000244140625,2571,9.634325619526095
2025-10-17,1728.5999755859375,1747.0,1708.0,1713.699951171875,2943,10.426186957058945
2025-10-20,1730.0,1730.5999755859375,1685.300048828125,1690.300048828125,4089,9.651293433529304
2025-10-21,1690.4000244140625,1749.0,1690.300048828125,1734.0,3477,21.789761429738093
2025-10-23,1737.5,1737.5,1705.5,1715.699951171875,3702,23.574264370481814
2025-10-24,1719.0,1719.0999755859375,1673.5,1685.0,2747,25.026392712388827
2025-10-27,1699.0,1699.0,1639.4000244140625,1646.699951171875,11445,24.568061364158822
2025-10-28,1663.199951171875,1663.199951171875,1592.699951171875,1621.5,11509,23.987853917535787
2025-10-29,1624.9000244140625,1625.800048828125,1595.300048828125,1616.800048828125,11310,24.602078068432903
2025-10-30,1626.800048828125,1644.5,1582.800048828125,1595.800048828125,20545,23.189826991327664
2025-10-31,1602.0,1617.5,1581.0999755859375,1603.300048828125,5770,26.58099038381357
2025-11-03,1603.300048828125,1632.5,1603.300048828125,1629.5999755859375,6859,37.97971297990081
2025-11-04,1635.5999755859375,1637.800048828125,1599.0999755859375,1603.699951171875,2149,28.98809055451254
2025-11-06,1611.699951171875,1619.699951171875,1581.0,1591.4000244140625,2178,27.583816326461715
2025-11-07,1581.0,1607.0,1574.0999755859375,1601.800048828125,5225,29.55614232899984
2025-11-10,1605.5,1625.9000244140625,1592.300048828125,1617.4000244140625,11399,34.12462454183337
2025-11-11,1674.9000244140625,1678.0,1624.199951171875,1639.9000244140625,8058,41.66665657486763
2025-11-12,1639.9000244140625,1780.0,1573.699951171875,1683.5,78291,41.64736476555054
2025-11-13,1680.0,1734.5,1680.0,1707.9000244140625,9016,48.73541953387631
2025-11-14,1700.0,1701.9000244140625,1656.0,1679.9000244140625,10207,49.165852398261706
2025-11-17,1679.9000244140625,1686.0999755859375,1645.0,1665.9000244140625,3820,53.41152953700438
2025-11-18,1662.699951171875,1704.199951171875,1656.0,1686.800048828125,3038,61.782764949105776
2025-11-19,1680.0,1699.0,1659.9000244140625,1670.9000244140625,2097,59.382585731869504
2025-11-20,1696.0,1698.9000244140625,1656.5999755859375,1695.300048828125,3316,67.05519654704582
2025-11-21,1688.699951171875,1690.0,1653.0,1671.800048828125,2244,61.13097349205253
2025-11-24,1670.0,1670.0,1626.0,1643.0,2566,52.159900265980994
2025-11-25,1669.0,1669.0,1625.0,1646.9000244140625,3126,57.49480608318315
2025-11-26,1644.5999755859375,1660.0,1631.199951171875,1652.5,2781,60.852566445899456
2025-11-27,1654.800048828125,1654.800048828125,1622.9000244140625,1645.5999755859375,3062,57.87768120956697
2025-11-28,1650.0,1661.800048828125,1633.0,1653.9000244140625,4036,56.741775704643274
2025-12-01,1657.300048828125,1660.0,1635.0999755859375,1646.4000244140625,5028,51.27101975656611
2025-12-02,1646.699951171875,1651.0,1633.199951171875,1646.300048828125,880,41.23470383307332
2025-12-03,1650.0,1650.0,1602.0,1642.199951171875,3627,32.881714096334264
2025-12-04,1653.0,1655.0999755859375,1612.0999755859375,1644.4000244140625,2392,39.31368845603788
2025-12-05,1648.800048828125,1656.0,1624.0999755859375,1653.4000244140625,3731,46.12043032914208
2025-12-08,1638.9000244140625,1639.0,1583.300048828125,1601.5,2760,27.79804865773731
2025-12-09,1593.5,1610.0,1554.199951171875,1603.5,9003,31.08869125376674
2025-12-10,1604.800048828125,1604.800048828125,1581.0,1593.5,1233,18.925559599717403
2025-12-11,1599.9000244140625,1610.0,1581.0,1605.9000244140625,3284,28.42177883335559
2025-12-12,1606.0999755859375,1610.800048828125,1592.0,1605.0999755859375,3190,34.80355735674884
2025-12-15,1613.0999755859375,1613.0999755859375,1580.0,1594.0999755859375,2938,29.969676986740865
2025-12-16,1603.0,1607.300048828125,1574.4000244140625,1587.4000244140625,1928,25.50795935406657
2025-12-17,1596.199951171875,1601.0,1552.699951171875,1599.800048828125,3925,33.45381579237504
2025-12-18,1584.300048828125,1592.0999755859375,1564.0999755859375,1574.9000244140625,1899,24.516169171860554
2025-12-19,1581.199951171875,1600.0,1562.0,1585.9000244140625,7172,30.914855895640443
2025-12-22,1585.0,1598.0,1565.0999755859375,1583.0,2044,30.37819781257663
2025-12-23,1595.0,1600.0,1576.800048828125,1593.0,3670,35.2871131280919
2025-12-24,1596.0999755859375,1606.300048828125,1563.300048828125,1583.699951171875,1219,32.587488890772036
2025-12-26,1587.9000244140625,1597.0,1576.199951171875,1586.5999755859375,1354,30.142695820294122
2025-12-29,1578.699951171875,1588.0999755859375,1569.4000244140625,1583.699951171875,4584,42.533548799370806
2025-12-30,1577.300048828125,1590.0,1561.199951171875,1579.9000244140625,3060,40.24795381106158
2025-12-31,1576.5,1605.0,1567.0,1599.699951171875,3733,52.37001103112045
2026-01-01,1602.5,1605.0,1576.5999755859375,1594.0999755859375,1464,45.24191579511089
2026-01-02,1594.5,1615.0,1589.300048828125,1604.199951171875,3733,49.662406260846
2026-01-05,1604.9000244140625,1605.5,1576.0,1592.5999755859375,3694,49.43988009933376
2026-01-06,1590.699951171875,1603.9000244140625,1570.0,1581.0,1756,47.694514484424154
2026-01-07,1595.0,1644.0,1588.9000244140625,1625.5999755859375,16334,57.54384361853785
2026-01-08,1625.5999755859375,1630.0,1583.300048828125,1589.9000244140625,4762,54.1254169732976
2026-01-09,1577.0999755859375,1599.800048828125,1555.5,1560.5999755859375,2395,43.67814409065787
2026-01-12,1538.0,1557.0,1512.199951171875,1545.5999755859375,5018,41.18754605684385
2026-01-13,1552.0999755859375,1552.0999755859375,1495.699951171875,1514.9000244140625,5861,33.23313669634129
2026-01-14,1514.9000244140625,1529.0,1473.699951171875,1486.5999755859375,6344,30.72646679553762
2026-01-16,1484.0,1535.800048828125,1479.9000244140625,1510.300048828125,4895,36.01027235528705
2026-01-19,1535.0,1535.0,1449.5,1463.0,4053,30.968147756345843
2026-01-20,1464.0,1467.699951171875,1400.0,1410.300048828125,5410,26.830596700565096
2026-01-21,1395.0,1436.699951171875,1386.9000244140625,1414.699951171875,4654,23.616646135912433
2026-01-22,1422.800048828125,1479.0,1422.800048828125,1434.9000244140625,6591,28.20372775776326
2026-01-23,1454.0,1456.4000244140625,1372.0,1379.9000244140625,3037,22.653018762395675
2026-01-27,1385.0,1411.0,1360.300048828125,1404.5999755859375,2849,27.788277210404587
2026-01-28,1411.0,1449.0,1411.0,1436.199951171875,4565,33.664252619471654
2026-01-29,1446.0999755859375,1449.0,1420.0,1439.9000244140625,2343,26.92021766927354
2026-01-30,1460.0,1523.699951171875,1401.0,1483.800048828125,22837,37.07674250487017
2026-02-02,1530.0,1530.0,1476.699951171875,1500.800048828125,2644,42.49122102478346
2026-02-03,1512.0,1529.0,1498.800048828125,1503.699951171875,4342,44.57394106921713
2026-02-04,1515.0,1540.0,1508.5,1527.4000244140625,3480,51.64864109469768
2026-02-05,1521.0,1529.9000244140625,1505.0,1514.800048828125,3724,53.880031830990745
2026-02-06,1546.800048828125,1546.800048828125,1495.0999755859375,1509.5,2726,49.88405089447464
2026-02-09,1509.5,1524.0,1503.9000244140625,1518.0,1650,58.98105956410287
2026-02-10,1516.0999755859375,1560.0,1512.699951171875,1547.300048828125,13077,74.22206088147873
2026-02-11,1539.5999755859375,1544.9000244140625,1525.0,1530.0999755859375,2344,69.5196107297908
2026-02-12,1530.0,1591.9000244140625,1527.699951171875,1584.699951171875,2973,72.69695020383885
2026-02-13,1579.0,1579.0,1543.0999755859375,1564.5999755859375,1550,81.29445781936413
2026-02-16,1569.0,1629.0,1555.199951171875,1570.5,2682,80.02170137546605
2026-02-17,1569.5,1586.4000244140625,1560.0999755859375,1580.800048828125,1301,78.35293317925363
2026-02-18,1593.0999755859375,1593.0999755859375,1566.5999755859375,1581.9000244140625,1340,78.12993613076026
2026-02-19,1593.199951171875,1595.0,1538.199951171875,1571.800048828125,2261,70.12807883974062
2026-02-20,1582.800048828125,1590.0,1550.0,1572.300048828125,3809,67.68925419363568
2026-02-23,1578.199951171875,1598.0,1555.0999755859375,1585.0,2275,69.18357541912314
2026-02-24,1586.5,1586.5,1540.0,1548.0999755859375,5137,54.59794362317112
2026-02-25,1555.699951171875,1575.0,1540.0999755859375,1559.0,3768,59.892551967276
2026-02-26,1558.699951171875,1592.699951171875,1536.0999755859375,1568.300048828125,2388,62.92876230230688
2026-02-27,1572.5999755859375,1572.5999755859375,1551.300048828125,1562.0999755859375,1867,59.79563139465331
2026-03-02,1502.0,1559.9000244140625,1502.0,1542.4000244140625,2001,48.86310402820474
2026-03-04,1501.0,1522.0999755859375,1486.0999755859375,1510.199951171875,3588,45.683294170232124
