Date,Open,High,Low,Close,Volume,RSI
2021-03-04,33.157104303157254,34.45023446404644,33.157104303157254,34.255516052246094,753010,
2021-03-05,34.27548775169406,36.41739409643731,34.2555161441232,34.93952941894531,1002810,100.0
2021-03-08,34.45523173991758,36.052922408018986,34.45523173991758,35.264060974121094,1077350,100.0
2021-03-09,35.139237736725946,35.373899363258424,33.456670754404755,34.530120849609375,1337400,57.87968877933019
2021-03-10,34.53511174016608,35.44879280700405,33.761231929191986,35.159210205078125,855320,69.05262074268049
2021-03-12,35.42382630727257,36.247637018668485,34.954506865656086,35.94807052612305,943870,76.77724146005559
2021-03-15,36.44735365531712,36.44735365531712,35.45877992122296,35.668479919433594,448200,70.53711429148065
2021-03-16,35.52868173983499,38.27970522419508,35.44879530228947,37.09142303466797,1454730,79.15818819922842
2021-03-17,37.20625359169912,37.79041266842716,35.958056622169295,37.291133880615234,743870,79.98034888268178
2021-03-18,37.33606720681549,37.7454756611521,36.122819597994415,36.696990966796875,517530,71.57991559792893
2021-03-19,36.69699084544854,37.60567808544423,34.95450894534806,36.926658630371094,611960,72.68875542087787
2021-03-22,36.13779325118596,37.78541459047905,35.72838484330993,37.34105682373047,579450,74.48496736774553
2021-03-23,37.61067657544163,39.61278201550454,36.996561915679784,38.60424041748047,1049290,78.7459225892088
2021-03-24,38.12492680703675,39.11849048299209,38.05502808465967,38.22478103637695,751450,74.98426056343101
2021-03-25,38.34461130473505,38.87883943968147,36.367464010807915,36.4822998046875,766000,61.49484272171965
2021-03-26,36.851762728613146,38.813928337069434,36.851762728613146,38.47441864013672,957720,66.0762750855123
2021-03-30,38.89881169436372,39.45300763735932,38.27471321750019,39.168418884277344,585930,67.17925029943979
2021-03-31,39.44302480950767,39.92233199565906,38.45445111924893,39.65771484375,788120,73.05792167050231
2021-04-01,39.83744817137257,40.581372372303655,39.23332139781707,40.156986236572266,831440,72.73964647192226
2021-04-05,40.691219678093596,40.691219678093596,38.87883911772909,40.321754455566406,763790,71.09826504500519
2021-04-06,40.94086087672021,41.07067442900145,39.98723655715379,40.39165496826172,524770,73.25463288860708
2021-04-07,40.84100483248839,40.84100483248839,39.94230152450905,40.321754455566406,588310,68.34936098844189
2021-04-08,40.5164731595716,40.61632739041677,39.64772916179549,39.907352447509766,643540,64.50716023268112
2021-04-09,39.91234617230666,40.336732365813724,38.943744137633466,39.49794387817383,561320,65.85638375293641
2021-04-12,39.522911765932506,39.522911765932506,34.360366976233166,36.776878356933594,793290,49.33863984573653
2021-04-13,37.84533415852786,39.47797414100399,36.951624658992,38.334625244140625,619020,53.9847926196778
2021-04-15,38.71407642429564,38.71407642429564,35.913122209630366,37.351043701171875,554670,44.85863829771251
2021-04-16,38.02507400047104,38.14489984200171,36.94662999911051,37.38599395751953,448650,46.458689733078266
2021-04-19,37.38599504780669,38.02008125483777,35.503715654139974,36.91667556762695,815750,52.05481034116251
2021-04-20,37.84533669018108,37.84533669018108,36.82181356899205,36.98158264160156,476310,41.36341888007683
2021-04-22,36.98158047567596,38.81892660767385,36.98158047567596,37.600685119628906,720460,40.850820365546866
2021-04-23,38.86885343305329,38.908796650864325,36.75690626312737,37.05647277832031,348970,34.91602613051276
2021-04-26,37.04149389624514,38.38455122379757,37.031506187499,37.80039596557617,754750,36.71173767896476
2021-04-27,38.18982731649133,39.712628899893836,37.1962637539338,38.13990020751953,1251740,37.93478930390679
2021-04-28,38.429488595952435,39.5778275130977,37.645621057807354,37.70553207397461,536390,35.72182012621313
2021-04-29,38.93376248167553,38.97869574524075,36.84677694629244,37.32608413696289,754480,34.58373168170084
2021-04-30,36.951622483415655,37.51580611684858,36.51225473210287,36.99156188964844,669000,34.87041945182865
2021-05-03,38.74402883772466,38.74402883772466,36.247635177958976,36.74691390991211,908190,35.47701748478761
2021-05-04,36.946627548993646,38.12492570529171,35.94807004766949,36.821807861328125,821860,50.32914777052549
2021-05-05,37.12636951572249,37.12636951572249,36.16276134053054,36.5322265625,588610,33.78251473855033
2021-05-06,36.632082319346246,36.63707236409819,35.953062932024764,36.42238235473633,411270,40.08523400660922
2021-05-07,36.41739151620978,37.44590447347228,36.25262862231985,36.75190734863281,435700,43.63085293892252
2021-05-10,37.34605797554677,37.34605797554677,33.44169768067376,36.3874397277832,752510,44.56965400410517
2021-05-11,36.61710628994028,37.34605670847311,35.968046119037076,36.08287811279297,364700,41.210889409194486
2021-05-12,36.547204070331446,36.80183730702815,35.8182575306144,36.35248565673828,764570,36.89721452483543
2021-05-14,36.77188123751896,37.18128966614313,35.44879176881578,35.94807052612305,238470,38.01289302649481
2021-05-17,36.502272827750794,37.71552044600461,36.247639576977924,37.56074523925781,385320,47.818207959791934
2021-05-18,39.84245134445638,40.012204314777875,38.12493098537012,38.85887145996094,1279400,55.57282993338884
2021-05-19,38.9437447796761,39.84244810596193,38.56429184088933,39.03361511230469,519340,60.72581455116582
2021-05-20,38.95872038999323,39.84244591374904,38.81392909488085,39.013641357421875,539800,64.46911294780256
2021-05-21,39.552865502301984,39.7126345592968,38.399532741157984,39.353153228759766,546550,70.23097038410533
2021-05-24,39.822476640675305,43.40729844076179,39.433039800951406,42.63840866088867,5311790,83.1833612650939
2021-05-25,43.776766890596235,44.52069126243357,40.501499065255146,42.09918975830078,2190440,78.24695159301214
2021-05-26,42.638408714293654,42.638408714293654,40.94086009486282,41.405189514160156,437970,75.0
2021-05-27,41.28536486957942,42.03428306374988,40.41661702172134,41.02573776245117,616110,72.9810794999223
2021-05-28,41.91444764181327,41.91444764181327,40.44157691965185,40.636295318603516,474390,69.27649695083974
2021-05-31,41.3402837858579,41.3402837858579,39.14345643037654,40.45655822753906,699090,70.57038490924651
2021-06-01,41.80960621979642,41.80960621979642,39.24331345727686,40.0571403503418,656910,69.90001371454417
2021-06-02,40.241864693159584,40.79107053182316,39.942298218360754,40.361690521240234,482540,70.00497559976534
2021-06-03,40.641295339770544,41.73970718306368,40.641295339770544,41.47509002685547,595210,75.75617517132267
2021-06-04,42.12914310923827,42.87307125214322,41.83956430478673,42.718292236328125,947130,74.89156129640403
2021-06-07,41.93941650390625,43.861638998496346,41.93941650390625,43.06279373168945,1728000,72.34605912079203
2021-06-08,42.93796904483277,42.93796904483277,41.9394116251855,42.25395584106445,585070,66.03675376331137
2021-06-09,42.25895601811232,42.388769568665374,40.94086033168158,41.2653923034668,898460,60.226780139897656
2021-06-10,41.53999108921987,41.864523043347056,40.441579346691285,40.561405181884766,671650,55.31166736877129
2021-06-11,40.546426621117135,41.969370289433726,40.546426621117135,40.89093017578125,428490,39.620380797440504
2021-06-14,41.734705961519936,41.734705961519936,40.346711743188486,41.10561752319336,474430,43.86176353723656
2021-06-15,41.14057195224509,41.93941723293829,40.62132156749581,41.09064483642578,542850,47.87879037336747
2021-06-16,41.88949041843909,41.88949041843909,40.54143542645236,40.99578094482422,402210,49.789914954748646
2021-06-17,40.471534785537166,41.73470943009185,40.471534785537166,41.430152893066406,274880,55.5324032597062
2021-06-18,42.029284615490866,42.029284615490866,40.24186580655883,40.85098648071289,164390,52.603814371357004
2021-06-21,40.94085936802007,40.94085936802007,40.34172636436109,40.54642868041992,386690,53.270999436913954
2021-06-22,41.435141564976064,41.435141564976064,40.13202374887351,40.76111602783203,678670,52.70272014339204
2021-06-23,40.411628813424066,41.689781370635245,40.047153599646926,40.82103729248047,613940,44.83847350599432
2021-06-24,41.12059651443852,41.18051133335856,39.448013530496624,39.9023551940918,487150,26.57807013814282
2021-06-25,40.631309783286774,42.27893144471577,40.631309783286774,41.53999710083008,1471970,39.576263485587695
2021-06-28,41.73970260677479,42.728276204708614,40.22688860850789,41.255401611328125,983980,42.63627387271821
2021-06-29,40.965824672361954,41.58992313593118,40.965824672361954,41.3702392578125,465480,50.88755600305616
2021-06-30,41.73970592236459,41.91944659081206,41.035724811941044,41.49006652832031,466500,58.72418595216951
2021-07-01,42.03927182711473,42.03927182711473,40.94086003283845,41.360252380371094,552460,54.580874041043565
2021-07-02,41.83956330416378,41.83956330416378,41.04071420849318,41.3153190612793,434400,52.116968558942546
2021-07-05,41.18550619259578,45.73393626010313,41.18550619259578,45.0499267578125,1915890,72.8266253080126
2021-07-06,45.83379363892161,47.032059666474105,45.234656815950565,45.51425552368164,1730180,74.98610934738613
2021-07-07,45.82879956172249,47.830908531222434,45.13480236394777,47.57128143310547,1467290,78.79204540739458
2021-07-08,48.130474355376585,48.130474355376585,45.78386184278893,46.7574577331543,606290,77.0956837891321
2021-07-09,47.431483139976784,50.482076728767716,46.03350106059432,49.13402557373047,2315900,83.1023127933708
2021-07-12,49.53844100557602,51.026289632156754,49.05413998102501,50.0826530456543,961400,84.00721453930073
2021-07-13,50.82658219879996,50.926436432833455,48.9393051783301,49.887935638427734,1089960,82.75606305371903
2021-07-14,50.926433966742465,51.755238544026426,50.30732936548599,50.60190200805664,1769670,89.23468896737258
2021-07-15,51.3158673459866,51.3158673459866,50.0277273062197,50.59690475463867,669420,87.72871967831459
2021-07-16,50.851541907049366,52.823695331909434,50.12758921501897,51.91999816894531,965990,90.88819492058886
2021-07-19,51.67535222288117,56.588253446382225,51.580488038505564,53.47774887084961,1066170,91.79591852859492
2021-07-20,53.82224837363082,54.02695067122154,52.92354514002806,53.6175422668457,613690,91.80721218447778
2021-07-22,54.15177676287479,60.72727747126725,54.15177676287479,58.425601959228516,2150100,94.48203776735237
2021-07-23,60.213019395393566,61.81071375805091,58.41561657044945,61.41128921508789,1933490,95.41863122958418
2021-07-26,62.03039226889372,63.6879976048852,60.926986662962754,61.5211296081543,837320,94.52090473237617
2021-07-27,62.4098467518432,67.05314087385823,62.30999252071815,63.92266082763672,1333090,95.04030118130557
2021-07-28,66.40407104257243,72.59512424279508,66.39908099789596,71.48672485351562,3755020,96.0931383880073
2021-07-29,72.59513224189521,75.89037526799288,71.8961449907301,72.30555725097656,2861550,99.23031336863379
2021-07-30,73.88327096833451,73.88327096833451,66.10450674205104,69.67435455322266,1364520,89.19586416140369
2021-08-02,69.89403445072128,71.89613948115276,68.30133403077294,69.26493835449219,947610,87.37349661213288
2021-08-03,68.90047613458741,68.90047613458741,63.91767571829328,66.14445495605469,1917150,78.4317035168175
2021-08-04,67.65228022338961,68.80062303499236,63.90768906711344,64.30711364746094,989000,73.06335584714913
2021-08-05,66.30422244720428,66.30422244720428,60.01830072676039,60.592472076416016,1237360,64.95369184601203
2021-08-06,60.61244059295069,63.01397014491163,57.936306206709695,62.31997299194336,1197370,65.37268697050665
2021-08-09,62.40983923674045,67.90190508957362,62.40983923674045,64.7464599609375,1716180,66.23973137050848
2021-08-10,65.90479627505509,66.49893921799219,58.914893639821976,60.42770767211914,734850,58.759316480062296
2021-08-11,60.91201174733703,61.91056931696551,54.95561569213538,57.60678482055664,702900,48.89009173879284
2021-08-12,59.41417454975997,60.213019832287536,57.72161979799399,58.89492416381836,605460,46.42451628933249
2021-08-13,58.91988679366923,59.414171693282555,57.4170566783823,58.38066482543945,494480,45.588438609047486
2021-08-16,56.91777965554278,58.400638208671495,55.41994334881797,55.93919372558594,470760,38.79781122418831
2021-08-17,55.04049396502417,58.315765490393645,53.88716115346045,55.12038040161133,653650,21.673021576321304
2021-08-18,55.85931053869825,56.67313741717394,54.52124320793554,54.85076904296875,452500,19.20363821879657
2021-08-20,55.02051914296783,55.804386662529566,51.924992280681984,52.73881530761719,902250,19.562068957951908
2021-08-23,54.421387952733795,54.915672886830855,48.17540924130878,49.887935638427734,863150,17.983810774672833
2021-08-24,49.82802179848821,54.321530640905976,49.3586985448934,53.073333740234375,890200,28.449107804147616
2021-08-25,55.71951216438797,57.16242756177421,53.51769468276195,55.77443313598633,1375410,36.321417646934364
2021-08-26,56.25873433736661,57.71662749327163,56.01907884157646,56.867855072021484,974750,43.48130006265092
2021-08-27,57.41706372244935,58.31576711308745,55.81937303819835,56.3336296081543,603700,39.06621317429886
2021-08-30,56.39852832545286,57.41705745391258,55.41994241203736,56.1788444519043,544020,32.93557478559195
2021-08-31,55.44491253167811,56.86785635671711,54.700984373461885,55.89426040649414,560750,39.24171594312054
2021-09-01,56.81792492611918,56.81792492611918,54.92066409726313,55.5797119140625,403580,44.5400740491251
2021-09-02,56.40851676122155,57.112497841779465,55.48484799508747,56.398529052734375,654470,43.10154391582558
2021-09-03,56.71806524786236,65.46043722843217,55.370014146309614,55.644615173339844,456180,42.538123517095116
2021-09-06,56.10396043634566,56.10396043634566,54.825804111052676,54.935646057128906,381990,46.977451929727486
2021-09-07,56.30865804890924,56.30865804890924,54.1517739540328,54.671024322509766,398160,48.59986021899025
2021-09-08,54.14179407354856,55.330076241467104,53.95705954698013,54.53123092651367,372410,48.99623707235074
2021-09-09,53.472757719582674,56.41850334641126,53.472757719582674,56.183841705322266,688320,61.14342192449166
2021-09-13,57.896372438430596,59.813605118753735,55.694554787707204,59.234439849853516,1374020,79.84694809830211
2021-09-14,60.382772283745936,61.910564015508996,59.913449047266774,61.321414947509766,1949310,78.32647066915234
2021-09-15,61.910573737733465,67.10307042321955,61.73582691240953,64.9461898803711,2577080,79.61948721764534
2021-09-16,67.20292231977982,67.20292231977982,64.9062370387455,65.33561706542969,729150,78.64864216071054
2021-09-17,65.33562024218335,65.63019288849932,60.517579342820554,61.416282653808594,672570,63.99119692686305
2021-09-20,61.21157893559997,61.21157893559997,56.65316495097523,59.059688568115234,819230,57.07283220103732
2021-09-21,58.465541495138375,60.7971723686352,57.516911098045334,59.748687744140625,301390,59.27884328409608
2021-09-22,59.62886465258837,60.63241606367805,58.99977232527299,60.218013763427734,354220,61.08328825830643
2021-09-23,61.710856001058595,62.11028054585558,60.21301967186206,60.357810974121094,289570,59.778064092123714
2021-09-24,61.41129108220333,61.41129108220333,59.30932783641178,59.60889434814453,179060,59.792822750447236
2021-09-27,60.812158924507465,60.812158924507465,57.996226817579036,58.95983123779297,185880,59.97031539327567
2021-09-28,59.56395720631959,60.02828660248333,57.60678158479392,58.33073806762695,285320,58.906448553500034
2021-09-29,58.31575999977606,58.51546845405086,56.27870176893853,58.10606002807617,282550,58.66407301667135
2021-09-30,59.404190765946296,59.404190765946296,58.1360222109412,58.34571838378906,140730,55.62483784708168
2021-10-01,58.40063899593248,58.830019047717364,57.616771470547484,58.39564514160156,151320,47.41377181065965
2021-10-04,57.52190594188339,59.51902099783293,56.41850033057462,58.640289306640625,260660,40.673848145454
2021-10-05,58.71518562232688,60.41273428983052,58.47054007896743,59.55397415161133,901180,26.883522495905865
2021-10-06,60.018304347617715,60.85709288757333,58.13602493961226,58.495506286621094,208430,22.26723640871961
2021-10-07,58.05114304528081,59.4041919137978,58.05114304528081,58.879947662353516,172520,35.58456774625492
2021-10-08,59.558964565282956,59.56894846457608,58.08109987224623,58.27082443237305,134250,44.405076003696834
2021-10-11,57.751575652694754,59.668808151474686,57.51691401628105,57.886383056640625,329190,36.19546099772088
2021-10-12,57.916339277480375,58.43558967293358,57.41706049060554,57.78652572631836,123390,30.93187888302812
2021-10-13,57.916338143196796,59.568949676443964,57.62176549312334,57.89137268066406,171950,30.55118053391442
2021-10-14,58.21590561194435,58.21590561194435,57.217348041210506,57.332183837890625,193680,31.493514950281494
2021-10-18,58.51547102318868,61.311435216128565,57.941303478147766,60.95195388793945,722530,60.91954311398606
2021-10-19,61.91056919316588,64.906241896061,61.54110395971669,62.309993743896484,1041840,70.19769044889867
2021-10-20,62.80927140860131,63.22866375112054,58.92987319432463,60.22300720214844,518800,59.03668214399353
2021-10-21,60.9070161275749,62.40984629288202,59.22444910940342,62.01042175292969,1102200,63.817771344276935
2021-10-22,62.909126942653536,63.63307965760138,60.951955018644405,61.486183166503906,248240,61.25047422836171
2021-10-25,61.511141301206656,61.52112900948955,58.91489329006795,59.24441909790039,284660,51.92003431520768
2021-10-26,60.11316820444698,60.188060786189546,58.41062567022532,59.22944259643555,124940,48.90608991371543
2021-10-27,59.91345382831764,63.90768408353882,58.700206235926416,62.449790954589844,518360,61.63337113141972
2021-10-28,63.50327178230509,63.50327178230509,60.21302250997124,60.91700744628906,422590,55.613658817189815
2021-10-29,60.91201102965988,61.615995936366986,59.14955754950236,60.90202713012695,157240,57.496459105164355
2021-11-01,61.51114200980443,62.909124068334165,60.422714155301975,61.29146194458008,365670,59.69852065727607
2021-11-02,61.90557733700543,61.91057119157934,60.572503855393535,60.91700744628906,200090,58.77907281509256
2021-11-03,61.7907441465055,61.7907441465055,58.06113097395187,60.01830291748047,701140,55.71046696695774
2021-11-04,60.82214004042808,61.3114349145442,59.41916790571947,61.04681396484375,88620,59.728029794443906
2021-11-08,62.11027914189703,62.9091244042389,61.091750003963135,62.15521240234375,333390,53.628417857649815
2021-11-09,62.78929943391185,64.34705057387727,62.21013422997269,63.103843688964844,910690,52.45445292200708
2021-11-10,62.90912537393367,63.293568352950906,61.56107421102727,62.23509979248047,735780,56.72788359005495
2021-11-11,63.30854906489784,63.30854906489784,61.73082633561487,62.24508285522461,155260,50.89049006122472
2021-11-12,62.40985061168984,62.704423278163425,61.91057180679632,62.05036926269531,172240,52.19588705831488
2021-11-15,62.859199460849496,62.859199460849496,62.295011998899035,62.49472427368164,264760,64.70856922684929
2021-11-16,62.90912609549424,62.90912609549424,62.35992020094396,62.45478057861328,142380,64.56267854503942
2021-11-17,62.50969929728194,62.80427574678813,61.086755591551096,61.43125915527344,586310,44.263188337041825
2021-11-18,61.211577648304925,62.14523033794269,60.19804233467175,60.67235565185547,312650,48.490414861695506
2021-11-22,61.411286839304275,61.88061008775018,56.6931041302063,58.47053527832031,280040,38.185307617109665
2021-11-23,57.42704289400992,60.71229814025427,57.42704289400992,59.8135986328125,484560,43.42806620297128
2021-11-24,59.813595648801936,61.13169124131451,59.3143168998443,59.80360794067383,317050,44.882937538285354
2021-11-25,59.913454177759355,60.90202784773811,58.919890462552736,59.2044792175293,124160,46.15384615384615
2021-11-26,59.114611809565716,60.41273595249098,56.97270525960127,57.84644317626953,295790,35.33182506407813
2021-11-29,56.912788675594676,57.516915559381054,53.15821381982963,54.85576248168945,228850,21.46761067499618
2021-11-30,56.9127814293756,57.95627595701638,55.32008486915775,55.89924621582031,186680,22.045662570853764
2021-12-01,57.671690484253666,57.69665213667199,55.27015706464423,55.72450256347656,129860,23.30052100085227
2021-12-02,55.474864907584816,57.4170590345393,52.96349328276265,55.74946975708008,248430,23.394667139987575
2021-12-03,56.68811572135656,56.68811572135656,54.47131661820346,54.935646057128906,181510,22.265448878472995
2021-12-06,55.22023065889518,55.93419944536468,53.722394363576896,54.07189178466797,247230,18.20579479501187
2021-12-07,55.59968505765011,55.59968505765011,53.92210805778349,54.19171905517578,162240,18.995873200536806
2021-12-08,55.40996030523506,55.40996030523506,53.62254137073188,54.05691146850586,246670,20.353262728227193
2021-12-09,55.12037747043479,55.514808159420326,53.97203476532781,54.51625061035156,295610,24.640073870972202
2021-12-10,55.22023284736623,58.71518434161973,53.67746323045928,55.050479888916016,230350,33.66716278968089
2021-12-13,55.91922449070505,57.971260622733475,55.91922449070505,56.777984619140625,459160,36.01655869099323
2021-12-14,55.91922127815708,57.71662405740177,55.91922127815708,57.182395935058594,254660,38.348861176571134
2021-12-15,56.61321805644426,58.155991399215466,56.168860266626076,57.506927490234375,161170,42.265673203432286
2021-12-16,57.91633505616289,57.91633505616289,56.71307143908267,57.19737243652344,529870,46.73033937597619
2021-12-17,56.43847003554785,57.8014988821331,54.92066218709214,56.01408386230469,236450,57.13404333800875
2021-12-20,54.905687722602096,55.39997264531555,51.95994217611758,52.82369613647461,700090,35.0194893779267
2021-12-21,53.92210796250519,53.92210796250519,50.44213427434272,51.270938873291016,468010,30.874804361850224
2021-12-22,51.09619226524348,52.17963019231339,49.47852996594504,50.76667022705078,521820,29.448112033436573
2021-12-23,51.39575724824934,52.2345457251677,50.5270094552018,51.2409782409668,208720,34.322001660820334
2021-12-24,52.124702692570914,52.44923464459159,49.63330277605773,50.15754318237305,501920,33.693816756361116
2021-12-27,51.625424338109376,52.16963635590616,49.433590895264416,50.7466926574707,321990,36.188928239678006
2021-12-28,51.82513651740704,52.72383599478731,50.87151226280843,52.529117584228516,315870,44.589808195136605
2021-12-29,52.42427275364934,56.51835729263735,52.42427275364934,54.68101119995117,343010,50.52099379043821
2021-12-30,55.36002810365374,56.418500456988745,53.52268209569552,54.07189178466797,620630,46.92016766670085
2021-12-31,54.41140262534263,55.614662493412574,53.32297474247872,53.64750289916992,162770,39.2673512269012
2022-01-03,53.1432363288989,54.381445611314305,53.1432363288989,53.437808990478516,192010,36.9882050655308
2022-01-04,54.30156105612087,54.920665675341084,53.442800946998915,54.556190490722656,234980,40.28279364626322
2022-01-05,54.52123880512489,55.91922085005409,54.1367958378264,55.6346321105957,465980,45.10172286184702
2022-01-06,56.118938460147106,56.258735916116535,54.56618107141028,55.799400329589844,235460,49.28119761739451
2022-01-07,56.46842936163308,62.809272164993416,55.9242173188301,62.040382385253906,2549120,75.62466578468823
2022-01-10,62.90913007086467,64.16731480543118,61.60601207180402,62.22511672973633,1039080,82.96276076259096
2022-01-11,62.39986634188451,62.70941676119945,59.913456232202336,60.7772102355957,394400,78.5044201243887
2022-01-12,61.75579470831012,62.285029006375844,60.8371197546091,61.251522064208984,390840,78.50442479414106
2022-01-13,62.90912303536839,62.90912303536839,61.00687220062214,62.39986038208008,440250,84.73089495052776
2022-01-14,62.90912084165155,62.90912084165155,60.97691075877653,61.46620559692383,321590,79.82772866266593
2022-01-17,61.72084201800309,62.29500954776835,60.148113153615355,60.69731903076172,197840,74.08717140971787
2022-01-18,61.39631167986452,61.695878183555664,59.31931014377569,59.99333953857422,388080,67.12815859211591
2022-01-19,58.690220729267885,60.4976074323806,58.690220729267885,59.31930923461914,202250,66.84834809933866
2022-01-20,59.67878877357807,61.41128665703214,58.92987064361426,59.568946838378906,620070,69.22828035785113
2022-01-21,60.902027051736646,60.902027051736646,57.54687305216347,59.2593994140625,496640,68.78223149050005
2022-01-24,59.25440373770192,59.45910604972477,56.91777897479012,56.99766540527344,499390,57.335742445658575
2022-01-25,56.22877683220224,58.39564488036728,56.22877683220224,57.25728988647461,299340,55.12780886076499
2022-01-27,57.11749482179146,57.94629563943249,56.71807026272921,57.13746643066406,189570,54.24050798182546
2022-01-28,57.41705577478458,59.249407857912324,56.418498283049196,56.51835250854492,146640,22.812140681409858
2022-01-31,57.91134494254857,58.71518408748321,55.91922366602112,56.14889144897461,205970,20.618007498020717
2022-02-01,56.46842847877968,56.80793819687356,55.61965608814235,55.65959930419922,109290,22.72479787840946
2022-02-02,56.917779029283444,56.917779029283444,55.12037624282922,55.48984146118164,216650,18.261783185189856
2022-02-03,55.95916493086913,55.95916493086913,54.42138541948789,54.710968017578125,173120,5.848601395690949
2022-02-04,55.40995903925862,55.40995903925862,54.03694243492598,54.39142990112305,53570,6.292391155773217
2022-02-07,54.39143443237622,55.01553294088359,53.22312004366904,54.29157638549805,246190,6.859425955965051
2022-02-08,52.918555591200594,54.915670664614126,51.92499190875188,54.0219612121582,175360,7.285682242745835
2022-02-09,53.82225610546193,58.415619536815605,52.01985933467587,56.94773864746094,586400,37.16911653925072
2022-02-10,58.31575991019291,60.312874923429725,55.424935471429265,59.568946838378906,603780,50.0
2022-02-11,58.805052102466185,59.51402703178936,56.72805442896265,57.317203521728516,175460,42.83608899580157
2022-02-14,57.9163343543703,57.9163343543703,55.83434290428626,56.703086853027344,153540,48.7630856130176
2022-02-15,57.417057046460904,57.417057046460904,56.024068857534715,56.50337600708008,208640,46.81836095216385
2022-02-16,57.222341105955095,57.32219533797253,56.00409966752951,56.10894775390625,55750,45.75780766672183
2022-02-17,57.04260461278895,57.147452706833775,55.0804387175042,55.330078125,78440,45.1626338588143
2022-02-18,54.91067904794653,56.093967257192425,54.46132740745048,55.04548263549805,132220,45.476861393539274
2022-02-21,54.925661343661375,56.95772588839151,53.92210989842173,53.98701477050781,171710,43.449350938065116
2022-02-22,55.669578404345316,55.669578404345316,51.390759839894805,53.20314025878906,293960,41.45520821127913
2022-02-23,53.12326068123212,57.11749075035943,52.78874482714942,53.25806427001953,145700,44.26034786026275
2022-02-24,53.09829877174164,53.12326423502166,50.10761987398948,50.47708511352539,917450,37.05416619565919
2022-02-25,51.92499391729511,57.03760763642345,50.931430196413736,53.99700164794922,236650,49.20549377171566
2022-02-28,53.54764499934738,55.819364795724766,52.224555573188944,55.24519348144531,773820,53.13379251411151
2022-03-02,55.61965625053629,55.919222753447954,53.74736084584495,54.83578872680664,98870,43.7885400873005
2022-03-03,55.81936501085555,57.81647998356316,54.62109526539208,55.69953536987305,929140,37.307553606201225
2022-03-04,55.819362773540966,56.3535908549599,50.24241654079858,51.520572662353516,695660,33.12007255176667
2022-03-07,49.73315528090214,52.41428346901783,49.73315528090214,51.32086181640625,109510,33.93920173535001
2022-03-08,52.424272851638335,52.424272851638335,50.182512155319024,50.89148712158203,133090,33.48030255356775
2022-03-09,50.82158628018725,52.7188433141293,50.82158628018725,51.83012771606445,702270,37.795484294261854
2022-03-10,53.32297489999532,53.32297489999532,52.02984088696065,52.18461608886719,147810,40.80558049582899
2022-03-11,52.23454563065977,52.90357734561785,51.186057179512844,51.79018783569336,184940,40.545240046285734
2022-03-14,52.13469198198179,52.69887947036163,50.82658394880727,51.5555305480957,297880,42.583003811369224
2022-03-15,52.069781169169694,52.324414397630775,50.57693877684036,50.98634719848633,252550,43.1481528207912
2022-03-16,52.82369530473093,52.82369530473093,50.676795073505524,50.96138381958008,202980,42.88805827515795
2022-03-17,52.27448911581907,52.49417300793604,51.32586243810299,51.96992874145508,408960,55.19278344551147
2022-03-21,52.62398099102448,53.02340170534976,51.5255654559422,51.67035675048828,656910,39.57023447973953
2022-03-22,52.25451656296797,52.25451656296797,50.831569057428815,51.61543655395508,270990,31.779422628911604
2022-03-23,51.475639452444184,52.314427922561684,51.12614584372633,51.2459716796875,108690,31.907364376705587
2022-03-24,51.42571536647234,53.922109316301096,51.02629081082179,52.89858627319336,297890,36.92309500690666
2022-03-25,53.402854491789824,53.77231969916992,51.300891417340814,51.58048629760742,188330,50.381680502362116
2022-03-28,51.58048753505954,52.244529200818114,50.472088077133414,51.2459716796875,209000,49.530967336863505
2022-03-29,51.580487929137746,51.72527922791126,50.32730097316454,50.60190200805664,260020,48.23384125161288
2022-03-30,51.52556890245607,51.52556890245607,50.546982944489464,50.76167297363281,95680,42.79948357852727
2022-03-31,50.377225152796996,51.355811016865886,50.03272160650332,50.31731033325195,269670,37.566491557204195
2022-04-01,50.81159856230913,51.70031796940491,50.32730135689164,51.510589599609375,466440,48.31729875196118
2022-04-04,52.21956622976882,53.30300408685896,51.33085060304567,52.768775939941406,299330,56.500773237282665
2022-04-05,52.92355037587664,55.025513570494404,52.524125830494,53.462772369384766,227800,63.09396642419627
2022-04-06,54.37645055945368,54.41139991962995,53.13823758184733,53.86219024658203,179100,64.75364257889424
2022-04-07,52.718846786185274,54.31154738083151,52.718846786185274,53.1582145690918,128360,56.23690558566871
2022-04-08,53.87217797888986,54.24164318794668,52.663924316032016,53.26805114746094,156430,58.5561652454944
2022-04-11,53.67746103856715,53.67746103856715,51.026288208790255,52.47419738769531,312790,54.2616528668413
2022-04-12,51.72528201391427,56.41850341370769,51.40075003774866,55.90924072265625,1301610,67.7431752998688
2022-04-13,56.38854525615378,56.91777953109712,55.135354482359496,55.84932327270508,520350,62.775606443182156
2022-04-18,55.61965846531883,59.02473969120716,54.42138859676215,58.46055221557617,284070,76.78850135608425
2022-04-19,58.93486833343588,60.812157634634374,58.91489672490033,59.613887786865234,601870,80.62865282735714
2022-04-20,59.913453163575234,61.11172298868569,58.675240122148985,60.038272857666016,543870,85.10400554015048
2022-04-21,60.51258713154022,63.11383294975119,59.95838737624942,61.715850830078125,987680,86.61548066001336
2022-04-22,61.45122979839238,64.40695910025961,60.95195104567719,63.178733825683594,897350,90.25001593743262
2022-04-25,62.414844950769535,63.97758625090586,60.33784327787748,60.7672233581543,312010,76.91641126496222
2022-04-26,61.97546888502406,64.40695773033994,61.71085176118448,62.8292350769043,417300,77.9473130601699
2022-04-27,63.208692352166544,64.05746855785567,61.71085602245078,61.955501556396484,249230,73.35899728041902
2022-04-28,62.11027532795803,65.50037839200628,61.541097875415645,64.53177642822266,618180,76.20802872515269
2022-04-29,64.70653267238642,66.87340074036669,60.47763700430682,61.13169479370117,1054020,67.29479660121089
2022-05-02,61.5910319028682,63.80783095170444,59.913454861996705,61.98046875,676150,68.31062158245419
2022-05-04,62.664482578531235,63.54321051443089,59.43914202243057,60.4227180480957,748760,66.18546091958183
2022-05-05,60.512586296753355,61.4112896197446,60.013307519357056,60.44768142700195,631700,60.732001475765784
2022-05-06,57.92133056325403,60.08320471956012,56.91777917956612,57.77154541015625,673310,54.044970139086566
2022-05-09,57.41705944548684,60.84710602019257,55.819368880246856,59.534000396728516,652650,52.34255878499087
2022-05-10,58.28580286942989,59.214461691562825,56.428485225163996,56.89281463623047,594350,44.42396713944956
2022-05-11,57.0326180957599,58.21590639511339,52.42427316878216,53.717403411865234,615750,38.359677669083375
2022-05-12,53.043372652021,53.59257850812689,51.016302172003364,51.815147399902344,829100,31.916805642570324
2022-05-13,51.999882162867095,55.81936533198268,51.999882162867095,54.41638946533203,666740,34.634898600856914
2022-05-16,55.419946900991185,56.6082290758464,51.57550165766347,52.1546630859375,650900,34.817797920315016
2022-05-17,52.76877456075661,55.419943617573914,52.20458711126965,54.88571548461914,627540,36.31986385730455
2022-05-18,53.822252912978634,57.86641018688492,53.822252912978634,55.38998794555664,646680,38.54729034629556
2022-05-19,53.23809504940519,54.820811680243075,53.23809504940519,53.77731704711914,613100,30.587602940101092
2022-05-20,54.68600577410996,55.4598894295742,54.421388622389706,54.58115768432617,559090,36.95306371845099
2022-05-23,55.32008937160794,55.40995970279006,53.43281241678351,54.246639251708984,560260,34.274110163148066
2022-05-24,55.275150069404425,55.275150069404425,52.43425275710267,52.67390823364258,575210,34.25324252485926
2022-05-25,52.908570231832655,53.922105494149704,51.6953227058465,52.943519592285156,565950,34.90054182923207
2022-05-26,52.26949637593362,53.40285752352313,51.635410196081146,52.18461608886719,559220,37.81842130040419
2022-05-27,52.5141416826981,54.32153221867636,51.725280304354435,52.64395523071289,573420,34.07203012425373
2022-05-30,52.73882002411917,52.73882002411917,50.95140475574818,51.77022171020508,670400,37.104090388153466
2022-05-31,51.43070718792247,52.02484633424325,49.20392432980196,50.41217803955078,822910,40.84117687724453
2022-06-01,50.427157286474994,50.856537346323144,48.43004214641658,48.65970993041992,506480,41.1830491094888
2022-06-02,48.729606680842345,50.3622503748271,48.23032791606077,50.00776290893555,442170,36.75369280950611
2022-06-03,50.72672823667511,50.72672823667511,48.23033409304744,49.019195556640625,310370,39.79858401649416
2022-06-06,47.93076359813173,49.11405569577076,47.93076359813173,48.51991271972656,267010,25.769696413538085
2022-06-07,48.92932007690072,49.22888658083871,47.48141086380654,47.71107864379883,279850,21.43389911709579
2022-06-08,47.93076422162772,48.17540976410104,45.993563872313764,46.73249435424805,363990,22.495152137974173
2022-06-09,47.151887698190194,47.151887698190194,44.93508876675467,45.3045539855957,578040,15.46469875486899
2022-06-10,45.209697608355924,45.91367874717027,44.071338725881525,45.11982727050781,456020,15.639122018838506
2022-06-13,43.83667494870496,44.93508665435586,43.83667494870496,44.09629821777344,366050,16.313744619128528
2022-06-14,44.810268487316286,44.810268487316286,42.43869438910178,43.0278434753418,116200,13.357949933590433
2022-06-15,43.18761014375785,44.43081311484766,42.433698194905105,43.147666931152344,312710,14.949644877578791
2022-06-16,43.19260853241919,43.61200088122577,41.24542051920127,41.7696647644043,304860,10.629050168221823
2022-06-17,40.451564539941316,41.939416960539475,39.542877324830755,39.95228576660156,378210,9.949216450239959
2022-06-20,40.940860517596796,40.940860517596796,39.26328348921334,39.80250549316406,368340,10.836694967855607
2022-06-21,39.52290605527162,42.43869200711162,39.28824444293766,41.63984680175781,354670,24.2490486554956
2022-06-22,41.63985095710289,41.63985095710289,39.69266295591705,39.99222946166992,301260,14.050136514378508
2022-06-23,40.09707749634235,41.240426356608495,39.67269129630866,40.58637237548828,242470,18.849095070956423
2022-06-24,40.90591400746377,42.388772717138025,39.84744153432509,41.68478775024414,448070,25.821250843050734
2022-06-27,42.40374817009986,50.01774978637695,42.398754315580184,50.01774978637695,1197100,55.32504546737076
2022-06-28,51.42571292080198,52.82369498989971,48.68966360586316,50.73670959472656,2607760,59.35604768863023
2022-06-29,49.97780449278443,52.124704743683914,49.059133377456575,50.36225128173828,730490,62.42946671729032
2022-06-30,49.92787408491331,50.9963302855949,46.43292289896938,47.111942291259766,226400,54.254624212514734
2022-07-01,48.79950602268826,48.79950602268826,46.25817890610124,47.03205871582031,82460,56.533340758690386
2022-07-04,46.527788173176965,47.93575410312426,44.66547674995574,45.77387619018555,417370,56.059940762331415
2022-07-05,46.27814759901074,47.356587695918115,45.43436531002518,45.83378982543945,310990,55.9434473954798
2022-07-06,46.15831768129214,49.828019443158574,45.82879569587229,48.624755859375,481210,64.27530667719071
2022-07-07,49.42860113806791,50.48207970948354,47.53134017676713,49.738155364990234,439890,70.99401517116873
2022-07-08,50.31232293691487,50.38721551866002,49.09907530206722,49.738155364990234,341730,71.4532158025129
2022-07-11,48.77953669994646,51.41073808016317,48.77953669994646,50.01774978637695,407210,69.39436739369519
2022-07-12,49.83301371379592,50.92643545876467,48.78452903971914,49.4885139465332,481320,73.18380947768783
2022-07-13,49.69820927123056,49.977804163760126,48.939303406943544,49.178958892822266,238100,71.27316466249871
2022-07-14,49.92787954825613,49.92787954825613,45.544212333390426,45.86375045776367,655580,59.322785964921835
2022-07-15,46.33306976322956,47.34660502149862,45.534220711743686,46.687557220458984,275430,38.827461262969514
2022-07-18,46.827357860305206,51.72528153874435,46.827357860305206,51.35082244873047,1892770,51.62913857423203
2022-07-19,51.101180446338375,51.70530729027942,50.646838754433304,51.29090881347656,671800,52.50538451531951
2022-07-20,51.32585924213662,51.92499224435514,50.93641860058039,51.1411247253418,336140,63.054035107840825
2022-07-21,51.18106684059025,52.62398215469094,50.63186096550188,51.885047912597656,503070,65.07443954094944
2022-07-22,51.974922988364696,54.321535664140654,51.92499586955989,53.92710494995117,877500,74.14966801155394
2022-07-25,53.92210627591593,55.26516736413797,52.65893161799756,54.12181854248047,724850,74.35446008073998
2022-07-26,54.42138625271684,55.844329993815904,53.223116435772205,55.0205192565918,542300,71.1455954112114
2022-07-27,55.02052130079814,55.02052130079814,53.71740335021969,53.992008209228516,153030,64.14342578950999
2022-07-28,55.32009045988722,55.32009045988722,52.9485162500768,53.45777893066406,112750,61.9429249208216
2022-07-29,53.72239661252235,54.321533441247745,52.254519571914045,53.54265594482422,382720,61.46103647232965
2022-08-01,54.421382756655255,54.421382756655255,52.70885652304594,53.41783142089844,131930,63.12101944904933
2022-08-02,51.92998979181181,54.311548025576435,51.92998979181181,53.65250015258789,102150,65.01341169024168
2022-08-03,53.47775029824727,53.922108106612484,52.57405692762508,53.278038024902344,93390,81.00205158536092
2022-08-04,52.159655033136595,53.31798165652168,51.92499339581893,52.314430236816406,42230,73.25627337962985
2022-08-05,53.303002950434866,53.92210756329071,50.9214410665738,53.19316101074219,501940,61.08106446206964
2022-08-08,54.25662083480082,54.25662083480082,52.594021683507584,53.497718811035156,148930,62.89378853635835
2022-08-10,52.89859057273017,52.89859057273017,50.63685807982548,51.57051086425781,314730,52.07732542667287
2022-08-11,51.625425022868164,52.324416055165905,50.39220586480183,51.2409782409668,222120,46.75390393236759
2022-08-12,52.12470956557206,52.22456380588585,50.16254365076488,51.03628158569336,159670,32.11859023668778
2022-08-16,51.29090934655572,53.51769218751986,51.02628840064927,52.92854309082031,138460,43.899951481983585
2022-08-17,53.048367668908476,53.92210548933756,52.23454467033316,53.857200622558594,268350,44.07124990619589
2022-08-18,54.02195986640499,59.61388421817802,52.83867165276924,57.646724700927734,2072100,64.5353304009671
2022-08-19,58.31576226147234,60.81215612867244,58.091084527907476,60.407737731933594,1908420,73.48177668023416
2022-08-22,60.11316639014431,61.81071501856332,57.51691442632851,59.159542083740234,1608830,67.59462154845929
2022-08-23,58.121043219356025,59.70375599992885,56.80294376719405,58.680233001708984,167150,66.12608606505157
2022-08-24,57.4220508111664,59.813596510219114,57.4220508111664,59.19948196411133,248390,66.70676451921412
2022-08-25,58.825026821372745,59.234435276359115,57.46698790458045,58.01120376586914,79660,63.58947522677583
2022-08-26,58.59036653714719,59.10462309272036,54.915674256948975,57.08254623413086,487210,63.71735122844916
2022-08-29,55.320090542915075,58.725171682164586,55.320090542915075,57.976253509521484,205540,63.74858962423971
2022-08-30,58.116048370503776,60.113163408602226,56.76799343427054,58.87495040893555,781310,64.94589886347853
2022-09-01,60.40773638879757,61.40130386847195,58.27581774965652,60.971923828125,952040,75.88672595819342
2022-09-02,61.81071562126037,61.81071562126037,59.9683756703303,60.887046813964844,176550,76.92312278791238
2022-09-05,60.8870462202742,61.41129046745479,58.64029169097707,59.159542083740234,162520,70.89648670099395
2022-09-06,59.01475150085978,59.80361290388863,58.255849415507065,58.740150451660156,72930,66.17567364398437
2022-09-07,58.820029580137565,59.85353646243657,57.41705748148869,58.05113983154297,134620,61.83098446046374
2022-09-08,58.999770304276296,59.279369000836105,58.01619053511647,58.09607696533203,81390,51.60714826585706
2022-09-09,57.1274746302916,60.612442040479856,57.1274746302916,58.78507995605469,822960,43.186571056229646
2022-09-12,58.315758997390965,59.07965486852584,57.362134765083816,58.300777435302734,415310,46.14692880513031
2022-09-13,58.300779926655956,62.8092703908515,58.01619118193083,61.376338958740234,931280,59.81104961883985
2022-09-14,61.80571864371229,62.30999126185377,60.90701534496458,61.426265716552734,433700,58.38976931576593
2022-09-15,61.9105708693685,62.50970390249087,61.341393345143764,61.65094757080078,129860,64.78701235824562
2022-09-16,62.30999324734992,62.30999324734992,60.18306457866927,60.35281753540039,189100,62.89874401240761
2022-09-19,61.111725873526986,61.46121950980147,59.41917104649279,60.91700744628906,180830,61.908598803549616
2022-09-20,61.861417444376,61.861417444376,60.082524378063106,60.867034912109375,78580,58.662394961537736
2022-09-21,59.19807863003386,61.35673212020734,58.59845033079042,59.05816650390625,201300,41.46433422895892
2022-09-22,61.45666876203845,62.32612923114065,60.40732399525669,60.80207824707031,456820,49.6698812022881
2022-09-23,61.46166367671998,61.46166367671998,59.06315820343244,59.86765670776367,307890,52.93183377493737
2022-09-26,58.313624316442976,60.66216166342701,57.72898990805423,59.9326171875,334880,55.086500348214344
2022-09-27,60.03755199108414,60.16747202082603,56.999446111749556,58.28864288330078,224720,50.936759552209075
2022-09-28,58.288646933703255,58.59845127158271,57.06440818579256,57.65903854370117,145840,48.35222966121806
2022-09-29,59.762721413280076,59.762721413280076,58.273652376910334,58.83829879760742,133750,50.19349820510339
2022-09-30,57.47415016765924,60.062535875338185,57.1543499407299,58.71337890625,158720,51.54043329412974
2022-10-03,58.833300157464585,60.12249690357695,58.833300157464585,59.662784576416016,395010,42.39517243667751
2022-10-04,59.48289858437799,61.16185165907442,59.48289858437799,60.82206344604492,523280,47.55889308374617
2022-10-06,62.25117447746872,62.46104266586937,61.466663934078184,61.98134231567383,480180,51.24113581890087
2022-10-07,62.16122930010882,62.70089361394536,61.51163294319601,62.071285247802734,381350,57.09993872270891
2022-10-10,61.96135332563427,61.96135332563427,59.46291165927805,60.377342224121094,417560,47.96071754143288
2022-10-11,59.5578548707679,60.0675353036237,58.963224522169874,59.41294479370117,186120,44.86048043689712
2022-10-12,60.257412743439055,60.76209901462912,59.163097913843885,60.55223083496094,140300,55.54318578489734
2022-10-13,59.817689214431375,61.36172812847393,59.04816873277177,60.792083740234375,246030,49.95826066121485
2022-10-14,60.457290147480855,61.96135309241554,60.22243602175624,61.41669464111328,367410,56.64098287678291
2022-10-17,61.95136415464482,62.36110845473571,59.662790565501254,60.302391052246094,238620,51.45442160131317
2022-10-18,60.42231208277238,61.66653877210436,59.967597683869066,61.061912536621094,377050,61.72371486736487
2022-10-19,61.72150498191857,62.960733800815596,60.212447801573646,62.37110137939453,767380,68.83741500022113
2022-10-20,62.860794939114925,63.860171622965275,61.56660015112258,62.28115463256836,896590,65.07660213662763
2022-10-21,63.30551555879175,63.86016990842268,61.651544599048606,62.21119689941406,593730,65.39137616157277
2022-10-24,63.215574134779196,64.89952524428563,63.02569012216853,64.2948989868164,884360,68.53259195700701
2022-10-25,64.94948438454796,65.85892076837347,64.12000758485654,64.95948028564453,655170,67.2356261324497
2022-10-27,65.95885609904664,66.04879633390073,62.6759040957005,64.66466522216797,749900,62.04574807699091
2022-10-28,64.95947967494295,66.65841686273994,63.655292893406646,64.4448013305664,1713170,60.532136063302204
2022-10-31,64.65966812442385,66.05879700088164,64.65966812442385,65.2593002319336,364340,73.4968732672613
2022-11-01,65.7789689963538,65.80395493684719,64.46978806059616,65.5591049194336,595080,81.60325859891702
2022-11-02,66.15873642434636,67.07316704653714,64.28490505706344,65.86392211914062,485350,79.87632599814617
2022-11-03,66.25867810075731,67.49790307088276,64.94948944214629,65.11438751220703,1028040,72.99306392632907
2022-11-04,65.09439905283132,65.99383954645695,64.96947697384549,65.2542953491211,403230,71.52462184428046
2022-11-07,64.97946591599225,65.45917005905228,64.15997737443699,64.48477935791016,287940,74.40231045491532
2022-11-09,64.55973865954982,66.85830831040107,64.55973865954982,65.78397369384766,949440,75.91881927472701
2022-11-10,64.0000822031168,66.78334223561139,64.0000822031168,65.15935516357422,674660,66.54797373783111
2022-11-11,65.8139463794793,66.45854090256572,64.66965595429197,65.91887664794922,779040,69.99993708119672
2022-11-14,66.33861760954467,66.55848168694347,63.96010398738372,64.98446655273438,1238550,63.92373352700261
2022-11-15,65.2043341207161,65.75898848215954,61.26678756831981,62.665916442871094,1670210,42.00980465534017
2022-11-16,62.70588885974557,62.915760860378946,60.362353132268304,60.86204147338867,912500,31.922417051768534
2022-11-17,60.16247520009169,61.96135241084592,58.36359798933746,60.60219955444336,2810940,32.021233815411534
2022-11-18,59.57283924417039,62.95073319173372,59.57283924417039,61.666534423828125,1247760,38.55967080775001
2022-11-21,62.960728206602134,65.94886221992141,62.26116379739825,62.76585006713867,3055950,39.96780577378031
2022-11-22,64.11500164220996,73.95386504246358,63.870155453775446,71.74024963378906,12189610,64.64598714323935
2022-11-23,72.85455535850316,76.54725157498623,72.55473932990884,76.1724853515625,4815230,70.4297807368888
2022-11-24,76.95200328413715,78.85082047451765,76.47229912960272,77.17186737060547,2975320,73.6615076609543
2022-11-25,76.45231580836058,81.44919919452794,73.35424963386461,80.06006622314453,4979960,76.2258903876701
2022-11-28,80.84956583995096,82.64843908676316,80.05006153605345,80.20496368408203,1499620,78.47573115279891
2022-11-29,80.50977809180345,80.94950624462153,77.95137638370963,78.89079284667969,843900,73.72897532924816
2022-11-30,78.96075478394643,83.43795810644993,78.40109865015417,81.93389892578125,2804310,77.92384128669438
2022-12-01,82.34863949622492,83.24808002812075,81.10941455485673,82.62846374511719,2140430,77.87599569900794
2022-12-02,83.82771138898126,84.84707985067847,82.97824275399279,83.70278930664062,962860,81.08199562423117
2022-12-05,84.77212566219157,87.07568926433326,83.74777064277706,86.57100677490234,2511760,88.98306476516137
2022-12-06,86.57099778396055,88.93952306560365,85.55663114717007,86.11627960205078,1887610,93.07874096600277
2022-12-07,86.84083069709156,87.45045106391494,85.07193738041043,86.466064453125,1681870,93.98367998625748
2022-12-08,86.4460756561377,86.94076981661198,84.5022884796066,85.76150512695312,996870,91.48313787343909
2022-12-09,85.76150830594854,86.36113276155614,83.44794895783207,84.48230743408203,378480,87.15801486388737
2022-12-12,83.94763416318574,87.1456362243089,83.93763826231519,85.76150512695312,1336800,82.56733049090387
2022-12-13,86.26618836282526,86.90578878097512,84.14750721230484,86.05632019042969,391080,78.41955397217481
2022-12-14,85.39673714570665,86.84583795552314,85.25682501574357,86.1812515258789,1424460,77.27687245855381
2022-12-15,85.79648707535674,86.49605533121411,84.99699030034134,85.65158081054688,989690,69.74939597742252
2022-12-16,84.74714306497947,86.34614418184651,82.37362351856532,84.82708740234375,288200,65.57764175108623
2022-12-19,84.84708115273033,85.75151582281356,83.74776833619072,84.97699737548828,254910,72.25872805673816
2022-12-20,84.97699205628683,89.18436667576422,84.97699205628683,87.6103515625,2132980,71.40159839470178
2022-12-21,87.94514583644148,89.39423893957279,83.9626292473997,84.63220977783203,867990,56.444850377191905
2022-12-22,84.7471333716094,86.2461981768291,78.76586418881172,80.71464538574219,771380,41.874994295140795
2022-12-23,77.0519388165046,78.90078410910796,65.96885533772571,70.78585052490234,2803240,18.986860210992106
2022-12-26,70.4560502309365,74.65342889696673,70.4560502309365,72.91950988769531,1241860,25.676914254762252
2022-12-27,73.3042749325945,78.84082242661961,73.3042749325945,74.78335571289062,966950,29.605730356173467
2022-12-28,74.73838627148997,79.95013183035462,74.54350050550029,79.17561340332031,781640,39.81452900931107
2022-12-29,79.62533714771,81.54913261231641,78.86081462514443,81.1443862915039,786180,44.9455165529862
2022-12-30,81.35925621729938,83.43795384131298,81.35925621729938,81.96387481689453,418470,44.16820439280028
2023-01-02,82.10378440629589,85.84645256617713,82.10378440629589,85.396728515625,752970,49.07614361610046
2023-01-03,85.54663853257476,86.94576734816258,85.54663853257476,85.90142059326172,522790,49.61218080888184
2023-01-04,86.34614233513666,86.49605035452656,84.06756483925388,84.92202758789062,618030,49.00135681129295
2023-01-05,84.64720046891284,87.41547810054047,83.44795152086377,84.68218231201172,729490,49.79842137605828
2023-01-06,84.44731990530053,85.79148260775895,84.06255779213511,85.09691619873047,288330,50.16559989346315
2023-01-09,86.74589769079802,87.84521049887758,85.44670497466107,86.1012954711914,1448590,47.817922305038344
2023-01-10,86.10129329244694,87.29055393521847,85.34676667330022,85.81647491455078,764930,51.8570822856957
2023-01-11,86.56600828009296,86.73590048089991,85.2018536613346,86.00135803222656,531600,59.38944616170107
2023-01-12,86.58599266553269,86.58599266553269,82.74338821216121,83.78773498535156,562430,81.80928350563379
2023-01-13,84.37237804541857,87.44545824236619,84.25744423913147,86.56600952148438,591710,82.36549676068907
2023-01-16,86.62596559625182,90.63846210954371,86.62596559625182,89.76400756835938,5603000,83.41506382329877
2023-01-17,90.9432751035302,94.74090942144521,90.74340282348783,91.73777770996094,4303730,81.4092928355708
2023-01-18,92.74215954694678,93.94140852076045,91.64283909220538,92.58724975585938,902720,80.30703922192266
2023-01-19,92.68219207579968,94.73591147829424,91.44296711536471,94.14128112792969,641620,81.04458539260936
2023-01-20,94.59100483475315,97.53916300797187,93.03697378336739,96.46483612060547,10087380,79.90819230878654
2023-01-23,98.53854346040455,98.90331382976159,96.70468808684113,97.6940689086914,1691430,80.66528215013248
2023-01-24,97.93890541142474,98.37363178637692,95.34052781319214,97.24433898925781,1267500,82.95026582831122
2023-01-25,96.44984160860929,96.68469572885208,93.3417796499361,94.01136016845703,749260,71.50424213177938
2023-01-27,94.36114194221446,94.7658882675774,86.54102266611255,90.36863708496094,1606810,60.57751332187267
2023-01-30,90.94327480220147,96.7496506766115,89.4242256548519,94.88082122802734,1804630,65.4420802894241
2023-01-31,96.30492352903272,96.30492352903272,93.42172753959998,93.93140411376953,1205010,63.94707235263419
2023-02-01,94.32116541130598,94.79087365639549,91.94265173096191,92.55726623535156,478770,60.82507266299287
2023-02-02,91.43797078656728,93.35677215508073,88.9445232604083,89.26931762695312,437780,58.7410354998343
2023-02-03,90.22372814645374,91.40798710775637,88.94452717777187,90.63347625732422,311210,56.792393165855984
2023-02-06,90.44359084489862,91.21310754475988,88.44483745606108,88.7596435546875,179560,48.245172504805495
2023-02-07,88.75964711114338,89.9139260195049,85.58162879056806,89.38925170898438,548450,45.69441367287245
2023-02-08,90.0438335708614,91.43796825085467,89.74901929252542,90.13378143310547,303420,45.484647033268715
2023-02-09,90.62847083285604,90.62847083285604,87.8452107731374,89.29430389404297,374100,40.83868930281789
2023-02-10,88.94451997058329,90.94327322834921,87.98511932181228,89.48418426513672,214250,35.648236161435534
2023-02-13,90.82835520404412,90.82835520404412,88.22497549727322,88.68968963623047,199670,31.150636222045904
2023-02-14,89.5141586467052,89.5141586467052,87.65531762532245,88.34988403320312,209870,31.294660907626437
2023-02-15,87.36050580628263,88.7396427599775,87.07068567930882,88.30491638183594,406910,36.140773739707335
2023-02-16,88.24496232512149,89.33927336557115,87.54539408677435,88.070068359375,436460,43.31005931455188
2023-02-17,87.44546124378826,88.55476999068058,87.24558895365811,87.85520935058594,127480,22.73082355867608
2023-02-20,88.3399017109869,88.84459183379289,86.15626602010802,86.45108032226562,341820,21.95581972066256
2023-02-21,86.4510768821891,86.89080506088527,85.57162814943574,86.42109680175781,190670,24.41668723646275
2023-02-22,85.95138944268712,87.24058628720543,84.26744216062481,85.43171691894531,220000,30.206216561231415
2023-02-23,85.12190132864481,85.66655972252904,84.34738297171178,84.8021011352539,144500,17.456707155070802
2023-02-24,85.40173252808647,87.00073362579144,83.99760957002933,84.39735412597656,235070,20.88050993509694
2023-02-27,84.7421417000604,84.7421417000604,79.85019632467892,81.2193374633789,217870,9.308046757972548
2023-02-28,80.95450188047221,81.11440580250549,76.50727888770349,77.59659576416016,348690,1.4700097457251786
2023-03-01,78.216216028281,85.95138947352736,78.216216028281,84.2574462890625,528820,36.56000706820533
2023-03-02,85.64657336621427,87.84020474423075,83.33302167345154,84.1624984741211,577530,35.72768500580695
2023-03-03,84.62222306762726,85.56163195806269,82.30366948491007,84.04757690429688,594620,37.079267274934985
2023-03-06,85.73152598747772,87.84520537875466,85.00697184687932,86.3011703491211,552650,44.846677876730496
2023-03-08,86.82583496805587,89.94389265841745,86.82084083000018,89.18436431884766,518240,51.93576025329405
2023-03-09,90.9432774858712,93.121918943815,88.94452413453338,89.45420837402344,872660,53.04195579068517
2023-03-10,88.92454239163852,90.28368769310946,87.60536544860686,89.05445861816406,496630,52.61437082325704
2023-03-13,88.9345319621521,88.96451204373709,85.3767532874676,86.20623779296875,1143190,49.497857931910715
2023-03-14,86.84583203921697,89.33427775219593,84.07256032237723,88.54476928710938,624800,53.97865009994008
2023-03-15,89.89892924748156,90.34365155603409,87.27056375286969,87.93515014648438,379310,54.75782409985152
2023-03-16,88.62971306261859,90.2437117928899,86.5310236865455,89.6540756225586,830720,58.854645570797565
2023-03-17,90.94327200394783,94.9907503462866,87.44545384994983,90.09380340576172,1852609,60.382519816123946
2023-03-20,90.44358597608374,90.44358597608374,81.99885641270265,82.64844512939453,444513,52.254096979743984
2023-03-21,83.04819689958445,86.6959231447224,81.14937976687607,85.54663848876953,664239,62.832718069065265
2023-03-22,86.89579918161823,89.54414890566512,85.54664219001366,87.59536743164062,355108,56.33055941732715
2023-03-23,86.94576675139118,88.14501565672735,82.59847993874934,83.74776458740234,338634,49.31144411297383
2023-03-24,84.24745725008835,84.64720182273888,77.05194057279397,78.20122528076172,328730,41.77678097149265
2023-03-27,78.20122500811453,80.9994827547461,73.95387412907955,74.65343475341797,772227,34.192324720985354
2023-03-28,74.65342783264882,77.60159333251057,69.25680037458802,71.20558166503906,417921,25.968489704911462
2023-03-29,73.9538752040402,77.15187756841334,71.05568127246757,76.50228881835938,379562,34.73858518298768
2023-03-31,77.95138647169304,80.74964442053269,76.80210168468248,79.80023193359375,630526,39.79277387935686
2023-04-03,81.94887778051628,83.39797074019458,77.75149928551579,78.05130767822266,719623,40.781732551290304
2023-04-05,78.95075503277103,80.44982000174768,78.20122254828269,79.75025939941406,278206,39.91290215765189
2023-04-06,81.4491906351608,81.4491906351608,78.45106091852912,79.30052947998047,203889,40.05983297987808
2023-04-10,80.69966698302248,80.99948303714936,77.1518767159566,78.20122528076172,137200,36.62467531726956
2023-04-11,79.70029096443923,79.85019899274843,77.45169341371837,78.2511978149414,111799,36.042431804358785
2023-04-12,78.3011562026397,79.45044083397075,77.45168760544318,77.80146789550781,776086,43.15939198232412
2023-04-13,79.40047409433585,79.40047409433585,76.85206813774492,77.60160064697266,107960,37.86262744933496
2023-04-17,77.45169347452185,77.75150953137562,75.45294009453418,75.90265655517578,119870,31.94446964286597
2023-04-18,75.6528101155752,78.6009758374922,73.9538728433537,74.55349731445312,320900,34.615409165614096
2023-04-19,75.95262903389205,76.30240935319925,72.90452705570259,73.00447082519531,253374,39.96141664861296
2023-04-20,73.85393188927452,78.25119043183582,73.35424359181614,77.1019058227539,642311,54.631370468652676
2023-04-21,78.5510028494495,79.95013167875547,76.55224955748061,79.75025939941406,612700,66.6666567457542
2023-04-24,80.00010600824453,81.7490151922193,78.75088516254827,79.35050964355469,271307,56.86745507444302
2023-04-25,80.10003378760418,80.94950234905554,78.10128064318306,79.30052947998047,161956,48.57139117973595
2023-04-26,80.74964463566731,80.74964463566731,76.452321550923,77.45169830322266,317956,48.29550235747779
2023-04-27,76.50227771772286,78.30115092742292,76.45230584052092,77.4017105102539,179300,42.633191930108545
2023-04-28,78.70090998904267,78.70090998904267,76.30240454063936,76.75212860107422,139413,42.10528803701456
2023-05-02,76.95199540867485,78.10127998191383,74.9532422811768,75.75274658203125,157628,42.367585539349164
2023-05-03,76.75213087717216,76.75213087717216,72.45480817031843,73.40421295166016,377506,36.784719379349596
2023-05-04,73.40421475117311,74.95325166885166,72.75462600308764,72.95449829101562,244115,36.78474998647901
2023-05-05,73.45418204753622,73.90389847960449,70.95574048129349,72.6047134399414,297550,36.4864731030157
2023-05-08,73.70402803871454,75.80271748166884,72.95449555018524,74.50353240966797,267599,46.25669213290125
2023-05-09,75.55287516619263,75.55287516619263,71.05568012505452,71.70527648925781,452831,42.928044966875724
2023-05-10,72.50478324874997,75.2030973117408,71.70527883212495,73.65406036376953,199672,51.58149540966421
2023-05-11,73.95387642616372,74.75338084278873,73.1543720095387,73.65406036376953,176444,39.513697841833455
2023-05-12,73.20433521854103,74.4535559560588,73.15436333918501,74.15373992919922,315856,30.419542153610934
2023-05-15,75.45293567433673,75.45293567433673,73.45418241144039,73.80396270751953,167400,30.52628533743774
2023-05-16,73.85393898192825,74.30365544297452,73.3542506364817,73.55412292480469,73168,30.10380878768939
2023-05-17,73.75399940536451,74.60346802816281,72.05505453512917,72.70465087890625,112291,32.34197156461589
2023-05-18,73.45418306065905,74.95324802108067,72.95449474051851,73.85393524169922,314698,37.80071000353638
2023-05-19,73.8539350657223,74.35362338467219,72.85455842782251,73.25431060791016,144522,37.93102722077671
2023-05-22,74.10378037016864,74.10378037016864,72.55474350763446,72.75462341308594,119085,39.285725970656465
2023-05-23,73.50414929320695,73.50414929320695,71.90514069194158,72.25492858886719,112443,45.26748143768484
2023-05-24,72.25493249529404,73.25430911279665,72.00508834091839,72.55474090576172,89997,48.333304705248416
2023-05-25,72.60472402889421,75.95263469100395,72.0550637543008,75.2031021118164,582589,59.09093821036301
2023-05-26,75.5528725305282,76.85206521361242,75.20309223112513,76.20246887207031,349249,56.34327274053151
2023-05-29,81.94889368857106,81.94889368857106,76.452321550923,77.45169830322266,1548815,74.26162919918698
2023-05-30,78.60097299279613,78.65093724920682,74.95324679072006,76.10253143310547,464708,60.88887260270812
2023-05-31,76.85207213356284,77.95138501265966,74.2037222716664,75.5528793334961,892063,58.050858971356405
2023-06-01,75.55287623860575,77.0519412735965,75.10315977796415,75.90265655517578,316959,57.51075661287595
2023-06-02,75.95263380855621,79.6503247730643,75.45294542823677,77.50167083740234,868421,64.34111463162617
2023-06-05,78.45106989745065,80.59973129855067,78.25119760998791,80.00010681152344,1062235,71.28711125086042
2023-06-06,80.49979319376654,81.8489501628708,79.5004165315206,79.8501968383789,424741,74.740452437721
2023-06-07,80.99947511005885,81.44919152259827,78.8008420524573,79.95012664794922,399091,72.76114471147491
2023-06-08,80.24994517523716,80.54975358473321,77.55162374194187,77.80146789550781,703150,65.21735356100959
2023-06-09,77.80147617319669,78.45107256650965,77.20185166576906,77.85144805908203,390558,67.58618547376147
2023-06-12,77.8514345311574,78.35112280462485,77.00196599119032,77.4017105102539,211074,67.81999297342847
2023-06-13,77.4516964857412,79.95013830786189,77.4516964857412,77.90141296386719,457364,68.25934138086467
2023-06-14,77.90140680693402,79.75025970889082,77.701534526817,78.6009750366211,245203,63.385754354158685
2023-06-15,78.60097091923126,79.75025553129751,77.55162244198853,77.70153045654297,370236,55.95234128150211
2023-06-16,78.05131595872517,80.7496375271815,77.05193929440182,78.10128784179688,414563,52.76592233470184
2023-06-19,78.95075053803434,79.90015524781363,77.10190537314728,77.65155792236328,334497,57.14278678235809
2023-06-20,77.60159756981048,78.70091034815862,77.45168954898149,77.95137786865234,230045,61.32065687868831
2023-06-21,78.75088120062141,78.75088120062141,75.95262359718546,76.70215606689453,247291,53.47823085266975
2023-06-22,76.05255851377137,77.55162342912023,74.50352934269394,74.85330963134766,333185,38.72340729652326
2023-06-23,74.8533145097766,75.45293899006788,73.65405792455506,74.0538101196289,252025,20.398173588127563
2023-06-26,74.65343772949083,74.90328190880591,73.45418871863414,73.70403289794922,141377,20.00017874991248
2023-06-27,73.70403366798415,74.75338228192643,73.15437341789259,74.35363006591797,139361,24.074293986586596
2023-06-28,74.95324425106591,75.35299641199924,73.60408737947438,74.15373992919922,100742,29.378706519160687
2023-06-30,74.15375030501285,75.5528792517307,70.95574781934866,72.00509643554688,535197,23.287814488922166
2023-07-03,72.90452798582993,78.30116374780647,72.00509504603319,77.20185089111328,856037,49.36310873734289
2023-07-04,77.95137308302186,79.15062192675154,76.65218048178289,77.00196838378906,556677,47.07790888009145
2023-07-05,77.35174755910207,77.50165556859204,75.45293056305131,75.75274658203125,230637,41.065831171124856
2023-07-06,76.15250151807011,76.95200592821895,75.95262922785247,76.55225372314453,183671,46.372266640978715
2023-07-07,75.95262276232411,77.15187165082119,75.45293445467723,76.05255889892578,182725,43.573657958961356
2023-07-10,77.40171927065452,77.40171927065452,73.75400056120016,74.55349731445312,228466,40.8823816022457
2023-07-11,74.95325481986505,76.45231991626235,73.2543174271372,75.5528793334961,492622,43.22035945189408
2023-07-12,75.15312293760276,77.40172045717432,73.35424949672888,74.0538101196289,507628,42.618397314141504
2023-07-13,75.60284355586687,80.54975482264263,75.10315524105565,79.65031433105469,1814494,61.05989429693884
2023-07-14,81.94888435668359,84.79710625146986,81.44919603743551,82.04882049560547,2713830,67.16736411544143
2023-07-17,82.7983552615949,84.79710859379823,82.4485749533871,83.39797973632812,815651,69.95881644966946
2023-07-18,83.3979749802627,85.49667195910165,81.54912977833936,82.44857025146484,949350,66.46337905959723
2023-07-19,82.49853907629893,83.69778791295768,82.44856719783891,82.79834747314453,337606,67.47474560534977
2023-07-20,83.39797684650955,85.19685783301516,82.6484443729053,84.3473892211914,942686,75.56931282261377
2023-07-21,83.94763359110428,85.14688244969331,82.59847671903205,83.49791717529297,475597,65.90904884770737
2023-07-24,83.49792318050439,83.79773160439485,79.3005366242881,79.8501968383789,705608,56.129037765877634
2023-07-25,79.9501363559404,82.89829458421005,79.9501363559404,80.69966888427734,635694,60.83151723061904
2023-07-26,80.94951278333536,81.6490734241999,79.05069552645276,79.50041961669922,321270,56.34409294158054
2023-07-27,79.95013396945183,80.54975844929493,78.4510689575246,78.75088500976562,260670,55.74469840719131
2023-07-28,79.40047035738262,82.34863599637413,78.45106560689979,80.24994659423828,604732,62.12766054212866
2023-07-31,81.04944513975515,83.69779479860904,80.7996009761772,82.14875793457031,607607,63.52457618713439
2023-08-01,82.44857383482011,84.14751109428816,81.94888550854847,83.89766693115234,589940,69.97971451666352
2023-08-02,84.54726578933543,84.6472019326278,80.15000686272018,81.14938354492188,868398,53.44037725330126
2023-08-03,81.74901530960261,83.14813655908027,80.54975872122881,82.29866790771484,270646,50.60828055055074
2023-08-04,81.09941978951824,82.94826513815164,80.1999792450201,80.5997314453125,375457,43.301447640643815
2023-08-07,81.94888531720197,82.14875759738842,80.39984845952131,80.94950866699219,247824,46.30542427685147
2023-08-08,81.39922924894269,81.74901719401409,78.9507593812777,79.50041961669922,605853,42.2897484651415
2023-08-09,79.90016010665921,80.34988417388064,77.95137868928265,78.6009750366211,358325,36.14456856138564
2023-08-10,79.10066092946627,79.95012953080335,78.25119232812919,79.00072479248047,279872,38.91624985897484
2023-08-11,79.0007265165723,79.40047107323943,73.80396340887414,76.20246887207031,787401,40.61695003334303
2023-08-14,79.95013348467938,79.95013348467938,75.25306619231003,76.9520034790039,420510,40.31006130999819
2023-08-16,78.9507537401744,80.54975482264263,77.95137711055195,79.65031433105469,609116,50.3596843082297
2023-08-17,79.50041537438186,79.65031577182586,77.30178217465887,78.00135040283203,225942,48.27585480697851
2023-08-18,78.05131781358797,78.50104189800433,75.05318774936842,75.30303192138672,389649,39.21567388191964
2023-08-21,75.40296532030247,77.35175436588504,75.05318501713805,76.85206604003906,504335,38.274335236919065
2023-08-22,76.85207029962807,77.45169479895016,75.65281367634468,76.00260162353516,252071,31.79723664426139
2023-08-23,75.95262191307809,77.90140324125565,75.15311757992717,75.40296173095703,616992,35.29409467682524
2023-08-24,76.00259772384318,76.95200249700262,75.10315720869072,75.7027816772461,387165,32.35293637360493
2023-08-25,75.80271961554608,76.35237983912955,75.00322284672525,75.25306701660156,253633,34.67048447357139
2023-08-28,77.40172796091065,77.40172796091065,74.95325791875389,75.2031021118164,286109,33.23617405517871
2023-08-29,75.60284698482413,77.95138064602662,75.2030947899167,76.40234375,483278,40.82837376650774
2023-08-30,76.40234569316173,78.05131877369425,76.3024095480529,76.55225372314453,441786,43.65324945686393
2023-08-31,77.10191409660906,78.95075947067812,76.75213377578072,77.1518783569336,655068,44.34250521784199
2023-09-01,77.55162224061111,78.35112656639983,76.75212553946072,77.1019058227539,283543,53.308817957335165
2023-09-04,77.8514472779081,78.85082398847267,75.5528777937539,77.20185089111328,1193208,50.96526371141361
2023-09-05,77.3517611617909,77.70154149568604,75.40297194499325,75.60285186767578,666806,32.91144704249034
2023-09-06,76.25243486390576,76.95199540867485,75.00321415921948,75.75274658203125,368945,39.130399506103274
2023-09-07,75.95262191307809,76.05255804856235,75.15311757992717,75.40296173095703,234843,50.62495109368826
2023-09-08,75.4529381509153,81.64907041941306,75.20309398485266,80.44982147216797,3391590,65.65216554289762
2023-09-11,81.44919104820161,86.44607393459435,80.94950275956235,83.99760437011719,5919888,78.16896524472558
2023-09-12,84.94701343473771,85.39672986777207,76.55224822920061,77.3017807006836,2842054,54.67981295941261
2023-09-13,78.20122157826144,85.94639048856848,76.75212850941428,84.94701385498047,3850394,66.72694843561908
2023-09-14,86.44608371865226,87.89517686986076,84.34739419376308,86.49605560302734,2160736,69.56521970031102
2023-09-15,87.19561329432896,88.69467827933175,85.64657642663722,87.4454574584961,1509255,70.65765982416471
2023-09-18,88.89455105391652,90.7434039787201,85.99636483321231,86.89579772949219,2557814,68.10344010614102
2023-09-20,86.24620964473928,88.1949911007936,84.59723661481083,86.94577026367188,1055751,67.9930716783323
2023-09-21,86.9457697775598,88.84458696429635,86.34614530402165,87.49542999267578,1131567,67.93760478763039
2023-09-22,87.22052502486038,88.12022251036564,84.72136958002197,85.27118682861328,744534,63.17358167624577
2023-09-25,86.37080602260554,88.76999656178111,84.82132673379185,86.67070007324219,699046,64.65499793949313
2023-09-26,86.7706717967406,87.67036156938207,85.47110803898848,85.72102355957031,338582,65.98116736682712
2023-09-27,86.32082145781551,86.37080761391748,83.32183513529627,84.62139892578125,293047,63.599608776326285
2023-09-28,84.4714457641285,84.87131212151132,81.0226146386865,81.52244567871094,1090153,58.65423105067231
2023-09-29,82.22221537770693,84.52144147243051,81.6723981208069,82.27220153808594,881854,52.933801274859796
2023-10-03,82.27219774348518,83.77169096388782,80.67273220693549,81.22254943847656,696452,45.14174647730807
2023-10-04,81.1725632956411,82.97195821118883,79.42315453817628,80.52278900146484,463888,57.137447219434605
2023-10-05,81.17255953081994,84.27151814462287,81.17255953081994,83.67171478271484,656709,46.47080383820879
2023-10-06,84.37148558884476,84.42146411942734,81.17256218570324,82.12224578857422,715843,37.896432968900164
2023-10-09,82.87198757724711,90.11953762400414,82.87198757724711,84.77134704589844,6116951,43.236253423835414
2023-10-10,85.47111624807654,89.46976496143684,84.12157383268087,84.57141876220703,2111476,44.014958429380634
2023-10-11,85.37114715524616,88.07023184691623,84.17154802697976,87.4704360961914,2288353,51.17810935795962
2023-10-12,88.02025113363514,89.01991323565568,86.2708424550992,87.87030029296875,1683042,50.847452365191515
2023-10-13,87.72035212794171,96.6673251631988,87.17053490433331,95.4177474975586,10768179,68.48816667250534
2023-10-16,97.0671899095145,100.91588752961233,95.46773204975112,98.16681671142578,8812940,69.96529834282694
2023-10-17,99.26645449232551,100.9658770956845,95.067868888494,96.16749572753906,6031053,67.5042071766687
2023-10-18,97.36709472094955,105.16445489768869,97.0671930258832,103.86489868164062,9569228,76.40605298455304
2023-10-19,104.01484399102013,104.66461825103919,99.61632924953678,101.36573791503906,4115353,77.6848055772818
2023-10-20,101.96553414420268,103.16512561281962,98.11683658667206,99.51636505126953,2012821,73.34235813867315
2023-10-23,102.665300361694,103.8648995248816,93.06854519027803,93.61836242675781,4276488,64.8325510858773
2023-10-25,95.56769131331835,97.91689562656286,91.06921204789924,96.36742401123047,2546178,68.07298157185723
2023-10-26,96.51738084501731,96.86726106204654,92.46874620374814,95.61768341064453,1864561,64.4149779031628
2023-10-27,96.36743107787814,101.81558664811828,95.56769832132142,99.6163330078125,2998356,69.93167554253542
2023-10-30,102.96519740090699,103.9648595115954,99.36641532779201,101.41571807861328,3445737,69.33798922446155
2023-10-31,102.01552202769568,109.7629034296703,102.01552202769568,104.46469116210938,8188906,71.67756675943093
2023-11-01,105.46436002146413,109.66293812798986,100.76595082478927,101.8655776977539,6012491,65.78949130188823
2023-11-02,103.96486344713821,106.11413859184147,98.96655270448734,100.36608123779297,5093676,63.3833094377815
2023-11-03,102.96519851019136,104.41470553557902,100.71595873691048,101.9155502319336,2043921,57.9852625925776
2023-11-06,102.71528407345609,104.16479111427692,101.36574172048208,103.11515045166016,1669952,56.32185073216301
2023-11-07,102.16546083967998,103.46502458568567,100.86590472049065,101.7656021118164,1321430,57.27272817378704
2023-11-08,102.11548569544166,108.21342301919707,101.6656331714659,106.763916015625,4261497,54.05027724541068
2023-11-09,107.3637139441316,111.56229182598243,107.21376309974762,109.16310119628906,4241409,60.92437585592534
2023-11-10,108.21342364573984,112.31203678039991,108.21342364573984,111.91217041015625,2901154,66.93989566710061
2023-11-13,110.96250187493617,117.26037665369995,109.41302244667641,114.71123504638672,1961246,81.49255016657071
2023-11-15,116.16072949552857,117.36032855574493,113.21172943944399,115.26103973388672,2801100,80.19170645616393
2023-11-16,115.06110872663639,118.16005977973698,113.96148191770608,115.2110595703125,1856328,82.02614974084955
2023-11-17,114.81119861037581,116.71055825727083,113.96148729189613,115.61093139648438,1688566,79.62964009872948
2023-11-20,115.96080013223401,117.81017343656585,111.76222248851758,115.26103973388672,1997450,77.10370516404998
2023-11-21,115.2110623534161,117.11042195662321,111.76223099963713,112.2620620727539,1023364,65.29412873850677
2023-11-22,112.86185897629095,113.66158412527376,108.96317504119666,110.66259765625,1309329,67.95915868918294
2023-11-23,107.36371500594355,111.71224377518469,107.36371500594355,110.36270141601562,1019595,71.45921629166835
2023-11-24,110.76256508257862,115.71088948724606,110.36269871233495,111.91217041015625,1504568,71.45921629166835
2023-11-28,111.86218913710327,114.3113582012003,110.11278048365783,111.36235809326172,780227,68.21190803355238
2023-11-29,112.16208983972903,113.31170283411224,107.46368079967912,108.0634765625,892408,62.80488731823257
2023-11-30,108.06347438371233,109.26307351198454,105.06448800325694,106.36405181884766,808658,49.06103395728028
2023-12-01,106.76391763611952,108.36337550529389,103.115149366967,104.01484680175781,1121139,37.88236198335115
2023-12-04,108.46334237156978,111.31237794997574,105.7642576397782,109.91284942626953,2100338,45.9016444719001
2023-12-05,110.96249383901696,111.16242320962188,106.01416946178743,108.16343688964844,953404,35.97427026355656
2023-12-06,108.56330600412556,108.56330600412556,105.31440407529648,105.91419982910156,692022,31.337320241066863
2023-12-07,106.16411697286043,111.96216047685279,105.11447629448008,107.36371612548828,1256944,35.16068838379044
2023-12-08,107.51365865340365,108.71325008638901,101.46570008062974,105.0145034790039,1208346,31.338011231362472
2023-12-11,105.91419284546748,108.46333416457809,104.06481954866973,107.56363677978516,969953,37.41828671592035
2023-12-12,107.56364662329416,111.46233056296765,105.91420253803035,106.46401977539062,941568,39.89546051541647
2023-12-13,107.06380671470137,107.46367307009291,104.464686844881,105.26441955566406,695668,40.45935337999538
2023-12-14,106.3640540810989,107.41369476049297,102.06550379362719,102.46537017822266,1504863,37.1753157049507
2023-12-15,103.21511891239098,105.86422518465837,102.96520337023021,104.164794921875,813151,37.47981040148389
2023-12-18,104.26476621210318,105.01451283119266,101.36574442626048,102.26544189453125,805183,35.9133196430314
2023-12-19,103.26510405331722,103.9648645137406,101.96554019616866,102.26544189453125,626188,40.00000526343214
2023-12-20,102.71528352902564,104.31474140654736,97.61700820769283,98.6666488647461,1510861,37.5404445217247
2023-12-21,98.06685420053984,101.76560868678123,97.86692482369082,98.46672058105469,1199837,40.347821608761876
2023-12-22,99.11650410088524,103.11515271714431,99.0665179424552,99.91622924804688,1146815,29.423867601892354
2023-12-26,100.26611485707372,113.26172256876376,100.26611485707372,112.21207427978516,7439722,55.81062629275466
2023-12-27,114.31135833750149,118.11007732595337,113.51163324249131,114.86117553710938,4775928,62.69503754931554
2023-12-28,115.91081496147723,116.46063215542684,112.0621174842792,112.9618148803711,1424897,57.843126775449754
2023-12-29,113.0617839453504,117.96012984566066,111.06245971067818,114.96114349365234,2689491,64.07355799913122
2024-01-01,115.6609061087034,116.86050524824482,114.61126544177361,115.96080780029297,900241,62.426051135132006
2024-01-02,115.96080192287705,120.70919682920177,111.86218889751797,118.8098373413086,3574077,67.36988880504333
2024-01-03,119.3096754778613,124.208021513621,118.75986587421308,119.95945739746094,4719825,70.70423116579569
2024-01-04,120.70920284221488,129.85610527911558,120.3593226202095,127.8567886352539,5589081,81.28078401030429
2024-01-05,128.95641487302902,138.20328958291677,127.1570199868647,136.70379638671875,5146225,84.0837653322729
2024-01-08,136.20395846713143,144.9510016714426,136.20395846713143,141.15228271484375,7597761,88.6679763921675
2024-01-09,142.3518780041217,144.45117453128924,139.7027795207451,140.8024139404297,3171456,88.05528834852797
2024-01-10,141.45219148055367,144.6011210905048,136.0040359194852,143.70143127441406,2764165,95.09512163110094
2024-01-11,143.90136535135238,150.69907111228508,143.65144981053598,149.44949340820312,3666086,95.94596341382248
2024-01-12,151.94864384196205,153.84799578853315,144.00133295490193,146.50048828125,3557880,90.87720580812037
2024-01-15,149.94931013582706,150.94897220339925,144.95099979796618,147.15025329589844,5523370,88.53363867977382
2024-01-16,147.90000974558038,147.90000974558038,136.50386751396252,141.85205078125,2143940,78.12501689370212
2024-01-17,139.80276769527953,143.85138748704435,135.504217094653,138.9530487060547,3007331,76.530660083849
2024-01-18,137.8534065644775,143.95135187740453,133.3549268183086,139.65280151367188,1314984,75.89102614666561
2024-01-19,142.2019260547779,149.84933460583153,141.85203823719726,148.44981384277344,1647436,79.27931235678855
2024-01-23,153.9479681052925,155.44746130112327,143.15161404458422,145.1009521484375,1706875,73.48217883893255
2024-01-24,147.75005220983812,149.84933333664486,143.55147470259251,146.5504608154297,609511,73.62347712735846
2024-01-25,147.25024227972932,152.64841195449154,146.70042502957304,151.39883422851562,719245,72.11271259377847
2024-01-29,152.34851207718236,152.64841378574124,147.60011666150967,148.64976501464844,557247,62.67235097231345
2024-01-30,149.69939391481415,151.39881637096698,144.15126641515795,144.80105590820312,429381,53.92052769057333
2024-01-31,145.75074441110493,148.94966023797218,144.7510822618568,145.65077209472656,470068,55.154093012512234
2024-02-01,146.85035865930598,147.75006371539806,143.0516548234728,144.10128784179688,394004,50.437628027699574
2024-02-02,144.55114418536323,147.9499891868512,143.40152363071806,144.451171875,535533,43.79650678772793
2024-02-05,144.45116985945901,151.9986215775829,139.95269052127517,147.65008544921875,1068896,51.41798640660337
2024-02-06,148.84969498066965,151.84868157063855,145.9506807118202,148.19992065429688,523259,51.29792625380419
2024-02-07,149.89933007401606,150.94897833835378,144.55114694732055,146.4005126953125,483581,56.156965355193336
2024-02-08,148.94964780686442,158.94626846504326,147.55012701617244,151.79869079589844,4058728,66.28640322163773
2024-02-09,152.84832857932682,152.94830089051243,144.45117306326173,147.75006103515625,3385427,59.46260265706513
2024-02-12,148.49981713712745,152.0985917662398,140.20261814619784,141.50218200683594,1166634,41.3664950533498
2024-02-13,142.45184587284842,143.25157858461552,134.10466143428457,140.20260620117188,1138992,43.58639737172914
2024-02-14,137.9533765962427,146.90034978128674,136.45388337237048,145.65077209472656,711055,48.93365983166286
2024-02-15,147.60011080030526,149.7493935816003,143.95135004302927,145.200927734375,927915,41.798953977260794
2024-02-16,146.050645550713,147.9999836836006,143.2016023347462,146.10061645507812,759858,46.453399184027695
2024-02-19,147.5001522482756,169.94256430757915,147.5001522482756,168.49305725097656,11636666,71.74310441452465
2024-02-20,169.94255367383406,169.94255367383406,162.29514485996467,164.4444122314453,2395776,66.29113522888221
2024-02-21,166.2937997461144,168.4430672024369,156.04726301718276,157.64671325683594,1574784,60.762503149171174
2024-02-22,159.3461291240612,159.3461291240612,151.34883250044695,156.04725646972656,1506640,59.03426372797102
2024-02-23,155.94728284047395,163.7446500332242,155.8972966862729,161.59536743164062,2076414,60.48083120219268
2024-02-26,163.04489674519908,165.5440520279052,156.99693791032368,158.54641723632812,1232457,57.49456422263741
2024-02-27,159.096229814956,160.2958366336328,153.19822905554378,154.19789123535156,542271,55.44693848009856
2024-02-28,155.4474624181692,155.8973073294243,148.79971530366882,149.79937744140625,716917,48.5835767241616
2024-02-29,149.44949447631836,152.44848098754883,147.70008567810058,149.94932556152344,697382,51.649181776719296
2024-03-01,150.3991678796465,157.24685972967472,142.50184297179499,145.200927734375,2011897,52.83742045832579
2024-03-04,147.95000212477697,147.99998828432976,140.15263409720376,142.50184631347656,1240411,51.726740405769036
2024-03-05,142.45184587284842,142.45184587284842,138.70311308672083,140.20260620117188,910094,45.705272714719534
2024-03-06,139.9027104799574,140.15262600966562,130.40592035104348,136.65380859375,1814065,43.5762507150318
2024-03-07,136.95371416969624,139.40288337966842,132.75513620208196,133.5048828125,688966,40.843027125460814
2024-03-11,134.30461632197452,135.00437677816524,119.60957810061709,126.0573959350586,3210083,10.584935398894444
2024-03-12,126.3572960499876,127.5069090366114,118.90980852921037,121.80883026123047,1986608,10.545770478942316
2024-03-13,120.95911794364997,124.85780178289957,105.61430574640981,110.11278533935547,3298295,9.669191627895046
2024-03-14,108.96317032362359,121.15904505223828,107.96350821056282,118.90980529785156,2827384,21.919859502383503
2024-03-15,119.95945521763393,122.20869500296457,113.36168670602741,118.95979309082031,1569999,14.839241518754406
2024-03-18,113.9614861427035,119.45962801800938,112.31204205474835,117.91014862060547,2003122,15.345263849624743
2024-03-19,118.01012044106196,122.10873375094103,115.46097889524533,116.26071166992188,1408485,16.085786386577553
2024-03-20,117.01046092795252,120.30934153763621,114.66124870935673,118.21005249023438,1272942,20.467285080047276
2024-03-21,121.95877487120961,136.75377684073868,120.75918341500626,130.0060577392578,1659529,34.68916953104885
2024-03-22,127.95675791471281,138.4532107124041,127.55689152086592,135.00437927246094,1453658,42.201838395409055
2024-03-26,133.2549600208214,134.65448084928667,124.95776159986384,128.15667724609375,1317787,39.68367098358605
2024-03-27,126.95709815084291,134.95439567215584,124.95777377051468,129.00640869140625,1261806,41.77681472241928
2024-03-28,136.95370335996898,142.90168961575205,131.7554636554266,139.70277404785156,3832215,52.026575289893266
2024-04-01,143.05166835637883,145.45085155899073,140.40255434762526,144.05133056640625,1568626,56.89993904407614
2024-04-02,144.9510184245844,144.9510184245844,140.5525108634991,141.65213012695312,737008,60.924366020211885
2024-04-03,141.0023454979545,144.4511767715308,138.15330234598997,141.8020782470703,984529,64.85883523918963
2024-04-04,143.1516185708948,146.75040845613222,138.05335069604823,138.703125,1956512,74.36114130021414
2024-04-05,138.70312009745368,140.65245819404254,136.20396478038245,138.5531768798828,600659,69.63035975909523
2024-04-08,139.50286056616216,140.75243829381745,134.60450672157285,137.85340881347656,618425,68.63903544001667
2024-04-09,138.55317742248357,140.45252936944252,136.3539085319413,138.1033172607422,566636,70.24045587461796
2024-04-10,138.80309571721992,139.05301125487884,135.50420756939536,137.2536163330078,498426,71.38491133706155
2024-04-12,136.50385596008587,137.25360249748624,133.00503878555085,134.50453186035156,636591,66.33263437381946
2024-04-15,126.05739159562269,132.1553289920517,126.05739159562269,128.25665283203125,893428,48.02706413224654
2024-04-16,127.85678436459811,132.35525619655056,127.80679820877404,131.45556640625,534886,45.82842621493555
2024-04-18,132.70514566487407,134.70446989334673,129.65617316572656,130.10601806640625,436620,52.631576779041644
2024-04-19,127.95675223112917,132.95506286515766,126.15735735215222,130.156005859375,605661,51.58618674306638
2024-04-22,134.9543825037339,135.55418586075928,127.15701513056935,127.45691680908203,715253,28.318614672769712
2024-04-23,128.15668160780518,129.7061609551054,127.95675223316756,128.75648498535156,416872,19.64284200006057
2024-04-24,129.45624432329652,129.7561460095212,127.15701840041862,128.25665283203125,549026,21.244627320627345
2024-04-25,128.45657735063378,133.2549583879988,128.20666183049636,129.5062255859375,972251,24.79506273857737
2024-04-26,129.90608542889382,130.95573367318408,128.3566061400494,130.0060577392578,333741,30.045854858066292
2024-04-29,130.85576351736373,131.65549625254457,127.95674951267057,128.2066650390625,486076,27.931751611013482
2024-04-30,128.65650107946416,134.95437496173838,127.5568743643984,133.05502319335938,1470332,41.304332196648346
2024-05-02,134.954401556051,136.65382430269645,130.90576645864243,132.4552459716797,444453,39.89269356144985
2024-05-03,133.20498592486894,135.90407076905495,129.05639396562322,135.0543670654297,764496,46.29630771713484
2024-05-06,135.05435831293016,135.6041602752071,130.20599093667545,131.0557098388672,447164,44.42651183412547
2024-05-07,131.05571262815977,131.25564200539137,124.95776747397623,126.00741577148438,686670,46.21849149092603
2024-05-08,126.05739965279173,129.40626643787095,124.20802614104504,127.80680847167969,285293,43.56262632462507
2024-05-09,127.85679210091708,128.60653109592698,121.20903719535482,122.35865020751953,359408,38.058571694338156
2024-05-10,123.8581374122579,127.95675055304686,120.75918638516464,124.50791931152344,391849,41.82344799189575
2024-05-13,118.95979827880859,125.40761622722727,116.26071346942801,124.95777130126953,902666,46.13004507827382
2024-05-14,125.60755524499386,129.15635143058032,125.10772415179996,128.05673217773438,292421,48.97362246208856
2024-05-15,129.35627424248503,129.7561482488969,124.05806950000579,124.35797119140625,410592,44.77211911442926
2024-05-16,124.6578630542043,125.30764495621725,121.95877838654033,122.65853881835938,251107,40.92715400487394
2024-05-17,123.0584073573743,125.957429075751,123.0584073573743,125.05773162841797,329821,43.7578858076347
2024-05-21,126.85712596986991,127.3569570354511,123.50825935583929,125.50758361816406,354556,46.475205863903064
2024-05-22,124.45793697235395,125.75750081074385,122.65854206178594,124.15803527832031,345664,37.21266081958556
2024-05-23,123.95810480022328,127.95675334216597,123.75817542385288,125.75749969482422,395637,40.64245771349401
2024-05-24,126.70717035541098,134.45455158029804,126.5572195160176,130.9557342529297,1843374,44.661440891031845
2024-05-27,131.30562760224626,131.35559850611543,124.35797118427942,125.05773162841797,699998,42.555830302167195
2024-05-28,125.45759691614157,127.80680138880956,124.3079839449331,125.2576675415039,265853,48.94217079801082
2024-05-29,124.00808988247195,124.90777969515455,123.15837097322344,123.85813903808594,163070,44.365192488839476
2024-05-30,124.30798060191756,124.65786081153253,120.95911409248883,121.65887451171875,314720,48.89935337115555
2024-05-31,122.20869828261017,123.15837427784231,120.05942312691866,121.85881805419922,257317,45.5611534611633
2024-06-03,124.55790442940538,127.9567573211108,122.7585171056675,123.3083267211914,365318,47.32577113718924
2024-06-04,123.3083218170962,123.75817435025238,102.76526968716644,111.962158203125,1040979,29.411772743154174
2024-06-05,115.31102592011189,116.26070952587864,105.7142709350586,112.46199035644531,774295,33.426199536554776
2024-06-06,113.66158234846048,119.65955519274478,113.51163912880688,117.6102523803711,471701,43.58324225723898
2024-06-07,117.06043955944868,128.45658991800474,116.51062993744635,126.85713195800781,1358358,51.948059671412416
2024-06-10,126.85712027925838,127.55688068895518,123.35830297714149,123.79814910888672,383456,48.248298912870965
2024-06-11,123.85813431206071,129.4562404832713,123.15836627389909,128.6065216064453,868407,54.256730790570764
2024-06-12,128.5065664676541,134.95438398510467,126.8571224713617,131.275634765625,2162109,55.17434835331108
2024-06-13,131.27564264371136,135.54418909960228,129.70616572513873,130.39593505859375,1138217,49.428817064212815
2024-06-14,130.8557586669922,133.45488614658092,130.47589745342717,130.8557586669922,618467,56.654407302870496
2024-06-18,131.4055862582946,132.26529631542175,130.06604264131133,130.70582580566406,348230,56.260047313653615
2024-06-19,130.8557621393378,139.75276393737735,127.45691711765359,133.66482543945312,4179316,60.87824020208387
2024-06-20,134.59449780080917,140.95234904890506,134.05468700541158,138.9730224609375,2286012,67.9668044010833
2024-06-21,139.26292956086007,140.35255762693922,135.10433141914675,136.2539520263672,968331,64.19558865152821
2024-06-24,134.95438723180018,136.25395104846274,131.02572239190744,132.86509704589844,518178,59.07710194195089
2024-06-25,133.35491452307053,137.75343679929742,131.9553937214177,133.20497131347656,728456,75.51021567441775
2024-06-26,133.55486877523657,133.9547275320878,131.40558600966833,132.28529357910156,417406,73.56789234316523
2024-06-27,131.97539370486194,132.75512891661492,127.50690293170592,129.64617919921875,568776,65.21740053103618
2024-06-28,129.95607561205685,132.32526995551396,128.9564134919641,129.4762420654297,306984,54.297899851717126
2024-07-01,131.40557514347245,132.16532807375157,128.95640613960947,129.9960479736328,450124,61.095227051904956
2024-07-02,130.54587423077058,135.44422783251846,128.85644278615462,132.3252716064453,1646188,57.30561194452205
2024-07-03,133.06502445938077,134.95438524263227,132.84509757425025,133.08502197265625,614169,53.84289812463461
2024-07-04,133.64484148517383,140.85239737960723,132.75514274047077,137.63348388671875,3726615,63.2990744032632
2024-07-05,138.2032842592208,139.45286187458444,131.9553961824025,132.5352020263672,1391434,52.63655649394328
2024-07-08,136.9537067670607,137.44354668403182,128.8964327365288,129.55621337890625,1494199,48.34245841790702
2024-07-09,130.1060298255856,131.9654021362634,127.95676218717676,128.87644958496094,783907,42.61030348499813
2024-07-10,130.4559056048779,140.952357779983,130.2059900768992,138.86306762695312,6374834,49.85172265923043
2024-07-11,140.55250352798228,143.2415818819097,137.6734716725065,140.77243041992188,2309246,56.229339699205795
2024-07-12,142.05200043888144,142.50184536459264,136.1539844845136,139.2029571533203,1559923,59.199080796206246
2024-07-15,140.95235619440462,151.24887888202744,138.57315551364852,145.9006805419922,4262661,65.55610980774594
2024-07-16,147.94999769738655,152.44847735710437,144.95101125757466,148.71974182128906,2495447,69.24157624541223
2024-07-18,148.94966388713084,159.01626929842837,144.15128240245616,150.8990020751953,6440428,75.1538223985639
2024-07-19,151.59875429287325,151.59875429287325,143.98133382484525,145.0509796142578,1434014,66.24948180902936
2024-07-22,144.94100766517255,150.83900772156355,141.76207438041178,146.56045532226562,1277278,66.93235853709439
2024-07-23,146.4505167481087,147.4501789784712,136.05403565379257,143.1116485595703,1240142,60.779251751924235
2024-07-24,142.65177032456418,149.8193453343584,142.3718661731303,147.50013732910156,1216910,63.43145247398258
2024-07-25,147.4001723938962,154.33782975197957,145.90067925610757,152.75836181640625,1695654,63.908815831643416
2024-07-26,154.4477941997103,157.44678049485032,152.36849520464392,153.34815979003906,1753794,70.87011364742186
2024-07-29,153.94797830223828,154.66773630420187,148.3598702831787,149.5094757080078,745486,69.66894262532539
2024-07-30,148.94965371991265,150.43915574841972,147.4501605616585,148.15992736816406,555995,68.76096698932501
2024-07-31,148.39984135839313,155.42746496933256,146.81038221959867,153.90798950195312,2020752,65.95296742953076
2024-08-01,154.89763007843163,156.94694031157027,150.54910935573622,152.238525390625,1210379,62.22030975469026
2024-08-02,149.93932359007886,154.44779416134483,148.45981270222813,151.94863891601562,954356,63.96496074668732
2024-08-05,148.65975178332826,149.92931161801562,141.11230017304584,142.0919647216797,1653317,46.0971039438001
2024-08-06,143.0916457617321,145.95068024517334,138.65314318218776,140.61248779296875,776380,41.45775300271357
2024-08-07,142.45186105955102,147.83004848457637,142.45186105955102,145.8007354736328,1049352,44.94849619035696
2024-08-08,147.35018872285437,152.73836687867254,146.51047621240735,150.59909057617188,1004387,55.613997652503144
2024-08-09,152.44846905996425,155.4474553365537,150.46914238843243,154.15789794921875,1511215,57.381529290931034
2024-08-12,154.94762827647008,163.94458733768448,151.34883855053096,159.31614685058594,7883677,65.23782111288331
2024-08-13,161.94526194783919,170.702296547044,159.95592885606084,163.10487365722656,6771491,64.84124210680298
2024-08-14,164.69433792475974,171.94188845559137,163.9745799620968,169.9825439453125,4995584,65.89191508724191
2024-08-16,174.94087506266834,181.7385806872588,172.94155077623785,179.50933837890625,5365426,70.72052855083838
2024-08-19,183.937832209444,189.705886979638,180.94883694473245,182.61827087402344,4155430,76.52995299525061
2024-08-20,184.93750406346837,192.72486576621745,182.43834860315124,184.40768432617188,6160866,78.84187780052504
2024-08-21,186.70689936929676,189.43597269970522,184.43766207438318,187.8065185546875,2216580,78.02016123132745
2024-08-22,188.93614875024906,189.81585633458772,181.04881489669353,182.13844299316406,1965199,73.1824919935783
2024-08-23,182.7382390480955,184.18774607502846,177.49001290484503,178.3697052001953,1028608,69.43668849209244
2024-08-26,179.8392107209587,188.62624936787955,176.05049796753832,187.35667419433594,4454605,83.7306539849107
2024-08-27,190.93546983122445,194.18437180479242,187.6865678576565,190.1657257080078,2607689,86.20890580571904
2024-08-28,191.93512239131917,196.93343287025976,188.43630505606075,189.59591674804688,3182245,84.31771012559577
2024-08-29,189.98578104094284,190.63555529041653,184.23772409043644,186.60691833496094,1483239,79.03900672651976
2024-08-30,186.9368136161496,194.83413814339997,184.4876445098732,193.844482421875,2724553,80.21307717792271
2024-09-02,194.93411561053907,196.0337500564622,189.25604202629415,192.4149627685547,2566054,76.71452667753066
2024-09-03,192.93478722127531,193.68453380374143,183.53796948915357,187.3466796875,1299896,69.16995293879727
2024-09-04,185.17741570036975,187.98646380333983,183.5879413445313,186.53695678710938,777362,64.48058826230272
2024-09-05,187.82652030352327,196.8834569202511,187.81652917335538,194.0044403076172,1715120,63.15311710339576
2024-09-06,190.78552716843993,193.83448451886954,187.98647010153522,189.71588134765625,1048431,56.30550968392268
2024-09-09,188.94613686279504,192.93479431956996,183.65793081817358,191.38531494140625,1218394,56.21216279000264
2024-09-10,193.33465990344354,197.43328095122655,190.43564567700585,191.4053192138672,2071742,53.40910372101696
2024-09-11,190.93546190000913,196.9334345251403,190.39565107534594,192.53492736816406,1391486,60.77495602052313
2024-09-12,193.93445325476281,198.3329605260978,192.53493237396538,193.9944305419922,2098538,67.00761103972809
2024-09-13,194.95921929500975,199.35829301276053,191.06004101134874,192.79966735839844,1992647,57.13511333787256
2024-09-16,192.13980989901304,197.95860032207656,188.47057908735144,196.7788543701172,1852157,58.4109875096065
2024-09-17,197.9585993140606,199.85819593251168,193.45954023874106,194.4393310546875,1864169,55.894791186914084
2024-09-18,207.75655838956754,207.75655838956754,196.20897009225396,199.27833557128906,2896393,64.75748879905544
2024-09-19,201.70780909530546,202.50764484667909,195.00921328179783,196.0889892578125,2536823,52.886161665550894
2024-09-20,197.35872522360594,206.8567391425296,195.4691209594335,205.1970977783203,2525118,63.72577356479815
2024-09-23,206.9067243999893,210.80591807646667,201.20791930193613,202.82757568359375,2071804,67.6465636236127
2024-09-24,202.69762032216252,203.4474635258846,195.20918070230925,196.65887451171875,994305,60.281747948300335
2024-09-25,196.65886396007843,199.40828889287354,193.94943920580445,197.84861755371094,1163197,54.4756975089929
2024-09-26,197.84862748157346,198.45850056203844,195.05921748588545,195.2691650390625,408613,56.73355446715482
2024-09-27,195.45911843582027,199.4882744905456,193.05962640892417,196.31893920898438,666062,56.07346235253544
2024-09-30,193.95943354877886,195.80905280599367,188.06067337298833,193.69949340820312,1397256,52.65433059939983
2024-10-01,192.95965092982448,195.8990387268534,191.60992706201358,192.27980041503906,504793,49.70678950643134
2024-10-03,192.94965340758253,198.40850323855474,187.06088555196527,187.95069885253906,1174628,43.48389869099543
2024-10-04,192.95964763978094,197.9586022418478,183.48163398582983,189.7103271484375,2025259,46.70928314276195
2024-10-07,189.7203202366467,204.71718409588962,189.7203202366467,198.68844604492188,7331781,51.83829653469491
2024-10-08,201.20792217384113,203.90735460033318,194.95922893862868,202.25770568847656,3775871,57.35239463483328
2024-10-09,203.45744519768797,206.25686272818612,200.22812490911528,202.00775146484375,1102614,52.809205808660224
2024-10-10,204.93714342506456,206.90673280514937,200.38809157884435,205.5670166015625,1267118,59.68138125893868
2024-10-11,206.95672419929392,207.95651513745477,200.05817282822375,201.5478515625,1070222,45.83997080498166
2024-10-14,200.46806793865002,200.9579709718406,196.00900906619108,197.49868774414062,1020509,44.149282636520205
2024-10-15,197.4986893891409,200.95797264565385,195.119197400278,197.06878662109375,1013311,50.51494340299689
2024-10-16,196.40892704766003,199.75823279780454,195.95902417592697,198.33853149414062,474180,50.614209439928686
2024-10-17,200.00817397402568,200.9579722844494,184.96131777424446,185.8311309814453,4394201,40.52589158609611
2024-10-18,186.06108689389666,186.55097465631025,182.02192323846572,185.14126586914062,2867817,38.6979377524118
2024-10-21,186.36102014617694,188.5605723600256,182.11190876443996,184.96131896972656,1333975,40.70608833050241
2024-10-22,183.4116347766076,187.19084310093385,173.56370371408693,175.2333526611328,1301074,34.59244785058114
2024-10-23,175.22334470506846,182.64179122805615,172.1040020311432,178.95257568359375,841688,41.77631789964977
2024-10-24,178.8425980635149,181.2720825869346,173.49371073630795,174.28355407714844,449046,36.612886524633
2024-10-25,173.96362508032576,177.96278887527578,166.41520036623777,171.78408813476562,924634,23.695049452956127
2024-10-28,171.4641375224877,175.51329367545034,169.35457813574803,174.65347290039062,472070,22.636277034040106
2024-10-29,173.97361102417463,177.9627822532144,171.3541637177447,176.42311096191406,468351,25.380044314642774
2024-10-30,176.46309555117452,182.4618410090048,174.66346886270568,180.87217712402344,490142,26.636396787188943
2024-10-31,180.96215137084397,182.8417631287525,179.02255460033808,181.73199462890625,323548,30.060360059917855
2024-11-01,183.9515413002784,188.95049602086817,183.9515413002784,186.52099609375,213511,39.11579137195668
2024-11-04,186.46099908504783,187.76073027992382,179.7624032414231,185.66116333007812,587588,38.7851322484639
2024-11-05,184.96131219174347,191.6599080145951,183.37164835911472,190.40017700195312,1729434,42.694135232252265
2024-11-06,190.40018976722027,194.95923402979028,180.96216081739507,184.33145141601562,3346716,48.43424458111904
2024-11-07,186.56098745688163,188.63054668047695,183.6515922856666,186.0410919189453,800876,50.91988423101509
2024-11-08,185.9111085563986,186.3110340563183,180.9621468188265,182.00192260742188,603534,47.19589320315637
2024-11-11,180.2123164625422,181.06214486155383,174.06360829990172,175.42332458496094,694135,50.19142831663013
2024-11-12,175.42332425040067,178.9525850321693,170.94424987545432,172.2839813232422,498055,43.20082318278883
2024-11-13,171.96403218277663,173.80364374943485,164.97548840612401,165.89529418945312,767299,41.73723240806513
2024-11-14,167.04506013539637,170.9642385091448,165.23544110435316,167.9248809814453,773147,46.163009406291025
2024-11-18,169.86446276666803,169.91445536130408,162.99590436929876,164.9355010986328,523153,40.36097186222336
2024-11-19,164.95550897040476,169.55453803754733,164.95550897040476,165.77532958984375,320342,39.2402506429054
2024-11-21,165.77532161096758,165.77532161096758,159.92655417845458,161.50621032714844,429092,30.358957915236218
2024-11-22,161.51622594980776,165.69534466683882,160.58641246260498,165.26544189453125,337757,34.22718540370964
2024-11-25,165.9652856178643,169.51454628310088,164.06568905339304,168.00485229492188,797323,31.539078963622615
2024-11-26,168.00484990230987,172.1639835536406,168.00484990230987,169.0146484375,442895,33.452613888358016
2024-11-27,169.56454186502495,174.26355601959568,168.62473598299113,173.56370544433594,425919,33.20034433816761
2024-11-28,174.8634284797137,175.44330905285287,170.96424993432825,171.5541229248047,267998,36.126808795739905
2024-11-29,172.06402291726658,172.96382864032358,163.4658149288607,164.31564331054688,1633516,28.939747637708976
2024-12-02,164.8155383676059,165.41540376298323,158.99674792217402,161.17630004882812,1573301,29.453580013777625
2024-12-03,161.25627103850098,164.66556174262968,160.70639823607922,163.0059051513672,876226,36.48236701927977
2024-12-04,163.81574780698628,164.45561338346383,161.76617337658837,163.58578491210938,416235,39.972332859900625
2024-12-05,163.96570688324763,165.57537083543517,160.9863342858391,162.2560577392578,493613,45.250530006766716
2024-12-06,163.0658992529463,170.78428609646872,162.9559216455024,166.4051971435547,803347,48.12067219076402
2024-12-09,169.59454239740006,171.95404963107998,167.44498271843455,169.224609375,1019343,55.32654813091107
2024-12-10,169.86446268231293,177.82280471864325,169.86446268231293,172.08399963378906,2389926,57.46037715012853
2024-12-11,172.93383182981384,174.30354047022178,169.1846159843775,170.4243621826172,992748,61.23994393682277
2024-12-12,171.1642036149694,171.36415874920723,166.3152267734074,167.3150177001953,490744,52.62619299090107
2024-12-13,166.8451164998979,168.14483251392022,162.56601250866382,164.1856689453125,522738,45.15476474396102
2024-12-16,164.96549503838804,171.664090876706,164.96549503838804,168.9546661376953,908806,49.9305293167697
2024-12-17,170.7542841299264,170.7542841299264,165.46539688749644,166.5051727294922,746445,41.406993618050464
2024-12-18,167.96487890059913,167.96487890059913,160.66640194486993,162.07611083984375,759334,39.10344370270755
2024-12-19,160.7163836470621,162.4660176836553,158.616816700911,160.85635375976562,418199,45.38418437527232
2024-12-20,161.86613959267646,164.3656168270019,153.837819936471,155.9073944091797,1066580,43.293443946846786
2024-12-23,156.86719387458797,158.55684302014183,151.56831404670797,152.73806762695312,515974,37.36156494948292
2024-12-24,154.81762103863883,162.66597014973433,152.19815860714183,161.64617919921875,610544,48.01877699528175
2024-12-26,162.76596430242617,162.96591943466183,157.1671290662351,160.15650939941406,478525,47.86238717395019
2024-12-27,160.9663356538998,163.7657532381308,157.53706017352576,162.33604431152344,443203,45.683974402548095
2024-12-30,162.92592868907383,165.41539821931624,158.96675008763557,159.32667541503906,382808,39.54370000312719
2024-12-31,159.86655538566527,159.96654057576436,155.31751909252046,159.61660766601562,393140,36.07323447967173
2025-01-01,159.5666329228146,159.76658805066808,157.47705835829038,158.09693908691406,213358,36.186391469414076
2025-01-02,160.96633701509572,163.71576202622313,157.11713589727788,157.5270538330078,1282821,38.37012315488855
2025-01-03,158.96675064004924,161.75616049542086,156.93717636490402,158.52684020996094,1014276,42.91788646298217
2025-01-06,159.8665528405773,160.0165306233383,147.9690476769033,150.04861450195312,989517,28.348931432088236
2025-01-07,150.04862310772486,155.3675028693359,148.96884708342816,154.4676971435547,531279,36.80979871804475
2025-01-08,152.96801134292932,154.4976902359107,150.46853403340432,153.66786193847656,349637,39.99045261784641
2025-01-09,153.96779237115607,153.96779237115607,148.96883807339128,149.60870361328125,181543,37.45816985234818
2025-01-10,149.06883554111536,150.0586188100235,142.5601867456937,143.10008239746094,615359,36.199078952041575
2025-01-13,141.27045941750572,142.970100922811,134.0719678767077,135.93157958984375,734993,33.32669285316808
2025-01-14,135.5616448992623,145.96947186258916,134.5818540857248,144.4597930908203,623226,32.82030897992939
2025-01-15,143.99987893958942,145.9694681897205,140.65057339601069,143.63995361328125,298990,33.26578399031099
2025-01-16,144.85970152105682,146.15943272988693,141.9703064576014,142.7001495361328,255466,29.592677545852553
2025-01-17,142.32024509452577,143.30003593509323,138.54103659673805,140.1007080078125,477381,29.8469930426955
2025-01-20,140.9405199981473,141.7703482499405,136.63142379442436,137.1413116455078,1008692,27.68956074998796
2025-01-21,137.3212795330849,138.12110000967462,132.20234000044385,132.97218322753906,600056,26.3058588956349
2025-01-22,132.97219218611625,133.75202788224857,127.60331220672919,128.78306579589844,1099319,24.624889340536953
2025-01-23,129.37292993579945,131.59246684407142,124.27400575226474,130.2727508544922,1549586,25.27126474113929
2025-01-24,130.02280991714812,131.22255594899062,127.48334010954223,128.7730712890625,499687,28.787883397969566
2025-01-27,125.97365735384746,126.57353038711541,120.22485949841395,125.54374694824219,1290316,20.461499719817766
2025-01-28,125.47375660899085,126.93345039205438,117.11550416409631,122.45439147949219,952159,19.54739849559587
2025-01-29,121.77453540544386,128.3731462318757,121.58457269240259,127.8632583618164,424364,29.32902230306894
2025-01-30,127.97323449127836,131.68246542219978,124.47396636065747,125.0838394165039,510128,31.567089883800676
2025-01-31,125.08384046868345,131.36252611827894,124.43397485625604,129.50291442871094,384141,43.030554073176134
2025-02-01,128.62310107758944,134.77182464335442,128.37315333724774,133.0421905517578,576476,36.120579257661035
2025-02-03,131.02260761757447,131.22256275732292,127.17340634111996,128.51312255859375,462577,33.132676075892675
2025-02-04,128.51311819721724,130.8726253796121,128.17319294562105,129.00302124023438,140671,34.57208550418312
2025-02-05,129.0230259787032,133.37210748582393,129.00302588800673,131.6524658203125,253132,40.4949341932684
2025-02-06,131.65245690026904,134.60185222638893,130.22276325212673,132.4123077392578,309183,44.40237718354611
2025-02-07,131.7724383823898,132.58226653799133,129.12298345036746,130.13278198242188,180046,46.481672585282325
2025-02-10,129.17298571081568,129.79286646413073,127.47334417296264,128.06321716308594,357536,49.05857899227881
2025-02-11,127.92324205368274,127.92324205368274,118.39523603811055,119.1750717163086,564419,37.839621901730496
2025-02-12,119.97491072345932,123.76411923581117,113.4062846664619,114.7760009765625,1560610,35.578914205330435
2025-02-13,115.97574604339952,120.66476787173966,114.07614178092192,115.86576843261719,1024511,39.5689676722465
2025-02-14,116.67559286678802,117.1654958909351,106.7276766429875,108.29734802246094,1370188,36.084907924227664
2025-02-17,109.37712965162527,109.8770251183806,99.07927998534576,102.04866027832031,2219218,25.03868240648758
2025-02-18,102.04865999402352,103.25840610486524,97.03970529530571,100.36901092529297,1364777,25.582786109251856
2025-02-19,100.87890146831408,106.97762431986826,99.34922264007596,105.59791564941406,1557873,26.754822893733277
2025-02-20,104.98804740140018,113.67622537189307,104.11822654872553,112.51647186279297,1152543,31.271657509061882
2025-02-21,112.51647131033474,115.41586651054804,109.47710599122418,111.96658325195312,1002895,33.72024243821795
2025-02-24,106.32776097356259,112.02657369547013,106.32776097356259,110.49688720703125,618587,32.13664790217722
2025-02-25,111.57666394032881,113.92617105137145,110.3869179452932,111.88660430908203,502634,30.44511084559059
2025-02-27,111.97658000338554,112.69643066671232,106.87764797521979,108.77725219726562,692130,27.655959239843867
2025-02-28,107.07760762947802,107.4775255290997,102.29860817988784,103.61833190917969,1382887,26.228044830490262
2025-03-03,103.6083251632192,105.76787710482837,99.07927374033213,104.49813842773438,1817564,28.411789440017543
2025-03-04,104.49814054013554,108.97720708672044,102.17862597881455,107.20758056640625,933596,37.636858516466845
2025-03-05,107.97741710176072,113.47626704675778,107.1475888248439,112.13655090332031,872711,47.30281832010982
2025-03-06,112.23652824196348,115.57582617686643,112.23652824196348,113.26631164550781,535018,47.34585575656618
2025-03-07,113.08635026977862,116.37566327405392,112.4664771605057,113.85618591308594,631360,56.61904687498296
2025-03-10,114.00615732912269,115.51584375333807,107.57750141168292,108.2073745727539,1910465,57.43961519171385
2025-03-11,108.73725977436412,108.74725219128936,96.27986614964199,98.81932830810547,3252914,48.421903654079294
2025-03-12,99.97908925441865,102.87848436835662,96.63979133466466,102.0286636352539,2222515,46.209389791720575
2025-03-13,102.37859151869952,103.36838239163845,99.31922612301659,99.77913665771484,1226864,34.98350577109126
2025-03-17,99.96908746867119,101.94867675766426,98.57937876246154,100.99887084960938,1488096,37.270822383008024
2025-03-18,100.99887084960938,100.99887084960938,100.99887084960938,100.99887084960938,0,38.58721440625323
2025-03-19,108.38733683656898,113.97616439420425,108.38733683656898,111.92658996582031,1897084,50.039087198685124
2025-03-20,112.87639765830309,115.62582271910951,110.3669202852014,110.87681579589844,1965265,52.13849613197295
2025-03-21,111.97658263162504,113.97616446433263,110.87681414919574,111.30672454833984,961293,58.66576821493084
2025-03-24,111.57666429955094,117.55541731200275,111.57666429955094,114.29609680175781,2740652,60.54217797152234
2025-03-25,115.31588181178513,115.6658147383319,107.77746493774445,108.97721099853516,2152065,51.802812290483864
2025-03-26,108.67726868850438,110.62686553650195,102.87848599664835,104.29818725585938,1464948,41.9737865097053
2025-03-27,103.97825691318417,107.92742804290167,102.92847338361396,105.36796569824219,3209613,41.90241967200189
2025-03-28,106.27777756789995,109.177165126043,99.9790917373285,102.47856903076172,2830444,38.86061295622174
2025-04-01,102.14863400631008,106.4777304163509,101.44878343028003,105.05802917480469,753269,46.71942926997286
2025-04-02,106.97762429558706,108.5273032126708,103.55834131232511,104.2481918334961,2118607,56.885619134026754
2025-04-03,104.09822919017964,106.48772878358201,103.47835609846138,104.13822174072266,1499560,52.90393644157511
2025-04-04,104.12822402864005,104.45815685716128,98.57938146823474,100.31901550292969,2264447,50.7123903346945
2025-04-07,89.98118077389425,95.77997103044267,88.48149442766268,95.10011291503906,1699864,42.959436639828894
2025-04-08,98.87932082116721,98.87932082116721,94.22029159948458,96.00991821289062,721006,44.17192600808055
2025-04-09,94.98013656907197,95.51002453158837,92.03075643199419,94.34027099609375,940958,23.78538688569931
2025-04-11,96.91973414527544,97.82953991526483,95.97992824035946,96.45983123779297,940304,29.173884551606506
2025-04-15,98.60937324891702,99.36921646506319,97.81953752636232,98.92930603027344,1002721,33.11509581517261
2025-04-16,98.96929842028943,103.4083724287068,98.8793209012103,100.7889175415039,1844969,30.98788598743174
2025-04-17,101.3788016452487,101.75871945195769,98.99929435433616,99.4192123413086,846462,34.86383338818564
2025-04-21,99.62916774055662,100.77892883608386,98.61937676506233,99.63916778564453,951734,41.408560164572876
2025-04-22,100.42899367328454,102.47856808612678,99.15926257615641,100.86890411376953,1022535,41.75218670880499
2025-04-23,101.5787519891514,102.44857280167284,99.17925234907085,99.57917022705078,1561000,44.35356716436539
2025-04-24,100.16905337897121,100.97888157246851,98.47940430582324,98.67935943603516,782306,36.70831177841362
2025-04-25,99.44919928571255,99.75913201522233,93.09052872781513,94.14031219482422,1374250,31.770634107734423
2025-04-28,93.81038361028116,94.78018202060673,92.19071957808596,93.54043579101562,751922,31.218972032746763
2025-04-29,93.66041077069316,95.23008216104407,91.38088876460894,91.6308364868164,916964,33.485353904644114
2025-04-30,91.67083252545466,92.0207578242987,89.55127301448597,90.26112365722656,880135,39.225273489446046
2025-05-02,90.25112101307174,90.88099416065099,87.4817035816334,87.73165130615234,1089978,32.8072973626476
2025-05-05,88.0315891751257,92.48065549654247,86.81184309299374,91.33089447021484,916229,44.21374770534672
2025-05-06,91.35089460454975,91.92077509575353,86.32194011742989,86.7718505859375,665388,32.97009426763209
2025-05-07,84.98223078498948,88.33152894330856,84.85226070744383,87.46171569824219,904362,28.496451173376045
2025-05-08,87.1817646533459,91.0809507436697,87.1817646533459,88.43150329589844,886592,26.027912632495315
2025-05-09,85.23217438952285,88.88141270712678,84.7822715347741,88.06158447265625,1009997,27.078268201447187
2025-05-12,90.78101675975961,94.83016532757338,90.75101662541202,93.97034454345703,2175257,40.6957454257855
2025-05-13,94.77018197564891,94.77018197564891,93.10053297426334,93.54043579101562,573087,37.64744703763363
2025-05-14,94.65019981387935,95.62999822252097,93.33047617084716,93.92035675048828,951926,40.15994311246961
2025-05-15,93.98034249794227,94.8301632183745,93.48044705912342,93.9603500366211,809207,41.54122022612908
2025-05-16,94.57022102866591,96.0299225085194,93.3304824031049,93.95035552978516,2358467,49.59350336815227
2025-05-19,94.17030696302031,95.87994848035063,94.17030696302031,94.9901351928711,3698470,53.04494724484476
2025-05-20,96.97972098862633,102.77851148030317,94.88016154432937,97.59959411621094,5120821,62.178722195983
2025-05-21,98.27945242381622,98.91931801500148,95.77997507456148,96.35984802246094,2015047,62.51025864621552
2025-05-22,95.97992667295405,97.11968769197144,94.38026275396466,94.92015075683594,1296712,65.43582347076222
2025-05-23,94.92015295532624,98.37942864394996,93.48045158099058,97.11968994140625,2222639,63.225236311535554
2025-05-26,97.87952992132331,101.67873073692064,94.18029904163743,94.66020202636719,5978596,69.93431717470536
2025-05-27,95.67998791348857,100.37900981026914,94.98013732118905,96.45983123779297,5562566,71.53110213810199
2025-05-28,98.32943063382984,101.87869127687453,97.73955768130412,97.9695053100586,4315134,72.24813540741637
2025-05-29,98.67936236437914,99.28923544576273,95.4900344643989,96.02992248535156,2932043,67.31857897002455
2025-05-30,96.07990605754631,97.72956260404402,95.18009270238399,95.33006286621094,1796441,53.82023353409703
2025-06-02,95.86994690545205,97.74955101448111,93.13052202910782,95.53002166748047,2788970,55.663068909549956
2025-06-03,95.90993950141758,97.42961828402039,94.39026071881477,94.91014862060547,1627812,52.77933453989539
2025-06-04,95.21009243683224,96.60979361919676,94.40025660669349,95.62000274658203,1500495,54.491341633824774
2025-06-05,95.58001001652761,97.97950973979678,95.58001001652761,96.12989807128906,2422475,55.74288153031468
2025-06-06,96.97971871186462,103.87827754785609,96.81974850419209,102.87848663330078,12030821,65.97812635605342
2025-06-09,104.97804854927686,107.57750346398477,101.18883997678131,101.86869812011719,8780940,59.2464191524942
2025-06-10,102.68852353618522,105.09802329263321,101.22882972170689,101.8187026977539,4323275,62.465743305375106
2025-06-11,102.67851957034638,107.77745912311605,102.02866160536112,106.68768310546875,9332449,73.23330401041164
2025-06-12,107.97741835313323,108.33734369120096,102.84849372736716,103.16842651367188,4358151,61.35084862919912
2025-06-13,99.97908812748277,102.2786102055345,98.97929724620793,100.92888641357422,3454952,61.861510970521515
2025-06-16,101.73872569038471,102.1986285961486,96.57980090539971,100.90889739990234,3179780,59.026365777488294
2025-06-17,101.59875109056567,102.41857929994434,98.89931116129517,99.31922149658203,1914836,52.72947424873501
2025-06-18,99.44920293140056,100.51897889884032,98.00950158165014,98.8993148803711,1640054,56.18265967943287
2025-06-19,99.37921493727698,99.43919994914489,96.13989462382568,96.76976013183594,1946959,52.922073497804234
2025-06-20,96.77976060556637,99.65915560498026,96.14988746696399,99.17925262451172,1331232,56.79700831138298
2025-06-23,98.31943471990344,99.17925551527964,96.47982310138649,98.609375,1081582,56.90298534024109
2025-06-24,99.97909092667079,102.46856815496109,99.63916567886378,100.9788818359375,2482002,59.41672527549726
2025-06-25,101.97867492302107,103.70831658922172,100.78892127469,102.44857788085938,3048221,60.74099454988571
2025-06-26,102.628538298272,103.97825449938688,101.07885933874796,101.5987548828125,1136056,47.27891299925474
2025-06-27,102.54855590520599,102.66853356342241,100.4589965122496,100.80892181396484,1341547,47.72532627395778
2025-06-30,101.42878451928833,102.21862025158455,100.67894133862983,101.48877716064453,1271253,49.31050009311534
2025-07-01,101.48877363905748,102.47856446739789,99.87910972354076,100.77892303466797,1960928,35.053117802521356
2025-07-02,100.78891518155964,101.26881815547574,97.72955755971637,99.2092514038086,2173972,38.88888175178731
2025-07-03,99.20925649966898,100.17904728620175,98.48940581571937,98.75934600830078,1029400,43.231456639011654
2025-07-04,99.33922356360075,100.01908167475435,98.49939524850552,99.21924591064453,953381,44.86944378549083
2025-07-07,99.18925448853624,100.13906042227332,96.65978472650457,96.88973999023438,1487635,42.9401735930208
2025-07-08,96.97971467986554,98.97929642584215,96.5797968051104,96.8397445678711,1485562,43.88360469278908
2025-07-09,96.78975189181888,98.5593860070895,96.78975189181888,98.07948303222656,1269840,54.10657557316187
2025-07-10,98.57937803893732,99.37921378429219,96.87973661480696,97.01970672607422,1759082,42.60274402195218
2025-07-11,96.91973342469537,97.78954663611513,94.4102561004513,95.07011413574219,1468542,38.923648053667165
2025-07-14,95.36005091717352,96.1798791296104,93.58042438001534,95.7099838256836,1395924,31.508767608179355
2025-07-15,95.97992975695139,98.27945195849814,95.96992971181785,97.99950408935547,1075980,35.23554554518566
2025-07-16,97.96950562547484,98.46940106256667,96.67977448244201,96.94972229003906,745208,34.77404362709578
2025-07-17,96.96972119031658,97.67957184278691,95.48003482464782,95.73998260498047,1042858,33.84320126375914
2025-07-18,95.97992377315607,96.4798192094746,95.2300806186783,95.49002838134766,882848,30.340744296758572
2025-07-21,95.76997087153414,95.97992604442041,94.5802172640461,94.9901351928711,906847,30.764113537029345
2025-07-22,95.43003934654874,96.7297705811883,94.9201514742603,96.30986022949219,914299,40.202706012346745
2025-07-23,96.82975062797118,96.82975062797118,94.99013896703825,95.3000717163086,805595,38.73698110732874
2025-07-24,95.46003790622494,95.91994080208507,94.5402244867055,94.77017974853516,567748,35.58004923793952
2025-07-25,94.77018437486846,94.77018437486846,92.23071446504774,92.4206771850586,1013133,35.533989022240505
2025-07-28,92.63062604673276,92.7306036086216,90.58105170291586,91.04095458984375,825116,32.71751839190806
2025-07-29,90.95097638043839,92.9805506197551,90.03117061358138,92.3506851196289,679266,32.997056749617215
2025-07-30,93.13052651278912,93.68040694676941,90.8809969237256,91.1009521484375,607839,32.62913899277251
2025-07-31,90.28112499701324,91.24092338475656,88.99139376816453,90.12115478515625,1540149,34.598658618122144
2025-08-01,89.98118267379806,90.93098099534618,87.81163821111276,88.14157104492188,658046,28.2596394369111
2025-08-04,88.4814982526198,91.60084873363525,88.4814982526198,90.12115478515625,850456,26.959077819572187
2025-08-05,90.68103596886415,90.68103596886415,88.44150638022947,88.70145416259766,445557,26.38811295263413
2025-08-06,88.68144837197535,89.90119447107232,87.89162028596905,89.2213363647461,602501,30.572078758376804
2025-08-07,88.98139364536908,88.98139364536908,86.78185662885055,87.93161010742188,748820,28.787866460147313
2025-08-08,87.9815985362472,92.38067998861939,87.07178516276741,90.61104583740234,2703578,39.04997920553705
2025-08-11,90.61104892331801,91.13094447666931,85.81205705276426,87.45171356201172,1126307,29.71609822603756
2025-08-12,87.84163078713718,88.58147393169612,87.19176516397893,87.52169799804688,467332,31.3875382508364
2025-08-13,87.8816193711436,88.72144004416059,87.54168650744694,87.72164916992188,342056,32.863354606406105
2025-08-14,87.88162237681428,88.9114057920523,86.93181643712343,87.26174926757812,429088,36.18839589216756
2025-08-18,87.5716800241937,88.44150084083064,86.98180706292662,87.36172485351562,449441,39.425262151506246
2025-08-19,87.39172711144332,89.57126397273056,87.18176430786312,89.4512939453125,451948,42.02419004485001
2025-08-20,89.29132077247417,90.02117146882175,87.66166438918171,87.94160461425781,870718,41.431632579585504
2025-08-21,88.93140011812491,88.93140011812491,87.50169878398516,88.4015121459961,637276,45.200878076407975
2025-08-22,88.48149834411957,89.11136389140886,86.32194624861422,86.6918716430664,1186759,45.892336699766055
2025-08-25,87.08178666322935,88.08157757240029,86.48191364328665,86.64188385009766,789430,38.9312806641887
2025-08-26,86.64188340007183,87.1117787175901,85.98201774210276,86.20197296142578,427939,41.51964646815014
2025-08-28,86.29194726386899,87.38172327502603,85.28216398051856,86.4419174194336,467005,40.38726013271399
2025-08-29,86.46191988106413,87.25174797496786,85.88203933179378,86.052001953125,380957,43.0678315011801
2025-09-01,85.98201891561925,87.25175002476935,85.98201891561925,86.68186950683594,258774,32.92787145441852
2025-09-02,87.48170515661687,88.68145120478788,86.43192164361773,87.92161560058594,552986,52.45047214289295
2025-09-03,87.88162282920617,91.98076404932263,87.88162282920617,91.13094329833984,1403607,64.17911074051806
2025-09-04,91.48086672125937,92.3006949485128,90.38109826437784,91.34089660644531,1076314,64.20723949810363
2025-09-05,91.70082279518329,91.98076302742757,89.21134558381169,90.14115142822266,388509,60.68250946373043
2025-09-08,91.78080616672457,91.79079858354535,89.48128408329676,89.8412094116211,538114,59.06433400959786
2025-09-09,90.42108847307,90.62104359539617,89.26132740574106,89.76122283935547,382246,51.32816448929602
2025-09-10,90.39110106661761,92.98055589747231,89.58126523157473,90.66104125976562,1141291,62.29658178747221
2025-09-11,90.880994759128,94.98013594267297,90.880994759128,94.4102554321289,1822138,70.94076543879521
2025-09-12,94.48024150854741,101.96867332936698,94.48024150854741,100.90889739990234,11070915,87.14732592454969
2025-09-15,102.12864579253548,105.96783933124247,102.12864579253548,104.56813049316406,8113559,89.40657740925413
2025-09-16,106.77767164005351,107.86744006449581,104.72809723493273,107.28755950927734,5404203,92.1294396481025
2025-09-17,107.77745930418256,110.07697373846831,106.52772071126671,109.4970932006836,5146230,92.70369939099045
2025-09-18,109.97700144000194,123.27422375614012,109.97700144000194,119.55500030517578,31920752,95.69129108106765
2025-09-19,118.0,122.0,117.9000015258789,121.38999938964844,5484666,95.82841563567949
2025-09-22,121.69999694824219,127.5,120.62999725341797,122.58999633789062,7345663,95.82403216034348
2025-09-23,122.5999984741211,123.4800033569336,120.5999984741211,122.08999633789062,3304889,94.07810796302182
2025-09-24,122.0,122.30000305175781,118.80999755859375,120.38999938964844,2872089,89.67541288219972
2025-09-25,120.38999938964844,121.80000305175781,119.5,120.61000061035156,1354240,92.75885587027629
2025-09-26,120.0,120.0,114.44999694824219,115.3499984741211,2574654,81.42346406518736
2025-09-29,116.0,116.87000274658203,114.48999786376953,114.93000030517578,1243750,80.74704694613743
2025-09-30,114.93000030517578,118.2300033569336,112.58000183105469,114.0,1410088,78.4906675369167
2025-10-01,114.5,119.25,114.12000274658203,118.3499984741211,1419529,78.8016047530179
2025-10-03,119.4000015258789,119.4000015258789,115.80000305175781,117.44000244140625,974954,72.97831956075365
2025-10-06,116.87000274658203,118.30999755859375,114.4800033569336,115.19000244140625,1008276,65.36646496362548
2025-10-07,117.11000061035156,120.5,115.80000305175781,118.37999725341797,3821890,65.83167275364403
2025-10-08,118.37999725341797,122.0,116.91999816894531,120.80000305175781,3070408,66.03572748328392
2025-10-09,120.80999755859375,123.80000305175781,119.33999633789062,121.87999725341797,2128671,54.426039126196336
2025-10-10,120.61000061035156,120.80000305175781,117.33999633789062,118.55000305175781,1354511,44.88472899688778
2025-10-13,118.30999755859375,118.30999755859375,114.69000244140625,115.72000122070312,1077970,38.3123531360229
2025-10-14,115.72000122070312,117.4000015258789,113.0,116.66999816894531,1279622,40.91822787256857
2025-10-15,116.5,120.5,116.0,118.9000015258789,1332921,47.54692381027745
2025-10-16,119.0,120.30000305175781,115.80000305175781,116.9000015258789,822216,44.230170032342485
2025-10-17,116.44999694824219,119.23999786376953,114.5,114.79000091552734,1212401,49.03448645992224
2025-10-20,114.72000122070312,116.5999984741211,111.51000213623047,114.37999725341797,2939728,49.0513914504434
2025-10-21,115.4000015258789,117.0,115.0,115.97000122070312,331433,53.322093804775974
2025-10-23,115.97000122070312,117.69999694824219,115.19999694824219,116.29000091552734,1076460,45.97970735519037
2025-10-24,117.0,117.0,114.05999755859375,115.0,792216,45.30768761268029
2025-10-27,115.0,116.6500015258789,111.19999694824219,113.38999938964844,1792318,46.451098169486876
2025-10-28,113.05000305175781,114.83999633789062,112.8499984741211,113.16000366210938,1007267,38.34822938454291
2025-10-29,112.98999786376953,115.80000305175781,112.88999938964844,115.0999984741211,723677,36.99815912932978
2025-10-30,115.8499984741211,115.8499984741211,113.27999877929688,114.44000244140625,698606,32.697680343869365
2025-10-31,114.44000244140625,115.80000305175781,113.80999755859375,114.62000274658203,575762,39.291551411521255
2025-11-03,114.62000274658203,115.58000183105469,112.98999786376953,113.5999984741211,370933,43.59128588502125
2025-11-04,113.9000015258789,114.63999938964844,110.05000305175781,111.55999755859375,1430765,35.50765968495759
2025-11-06,111.05999755859375,111.52999877929688,103.55999755859375,104.97000122070312,2167706,18.326508280096988
2025-11-07,104.0,108.08000183105469,101.87000274658203,106.20999908447266,1204209,24.823352348725578
2025-11-10,105.98999786376953,107.5,105.3499984741211,105.62999725341797,515652,26.751256139339873
2025-11-11,105.6500015258789,107.80000305175781,102.76000213623047,106.56999969482422,926825,30.696986633660003
2025-11-12,106.56999969482422,108.0,104.72000122070312,105.66000366210938,1530385,23.63170333461335
2025-11-13,104.0,111.4000015258789,104.0,106.33000183105469,1557353,24.97485940243014
2025-11-14,106.33000183105469,109.5999984741211,105.63999938964844,106.51000213623047,765735,27.40818428798285
2025-11-17,106.5,111.30000305175781,105.68000030517578,110.88999938964844,1143176,44.20222158525927
2025-11-18,110.88999938964844,110.88999938964844,107.55000305175781,109.05000305175781,551198,41.13076469178146
2025-11-19,108.9800033569336,108.9800033569336,105.83999633789062,106.94000244140625,736183,32.51928024767105
2025-11-20,106.25,107.19999694824219,105.0,105.36000061035156,740305,31.28605958979888
2025-11-21,105.44999694824219,105.75,101.0,101.98999786376953,960660,26.99452406747666
2025-11-24,102.6500015258789,102.69999694824219,98.30000305175781,98.94999694824219,776997,25.14420646124684
2025-11-25,99.04000091552734,101.4000015258789,99.04000091552734,100.4800033569336,606077,30.87017515204124
2025-11-26,100.70999908447266,103.44999694824219,99.9000015258789,103.08999633789062,721910,46.236979174620316
2025-11-27,104.0,104.5,94.9800033569336,99.93000030517578,671135,38.32713716690169
2025-11-28,99.93000030517578,101.98999786376953,99.93000030517578,100.91000366210938,433849,41.355321643310376
2025-12-01,101.80000305175781,102.66000366210938,98.30000305175781,99.66999816894531,545848,37.49999654465808
2025-12-02,99.69999694824219,100.08000183105469,99.0,99.13999938964844,315831,38.023504812516464
2025-12-03,99.0,99.56999969482422,96.4000015258789,96.8499984741211,544737,33.564490199641966
2025-12-04,97.0,98.63999938964844,96.26000213623047,97.81999969482422,539001,35.33580659912907
2025-12-05,97.44999694824219,98.37000274658203,95.0999984741211,97.88999938964844,1023291,24.328601422706896
2025-12-08,97.30999755859375,97.44999694824219,92.9000015258789,94.8499984741211,911271,23.227756024040062
2025-12-09,94.3499984741211,95.37999725341797,92.0,94.20999908447266,733845,24.590822497110423
2025-12-10,94.20999908447266,96.41999816894531,91.08999633789062,92.44000244140625,1002078,24.4057144273512
2025-12-11,92.88999938964844,93.30000305175781,91.0,91.29000091552734,715834,26.759350646509873
2025-12-12,91.93000030517578,92.9800033569336,91.0,91.52999877929688,1712075,31.651835506943428
2025-12-15,92.0,94.51000213623047,91.0199966430664,93.81999969482422,1404644,34.12772874551345
2025-12-16,94.30000305175781,94.30000305175781,92.05999755859375,94.0,935338,25.498666192862828
2025-12-17,94.0,94.0,91.75,91.97000122070312,444456,27.152708280868495
2025-12-18,92.0,92.44999694824219,90.25,91.08999633789062,855762,21.651261052045484
2025-12-19,91.08999633789062,91.72000122070312,90.44999694824219,91.0999984741211,545203,23.368559410398262
2025-12-22,90.5,93.05000305175781,90.48999786376953,91.88999938964844,926434,27.828754453978206
2025-12-23,92.05000305175781,94.0,91.41000366210938,92.54000091552734,1340736,35.35011695633456
2025-12-24,93.0,93.0,89.36000061035156,89.83999633789062,1735223,25.72993166498439
2025-12-26,91.44999694824219,93.23999786376953,90.0,91.37000274658203,1211334,31.787735951591316
2025-12-29,91.37000274658203,92.44000244140625,89.9000015258789,90.08000183105469,712344,35.23222388352313
2025-12-30,90.01000213623047,91.12999725341797,89.19999694824219,90.11000061035156,869172,36.80825544796625
2025-12-31,90.44999694824219,92.98999786376953,90.02999877929688,92.06999969482422,833188,48.82389603082795
2026-01-01,92.6500015258789,94.88999938964844,91.44999694824219,93.31999969482422,1768122,56.411865406637126
2026-01-02,93.97000122070312,95.2699966430664,92.91000366210938,94.88999938964844,736086,59.79020077378692
2026-01-05,95.0,96.30000305175781,93.0999984741211,93.5,1339919,49.01599215102244
2026-01-06,93.5999984741211,93.61000061035156,91.33000183105469,91.9000015258789,535146,44.06109551622432
2026-01-07,91.94999694824219,92.4000015258789,90.80000305175781,91.16000366210938,600381,47.52899074232685
2026-01-08,91.0199966430664,91.33999633789062,89.19999694824219,89.79000091552734,730493,46.14930551318261
2026-01-09,89.26000213623047,89.77999877929688,85.69999694824219,87.05000305175781,1422569,39.673651910674266
2026-01-12,87.1500015258789,87.9800033569336,84.4000015258789,85.05000305175781,1020638,33.57350160503056
2026-01-13,85.7699966430664,86.52999877929688,84.55999755859375,85.33000183105469,538988,32.37164432628731
2026-01-14,85.0,85.95999908447266,84.80000305175781,85.22000122070312,352883,37.06608354058573
2026-01-15,85.22000122070312,85.22000122070312,85.22000122070312,85.22000122070312,0,31.16961509620843
2026-01-16,85.1500015258789,88.30000305175781,84.80000305175781,86.6500015258789,618854,39.587123133472765
2026-01-19,86.36000061035156,86.36000061035156,84.69999694824219,85.06999969482422,469521,36.01553314532221
2026-01-20,85.05000305175781,85.16999816894531,80.05000305175781,80.66999816894531,1023224,22.14075748778869
2026-01-21,80.69000244140625,81.1500015258789,77.5199966430664,78.11000061035156,1074617,15.066602136300887
2026-01-22,78.69999694824219,80.54000091552734,77.66000366210938,78.02999877929688,912078,8.431948655827
2026-01-23,78.30000305175781,78.87000274658203,74.8499984741211,75.27999877929688,880520,7.90202926387623
2026-01-27,75.69000244140625,75.69999694824219,72.4800033569336,73.06999969482422,965476,7.685389143697336
2026-01-28,73.70999908447266,75.98999786376953,73.30999755859375,75.08000183105469,1038184,15.816328847604822
2026-01-29,75.9000015258789,75.9000015258789,73.19999694824219,74.47000122070312,639639,16.344467801175853
2026-01-30,73.5999984741211,75.58000183105469,73.2699966430664,74.4800033569336,701440,18.622077700959068
2026-02-02,74.0,74.0,70.69999694824219,72.94999694824219,817515,19.06953431860113
2026-02-03,76.94999694824219,81.79000091552734,75.22000122070312,81.04000091552734,1600364,42.16295562047954
2026-02-04,81.0,83.4000015258789,79.83999633789062,82.51000213623047,865818,45.28368024970649
2026-02-05,82.58999633789062,82.79000091552734,80.5,81.0999984741211,418898,43.165229427165535
2026-02-06,81.0999984741211,81.87999725341797,78.77999877929688,81.19000244140625,568806,40.520843460594875
2026-02-09,80.9000015258789,86.19999694824219,79.11000061035156,85.11000061035156,1461898,50.06422749985605
2026-02-10,86.12999725341797,92.0,85.52999877929688,91.0199966430664,2854309,65.84991294549857
2026-02-11,91.69999694824219,91.7300033569336,88.04000091552734,88.93000030517578,1165319,66.81167567075457
2026-02-12,88.98999786376953,89.01000213623047,86.55000305175781,87.13999938964844,713103,63.440538024039455
2026-02-13,86.94999694824219,88.29000091552734,85.01000213623047,87.51000213623047,874885,69.40653222055451
2026-02-16,87.44999694824219,87.44999694824219,83.12000274658203,83.55999755859375,1111273,65.77442201926644
2026-02-17,83.55999755859375,88.16999816894531,83.11000061035156,87.61000061035156,1045329,67.75289080136477
2026-02-18,87.61000061035156,88.01000213623047,86.05000305175781,86.3499984741211,364388,66.52753044060466
2026-02-19,86.0,87.11000061035156,85.30999755859375,85.81999969482422,479610,65.55127468984418
2026-02-20,85.19999694824219,86.91999816894531,84.44000244140625,86.43000030517578,561351,68.96454308126503
2026-02-23,87.0,88.80000305175781,86.30000305175781,86.62000274658203,590241,60.094064532939974
2026-02-24,86.0,86.69999694824219,84.5199966430664,86.33999633789062,399515,57.240059223671466
2026-02-25,87.9000015258789,89.88999938964844,86.6500015258789,88.16000366210938,1000592,63.142217072843046
2026-02-26,88.45999908447266,89.9800033569336,87.80000305175781,88.69000244140625,625203,63.73625452313801
2026-02-27,89.19999694824219,89.20999908447266,87.0,88.12999725341797,558152,56.30742157013028
2026-03-02,83.0,85.88999938964844,82.2699966430664,83.5199966430664,1498989,33.43641764005346
2026-03-04,81.01000213623047,83.0999984741211,79.41999816894531,81.66999816894531,950540,33.79466127069428
