Date,Open,High,Low,Close,Volume,RSI
2021-03-04,116.34086095267614,119.43720707518757,115.45293796319048,116.38639831542969,50654,
2021-03-05,117.1377201533907,117.63860336863127,114.74715443597456,115.45294189453125,47910,0.0
2021-03-08,118.25331514270954,118.38991333043938,114.54224253680526,115.06588745117188,34712,0.0
2021-03-09,116.11319040287437,120.66664885004592,115.56677677881902,118.16224670410156,61406,70.10301799187464
2021-03-10,121.73671225331991,122.94337594168528,118.4126793068949,119.52828216552734,69924,77.16527018629853
2021-03-12,119.52827259645623,122.48802029884467,115.54399684324102,120.8943099975586,938996,81.52856113764307
2021-03-15,121.21306885620473,122.48803165703923,116.1359585424969,119.39168548583984,1027996,67.36847396375765
2021-03-16,121.57735643325728,139.8139543398242,118.57207068603334,131.57220458984375,3369908,86.44813298067535
2021-03-17,134.32701165963923,142.15896501652,132.96097425293104,135.73858642578125,1973014,88.70676231872204
2021-03-18,138.53896154699942,142.9785831577907,128.20260618704438,130.45657348632812,511658,73.2330844496314
2021-03-19,129.773565854822,140.42865585106006,121.14475653166814,138.1974639892578,408132,78.68264621746486
2021-03-22,145.25532339079766,156.63896942455924,141.1572108186435,152.0172119140625,901392,84.36540367374559
2021-03-23,153.79305810912564,156.6389696211376,145.96110406964783,149.76324462890625,234584,80.85016959670537
2021-03-24,147.9418463718489,150.21857535232073,139.3358136048756,144.68612670898438,204594,73.91302890294745
2021-03-25,144.34461925232333,145.25531085643894,135.03279204182084,139.3358154296875,194564,67.78404023888112
2021-03-26,140.70185117008955,145.71065493342607,137.2412203362105,143.2062530517578,130672,70.57035415995159
2021-03-30,145.71067618202682,149.44451781761242,143.4111851319504,147.3271484375,75534,72.6575028194969
2021-03-31,147.96465547396113,147.98741721049498,141.6581119920877,142.93307495117188,45416,67.08544062197878
2021-04-01,146.62136367398594,150.05921928245496,142.9330595104298,148.07847595214844,116760,68.71642901835216
2021-04-05,148.4882952809161,154.81760027776704,141.3393593567272,147.28163146972656,136456,67.4285960196168
2021-04-06,151.63015594482422,171.66537174534153,147.98738943563924,168.4779510498047,766812,75.72792418313345
2021-04-07,169.82124053417456,176.21884417647573,164.8351979118455,166.63381958007812,273632,70.61028674676145
2021-04-08,168.22753456967826,177.12954062898632,165.51822112760033,172.30287170410156,344430,71.12048123746777
2021-04-09,173.0769394110261,178.49555159082306,168.06813566740607,170.2765655517578,395704,73.89997891751804
2021-04-12,168.47795894420378,168.47795894420378,151.97167242602166,155.11355590820312,220710,59.322460340485286
2021-04-13,160.64600518788708,160.64600518788708,151.31141556118837,153.77029418945312,146292,51.1201642036509
2021-04-15,154.72650929292521,166.06463170993914,154.43053727915927,162.23971557617188,172874,57.38544786998776
2021-04-16,166.201223870045,167.49896223289815,160.55493849586202,162.35354614257812,65194,61.11112390621089
2021-04-19,164.83518171623902,165.60927514459766,154.8175739876278,155.84210205078125,127094,60.23145324703429
2021-04-20,159.9174426915792,161.73882580243523,152.10825148694371,154.95416259765625,56168,57.561545821488
2021-04-22,152.03996304110223,169.82122524301334,152.03996304110223,162.89996337890625,311426,59.55307291853875
2021-04-23,163.46915064710564,169.3658846202339,161.87544026475223,162.9910430908203,120110,62.99026549564583
2021-04-26,166.1784658604746,169.52524658695435,161.28349819847412,163.35531616210938,73842,60.54699507721285
2021-04-27,166.20122386200435,177.03844879102402,163.17317694619462,166.72486877441406,262234,62.962949398767016
2021-04-28,168.4779512352599,172.50776446969195,164.5392127220783,169.25204467773438,126716,50.687151402489945
2021-04-29,168.47795484465124,173.03141308369587,168.47795484465124,169.34310913085938,88638,52.482252251496575
2021-04-30,166.83869948222423,172.23455002835038,166.83869948222423,168.9560546875,64074,46.605057224467075
2021-05-03,170.70914228522597,175.80902094239735,169.0926702096675,171.4376983642578,192214,51.16704854625038
2021-05-04,174.85279408049485,188.5131686180335,168.63732644512507,170.45870971679688,903388,71.57489017971996
2021-05-05,174.16978990282792,178.0402296784463,171.21004183911973,172.78099060058594,83508,76.01243868452602
2021-05-06,175.23985911267525,177.4938128092143,170.34489105866786,172.87205505371094,82946,68.87630350061738
2021-05-07,176.30990355015396,186.6462451206129,170.09442211413116,184.61996459960938,330480,77.9748051687132
2021-05-10,188.69528760206663,196.7093760731456,184.483339156056,186.46409606933594,276086,93.58387370416331
2021-05-11,180.77228631058378,188.76359970619535,179.86159469189064,181.09103393554688,108434,82.98853638413475
2021-05-12,181.13654896700714,184.3012077530587,161.19240900452817,164.76687622070312,456970,51.94496674083028
2021-05-14,164.8351569131411,169.59352542665002,154.47604138890364,159.25717163085938,245288,46.50465530781653
2021-05-17,161.1924300397201,168.4779636008374,160.03130368683804,163.17318725585938,119928,49.84013629131196
2021-05-18,164.60752249778585,172.94034587908686,164.60752249778585,171.2100372314453,164398,53.63872152304895
2021-05-19,172.12072037546469,175.26260376183822,163.03656568611672,164.40260314941406,144422,46.321240068738376
2021-05-20,166.20121456420432,171.0506444839223,159.75807436784328,168.864990234375,143726,49.65986010560902
2021-05-21,173.94210951955694,178.9509137203819,170.2993428280479,173.0314178466797,497856,52.751316461501474
2021-05-24,170.7546801728894,172.98587188127152,161.64776389700197,162.76336669921875,249612,44.7009808500004
2021-05-25,166.79316502887602,167.4761837454497,163.01380035558876,164.31153869628906,80668,46.27071922934437
2021-05-26,167.06637115806686,167.06637115806686,159.82637572086196,160.41831970214844,109008,42.64026731217694
2021-05-27,161.64777345427945,168.34136287122965,160.2134368352336,165.63204956054688,156998,45.93765919320137
2021-05-28,168.34135476878507,168.47795295600443,163.97003212909462,166.72486877441406,74234,38.595480913619475
2021-05-31,168.227515790339,169.3886420524392,160.98750626319202,164.9490203857422,76780,36.276528898464306
2021-06-01,163.01380524325413,168.34135695068622,160.28173029504316,161.3745574951172,113980,37.12843582492172
2021-06-02,163.7878977901341,167.0436176393829,160.5094023121462,161.5794677734375,234760,47.36447265228753
2021-06-03,166.65656497364162,170.2993314211529,162.42185453683024,163.81065368652344,353828,53.98090714155934
2021-06-04,164.83518632556027,174.71619614714294,164.83518632556027,173.35015869140625,525992,58.100749056755944
2021-06-07,168.4779553535657,169.38864700412552,160.41832868769063,164.26600646972656,815046,44.56327892040676
2021-06-08,170.2993319831836,175.7634816724836,165.90524772058174,173.19078063964844,613176,56.65976417435354
2021-06-09,175.30814923160634,176.33267737646636,168.02261575704605,169.93507385253906,234156,50.82602643463626
2021-06-10,169.9350453520363,174.85277406417111,169.9350453520363,170.29931640625,130696,47.759499331920345
2021-06-11,171.21003588952138,173.5095268237656,165.42713816142782,170.0033721923828,115086,57.09822936591499
2021-06-14,171.66538703645554,174.03319103675878,164.4026151034152,170.73193359375,117924,56.39748398603025
2021-06-15,170.73193359375,177.81255606826497,169.43419513004636,170.73193359375,264520,61.141218617196806
2021-06-16,172.18902390426697,172.53053327888713,166.20122898180418,166.67933654785156,78570,51.160436250314056
2021-06-17,169.25204699430668,174.3974492061995,163.71958415982743,165.88247680664062,166828,49.06043336440999
2021-06-18,167.56726476336388,169.38864807600913,158.1643761910431,162.71783447265625,149180,47.586213271889946
2021-06-21,161.19241298054692,163.01379617806722,156.63895498674614,160.554931640625,76748,49.085361181444654
2021-06-22,162.51293009166235,170.7546927054562,161.87544868477246,167.40789794921875,83716,55.66372447726811
2021-06-23,170.27657121254106,177.33443126773258,167.567258084547,171.64260864257812,365234,57.32539436746356
2021-06-24,173.94210397338406,188.51317027481937,173.50951988413954,175.90008544921875,1116366,52.64649541117029
2021-06-25,178.9509134012659,178.9509134012659,173.48676337374633,174.51129150390625,72308,62.654693395061805
2021-06-28,177.58485757041316,177.58485757041316,172.0068716595476,174.21530151367188,106414,51.60828259668786
2021-06-29,173.94210269713818,175.76348597145378,172.0751820617544,173.35015869140625,94732,55.79597512877153
2021-06-30,173.48676007873843,178.4500268135917,173.48676007873843,175.05770874023438,71338,57.72362515974995
2021-07-01,177.37994170651936,178.29063325967013,172.57604932206922,174.76170349121094,83958,57.7235107866914
2021-07-02,177.58485817041074,181.6829702820356,175.05769459332902,175.6268768310547,149432,57.91017276895377
2021-07-05,177.58488388419198,180.2258842912281,176.21884631585206,177.65318298339844,89022,60.4972013850286
2021-07-06,179.77052538319114,185.2802126213516,178.33618881978225,181.6829833984375,202622,72.77121904699267
2021-07-07,179.40625845973193,190.33455846743132,176.85631901205832,186.0770721435547,386834,77.63237398566136
2021-07-08,188.42210497752768,193.4081475353895,183.82312306292184,186.87393188476562,233812,85.34304156255638
2021-07-09,186.69179002478492,191.67783241435544,186.66902829173927,190.7216033935547,118750,92.06344613355176
2021-07-12,191.24525199364132,198.02990220182434,184.4606017854583,186.5779571533203,231254,78.91480054702788
2021-07-13,188.51318644422238,191.01758867959248,182.63922761683762,183.80035400390625,85062,69.18102970956787
2021-07-14,188.51315931457182,188.51315931457182,183.61819201352918,185.4395751953125,64266,66.40561692551213
2021-07-15,187.21545089859532,194.11393802141257,185.09809539104492,185.64451599121094,69058,69.9591694710414
2021-07-16,185.6444872516989,188.42208550039408,184.43780977114173,185.2346649169922,40828,69.67472201501585
2021-07-19,185.78108543256718,188.26272558806474,182.5936648491653,185.2346649169922,68932,71.89585075142124
2021-07-20,187.1471551551881,187.1471551551881,174.05596121185073,182.34326171875,118330,62.8617437833621
2021-07-22,184.41506187294644,187.6024826954418,181.38701487078623,184.02801513671875,72376,65.59390825925539
2021-07-23,186.4641028706538,186.4641028706538,177.69869632545212,181.20486450195312,66410,58.806617653081524
2021-07-26,178.54111079837148,185.3257611930592,177.58488173290687,178.63217163085938,78586,51.519428670758636
2021-07-27,181.61468777860233,183.02626263628363,179.40625771533263,181.91065979003906,65484,50.36180032579245
2021-07-28,182.59366866603884,183.54989764025825,175.74071982689352,179.04197692871094,75878,38.25093778031477
2021-07-29,183.29375169464095,191.51697690224515,182.9900559934621,188.0361328125,82080,51.52374786840144
2021-07-30,191.09645294272616,193.85309818967457,187.38198073339842,192.19444274902344,94822,51.91542020021781
2021-08-02,192.6149713359001,197.63767829008063,192.49816419743075,195.2080841064453,118412,61.563297350343476
2021-08-03,195.20809198044253,197.1704576893554,192.9420448096807,193.78305053710938,58310,63.87860963156747
2021-08-04,192.98876140352317,198.10492011467565,192.98876140352317,195.1380157470703,88366,63.59083773070427
2021-08-05,195.06792185708696,195.0912775813807,188.7603363599117,191.02639770507812,72582,56.79758028675313
2021-08-06,191.02638558117846,193.61949819529949,189.6480557269119,192.61495971679688,37980,59.05214281302812
2021-08-09,193.40924772712273,205.11331621785774,184.5786174670616,186.16720581054688,211378,50.98758469570951
2021-08-10,179.20552040498328,186.7746292839416,175.4443359502691,179.9297332763672,155216,47.61316970544022
2021-08-11,185.44299947379258,191.7272288640342,170.53841231750607,187.40536499023438,163952,52.99675274386645
2021-08-12,189.22757038366407,192.45144465698223,183.29376185581373,190.74606323242188,49480,58.388942821371856
2021-08-13,190.746057236701,196.7032213022685,188.08284877450313,193.99330139160156,109118,63.34769611642685
2021-08-16,191.5637069432132,191.5637069432132,179.92971881230116,182.05560302734375,418130,50.109471326902195
2021-08-17,185.02249976321195,185.41964686949086,178.5046559998982,178.99525451660156,46742,49.96481381890723
2021-08-18,179.88298803963218,182.21913074144558,169.60396015165318,170.7019500732422,141460,36.80652902100688
2021-08-20,168.1789150908441,170.912190584623,151.42876943722595,154.62928771972656,189052,25.79771483759035
2021-08-23,151.3820440294555,157.45601493187192,140.16855928653288,141.6636962890625,607288,19.42367684580583
2021-08-24,141.12637530970017,148.5786762529025,139.7246896846728,142.224365234375,699422,20.26405627155205
2021-08-25,144.04656688917805,149.51314703097188,142.0374896794233,142.45799255371094,280468,19.219204922019998
2021-08-26,143.4391662745441,148.0647261137454,142.9719377199039,144.7240447998047,101798,22.349313022618475
2021-08-27,146.7097806115418,148.11146641356288,142.9719518061522,144.2334747314453,76516,20.72377818342646
2021-08-30,144.39697447357122,149.95700550228415,144.39697447357122,147.13026428222656,93582,25.317555555941468
2021-08-31,149.04589860083416,149.4664014191313,145.7752989450165,146.80320739746094,53228,27.36267641321389
2021-09-01,149.41968495572095,149.41968495572095,143.9764751865083,144.5371551513672,86082,18.45994325192048
2021-09-02,146.52286999585735,156.94206052106358,144.6305858923895,153.9050750732422,234580,25.102588951844808
2021-09-03,156.52156396348715,160.7266209057898,155.58710686519768,156.47483825683594,127184,24.410426449528757
2021-09-06,158.83434850239425,161.14712122929814,157.92324714233047,158.64744567871094,71142,31.58085705949661
2021-09-07,159.3015718488479,159.3015718488479,154.72272373292634,155.6571807861328,42204,31.61572705361509
2021-09-08,157.01215188929982,157.92325328480115,152.90054626464843,154.1854248046875,52028,35.422663529690624
2021-09-09,154.18542473782793,156.35803468921506,151.779200506535,154.79281616210938,51546,50.19852377005846
2021-09-13,154.18542281492878,156.70845415470902,152.08289432199794,153.08743286132812,82348,69.0867029977198
2021-09-14,154.18542230939417,158.76425641995718,154.18542230939417,156.3580322265625,60436,71.65360184250957
2021-09-15,157.80644312212544,159.97905303283986,155.14323467758274,159.32493591308594,101220,73.84417265255937
2021-09-16,157.45602217656315,160.04913493920213,154.6526508618469,156.3580322265625,47740,66.12697508884753
2021-09-17,155.35348997264114,158.11013551440394,149.2795189361168,151.3119659423828,84760,58.71189101685302
2021-09-20,147.17701169241377,151.2886177441562,142.97195421548767,143.579345703125,91538,46.09456891786164
2021-09-21,143.88304424094187,145.23800424602803,132.482655693828,140.3788299560547,220992,43.35428672088535
2021-09-22,141.1263802757579,147.64422436496326,140.93949170424793,144.9109344482422,175744,50.369341295119014
2021-09-23,147.1769961964433,152.31651034933498,147.1769961964433,148.7889404296875,175502,44.32937906979026
2021-09-24,149.51312835944395,150.89145821498082,144.84084309821134,146.26588439941406,111790,38.6728725511508
2021-09-27,149.48979739413727,149.48979739413727,144.84086708581202,145.33145141601562,40744,34.80811271991563
2021-09-28,143.97646890293635,148.9057384576978,140.56570633183844,142.87847900390625,68104,35.24014538050997
2021-09-29,143.22888830625186,147.1769747612568,142.2944313236407,145.4949493408203,47714,40.22079066919552
2021-09-30,147.92457245869153,149.3496139355752,144.3736323706537,148.27499389648438,61120,43.00754065642213
2021-10-01,147.17698436773864,150.19061403683693,147.17698436773864,148.43850708007812,45804,44.84188684765119
2021-10-04,149.04590285199242,150.72792843183936,145.77530310288915,148.57867431640625,53976,40.724234145461054
2021-10-05,148.90573338543825,151.84926732550574,146.73310938445024,149.5832061767578,101078,37.81412646216968
2021-10-06,149.51315265166153,156.03099735354402,149.48979692503383,151.14845275878906,120180,43.246547167056946
2021-10-07,151.84926509831703,152.87717351937866,148.50858411789056,149.2094268798828,54370,47.035563258470866
2021-10-08,151.75580929403114,151.75580929403114,147.20033147313933,148.04135131835938,44178,57.72022366899524
2021-10-11,148.04136984311984,150.37751260769903,147.17699416848876,148.29833984375,43112,65.25644590740657
2021-10-12,149.51315113037765,149.5365068567677,146.63969810882776,148.71885681152344,96202,58.71655445384093
2021-10-13,150.42424675336977,154.09197969256797,148.83565817739068,150.027099609375,56822,53.21211247935624
2021-10-14,149.51312915672324,152.85381028458215,147.17698651364944,149.11598205566406,75048,58.068743984642154
2021-10-18,149.5598753241698,153.25097835350812,149.11600245778163,150.47096252441406,79970,64.21176103256077
2021-10-19,151.61566315927305,152.85381595429155,147.2237176791233,148.53195190429688,109956,66.09031973401244
2021-10-20,149.5131319476165,149.5131319476165,143.60269380204895,144.28016662597656,52144,46.83703826130073
2021-10-21,146.92002378052894,146.92002378052894,141.80386543611485,143.8129425048828,63326,36.79118210620174
2021-10-22,144.2334522425353,144.37361509740904,139.37426414622618,140.4488983154297,32516,30.116406327728583
2021-10-25,140.9628429440521,140.9628429440521,132.71624858285972,133.62734985351562,70402,22.076917640514495
2021-10-26,138.76686754565554,139.93493882129238,135.12249086914164,138.06602478027344,99542,30.935910673404692
2021-10-27,138.55662294395063,142.87848709835518,137.3885515508683,139.81814575195312,32200,31.360553131521854
2021-10-28,140.0751040407154,140.1218297442679,134.49173180392023,135.89341735839844,26596,29.4373122638424
2021-10-29,136.68771680531904,138.67343829109026,134.3515738808823,136.7578125,38344,32.41090304325405
2021-11-01,138.76687802764758,142.4112549794457,134.42165825752804,141.19647216796875,34540,40.20622504883968
2021-11-02,141.07967264998982,144.86421266634673,140.82268838085108,141.59361267089844,24360,40.167648582293516
2021-11-03,143.88303822280275,145.21462818841644,142.24773829158775,143.50924682617188,22392,41.15409274955103
2021-11-04,143.50924682617188,143.50924682617188,143.50924682617188,143.50924682617188,0,42.19768506033664
2021-11-08,148.95246665085534,148.95246665085534,142.57479934062056,144.09329223632812,25844,40.930248101169134
2021-11-09,145.93884409759852,147.22372264226354,142.73832559824154,144.79412841796875,31876,44.49037262554453
2021-11-10,144.56050422008798,147.64421536747437,143.43915860067924,146.14907836914062,25090,53.01204167443362
2021-11-11,146.24254201740638,146.84993345330207,143.60270345573,144.8642120361328,16444,51.650777707600334
2021-11-12,144.88757103607148,148.57867359760874,143.85966255928136,145.12118530273438,39116,58.13007892630907
2021-11-15,143.4391726602377,145.9855740998623,133.6273725759869,134.4450225830078,160594,51.254515361006476
2021-11-16,135.9635031826525,136.92131597239032,134.8421575545322,135.72988891601562,86056,46.031755082871236
2021-11-17,135.96349350489942,137.45863040842622,130.82398000471423,131.26785278320312,84472,36.70055262465859
2021-11-18,131.26786932646502,132.45929644818673,128.20751371045876,130.42684936523438,63646,40.594850620530835
2021-11-22,130.3567760895176,130.98753753523616,127.08617597257631,127.8804702758789,101842,35.562270279150454
2021-11-23,126.54884748551358,133.81424526756834,126.52547750430539,130.2633056640625,39406,30.944524139677114
2021-11-24,132.69290080293408,134.18803778306005,129.11860544642263,129.84280395507812,47528,29.536115348026428
2021-11-25,129.7026559132884,143.90640181180783,129.23542733597733,142.38790893554688,146600,48.574832355463435
2021-11-26,142.41126197835536,144.84085623808076,136.17377199569515,139.16403198242188,97348,44.89572156760541
2021-11-29,139.21075212627377,142.06083487330923,134.8655180576148,140.0517578125,68176,45.28608370811613
2021-11-30,140.1685609023169,142.87848070962167,136.99141255867104,137.5520782470703,37138,41.89328096187127
2021-12-01,137.59879821944605,142.52805336899553,136.73442261149225,140.49562072753906,33394,43.8888877892884
2021-12-02,140.12185380169194,141.4768138852498,137.41193363457623,138.5332794189453,17946,43.25535478052398
2021-12-03,138.27630642498744,139.84151078900442,136.50082923405506,137.24839782714844,35848,41.79250043268448
2021-12-06,135.51964954638947,138.76689401554728,135.51964954638947,137.50537109375,20860,54.075927027853105
2021-12-07,136.36064915304362,138.79022895064097,135.7766134913111,136.45408630371094,26574,50.9705614823225
2021-12-08,137.17830491178245,140.61243760051286,133.2769436738012,133.93106079101562,104002,53.764873575952585
2021-12-09,135.51962186948862,136.17375318197546,131.33793531427568,132.36582946777344,56052,52.686060295525174
2021-12-10,131.85189779331705,137.69225445923857,131.85189779331705,135.72988891601562,37088,60.63288044023086
2021-12-13,137.83242709157108,141.82722563092085,135.19258854307952,136.92132568359375,81652,59.31982413781908
2021-12-14,139.1873792213179,139.2107492035292,136.4540894104427,137.7389678955078,18502,60.93142612584713
2021-12-15,139.1406525440039,149.2327917897819,136.66434700264304,145.6117706298828,583782,55.126272172178346
2021-12-16,148.57866923353734,148.57866923353734,140.6825101039947,143.95310974121094,183146,58.014042710307436
2021-12-17,144.88756245692622,145.16790241205874,140.21527740032545,143.08872985839844,80426,55.086042954270056
2021-12-20,142.36454701781233,142.36454701781233,130.40349310717474,133.69744873046875,97284,44.75525549903313
2021-12-21,133.69743126810232,137.038112162502,132.27239005888774,133.3236541748047,74752,39.507856684923624
2021-12-22,134.16467268318576,136.89796249950297,133.67408841865753,135.1925811767578,101744,45.09937083492631
2021-12-23,135.49628437224317,137.9725900728139,135.0290558054423,136.01023864746094,181370,48.158441565515304
2021-12-24,136.19710320407492,137.78567719931576,134.53844778790966,136.94467163085938,164368,49.182525543574016
2021-12-27,137.83244211324487,141.57027105190915,136.19714195257924,137.94924926757812,54710,52.182852886047534
2021-12-28,138.29964110348055,142.45797205519324,138.29964110348055,139.7714080810547,22738,58.70471253864498
2021-12-29,139.98168748969596,141.57026183344982,138.29966172508628,139.18739318847656,18168,60.47350009417899
2021-12-30,137.59881037166335,141.032943125715,137.59881037166335,138.18284606933594,19140,54.06033842173247
2021-12-31,140.61243365453484,156.98878814273687,139.02384522471522,147.2470703125,555240,63.558282896930216
2022-01-03,147.0134626563105,151.17179396323132,144.840852717288,146.8499298095703,131040,62.09678791763676
2022-01-04,150.4475913285333,150.4475913285333,143.13546745886768,144.0465545654297,65888,47.5985642608453
2022-01-05,145.72859313614802,146.00893313951286,142.1776530304581,145.00439453125,51144,51.648383724073916
2022-01-06,142.52804977414596,147.20033482504314,141.17308996112223,145.75193786621094,35124,54.191188265364445
2022-01-07,145.75193896294275,149.9569955403918,145.09780764394912,145.93882751464844,41530,77.12215145923585
2022-01-10,147.1769994179657,151.84928511377413,145.82203941791812,149.04591369628906,76874,81.07114942029615
2022-01-11,149.95701384006466,165.39891223041968,149.11599386673333,156.1945037841797,651580,84.33922327074153
2022-01-12,157.31584506602067,158.85769344599407,153.9751498116074,156.2412109375,124440,83.9341902597858
2022-01-13,158.9044411710532,162.64226977015502,156.10106972172684,156.8719940185547,231780,83.76885209531508
2022-01-14,158.8109689769342,161.14711154575843,153.69482530641875,154.48910522460938,199398,76.77756916996047
2022-01-17,154.6526594312165,162.59554526303125,154.6526594312165,156.4514923095703,497816,76.8825343425848
2022-01-18,160.25938900405177,161.1237646536237,154.74609794295426,156.21786499023438,200838,77.7607703010655
2022-01-19,154.18542505068305,156.4748421466685,152.12962223507745,152.85382080078125,57098,72.20645778778203
2022-01-20,153.88171840006973,156.685089565365,151.5689314852279,152.69027709960938,57714,61.27777665370043
2022-01-21,150.44758288014737,152.80708119389394,149.02254160292344,149.7700958251953,45936,55.47760768541194
2022-01-24,148.11143174386794,149.39631009495827,141.35997434102956,145.4949493408203,81968,52.57471730785505
2022-01-25,144.84084459608397,144.84084459608397,135.07577115085883,141.6636962890625,79228,44.61189372237481
2022-01-27,142.5047159905734,146.19581889728084,141.68706598079143,142.99530029296875,44796,45.63612322500637
2022-01-28,144.2100874077409,148.3917885844764,142.78504605049378,144.0465545654297,39056,47.08424402704055
2022-01-31,145.7752982552181,148.5319436717693,141.3833530184962,142.31781005859375,75260,39.17293185080636
2022-02-01,142.85512970542266,144.8408510504694,142.22436830878868,143.50924682617188,32072,24.744249914177814
2022-02-02,145.75194213083296,149.04589748462183,142.99528246319932,146.92001342773438,39722,33.634194068301554
2022-02-03,146.59295339028515,151.35869016811995,145.2847191909926,145.91546630859375,60374,31.01215512741385
2022-02-04,146.70976476061406,148.9991818048232,145.51833766109533,146.77984619140625,20484,35.89748170313014
2022-02-07,147.17699004929034,148.8122899387269,145.40152730137547,146.21917724609375,50918,30.270261682319983
2022-02-08,145.37816971580241,147.64423117898903,143.25228538173073,144.21009826660156,40906,28.330532888566523
2022-02-09,146.40605835673253,146.6630283370882,143.20554017003755,143.76622009277344,24266,31.66823339224713
2022-02-10,145.2847114411651,148.90573240745263,144.44369156475324,147.15362548828125,68464,40.11677378375169
2022-02-11,147.15363667793002,156.4281119350344,147.15363667793002,153.01734924316406,240918,55.24530783389874
2022-02-14,140.70588796562495,144.11666525059442,135.02906341098327,136.1036834716797,182874,39.22832384510051
2022-02-15,138.15949341186237,141.5702562585112,132.7863648739981,139.16403198242188,76370,47.081297771126195
2022-02-16,140.168571062289,142.3411810620176,136.08032107297225,136.8045196533203,66822,42.940862263655234
2022-02-17,138.74352003149974,138.74352003149974,132.0387876609647,133.37039184570312,57200,38.45377983741265
2022-02-18,133.13678660971894,134.88889374570218,131.29122805634287,132.0154266357422,33620,38.76720537781707
2022-02-21,130.82400109076582,131.45476251919035,128.2542439264829,129.0485382080078,42156,34.82100841870509
2022-02-22,128.95508459230132,128.95508459230132,122.41388464921359,123.46514892578125,58690,26.454050152506454
2022-02-23,125.3107064157901,129.63257062753107,122.0868179211657,122.97456359863281,51920,26.729879914228434
2022-02-24,116.8071344270179,123.1848011149964,114.70460600733158,116.22309875488281,84032,22.31160561873783
2022-02-25,117.69486313042455,126.12834660019577,117.69486313042455,121.15235137939453,37670,28.952521251133717
2022-02-28,117.74159710697668,121.89992843877992,116.80713998708005,119.00311279296875,42604,28.884535329784015
2022-03-02,118.93303154690004,122.32043148248621,118.93303154690004,120.9421157836914,23292,31.347848787192845
2022-03-03,123.32498097675685,124.30614952083808,120.54496541203677,121.082275390625,40988,27.49999670785361
2022-03-04,119.19001246038422,124.8668368009055,119.19001246038422,123.4417953491211,31278,22.83262786727137
2022-03-07,119.89085926895281,121.40935218927999,116.80714771747448,117.88177490234375,100506,28.850332832599705
2022-03-08,117.41453694437716,121.89992678128725,117.39117409082901,118.7227783203125,30464,24.985696915015026
2022-03-09,123.34832113905098,125.56765646257557,119.42360468181757,123.02125549316406,65202,33.89733943331754
2022-03-10,124.28279385018443,127.71692653199207,119.6105083670948,120.47488403320312,124612,34.615362210354775
2022-03-11,121.47942656454418,123.53522939313041,119.61051230970504,122.7643051147461,68546,39.20391441717611
2022-03-14,124.25943382302174,124.25943382302174,118.51251432263246,119.09654998779297,98860,38.5729280713825
2022-03-15,121.40934199599397,125.3574147021613,119.58714636698377,121.99337768554688,101728,48.198967637658896
2022-03-16,124.16599488563546,127.7636606478841,123.13808630822595,124.14263916015625,133718,51.373631993454026
2022-03-17,125.2172591885242,126.92264065036231,122.88111629321591,124.14263916015625,48870,61.07122881968753
2022-03-21,126.61892829507083,127.24968964569427,123.23152154178942,124.0491714477539,63730,54.68278489617738
2022-03-22,126.15171027617485,128.46449733471164,123.2315317975597,127.48331451416016,49578,63.16170760686515
2022-03-23,128.25424473909442,137.8324305939266,128.06735615951754,135.65982055664062,198894,69.13729739253344
2022-03-24,135.6598056082476,139.1406495777011,130.49692183189276,132.69290161132812,83144,64.0633628875994
2022-03-25,133.72082165767023,136.38401593592897,128.5345817091773,129.2821502685547,75608,56.89844944460555
2022-03-28,134.09459260597822,134.09459260597822,124.75002169266963,125.38078308105469,65188,59.218821398477886
2022-03-29,124.51640441232006,129.09523834577257,121.73638892928463,123.27825164794922,105328,55.431744029261615
2022-03-30,125.12380459768951,128.72147026874708,122.53069175309955,123.76884460449219,48156,50.980421192498255
2022-03-31,121.52614494498097,125.38078036316347,119.44697225836678,120.5216064453125,104368,50.060167762340875
2022-04-01,120.4748956225306,128.02063455186132,120.1945556148406,126.73575592041016,41660,54.644807572946036
2022-04-04,129.28213266429415,136.43072306671408,126.75908733762135,133.39373779296875,55170,65.62816437301485
2022-04-05,135.96352974573773,135.96352974573773,132.22570074929132,134.5618438720703,42612,64.27812429253959
2022-04-06,134.98233039957253,136.85124467096483,133.0199789698212,134.37493896484375,39250,62.166634250563895
2022-04-07,134.8888843753433,142.43462239839258,134.0945901587346,135.30938720703125,108780,62.9890893807471
2022-04-08,137.3418351053695,138.83695787890946,135.51963239150865,136.827880859375,28662,64.38715496248449
2022-04-11,137.8324224689897,141.5702508749284,136.89796536750504,138.11276245117188,49780,62.57599223861423
2022-04-12,141.0329344752529,141.0329344752529,134.28147652079468,135.84669494628906,41912,50.25704561463012
2022-04-13,135.496268720775,147.4806772231346,135.496268720775,142.85511779785156,230246,62.57951075997138
2022-04-18,142.08421076254396,144.63059790977957,140.19192650184578,143.64942932128906,71312,69.01666427672677
2022-04-19,145.68186693482932,148.3450755697924,140.2853824876541,142.45799255371094,101776,74.35039687875454
2022-04-20,142.52805726440033,150.91481507498173,142.52805726440033,146.14907836914062,200150,81.19816523805926
2022-04-21,148.81228476570257,149.0225433047945,141.12636984905575,142.8083953857422,61726,74.09812788823878
2022-04-22,144.91092877933443,147.15363432577178,142.52806037441874,146.21917724609375,53674,82.39100715245728
2022-04-25,146.242541545098,146.242541545098,140.6357987382572,141.40672302246094,46392,69.16968607401414
2022-04-26,143.5092560536319,146.63969325528575,140.8694174180977,141.24319458007812,30822,62.35294287152336
2022-04-27,139.23410809351924,141.0562965893151,136.8979653402723,138.4164581298828,37294,55.765161459940366
2022-04-28,139.0939541472895,142.27110279187727,137.06150696995434,137.78570556640625,36536,55.034477912334026
2022-04-29,139.07056457194253,141.10301146296348,133.3236595436459,134.67861938476562,39962,49.125069104682694
2022-05-02,134.56182492943765,134.56182492943765,129.11861507135518,130.7305450439453,53024,42.07650511603227
2022-05-04,132.22567308452767,135.09912567261384,128.0206163433236,132.69290161132812,56428,43.07875113699161
2022-05-05,134.67863471406477,135.4962847079923,127.7870133366755,128.5579376220703,41528,41.116184643859576
2022-05-06,127.69354896407505,128.90834596925336,123.60529940922306,127.7169189453125,53296,28.284203959680866
2022-05-09,129.60919825567922,131.87525959829907,124.00245559782415,130.84735107421875,41890,32.78892250884661
2022-05-10,127.7636423405501,131.5481818817127,126.87589676059086,129.8895263671875,26986,32.99618300912651
2022-05-11,131.80517240038765,135.0056907126286,122.34379457918885,123.27825164794922,40296,21.32398168316311
2022-05-12,123.4417845703461,123.83891741789166,115.87267660478595,118.06864929199219,53058,20.36935236505107
2022-05-13,119.82075829597908,123.79220067085255,118.02192566268221,119.77403259277344,18062,16.977820322625263
2022-05-16,122.3905238805395,123.30161099414117,120.73185397954349,121.082275390625,7034,22.186696468208282
2022-05-17,121.5261443562312,127.20296818377024,121.50277437435754,126.03489685058594,17108,31.599765910429355
2022-05-18,127.38987172386032,134.0946048164182,126.57222169449192,132.76300048828125,27892,43.75001054302482
2022-05-19,127.34312875914576,129.86617420057442,123.81555909959282,126.47876739501953,38276,38.88888805585998
2022-05-20,130.2866980757335,131.45476957675552,126.31525497225863,127.5300521850586,10920,42.67946112635935
2022-05-23,126.01153570124303,127.50665838812786,124.53975447786023,125.19388580322266,16262,44.13657298069975
2022-05-24,127.06281029338723,127.06281029338723,121.59623053695547,122.29707336425781,14018,39.204291022603925
2022-05-25,123.16145229039194,123.16145229039194,119.14328378929078,119.40026092529297,9524,40.239060736630655
2022-05-26,121.12900203815764,121.12900203815764,115.87268083110162,118.41907501220703,12224,40.119184003074466
2022-05-27,119.61050637689907,131.01087991421056,119.61050637689907,128.04397583007812,42194,47.38219805767252
2022-05-30,129.00182302625316,129.79610311391272,124.75003979208901,126.75911712646484,22292,47.094558126894285
2022-05-31,127.10953141185568,128.9317343084187,123.83893130229013,124.51641845703125,24550,51.25060010526405
2022-06-01,126.36196802342492,127.62347656292293,124.25943953224437,126.05825805664062,18878,58.715592512547225
2022-06-02,125.49758498892876,137.78568952450303,123.81555944287388,134.63189697265625,79330,64.09573621079511
2022-06-03,136.64098159683095,145.7752931397767,130.4268339430349,133.39373779296875,53578,61.69550327493922
2022-06-06,132.10885940792264,136.22046453659723,129.30548838600384,133.39373779296875,19580,57.71679293600043
2022-06-07,133.62736644729753,136.73443347973742,130.82399512322834,132.178955078125,15856,49.30746764678317
2022-06-08,132.69289743738858,133.30028879965005,129.04852074645447,130.19322204589844,8288,54.90436379292317
2022-06-09,127.92716962487802,131.24449513852596,127.92716962487802,128.955078125,13446,51.872288138770315
2022-06-10,128.25423182886774,133.13677568393183,125.94144489569358,131.24449157714844,13584,57.95944248725338
2022-06-13,127.53004570425887,129.42231573627936,126.24516711842938,127.50667572021484,10378,56.70476783359468
2022-06-14,126.40867732630845,128.44112435168978,124.7967473989729,125.38078308105469,14756,57.852769500264365
2022-06-15,126.66565451165489,133.34701663826965,123.81555769044026,130.68382263183594,23324,64.46283296683643
2022-06-16,130.82398823270213,131.52483102680588,125.21724587987204,125.94144439697266,514568,47.19799919107062
2022-06-17,126.15170774698005,126.15170774698005,119.26008667561726,122.71757507324219,24954,44.878601312009586
2022-06-20,122.95118427515156,125.61439258787148,112.92913377674948,113.3963623046875,36624,38.0521795356908
2022-06-21,112.60208120850344,120.38143375976078,112.60208120850344,116.78377532958984,25206,40.41525775062174
2022-06-22,119.11992204249233,119.11992204249233,114.91486492848863,116.52680206298828,10398,27.40525008964316
2022-06-23,118.25554957756975,118.83958526862978,115.40545255346008,116.4800796508789,9808,28.24519799270412
2022-06-24,118.55924755049682,122.50733460097224,117.48462043254509,119.30681610107422,16720,33.10925790367196
2022-06-27,121.47941683545525,124.28278799319652,121.47941683545525,122.99790954589844,11426,39.608662358077154
2022-06-28,121.0589170764617,124.75001967580695,120.56831855623443,124.28279113769531,8460,43.20258625530672
2022-06-29,125.66112836808436,128.25424120258646,120.14782274114151,126.5254898071289,17370,47.26890666216589
2022-06-30,124.18934784638913,128.7915520994283,124.18934784638913,127.43659210205078,9018,45.58267071638744
2022-07-01,125.1471752734464,127.85709527482952,124.91356098854494,125.8012924194336,9198,47.92022943648348
2022-07-04,126.36196554179497,128.90835255367244,124.44632565793728,127.83373260498047,7042,52.99828615008207
2022-07-05,128.23086543779476,132.2256633441906,128.23086543779476,129.8661651611328,18992,48.91370804520155
2022-07-06,128.62800818513492,130.2165965888895,127.08615974464738,128.39439392089844,10850,53.56900149481279
2022-07-07,128.9317082379314,130.45020083889892,127.9972512527206,128.8382568359375,7868,59.689332639590404
2022-07-08,132.69288518301963,132.69288518301963,128.48782896243097,129.53909301757812,8456,85.14750303325081
2022-07-11,129.84281119383402,133.44047673232333,129.1886940755679,132.59945678710938,19808,84.93292283218828
2022-07-12,132.59945488574178,132.59945488574178,129.46903220082598,129.9829864501953,19028,76.91590904443302
2022-07-13,131.31456874151945,131.6883601095951,129.04852184546542,129.46902465820312,9760,75.50457497892954
2022-07-14,130.6137315348192,130.6137315348192,128.5345731048373,128.88499450683594,6924,70.62374020708654
2022-07-15,129.42229807348113,129.65591232993145,125.87135852369964,127.226318359375,15888,59.97792070031563
2022-07-18,127.85709598517813,134.46837743288341,127.576755990002,133.53392028808594,38124,67.64704855047154
2022-07-19,134.28149232137702,135.0524166339951,131.26787650683642,132.57611083984375,16180,62.136847385839864
2022-07-20,133.62735100481524,134.09457950483207,130.82398000471423,131.26785278320312,10684,57.5645410715636
2022-07-21,128.651403263854,135.4495739758374,128.651403263854,132.1322479248047,13610,62.892474952605475
2022-07-22,132.92651379301623,134.0712293692236,131.29121397482447,131.8986053466797,6238,58.93217168433628
2022-07-25,131.89861000881422,131.89861000881422,128.5345731048373,128.88499450683594,13318,47.93309744162065
2022-07-26,128.3943983680397,130.82399250372518,127.20297128263994,127.62347412109375,12750,48.361490967655314
2022-07-27,128.39439380647445,130.54364788727136,128.02061668750244,128.81491088867188,5186,49.9519088720273
2022-07-28,128.81491544143466,132.59945524550514,127.22632698294962,127.92716979980469,18042,46.70491628399374
2022-07-29,127.5533858471328,132.59944815519458,127.27304588364429,130.68382263183594,20452,46.03483726292185
2022-08-01,132.62284408753362,134.09461136048475,128.62803090816843,132.786376953125,24860,55.928862556029934
2022-08-02,134.77209241372267,134.77209241372267,130.5203093953597,130.82400512695312,25648,52.70020762407271
2022-08-03,130.82400222066659,133.41711513263806,128.48785932386897,128.93173217773438,23246,50.08852319723939
2022-08-04,129.5624814428937,130.77727862056128,128.4645056706351,129.6092071533203,20374,54.687525326414324
2022-08-05,129.53911884430553,131.99206879536993,128.58130599545882,131.33795166015625,17268,44.73097839816471
2022-08-08,132.48264830069596,133.16013539477441,125.68447867085725,126.19843292236328,73040,37.254939628541024
2022-08-10,128.02062785233082,128.09070928591456,126.92263786390424,127.13289642333984,17086,41.61143963400798
2022-08-11,127.67018658123186,132.6928929151687,127.67018658123186,131.99205017089844,40106,49.755251256375104
2022-08-12,129.3522268893177,133.1367809951791,123.79220999734049,124.96028137207031,95826,40.210970791143694
2022-08-16,124.70329334595087,124.70329334595087,117.74159101467689,120.31134796142578,102572,38.437306497884634
2022-08-17,122.11017733474146,123.02126439935898,119.37688762352305,120.35807037353516,33748,39.86971239838501
2022-08-18,119.19001344746306,124.75003069015632,119.19001344746306,123.93238067626953,50016,43.616386486305856
2022-08-19,124.96028993961085,127.08617428390073,122.50733988449879,125.6611328125,83504,47.10104556551153
2022-08-22,125.21724924152069,126.15170632541265,123.184802232319,124.67993927001953,21178,41.95367546239161
2022-08-23,124.4229497166587,125.7545538562187,122.5073241832275,123.72210693359375,18020,37.467658391603074
2022-08-24,122.97456212325885,126.19843632052097,122.97456212325885,125.63775634765625,21182,42.820169416337485
2022-08-25,127.06279869159069,128.46448421821086,125.42749891053383,127.0394287109375,32224,47.34422421125939
2022-08-26,127.17961714893136,129.42230848784652,123.81556588187482,124.23606872558594,32792,42.88365156095905
2022-08-29,124.02582162085508,124.02582162085508,119.14327767539022,120.80193328857422,44880,36.64889131745831
2022-08-30,121.73639914293268,123.02127772027913,118.46580625721124,120.5916976928711,72510,41.880929222096675
2022-09-01,120.70849500779075,122.3905205874616,119.14327656200422,120.5216064453125,65134,40.180419514806395
2022-09-02,121.8999239541686,125.59102659023047,120.1945426248338,123.04463958740234,67822,35.71964522769686
2022-09-05,124.18934096195252,124.18934096195252,121.33925825806755,123.04463958740234,54648,46.05768853341875
2022-09-06,124.14263593854359,124.75002737208753,121.61959027013822,123.9791030883789,48432,58.91034128938796
2022-09-07,124.30615676301704,124.75002961305417,122.41388673640522,123.74549102783203,42944,58.15525092684159
2022-09-08,124.75002402642794,126.01154682679795,123.5819526404127,124.32952117919922,63928,51.11693987570197
2022-09-09,125.56767242570756,129.18869367705355,125.24060673824152,127.4132308959961,63838,54.578728871446444
2022-09-12,127.4132308959961,127.4132308959961,127.4132308959961,127.4132308959961,0,57.528971972044346
2022-09-13,131.75845054571664,131.75845054571664,128.1374292984496,128.53457641601562,58714,63.13781227245537
2022-09-14,128.02062249315864,129.1886938662714,125.45086547231057,126.38532257080078,39282,52.01511816775506
2022-09-15,126.78246194975718,129.72599592683508,126.61892911576777,127.81035614013672,35688,52.07547603858014
2022-09-16,128.2308721993531,129.07187782651428,125.33404969036184,125.89472961425781,45300,54.689570793528084
2022-09-19,128.46449430941234,128.46449430941234,124.75002166861495,125.68447875976562,38664,66.88213672007518
2022-09-20,128.44283770276354,131.8967686060899,126.38008276638205,129.28233337402344,44848,74.3458294879955
2022-09-21,129.33028435020688,130.55354339652743,127.17158158165994,127.43541717529297,22730,67.6146879938421
2022-09-22,127.86717483336108,129.45023256208898,125.87637378507401,127.69928741455078,21902,63.40163747170713
2022-09-23,129.45023256208898,130.57755822353712,127.05167355460037,127.69928741455078,40898,63.40163747170713
2022-09-26,127.69927899058277,127.69927899058277,122.85418718714459,125.27672576904297,29612,53.441227885595886
2022-09-27,125.27672529712267,126.95571648528149,124.12541998174203,125.32469940185547,17730,54.22962367199747
2022-09-28,125.6844739549003,125.6844739549003,122.42243270890069,123.62171936035156,22956,48.2114813899446
2022-09-29,126.23614607313255,126.23614607313255,122.51837995206768,123.09403991699219,23656,37.46705293270408
2022-09-30,123.04606692023245,123.64570662257277,121.03127898433311,121.77483367919922,34622,34.80261637256329
2022-10-03,119.92793931340728,122.9980916319023,119.92793931340728,120.62351989746094,17248,28.711423979607346
2022-10-04,122.39845237103596,122.90215850172993,120.40765149927496,121.19917297363281,15034,34.75282520408177
2022-10-06,121.79881938747529,124.74904393981367,120.71946787030451,121.29512786865234,43230,29.221538877799006
2022-10-07,122.23055951268653,122.23055951268653,119.37627596727114,120.45562744140625,47922,31.37512566122362
2022-10-10,120.57555268029985,120.95931622886717,119.44822712687703,120.04786682128906,30720,30.95639469543717
2022-10-11,121.75084609128506,122.13461696305791,118.27293583301841,119.35228729248047,43554,8.266420069297794
2022-10-12,119.87996587940783,119.95192703529017,118.03307999555689,118.7286605834961,14412,9.213819979442718
2022-10-13,119.54416235742791,120.59952670569125,118.60872594237222,119.87995910644531,14960,16.182560291948647
2022-10-14,121.60693285690706,121.60693285690706,119.11243313406284,119.2083740234375,12772,15.294122783328262
2022-10-17,119.73606189036066,119.73606189036066,116.11423652749279,117.21757507324219,21356,15.853692438883883
2022-10-18,117.96112050210506,119.71207284243023,117.60133667708462,119.2083740234375,14352,27.74868034588289
2022-10-19,118.99249586348218,121.55894922219453,117.60132745724381,119.97590637207031,29950,35.767759029025356
2022-10-20,119.35229114249495,122.32650268498935,118.56076232146431,122.11063385009766,22206,46.58902843001153
2022-10-21,122.11064012391185,122.11064012391185,118.99251342467925,119.76004791259766,14020,43.47827160688955
2022-10-24,119.76004791259766,119.76004791259766,119.76004791259766,119.76004791259766,0,46.97989621753863
2022-10-25,119.30430748612248,121.12721355004764,119.25634070433142,120.43163299560547,6868,47.333325911400145
2022-10-27,121.72685947418212,121.72685947418212,119.47221565921558,119.92794036865234,13806,45.38083375950641
2022-10-28,121.72685947418212,121.72685947418212,117.98510627071606,119.92794036865234,18326,48.109945351965806
2022-10-31,121.72686183795074,121.72686183795074,118.9685191559085,119.13642120361328,16586,46.82275457191961
2022-11-01,120.91134450890361,120.91134450890361,119.16039228081222,119.83199310302734,12116,51.67222692669393
2022-11-02,119.92794041378376,121.34308864670228,118.77663511373966,119.30431365966797,12300,52.02020742923972
2022-11-03,120.59953095034969,121.00728886553536,119.32829774153387,119.5441665649414,7566,48.74102314288542
2022-11-04,121.27113196840176,121.27113196840176,119.23235702914599,120.7674331665039,20274,55.61312921055422
2022-11-07,120.88736403712208,121.75084667277993,119.01649109304725,121.15120697021484,13096,66.01565193729533
2022-11-09,121.7748371343315,126.64390872755737,118.27293970934019,121.48700714111328,80366,60.722386529352335
2022-11-10,122.37446982706165,122.37446982706165,118.53677584355296,118.96851348876953,22314,45.93023506690527
2022-11-11,119.35229003650461,120.88736623906831,117.69728589124341,119.13642120361328,26584,35.71426477399987
2022-11-14,120.91134628430032,120.98330011782052,116.09024180329845,118.44082641601562,32610,42.46567105388144
2022-11-15,117.52938337675762,121.82280224431177,117.12162544527733,121.00729370117188,29910,55.50844973323548
2022-11-16,121.82279307296646,122.75822948790385,120.55155990905413,121.12721252441406,14304,53.229383990337105
2022-11-17,120.43163531936312,123.54975434911496,119.90394947073816,122.71026611328125,22582,61.740861100576346
2022-11-18,123.98150317489112,124.34128697442401,121.84678010847317,122.37446594238281,21528,60.03933445747313
2022-11-21,124.14939953260875,125.6844830439641,121.17519535886464,124.72505950927734,51730,70.33152661450052
2022-11-22,124.94093354062854,126.64390442994754,124.02946948642742,126.11621856689453,14142,71.7607455579532
2022-11-23,125.7324603173041,130.84138784033667,123.57375730985584,128.754638671875,123664,78.55065448737008
2022-11-24,130.45761736845841,131.05725706101495,126.18817104574306,128.08303833007812,65034,75.14117110580476
2022-11-25,129.5941346480907,133.3598750550927,128.8026131377424,131.80081176757812,76464,78.32505812233994
2022-11-28,131.80079113462435,134.0314476380923,131.80079113462435,133.4797821044922,49900,79.67658487259644
2022-11-29,133.83957293122924,134.46319232559034,128.97050179015378,130.45761108398438,33982,69.12062632920465
2022-11-30,130.98528735218346,132.11261289149743,129.28231649722292,130.62550354003906,33274,77.61361594951744
2022-12-01,132.37645968602126,132.37645968602126,129.0424572578888,129.66607666015625,25558,74.04158065724265
2022-12-02,129.69008901307674,130.64951262014276,127.96312359242944,128.22695922851562,31714,71.61022717317321
2022-12-05,128.5867371184001,131.9447195874163,128.56275738519238,130.55355834960938,40732,71.3062520007901
2022-12-06,131.56095632943388,132.8801637310964,127.62731385771077,129.90594482421875,14432,69.14230083054234
2022-12-07,129.40224612924703,129.81000404961216,127.14759502109236,128.03506469726562,13450,61.466953554641904
2022-12-08,128.03507056731993,128.75463823402234,126.4520275564313,126.9797134399414,10376,59.619288328932335
2022-12-09,127.31549792841315,128.29891581828483,123.04606620064642,124.29331970214844,21686,49.1106718435836
2022-12-12,124.34129635077727,124.65310607262407,119.44823045229653,121.00729370117188,42794,40.238308556781014
2022-12-13,122.78222023506521,122.8062072863899,120.40764855032761,121.43902587890625,23668,34.7346823371185
2022-12-14,122.7342499768436,122.7342499768436,121.43902244018986,122.35047912597656,24622,38.15655494138631
2022-12-15,122.2785287877882,131.41704690536838,122.1106340580624,123.9095458984375,84298,32.100042226514105
2022-12-16,125.75644562426068,128.6587108022507,122.6143391855655,127.07565307617188,28720,36.391468245862164
2022-12-19,124.74903757705304,128.29891631973513,124.74903757705304,127.33949279785156,19160,42.49423888234685
2022-12-20,127.9631319514461,130.48161908451112,125.0129070949272,129.4022674560547,17500,47.30165120124082
2022-12-21,127.12361587742777,131.92073345770805,120.67149419591487,123.66968536376953,27518,39.07344667327484
2022-12-22,125.51658951118092,125.51658951118092,117.64931892104559,119.76004791259766,37636,35.84604620328025
2022-12-23,120.76743078189187,123.04606155136153,117.52937653054025,119.73605346679688,29038,30.40836088569941
2022-12-26,119.71207068050418,123.26194208182307,118.12902041503905,118.7766342163086,31094,30.06875655326931
2022-12-27,120.11982854583611,130.4816060737378,119.16040497176452,128.61073303222656,85768,50.80215802557754
2022-12-28,129.9779106314363,131.92073745445438,125.75643824910885,127.67528533935547,88126,50.972485808981894
2022-12-29,126.18816207372649,129.73804051297654,126.18816207372649,128.2029571533203,22192,55.817246086069694
2022-12-30,130.1218228842759,130.7214626210698,124.2453534636957,125.46861267089844,30654,56.74890483249443
2023-01-02,127.96310725380799,128.17898339369125,124.72505299340234,126.47599792480469,14544,57.48929251898851
2023-01-03,126.47599872793414,128.89855182562752,125.2527396332027,125.80440521240234,26444,55.17241221719074
2023-01-04,126.2361450938557,127.09963503454397,125.20476775103779,126.26013946533203,16166,53.640422052027
2023-01-05,128.08305263710923,129.47421395130664,125.68449359896113,128.1790008544922,42488,51.777449699272296
2023-01-06,128.1310127830632,136.62190206904984,127.29151721119317,135.42262268066406,214154,60.630894808855565
2023-01-09,136.7178369075694,139.04444162146822,134.41522656287668,135.27870178222656,133330,58.13948622396637
2023-01-10,136.2141384600557,136.2141384600557,130.07382012411972,131.46498107910156,53378,61.403482925886316
2023-01-11,133.3118973514566,135.15879058552244,131.32109644289892,133.3358917236328,27292,71.11938071791127
2023-01-12,133.88756094187212,134.77503066423185,130.9613161512241,131.80081176757812,15566,67.92586849127484
2023-01-13,133.5517443563272,134.12740429530513,131.00927801172878,132.80819702148438,14542,70.81848100686945
2023-01-16,132.8801410145394,133.719636490263,129.54613884080987,132.37644958496094,24406,57.74920934765844
2023-01-17,132.0166760791037,132.61631575126597,130.96130440024191,131.51296997070312,6896,57.920768537189964
2023-01-18,130.2417459396321,132.01668534973047,129.57015238757702,130.1457977294922,19872,53.87561128099171
2023-01-19,130.28971806568347,130.67348162113112,127.19557133118735,128.4907989501953,22340,56.299998536822145
2023-01-20,129.16239133208236,135.7104539257249,128.25094191634872,132.88015747070312,102944,61.70026461309952
2023-01-23,132.42441844019578,133.71964597907797,128.58672456456307,129.11441040039062,48238,55.43305362987927
2023-01-24,129.5701512603022,130.00188892289276,127.38745393556107,127.81920623779297,22382,52.49042584514827
2023-01-25,128.13101140894747,128.13101140894747,123.07004366045031,125.0848388671875,21870,45.182941285185635
2023-01-27,125.27672673284414,126.76383615875596,120.91135398549467,123.35787963867188,22668,27.32195580581451
2023-01-30,122.32650084956097,126.66788649444375,121.65490730223675,123.50180053710938,21694,27.863010759719856
2023-01-31,125.01288401897193,125.9483131405119,123.9335325897515,125.15679168701172,12380,37.09523709932628
2023-02-01,124.9649097060475,128.0350619494004,123.81360444474525,124.5571517944336,17822,31.055847241224328
2023-02-02,122.83018571542586,125.92433230799277,122.35048129312045,122.78221893310547,12658,30.737655631647016
2023-02-03,123.333899785916,124.72506099990977,122.0866462479886,124.60513305664062,17654,33.06931428952947
2023-02-06,124.24534784442534,124.24534784442534,121.00729341218646,121.6549072265625,22042,29.955171738967948
2023-02-07,121.89476448775373,122.01469243104361,119.23236268275444,120.31171417236328,10276,29.427325121102612
2023-02-08,122.80620616232466,122.80620616232466,119.44822396257359,119.68807983398438,9276,30.25361890838937
2023-02-09,119.95192465476568,121.51098784360833,119.59214084195584,120.7674331665039,4700,35.09258405694618
2023-02-10,120.62352227122041,120.93533931146385,117.5293828400088,119.2083740234375,13028,20.374232816443993
2023-02-13,119.20837563013231,121.82280332988736,119.20837563013231,120.31171417236328,15682,28.43716862518488
2023-02-14,120.79142137978066,120.86337521510653,117.52937998163249,118.20097351074219,12230,27.344633093256263
2023-02-15,118.82459876379494,120.38366194805096,118.00909025445586,118.3208999633789,10192,31.829903087405782
2023-02-16,119.30431598888478,120.16779864068619,118.00909567109302,118.5127944946289,16202,35.814640435629286
2023-02-17,118.68069324437762,119.83200592573478,117.55337493616948,119.40026092529297,15098,38.49259913308717
2023-02-20,118.12902045545037,119.61612983378222,117.96111841215401,118.15300750732422,11036,29.88987185598519
2023-02-21,118.03308638222727,118.70467995454506,112.25255789828718,113.30792236328125,45902,24.031074106050568
2023-02-22,112.75625347613921,112.97212230958189,110.57356344950585,111.72486877441406,26112,24.245870533215395
2023-02-23,112.58834881574586,114.41125497107298,111.31711557732883,113.16400146484375,8834,22.86691432917982
2023-02-24,114.09944771943454,114.36328333776474,109.85399561595514,111.12522888183594,21154,23.900139638392545
2023-02-27,111.36507873109458,112.27653543895552,108.89456617100218,109.78203582763672,11356,23.900139638392545
2023-02-28,109.92594457131094,114.17139648622694,107.52738582160028,108.46282958984375,19004,23.103480550552774
2023-03-01,109.68607772177117,110.18977647277724,108.46281873766743,109.3262939453125,16846,22.299614495842945
2023-03-02,110.90936397278416,110.90936397278416,108.67870708548384,109.59015655517578,9990,25.154931986799014
2023-03-03,109.78203528336125,111.62892110151242,109.03848061795118,109.80601501464844,15566,21.558421601176818
2023-03-06,109.5661728738355,112.03669305110076,109.5661728738355,109.92595672607422,18006,24.890882060024467
2023-03-08,110.21377526622857,110.47761819437731,107.71927561426496,108.390869140625,28156,22.252054848256535
2023-03-09,109.20637958531073,109.92594722761189,108.00710018147547,108.84659576416016,51592,23.38177258761756
2023-03-10,108.84659016031203,109.39826304956632,107.59934403642882,108.70268249511719,17052,19.283754281075105
2023-03-13,110.28572780304535,111.26913834921253,108.31891403053133,109.11043548583984,30364,22.720694312357693
2023-03-14,109.42225498280293,109.85399263729201,107.47942089796095,109.54218292236328,14800,34.51678211513813
2023-03-15,110.28572913601515,110.76544088922934,106.9997080183902,107.76724243164062,21842,33.98059391753341
2023-03-16,107.02370312139055,108.0310934870339,103.09006059325051,104.67311096191406,35768,19.69184162997466
2023-03-17,106.23216729053368,106.23216729053368,99.75605856086233,101.53099060058594,39076,18.254013133248037
2023-03-20,102.87418388997507,103.68969240550129,101.69889155996783,102.8501968383789,25840,27.02705162838727
2023-03-21,103.11403484258184,105.36867850837248,102.32251341644707,103.88157653808594,12544,34.521887334050945
2023-03-22,105.36868286132812,105.65651283898792,103.32990792572905,105.36868286132812,25488,37.169588433109375
2023-03-23,106.63992852758471,106.63992852758471,103.44984084746429,104.36129760742188,34286,33.82790241766084
2023-03-24,104.36129298024711,105.46463147242288,102.94614477759187,103.49781036376953,35398,31.24113193592079
2023-03-27,103.49780958665431,103.92954723174117,96.35010747244503,99.85199737548828,28848,25.235842156236842
2023-03-28,101.12324229561784,101.12324229561784,94.98293019291951,96.44605255126953,62186,23.110166100175363
2023-03-29,96.51800855567726,100.5236048417766,96.494021502742,98.72468566894531,123770,28.942134713933754
2023-03-31,99.78005109089962,103.13803357953567,98.58077163067246,100.47563171386719,28068,33.95698121022481
2023-04-03,100.47562385660574,105.03288544908801,100.35569591996148,104.19338989257812,10520,41.50786918191658
2023-04-05,104.19339366792816,106.97572336285442,102.20259277542661,105.72846984863281,14280,43.655217810388784
2023-04-06,105.56058114994806,109.75805932423737,105.48861998935335,108.31892395019531,8908,50.89357211353099
2023-04-10,108.29493271924133,111.77284307235097,107.69529300318794,110.5016098022461,21994,59.72778357151316
2023-04-11,110.57355406755421,111.84478722760456,108.72666097407266,109.42224884033203,9084,64.14445263429957
2023-04-12,109.08645149732122,114.67509790352385,108.60673973643623,113.16400146484375,15694,67.00949440751238
2023-04-13,114.07545342788939,122.63830360940374,111.29312386724422,115.41864776611328,110570,68.2889755545821
2023-04-17,115.6105379960174,118.4888086515199,115.1068391673403,116.56996154785156,17804,67.94774061302607
2023-04-18,116.56995833608217,118.48880538688186,115.13082304798239,116.83380126953125,13618,70.47242477354797
2023-04-19,117.3375092025707,118.10504369064296,113.9555395487609,115.49061584472656,10756,69.37986015717215
2023-04-20,114.43524013746918,119.92793824513214,114.19538426097891,118.87257385253906,51438,81.00079856372929
2023-04-21,119.4242418601826,120.45562654187981,116.56995833608217,116.83380126953125,7484,84.77905111991319
2023-04-24,117.26553553327683,118.53677605952247,115.03487882922637,115.87437438964844,9412,80.63409342411539
2023-04-25,115.65850795371544,117.26553795351282,113.02009328079204,113.83560180664062,7810,73.62171011275605
2023-04-26,113.95553212801204,115.61053626619888,112.56436360677533,114.24335479736328,11458,70.12488323993037
2023-04-27,113.66769385754961,115.73045577681015,113.14001534227282,113.69168090820312,6912,66.59998600437682
2023-04-28,113.88356626828266,116.76183676186845,113.64371039381719,115.25074768066406,7514,65.09924371496356
2023-05-02,117.04967041402608,117.04967041402608,112.73226453809889,113.73966217041016,12558,57.265873822940705
2023-05-03,114.6031389845836,116.40205812301774,114.17140131928768,115.44263458251953,8072,63.14137792752644
2023-05-04,114.29132359256356,117.7932208056387,114.19538270723692,116.52198028564453,18412,58.29383993424278
2023-05-05,116.35409133788527,117.62532460111711,115.17879896473909,115.44263458251953,7684,50.062896403382
2023-05-08,115.44263026657158,117.02568051317373,113.97951527786851,114.57915496826172,16036,44.69985428301107
2023-05-09,116.23416357538699,116.52198624608991,115.15481209065442,116.04227447509766,5160,48.01919801070179
2023-05-10,117.19358772972208,117.2415545151795,114.72306770431078,115.39466857910156,7084,49.75123059357298
2023-05-11,116.18618901254484,120.88736581370877,115.73046429586206,120.3836669921875,35844,53.61654030997561
2023-05-12,120.93533204723916,121.1032267636047,117.86517253292105,119.16039276123047,16662,55.79448284196457
2023-05-15,120.647511281987,120.647511281987,115.13082587545479,115.37068176269531,52130,48.9005323142246
2023-05-16,116.665896438314,130.7214522136956,116.665896438314,127.50737762451172,384468,70.71222124696337
2023-05-17,129.23433119111377,133.43180863558896,126.45200914091747,127.84317016601562,132264,70.64822419167447
2023-05-18,129.42622856454213,134.0794385489304,128.56275324190824,131.53697204589844,100956,74.73408158905998
2023-05-19,131.536975502802,132.7842144150203,127.38745690762374,131.2491455078125,67136,72.98418617946882
2023-05-22,132.68827737648382,136.71785328213426,131.00928619582604,135.18276977539062,78540,78.80156573789364
2023-05-23,136.62191664948077,136.62191664948077,131.20117909132685,131.82479858398438,46458,71.0672767734589
2023-05-24,131.8247947765944,136.19017501804285,131.8247947765944,134.6071319580078,42510,72.28136559754903
2023-05-25,134.77504395984744,136.717871007785,132.88017638300505,136.2381591796875,60422,75.27700544598243
2023-05-26,135.80638934123976,141.2511202302807,135.27870352721274,139.47618103027344,113818,78.61082319802304
2023-05-29,146.3120976129774,150.62950377204885,140.0758442720964,146.14419555664062,485052,80.8961379504546
2023-05-30,147.75121508830654,148.66266446124789,139.52416172154483,140.79539489746094,93620,73.77637499628642
2023-05-31,140.84337467314833,143.43381523099734,140.31568881293217,140.9633026123047,40712,71.17472899407764
2023-06-01,142.4264123507903,144.84896541600781,140.3876374604752,140.74742126464844,48544,72.68144926946054
2023-06-02,142.76222503203107,153.43581186609117,141.1791674144306,151.75682067871094,419038,83.19473205640121
2023-06-05,153.45979077114782,157.82517076272592,152.59631544957907,154.25131225585938,192258,79.60699361960508
2023-06-06,155.69044129874933,159.57610936903552,153.02804696447137,155.37863159179688,148242,79.95823095823096
2023-06-07,156.84176673334173,157.70524205069054,154.46718765117066,154.9468994140625,67638,77.41571977582694
2023-06-08,157.24952242415463,159.26431784308676,150.62950542990737,150.89334106445312,84716,71.14093893605114
2023-06-09,150.89333377135742,151.97268527083676,146.6958557178266,148.42282104492188,54628,64.71215583185992
2023-06-12,150.65346799285336,150.65346799285336,145.808391069406,146.7438201904297,53146,67.22034570566161
2023-06-13,146.31207330776766,155.1387659498821,146.31207330776766,150.005859375,173202,67.57937336059621
2023-06-14,151.51694835172603,155.1387659498821,148.80658008559206,150.005859375,108088,66.32532832314553
2023-06-15,151.10921108513443,154.20335792987723,147.27151683535325,150.77340698242188,93972,64.22960172298542
2023-06-16,152.2844999718075,164.44518104900456,152.2844999718075,157.82516479492188,434222,64.57208339043964
2023-06-19,157.82516023497826,159.55212540255957,153.81956433452112,155.1147918701172,82478,69.1223457148353
2023-06-20,157.3934416013541,157.80119955175255,153.69965495371008,154.8269805908203,39116,68.45467183073302
2023-06-21,157.15355944361843,157.80117318136377,153.62767544001795,156.29006958007812,43268,70.02472710344531
2023-06-22,156.2900850380779,157.0816211511873,150.67746624832347,151.99667358398438,32316,50.37368838206885
2023-06-23,153.50776806415627,157.34546226576018,149.19036208735187,156.45799255371094,77456,53.23945252071908
2023-06-26,156.4579845905997,160.70343651297512,152.90812056271886,155.28269958496094,87388,49.85936790492402
2023-06-27,155.9063244904987,163.05402690075022,155.9063244904987,161.59091186523438,177026,58.308356097155155
2023-06-28,163.7735996837071,167.89912394280142,158.30488828892706,163.60569763183594,227826,66.75096601097084
2023-06-30,165.50055343194927,168.37882392641797,163.12597441815632,165.76438903808594,161080,73.04018064035856
2023-07-03,169.3142757774989,175.09479677404573,167.41940842230673,171.88072204589844,220050,79.8746310491081
2023-07-04,172.04863122391288,174.30328250152814,164.37324255409703,165.8123779296875,93856,67.610953344649
2023-07-05,167.41940005267986,172.3844195724282,166.3160688881317,168.90650939941406,86048,69.70004449981917
2023-07-06,171.44898546806544,172.69623901107374,167.92310099366105,171.832763671875,107062,71.00483181779718
2023-07-07,171.83275806028783,173.1999248627643,165.0448249535646,167.32345581054688,88804,59.97985047539283
2023-07-10,170.24967641438886,170.27367078275134,160.70341667984243,162.40638732910156,69720,57.321755694079194
2023-07-11,164.06141271873946,182.2904585763772,163.14996335378564,177.97305297851562,1101172,67.78472720996984
2023-07-12,181.06719674941746,181.95465173038812,174.85492404478248,181.3070526123047,345080,68.68506294063975
2023-07-13,182.29046907968055,193.3238395766086,182.29046907968055,189.43817138671875,575430,76.44863753891684
2023-07-14,191.88471220941926,193.5397237080822,185.0967934429394,186.36802673339844,188996,71.55201265907961
2023-07-17,186.36802095740128,189.12636360992394,179.55610802922791,180.70742797851562,97616,67.20778516642002
2023-07-18,182.48234057284844,184.4011875076621,176.39001033859935,178.57269287109375,97960,62.181671549180585
2023-07-19,178.7885796551895,187.63925288535086,178.57270350630995,183.24989318847656,109560,63.57307116984636
2023-07-20,185.02482881686248,185.02482881686248,177.9490804666555,179.84393310546875,88574,59.56336631754683
2023-07-21,181.0432177396448,182.6502550852635,175.9103106221497,176.96566772460938,64944,53.612811921551895
2023-07-24,176.9656804377602,191.86074064064192,174.32726553260625,189.98985290527344,376952,65.63273561403942
2023-07-25,191.381014197249,191.5968757073698,182.3144501415021,185.64845275878906,91540,60.65322152176007
2023-07-26,186.96766335148487,188.0470148397231,181.97866384488992,182.91409301757812,43842,57.06852584367652
2023-07-27,187.06361071834982,195.4345723278218,187.06361071834982,190.34962463378906,339220,64.15927899890652
2023-07-28,188.45476785593368,191.88470401222398,188.4307734841475,190.08578491210938,92706,68.05382077801148
2023-07-31,190.94925468356777,191.88469844434022,189.70201585539212,191.7647705078125,167938,60.98585804173161
2023-08-01,191.884710779143,225.29663311563297,191.66883462365982,220.8113250732422,1810182,72.3231164165638
2023-08-02,220.59544567664378,234.09932817521639,214.71897688536018,227.2394561767578,1139472,71.77997917079509
2023-08-03,225.94422726043382,232.46830978654003,224.14530825358324,230.42953491210938,364964,75.35189665020623
2023-08-04,230.2616427287669,233.42774324421566,227.86308395034226,229.61402893066406,167652,79.80120646265885
2023-08-07,236.01819808451847,246.5238978817014,236.01819808451847,237.6971893310547,835808,83.59225817638007
2023-08-08,239.80789348781252,239.80789348781252,232.06055189260755,234.7229461669922,257082,79.82209318978671
2023-08-09,236.97761669648068,237.74515846391176,233.3557986534336,234.43515014648438,93142,82.81430629608663
2023-08-10,234.43513829069107,235.53846946082228,220.2596472817186,223.6656036376953,158696,75.63864844927127
2023-08-11,223.66561582723335,230.26165275511426,222.56228459697175,226.99961853027344,241064,72.73797859052341
2023-08-14,228.5346835173587,232.0365882101498,223.3058281701954,227.88706970214844,382934,77.10063581225447
2023-08-16,227.88707221121467,232.6602102147765,225.51250771548794,227.6951904296875,240834,79.70091957484844
2023-08-17,229.01440445645378,237.88907252643924,227.74317114733017,235.15472412109375,246966,79.70738046064065
2023-08-18,236.95535798036502,237.92868047348767,225.12949562961384,226.6624755859375,157836,71.86577671948675
2023-08-21,226.662472490096,228.0007908998604,208.09634915770906,211.4056396484375,258908,60.1015630934899
2023-08-22,212.67096784383196,231.38309898725643,208.24234746529777,227.56280517578125,354434,54.00312639498503
2023-08-23,229.21743483323317,240.26465047819875,228.90110801028328,237.24734497070312,206320,55.713308843961705
2023-08-24,239.5833249482218,239.5833249482218,233.79205910366068,236.34703063964844,158978,53.46887202377597
2023-08-25,235.98202925959953,238.39100830719337,227.80612647382304,230.11776733398438,135266,50.2776703513872
2023-08-28,231.26142344598549,245.27726099046612,225.32415047338455,244.06060791015625,260952,53.294797523456396
2023-08-29,244.23094597691104,250.14387706560768,240.24031787291864,244.20660400390625,265032,55.05852141200171
2023-08-30,247.1265697989504,247.9052307472063,243.0872874792238,244.7176055908203,164908,55.47156636112592
2023-08-31,247.17524121124563,247.68624442507624,232.62407308289048,235.69003295898438,150002,56.519379533281615
2023-09-01,235.66569455443337,238.4639965548216,229.9717523694765,230.99374389648438,154880,52.13400312503516
2023-09-04,235.4223632761033,255.49713843918187,231.9670656716291,253.62350463867188,534210,61.15819689320722
2023-09-05,255.49714849884816,255.49714849884816,244.32826720949532,249.55987548828125,170884,59.171659821800496
2023-09-06,250.92252093224306,255.49714842348905,250.14387483747308,254.40216064453125,152196,58.255051916384055
2023-09-07,255.49714471296576,255.49714471296576,245.27725892444712,248.2458953857422,90956,59.446213937371304
2023-09-08,250.1438655516585,251.53083813880687,240.1916377227764,243.1846160888672,99626,65.27127603956237
2023-09-11,242.9412834545749,253.55049195660004,240.45930829809112,249.1218719482422,104986,61.48857456443845
2023-09-12,251.55521311442072,251.8228708624106,227.10047034248052,237.83135986328125,216556,50.3059775709183
2023-09-13,236.03068991483389,246.7372366738573,232.89171912888608,240.2646484375,82108,52.02007287353192
2023-09-14,244.30393741545765,246.9319050866341,236.03069650696605,237.2230224609375,35636,53.78827323403743
2023-09-15,239.14533149483046,242.1382951646179,232.59974669695754,236.10369873046875,43538,45.08566332010062
2023-09-18,237.44199766558467,239.65631504739724,226.37045531168556,228.77943420410156,48280,41.247924808512785
2023-09-20,227.75745762352162,235.2520376604469,215.93159557221998,233.03773498535156,325540,43.6440680780848
2023-09-21,233.57305540437676,233.59738252436776,227.5384444744533,230.92074584960938,78506,47.193581799871566
2023-09-22,229.70410983407226,233.59739983125993,227.78179195727176,229.82577514648438,62684,49.28230777654928
2023-09-25,230.19076735286626,232.3077467248703,223.74250589953544,224.2534942626953,70258,27.166091427549176
2023-09-26,224.25348196771745,233.11072202284402,224.25348196771745,230.1664276123047,66944,35.34387385507033
2023-09-27,230.89642802516528,230.89642802516528,225.83513931866673,227.1977996826172,36680,28.84177791892239
2023-09-28,227.46546423466188,230.26376640930627,221.4308677327298,225.32415771484375,27538,30.900237431236604
2023-09-29,228.24413260382676,233.08641811681468,226.07848404035067,231.62643432617188,33288,40.56417836598746
2023-10-03,229.217438790536,232.6483945132724,226.29747141740816,227.7087860107422,38902,31.922771726248754
2023-10-04,229.6067614840569,229.65543057721285,221.4308587924106,222.45285034179688,43496,35.54436921650557
2023-10-05,223.83983555865206,227.9521139837898,221.45518368351864,226.05413818359375,49488,36.9292842418227
2023-10-06,226.7841473417608,228.70646526099068,222.5258613133479,226.71115112304688,36384,39.88766584876225
2023-10-09,231.18839992879654,233.54870974782412,225.08080773526333,226.51646423339844,70840,40.610114150563014
2023-10-10,226.12713630499547,241.8706299792186,226.12713630499547,238.14767456054688,131874,58.461535493114674
2023-10-11,240.89731339369789,250.63053817728164,240.0699833464043,246.71292114257812,201662,61.460021497682085
2023-10-12,249.07321627121928,253.55050561235674,242.79528925615224,246.71292114257812,119162,63.72092961593021
2023-10-13,246.71291781051738,248.00256710658,237.97734274454314,238.63433837890625,59900,56.825023976573895
2023-10-16,238.63434695202136,247.71057629585704,236.03070629369483,244.595947265625,38140,65.66715468254327
2023-10-17,246.2505723162179,246.2505723162179,236.03068690388474,241.11630249023438,50044,58.76166464192617
2023-10-18,239.63198346333388,258.73345133601816,234.08404848618855,245.8369140625,210512,64.50754193653054
2023-10-19,246.7372602405022,249.24357762530983,241.6273169810835,245.81260681152344,58428,66.41964197275726
2023-10-20,247.46724215634922,256.4704751551544,243.7199446431845,248.53790283203125,207914,64.37730225452952
2023-10-23,250.6061866334711,250.6061866334711,222.8178296140777,227.05177307128906,117668,49.56991391086476
2023-10-25,230.65308624739276,233.110719415363,211.52729179768812,222.9151611328125,107312,50.30713330221925
2023-10-26,220.94421050781804,233.0864148013047,214.13095291506593,230.72610473632812,57958,52.93938294289659
2023-10-27,230.72609497298316,236.97969482633522,229.266111264888,230.94508361816406,41628,52.67855608668144
2023-10-30,230.92076183500743,234.64371740636534,225.34848461294675,232.50241088867188,35876,53.722765718992605
2023-10-31,235.03304315919945,240.82430873197606,235.03304315919945,238.82899475097656,42482,50.453657740629815
2023-11-01,240.14300418884142,249.4869063021206,239.46166654487834,242.81964111328125,123734,47.23948483366584
2023-11-02,244.30394685644438,247.19958722700565,234.32739125772503,236.42002868652344,80674,43.30908135077095
2023-11-03,237.3203493847016,248.31889631736337,237.3203493847016,244.54727172851562,64104,53.841285928230974
2023-11-06,274.96359122094094,293.45671771013696,273.0656005683038,290.99908447265625,1151408,69.75345498195537
2023-11-07,291.02340098503583,315.84312247372617,278.0782247958411,303.5792541503906,914590,74.67793554659806
2023-11-08,311.41455119343993,311.41455119343993,293.4324117512963,295.8900451660156,230966,69.32182228703115
2023-11-09,294.43003597981755,300.17263239377655,286.0108028751329,287.17877197265625,164818,64.96476923720648
2023-11-10,290.5367751640032,315.8918151855469,289.24711093055663,315.8918151855469,274684,70.50976936681627
2023-11-13,330.44298403774957,344.410167654261,322.3887464057953,341.3442077636719,222128,83.98205884319789
2023-11-15,346.0161381200343,350.3474349933507,329.46965612835896,336.8669128417969,165716,83.81226567121038
2023-11-16,341.14955005077843,347.96280782640025,333.3629697357821,335.0662841796875,92768,82.10541824516648
2023-11-17,335.0662500661517,368.57286319138944,332.94928563992164,355.2870178222656,371044,84.06666216840924
2023-11-20,357.5986524569886,389.3289694041124,352.5860479165993,372.8554992675781,257240,85.35179769482195
2023-11-21,378.62245094829206,414.9760521149932,378.59812382658083,394.9012756347656,489808,86.42662251177325
2023-11-22,408.7954254903968,428.2618743232728,405.851131045113,425.0742492675781,524512,87.90485411110953
2023-11-23,431.6198550492371,439.0900930186055,413.7350549179722,423.2005920410156,235292,89.59149783824104
2023-11-24,423.2005913952367,433.2015033793977,408.7954309479715,410.1824035644531,152268,84.39615723517238
2023-11-28,412.15341301697504,433.1285004258844,411.2287447863734,418.8206481933594,168848,81.48902793271225
2023-11-29,423.34661250828395,427.9942212773169,414.6840189200788,417.7013244628906,94646,79.79669526217221
2023-11-30,418.5286428786594,422.15427485358754,394.97422830504127,402.9068298339844,180578,76.94191309136626
2023-12-01,406.3621021276086,437.50841893738937,406.3621021276086,426.5098876953125,239516,82.63049906859892
2023-12-04,441.79104401100085,449.67496161639247,427.7995341122224,442.4723815917969,152018,81.52727032812808
2023-12-05,447.7039752303892,455.0282203227025,428.33486548247487,437.8734130859375,124036,76.82942034957387
2023-12-06,438.4817570206124,441.6207278145563,421.98392986398665,430.59783935546875,104060,75.65263408108049
2023-12-07,433.736833478212,446.3656986938066,422.4219595613891,437.31378173828125,79284,77.25031622425635
2023-12-08,442.6670295452588,442.86170591275163,430.9141790181018,433.6151428222656,44634,72.89147256401017
2023-12-11,436.9974228348529,437.48408402633817,419.98860825175564,421.20526123046875,63122,64.56956949316576
2023-12-12,422.8112602968298,435.0751289322531,407.6517811767933,411.2287292480469,118088,55.30601485475496
2023-12-13,410.5473984978134,436.1457968153106,409.89041772389,417.7013244628906,136296,47.16769316042845
2023-12-14,420.1832964599239,432.6904656710737,411.9343830909213,413.126708984375,47036,46.20879387179399
2023-12-15,413.613410419419,419.03966556322894,403.92883961239414,405.7294921875,51696,48.25015871888972
2023-12-18,409.28208819602327,409.9390689651388,395.168912740988,398.18621826171875,90380,41.82099127579177
2023-12-19,395.2905925734052,406.36213579414385,384.9733683347092,389.42633056640625,91306,39.43252976237321
2023-12-20,389.81565141725963,405.3401567820465,360.6159771537945,367.23455810546875,292442,37.36642657766059
2023-12-21,365.0202315437369,379.1090793951969,365.0202315437369,372.70947265625,88592,28.13920913213653
2023-12-22,374.242513331258,383.44042313456214,363.04930421992,373.4638671875,133130,18.005460916583928
2023-12-26,373.48815093617685,388.3313178165761,373.48815093617685,384.2190246582031,48616,26.467455391620817
2023-12-27,386.7496678847991,407.60308876333784,369.8625180288461,395.4122314453125,172082,35.08048006981478
2023-12-28,399.01352876452955,399.3785246636177,385.4356694370739,392.6139221191406,79658,30.39486663998619
2023-12-29,384.5353710641751,399.06219645623514,380.15542012746033,389.0369873046875,80158,30.427350152495848
2024-01-01,393.83058125186926,394.0009007927203,387.04165148237183,390.9106140136719,35878,35.34259115708032
2024-01-02,393.2222544024292,393.2222544024292,377.57608474996533,386.2386779785156,42740,37.25489524682304
2024-01-03,381.1044005364832,401.0088568922455,380.10675094728236,383.6107177734375,46724,31.90389315096631
2024-01-04,384.4623814346022,396.6289124926592,384.4623814346022,394.92559814453125,55634,40.98361002700621
2024-01-05,395.1202656317694,399.06220972449955,386.43334482972443,391.4703063964844,45384,42.64926362846614
2024-01-08,390.78900305839613,394.65796612774585,383.0024226736709,389.2803649902344,26642,45.14075358307127
2024-01-09,389.3289929187979,394.19560533028283,384.4623805073129,385.7520446777344,36374,47.8738407126154
2024-01-10,382.2723832677508,386.798326613364,365.9692326127926,368.8405456542969,148090,50.9898060788858
2024-01-11,368.8405771998889,371.2982105979759,367.45357480049233,370.83587646484375,26366,48.793513420035914
2024-01-12,373.75580312810325,374.46146781167687,366.4072308594355,367.5508728027344,32320,46.31255535724957
2024-01-15,371.80916203507394,371.80916203507394,358.1826482432126,367.6968688964844,38956,38.12521604553758
2024-01-16,369.8138831867437,372.02818585829243,356.2846771338326,361.07830810546875,55178,23.586685511172888
2024-01-17,360.6890074279978,364.50928646619155,357.6960287752347,360.78631591796875,32942,24.532729564564647
2024-01-18,354.77603063569927,374.2424795045991,354.77603063569927,367.1372375488281,58300,33.22147823618728
2024-01-19,371.80917623059526,371.80917623059526,360.17796106137575,369.7895202636719,44872,34.00884289989446
2024-01-23,364.9959251144304,374.70482266316316,348.473770296895,353.9000549316406,47236,29.07086979947637
2024-01-24,354.55705157050323,363.80361542022206,350.90709215614055,360.1536560058594,85552,35.499402537827635
2024-01-25,360.46999209794245,380.10676156048925,360.46999209794245,373.5368347167969,76424,37.10765148808878
2024-01-29,379.59576154674687,412.95638311122406,379.01176212675534,400.64385986328125,184002,54.30266654566868
2024-01-30,408.18710887841934,411.73972993601654,399.06221076638315,403.1501770019531,81980,56.48610062171439
2024-01-31,412.6886955523243,412.6886955523243,398.06453250557485,401.4711608886719,56552,57.480293005396554
2024-02-01,405.8754717861161,408.771112087869,389.32898972289314,396.117919921875,32198,64.58496984040528
2024-02-02,402.95552463970887,404.90216968627755,378.86579218842195,393.0032958984375,135170,61.712528975683
2024-02-05,319.2497605345343,343.53416731023077,315.4781360769998,339.5921936035156,1018288,40.34291378688066
2024-02-06,342.02549648092184,345.35914363080235,328.9586547196978,340.61419677734375,147162,40.701760415145245
2024-02-07,338.71623128825723,340.83319585243066,287.30045814882675,294.5760498046875,796308,32.031556376894144
2024-02-08,295.40338418703345,304.698602351738,285.1834977489318,299.3940124511719,303462,33.80824359345223
2024-02-09,300.3673401693364,300.3673401693364,278.90556045568826,286.18115234375,106204,29.394282063945283
2024-02-12,286.2784735286544,287.5924648132063,260.41241682271556,277.76190185546875,310836,27.244294964718236
2024-02-13,277.7618823196652,278.34588170544106,265.1817020714525,272.3599548339844,53298,28.734617472291163
2024-02-14,272.04362383991685,294.430040112969,269.1236564999535,286.15679931640625,66318,31.432412477159303
2024-02-15,292.4834118434813,298.29901973347086,286.5461386407448,293.5783996582031,73972,29.317736107852753
2024-02-16,293.5783897111405,301.7299653889882,293.5783897111405,299.9779968261719,44710,20.837467158523353
2024-02-19,304.1389552330874,304.1389552330874,293.23773131210646,296.9120178222656,54968,19.322668858685958
2024-02-20,297.8609976016944,297.8853247223194,290.22041040846835,293.9920349121094,28990,19.185171963643867
2024-02-21,291.9967604296634,295.6223928123544,284.8671609811272,286.18115234375,29758,18.918564472955822
2024-02-22,289.539119461521,291.4370805330266,274.9879360627499,279.8788757324219,58832,18.583607435463463
2024-02-23,283.6748144804602,291.02338643721407,280.80350162921826,288.298095703125,28764,31.00901617098704
2024-02-26,281.38755272015607,284.81850873864215,274.9636180048404,279.8302307128906,44484,28.671456722129463
2024-02-27,277.59154631783315,283.18814983469724,272.5302582125102,274.2822265625,22528,40.05246410146251
2024-02-28,274.2822454558506,278.7838616381951,267.6636648961591,272.84661865234375,32726,36.54082458984486
2024-02-29,272.77361091519043,277.8835536709612,265.23036208524314,274.16058349609375,36442,43.069563014209606
2024-03-01,278.12686948657773,280.9008442042975,265.9846668815147,267.22564697265625,25874,43.81955975829025
2024-03-04,276.39922966496226,278.1755251919483,267.76099351546696,271.7272644042969,72406,49.6249095382834
2024-03-05,271.24066648789534,272.18966197343144,260.63145597850854,262.04278564453125,31354,34.971200290926134
2024-03-06,262.31043025763177,264.6707255872909,253.06386592573008,258.61181640625,55882,27.066696396153688
2024-03-07,260.6071168092751,266.2037215586806,257.46814559609294,264.111083984375,23358,26.19507011928725
2024-03-11,265.2060646059879,265.2060646059879,253.16119819261758,257.8088073730469,25956,25.11611395208469
2024-03-12,257.44379143764667,260.24209351849066,248.2458971335648,250.82521057128906,35208,23.88101703146394
2024-03-13,251.55520468366058,254.49949921976372,231.16408702086343,234.619384765625,46836,21.67866630370503
2024-03-14,234.6193977670825,250.16821620256547,226.80847558808009,245.81260681152344,49944,32.242511416549306
2024-03-15,245.6422508643316,249.87620942021533,238.46399786730558,241.50563049316406,21164,24.516297700642994
2024-03-18,243.30629842544755,252.5041782490687,238.78033987923388,249.85189819335938,167938,33.65181067767274
2024-03-19,251.11718190414453,256.519109400938,245.47190895300943,249.73020935058594,56378,35.76871145643487
2024-03-20,252.06619945171101,252.2121918854853,239.92399536815103,249.02456665039062,29670,36.073980856119036
2024-03-21,252.57716868968063,257.9061148946313,247.22389536485116,255.47280883789062,46048,39.69405344017373
2024-03-22,255.4971237111909,265.4250238282024,250.971180603281,262.5537109375,29600,47.42765889234578
2024-03-26,262.3104092071611,269.3669972099512,253.16118380630164,261.8967590332031,55752,44.348095526846215
2024-03-27,261.89674554966183,270.0969751665853,256.37312292013496,260.8017578125,55922,49.20829420165934
2024-03-28,262.2860765682586,269.22099911477096,258.19811034367353,264.4273681640625,54972,53.70080361061589
2024-04-01,270.09696950604837,285.5727899262469,267.63933635483505,282.871826171875,37010,60.24990512928761
2024-04-02,284.2101553605099,291.99673495942795,276.4235757615918,285.9864807128906,29356,65.95040157326338
2024-04-03,285.9864833971178,297.54468759774545,285.9864833971178,295.98736572265625,56254,74.72029022765157
2024-04-04,301.70563524600544,301.70563524600544,288.76042871594404,293.4810485839844,57600,87.90346067394533
2024-04-05,289.5634235761661,297.7393260658633,287.10579037557807,295.6953430175781,17376,86.32173234235934
2024-04-08,297.3499980286099,339.6895231161534,293.7243660890455,323.946044921875,273250,94.50867837733415
2024-04-09,329.46964188790685,351.1747201515822,326.5496746038191,333.60626220703125,108568,94.58549792657176
2024-04-10,332.53559244589826,335.21222904933194,323.89735613481685,327.6446533203125,41482,89.04879622637989
2024-04-12,327.03632152085265,327.03632152085265,314.675115343896,320.66107177734375,25066,83.77696641937406
2024-04-15,306.59658216270725,328.95867215161275,306.10992092117914,316.6461486816406,53342,79.52093254505911
2024-04-16,314.9914967449934,323.6297340060574,313.7505164876142,319.1037902832031,13554,78.56444118743335
2024-04-18,322.89973600733435,324.6030503645697,309.51655177191356,311.2928771972656,20750,73.2691455085678
2024-04-19,309.0298990388719,313.8478573777067,302.24096854449414,306.572265625,58692,70.84904857782945
2024-04-22,312.67985899237135,313.4828619513177,304.6256210944244,307.5699157714844,14914,70.13401551194872
2024-04-23,306.5965721542255,320.4907442056052,306.1099109285839,307.35089111328125,18220,63.76573621710231
2024-04-24,307.08325168490643,314.8455046372822,306.86424817962427,311.925537109375,16042,64.35110691331602
2024-04-25,313.48284396037315,320.223090131148,309.07853605523644,319.6877746582031,41878,63.445611077889204
2024-04-26,319.4687706786778,328.00966933262936,312.4365099577864,316.1838073730469,23268,62.73546758663571
2024-04-29,319.15242260267473,323.62971177391995,310.51418593502495,310.7088623046875,32052,58.12484331250332
2024-04-30,315.3564637583949,339.6895242335797,315.2834526955922,331.95159912109375,190268,54.68793224598857
2024-05-02,333.8495789317479,341.9524996895293,321.19638789351836,327.6689758300781,77518,46.28952581042716
2024-05-03,328.0096491460468,332.46261101212156,320.223069937832,325.1383361816406,17996,48.36351303797514
2024-05-06,328.35032771368003,328.35032771368003,313.21514610453823,321.24505615234375,26926,50.397344832856035
2024-05-07,322.1697120354455,328.35031517077164,308.08086445816167,316.1351013183594,24134,49.657387107149084
2024-05-08,314.7724881188961,326.06303497205016,307.18058455913393,322.8023986816406,17012,52.34711489003056
2024-05-09,324.6030379847385,324.6030379847385,311.46318487291245,313.3611755371094,9822,51.285921911939376
2024-05-10,314.6751214516271,322.77804234938907,308.0322138638635,318.78741455078125,25840,57.528461242153035
2024-05-13,318.7874128138164,318.7874128138164,296.9119859540912,309.6138610839844,29888,51.14439591833945
2024-05-14,312.07149459912574,319.54173214012167,310.5141728179426,314.2857971191406,11290,53.698408260211906
2024-05-15,316.7678003669721,334.8229197696868,316.7678003669721,331.2459716796875,39514,59.101322533324975
2024-05-16,331.2216207172159,340.6628604452182,326.35500842514136,337.8888854980469,60676,58.66542257908538
2024-05-17,340.90619608015083,364.99592728067546,334.5796000072858,360.39697265625,278722,67.82420877981708
2024-05-21,327.91235046251677,330.90532908755756,297.88534483337725,307.5699157714844,283138,49.08420225065242
2024-05-22,306.5965568004513,315.8431196245919,301.75427190712077,303.262939453125,57872,40.712154750062936
2024-05-23,305.1122460772646,311.41451457440684,301.9976025077561,303.262939453125,32440,41.87328685899032
2024-05-24,302.2896682378337,306.0856203098309,300.27001202919195,302.3139953613281,32484,42.31905240775978
2024-05-27,298.83435103773496,309.02991072599866,298.12868624578147,305.67193603515625,26004,44.74031395264943
2024-05-28,307.20489277092645,307.20489277092645,299.58863285491145,303.0439453125,26858,45.50318561609789
2024-05-29,301.02431365808764,306.10992971890806,295.30604390578685,302.240966796875,25766,42.640651928243855
2024-05-30,302.240950640355,302.80062293565777,294.50305491336974,295.98736572265625,24056,43.6363583522594
2024-05-31,298.29898615922923,300.7322921402925,287.689778022482,295.5980224609375,28866,41.18082904176313
2024-06-03,298.3233459273557,302.6789700508341,288.1277868101934,291.4127502441406,27832,42.804930364845646
2024-06-04,287.51944319569054,289.5390991425994,273.62527128796415,280.4871826171875,32580,37.26856359585342
2024-06-05,280.5845208019982,286.2784630238238,270.3403080488468,280.4871826171875,45624,28.07900847969171
2024-06-06,277.64022016838425,290.8287270715175,277.64022016838425,282.36083984375,28124,24.98903777356425
2024-06-07,284.94014782609696,289.0767682471419,282.53116881668194,284.4778137207031,36248,8.109547151447401
2024-06-10,285.8891473477546,292.2400704995199,282.14184991190115,290.4637451171875,50678,30.46133468114401
2024-06-11,293.35938792419165,301.7299671470238,291.33976161132273,298.128662109375,39698,44.55342909939927
2024-06-12,298.5666559567209,310.976516962257,298.37197958898224,309.05419921875,43504,54.98742158861183
2024-06-13,308.98119815042344,313.6531336437245,307.35086535907004,313.3367919921875,35416,58.97734407116756
2024-06-14,313.3368037657245,315.3807867596363,310.00318640553496,311.26849365234375,24166,54.6558317982131
2024-06-18,308.2998864231531,314.3831517432627,299.1263342018055,302.50860595703125,49420,49.59587610245976
2024-06-19,302.55727917789596,305.01491233942374,294.45435817733033,298.3963317871094,23876,47.235819700870586
2024-06-20,300.14831233110203,314.8698144762432,297.37433739116346,305.8422546386719,57530,56.965946943827625
2024-06-21,305.6232518481961,336.2585821580632,302.21662324479263,328.3746643066406,304446,67.64476171418977
2024-06-24,326.0630412141778,339.68955636939717,321.1964286587423,334.1172790527344,86072,72.61016164818979
2024-06-25,337.45088394991086,338.6188529939611,326.063000123908,326.5010070800781,32456,75.24700617101001
2024-06-26,328.95862753899144,330.7349230076049,317.98442397151814,325.0653381347656,30034,74.07991090312461
2024-06-27,326.4766540043087,328.4963098648548,316.3297798698602,317.9600830078125,28368,68.20103528377935
2024-06-28,318.1791124033404,330.44298157784635,313.8964994369822,315.6484680175781,124164,65.90514838472583
2024-07-01,317.10848004793684,327.98537754253476,310.9765597649368,312.82586669921875,88322,61.791150642979304
2024-07-02,314.2858218489791,324.9437148523665,314.2614947277456,321.8290710449219,93506,62.322891606029245
2024-07-03,326.06299925586325,330.442949992136,319.24974255499444,320.49072265625,46266,56.60483039203314
2024-07-04,318.76309927675965,323.3863808693233,313.3611716131416,316.7191162109375,34308,51.964960056166035
2024-07-05,316.71912195697826,320.97740771159505,313.8964927688926,318.6900939941406,21676,54.316456994818274
2024-07-08,318.6901070177736,336.76958429901964,318.300783959273,327.1336975097656,91084,64.37501981895187
2024-07-09,327.13368779897513,328.98299454954105,320.70975356234845,321.3424072265625,18392,63.13735836529305
2024-07-10,321.73172711492856,324.72470555934854,313.89649319712225,319.85809326171875,31414,58.612434718198266
2024-07-11,319.8337790235962,323.14306957859145,317.10845820508297,319.9554443359375,23420,42.85716504942851
2024-07-12,319.9554346638069,335.0419329380736,300.46465815661253,306.98590087890625,194432,29.496145037903858
2024-07-15,310.2221797915039,315.7700995047739,306.83987859901043,307.9835205078125,33230,34.450324303407555
2024-07-16,307.983567090041,315.0158282509831,306.9859174458501,313.2395324707031,22826,40.66825925087536
2024-07-18,313.23950193737335,317.30311118854877,307.1805638888666,308.22686767578125,38764,42.057209172593794
2024-07-19,308.7865645877635,311.5605396665933,296.91201815013403,300.4159851074219,24276,38.59332151084135
2024-07-22,300.4159670329988,308.93253843594636,297.5690107596767,306.69390869140625,24818,45.63408461182786
2024-07-23,307.56990451395706,311.2198638238537,296.35236884223036,298.7856750488281,39514,33.33337747829833
2024-07-24,301.5916324245981,310.354102287802,298.5887434519501,300.7547607421875,47744,35.85460984841194
2024-07-25,300.7547609861232,307.6712036346264,300.7547609861232,303.7084045410156,24030,40.5641731835588
2024-07-26,306.637453050334,310.42793839856733,302.99461383071304,307.4250793457031,29304,42.03197123728378
2024-07-29,307.4250869132711,308.21271322802846,301.49319172582955,303.7330322265625,28302,32.25536220172515
2024-07-30,303.73302700959505,314.3907700405753,302.52694982344906,310.1571960449219,19590,41.59893021407179
2024-07-31,310.13258592486864,312.9139457376811,302.77308442427346,304.471435546875,25746,39.129356752178914
2024-08-01,309.04958206452835,317.4182392758272,308.6557689108472,313.89849853515625,43058,46.219197183742516
2024-08-02,304.225281835357,312.7416146218686,304.225281835357,308.1142578125,17954,50.77373737711944
2024-08-05,305.38211763214537,307.1050763712071,295.3643552677215,296.7919616699219,53974,43.27759143373866
2024-08-06,296.84118254121904,304.0283699674257,292.73070720602834,294.2567443847656,28232,38.21236198472149
2024-08-07,296.348900990333,300.55783701346763,293.0260520174347,294.9951477050781,22858,41.32296570188243
2024-08-08,294.99517693318114,306.120556652262,291.4261906457125,297.08734130859375,33014,47.640161711654606
2024-08-09,301.49317393489326,301.49317393489326,292.9029878615162,294.5520935058594,15662,40.90967456852924
2024-08-12,294.5274928385919,294.5274928385919,283.5990053411367,293.8875427246094,38512,45.88672831628077
2024-08-13,293.8875466390683,305.1852397426882,288.0294746457788,296.47198486328125,44220,46.44027211988697
2024-08-14,296.4719777658306,296.4719777658306,288.39867320220253,290.2200927734375,10556,39.371615093203516
2024-08-16,294.3552093998183,298.2687932448865,283.0575164304767,290.86004638671875,32612,36.28210785317185
2024-08-19,294.8474665551664,304.176063226939,286.79877004032716,302.428466796875,31314,49.0443282531694
2024-08-20,302.42847161691896,307.6465932117693,299.37639734081705,301.9854431152344,17486,43.4387361851107
2024-08-21,300.3117243753758,307.15434446254073,299.30256876292805,303.5115051269531,21112,49.17408298398264
2024-08-22,303.51148817101733,315.59680724838347,302.05927405568855,311.11712646484375,68758,47.52949480689725
2024-08-23,311.11713910121904,314.4153806040589,304.71757769565596,307.9173583984375,26290,49.81669142222681
2024-08-26,308.16346612313396,317.5412780526621,308.16346612313396,315.76910400390625,99940,68.88778732935192
2024-08-27,315.07992496777774,324.9500113202469,313.135436922235,315.1537780761719,50600,71.62508526818422
2024-08-28,315.15376331880424,322.90707740444344,314.1692154984056,317.5658874511719,39696,72.57509382913209
2024-08-29,317.98438330620985,325.36849300425934,311.0433021624317,314.2184753417969,48852,66.71474468724969
2024-08-30,317.12286484074065,318.00895188632916,312.618546460477,315.03070068359375,16908,70.67604166987624
2024-09-02,315.0553191740264,321.8240857969059,313.87384970871716,315.94140625,12330,72.15635560248488
2024-09-03,317.81202761836414,318.00894920284014,310.6740558483313,317.2705383300781,39006,71.43588643550586
2024-09-04,312.5939387752622,314.5876421393501,307.671199581951,309.049560546875,15080,68.64950641091518
2024-09-05,312.07708647038555,313.2339182710235,305.062182461281,307.2528076171875,9490,65.8723751799522
2024-09-06,307.91734550229967,312.29859553025136,304.225290999874,305.2098388671875,17946,53.3022074136984
2024-09-09,302.7484893798828,305.2344669013595,295.4628406853105,298.3180236816406,13402,46.22403066675045
2024-09-10,299.4748533046256,304.4468383574073,299.302569436022,301.4931945800781,6258,47.990200189869796
2024-09-11,301.8869975707911,312.59395590289824,301.8869975707911,310.37872314453125,26214,49.28298715445825
2024-09-12,314.6615002239464,314.6615002239464,304.22528695981117,306.58819580078125,12372,48.72398097778319
2024-09-13,306.80973673106485,317.17209728133014,306.80973673106485,311.38787841796875,31928,45.532127576673105
2024-09-16,311.38786787419764,311.60939715151807,305.7021100017262,309.468017578125,17126,44.3520659062565
2024-09-17,313.0862200725892,313.0862200725892,304.24989700316115,307.3758544921875,9134,39.813007470304576
2024-09-18,307.646607491108,307.646607491108,296.42276757057715,297.6288146972656,17330,35.29664739434121
2024-09-19,298.7610530542003,301.3700988121577,290.4908271894074,293.1983337402344,17742,31.816303239958216
2024-09-20,295.36435876266125,299.27794252546977,294.0106054516657,297.4319152832031,14050,35.39239869771232
2024-09-23,301.5916498830105,307.6466135069329,297.82574211717144,299.0564270019531,28034,35.692217260435015
2024-09-24,300.18864185219707,305.1606266613751,297.3334590165396,299.9425048828125,20850,41.91434987493009
2024-09-25,299.7948252025403,301.27164700156766,297.33345553749484,299.30255126953125,10014,42.7933754623887
2024-09-26,299.30255373916185,303.21613754807953,297.3334579908779,298.0718688964844,10066,43.43297704179757
2024-09-27,297.43190282966293,300.9516432632692,295.97968878401446,296.66888427734375,7762,48.31232233615888
2024-09-30,296.64427050276106,300.06558046736137,292.1891972606925,294.30596923828125,8986,42.52047325566846
2024-10-01,295.3397591429718,305.1852380373386,294.13368196920845,303.5361022949219,24230,42.929802864795356
2024-10-03,303.53611380580696,305.67752357414986,293.8875561418357,294.5767517089844,15408,38.78680482155627
2024-10-04,294.3798123903837,303.5360955399723,290.9338948540414,292.312255859375,16582,31.307290476697446
2024-10-07,292.43530680181505,292.43530680181505,275.6733863718038,277.07635498046875,20390,24.827847243895803
2024-10-08,282.1221726313959,282.1221726313959,270.75065705355297,277.1256103515625,16494,25.72108790218286
2024-10-09,279.58697548575213,297.2595909720229,279.1193092582152,286.50341796875,17040,41.017493560463635
2024-10-10,290.6385517726329,309.00036407784785,283.42672639480963,304.2499084472656,63004,57.34381083711875
2024-10-11,303.24074311079016,303.4130269691511,291.4261687038763,296.2750549316406,17902,49.26767467971876
2024-10-14,296.1027917705878,297.825750658696,290.71238581144576,291.3277282714844,11042,45.30502662883804
2024-10-15,295.6597390853098,307.6220207841636,293.59221241510613,299.5979309082031,23338,49.807913402986486
2024-10-16,301.07472171518884,319.48577860219643,299.8932823180754,312.5693359375,75070,56.501808492436396
2024-10-17,310.6248644077676,313.7015766146591,301.0501300107176,302.08392333984375,23018,51.80270816907203
2024-10-18,296.9396309245857,302.7238494139022,288.0540927863705,301.4193115234375,15722,52.14873363554545
2024-10-21,303.1915363501306,304.3975834849562,287.9802593506387,289.5555419921875,11606,48.021331616797646
2024-10-22,289.55556052018716,289.55556052018716,266.7386435609468,270.0614929199219,39636,37.15527917726037
2024-10-23,272.3505686135716,285.4696816777117,268.51083773134127,282.90985107421875,21600,45.65297035635999
2024-10-24,282.90985584581813,283.32827670084225,270.47993813505684,275.55035400390625,23514,43.98304639127824
2024-10-25,276.9041042536756,276.9041042536756,265.877155461433,270.9476013183594,14522,47.6181586714528
2024-10-28,270.7506721696692,273.4089635148329,260.88058549341474,266.7140197753906,19100,46.08115729610456
2024-10-29,266.71399795151314,273.8273619474868,263.3173260062005,269.86456298828125,15982,43.42923942779324
2024-10-30,271.63676163458655,284.23899287655206,270.0368712851079,280.3254089355469,13318,39.975253918427946
2024-10-31,281.48222966798585,283.6728546851701,276.65795112028735,278.405517578125,5970,42.11212906198095
2024-11-01,282.31913043726246,293.27222660505515,278.5286147430247,284.46051025390625,6518,46.998066435948125
2024-11-04,284.4604586848256,284.4604586848256,276.65792945438426,279.5377197265625,6494,40.96651387607388
2024-11-05,279.73465640168877,286.45420746080435,276.3379543187481,284.04205322265625,10352,36.093129623811016
2024-11-06,286.429562796535,291.9184289168342,280.6207366620303,290.687744140625,12988,44.22836289089113
2024-11-07,289.94935660180903,291.32771765285185,285.5434987393183,288.398681640625,5128,43.51240194703969
2024-11-08,289.16172532494943,301.2716522703509,284.63279905285845,290.86004638671875,26088,50.717172408609414
2024-11-11,274.24579299816156,274.5903907566227,258.54227273815945,265.87713623046875,64480,47.83051453544027
2024-11-12,268.28930176045037,268.28930176045037,243.94634901353265,248.99215698242188,57374,33.12103032918863
2024-11-13,250.0751620094659,256.4993309298364,244.16787471790371,245.3985595703125,19220,34.41080297111999
2024-11-14,249.21368215276695,249.21368215276695,241.21423062687566,243.45407104492188,13926,35.38341229151794
2024-11-18,243.6756098853673,246.06314159288635,234.51931123658807,240.08201599121094,26934,35.71053483472376
2024-11-19,243.52791483188363,247.07227805079228,238.26057786573148,238.90052795410156,18786,33.027544727877356
2024-11-21,238.8020924092081,238.90053818386087,232.1317714773811,232.96864318847656,11044,22.68599445371953
2024-11-22,235.28232663586314,240.8696236228185,233.63320599531784,234.93772888183594,10646,24.943262469986422
2024-11-25,238.28519903221357,244.26633953167254,235.2823399613681,238.58056640625,18522,22.79627013914599
2024-11-26,241.97724784860102,241.97724784860102,232.52559726710575,235.6761474609375,12722,23.355283038106094
2024-11-27,235.67614622910818,241.63266384336458,233.92857977018966,236.29148864746094,28984,19.55429173847469
2024-11-28,237.89137585284618,240.22967701228956,233.33784201603535,234.10086059570312,21618,11.747083023711696
2024-11-29,235.82383299297697,236.63609704009428,229.22736497653875,235.25772094726562,14406,13.518093219646545
2024-12-02,238.2605812640092,240.5496520256837,232.82096036625518,235.1100311279297,27790,10.471222994340565
2024-12-03,235.30693923607177,267.79701871218214,235.30693923607177,245.3739471435547,323448,31.627726621274363
2024-12-04,247.46612213030306,250.56744202434786,244.7339926779219,247.2938232421875,49782,47.920450146257174
2024-12-05,249.45982683108394,251.52738345240502,241.21423808037719,243.72483825683594,50716,47.949351185924826
2024-12-06,245.1524287912717,245.39856576796976,236.38995843002414,239.3682098388672,51302,45.273367678972186
2024-12-09,237.42371134107225,246.26003442769093,237.42371134107225,241.87879943847656,32084,52.12083771594887
2024-12-10,243.2079248812884,243.79865959622697,239.58972357706514,241.3865203857422,28518,52.98287923039291
2024-12-11,241.38652540241648,242.14954398731257,236.53762417079645,240.4019775390625,42978,60.1206287553657
2024-12-12,242.54337766984767,242.54337766984767,237.79292210257702,238.8759307861328,19620,55.427415203340395
2024-12-13,238.8513239049161,239.7866413949596,236.53763035632716,238.80209350585938,33738,50.3386059268865
2024-12-16,238.80210192410996,242.05111307727654,235.30695378999155,236.51303100585938,29978,51.30370788728296
2024-12-17,236.51301513714944,238.26058157545208,229.76885630236004,233.09170532226562,40014,45.416081019343295
2024-12-18,231.6148762720174,234.96233287418463,230.16266221817577,232.82095336914062,29834,48.05971129762474
2024-12-19,226.93828271982778,235.18387108329225,226.93828271982778,230.45803833007812,16948,42.98054873438681
2024-12-20,230.45803304273983,233.73165161181086,221.5478720706986,224.52613830566406,34474,36.76108393188703
2024-12-23,228.24281796828524,228.24281796828524,218.0773637247686,220.88333129882812,31528,13.284138412528193
2024-12-24,220.8833183823594,223.98463813190563,214.18838993029863,218.17581176757812,19526,7.3539810114305055
2024-12-26,221.30174770612686,221.30174770612686,211.18552406601427,213.4007568359375,41640,7.103044525806794
2024-12-27,214.4345268241585,223.71389340543286,209.68408640621942,215.6898193359375,30790,14.42303062928066
2024-12-30,216.74821976642838,216.74821976642838,209.85638428866582,211.3332061767578,18638,6.517141730107895
2024-12-31,211.33319970455875,230.38420748670094,207.73960589612776,223.34469604492188,46884,30.65963620018509
2025-01-01,221.52327178966112,233.21477780078214,220.02184229006787,230.2365264892578,29320,40.327869518872475
2025-01-02,230.4334405573751,230.4334405573751,223.1477770343174,225.06765747070312,25614,37.71353749877467
2025-01-03,230.43343201936352,230.43343201936352,223.54159692812945,224.8707275390625,26228,37.631105357362514
2025-01-06,226.42141559162175,226.56909177151414,218.5696398621451,222.1386260986328,19148,37.337372293817175
2025-01-07,222.212463364979,222.2370860768759,215.86213226198757,220.7356414794922,22152,38.714033050917145
2025-01-08,219.08652066044442,220.39105867744638,214.5083788255233,216.30517578125,14124,35.97994459219514
2025-01-09,219.38188968178125,219.38188968178125,211.1363007611105,214.68067932128906,29142,36.43674117122669
2025-01-10,215.14832484461476,215.14832484461476,204.1952294058836,204.85980224609375,57552,34.15311289754219
2025-01-13,204.78595801193802,207.71499394943712,197.7956620898272,202.49688720703125,37774,34.87240571852978
2025-01-14,205.52436757732357,209.14258399915477,201.48771530672136,207.0750274658203,19766,41.13947962326703
2025-01-15,207.5180685922689,213.84379157938483,202.9153193782622,204.34291076660156,234074,42.52639302574981
2025-01-16,204.90901689313847,211.6285528208885,204.78594841452397,207.88726806640625,15524,43.69278649798356
2025-01-17,207.88727047585485,212.3669661539445,205.62282246150886,207.66575622558594,18290,46.82301797826831
2025-01-20,204.34291848276655,208.82261440678843,204.34291848276655,206.5581512451172,14562,32.07148051175963
2025-01-21,208.62568976990272,209.51179187573794,203.48143611053254,204.36752319335938,6090,19.286930390513277
2025-01-22,203.94907924400755,204.36751508101372,198.16486067841444,199.19863891601562,10972,19.286923402454505
2025-01-23,197.91873890344155,205.25363289970824,197.91873890344155,200.67547607421875,10498,22.12138133187804
2025-01-24,201.04467071843555,203.01376644539968,192.55294539590275,193.31597900390625,16774,19.98973666441593
2025-01-27,193.21752290524086,193.93132613282032,182.11675148383745,184.94732666015625,44440,17.45746715739449
2025-01-28,184.92270394916574,189.45163024047926,179.6799894532813,184.94732666015625,28726,18.987333367136785
2025-01-29,185.11960637293632,194.7435707705222,185.11960637293632,190.28848266601562,15640,27.52831370030816
2025-01-30,190.85462246800887,200.08475932280018,189.77161373450966,194.4728240966797,14772,39.321859379171634
2025-01-31,194.81741388845384,200.84776971949253,191.49456475706518,199.71554565429688,16116,47.3005305993575
2025-02-01,199.71554317911898,202.54611833003597,192.50371795011512,200.94622802734375,12366,43.63823146392094
2025-02-03,199.715549443295,199.715549443295,193.51289460909118,193.90670776367188,11430,40.05628809689066
2025-02-04,196.39269128580028,196.90957290547388,192.13450975331287,196.26962280273438,19576,38.675644754713886
2025-02-05,197.5249255230397,200.0601334005405,193.70980235094362,194.300537109375,43592,37.40141160090271
2025-02-06,194.25130043299637,199.86322036474468,193.24212983853187,195.90042114257812,5534,40.04598032696425
2025-02-07,197.45107738143483,198.38639484882518,193.95592945517896,196.73727416992188,7052,42.688675383128995
2025-02-10,188.56552670330285,188.56552670330285,174.33881284224358,182.60902404785156,100882,36.43318008923114
2025-02-11,177.71089498485446,181.1814203043026,171.3113336696104,172.4435577392578,27236,29.78496891057543
2025-02-12,175.54488827521843,184.11045174203778,169.39146408597918,179.8030548095703,22646,40.32427837681628
2025-02-13,179.60614487638378,185.88263743185925,175.76639924040578,179.63075256347656,19214,45.68688679995019
2025-02-14,181.0337438557335,182.14136023554423,172.96045413638137,177.41552734375,16182,44.10176429426318
2025-02-17,175.69256396765033,180.1230293718259,168.8253516049831,172.4189453125,24144,35.93023518449192
2025-02-18,170.79445387089373,173.79731296347185,160.50591624271775,164.37026977539062,40062,27.658008243248545
2025-02-19,165.13329915911206,187.0887048616352,164.7394709933621,180.12303161621094,48570,37.42097299008796
2025-02-20,179.67997966763878,191.9868275900798,174.53571122685534,189.4023895263672,23734,43.28271539409132
2025-02-21,189.03319217517083,194.69434246166682,184.62733442125972,189.59930419921875,14266,47.276682988496255
2025-02-24,187.06409751089092,189.67314338802368,186.81796054048186,188.5163116455078,4842,45.0173986698838
2025-02-25,185.19347313464087,188.24556272843154,180.6891543001841,182.04290771484375,10572,42.553819435432615
2025-02-27,178.76927367484376,184.43042383817468,170.2529407426883,171.1636505126953,55590,36.4955589383436
2025-02-28,173.2804184231974,173.2804184231974,163.70568474828073,169.04685974121094,26436,35.09143609857311
2025-03-03,167.44696960840935,172.07434141657365,160.9735706143012,166.56088256835938,23822,40.121205859285105
2025-03-04,167.39774137483138,172.36971099780894,164.93637176177398,167.34852600097656,63112,46.45426762576483
2025-03-05,167.37313344093747,175.66795202930317,167.37313344093747,172.3204803466797,23416,44.61374041106122
2025-03-06,174.75724665432412,183.59356978309114,174.75724665432412,181.82138061523438,24498,51.39019641602105
2025-03-07,181.64908225319604,184.60272586706913,180.29532893017085,182.75669860839844,23000,53.4455377284703
2025-03-10,185.34113937463624,185.36574706256093,175.2987539509708,176.08639526367188,19086,52.315828298602824
2025-03-11,170.84366139192855,178.37546153449676,169.8345058446635,171.55746459960938,36010,54.74950883492134
2025-03-12,176.234068299429,177.21861616702355,171.3113289614561,172.4189453125,35902,43.66140282114935
2025-03-13,173.8711640265998,173.8711640265998,166.14245705229692,168.01309204101562,19968,30.867468873121126
2025-03-17,166.36398020774723,169.7852749982918,162.72114111708385,165.65017700195312,25104,29.37685795256256
2025-03-18,165.65017700195312,165.65017700195312,165.65017700195312,165.65017700195312,0,29.93520319396812
2025-03-19,173.13275253249793,178.20316815875066,173.13275253249793,176.48020935058594,32864,45.46548899760063
2025-03-20,176.48021663761065,183.6181891375977,176.20947196578035,179.70460510253906,56818,57.95506484115452
2025-03-21,181.15680967335103,184.11045330932959,176.48020724971835,178.17855834960938,33658,58.59992222843973
2025-03-24,178.20315423644394,194.44819315855068,178.20315423644394,184.79962158203125,66778,65.93547705882384
2025-03-25,185.04577191843194,189.67314397176193,179.72921935043723,181.52601623535156,44062,61.87139981264077
2025-03-26,181.55062181218355,183.22436521506071,173.28042568635624,175.2987518310547,55332,52.44248306764981
2025-03-27,175.9140980654604,181.67369423484269,172.46818043449352,174.92955017089844,48142,43.35232669963743
2025-03-28,177.7847369988066,181.35372319574614,170.30218184799395,172.07435607910156,43900,40.064099288895854
2025-04-01,175.44642834979265,183.32281135111225,173.05889674791595,181.20603942871094,23354,54.553412185444046
2025-04-02,181.15680257178028,184.70118080521388,178.4492960116042,183.81507873535156,12642,61.28739996723301
2025-04-03,179.48308342932364,196.90957808526818,179.48308342932364,187.35946655273438,25364,63.11016349577938
2025-04-04,187.35947199540263,188.09788293467273,178.4985407241614,179.92613220214844,29206,59.92618293562048
2025-04-07,176.25866975172198,176.25866975172198,165.182506633105,171.53285217285156,28772,54.453972029397164
2025-04-08,169.3914739682332,176.97249000704875,169.3914739682332,173.8711700439453,15088,56.011532766737076
2025-04-09,170.94211991571504,173.08351448729533,167.86540789419388,169.29299926757812,12184,44.215523663348165
2025-04-11,170.62215128274346,173.5511722235112,170.12987734079843,171.6559295654297,9198,43.431102529884434
2025-04-15,174.11729963293453,179.6799891791401,172.29588003479188,179.0400390625,17838,50.641731531662614
2025-04-16,179.58152510435633,182.97822726718059,178.20316409843363,180.3445587158203,11848,46.395874043780275
2025-04-17,181.15681541815337,185.07039936913495,178.10471088831787,182.55979919433594,9742,50.850896763552925
2025-04-21,185.14423161924648,193.06984504845806,179.9507325445946,185.09500122070312,50684,58.58497602785246
2025-04-22,186.153388739145,189.13165511127264,182.6336330475473,183.4705047607422,35426,57.32375952465564
2025-04-23,180.59069961717523,185.75957603650747,180.59069961717523,182.9290008544922,145370,59.692302074681564
2025-04-24,184.578120831927,187.06409823345774,182.97823051808822,184.4796600341797,16248,53.38077831965201
2025-04-25,187.06410689621214,187.06410689621214,176.20947196578035,179.70460510253906,14196,45.93675808247031
2025-04-28,178.49853888983407,179.31078791008235,173.57579934528823,175.17568969726562,13598,38.186169665018646
2025-04-29,175.17568071162972,177.66165804490362,171.80360129198485,172.56661987304688,10448,42.12742744713211
2025-04-30,172.39433533081072,174.73263648523002,168.65305047913827,171.1636505126953,11518,49.535608944191694
2025-05-02,171.1636451352321,173.5757842983543,170.84365507416882,171.68052673339844,5952,47.11223359275747
2025-05-05,170.8190696400687,187.8271294984856,170.59754034170632,180.81222534179688,21048,63.55737520032814
2025-05-06,180.81222223345617,182.83054850458376,174.75725844308263,176.20947265625,62658,55.090821437673725
2025-05-07,172.29586573089728,178.1785448700551,171.0897886615781,175.0033721923828,10828,44.76370389166811
2025-05-08,177.563207607546,185.6118741201432,175.54488154624025,177.98162841796875,21764,47.0624054596383
2025-05-09,172.24664172299083,188.04863757056387,169.3176209107619,181.3291015625,30718,48.5118899357597
2025-05-12,211.18552174287683,217.5850830078125,206.18894422139417,217.5850830078125,1080302,71.63933619869974
2025-05-13,221.6772783312718,232.7311959969436,217.5850758585472,229.2877655029297,294064,76.90385439010535
2025-05-14,230.41062282954294,237.2974837746369,230.41062282954294,233.90396118164062,124700,78.56550289024459
2025-05-15,233.9039618105269,233.9039618105269,225.09574647240106,227.5909881591797,43936,72.93472945671847
2025-05-16,231.05939428950168,259.13086497802107,226.4431968873896,241.9136962890625,102578,80.04264251544564
2025-05-19,253.01752093890767,254.01561766844972,244.80816924652538,249.274658203125,112772,84.83184542253683
2025-05-20,250.02322538323563,252.01941879946907,244.00969880873132,247.30340576171875,38738,85.34359987115113
2025-05-21,242.53750559441576,249.723799010523,237.44720617522654,241.2649383544922,57798,81.75901858744282
2025-05-22,243.43578451351013,247.4780792853797,239.069111352794,245.03274536132812,31228,82.28095676368167
2025-05-23,244.5835979500936,254.01560866396534,242.53749668111425,249.57408142089844,59528,81.53491804616309
2025-05-26,249.52417108766736,262.00037964205075,247.27845354787834,252.06932067871094,93722,85.47590168091897
2025-05-27,254.51466344443315,273.4785011128419,254.51466344443315,270.95831298828125,156562,88.50509202580957
2025-05-28,270.9583201796066,274.4766051169336,266.9908795228354,268.737548828125,55944,86.64157106731702
2025-05-29,272.97943690817226,272.97943690817226,257.0098903248788,260.62799072265625,58714,80.8304260480109
2025-05-30,264.49562996943394,267.11563385120667,259.85448632790695,260.82763671875,42976,73.36208283761432
2025-06-02,261.5013253014301,266.39199285066513,252.01940701759963,260.62799072265625,33692,69.33494571394628
2025-06-03,267.96401060872273,267.96401060872273,257.0847629554556,259.82952880859375,20544,66.78512337583048
2025-06-04,259.8295504272995,262.20003022496905,257.0099149052206,257.8083801269531,18078,70.71500793002747
2025-06-05,260.7777061504705,264.4956224063835,260.7777061504705,262.20001220703125,23662,66.09899517811431
2025-06-06,265.0,265.0,259.54998779296875,262.1499938964844,17186,61.55900338633848
2025-06-09,262.5,265.0,261.25,262.3500061035156,10586,63.95200176576454
2025-06-10,264.0,264.0,247.4499969482422,253.14999389648438,55832,60.41009602854795
2025-06-11,255.4499969482422,259.92498779296875,254.02499389648438,256.125,18482,59.8525175936362
2025-06-12,257.5,270.04998779296875,252.5,254.27499389648438,84704,54.38516781349255
2025-06-13,253.5,256.625,249.97500610351562,253.6750030517578,34130,51.55273729154691
2025-06-16,248.97500610351562,257.1000061035156,246.52499389648438,253.1999969482422,32868,23.328580274669036
2025-06-17,259.0,262.5,253.5,254.3249969482422,28354,27.616885969797252
2025-06-18,254.3249969482422,257.7250061035156,250.77499389648438,253.10000610351562,18162,35.128777383505934
2025-06-19,253.10000610351562,254.8249969482422,245.5,248.9499969482422,33536,29.70393373121719
2025-06-20,248.9499969482422,251.5500030517578,246.5,248.9250030517578,18958,29.882294555815008
2025-06-23,245.39999389648438,251.3000030517578,243.89999389648438,249.625,32528,32.398594338401026
2025-06-24,255.0,257.0,250.77499389648438,252.1999969482422,28202,40.50767467458108
2025-06-25,252.1999969482422,255.85000610351562,247.4499969482422,252.625,55660,31.28055481639963
2025-06-26,255.5,258.3999938964844,250.0,251.4250030517578,38454,29.93455140908881
2025-06-27,254.5,264.0249938964844,254.5,261.7749938964844,104718,49.220322431144076
2025-06-30,263.0,265.5,259.45001220703125,261.1499938964844,39034,64.1342817151102
2025-07-01,263.125,264.6499938964844,260.0,263.0249938964844,35204,62.683820848232166
2025-07-02,263.4750061035156,268.6000061035156,257.3999938964844,260.54998779296875,58858,61.27582753965093
2025-07-03,263.1499938964844,285.0,260.9750061035156,280.5,302602,78.43136747528271
2025-07-04,281.375,284.75,271.5,279.1000061035156,132070,76.92309156448934
2025-07-07,280.04998779296875,284.0,276.5249938964844,280.7749938964844,53558,77.18397591211686
2025-07-08,281.9750061035156,284.2250061035156,269.25,273.54998779296875,94860,68.7099578896464
2025-07-09,276.25,279.25,272.5,277.70001220703125,33760,76.3037606975541
2025-07-10,278.0,280.0,271.0249938964844,277.875,72436,76.41422932120946
2025-07-11,280.0,289.67498779296875,277.125,282.42498779296875,139122,77.96248184685221
2025-07-14,285.0,290.0,281.0,281.79998779296875,97926,76.10228610042653
2025-07-15,284.04998779296875,287.5,282.0249938964844,284.3999938964844,66506,76.98513282079352
2025-07-16,284.9750061035156,287.5,282.25,283.0249938964844,39576,76.75697647045752
2025-07-17,285.0,285.0,275.1000061035156,277.32501220703125,62862,64.2922978448641
2025-07-18,281.5,286.0,276.0,277.0,57378,64.64880250954873
2025-07-21,270.29998779296875,274.75,264.25,272.3999938964844,28029,58.2490083467505
2025-07-22,269.0,269.3500061035156,264.0,266.0,30281,54.48560675475822
2025-07-23,264.5,266.8999938964844,257.3999938964844,261.45001220703125,39098,28.996694544113566
2025-07-24,261.45001220703125,264.20001220703125,256.3999938964844,259.3999938964844,21463,28.58694325322689
2025-07-25,260.6499938964844,260.6499938964844,245.0,246.35000610351562,40313,20.00001063793573
2025-07-28,246.35000610351562,252.75,235.0,236.60000610351562,39118,19.156940355196113
2025-07-29,236.60000610351562,247.0,234.75,242.9499969482422,26238,22.020903817230547
2025-07-30,243.0,244.75,235.10000610351562,238.5500030517578,13073,20.35430316474232
2025-07-31,230.5,240.4499969482422,230.5,233.8000030517578,13460,13.453588609152618
2025-08-01,233.8000030517578,240.7899932861328,233.75999450683594,238.22000122070312,23184,19.013082376223025
2025-08-04,242.0,242.0,234.8300018310547,237.11000061035156,33550,15.647237399855157
2025-08-05,238.89999389648438,239.38999938964844,232.0,235.33999633789062,6796,15.557952780065293
2025-08-06,235.33999633789062,242.0,226.3000030517578,237.0800018310547,18238,19.167999117180912
2025-08-07,237.0800018310547,237.99000549316406,231.8800048828125,236.25,9787,19.020824990917106
2025-08-08,236.25,239.22000122070312,228.5,230.5,11435,18.693959506282738
2025-08-11,227.0500030517578,234.1999969482422,223.7100067138672,227.3300018310547,14708,19.64201134311152
2025-08-12,223.91000366210938,231.1300048828125,217.89999389648438,220.42999267578125,21031,18.94305404022829
2025-08-13,220.42999267578125,234.0,220.42999267578125,232.82000732421875,25159,32.60016701161091
2025-08-14,231.0,237.5,229.42999267578125,234.39999389648438,13743,40.79493796577386
2025-08-18,236.0,236.3800048828125,229.44000244140625,230.92999267578125,18836,45.164580457508585
2025-08-19,237.99000549316406,277.1099853515625,232.36000061035156,275.5199890136719,1787614,66.81118435882141
2025-08-20,267.25,281.0,255.19000244140625,269.4200134277344,998589,65.65892911682765
2025-08-21,267.0,269.3999938964844,255.2899932861328,259.1000061035156,88404,62.14711119648453
2025-08-22,260.3900146484375,284.3999938964844,256.1499938964844,265.04998779296875,335006,62.69517881680613
2025-08-25,267.1700134277344,272.8599853515625,263.4200134277344,269.0,64095,64.69449866557657
2025-08-26,269.0,269.0,257.29998779296875,259.8699951171875,26335,60.58513843661077
2025-08-28,258.0,258.0,243.0500030517578,244.11000061035156,54457,52.70613582191773
2025-08-29,242.0,248.88999938964844,238.0,239.64999389648438,19151,51.27321531465084
2025-09-01,243.0,244.75,236.0,239.77000427246094,24139,53.62420999167323
2025-09-02,242.14999389648438,244.0,237.0,238.27999877929688,26997,54.33800664200387
2025-09-03,238.27999877929688,259.04998779296875,238.27999877929688,248.72999572753906,72261,60.90474886320488
2025-09-04,254.9499969482422,254.9499969482422,240.0,242.9600067138672,17381,54.11726569469205
2025-09-05,243.82000732421875,247.2899932861328,236.0,239.8800048828125,36169,52.19833588095401
2025-09-08,241.0,252.0,241.0,247.8699951171875,13644,56.55776012838366
2025-09-09,248.00999450683594,254.39999389648438,245.02999877929688,246.72999572753906,16731,33.204992835256846
2025-09-10,249.1999969482422,249.72999572753906,244.08999633789062,247.3800048828125,19032,36.26962007026723
2025-09-11,248.27999877929688,249.85000610351562,240.1999969482422,242.25,16160,38.77713836449863
2025-09-12,244.60000610351562,252.22000122070312,243.0,247.22999572753906,32128,37.97571732246837
2025-09-15,248.4600067138672,249.6199951171875,240.6199951171875,241.60000610351562,21352,31.921355015929308
2025-09-16,242.8800048828125,249.0,242.8800048828125,243.49000549316406,24374,38.05077966987672
2025-09-17,246.8800048828125,248.99000549316406,241.97999572753906,243.6300048828125,21863,49.546489281796
2025-09-18,244.30999755859375,247.02000427246094,242.6999969482422,244.9499969482422,26123,55.32342788901726
2025-09-19,245.00999450683594,247.75999450683594,242.89999389648438,244.58999633789062,19642,54.81806736749754
2025-09-22,246.49000549316406,248.97999572753906,240.3000030517578,242.22999572753906,33313,53.88091900603426
2025-09-23,244.0399932861328,260.0,241.35000610351562,253.16000366210938,49331,54.3118645819812
2025-09-24,247.5,279.8999938964844,247.35000610351562,265.92999267578125,478368,69.6761982937442
2025-09-25,267.8999938964844,276.75,263.0799865722656,266.5199890136719,153096,73.83678986387778
2025-09-26,268.6499938964844,269.70001220703125,251.10000610351562,254.55999755859375,116972,55.588976750542024
2025-09-29,256.6000061035156,262.5,246.72000122070312,248.83999633789062,99565,51.63743702461325
2025-09-30,250.0,298.6000061035156,246.1999969482422,294.489990234375,8487734,71.52517666206239
2025-10-01,288.95001220703125,294.0,278.0,282.8500061035156,1395653,67.50906788940597
2025-10-03,279.0,290.0,278.04998779296875,285.1499938964844,268090,66.74025271188557
2025-10-06,289.0,338.0,285.95001220703125,303.0,5683938,74.46605769303264
2025-10-07,301.0,308.3999938964844,283.6499938964844,290.70001220703125,543253,67.37067780202821
2025-10-08,288.95001220703125,294.79998779296875,275.5,277.3999938964844,197505,61.32841284592826
2025-10-09,280.8999938964844,290.0,266.75,271.25,337972,58.54562322620745
2025-10-10,271.25,274.0,266.25,267.95001220703125,95561,57.448037198686976
2025-10-13,268.8999938964844,268.8999938964844,260.5,263.0,82098,56.514650824808555
2025-10-14,263.0,267.54998779296875,252.10000610351562,253.64999389648438,83731,50.155227260598494
2025-10-15,254.3000030517578,260.0,253.0,254.3000030517578,69567,46.00919925744947
2025-10-16,256.8999938964844,264.1000061035156,254.14999389648438,257.04998779296875,109603,46.7978618083986
2025-10-17,257.5,260.6499938964844,251.14999389648438,256.95001220703125,48341,50.87861758303203
2025-10-20,259.5,261.0,256.1499938964844,259.1499938964844,20911,53.890860845389646
2025-10-21,265.0,265.54998779296875,259.95001220703125,262.8999938964844,19171,32.564290264518434
2025-10-23,268.0,268.0,256.1499938964844,258.0,32722,35.18185904400029
2025-10-24,258.0,259.25,253.3000030517578,254.39999389648438,29720,31.943621124552635
2025-10-27,259.6499938964844,259.6499938964844,252.89999389648438,255.9499969482422,29793,15.831495887438152
2025-10-28,256.75,256.75,247.8000030517578,251.9499969482422,46470,18.001624412863947
2025-10-29,254.5,256.45001220703125,250.0500030517578,252.5500030517578,48657,24.03342586406751
2025-10-30,253.10000610351562,255.25,249.5,251.64999389648438,24233,26.99528481656489
2025-10-31,251.64999389648438,252.5,246.3000030517578,247.39999389648438,21677,26.406401755794846
2025-11-03,246.5,252.97000122070312,245.42999267578125,250.44000244140625,40080,34.9183449264507
2025-11-04,252.0,252.0,242.1999969482422,244.49000549316406,26164,38.023019877538566
2025-11-06,243.1999969482422,246.3699951171875,238.1199951171875,239.86000061035156,21612,32.89908519484425
2025-11-07,239.85000610351562,239.85000610351562,232.8300018310547,235.3699951171875,39128,25.3412228276527
2025-11-10,238.89999389648438,239.38999938964844,232.0,232.92999267578125,15614,24.060464328392726
2025-11-11,236.5,236.66000366210938,228.32000732421875,231.1699981689453,26379,19.49413788066677
2025-11-12,235.89999389648438,238.3000030517578,231.91000366210938,236.83999633789062,16751,22.72919466345097
2025-11-13,239.0,240.6699981689453,228.0,230.85000610351562,30753,22.22224303769329
2025-11-14,235.0,247.75999450683594,231.16000366210938,234.02000427246094,83944,28.96368478830958
2025-11-17,242.0,242.0,231.00999450683594,234.33999633789062,25812,27.112902417779182
2025-11-18,236.60000610351562,236.60000610351562,225.1999969482422,227.77999877929688,34454,25.718308123273346
2025-11-19,230.0,230.0,220.35000610351562,223.52000427246094,21082,22.833611492842678
2025-11-20,225.10000610351562,228.3800048828125,223.00999450683594,224.1199951171875,25353,24.09183882713188
2025-11-21,226.25,226.25,218.55999755859375,219.52999877929688,24947,23.938647477546994
2025-11-24,216.0500030517578,220.75,210.35000610351562,213.4499969482422,18722,17.271253702979152
2025-11-25,213.4499969482422,219.5,212.39999389648438,216.19000244140625,16097,23.45214105541062
2025-11-26,217.88999938964844,219.11000061035156,211.6199951171875,215.5800018310547,36255,25.365245113035243
2025-11-27,219.5,222.5,216.14999389648438,217.32000732421875,17611,30.60391134221031
2025-11-28,219.39999389648438,222.0,215.35000610351562,219.10000610351562,9624,34.92479044513652
2025-12-01,218.52000427246094,219.99000549316406,215.63999938964844,216.83999633789062,11736,34.54819058061412
2025-12-02,218.89999389648438,218.89999389648438,212.10000610351562,214.13999938964844,9568,23.847916910578874
2025-12-03,214.13999938964844,216.0800018310547,207.35000610351562,209.64999389648438,12188,24.7016523923527
2025-12-04,211.3800048828125,213.30999755859375,207.0,207.39999389648438,9800,17.520725779276262
2025-12-05,209.39999389648438,210.8800048828125,203.10000610351562,203.77000427246094,17570,15.488827388238562
2025-12-08,205.0,206.1300048828125,190.10000610351562,192.44000244140625,50158,13.982880048370305
2025-12-09,192.44000244140625,204.25,189.00999450683594,202.8699951171875,50207,31.3054402021465
2025-12-10,206.38999938964844,211.52000427246094,200.5500030517578,201.9600067138672,35004,30.05042214431343
2025-12-11,204.19000244140625,205.0,196.5399932861328,200.97999572753906,9778,32.13941823855481
2025-12-12,202.52000427246094,213.0,202.52000427246094,208.39999389648438,29150,45.25999376128404
2025-12-15,210.60000610351562,215.0,206.47000122070312,212.75,17480,46.865887267364656
2025-12-16,212.75,213.2899932861328,205.10000610351562,208.58999633789062,11214,44.018479767287175
2025-12-17,206.11000061035156,208.74000549316406,201.07000732421875,202.9600067138672,7814,38.47881704214996
2025-12-18,201.10000610351562,203.89999389648438,198.5,199.72999572753906,10233,34.8126006913712
2025-12-19,200.99000549316406,210.60000610351562,200.99000549316406,208.60000610351562,26001,44.14607156670766
2025-12-22,208.0,211.5399932861328,206.0,207.47000122070312,21336,45.15332297158044
2025-12-23,217.39999389648438,217.39999389648438,207.3300018310547,210.38999938964844,21321,50.55027173758879
2025-12-24,209.39999389648438,214.0,205.0,206.57000732421875,17519,49.39689972263197
2025-12-26,204.64999389648438,207.85000610351562,200.89999389648438,203.25,11545,49.62043492217017
2025-12-29,200.5,206.2899932861328,200.1699981689453,201.22000122070312,15600,57.415537980458446
2025-12-30,199.0,204.36000061035156,199.0,202.4600067138672,7485,49.59009378307633
2025-12-31,200.60000610351562,210.0,200.60000610351562,208.4600067138672,15262,55.89836268594386
2026-01-01,208.4600067138672,210.39999389648438,203.25,206.69000244140625,12830,55.10825161781573
2026-01-02,204.10000610351562,215.00999450683594,204.10000610351562,213.63999938964844,29628,54.727537694723615
2026-01-05,217.3699951171875,217.3699951171875,210.63999938964844,211.91000366210938,13415,49.20454919830697
2026-01-06,211.0,213.5800018310547,205.52000427246094,208.25,10404,49.6749558137133
2026-01-07,207.99000549316406,210.0,202.36000061035156,206.97000122070312,10954,54.1814308758158
2026-01-08,206.02999877929688,207.77999877929688,198.3000030517578,200.2899932861328,13854,50.544744448059575
2026-01-09,199.0,203.69000244140625,194.11000061035156,195.8300018310547,17406,36.411999596043174
2026-01-12,195.0500030517578,195.1300048828125,190.5,193.19000244140625,22296,35.27835177392075
2026-01-13,193.0,197.64999389648438,190.5,191.8800048828125,10719,30.26232165944296
2026-01-14,191.8800048828125,197.30999755859375,191.8000030517578,193.92999267578125,13480,35.99289005283762
2026-01-15,193.92999267578125,193.92999267578125,193.92999267578125,193.92999267578125,0,38.851662624424876
2026-01-16,193.92999267578125,199.0,191.89999389648438,194.2100067138672,10576,41.248446975426305
2026-01-19,194.0,196.33999633789062,188.0,192.11000061035156,23086,37.350274777533514
2026-01-20,188.30999755859375,190.86000061035156,176.61000061035156,180.27000427246094,35989,19.850264768549465
2026-01-21,173.0,180.7100067138672,169.5,173.14999389648438,57623,17.81189576227453
2026-01-22,174.99000549316406,181.77999877929688,173.38999938964844,177.41000366210938,30785,13.337399459874277
2026-01-23,174.3300018310547,179.10000610351562,168.89999389648438,170.92999267578125,16402,12.16766513628096
2026-01-27,171.0,172.38999938964844,165.61000061035156,169.2899932861328,15851,12.639063706724727
2026-01-28,168.99000549316406,175.77999877929688,168.80999755859375,172.7899932861328,20595,18.5614529412871
2026-01-29,169.0500030517578,188.97000122070312,169.0500030517578,179.77999877929688,28314,31.242012305828723
2026-01-30,179.77999877929688,189.39999389648438,177.6999969482422,183.91000366210938,28588,39.03203079611
2026-02-02,177.3000030517578,180.07000732421875,172.5500030517578,175.1300048828125,13313,35.06945670876624
2026-02-03,180.35000610351562,185.02000427246094,176.91000366210938,179.61000061035156,28592,40.36135379056612
2026-02-04,179.4199981689453,192.36000061035156,177.02000427246094,185.2899932861328,34127,43.579077238496666
2026-02-05,184.0,196.89999389648438,182.0,189.61000061035156,18976,46.98324795024104
2026-02-06,186.0,190.50999450683594,179.4199981689453,182.4600067138672,33087,42.51306534500367
2026-02-09,184.60000610351562,191.75,184.5,186.47999572753906,37107,46.4983182877664
2026-02-10,186.47999572753906,194.4499969482422,186.47000122070312,191.3000030517578,30238,57.51669273921476
2026-02-11,191.3000030517578,197.64999389648438,187.52000427246094,193.1699981689453,13367,64.69465738625405
2026-02-12,190.0500030517578,197.0,186.50999450683594,189.49000549316406,39142,58.942850926767065
2026-02-13,184.00999450683594,190.77999877929688,184.00999450683594,189.25,24624,64.94291270178695
2026-02-16,179.10000610351562,183.99000549316406,171.77000427246094,173.60000610351562,46359,52.861514958418724
2026-02-17,173.5,193.0,173.5,183.13999938964844,45961,56.36140701270522
2026-02-18,183.13999938964844,188.3800048828125,180.00999450683594,182.75,25713,51.98662370116522
2026-02-19,181.10000610351562,184.99000549316406,177.02000427246094,177.38999938964844,19041,45.709392433621325
2026-02-20,177.38999938964844,183.6999969482422,176.02999877929688,178.27000427246094,44957,52.30611098173809
2026-02-23,178.25999450683594,181.0,172.16000366210938,173.86000061035156,15498,45.77267919827727
2026-02-24,175.38999938964844,175.38999938964844,166.2100067138672,167.41000366210938,24902,37.00203990402802
2026-02-25,169.6999969482422,172.0,169.25,171.82000732421875,16753,37.084362938169654
2026-02-26,171.82000732421875,173.60000610351562,169.1999969482422,170.02000427246094,14405,40.20780494882588
2026-02-27,170.02000427246094,172.99000549316406,168.0,171.02999877929688,14053,37.233516484209254
2026-03-02,163.0,168.7899932861328,162.50999450683594,163.3800048828125,30839,27.960209575940922
2026-03-04,160.0,162.3699951171875,152.86000061035156,154.1199951171875,36748,22.395019503335348
