Date,Open,High,Low,Close,Volume,RSI
2021-03-04,55.89714650222854,56.88431626498618,54.81224258557211,56.405391693115234,47330,
2021-03-05,56.13171913551388,56.2196847155308,53.75665220351794,54.49946975708008,334855,0.0
2021-03-08,54.88066135055779,56.454262178993446,54.421285088281664,55.858055114746094,337320,41.61685778087829
2021-03-09,56.092622605544584,56.092622605544584,53.8739385082118,54.949073791503906,351740,32.55275100429138
2021-03-10,55.90691957437617,56.16104029216552,54.734046405704575,55.92646789550781,54615,45.351051231861994
2021-03-12,55.45731877157022,56.77679874171058,54.36263517085038,55.1347770690918,51390,39.30922256244343
2021-03-15,56.63018768532134,56.63018768532134,53.8837138691293,54.79269027709961,50295,37.16954195665395
2021-03-16,55.22274292194243,55.701667465682114,54.734046081925236,54.76336669921875,12150,36.99691814692483
2021-03-17,55.3791266257857,55.81895453435677,54.72427463960516,54.734046936035156,35760,36.825912479651
2021-03-18,54.734046510610696,55.51596071507007,52.83790409873908,53.53185272216797,81715,30.958586091960242
2021-03-19,52.7890305624805,55.70166698488793,52.202595850906135,54.870880126953125,113880,41.364133059971444
2021-03-22,56.444491436785206,60.011980265732824,53.17022372794067,58.49701690673828,368370,58.35937059301529
2021-03-23,60.18790232443737,61.57579950780932,57.0797902414806,58.633846282958984,185300,58.80986794005303
2021-03-24,58.8390969694801,60.50066687763803,56.68883024883224,57.314361572265625,107375,53.25399667172762
2021-03-25,58.63384626020559,58.63384626020559,55.51595815409085,56.01443099975586,73915,48.71958118281074
2021-03-26,58.38949980089743,58.39927209712726,56.29787420392155,57.1188850402832,154465,59.0540470692727
2021-03-30,57.79328882913629,59.366893236515665,57.66622660789558,58.164695739746094,79505,58.149139253635276
2021-03-31,58.135371477008846,59.59168959647225,58.05718192700624,58.83909606933594,37475,63.97470551250335
2021-04-01,59.93378385809134,64.44934562285775,59.288704138619174,63.37420654296875,315830,71.30872073022297
2021-04-05,65.09442499104317,67.31311307255227,61.77128833862672,62.54343032836914,169930,71.14959156444344
2021-04-06,64.19522593569891,65.4853854705736,61.96676923518111,62.89529037475586,93705,73.1177122079659
2021-04-07,63.90199634874039,65.48537680065105,62.79754417077358,64.49820709228516,73780,75.48620870661533
2021-04-08,66.33570969431511,66.33570969431511,61.908113925508054,62.68025207519531,117395,69.02199521785917
2021-04-09,63.159183043652796,64.31250789816319,62.55319627029239,63.7162971496582,52705,74.57548735533616
2021-04-12,62.30884666084303,62.75844685564358,58.74135826260253,60.37360763549805,181105,62.10753114159406
2021-04-13,61.370548895704054,62.32839423648521,59.591692730187496,61.07733154296875,99445,56.51529231904931
2021-04-15,60.60818025522912,62.064498474121095,58.9368379628039,61.08710479736328,106645,56.23447819895243
2021-04-16,60.78411804339289,66.85373627153743,60.78411804339289,66.06204223632812,158825,68.74740022760271
2021-04-19,65.6417671571837,66.46277431945417,60.60818417637931,63.78471755981445,128945,65.98312842565556
2021-04-20,64.16590052777318,65.41696332197064,62.6313926541212,63.33511734008789,45190,63.140515754284515
2021-04-22,63.33511908609375,64.27341620760858,62.55320108970339,62.865966796875,37140,60.18637846601857
2021-04-23,63.53058896615928,66.19887698378363,62.08404677249897,62.621612548828125,80865,58.351320712128384
2021-04-26,68.41756311117535,68.41756311117535,64.26363963656827,66.75599670410156,132355,57.60106881188136
2021-04-27,66.86349733592975,80.10717566256692,66.86349733592975,78.5531234741211,1669005,74.10238695379257
2021-04-28,80.51768747930014,80.73271527881738,75.54275730123369,76.9111099243164,352055,70.31160736408495
2021-04-29,77.99601533269052,78.02533594873715,74.90744785580229,75.35704803466797,108015,65.75885515923719
2021-04-30,76.23670694696348,76.23670694696348,72.06323921950231,72.54216003417969,123630,63.909573460694816
2021-05-03,71.38883793889732,79.14934643313394,70.39189217231784,76.95021057128906,311665,67.0443132659754
2021-05-04,77.21410279547248,78.47494157139377,73.88118667776297,74.99542236328125,60520,69.53003343984014
2021-05-05,77.19455611975896,77.96669056479071,74.72174384579071,76.32466888427734,68675,70.03081650199326
2021-05-06,77.80053658886789,77.80053658886789,75.45479023074219,76.55924987792969,44585,70.20679641620103
2021-05-07,76.50060068881824,79.73577886723253,76.24648369888855,78.65087127685547,246495,67.78023342144198
2021-05-10,79.75533034866926,80.14628934907367,78.19150180397432,78.23059844970703,65070,71.53264467250703
2021-05-11,78.98317621680822,81.31914637710669,77.20432012283781,79.83351135253906,226535,73.77464741968456
2021-05-12,82.4920305968057,85.43398775118135,78.79748356694535,80.39063262939453,414375,75.18966880474272
2021-05-14,82.00332858502475,82.1010664584719,76.48105298065984,79.21775817871094,144840,73.23482653001497
2021-05-17,78.58245148259783,80.16582443387142,77.20432284745931,77.65392303466797,398305,66.44057059448167
2021-05-18,79.55007036425025,80.21469835945975,76.9208790004635,79.2373046875,95720,51.49191381613643
2021-05-19,79.7260097286004,80.41995841227995,77.79076677790606,78.23059844970703,74850,52.959245271654844
2021-05-20,79.11024213029124,79.11024213029124,77.2434167334351,77.6636962890625,34165,55.41284206568735
2021-05-21,78.80725599803954,86.79256866562669,77.3900380321583,84.66184997558594,582825,73.77300301339326
2021-05-24,87.8579223981174,89.72474801459471,84.25133712336805,84.90619659423828,250465,68.65260349460299
2021-05-25,85.99109946527827,85.99109946527827,82.10106932797837,83.62580108642578,60980,70.8944215711808
2021-05-26,84.64229037507555,85.42420829425502,82.12061291548973,82.49202728271484,30150,65.07404550886055
2021-05-27,83.76263913925787,85.91290980557532,80.14628534429636,84.67161560058594,222475,68.10643471627172
2021-05-28,85.21896467776631,87.9654387686615,79.9410368602621,80.77182006835938,138445,54.38030467711292
2021-05-31,81.8958170618699,81.8958170618699,78.58245309455849,79.31549835205078,117490,52.14864774204623
2021-06-01,79.95080399041971,81.51463234759576,79.23730334096842,80.45904541015625,117910,51.261831886256296
2021-06-02,80.45905094955427,81.31915474098656,79.55985051438563,79.98989868164062,72135,49.18875723322739
2021-06-03,79.78464454049416,81.71011131038992,79.77487597254006,80.97706604003906,89175,53.58851108754003
2021-06-04,81.12367607361826,81.46576237290573,80.1462823859843,80.18537902832031,52515,55.33142080919245
2021-06-07,80.35153685388251,82.68750724892858,79.48165703933843,82.15971374511719,126920,56.055082939931935
2021-06-08,80.87933141649677,82.08152898929237,78.22081926927594,79.51097869873047,146860,52.48387028022909
2021-06-09,78.79748567473378,81.00639014893925,71.67228444501272,76.89156341552734,246365,48.61258976936953
2021-06-10,77.79075397520997,79.15910652296246,76.23670171194267,78.14261627197266,80630,35.236779534336634
2021-06-11,78.14262998882039,79.1591204182409,76.63745012469295,78.20127868652344,66130,34.68750969197889
2021-06-14,78.6801916440322,78.6801916440322,74.28192006144656,76.85246276855469,98410,34.579444446953374
2021-06-15,77.95691546960708,77.99601210836026,76.1194107328151,76.37353515625,50735,35.64219413150424
2021-06-16,77.15546075399938,77.79076069090733,74.47739665778302,77.27274322509766,74815,31.52758809198633
2021-06-17,78.97342034211802,80.53724889745325,75.57208670945649,77.22388458251953,138050,39.033253859886194
2021-06-18,77.41936253821447,78.48472566517711,73.89097029927592,75.25932312011719,133775,37.8442039837737
2021-06-21,76.82315149259038,77.74190405444105,74.77062599585351,76.79383087158203,70115,39.26735818664784
2021-06-22,78.17195883288402,80.14629101338726,76.03146404033556,79.52075958251953,85720,48.78667970009435
2021-06-23,80.14628566827255,94.21098081277293,79.38391975380388,91.865234375,2226880,67.73885291732606
2021-06-24,94.22074447985491,94.22074447985491,87.49627174310285,88.67892456054688,1050825,62.83602637155857
2021-06-25,92.07048182163749,106.40885279760988,88.7473492698186,102.30379486083984,2201020,72.51473467689961
2021-06-28,103.57441802579251,119.24203881841613,103.57441802579251,117.03312683105469,1975540,83.02080159506335
2021-06-29,118.8315204501383,122.76063959889304,111.42287487493329,111.95066833496094,890660,79.57128440542907
2021-06-30,113.03559044807608,115.1369885348509,108.49070794805675,111.08080291748047,291195,77.9621624772502
2021-07-01,111.42288560619359,113.18219730906036,107.90426965738249,111.1198959350586,201775,77.954837744103
2021-07-02,111.81383838790583,112.40027310402067,110.76802744947572,111.69654846191406,129215,79.98318294092654
2021-07-05,112.70326526015813,119.04655574773511,111.05147497640877,116.02640533447266,295895,82.00032632152522
2021-07-06,117.26770887563066,119.24204102799905,111.64769464685202,114.16936492919922,208050,79.3226837990534
2021-07-07,114.36484802398668,116.70081855628642,114.36484802398668,114.80467224121094,100050,79.5905847688826
2021-07-08,115.91889576958219,115.91889576958219,112.42960042518075,112.81078338623047,119540,79.55384365781958
2021-07-09,112.84988144817416,119.43751323336812,111.65745988040463,116.7203598022461,253125,80.29067003951896
2021-07-12,118.06915323787591,118.65558792325537,114.98058579426431,115.34222412109375,126105,77.74411851568918
2021-07-13,116.55419349648872,117.09176299014273,114.55053351860217,115.03923034667969,198105,72.06400828905223
2021-07-14,114.35505773748102,116.60306612876433,113.76862303533983,114.58963012695312,81505,76.02591120668119
2021-07-15,115.72340994511546,115.72340994511546,112.40027003529626,112.9769287109375,94065,64.1304240231218
2021-07-16,112.40027622274698,115.49861248200834,111.98977265576872,114.19867706298828,80270,44.15792229684574
2021-07-19,112.97692844852799,115.33245072485813,109.68311661974799,113.53404998779297,162370,53.9901584666065
2021-07-20,113.53405580501197,114.94149766272255,103.6037322307427,108.72527313232422,202350,45.04724578201619
2021-07-22,111.03191962795623,113.7686248918355,109.46809124442032,110.19136047363281,81875,48.15817884816602
2021-07-23,112.36116953966986,112.36116953966986,107.51329808450808,107.96289825439453,76225,43.049485049725355
2021-07-26,108.49070699321783,113.17242398262073,108.08020340506707,111.74542999267578,140210,41.8648139094812
2021-07-27,113.37767106395657,116.29030761888677,112.40027734788798,115.33245849609375,275685,52.07388154542124
2021-07-28,116.30985730203871,116.30985730203871,109.85905998507486,110.47481536865234,221125,43.289915228165555
2021-07-29,110.47480326267484,112.20479420212473,108.68617109033572,110.54322052001953,99750,46.26287311668742
2021-07-30,112.00932104832026,112.00932104832026,103.79921214564851,105.06005096435547,457305,31.730475442279953
2021-08-02,104.5811145599235,108.3538544293866,104.5811145599235,107.33736419677734,89605,37.80159349302367
2021-08-03,108.49069564358528,113.35811932377551,106.80957736482944,112.34162902832031,530630,46.40438332092695
2021-08-04,112.79122877765481,114.35505712732792,109.85904782567204,112.89874267578125,182160,47.752667255063564
2021-08-05,114.35506641760163,115.13698438442256,108.6177625376282,111.49130249023438,129570,48.01464434805164
2021-08-06,112.1950258274731,112.96716775982262,109.76131755664943,111.62813568115234,61535,46.46220362610321
2021-08-09,112.96716313372504,114.33551577480392,110.83644461663816,111.88225555419922,125695,47.700679694137634
2021-08-10,112.93784556131924,112.94761412938232,104.40519523820733,104.83525085449219,194535,44.90266565014499
2021-08-11,103.70147170355499,104.5811275387231,95.40340114846744,102.90000915527344,581245,40.561741560405956
2021-08-12,102.99774288888028,107.40579045542832,102.1474151632193,104.13152313232422,175865,44.90909717589955
2021-08-13,107.12234255910982,107.22008043273505,99.78211415895264,100.43697357177734,268900,34.938782577452045
2021-08-16,95.40339163447996,97.73936178457765,92.85239369534877,96.21463012695312,310390,24.96156021367206
2021-08-17,94.41622464766485,95.77480121812228,92.85239630651836,94.22074890136719,201305,26.985845091281945
2021-08-18,95.78457876939505,95.78457876939505,91.4058518874628,92.17799377441406,92040,25.373509955184332
2021-08-20,90.89760575479706,96.75219139235618,89.54880525712082,95.42293548583984,110910,36.25206356835374
2021-08-23,97.32886685867919,100.08511680638172,92.87194649660114,97.08451843261719,158990,35.11214352137327
2021-08-24,95.1297323346099,98.51151370306414,95.1297323346099,97.39728546142578,67320,24.876774947381648
2021-08-25,98.13033231129737,98.52129129598828,94.2207573782331,95.54023742675781,73900,22.040312234254344
2021-08-26,95.98005484307026,97.73936642142466,94.45532311311104,97.4950180053711,46215,27.846523145499276
2021-08-27,98.52127589200926,98.52127589200926,93.82978372308644,95.16881561279297,61735,25.6365633821395
2021-08-30,95.78459068489761,97.39729191740545,92.46145033301661,93.30200958251953,92740,23.75035138216066
2021-08-31,94.02526698868395,94.58238107589281,92.85239758095639,93.63431549072266,39625,30.47033361135388
2021-09-01,94.38691041716221,94.7680933680768,91.87500887699363,92.82308197021484,48930,31.71336568838194
2021-09-02,93.34109172750364,93.82978854283088,91.8750012815219,92.37347412109375,383235,28.039418587518668
2021-09-03,93.41928684144605,94.1816526952144,92.27573806079351,93.66363525390625,63160,36.10107851103169
2021-09-06,93.81024727286717,94.2891680809073,92.11935295091874,92.7057876586914,40230,41.68596438517921
2021-09-07,93.82979168479116,93.82979168479116,88.94282336787496,91.54269409179688,126955,43.394412750124395
2021-09-08,91.52301331953629,93.47157110028209,90.63730523737911,92.25125885009766,45130,50.193444832869545
2021-09-09,91.71982672945803,97.23089546676283,86.60241433993457,96.59121704101562,124775,52.91604411742862
2021-09-13,99.19914202905892,99.19914202905892,96.44360738616311,97.11280822753906,46090,50.074872547055826
2021-09-14,96.45344666570648,100.38007698670627,96.45344666570648,99.92738342285156,90595,55.913163642847586
2021-09-15,100.38007653893561,106.28478692357888,100.38007653893561,106.03875732421875,146900,70.46646566012681
2021-09-16,107.96762609483022,107.96762609483022,103.62766796236107,103.8048095703125,74980,62.16825337319202
2021-09-17,106.27495324112529,106.27495324112529,99.00231822748646,101.5807113647461,83600,62.4140461500829
2021-09-20,105.20225686622024,105.20225686622024,97.82136897815373,98.70707702636719,38945,60.07205730691289
2021-09-21,97.82136926833277,105.30066751544808,97.82136926833277,102.83052825927734,114225,65.01513763890702
2021-09-22,105.2022618540905,105.2022618540905,99.59278228826574,102.10228729248047,33665,65.1918156523251
2021-09-23,101.70864731310397,103.41117565252048,100.99024499971705,101.71849060058594,31940,65.33260129603649
2021-09-24,102.54513182587854,102.54513182587854,101.36419277739402,102.2499008178711,36555,64.44741187214706
2021-09-27,101.37404520648242,102.10229076845478,98.41184652381183,100.6851577758789,47680,63.15751599978664
2021-09-28,102.34831568310969,102.34831568310969,98.80549087264758,100.55722045898438,35030,65.38980938576849
2021-09-29,98.67755704890439,101.36420381280595,98.6578779828524,100.83277893066406,14200,64.87042678291579
2021-09-30,100.05531546979623,101.9054628586256,97.82137001560261,99.39595794677734,19860,55.403879436938055
2021-10-01,98.510245204471,99.8978556801046,95.52836780918862,97.33914947509766,38070,50.41173320987028
2021-10-04,96.74868051981537,100.26198301709728,96.74868051981537,99.31723022460938,39025,48.85524308800088
2021-10-05,99.31722844976464,99.39595972478863,96.87661898984267,97.72296142578125,48780,31.213861474875813
2021-10-06,97.92962281899716,99.14008423072517,97.42772033918857,97.52613067626953,43385,34.37803841409638
2021-10-07,97.42772999423293,100.38008544860364,97.42772999423293,97.56550598144531,256920,38.79120387625792
2021-10-08,99.15977156914875,99.179450633426,92.91062126338589,94.57377624511719,123510,38.53711051227538
2021-10-11,94.47536870542856,98.37247676354016,94.22933909942485,96.48297119140625,31060,29.931587836615492
2021-10-12,96.24678002834128,97.39819672451917,94.27854327936275,95.49884796142578,37910,29.45500793765335
2021-10-13,96.24678725186426,97.77216634186911,94.0817221605588,94.85917663574219,89875,28.993380231537685
2021-10-14,96.24678283827188,97.03407305591189,94.27854603183056,96.443603515625,91290,33.29562440325289
2021-10-18,98.01819241139971,100.21277977552279,97.4277228653763,99.6518325805664,72805,47.28401894609347
2021-10-19,99.65183528565159,100.39975989374437,94.86901906904362,96.36487579345703,68930,40.55015238444424
2021-10-20,96.32551492045197,96.95535015223123,94.27855417128345,95.52838134765625,46825,38.33840103160982
2021-10-21,96.24678909623286,97.03407936506242,94.47537285196725,95.489013671875,23925,40.84834361222458
2021-10-22,96.43377029106209,98.01820168622305,94.47537656662045,95.78425598144531,39495,46.03019268670189
2021-10-25,95.47917702779971,96.38457178687663,95.41028903063143,95.65631866455078,89745,39.678180838070375
2021-10-26,95.45949139782384,100.18326304760532,95.45949139782384,99.61247253417969,89770,54.70127426548641
2021-10-27,98.41184358564026,100.18325977347291,97.1915388274821,99.47469329833984,42355,54.862488234165234
2021-10-28,100.18326146900138,102.69275901796992,95.45948989365314,95.98107147216797,53705,46.6275609344973
2021-10-29,96.02043816882114,99.39596479844396,95.45949094504023,97.15217590332031,31885,55.94915451156012
2021-11-01,99.29754989871203,101.21657781092424,97.82137227140183,99.70103454589844,39885,57.2121651918534
2021-11-02,98.11660921947407,100.57690541362567,98.11660921947407,99.44517517089844,26565,59.142761290559775
2021-11-03,97.70327485291143,99.39595972478863,97.42772289855517,97.72296142578125,18560,56.317847149847445
2021-11-04,100.1635664821694,100.7146703666535,97.42771861529859,99.30738830566406,12320,56.317847149847445
2021-11-08,97.44741115082492,99.39596909613194,94.47537656662045,95.78425598144531,91285,41.58459562213244
2021-11-09,96.80772882862063,97.78200393343701,95.45948392994711,95.86297607421875,60095,48.73071177770583
2021-11-10,96.24677848406169,98.4118358699088,96.24677848406169,96.58137512207031,27640,52.67898944615818
2021-11-11,97.69342673795356,98.12644122095591,95.46932464016051,96.14836120605469,18305,51.644548302017476
2021-11-12,97.230900658304,97.230900658304,94.47536614252274,94.94774627685547,25445,48.003731703347064
2021-11-15,94.47536744965204,94.49504651425056,90.53889380591654,92.52680969238281,249210,43.26837771564229
2021-11-16,91.16872066108962,93.68806116033605,90.73570619719655,93.17632293701172,45495,33.85974800819946
2021-11-17,93.17632693940357,93.17632693940357,86.60241597210133,88.32462310791016,106630,27.385165025275427
2021-11-18,87.5865366173673,90.73571245874571,87.06495507253533,88.62969970703125,82190,32.87476899682328
2021-11-22,89.23985181231389,93.49124276178381,87.57668940686632,89.5154037475586,80065,31.97017866502874
2021-11-23,88.5706602993876,97.03407744857238,87.2125795444257,95.34139251708984,82140,41.08650856911997
2021-11-24,98.41184719560964,99.19914497646575,94.88870126403206,95.16425323486328,115170,41.21919058855048
2021-11-25,94.69188365591695,96.46329245817472,93.69792186457595,94.55410766601562,45985,43.18951138710653
2021-11-26,92.73348511519245,93.4912530202627,88.96430963882189,90.41096496582031,85775,32.7743771829839
2021-11-29,84.03386957606469,89.16112553912149,84.03386957606469,87.98018646240234,98180,34.22200970222349
2021-11-30,87.9801805973417,90.34206610155614,87.78335242552473,88.71826934814453,9735,35.93020806508753
2021-12-01,90.03699761663844,95.21346292280762,87.58654470418479,93.76680755615234,63930,45.2649191671743
2021-12-02,93.49125097291818,94.17029509314384,92.02491661259408,93.63887023925781,17590,45.73437786115603
2021-12-03,93.09760836248583,95.35124062276351,92.11348986497916,92.68428039550781,22385,46.120119531030326
2021-12-06,92.68427358471446,95.42012160542596,91.50333447777766,92.62522888183594,16505,50.18356728438244
2021-12-07,92.62523195193012,93.49125349183981,89.16113077583533,90.0862045288086,34625,44.61593678882107
2021-12-08,90.01730524922841,91.91665393495676,87.64557645936637,88.71826934814453,77025,50.78063724303546
2021-12-09,89.16113047259431,92.50713471941006,88.61986982757709,89.33827209472656,32515,51.38783041553323
2021-12-10,89.7909582606667,90.46015905471369,89.00366806711148,89.71223449707031,74360,50.39340469584826
2021-12-13,89.71223586430982,90.53889170637537,89.55477331826259,89.702392578125,12415,35.31523620115195
2021-12-14,90.34207681043969,90.34207681043969,87.763683765705,88.59033966064453,36450,33.67547683985653
2021-12-15,90.51920740857076,91.48363916855216,88.57064980914959,90.9719009399414,34060,41.823873196000875
2021-12-16,91.32618483477668,91.4639608015367,89.5547688218234,90.91284942626953,25670,51.40801508891837
2021-12-17,91.32619354389014,91.32619354389014,88.57065892946027,88.81668853759766,75440,52.391674228675136
2021-12-20,86.99606771612883,90.22397485399236,84.34878682801006,85.30338287353516,99100,41.573597639080184
2021-12-21,88.5312984496341,92.01507880483669,87.19289670272366,90.44049072265625,86335,41.82786802588019
2021-12-22,91.5230101590456,93.28458297599732,86.01194868337221,86.7008285522461,90615,35.52361585892537
2021-12-23,87.38971622121743,88.5312896517679,85.74623280016796,86.48432159423828,85045,36.65253367330481
2021-12-24,87.7833578969233,87.7833578969233,85.61830042958123,85.78559875488281,58055,35.670104411097114
2021-12-27,86.81892285321045,87.48812363782075,86.16940113216492,87.09447479248047,32415,43.391290630723795
2021-12-28,87.09447840909328,87.09447840909328,85.60845752263442,86.05131530761719,65980,44.02295592010567
2021-12-29,85.44116353411337,86.5630579665266,83.09896432592623,84.94910430908203,58645,40.37133081856332
2021-12-30,84.94910227134635,86.99607040034934,83.71895423827644,84.90973663330078,26345,39.30762773389102
2021-12-31,86.13005018329689,87.38972820482554,84.63419332581009,85.11640930175781,64940,39.87839130317644
2022-01-03,85.77576352340756,87.85224644408578,85.6281442614601,87.38971710205078,30870,47.47934371444095
2022-01-04,88.37384029480967,88.76748167037215,84.59482152194057,85.58878326416016,60085,38.415952380326935
2022-01-05,86.62210301830703,87.38972171934601,85.98243202978313,86.55321502685547,22080,40.97026232138083
2022-01-06,86.58274053418842,93.49124843037039,84.85069003991151,91.51316833496094,132950,54.99270094027485
2022-01-07,93.68806063908454,97.99850366655147,93.6782248618522,95.05598449707031,220010,68.03783973708607
2022-01-10,97.03407432489747,100.68515274760665,95.66615032718961,98.95310974121094,183240,66.50132304475991
2022-01-11,99.98642907415866,101.05912204662233,95.9613883763851,96.86677551269531,63035,71.05586269603711
2022-01-12,99.27786547337735,99.27786547337735,95.12489196561633,96.36487579345703,138550,70.2256414100714
2022-01-13,95.06583613855985,99.98642814892244,94.68203056240976,96.06964111328125,126540,71.40517821265848
2022-01-14,97.60486796003848,98.80549366775588,95.50869836903823,96.30583190917969,44225,70.068632388703
2022-01-17,96.34520555801478,98.80550188223259,95.45949737965067,97.80169677734375,81900,75.10513817601402
2022-01-18,97.91978495197827,103.13561569643007,94.85917599754464,96.73884582519531,334320,75.23166917736175
2022-01-19,96.7388387829485,100.38007374898345,94.86901237813571,95.8236083984375,154865,72.51317659389966
2022-01-20,95.06583773982906,99.39596028352935,95.05599445333883,97.77216339111328,64740,74.35603478881887
2022-01-21,95.45948969952101,97.21121934011329,93.6880734853109,94.26870727539062,45835,62.64014456405778
2022-01-24,94.45569256286474,95.26266939519431,87.58654244710101,89.33827209472656,150240,56.179039548377766
2022-01-25,90.53888447221583,94.27853705153287,87.586529543774,92.96965789794922,108590,59.71972139023812
2022-01-27,89.57445576984605,92.46776634294685,88.55097921474406,91.17857360839844,76100,49.43932326051627
2022-01-28,91.91666330436227,95.65630885135626,90.53889599411069,91.9757080078125,21865,44.31532035371515
2022-01-31,92.27094324565634,94.50488870905212,89.02334952379596,90.39127349853516,75420,32.72436966148467
2022-02-01,90.39126842955706,93.01886260707423,90.39126842955706,92.03474426269531,33450,40.07276021730884
2022-02-02,91.51317129107524,92.90078189023552,90.00747128482239,91.8674545288086,28035,40.63139686567886
2022-02-03,90.24365205776496,91.91665780156501,90.24365205776496,90.46015930175781,21045,38.83226726029761
2022-02-04,90.45033876732418,91.26715145064284,85.61831312385569,87.40940856933594,68100,34.07328350372683
2022-02-07,86.60241628215266,87.96049692543369,85.70686496437676,87.14368438720703,131820,30.04050572866734
2022-02-08,87.7833617730141,88.7773234989061,85.83481146801311,88.38367462158203,33895,34.456214695279755
2022-02-09,91.52301135249452,91.52301135249452,86.60241934429588,87.87193298339844,31385,34.98139393331557
2022-02-10,88.57065947689743,96.04995810885654,86.65163152485579,93.57981872558594,247750,43.066396909689374
2022-02-11,96.83725064558428,99.98642647624253,93.24521703646545,95.70551300048828,275665,52.489758706586706
2022-02-14,95.85313119836457,99.96674630497996,94.46552068607485,97.9099349975586,777580,66.40302228903121
2022-02-15,97.90994880672751,105.30068094548565,96.85694229760179,104.72005462646484,592540,70.04705659391065
2022-02-16,105.84194441964348,107.26891319741883,101.69879905496119,103.14545440673828,352190,70.5683279407557
2022-02-17,104.36575732153621,106.28478516143788,101.36419325581576,103.37179565429688,201775,69.97928382602908
2022-02-18,102.34831687474096,102.34831687474096,98.41184314878937,101.13784790039062,157395,68.42105263157895
2022-02-21,98.80548554891472,101.36419180148141,95.49884723512083,96.52233123779297,97345,56.98102485575601
2022-02-22,94.69187727173201,98.41184376472205,92.50713313883873,97.91978454589844,123735,59.068116697800924
2022-02-23,98.21502612171193,100.94103097478522,97.12265402143998,98.64803314208984,79180,62.52258134827889
2022-02-24,91.79856845401652,96.44360877168346,91.79856845401652,93.835693359375,134290,59.325883898831655
2022-02-25,96.44360637668105,99.18929770410655,94.87886167309036,97.76232147216797,65680,63.92976099923936
2022-02-28,97.42771897347502,98.01818849591122,95.45948222653612,97.53597259521484,148850,62.33420523387086
2022-03-02,97.42772267701692,99.35659386135237,94.98710571441696,98.79564666748047,110120,64.43056634252999
2022-03-03,99.98643378098294,100.13405305125445,98.02804015284946,98.44136810302734,81495,57.4803164395735
2022-03-04,97.42772512868792,99.22866366788986,96.44360669304461,98.51025390625,67985,54.60717978281439
2022-03-07,96.44360544891555,98.52993920852754,95.06583815514264,96.1090087890625,68905,47.06073232219467
2022-03-08,99.03183454900623,99.07120018705088,95.85313623623468,98.1953353881836,60825,37.40976988007005
2022-03-09,99.39594945403631,99.44515837289836,95.4594762083319,96.45343780517578,50490,37.16978659218008
2022-03-10,98.98262849564985,101.23626048759473,96.46328033640829,99.99626922607422,104370,44.25845386241115
2022-03-11,100.96070609819849,100.96070609819849,98.41184296924438,98.94326782226562,25990,46.11092453153655
2022-03-14,100.32104183089888,100.3604074717051,98.40200625979439,100.07501220703125,50820,57.18267521283937
2022-03-15,98.64802769811031,100.28166786898583,96.31567186264395,98.57913970947266,51460,51.3277751642454
2022-03-16,100.38008167564047,100.38008167564047,96.83725676520463,98.6086654663086,20765,49.91842789690045
2022-03-17,100.36039806893633,100.38992041971798,98.46104925029913,99.81912994384766,59145,64.57332757036073
2022-03-21,101.01974837449134,110.80187949798697,101.01974837449134,107.0523910522461,466635,69.48800120864952
2022-03-22,107.46573808582626,108.2136702543182,106.27495559196173,106.38320922851562,98410,68.22054364430042
2022-03-23,106.67844437095029,108.18414443891457,106.26511641273032,106.35368347167969,100620,66.39626634376636
2022-03-24,105.41877310813567,106.87526423772938,105.41877310813567,106.41272735595703,42025,67.5173090438916
2022-03-25,105.10384957850812,107.07208640575938,105.05464065453577,106.29463195800781,42905,67.06949428950188
2022-03-28,107.1508082004551,107.1508082004551,96.8470949063488,99.39595794677734,145460,56.02017554670752
2022-03-29,102.74196740462237,102.74196740462237,98.41184473465209,100.0553207397461,75840,53.59452434831996
2022-03-30,102.13180696891708,102.45656784485755,99.68135424038748,101.531494140625,30050,59.91546120776598
2022-03-31,102.32864454111467,102.32864454111467,98.8153418099199,100.448974609375,177795,50.97791552716333
2022-04-01,102.30895586813597,107.20986918243578,100.38008455608485,105.0152816772461,90010,61.38797892710713
2022-04-04,110.02443909687223,112.03203400690313,104.31654942683015,108.50889587402344,152830,64.53034525944537
2022-04-05,109.23714099480675,109.96538649913512,106.65874811701251,108.24317932128906,112210,67.3867037016397
2022-04-06,107.07208953856161,110.22126555101372,107.07208953856161,108.84349822998047,48400,68.04304938429019
2022-04-07,108.84350605085659,112.41586105879531,108.24319315718724,109.21747589111328,74905,67.07190249727122
2022-04-08,110.98887959162496,110.98887959162496,108.24318816561271,108.34159851074219,38080,53.04512425831197
2022-04-11,111.20537705569022,111.20537705569022,108.24317862650489,108.30223083496094,56335,54.67174981575257
2022-04-12,107.26891564873956,129.70682027396904,105.56638735362998,126.1541519165039,887575,75.80809176680657
2022-04-13,129.31314064460437,145.6495106877893,129.31314064460437,135.74928283691406,1626945,80.62459112932012
2022-04-18,138.54418474986926,147.22411609535428,129.90362654891678,137.45181274414062,409325,81.48367207667155
2022-04-19,138.9575247092734,140.9946571463863,133.63344019225755,137.90452575683594,179080,94.74043625026658
2022-04-20,139.74481287647345,140.728931277012,127.2760345436247,128.4864959716797,303405,77.44629401884201
2022-04-21,131.63568263131415,131.63568263131415,127.96492490127105,130.76966857910156,38590,77.7923093971117
2022-04-22,130.88776203375053,138.7607101260062,128.9195250106866,134.75534057617188,102835,80.90421447722949
2022-04-25,130.20870720597603,133.76137534262608,128.91951446396922,129.5296630859375,55855,71.82403673386274
2022-04-26,136.59564169620378,136.59564169620378,128.2011126521993,130.27760314941406,47200,70.37579928045122
2022-04-27,128.64396192924212,130.81885524285997,127.93539546075841,128.51602172851562,44735,68.45874974088859
2022-04-28,131.87184300915948,131.87184300915948,127.93537008351292,128.42742919921875,24890,67.99921409171145
2022-04-29,131.47823115957408,131.6652010515825,126.95128027496958,128.27984619140625,75140,67.59307127278699
2022-05-02,130.6810886589655,130.6810886589655,123.9989306690414,124.75669860839844,95975,64.44404821109595
2022-05-04,124.78622310856181,125.9081175467049,120.0722948076987,120.93831634521484,85210,60.42545637891866
2022-05-05,121.45006626455131,124.76654076538871,118.2910393093603,120.0526123046875,46940,43.008571295191715
2022-05-06,118.094210341845,122.81798175880988,118.094210341845,121.07608795166016,50465,29.076673190547737
2022-05-09,121.0859254910456,127.93538846478853,119.4030839745345,124.22526550292969,60935,31.88682596566747
2022-05-10,130.00205995553983,132.8559976011296,123.99893109438763,125.39637756347656,124025,33.20118072541986
2022-05-11,123.12305811638382,127.73857598339809,116.12597543646088,120.15101623535156,119000,37.39210190565344
2022-05-12,121.8338697281625,122.8475105521014,114.1577426501217,116.8542251586914,72175,29.5782763042953
2022-05-13,120.06244992389531,123.99892369189187,118.15325774378407,122.98528289794922,46280,33.75000974330551
2022-05-16,127.30556477418641,127.30556477418641,119.07833383578314,123.1821060180664,38930,39.82330436110025
2022-05-17,125.77034045171654,137.5797618083762,121.20403146113304,136.2118377685547,218655,56.82589891085678
2022-05-18,136.2118498749698,150.57013567998032,130.8877650028587,137.6781768798828,387545,60.61090957671651
2022-05-19,131.87186410735248,141.13242175048214,128.91950894076996,135.3556365966797,86195,57.62897001419447
2022-05-20,137.7568653133706,142.28381516752052,133.84007897160248,135.99530029296875,91365,58.40476094701663
2022-05-23,136.7924465203952,140.18765172210703,132.0686755797095,132.6886749267578,65110,58.681581379533554
2022-05-24,131.87187914170954,135.0210553418023,124.9830496343068,125.87860107421875,51840,55.07482059562113
2022-05-25,125.96716240954153,128.4274585503529,119.07833321526972,120.83006286621094,73925,50.735702243248554
2022-05-26,120.83006010772931,127.71888914473305,116.51962407039468,123.63479614257812,85730,52.34234278279053
2022-05-27,127.93539309165608,128.1322137700445,124.19574013645509,127.72872161865234,292510,53.15267009437997
2022-05-30,129.1753873037497,132.26551875480845,127.96492576835368,129.63792419433594,79095,53.766821174984116
2022-05-31,131.8718819931811,132.60997088493397,125.37670124740146,130.7303009033203,64665,60.1434369567641
2022-06-01,131.2813861249817,133.43660778374735,125.96715286986615,128.2896728515625,48750,61.14734256941752
2022-06-02,128.90967143551185,132.85598071604244,127.93538883767052,130.38584899902344,26220,57.83006429162888
2022-06-03,130.385851906878,135.80833887185204,127.93539169087512,128.2207794189453,61440,55.11793755243447
2022-06-06,129.50999867894234,129.91347584542993,123.99892915438704,128.14207458496094,43800,38.87683969827854
2022-06-07,128.7226983472818,139.60704617786394,127.93540057124447,132.55091857910156,161715,43.46298166786764
2022-06-08,132.8559925370195,136.7924663899682,131.67505338442606,132.2852020263672,44700,45.868660423038136
2022-06-09,132.22615846770526,133.34805292486507,131.67505452614694,132.86582946777344,10295,45.78252552882684
2022-06-10,132.86583344817737,132.86583344817737,127.4433459122004,128.07318115234375,29610,44.019407992945425
2022-06-13,126.1639750408755,126.9512727589507,119.07832561110878,119.973876953125,89495,42.59623486518815
2022-06-14,122.81798786612497,122.81798786612497,117.35612736292407,118.03517150878906,291125,46.199150045236856
2022-06-15,118.89134441608319,119.93451505125208,114.55138606996398,115.44692993164062,65915,38.79914100307595
2022-06-16,117.77929003373423,118.48785648077299,114.94503175380672,116.27359008789062,61490,32.79126877353748
2022-06-17,115.92914950000039,116.31295507195439,111.20537821840546,113.81329345703125,89135,26.614306749739
2022-06-20,113.81329932803399,114.10853035572086,109.237147070723,110.29015350341797,65370,21.818170342888465
2022-06-21,112.238712352773,116.49993953984075,111.56951150568679,116.17518615722656,22205,34.74598252368986
2022-06-22,116.17519049264347,116.74597350933644,113.17362610144431,115.55519104003906,21985,30.604892089317005
2022-06-23,116.8542280542365,121.12530622901701,116.125982469865,119.02912902832031,27015,38.377315096192625
2022-06-24,123.80209479369306,123.80209479369306,118.09420520547101,122.82781219482422,108950,43.85802450085223
2022-06-27,124.9830346226482,125.17985529592835,120.10180834467222,121.32211303710938,19560,36.08873826205214
2022-06-28,119.21611421256998,123.54623710416284,119.0783382235481,122.93608093261719,8730,38.79188791887918
2022-06-29,122.79830025504695,130.88775519872044,122.03068905745364,128.3782501220703,44195,45.181741806447896
2022-06-30,127.94524012159168,132.8559968172807,124.8452728691044,127.27604675292969,44320,49.070463033641694
2022-07-01,127.20713014005156,129.33282934031266,127.13824966539384,128.0141143798828,20735,61.318921529161216
2022-07-04,128.02396474793946,129.56903791257943,127.67953230248843,127.96492004394531,9930,64.76442033253501
2022-07-05,131.15346920773024,131.15346920773024,127.93539769194825,127.96492004394531,13140,70.16490714908993
2022-07-06,125.96715286986615,130.29726774318587,125.96715286986615,128.2896728515625,10360,69.6745386207441
2022-07-07,129.9036469640844,130.35634809862464,127.93540988887099,128.2011260986328,17155,75.5416889915578
2022-07-08,130.09060023499867,130.10043601205692,127.93537875941898,128.15188598632812,6340,86.16981469631187
2022-07-11,127.93538509451065,137.57974789723386,127.93538509451065,131.05503845214844,63135,84.27019717296159
2022-07-12,132.85597760667662,133.6137529428182,127.93538584346636,127.99443054199219,26085,75.75388147789644
2022-07-13,130.48426847712108,130.48426847712108,127.92556938373852,128.07318115234375,22490,71.78760948741437
2022-07-14,128.073159473741,131.2715440614296,128.073159473741,130.2086944580078,24350,69.32991369516334
2022-07-15,128.78173411348834,129.90362848611935,127.93539169087512,128.2207794189453,18145,67.62194157032195
2022-07-18,128.22077326152709,129.6674284378767,127.93538554716177,129.1753692626953,26995,66.49322278100733
2022-07-19,128.3388921055289,132.57060449120485,128.2601608266726,130.5728302001953,16575,57.37922259163486
2022-07-20,133.1807589231475,133.83028073961444,128.77191223066785,130.05125427246094,22180,59.710742919138724
2022-07-21,129.59853937332775,130.88773192423469,129.19504727246965,129.93313598632812,12795,57.019397458695146
2022-07-22,126.95128277025512,132.2655165075438,126.95128277025512,130.67124938964844,17600,59.42424345475181
2022-07-25,130.8877513141478,137.7765803306819,128.88015632228402,135.7985076904297,53030,70.10097039329433
2022-07-26,136.792466052505,141.31941697881058,134.04678215408745,139.5184783935547,75730,74.53760110755664
2022-07-27,139.5184591922693,139.5184591922693,132.65915326312617,137.7765655517578,53540,69.51448871551965
2022-07-28,137.28452970466796,138.69181194105326,137.11723136291664,137.93405151367188,42100,69.8482197148423
2022-07-29,134.9816974102473,139.3019770356728,134.9816974102473,137.81594848632812,52445,65.46596902498874
2022-08-01,140.72894586104238,140.72894586104238,137.77659035346807,137.81594848632812,47165,76.12554947173595
2022-08-02,139.15435325888123,139.15435325888123,136.21184848324864,137.79627990722656,99430,75.94530261980321
2022-08-03,138.52450376895146,138.52450376895146,136.999132226979,137.89466857910156,40775,73.0111248364532
2022-08-04,139.7349752305019,139.7349752305019,137.44197758592384,138.4654541015625,32520,83.5156222700339
2022-08-05,137.7864227294922,139.07563054978212,134.1845605117181,137.7864227294922,25490,78.68845291981341
2022-08-08,137.77658434184855,137.77658434184855,134.82422896309464,134.9127960205078,19955,63.164145448755804
2022-08-10,131.08456913305218,139.35117278215415,131.08456913305218,137.26483154296875,45480,69.69362445938752
2022-08-11,136.00516377864008,139.50862298052004,133.6924944821636,135.5327911376953,54640,64.04942003584912
2022-08-12,137.77657396722879,137.77657396722879,123.33955905420876,127.37443542480469,150495,43.97262322283608
2022-08-16,119.85579032862533,144.66541625636572,119.85579032862533,139.71530151367188,163665,55.66628536916912
2022-08-17,140.33529871196393,157.2621332579894,138.33753943507617,150.92440795898438,353265,63.561888194737
2022-08-18,152.14470484766912,154.89038847177864,147.93267945752459,151.88882446289062,93520,67.09585877918332
2022-08-19,153.52246473718623,155.1364182529959,145.25587648868878,146.8501434326172,73765,59.65883601046144
2022-08-22,143.28765352744458,146.43682959054595,135.9756455741072,137.32388305664062,60400,49.557202543860946
2022-08-23,137.97339621392513,142.69716752137188,137.90451573471282,140.97496032714844,26630,52.66743818272664
2022-08-24,138.80006996452684,142.30354452244808,138.15056315144304,139.99085998535156,8165,51.8233838994938
2022-08-25,138.76070538875894,142.7857463595614,138.76070538875894,139.71530151367188,16450,51.50824664573541
2022-08-26,139.72512091801389,140.28607559259675,135.28675250859013,136.98927307128906,34160,48.819266474041626
2022-08-29,132.8559912154931,162.379544818936,132.08838002312007,150.82598876953125,198550,58.61620254747143
2022-08-30,155.0970650787912,155.68752710599514,144.67523986187743,147.94252014160156,70515,58.60857958577973
2022-09-01,144.6654069152804,151.30820621241065,143.93715388270817,147.4406280517578,22060,56.89150341980837
2022-09-02,149.30061978248176,149.3891868408866,144.360340855445,144.97048950195312,23025,56.32836286969738
2022-09-05,145.5806316835388,148.60188246202293,143.9470065073896,145.17715454101562,18690,63.362400213116906
2022-09-06,147.59807549569945,147.59807549569945,142.89399067909702,144.06509399414062,16715,53.92678580677439
2022-09-07,143.47462420786908,146.6336510834169,141.98861073368613,143.42543029785156,24350,41.633728949112886
2022-09-08,145.39367430054418,145.39367430054418,142.1067070595002,142.52005004882812,13265,39.533894260271914
2022-09-09,142.20509901401937,166.90647516075245,142.10668117421005,156.31735229492188,381615,58.84516194334869
2022-09-12,159.42718386922826,167.103310540297,158.04942408928622,163.1865234375,163770,75.42571352280602
2022-09-13,164.9874708841091,170.2525111964792,157.4589698926975,158.7383270263672,104680,67.19379089311298
2022-09-14,157.45895875100422,166.61126373169765,154.5164390534205,158.33482360839844,52920,67.95760762405521
2022-09-15,156.7827958237881,162.13079755522077,156.7827958237881,158.22605895996094,27050,68.1802582388219
2022-09-16,158.63137483163456,167.85447576254504,157.14856146815617,161.69586181640625,80085,73.91605538722045
2022-09-19,161.6958665484245,161.6958665484245,156.9805156910607,157.62306213378906,41070,58.11323297726051
2022-09-20,158.92794460663202,160.66777356761384,157.17822056923978,158.12722778320312,24860,62.8889330879641
2022-09-21,158.12722228161002,160.27235711787753,156.43680842566158,157.18809509277344,19345,62.20057678718081
2022-09-22,154.63766689160133,159.18496756819923,154.63766689160133,157.5538787841797,18085,66.62604902584194
2022-09-23,160.15374982723864,160.15374982723864,155.31977806340365,158.07781982421875,36425,66.90353450371717
2022-09-26,155.20114382813802,158.7500071273702,154.7068726694497,157.04971313476562,85770,67.05105136394786
2022-09-27,155.79427513403755,160.12408022377298,154.2126013938505,157.59341430664062,17815,68.65202300805812
2022-09-28,159.1355306020827,159.1355306020827,155.41861709241303,157.62306213378906,14135,70.3522588992079
2022-09-29,158.3644749155007,164.4934342156891,158.3644749155007,160.83583068847656,27740,58.519166780304275
2022-09-30,161.88365162011797,161.88365162011797,158.56214950424663,159.6890869140625,113505,41.59151139141689
2022-10-03,158.1667561963876,162.88210683900044,158.1667561963876,160.95445251464844,24115,56.290725818327985
2022-10-04,163.70261410933026,164.08814501049812,158.17665108064588,159.28382873535156,25200,52.51307571956864
2022-10-06,162.12092918986085,164.0881336998894,159.16518242867457,159.6001434326172,8095,53.599171869129734
2022-10-07,160.1735095572444,161.84414847744253,159.1553121829151,159.74844360351562,7000,43.82454041876183
2022-10-10,159.17508074717682,171.01781293376393,158.40401898228458,164.8097686767578,106335,71.44527536253
2022-10-11,163.11935911714588,170.77068193175154,160.53926311672893,162.91177368164062,61185,63.18074894364006
2022-10-12,164.06836953230214,164.06836953230214,162.1209399614148,163.14901733398438,5190,67.08210060141867
2022-10-13,162.12094675370292,163.59388029772717,158.96749421743826,159.19485473632812,33055,53.90035477223419
2022-10-14,162.1011478221355,163.09958511073876,158.1667540389252,159.14541625976562,23795,52.59607549790951
2022-10-17,161.06317025167004,161.08294531879073,158.8191903620619,159.33322143554688,56010,55.78940690030825
2022-10-18,160.53924555535414,161.13237690268906,158.38423082235363,159.4320831298828,4500,54.76917401969903
2022-10-19,158.36448277238523,163.06005897399942,158.1865523882035,158.6313934326172,42605,52.51483816166632
2022-10-20,160.1438442164738,161.52779733044054,158.16675971997415,159.56060791015625,16780,46.41067113788421
2022-10-21,161.527805889684,161.71563134023742,158.96748495119718,159.06634521484375,10470,48.180352515458
2022-10-24,158.56217588611506,161.1620469127872,158.56217588611506,159.39256286621094,8660,45.17114233902392
2022-10-25,161.13240741423323,161.13240741423323,148.67676743329147,155.50759887695312,164060,39.73113626009028
2022-10-27,157.7713482883256,167.06363935495924,155.61631835121315,162.2790985107422,33630,55.39199186262779
2022-10-28,165.08656323490922,165.08656323490922,156.2094576509356,157.33639526367188,11780,45.9305959582958
2022-10-31,158.42378065422125,160.1438496548127,154.2125959638937,155.52735900878906,15355,32.409080288796304
2022-11-01,155.59654965785978,162.11105478117636,155.39884421761022,161.1027374267578,53030,46.99110556827059
2022-11-02,158.17664986411182,163.1094814296956,154.44985620947142,159.74844360351562,36975,44.54660953078232
2022-11-03,159.3035750458241,162.71405782179522,157.17821527536907,158.29527282714844,104400,48.43155648232345
2022-11-04,158.30517022676398,159.87694893220325,156.4664808651689,156.78282165527344,10925,46.08070405828813
2022-11-07,159.916503402608,159.9263833960816,156.2786596377085,156.5356903076172,39790,45.36830675749894
2022-11-09,156.5850942221457,158.47321363452073,154.2125987367029,155.18136596679688,41320,43.243249798564804
2022-11-10,156.15014643472963,156.15014643472963,149.27976546660946,150.6143035888672,42600,38.61910765111836
2022-11-11,150.61430375394534,154.96388379192007,148.42961865833476,148.96343994140625,21150,35.258517632994625
2022-11-14,150.25842263868876,161.13238743490967,150.25842263868876,158.5325164794922,84535,49.407096404412954
2022-11-15,161.52780559441237,174.76438637232002,159.15531011081586,161.2609100341797,206525,51.96998461904793
2022-11-16,162.1209283172826,166.0553222322061,157.17821708809717,158.9773712158203,101320,53.786396579979474
2022-11-17,159.1157630071794,164.05847412703022,159.1157630071794,163.6927032470703,51945,51.615077356072234
2022-11-18,165.08656653047848,165.08656653047848,160.70733131730546,162.0023193359375,13885,55.75891599356961
2022-11-21,161.9232262668402,163.37638460528802,160.94456399279636,161.99241638183594,10910,58.350348287572956
2022-11-22,161.01377681901377,162.1110593901477,161.01377681901377,161.4388427734375,6245,50.498828058653686
2022-11-23,162.8228063366302,172.3128032186031,160.65789631988005,164.9679412841797,45665,57.276730841476976
2022-11-24,164.96794586490606,169.0407353637627,162.12093917928118,165.30404663085938,54095,60.08536818322541
2022-11-25,167.26135180780358,167.26135180780358,163.31707773960932,166.09487915039062,25890,63.68389118271064
2022-11-28,167.2613470620748,167.70618806145043,164.8987316684562,167.40963745117188,16765,65.49293416891643
2022-11-29,165.08657965219513,168.93200895810045,162.3878631424674,162.95132446289062,13755,60.17083890266185
2022-11-30,163.11935563378353,165.08656019446946,161.73540248010772,164.32537841796875,11500,69.58488463786765
2022-12-01,166.01578719669195,167.05375957172106,163.50488144498667,166.1640625,66045,74.43822392650539
2022-12-02,166.07509936908718,170.02926840168448,165.09643710329453,167.40963745117188,36145,66.51954133697399
2022-12-05,168.0521865432803,169.22855426251655,167.40964009890394,168.71450805664062,19055,64.64647554967873
2022-12-06,169.9304175574368,172.99490476107357,167.07353087645515,171.96682739257812,61015,74.5883868507933
2022-12-07,172.79718741716906,173.98343509420164,168.44759248943947,169.46578979492188,39600,61.92810694484466
2022-12-08,168.45747996264095,171.61093199483204,167.57767800778774,168.91220092773438,11475,64.98063433630753
2022-12-09,168.2202413090662,171.99648013375315,167.27124914848832,170.70147705078125,21265,67.52884276966753
2022-12-12,171.6109564505022,177.93762140003076,169.94031748059066,172.88616943359375,51980,71.62059035775135
2022-12-13,173.98343542497264,174.6655319886515,166.07509745111025,169.48556518554688,19805,58.574062264882045
2022-12-14,171.06724611622187,171.06724611622187,167.50848784248862,169.45591735839844,15465,57.97263664827949
2022-12-15,169.821652524704,171.61092652058147,167.45903734485992,167.97308349609375,16050,53.51325555402062
2022-12-16,171.21551373465968,171.32425398491557,167.4788252570779,167.795166015625,14900,50.75317923555259
2022-12-19,169.19889418133943,170.02926604653314,164.20675283004215,168.90232849121094,18880,63.37769411299822
2022-12-20,171.55161373980246,171.55161373980246,168.10161097498718,168.29931640625,9720,59.254103009086535
2022-12-21,166.6187863415323,171.38355177361063,166.09486019635258,168.0323944091797,23800,54.69442870386487
2022-12-22,164.3253697388517,169.61407667298582,164.3253697388517,168.1016082763672,45560,51.84790678683691
2022-12-23,164.69113525376403,164.98768584425798,150.36715345859105,160.01531982421875,196590,32.94578884139892
2022-12-26,158.27549131589348,161.06317245986537,157.25729406258935,160.03509521484375,11075,23.213571240655085
2022-12-27,163.08970416407846,165.2842692732102,160.8259489377181,162.36807250976562,10095,33.94465836717056
2022-12-28,160.57881102077755,164.69115054222368,160.57881102077755,162.1901397705078,126575,34.53152179485289
2022-12-29,162.51634148977655,165.75875889544812,160.7666325502484,164.67137145996094,64505,36.552077101755835
2022-12-30,164.69116257017413,167.16251846057915,160.15374169158144,164.167236328125,14300,28.98004258406084
2023-01-02,164.29573438352918,171.41323623606536,163.12926165913413,169.02096557617188,17130,48.953264036809024
2023-01-03,166.0750902751403,171.0079213034181,166.0750902751403,168.95175170898438,8100,48.86614381830299
2023-01-04,170.74103710029917,171.07713788151426,167.70620482414125,170.3060760498047,13280,55.277347668123014
2023-01-05,170.22697554492606,173.5880283067401,168.05218557196284,169.7425994873047,11275,54.3296706279069
2023-01-06,172.99490705082167,172.99490705082167,166.50017672867057,167.69631958007812,12970,47.42619402883007
2023-01-09,167.69631925944387,169.96007454472445,165.87740500322312,167.67654418945312,11750,48.63697812165206
2023-01-10,167.06365888508307,169.83158051062188,165.45233001098126,167.56781005859375,4990,48.97610405018493
2023-01-11,167.65677797705374,169.04073114583397,166.2431546624098,168.3289794921875,3790,50.48627142306103
2023-01-12,168.3091955076935,168.9122068744262,162.3482870371186,164.3748016357422,6955,61.32513376360726
2023-01-13,164.37480004976422,167.0438610418283,163.30717263614713,164.2561798095703,8885,60.90957490860476
2023-01-16,166.22339496789075,166.85606148698815,164.2660852813018,165.0074920654297,7750,57.42907723745886
2023-01-17,166.42110902583127,180.29035685375212,164.60217965584042,169.54489135742188,80790,66.62197365181245
2023-01-18,171.41323577726132,172.92570435122852,168.1708181077406,169.54489135742188,11725,62.40564414451856
2023-01-19,170.0391454756413,170.0391454756413,167.09329382042446,167.2119140625,5485,57.09014622609328
2023-01-20,166.49030068074876,170.0292841017795,165.4918783380508,169.1000518798828,9985,50.21368208492369
2023-01-23,170.82011409833095,170.82011409833095,167.2613557505488,168.0423126220703,8595,47.66740217929863
2023-01-24,170.42468431461424,170.42468431461424,167.27124708832505,168.3289794921875,12560,44.63517216422366
2023-01-25,167.09329406415569,169.83156029973452,167.06363900359355,167.775390625,14230,44.65913638438741
2023-01-27,167.0339877323083,169.0407273236443,166.07510052849264,168.05218505859375,22790,51.068851605523086
2023-01-30,168.249889058032,172.01623264227842,167.65677275444136,167.9533233642578,64700,50.827383053859485
2023-01-31,170.019385651312,170.019385651312,167.5677900304213,169.42625427246094,21365,55.136554453508055
2023-02-01,170.98816947352378,172.98502922052742,168.2499029727472,168.96165466308594,20845,51.77779588126589
2023-02-02,170.92883952740087,172.00634693113005,168.2498834641185,171.40333557128906,21090,71.58466821366582
2023-02-03,172.97511883296053,177.02814809509272,163.1490064459229,170.0885772705078,72750,66.68549557273342
2023-02-06,172.0063586421425,174.79405514319444,169.10004189303157,170.03915405273438,20225,64.99700291885688
2023-02-07,168.25978876020895,177.9376110815353,168.25978876020895,173.26181030273438,460300,62.02044925190478
2023-02-08,177.7398978979655,177.7398978979655,170.67181182645422,172.16452026367188,26495,57.91041255049984
2023-02-09,172.20404616540557,172.97510786547497,170.02925636818523,170.4049072265625,10185,59.987628582556304
2023-02-10,170.05891904206854,171.96681339435952,170.02926398181157,170.95849609375,6615,56.342729777162106
2023-02-13,169.06049414421867,172.99488794365783,169.06049414421867,170.7607879638672,47100,59.85657569775779
2023-02-14,171.21552030340123,173.97356171845095,168.07196308551286,169.3768310546875,23735,53.519244330015255
2023-02-15,169.4163680236871,174.01308324617395,169.4163680236871,172.27325439453125,13980,63.0522031448702
2023-02-16,173.78575163946127,173.78575163946127,170.46424867334878,172.69834899902344,23295,63.367497188133
2023-02-17,175.74305073813832,175.74305073813832,171.01781970109076,172.49075317382812,7310,62.97348542688838
2023-02-20,172.49075187605254,173.1926084641469,166.15419209384305,167.96322631835938,15690,46.43892039651324
2023-02-21,168.2696727382429,172.9949037599406,168.2498976685905,171.3440399169922,17715,55.07795221914044
2023-02-22,171.34403106057877,172.401763430952,168.16092378920732,168.4970245361328,19655,43.910542509955775
2023-02-23,170.0589118482682,172.00634117053622,169.63384594659428,170.98814392089844,13010,51.79627180821567
2023-02-24,170.49387772935023,171.21550932576176,169.73269599715996,170.2368621826172,2750,50.384023302807876
2023-02-27,170.23687558096614,171.01781735855195,168.86280239167485,170.6619415283203,26015,44.33434308838737
2023-02-28,170.6619274492836,171.03757831797105,169.6437301742218,170.1973114013672,3155,45.59148079986157
2023-03-01,170.22696637617733,170.22696637617733,169.63385009765625,169.63385009765625,7270,48.17417394848434
2023-03-02,169.84145237063058,170.22698326931393,169.63386693193266,169.7524871826172,8975,47.084166170469125
2023-03-03,167.66666264335868,171.11668075278666,167.66666264335868,170.33572387695312,11725,48.99110731558563
2023-03-06,174.7742864459254,174.7742864459254,169.6338693618603,171.03759765625,32905,54.07374359220045
2023-03-08,169.64374692483682,170.9683900040095,169.39661134660497,169.7524871826172,8030,43.2860023750826
2023-03-09,169.9007547863879,172.7971914754922,169.06050290890286,169.7425994873047,28290,41.94937584264153
2023-03-10,169.6338643856083,177.73990821314416,169.6338643856083,175.11038208007812,48485,55.569541408216764
2023-03-13,179.44018590600197,179.44018590600197,172.994886483233,173.41995239257812,20170,63.19301590487181
2023-03-14,173.41996013654966,173.41996013654966,170.06880250353151,171.21551513671875,64710,49.670516572746486
2023-03-15,172.00633844270624,177.72999099877265,170.2566145695226,170.79043579101562,12580,56.7129288452142
2023-03-16,170.84977454313335,172.30293299059298,170.0292825903259,170.65206909179688,9210,48.859161772673545
2023-03-17,172.99490166563044,173.19260710788518,170.5334259202773,172.85650634765625,2040,58.09409042434322
2023-03-20,171.4626594128633,173.98344530192725,170.25663659666736,171.8481903076172,7185,53.537728121621186
2023-03-21,172.99491710721745,173.22227763190676,167.10319786479508,170.07872009277344,71755,49.671865368539265
2023-03-22,170.12811892675728,171.02768086639446,167.8544688463151,168.36851501464844,11600,46.70781778639901
2023-03-23,169.09016289644666,172.39189054784325,168.45749642980803,170.6619415283203,14030,52.1256820856664
2023-03-24,170.08857351933665,170.08857351933665,167.65676808285508,168.16091918945312,5330,45.33500825459502
2023-03-27,167.0932964781813,168.05218367409717,165.0865569033778,165.73899841308594,53865,39.4154572261316
2023-03-28,167.2613493393912,167.2613493393912,165.07667936615255,165.37322998046875,29655,40.91837968140173
2023-03-29,165.37321998224283,168.24000144696126,165.08654937774955,165.74887084960938,10325,41.841642462746535
2023-03-31,168.6551907697955,168.6551907697955,165.0568976494223,165.9861297607422,14980,26.417976960906103
2023-04-03,165.12609941005738,169.11981875524148,164.6911534679108,166.83628845214844,60910,32.211610213584194
2023-04-05,168.05217995680775,168.05217995680775,161.81448086713826,164.3748016357422,71545,31.770306833883225
2023-04-06,166.8659358557962,166.8659358557962,163.10947226561473,163.524658203125,17715,31.066498075516108
2023-04-10,167.60733667749517,167.60733667749517,162.71405569770457,163.10946655273438,42810,30.624667809115877
2023-04-11,163.31706581286176,164.31548801878318,159.12564139525205,164.11778259277344,51205,26.08230812214498
2023-04-12,166.05532113582638,166.30245669565392,164.00904654411207,166.08497619628906,77015,35.0128643238413
2023-04-13,166.07511426512798,166.6484706363565,164.34516515819956,165.175537109375,150810,36.65231936901798
2023-04-17,167.71608955905108,167.71608955905108,164.71091253220263,165.10633850097656,29300,40.248283562891025
2023-04-18,167.05375700113714,167.05375700113714,164.49342115974113,164.8789520263672,8970,30.27646690245075
2023-04-19,162.4076054475078,166.86594080883654,162.4076054475078,164.98770141601562,55950,37.06693897654935
2023-04-20,164.50333477104638,166.07511347485465,164.50333477104638,165.11622619628906,3345,46.878164745764785
2023-04-21,166.8659230234243,171.41320800166713,164.55273794206013,165.9169158935547,121140,52.61151968149589
2023-04-24,165.28426868122338,174.99176125689723,165.28426868122338,173.9636688232422,198510,72.71729892997266
2023-04-25,175.5651025018237,187.6253144451254,174.94231608275592,183.8886260986328,294035,82.235621623285
2023-04-26,191.77719220699186,191.77719220699186,183.27572301371754,185.23304748535156,63100,82.54629069737308
2023-04-27,188.6138626759706,188.6138626759706,184.27416283958155,187.6253204345703,52235,91.23421256586667
2023-04-28,187.82301710475534,187.82301710475534,180.90322173773802,183.69091796875,32030,82.2376502706115
2023-05-02,183.69093464341222,183.71069462866276,180.03331612165778,182.138916015625,22075,79.35347294925774
2023-05-03,181.8819086765651,185.0551211079695,180.9230214100139,183.29551696777344,15775,79.4474939808493
2023-05-04,185.84594536222892,187.41772393955745,183.48332995805677,185.70755004882812,27175,79.7244790643383
2023-05-05,185.845943818196,186.22159470171627,180.90323254643545,182.2871856689453,29015,74.08845781578714
2023-05-08,183.8688564986888,199.24069133566638,182.87043426728084,195.879638671875,173140,81.3746833765247
2023-05-09,197.4118923499949,200.46648440677717,191.40155341508233,192.72621154785156,46640,76.79287863590773
2023-05-10,193.75427760610395,193.75427760610395,189.21687237823323,190.2647247314453,17935,73.26660750838286
2023-05-11,190.78863976737406,199.68551934201844,188.93017565158226,196.6012725830078,35110,76.00848545045238
2023-05-12,195.13824695211898,200.7630551380379,195.13824695211898,199.181396484375,35260,76.69365311858455
2023-05-15,204.2328521172615,204.2328521172615,196.7693544831814,197.7875518798828,21540,71.40320699500631
2023-05-16,197.70846034586833,207.21823246163788,196.13668170626872,205.08299255371094,54835,69.98509959787907
2023-05-17,206.01221060621853,206.60534202360176,194.73295435476723,199.06275939941406,38235,61.98389637150048
2023-05-18,199.88324507889973,202.64128647441763,198.59813710402503,199.71519470214844,18330,60.801977158195015
2023-05-19,200.93110688502642,204.62826059852938,197.70846434640518,198.17308044433594,30260,63.517270747613374
2023-05-22,199.8832596218323,201.6626388638938,197.7084694744057,201.3265380859375,22905,67.38936591901114
2023-05-23,201.32653331168402,207.08973687026952,199.29013853782212,200.4269561767578,39320,65.59855552412546
2023-05-24,211.52827462662424,221.43347257888445,208.20677193458266,217.62757873535156,302705,72.89745466231494
2023-05-25,220.00996161275276,220.64262805188528,214.5136690945469,214.8596649169922,41740,73.5862628280489
2023-05-26,215.89762518213288,215.89762518213288,209.57096070390023,211.75564575195312,27580,63.555044855610014
2023-05-29,209.66982794581182,217.51884114036494,209.66982794581182,213.37686157226562,34440,68.1053818708185
2023-05-30,216.57971362477426,216.57971362477426,209.78843332921318,211.18228149414062,15105,68.42562681403014
2023-05-31,210.78685880527237,214.4840122340322,209.17554520203942,209.76866149902344,18115,62.70022317499545
2023-06-01,212.9122386031038,217.52872918663562,209.20520509646022,215.09690856933594,24705,64.57802867138048
2023-06-02,219.0411790231854,220.44490711491864,213.28785626984217,214.87940979003906,26945,66.00032225422544
2023-06-05,214.86956092883725,226.76172392305682,214.7410455993834,220.47459411621094,72420,64.88240775658515
2023-06-06,225.15038463849714,225.15038463849714,218.87315020039122,220.28675842285156,40550,73.13074678333126
2023-06-07,223.61814969303552,223.61814969303552,214.9090797733877,217.05422973632812,29345,67.89063191269145
2023-06-08,221.2357647790289,221.2357647790289,215.5219916203044,218.0131072998047,19680,70.72057543024043
2023-06-09,220.24721987231462,221.43346757467307,216.0557952344263,217.27169799804688,18830,67.5363621473872
2023-06-12,215.9371749126277,222.59994012908587,215.9371749126277,220.5734405517578,47525,71.04498071344321
2023-06-13,222.22431357165473,227.36473054990435,218.19105915008575,223.45999145507812,31200,58.691803259303995
2023-06-14,224.39911345454183,226.86058933631696,224.39911345454183,224.73521423339844,12735,65.40237259803483
2023-06-15,226.77159622843553,226.77159622843553,224.4188758256161,224.91314697265625,17260,72.5822114115473
2023-06-16,226.58377473598176,226.58377473598176,222.14521462330558,224.66600036621094,14480,70.33465206442708
2023-06-19,225.38764413194409,227.34495366010788,221.43347493664683,222.77789306640625,27375,71.1198673994824
2023-06-20,224.02345451393177,226.36631005668994,221.14680784217543,221.92774963378906,23915,72.61026240522995
2023-06-21,222.07600454932285,225.28876677676308,221.93760924134526,224.31011962890625,21125,69.24024551669461
2023-06-22,225.87202898581972,225.87202898581972,222.23418558399888,223.43032836914062,18030,67.37649480342051
2023-06-23,223.410561167495,223.410561167495,209.57096888278292,212.91224670410156,45080,37.19450372843168
2023-06-26,211.9434534761915,216.2732733807297,207.83112915846647,212.12139892578125,33175,36.450123540943224
2023-06-27,210.5595032681889,215.47255955116327,210.5595032681889,214.55320739746094,8210,45.736413944010245
2023-06-28,213.9205465818799,235.26318619248977,212.53659340260904,227.14724731445312,160500,61.14865934491628
2023-06-30,227.36471647301292,231.66488127467252,223.4303225592924,224.66600036621094,50605,58.65741337905905
2023-07-03,244.4368335558997,246.74013868762484,229.93492131936077,244.79270935058594,266835,70.34207063284119
2023-07-04,247.11579315160364,251.98931440057146,231.328771846957,235.62893676757812,100325,59.245904345773525
2023-07-05,241.19443440728298,250.1011948489516,235.2928358359488,238.386962890625,103330,60.143961827870314
2023-07-06,238.49570085035964,243.39887710991445,238.49570085035964,241.53053283691406,22575,61.82636788636648
2023-07-07,243.94257346508564,244.18970902577126,239.37549804652394,241.7381134033203,21990,62.156837434659764
2023-07-10,244.436845108978,246.53254984120565,236.27147651273702,237.3489990234375,38270,60.0190364756668
2023-07-11,243.1814092663031,246.7203925608227,238.89113924329968,241.3328399658203,94685,62.791618838863656
2023-07-12,244.36764529987096,249.10277120415606,241.89628963323804,243.26048278808594,65835,62.5672084493571
2023-07-13,246.10747461877443,247.12567188579376,241.2042986325809,242.75631713867188,25835,62.88048098866276
2023-07-14,242.3905549131684,247.13556069530983,239.22722275305992,240.63095092773438,34285,70.80117668209087
2023-07-17,240.62107453420882,246.33484757622173,238.8318154614482,239.2371063232422,28540,70.16615626800797
2023-07-18,239.23710155031304,242.7859796479794,235.37191286415214,236.68666076660156,30335,66.43182032385641
2023-07-19,241.9951536070165,246.7203845074129,237.89269408707693,241.32293701171875,91370,61.93408606968446
2023-07-20,239.3063183325589,243.0430069657918,233.2959794254222,236.40988159179688,45825,59.49792418364922
2023-07-21,236.40987486324607,240.21576858845702,236.35056474122538,239.2371063232422,16490,43.761103799967096
2023-07-24,238.43639243578556,245.33641325481045,237.64555560323086,244.4269561767578,60070,60.84835850437538
2023-07-25,245.54401501531322,246.54243728255946,242.7958686982974,245.61322021484375,26755,59.269604200936556
2023-07-26,249.31034329032533,249.31034329032533,243.18138458188233,247.28382873535156,25395,57.669981358418774
2023-07-27,247.11577453314396,250.10117619582738,244.78281434155585,248.65789794921875,19540,58.94681685121447
2023-07-28,245.41549788348252,248.47998494611787,242.39056095856105,244.93112182617188,20465,59.97400226255788
2023-07-31,243.18138967421484,255.02413650335157,242.1928474397668,247.0960235595703,42020,57.962289925709804
2023-08-01,247.09602474510112,249.55748526695368,243.59657677134908,247.7385711669922,33675,56.414607704278794
2023-08-02,250.49659559532662,250.49659559532662,243.37909454057845,246.5127716064453,17355,55.2719164761122
2023-08-03,245.3166608261306,247.6100711188273,238.23869433688475,242.20274353027344,26415,52.07844789423198
2023-08-04,247.11577895052818,249.89358016426138,243.18138515406395,247.86708068847656,23860,60.25371496697848
2023-08-07,247.86706190235222,272.6300455549686,247.86706190235222,268.4287414550781,127600,76.41062179158877
2023-08-08,273.8261982459906,274.61701996437273,256.42784893035196,261.95379638671875,60645,66.65603949955405
2023-08-09,264.8897436217552,267.6280246594417,259.0870060816869,262.95220947265625,13965,72.87444473374836
2023-08-10,267.3018252725117,282.52537028224896,263.4564115079763,276.0701904296875,122425,76.96096071946737
2023-08-11,280.35057967429407,280.35057967429407,267.202950045261,268.88348388671875,35850,67.39315435166623
2023-08-14,276.5941160854662,276.7918366073522,246.16680119480412,253.34361267089844,77285,54.565624927341155
2023-08-16,255.04389205757744,286.67724301045524,252.07826540574516,283.1382751464844,150755,65.89536628537745
2023-08-17,287.89315980665083,296.5626641618669,279.45100085316034,288.57525634765625,87390,67.08123987769527
2023-08-18,293.21150761922297,297.1261567212468,283.5238054603745,291.9363098144531,56935,70.17738359201773
2023-08-21,294.85251038541634,296.05853323668316,285.3229779961246,287.2012023925781,57180,66.84382484795375
2023-08-22,288.0810276983317,292.45036803357476,282.238738733152,284.45306396484375,32670,65.15178287718012
2023-08-23,289.4847187175047,290.61167140144056,284.64086756131024,289.5143737792969,11015,67.20185247422822
2023-08-24,293.8540760865095,293.8540760865095,285.12523120821606,285.8271179199219,22620,67.53836431118214
2023-08-25,290.63145230235625,295.5741640762059,283.3063498333609,292.1439208984375,29570,67.70777686199656
2023-08-28,293.5970666412535,296.09807748370304,289.6527924704126,291.23443603515625,18355,60.82185301915416
2023-08-29,294.56584770563916,294.56584770563916,284.937425114564,286.6871643066406,44190,61.95529738998265
2023-08-30,292.4108017814959,293.99247550323975,289.0794190401747,291.6397399902344,29160,63.35605772569667
2023-08-31,293.1818567988266,293.1818567988266,288.65434641995836,291.6891784667969,17665,58.2792012413229
2023-09-01,294.5559541255241,297.3238605339509,291.91653287669936,294.5757141113281,31845,64.2692614342838
2023-09-04,296.56267237752974,302.4939258250803,290.680833974876,293.0335693359375,26015,76.10193510604158
2023-09-05,290.63143078562695,296.4638242133879,290.63143078562695,292.7765808105469,10375,60.36575599637657
2023-09-06,294.8129589632231,295.17871476002983,289.74173251624063,290.5028991699219,17110,52.22448785538452
2023-09-07,291.45192297061294,298.2530990533294,283.2470336680778,290.0185546875,34555,47.62953781249505
2023-09-08,291.61999492847787,295.188618351917,288.6543678614086,289.9295959472656,17905,53.81008066440742
2023-09-11,290.6314280714117,298.58918129667677,284.6408643143934,286.49932861328125,129440,52.80409632588607
2023-09-12,290.2360120136949,290.2360120136949,270.4750318280463,272.33349609375,58290,31.157840482748696
2023-09-13,277.7804046556236,278.2647807608976,250.9711405349443,258.40496826171875,84590,25.442640764217714
2023-09-14,259.9866417873353,274.8147772504914,259.9866417873353,270.07965087890625,48150,31.970906160197657
2023-09-15,270.8605609957848,275.3188959418201,266.9063922221237,267.80596923828125,11115,31.27368523758416
2023-09-18,268.88348800062346,274.78508635205964,263.3476454493806,264.7711486816406,13530,32.04855417349917
2023-09-20,264.33620362767255,266.3725983417717,258.99808126869505,262.05267333984375,14470,24.8445148578151
2023-09-21,258.404961057282,265.72016832313375,258.404961057282,262.883056640625,11920,25.829461191433268
2023-09-22,263.31004065287567,263.31004065287567,258.1860372010943,259.7847900390625,28045,20.91111223381155
2023-09-25,260.56930598588883,265.9018362198078,260.1820426600992,264.4222412109375,7485,27.255180525068553
2023-09-26,274.471632252059,274.471632252059,266.93458909123973,271.4329833984375,21000,34.677988603576665
2023-09-27,273.6772397449791,273.6772397449791,262.57524602902953,268.4638671875,18605,34.3351627685424
2023-09-28,271.80040485077603,272.87288700864224,265.43512172320624,267.0339050292969,13445,33.879735572879056
2023-09-29,266.34870369739514,271.2939705103493,265.74294374198166,267.1927795410156,11215,34.06917668793514
2023-10-03,267.51055544932143,274.0744247717088,264.1739814762833,268.096435546875,18695,36.632502323139896
2023-10-04,272.0387392349364,274.27304161129854,267.79851044125434,271.6712951660156,17275,49.431523748993335
2023-10-05,268.3347574814648,287.9370277364384,268.3347574814648,286.8446960449219,52995,73.90360203456086
2023-10-06,287.9767633431975,304.5801144971023,280.0325767682127,298.7212829589844,311530,73.99187394647358
2023-10-09,293.9348777367333,297.88712112408876,280.4297556716803,285.8516540527344,46060,62.83728424554488
2023-10-10,287.9767203385684,298.48289218100683,287.9767203385684,294.81866455078125,90775,69.7114543397964
2023-10-11,295.7024662579294,297.90697911557123,282.21722367068384,285.3055114746094,36120,64.0055246486161
2023-10-12,290.47918130851866,297.5098036425432,289.7344137912082,292.8326721191406,31635,66.69248639191622
2023-10-13,295.41449216249566,297.9069903458827,291.1742935762524,293.78594970703125,18060,69.4148381884805
2023-10-16,294.8881907378472,297.9069900557183,291.56155662129174,297.0132751464844,27155,68.91423988857713
2023-10-17,297.7083517253067,298.145284370136,295.1265155754333,297.2317199707031,61450,66.25374103698873
2023-10-18,297.23172834698346,297.9069768881437,289.9727307678489,293.73626708984375,15305,65.81723709563312
2023-10-19,289.98264766929157,292.9220184010327,284.8785237622978,285.8318176269531,33450,60.88304677959203
2023-10-20,286.1496011774636,292.58440314789124,273.56798248234963,275.46466064453125,45220,54.28277268422355
2023-10-23,280.0325380111968,280.9759221582769,264.14416706020694,265.6039123535156,43415,48.81903016313361
2023-10-25,265.60395076990494,270.4796989472673,256.69653030496943,261.41339111328125,34715,45.16794479343395
2023-10-26,259.7748881160624,272.88277682595367,248.45441398097617,265.623779296875,69415,38.85237139620655
2023-10-27,271.8897320113621,280.01268457909896,268.1361056383638,272.36639404296875,24050,35.36609130601141
2023-10-30,278.04651089600355,278.04651089600355,268.5134816043505,269.6157531738281,4475,39.84346483437771
2023-10-31,269.75477523516474,272.08838606711157,268.12623277041587,270.84710693359375,5690,33.39751691952604
2023-11-01,266.7856501415526,278.04653101093544,265.74295746746145,274.8787841796875,10820,42.18517625628262
2023-11-02,277.6989390819856,280.03254972395126,269.7845427588065,273.9453125,11955,34.291302588770876
2023-11-03,277.64928069262015,282.19731341655586,276.05049765180325,278.92034912109375,33975,38.41146948493517
2023-11-06,283.98482165184976,286.7851243993536,275.9711161386804,278.523193359375,54895,34.9206088471894
2023-11-07,273.2800138859515,278.3245587239976,273.05160762596057,274.8589172363281,26720,32.72502344607874
2023-11-08,283.0116457665996,283.0116457665996,259.1790861230965,269.9136657714844,24665,32.00838758419967
2023-11-09,269.91366596034464,278.0067999506804,269.91366596034464,273.6275634765625,21245,40.16011172782975
2023-11-10,272.88277201283154,275.65331531522554,267.1331893193079,268.5333557128906,19305,43.892180754338874
2023-11-13,275.8916501975218,276.06047749263155,263.15117458829985,265.9515075683594,41835,50.35137359620232
2023-11-15,274.8688209476419,274.8688209476419,258.1860426230924,263.885986328125,18035,52.611675208716115
2023-11-16,264.20372985069565,271.08537282438687,263.0021803563989,263.3993835449219,50535,47.44988031171434
2023-11-17,263.50866148104365,267.2921083229898,260.370734364684,262.49578857421875,25570,36.9348422518735
2023-11-20,262.1581388275037,266.5075855249791,259.9337764379752,263.0220642089844,16905,40.726220439725715
2023-11-21,266.24939466189517,268.31490003688685,261.1651203614007,263.33984375,46560,39.1628163514166
2023-11-22,261.3637669778141,266.50762083749686,261.3637669778141,262.9923095703125,12580,30.798816859748584
2023-11-23,262.93270674186033,264.42224168381614,260.76792323267097,261.4034423828125,27405,30.160196808808507
2023-11-24,263.3596856792362,263.3596856792362,260.3707063262433,260.93670654296875,8215,16.81929463805099
2023-11-28,260.9367022146221,262.9128390417477,260.56928846970845,260.96649169921875,6145,17.161856705785652
2023-11-29,265.1372315037189,265.1372315037189,259.97349801923275,260.201904296875,6470,19.249932453456907
2023-11-30,260.172113947862,264.1442072905774,257.09373554632407,259.4372863769531,25150,23.345062986061066
2023-12-01,264.14418129844444,281.33341112322944,256.2893638495889,276.37823486328125,88670,54.183033592729004
2023-12-04,287.5596708529856,298.7013933738903,281.1844783047063,294.5803527832031,145315,78.32006986547181
2023-12-05,301.769891655108,301.769891655108,291.9687253684102,296.8345642089844,74370,83.81911025558765
2023-12-06,299.4958018072556,299.8930050245011,287.8972981575728,296.5266418457031,36290,87.17480659573033
2023-12-07,292.14744325986163,293.5575192607522,290.29046438372643,291.9885559082031,11760,79.80953665884736
2023-12-08,295.91098433612876,297.9963391922245,292.96170411364034,295.67266845703125,134160,82.69715923240446
2023-12-11,305.8511788803137,305.8511788803137,292.46521377807983,295.4542236328125,67890,82.15833076628391
2023-12-12,298.1055896019351,303.8651122881453,295.3251063393757,297.2019348144531,95470,82.65031864864022
2023-12-13,297.9864090237573,300.08170387834076,291.9488408864174,293.0113830566406,16235,76.94773263347642
2023-12-14,295.5138063273044,298.22477090209867,293.1404963496054,295.0073547363281,48400,79.94691252260705
2023-12-15,293.93491934990726,294.9279427260894,288.7910655344043,290.4096984863281,24680,74.46430480328416
2023-12-18,290.40965897630093,293.70647310514835,285.4445427708909,287.0333557128906,27900,70.49820566096327
2023-12-19,288.155471191563,288.155471191563,282.21721172095124,282.79315185546875,34775,66.84433231120977
2023-12-20,281.8199939203983,284.5309583765732,277.64931433935857,278.05645751953125,30110,63.10637440425375
2023-12-21,276.95420087757236,298.7212856210631,272.10824217489983,297.30126953125,81885,64.26541258641151
2023-12-22,297.30123229835345,307.8371939715945,293.9348690825547,302.11737060546875,133260,56.28621011065448
2023-12-26,307.79749894935605,323.1297813930583,306.44700178404895,315.1359558105469,261915,62.940577352155465
2023-12-27,318.7207385972514,320.7365746126869,308.2542952052127,312.3753356933594,81525,60.83065693430657
2023-12-28,315.5033532722079,315.5033532722079,310.4091390690994,312.65338134765625,42265,64.99497100633462
2023-12-29,312.65337001230756,312.802317435868,308.6018182634788,310.6971130371094,30450,61.182561671820466
2024-01-01,310.69713434660963,310.69713434660963,306.2881084788379,310.2701416015625,34270,60.9932331637473
2024-01-02,309.82328785001613,312.8122978565757,307.89682011016504,311.6107177734375,31835,60.756130110475716
2024-01-03,315.3544113277052,316.7942769055858,299.89303153473185,303.3586730957031,68605,57.28262942744176
2024-01-04,302.0777203878876,307.83724379508976,301.8989531502652,302.7629089355469,16615,55.568263784265106
2024-01-05,303.1303219484966,306.84421963427855,297.73818204764746,302.1372985839844,98045,58.92937639125768
2024-01-08,302.07770498701126,311.7993814357307,302.07770498701126,307.9861755371094,114865,65.37456613744766
2024-01-09,309.5253611736962,311.0645350994091,304.7787112198008,307.0626525878906,55315,68.7193909712457
2024-01-10,307.0428116753533,308.13511304452123,292.56451521738654,300.20086669921875,93455,66.53812282227582
2024-01-11,301.1938861164566,305.46387406292183,294.39167064434463,297.1423645019531,52990,49.8434842621577
2024-01-12,297.49983810167,300.3299604847565,291.03524691041605,293.70648193359375,38230,41.484033954111524
2024-01-15,293.9448547234817,307.6386250493468,292.8525229656845,304.80853271484375,90010,39.121361105271184
2024-01-16,308.6514898427516,351.5302259495843,305.5433222617392,332.2159118652344,779240,63.75653404474296
2024-01-17,349.5243486537107,353.5162913713138,329.6837324024612,332.4443359375,1074600,63.73157752536438
2024-01-18,333.85442531629815,339.0479174650574,325.3839382936587,332.8415222167969,195955,65.7042350454098
2024-01-19,333.0798440068283,347.55810844753427,333.0798440068283,337.2207336425781,303140,68.09813587255681
2024-01-23,367.02142818676447,367.02142818676447,342.59304825057285,346.30694580078125,205420,71.10413163004296
2024-01-24,347.51841955985134,349.1469922898663,342.15609989371893,347.4687805175781,104970,79.36279445068782
2024-01-25,347.5581365582642,353.5162760421202,344.9762700543271,348.0447082519531,76260,80.15071762168031
2024-01-29,355.4923709282272,355.4923709282272,341.41130901708794,342.72210693359375,132245,75.43245673520265
2024-01-30,345.572082882546,349.69312321231024,327.89628156961464,345.8501281738281,93520,74.56511529740847
2024-01-31,347.5581621278729,368.41165185554524,344.3506858934128,358.10406494140625,509660,78.86991797786206
2024-02-01,359.07723384976504,361.4604837254833,352.55306345006153,354.2809143066406,119145,81.67750949469931
2024-02-02,357.478447513386,364.65801687089674,354.5093175484982,358.6502380371094,322240,85.48347910592808
2024-02-05,377.2495016468429,380.90381969187234,342.4639007137191,347.7765808105469,322990,78.72740462052668
2024-02-06,353.3176749623054,354.916458219904,344.0031419447859,346.4658203125,87885,74.70259725218247
2024-02-07,353.4765528133449,354.4199370366654,347.65745102850735,349.4051513671875,53790,64.36036796758637
2024-02-08,350.39817565926415,356.9124361750152,345.373480349579,346.8034362792969,56960,61.5384426747703
2024-02-09,347.55814280491575,350.42799458745844,334.64884035787605,339.44512939453125,53705,54.772496593547224
2024-02-12,347.3595115873889,349.91158854585063,331.6796967018608,335.3340148925781,80505,48.63114395483909
2024-02-13,338.8195166998611,341.9971726514413,324.083026233583,337.2207336425781,128840,42.638737728839565
2024-02-14,341.20283906802337,341.20283906802337,333.546637301629,335.3936462402344,67510,40.32156593393153
2024-02-15,339.61399246549956,359.4744598611428,335.6418989863709,340.1105041503906,207045,44.03645818997234
2024-02-16,343.03990844455944,362.4932311040237,343.03990844455944,353.54608154296875,198645,57.251218281542236
2024-02-19,356.01869664804195,363.50610069004034,354.51925209730945,357.9153747558594,175890,57.950547231825844
2024-02-20,358.9481135702435,372.3141979621871,358.48139143292263,363.83380126953125,225120,54.119663145699576
2024-02-21,367.4186213707125,369.40466797271637,351.5302485546817,352.4736328125,113240,48.82763333614444
2024-02-22,355.28385671988667,372.31419937474294,347.56807698690227,368.31231689453125,509460,55.455861060936456
2024-02-23,372.38372439402156,373.3568981034507,359.5836399612785,366.2369079589844,90785,61.573952541490804
2024-02-26,369.6529327374923,371.3212046504004,358.08421706198027,359.4942932128906,99335,57.64749548674218
2024-02-27,359.6928792885997,363.44650592448573,349.98111321132876,352.7615661621094,96615,51.88616244838404
2024-02-28,357.687009414883,357.687009414883,336.039083011684,338.4918518066406,153935,45.87074648408362
2024-02-29,341.2524194540223,341.808510026269,333.65579797184597,337.8265075683594,61745,49.13857033111421
2024-03-01,340.48785376650517,353.45673639482055,340.40839492726826,347.6376037597656,108100,56.173418731751426
2024-03-04,352.9105395907331,354.30076604917986,344.00312002223626,346.19769287109375,22890,54.52454424165275
2024-03-05,346.3764533546928,348.9980494016255,336.4362804670719,337.3399353027344,40855,50.91604228824423
2024-03-06,335.641864820642,342.5930277015429,328.65097252368685,333.6160888671875,78170,46.914490638455945
2024-03-07,327.69768642944433,347.5581522736531,327.3799117028172,346.6048583984375,51525,46.688150612047814
2024-03-11,346.5651297844773,347.4687846190426,333.8246542499491,336.9228820800781,61675,40.46718263576617
2024-03-12,340.4381823576256,345.37350962817254,331.66979949543776,338.5415344238281,107915,38.04788650253398
2024-03-13,338.5415215093821,344.7677667778651,315.38421055607716,317.8766784667969,91820,34.97239770528337
2024-03-14,321.73955745261287,328.84960809954543,311.79938426715444,320.7266845703125,82145,26.701731674693306
2024-03-15,321.7792650185153,326.9131782919367,315.185576038933,317.5092468261719,48340,26.40643091834039
2024-03-18,317.7873174117649,322.73258453993395,310.6375675678344,313.1995544433594,70945,27.043579164517794
2024-03-19,313.19951790665584,325.51299978864665,313.19951790665584,321.7295837402344,52160,34.881487979303884
2024-03-20,321.5408994240522,341.11340847802984,318.9391834937671,332.166259765625,76865,46.79866149741656
2024-03-21,333.65585799122437,341.76887239607714,331.50098390764344,337.6875305175781,56740,49.932959768795115
2024-03-22,337.6974368759944,343.5860577016339,337.6974368759944,342.1263122558594,21915,47.19611803151631
2024-03-26,341.7986194652382,347.5581422724586,338.64078245533153,342.3944091796875,45130,48.041721793949144
2024-03-27,343.17890406183994,347.5581402657482,335.64186117092254,337.4988098144531,160170,50.08528280275395
2024-03-28,339.7231797392561,343.58605484429415,332.8614155432749,336.53558349609375,32555,51.61503144437489
2024-04-01,337.6279252417489,347.359541553321,329.68373876547247,341.09356689453125,69430,46.63758183831705
2024-04-02,342.5930539758195,350.5372407346791,342.5930539758195,347.4588623046875,52395,56.699072530742626
2024-04-03,342.79164734267516,347.55814695041465,342.79164734267516,345.93951416015625,24860,54.70979113230282
2024-04-04,348.5710500138894,348.5710500138894,343.7847004351824,345.4529724121094,35185,73.62602884424318
2024-04-05,345.4529545480935,353.3176822067169,343.19877223538384,345.0855407714844,54295,71.79669370302749
2024-04-08,347.5581583202225,349.7328817923709,342.7916585565546,347.9653015136719,38130,77.41825766542156
2024-04-09,346.1778206716449,352.9303969551339,343.586044535119,345.4429931640625,52905,79.99258526238576
2024-04-10,346.535312137426,358.28276342281293,342.57315921179395,349.0377197265625,126480,77.96987691582528
2024-04-12,349.6335534063272,351.699058742554,337.6378458477725,339.4054260253906,73640,57.53880907327944
2024-04-15,337.85630993792904,339.2465364215676,330.0908608801318,334.5097961425781,43965,46.64704162475254
2024-04-16,334.64882803424223,339.6139441771835,333.3380300993864,336.5157165527344,26525,43.75964829626532
2024-04-18,339.6139928470207,345.57213307240704,334.4601991276881,336.81365966796875,51485,43.79696289642858
2024-04-19,331.6697556628681,344.57905752998573,329.9220250972121,337.7272033691406,36790,50.27851545753346
2024-04-22,340.6069650153332,347.51839815249593,334.6587656153275,338.0052490234375,35940,51.82264779350541
2024-04-23,341.6000185694619,366.0283980513509,341.6000185694619,355.11505126953125,430555,63.26069413610499
2024-04-24,362.2648280951173,387.2790874773206,357.70685477905954,380.2385559082031,462005,72.88228244016895
2024-04-25,381.320940842419,384.76673284815564,373.37675457486864,374.9556579589844,255315,69.24393749815312
2024-04-26,377.34884108195723,378.5206012627237,363.6451321329522,366.51495361328125,115690,62.635493602603844
2024-04-29,377.34882832093615,379.3348747857832,368.61023599747483,373.61505126953125,90985,65.83614786175457
2024-04-30,384.69718988332454,404.95485753757725,382.13520330633844,396.51416015625,1102235,72.04831520191992
2024-05-02,404.75631213483615,411.11165533512207,394.5579432222366,404.2300109863281,616270,75.49526513271525
2024-05-03,407.13954142715653,407.82472990905353,394.23023889410035,401.84674072265625,261705,73.14589013538327
2024-05-06,406.57352076104445,425.0139706387473,397.40793513501285,402.76031494140625,286790,80.06594190242069
2024-05-07,403.9916478340465,408.10277876117215,390.8936986457666,401.19134521484375,156875,82.67638723763805
2024-05-08,405.15351560321835,432.34249902357317,393.23723573253545,425.540283203125,472910,85.78841047895001
2024-05-09,430.97211161022267,436.73163462047444,421.5483302036121,427.85400390625,351685,86.01506562417454
2024-05-10,427.00000697711135,427.00000697711135,387.8848057452245,395.2530517578125,366660,68.19523443000479
2024-05-13,409.1454223816409,425.0139445868768,402.2538387062563,420.1878662109375,398945,72.48668147430652
2024-05-14,416.57324191349255,451.8255663185676,415.1035566342499,442.391845703125,527055,73.23287449555845
2024-05-15,441.22009775037895,466.7209275394129,439.2042617648953,455.07275390625,321790,71.33392505133452
2024-05-16,461.89485404180516,478.8358284454716,456.79069993541805,458.8263854980469,264810,74.1203960824266
2024-05-17,460.6039240744948,491.94373701438695,459.0548101500641,487.16729736328125,235050,81.13468615797612
2024-05-21,491.496865663006,493.57228060186,467.53520998902945,478.59747314453125,227855,76.88706984224149
2024-05-22,480.6232849944404,481.86456413957063,460.9713450834313,468.7467346191406,190815,69.8244980423564
2024-05-23,470.851903492708,495.31998038751243,462.83819866635946,488.0709228515625,140465,71.63207459962183
2024-05-24,488.56744142400186,492.34091767085795,470.69302283531886,476.6611022949219,103740,68.44399376993822
2024-05-27,486.5814216869892,486.5814216869892,464.73490887655294,473.3245544433594,101920,67.19083654598344
2024-05-28,466.72094241678263,480.5934788748468,427.00995107757956,432.25311279296875,2087825,56.34585980891445
2024-05-29,431.9651393717352,451.98449291573,427.1092408449716,448.7174377441406,170210,54.89267185059805
2024-05-30,450.4056018846426,454.288326765842,432.9581745940512,437.34735107421875,156415,51.930231259423806
2024-05-31,438.1019814353838,440.39586267281913,419.05580315288165,435.0732727050781,236070,59.23537494661537
2024-06-03,460.76278987341664,460.76278987341664,431.0515207785611,436.4039306640625,121465,54.22334830431177
2024-06-04,436.73162796026736,436.73162796026736,373.30723569203826,402.2340087890625,383840,40.15483908424707
2024-06-05,407.03032512527267,429.2740404456134,384.89582781904693,423.50457763671875,222300,42.573477931492775
2024-06-06,428.9860607019282,444.8644933901385,423.027920969957,431.2501525878906,153755,43.632198727818135
2024-06-07,434.2689369534655,450.83255756626056,432.7396726561505,446.50299072265625,157685,40.00585328505498
2024-06-10,448.608217287026,456.79071961037954,446.8604865753713,453.71234130859375,114480,43.84275665600788
2024-06-11,461.358588593354,465.7278846485269,452.441229273987,463.3446350097656,122780,48.661930479889655
2024-06-12,465.72789633637586,476.65115190076847,459.5016515743512,472.172607421875,135325,45.846085837161745
2024-06-13,469.3028134213053,475.0424868315117,464.7349002214434,469.73974609375,68485,48.102578981334744
2024-06-14,473.0762744535483,476.65116424632873,452.02419954880105,464.7944641113281,122980,47.68200606977152
2024-06-18,464.9434225363123,473.14580454588446,455.15222751873824,459.739990234375,88115,59.28734436539522
2024-06-19,464.1390575169071,465.0029828891978,450.17715315072735,452.36181640625,63080,51.311926768781454
2024-06-20,453.25553696346185,481.41766193069344,453.25553696346185,466.7010803222656,218355,60.3457789340695
2024-06-21,473.70188888962616,473.70188888962616,447.16830592467676,458.3795471191406,77780,57.87849152213653
2024-06-24,458.3795609753667,471.7654956537048,453.8215876685617,469.3623962402344,186845,60.458824219841745
2024-06-25,464.6653440108562,469.98796418208246,456.820466702175,458.0021667480469,59650,70.69269260428096
2024-06-26,465.84704871318445,465.84704871318445,445.86742634998905,454.9535827636719,86475,63.49380397575277
2024-06-27,457.58513308960676,457.58513308960676,425.2125971469381,427.6554260253906,180570,48.67922378832418
2024-06-28,438.71768115110905,440.3065244896266,425.0139717538106,427.7149963378906,83905,42.22933989811031
2024-07-01,430.9721075630405,438.7176770978371,412.104665066041,414.41839599609375,228180,34.52724349345439
2024-07-02,420.04883995581065,421.71711176336663,407.3580038757153,412.4621276855469,124755,28.674881986001523
2024-07-03,430.773496494838,430.98205320771893,413.0976938325244,415.2922668457031,121880,24.89923223921923
2024-07-04,417.23858708527973,419.05580627607395,403.2270134440216,414.4978332519531,117845,25.264569532532562
2024-07-05,415.4511386812413,422.0150382237176,412.1046551257138,413.2962951660156,117815,26.140982506980293
2024-07-08,417.0697522169103,420.04882187560247,410.11858967996176,412.1642150878906,96235,27.12690365458839
2024-07-09,410.1186243357146,418.6586308065441,405.1535078183331,415.5008239746094,156130,31.56173301797419
2024-07-10,419.0459070374168,426.8908156201296,402.17445028943496,422.49169921875,217025,26.131284009533957
2024-07-11,427.0000176652336,432.95815744660894,410.31723839924905,427.1589050292969,217205,32.451468018259405
2024-07-12,431.16078735132686,432.9482171624127,419.9594857836797,423.5144958496094,99765,21.91267177581946
2024-07-15,426.5233667039771,428.97613552350623,415.20290688486836,418.6685485839844,76960,23.81334733331275
2024-07-16,417.1194307033464,423.0279315403898,407.6559197381154,411.8961486816406,60650,22.688385266928336
2024-07-18,414.82554220710637,416.0469717715538,403.89237631916353,406.4742126464844,126660,31.40367968499649
2024-07-19,407.7651474997394,410.20797624240345,393.43582908196004,399.34429931640625,86195,27.842440172388564
2024-07-22,398.5995578088112,409.2844985158673,390.4865741894501,399.16558837890625,92085,35.01761420455499
2024-07-23,400.18835219323836,436.93021083132726,391.7675044929922,433.8816223144531,268690,62.801173396210174
2024-07-24,436.93020906191094,481.6162531705155,429.7705202578158,464.5561218261719,868630,72.09010883868186
2024-07-25,464.53627533060734,493.33395026887524,459.372572489993,483.75128173828125,416450,76.65494503739073
2024-07-26,487.1772085001357,498.1004641602075,474.46649282198075,478.59747314453125,175415,74.39166990211137
2024-07-29,484.59536828118314,515.3790904465861,484.54572923826663,509.4110107421875,495275,79.73161721416264
2024-07-30,510.4139410042578,524.316266245619,506.69010388603607,510.6920166015625,189780,79.47361408886424
2024-07-31,510.69203658980933,512.3801276620118,496.51163519612925,502.7676696777344,71965,74.71262985605611
2024-08-01,502.7676935153316,503.8997546434922,487.6936068291929,490.3350524902344,70925,68.56109457375462
2024-08-02,481.02048547460817,506.2432714966698,475.0623456124834,501.3675537109375,84810,71.92149508489278
2024-08-05,486.58139722564715,491.54651352386804,468.68712899653843,478.3988952636719,129300,65.26107135739392
2024-08-06,478.8358342302095,506.54117747832413,477.04837415650405,483.4037170410156,82160,68.43667078021055
2024-08-07,496.5116533904508,504.45583984469806,470.2958441523683,482.5894775390625,67810,70.10229328524107
2024-08-08,486.541662629283,504.25719375614125,475.75744469061624,491.1989440917969,192870,74.0709983741502
2024-08-09,476.6015450654433,485.97568744395215,453.81164820338495,469.7099609375,295010,66.62922043447797
2024-08-12,469.7099651050821,486.58142142812744,464.73490862931357,466.10528564453125,91960,58.901647003441106
2024-08-13,472.40101287704994,476.4525343273092,460.7627793922825,471.4775085449219,82775,52.22272400118546
2024-08-14,473.0067705086,473.3642746515147,446.46327735532316,452.3518981933594,77560,39.91194157780786
2024-08-16,459.1342528724532,460.2067350407746,441.8953823888714,453.3449401855469,113475,41.66394498420283
2024-08-19,455.00324691992495,470.67315196071394,449.86930359044317,464.03973388671875,162390,32.72846654885318
2024-08-20,468.66724430771353,468.66724430771353,449.8395319841467,451.4283752441406,55195,29.231585641070396
2024-08-21,458.200808722621,459.2136815442413,446.71152226211086,450.6041564941406,67545,30.762432938954134
2024-08-22,457.3666254513289,462.5502079185845,448.84649948107216,451.07086181640625,81455,34.11787941967587
2024-08-23,448.84652109738266,451.775951885703,435.142811999904,437.3175354003906,167230,24.650145628218425
2024-08-26,442.8486620021673,442.8486620021673,417.5762372216828,424.4876708984375,200510,26.80106728356685
2024-08-27,428.7278361222077,436.3244880134134,424.8848411022314,425.90765380859375,99760,24.470813329701855
2024-08-28,425.60980012690385,439.99869830625585,425.0040401445382,434.5271301269531,122745,30.04282871782239
2024-08-29,435.8577869636732,436.7316219852767,421.0617159982575,424.9245910644531,79105,22.705666651081955
2024-08-30,424.9245939985608,429.9592292848967,409.32420680583425,413.6835632324219,177915,24.79894730282038
2024-09-02,414.28932707303227,423.2165967173681,404.56762061703574,409.870361328125,124580,24.752513231355394
2024-09-03,410.9130234923408,422.03489641381833,407.13954712862477,420.0389099121094,121470,27.85943445497277
2024-09-04,420.7737459957459,422.82928105928096,411.1513484306369,420.048828125,402320,33.357169294125384
2024-09-05,422.8292967620825,422.8292967620825,410.12855094258356,411.8067626953125,128780,30.086595730050732
2024-09-06,415.0837230213626,417.74501808723164,403.97179030845103,408.5397033691406,179755,21.353135407107203
2024-09-09,404.16046454719583,409.1156408892375,394.7267436302466,403.2270202636719,251410,23.093098925060914
2024-09-10,404.76620782058563,413.0877478216444,397.01069836672997,400.1883850097656,150520,22.53595211084408
2024-09-11,404.1604920463826,407.86447994705287,395.06439478047406,397.28875732421875,845675,21.45867599683092
2024-09-12,408.9269760708312,424.55718316210545,400.9629402459177,405.6003723144531,642965,32.13645832617169
2024-09-13,405.6003772650861,416.46405454480714,403.6143306736148,409.5625305175781,149850,40.6611104385316
2024-09-16,415.4809276559359,415.4809276559359,404.160468505654,406.2160339355469,323225,37.96871311630384
2024-09-17,406.2259647445851,430.75365276980165,405.520926675585,423.24639892578125,266635,43.75000634050221
2024-09-18,431.7069089611837,440.92216331589344,424.7855358415329,431.4983825683594,252530,53.6974874730683
2024-09-19,435.8224168290438,438.5822564079174,398.45028852322866,413.6242980957031,272370,49.968980371059935
2024-09-20,430.41239117863796,452.2916792166996,411.2431083012514,444.6199951171875,390705,64.15914281848856
2024-09-23,449.34257880966845,454.1249266880443,437.4962598646271,445.6163330078125,252735,61.26374401716787
2024-09-24,447.8480905412364,447.8480905412364,430.8507883582456,436.5896301269531,108360,56.74828973537432
2024-09-25,437.3866902563852,444.3609654996533,432.3353150328871,436.1213684082031,79440,60.59167274412436
2024-09-26,431.71756963510524,444.36093591683203,429.22675721404676,438.1239318847656,96885,63.03072371880555
2024-09-27,440.0170047059388,440.0170047059388,426.5366977425091,429.6352844238281,86540,61.31525638618317
2024-09-30,429.63526588378784,439.0306032964137,428.2204710114346,435.752685546875,113770,64.84667439721945
2024-10-01,437.3368728961424,438.36308643458074,418.45650189832145,425.6599426269531,114600,61.1728320727547
2024-10-03,422.6410565343236,442.3284168977526,418.47639512946444,432.8434143066406,95365,60.82474176800639
2024-10-04,432.3950761437023,443.3646241012009,424.464337673299,432.04638671875,88570,59.164233032789184
2024-10-07,437.5859534792449,437.5859534792449,405.70355338328324,415.7066345214844,175920,53.497806307181776
2024-10-08,408.5131800183553,428.12087982073285,408.5131800183553,424.3149108886719,58505,50.41987079016966
2024-10-09,427.4035360836125,432.88332392513684,416.66315313044186,423.3086242675781,98295,46.58752260259863
2024-10-10,425.01231369475596,468.27275944577224,424.4842626503214,449.3326110839844,366030,63.93254215281942
2024-10-11,455.1212364351199,458.0803228271993,438.7815129255842,444.47052001953125,105955,49.92673762556914
2024-10-14,449.20308364350257,486.2066094579168,446.3536086826777,481.4342041015625,559585,62.979286311767396
2024-10-15,488.0896672062409,498.14258277384533,470.016317172303,490.49078369140625,358165,69.52787905899096
2024-10-16,492.0350926441799,517.889707379182,492.0350926441799,509.2515869140625,542830,73.39368773974974
2024-10-17,512.7088174950669,518.1388008735523,498.1624969096459,516.7838134765625,303945,74.30279752205522
2024-10-18,513.5059496407447,522.0543746951421,497.5149145148181,516.7240600585938,317905,78.38541640763556
2024-10-21,518.925938956134,521.9647180392751,488.1992492467668,491.02880859375,213120,65.97742663019699
2024-10-22,490.9291736652841,490.9291736652841,466.0907985661139,470.54437255859375,196285,62.23851835653352
2024-10-23,470.3849397376657,490.5904089030029,467.26643771824814,485.6885070800781,118815,63.80962421777831
2024-10-24,487.8804265510487,495.76136107647744,483.4169099387184,486.5054931640625,107380,64.22991833240408
2024-10-25,488.7970532622913,490.1819292076496,466.87790316447933,476.1536865234375,192580,66.30475744239912
2024-10-28,477.3393063464798,514.1036922081897,468.27274290280843,491.45721435546875,338035,67.47937108810984
2024-10-29,491.4572357259919,505.62497884355116,490.10224828221243,496.4189453125,223240,68.64897475278624
2024-10-30,496.4687601025713,542.000827035962,480.72683647950663,490.1421203613281,259921,61.575862922675
2024-10-31,475.8448243331216,513.1073731151565,460.25234422148407,506.97998046875,253189,66.6031659261219
2024-11-01,507.9264883372078,519.0853408398906,495.67170262542334,503.5924987792969,75463,57.16311508192148
2024-11-04,499.7566157190057,502.0979855015444,477.23966510479266,492.1845397949219,264911,50.53934137789424
2024-11-05,488.1992386763693,498.06284986650064,475.7451764652374,482.6696472167969,165271,41.0059337664207
2024-11-06,493.18087254974733,498.06285894440714,469.8170392536546,492.7823486328125,226354,42.0184199053187
2024-11-07,493.18085622650995,498.11267695094494,478.3356203726959,482.12164306640625,157018,39.250990099760806
2024-11-08,482.2213026708917,489.1457736214149,477.2894817314053,486.1069641113281,79335,48.23268479505569
2024-11-11,491.93547468642754,491.93547468642754,473.2543807109936,474.5495910644531,115143,51.53669423457773
2024-11-12,487.9999485221065,495.17350032683817,472.2082223833065,479.3319396972656,172803,47.35049232109348
2024-11-13,478.23600502054614,483.3670727433271,466.3299089833849,469.7672424316406,115723,43.49744736880167
2024-11-14,493.18088568229695,516.694131867253,475.3466738770931,491.43731689453125,543408,55.45752339106726
2024-11-18,495.7713128725532,507.12941148886114,480.228637205562,496.6679992675781,181880,52.00490909001243
2024-11-19,504.73826202219595,578.7153644703568,501.2012899522701,552.8607788085938,1938547,65.57603029967179
2024-11-21,558.4401617730765,593.8096992270358,552.9603742802095,589.6251220703125,1599444,73.49963819084175
2024-11-22,596.7986693793856,630.4744419000589,582.8501195107523,593.9591674804688,1353316,71.83591746074163
2024-11-25,605.7656122292984,617.7215124706661,567.9052614649672,581.1563720703125,381977,68.59325101214041
2024-11-26,585.8390751609552,592.7137416938164,572.8868507101178,583.0493774414062,141777,72.82281874852733
2024-11-27,583.0493568633624,596.7986286329709,549.4731948098221,572.0897827148438,273868,72.29812153946067
2024-11-28,572.8869060149951,615.7288833343774,560.1339574867454,592.165771484375,411423,73.60945736604955
2024-11-29,596.7488923492481,606.6623386175404,581.903624991619,600.7839965820312,195342,78.46558268407802
2024-12-02,607.7084645917339,625.6921192323397,593.8097182523479,610.0,343518,78.99276917418612
2024-12-03,616.7252353313658,638.594583382913,579.213571087433,603.6734008789062,247972,80.97516600967543
2024-12-04,604.7692627801528,612.7398626191003,593.7598839147764,607.6087646484375,124308,80.89754089865232
2024-12-05,608.7545418253097,647.6112147077763,607.7582168796055,643.5761108398438,491825,87.14073476634024
2024-12-06,648.6075228161388,651.4470245133454,620.710425060606,623.5499267578125,217607,78.43051750502468
2024-12-09,625.5924803457352,641.53368005324,620.2621052070276,626.5389404296875,152559,78.22038554851558
2024-12-10,629.6773957558555,633.0150601590182,620.810078991282,627.0869750976562,152467,71.27354899562536
2024-12-11,630.6736857592114,640.5373269698322,612.7398368750632,615.0313720703125,118591,58.4830126172422
2024-12-12,620.7104436437857,620.7104436437857,598.890902921695,601.4813842773438,110223,52.36601647480364
2024-12-13,592.8133317437007,608.7047264963106,585.9885303160324,595.7525024414062,152635,54.80484118746442
2024-12-16,596.6990167871178,601.7802495366814,565.8627484607757,595.2543334960938,1183217,54.054937523066386
2024-12-17,595.8023504693308,595.8023504693308,581.7043273838846,584.9922485351562,142378,54.30663631970573
2024-12-18,587.8317062355325,622.5038014920011,582.3519191435063,600.3853759765625,450757,52.83210756583015
2024-12-19,597.7949644389905,618.7177881943552,585.3907067647118,605.7655639648438,236954,51.755598824008196
2024-12-20,608.7545777135153,619.5148755993089,588.8280776246933,594.6067504882812,290962,44.64840979876817
2024-12-23,593.0126398386427,602.7268083867705,578.9644211440707,588.7284545898438,178084,44.7880197122851
2024-12-24,584.942353527958,597.7949697008661,582.8002913730392,587.3833618164062,98342,42.81670527406047
2024-12-26,587.9313533945204,591.069801443339,555.9991495663679,561.0305786132812,196693,18.534007002235427
2024-12-27,563.9199518310284,582.8501268924939,553.0599849714256,575.6765747070312,141457,30.970328680140852
2024-12-30,575.8758185890134,576.7725353644431,559.2371798343929,563.7206420898438,83191,26.691315716645548
2024-12-31,564.9162956903594,570.894245909305,554.3552746278972,562.9734497070312,121554,26.24583004681925
2025-01-01,565.9125985324984,621.6071902124141,565.9125985324984,613.138427734375,362856,49.45310075332224
2025-01-02,611.743538790453,611.743538790453,597.0975493966548,602.9758911132812,118910,50.44040518860118
2025-01-03,611.7435199666676,621.7067694775253,600.783945504724,610.9464721679688,186517,54.41901565963756
2025-01-06,617.4226634822561,621.6072409753043,573.8832453773904,579.0641479492188,161045,46.0181526365816
2025-01-07,581.853825179236,600.4851156476598,581.853825179236,596.400146484375,108893,52.71133947339027
2025-01-08,598.7913524009754,598.7913524009754,574.87955130676,582.3021850585938,98371,45.675505649466
2025-01-09,582.4515571513762,599.3392776714207,577.4699322670474,579.2135009765625,100000,43.57985726686621
2025-01-10,578.8648394476905,597.7950149201623,566.6598578930706,590.8207397460938,289788,49.086544295312294
2025-01-13,587.8317381513453,597.0477442155825,548.9750639345615,555.7998657226562,287114,43.03476536477295
2025-01-14,605.5663752257364,637.6480551633119,582.8501754227149,612.6403198242188,1676519,54.32669546320662
2025-01-15,619.7141761775792,619.7141761775792,598.8411543837037,615.280517578125,308472,60.11518250962946
2025-01-16,619.7141582879723,634.6590334878431,609.6512999777339,618.6182250976562,355585,58.35919904454891
2025-01-17,619.5149134632279,619.5149134632279,604.8191187495344,611.6439819335938,115073,59.51347023520751
2025-01-20,613.7362000138498,621.2584416018492,602.9759021757774,608.5552978515625,229201,58.96530554377089
2025-01-21,612.8394931591895,662.5561357934448,578.9644426073442,595.1547241210938,1724829,45.86482774571536
2025-01-22,601.6807035645419,609.3025534767509,572.7872780007634,590.5716552734375,405801,47.072658159656946
2025-01-23,590.5218453438005,602.1289952189659,581.8538055982316,590.123291015625,309060,44.90493012119733
2025-01-24,586.1379464365176,591.3188482548375,567.905212308774,572.5879516601562,173846,48.29573234391815
2025-01-27,564.9163004073404,569.399763108986,533.581865585891,544.3920288085938,308060,37.053595711054705
2025-01-28,544.3920378011234,555.4014175659626,518.686802571727,535.6243286132812,336602,38.063703119166625
2025-01-29,535.97304692068,576.1249323340611,535.97304692068,570.8942260742188,264167,48.17327627683569
2025-01-30,562.0269046562765,579.8611463689404,547.9787465685862,565.81298828125,196021,44.34685115385899
2025-01-31,565.8628161156685,587.532885639374,565.8628161156685,577.1212768554688,107416,55.398599729985015
2025-02-01,580.708041062725,599.5884132473461,558.9881667610753,569.0510864257812,267330,35.343369765269316
2025-02-03,558.1910956180201,567.3572980161315,535.9730597082911,543.5949096679688,202448,29.10252546046621
2025-02-04,548.9750428356003,562.923592018356,547.5801635929853,558.8386840820312,90722,33.70449985192383
2025-02-05,560.8313226600028,575.5769193366464,557.8423478953786,572.0399780273438,103924,39.55868788768402
2025-02-06,571.2927745458336,579.2135095809,564.3184996041691,570.4458618164062,60642,39.87291204889666
2025-02-07,572.7872531199964,574.8297071589589,555.9991407851528,560.3331909179688,59735,40.582057118180394
2025-02-10,560.3332431992596,567.855485308969,539.8587143800919,550.1707153320312,99718,39.393152754021976
2025-02-11,552.8608011263402,554.9530594318127,509.1719106791715,521.4266967773438,292928,34.2974262302355
2025-02-12,513.5059409293757,563.0731107995745,513.5059409293757,548.1780395507812,317594,44.64598881571091
2025-02-13,549.9713808518187,569.897880158044,546.633716542366,564.5675659179688,215727,54.666963720468985
2025-02-14,563.1229085986438,563.1229085986438,520.6296225386063,538.2645874023438,327935,50.56491110400695
2025-02-17,538.9122126005707,542.29968108751,510.46708542483015,523.3197021484375,305335,38.85127007479677
2025-02-18,523.3196818877374,531.8880521645106,494.1771769944174,500.6034851074219,206387,35.88526398797464
2025-02-19,505.1367558039672,532.5356922627623,500.95217880081765,526.8068237304688,217729,39.769035306826424
2025-02-20,526.0596495413628,551.4659394339855,517.4912780587822,546.4843139648438,140207,45.61810762796331
2025-02-21,545.3882964390477,561.9272661174563,522.0742685204735,525.9100952148438,399341,46.49969714167947
2025-02-24,523.9673270860723,523.9673270860723,509.6700272517186,517.7901000976562,137624,41.63961460729162
2025-02-25,518.1388414198786,528.5006464907904,511.4136471853265,521.8252563476562,93661,39.37607260321203
2025-02-27,535.9730146352896,569.7982585735768,535.9730146352896,554.1559448242188,633689,46.950196236258726
2025-02-28,542.6982120309837,554.1559489476192,529.9950689277573,535.6741333007812,185738,45.52360187762882
2025-03-03,536.5210174297994,551.964055071697,514.2531777995331,519.2846069335938,270267,44.51715233175802
2025-03-04,502.4466741230196,550.6688273710228,502.4466741230196,546.2849731445312,205458,54.44028556296116
2025-03-05,540.8052046987697,566.9089321921058,540.8052046987697,561.9273071289062,167642,52.55744626840222
2025-03-06,566.8093221327993,590.8207305333375,559.0379384113346,585.3907470703125,256080,53.77392281249489
2025-03-07,587.8317626616168,600.7839879406016,568.9513913427722,590.6712646484375,324461,60.281464384022904
2025-03-10,588.6260216702514,593.614377786101,568.7723399719624,571.466064453125,112493,59.29034935708469
2025-03-11,563.684256193264,588.6260374407535,547.5219697662866,582.1411743164062,239506,66.50031477376493
2025-03-12,580.6446485795988,600.5980729294132,575.5066174523141,596.9066772460938,234721,64.8742678879844
2025-03-13,603.4913722644816,603.4913722644816,578.5495906515177,593.4148559570312,163020,60.692487015937985
2025-03-17,593.6143734676327,596.6073871153686,568.5229180302388,580.6945190429688,114500,62.94516920669973
2025-03-18,580.6945190429688,580.6945190429688,580.6945190429688,580.6945190429688,0,65.45701271144497
2025-03-19,595.609728605751,600.5980847917289,581.7920063278004,583.2885131835938,122032,65.21061653043259
2025-03-20,587.6283872427343,590.8708189210686,561.3397732232947,570.0693969726562,211376,54.34962347061001
2025-03-21,573.6609708382359,597.5053381572422,570.2189928346024,594.0134887695312,204939,65.48355409375482
2025-03-24,602.9925247912523,617.5585006099824,572.2143303494338,577.302490234375,317748,65.37200290697768
2025-03-25,578.6493126647764,582.4404511553556,554.2063675608333,559.5438842773438,227574,53.6938853660013
2025-03-26,561.5891701242263,564.8316016817726,545.7261729162532,549.7168579101562,91178,46.48429482042587
2025-03-27,543.6310932995107,562.6865899861597,539.9396974631958,552.909423828125,128154,39.41182416004724
2025-03-28,557.6982331491471,588.3267529443502,552.0114948006858,579.3975830078125,262132,46.771430688922734
2025-04-01,573.2618736923636,580.6446652712335,561.6889115939939,573.5112915039062,108564,50.63408604677655
2025-04-02,581.3430274331524,591.6190287385402,574.6087467518959,588.8255615234375,181111,52.01442805561534
2025-04-03,581.5425884282499,643.2485300820113,581.5425884282499,633.0223999023438,730185,59.24412860668179
2025-04-04,639.5072689907064,641.303065055758,598.6027478852166,609.726806640625,261926,53.790869346036565
2025-04-07,539.7401539894574,589.8232636362147,539.7401539894574,580.4451293945312,342951,49.946184782963726
2025-04-08,598.6027366236636,608.5794489007247,585.0843036668498,606.5841064453125,201769,55.02031560496476
2025-04-09,606.5840967103825,607.9808607639624,574.8082929751133,585.5831298828125,175366,50.41530744018391
2025-04-11,606.3347187669037,606.3845901521634,593.6642813668436,595.510009765625,186122,54.660085304294846
2025-04-15,615.4634360053166,638.2602003596643,603.9902163036579,630.6279907226562,461991,56.44311062363784
2025-04-16,638.3100221194227,640.5049109398763,621.4992867424601,626.737060546875,246901,59.11012059153425
2025-04-17,630.5282414301993,638.7590293919068,617.7580613773059,624.7417602539062,185886,62.75621043098284
2025-04-21,632.7231437919194,691.3862034185228,628.5329121986571,681.359619140625,1267237,71.77033956454778
2025-04-22,691.5857460818022,697.3223559634285,671.8817382275204,680.3120727539062,432760,71.2196793105166
2025-04-23,673.6276137147989,684.202904192135,649.4839582346907,666.6937866210938,615633,65.19096228336915
2025-04-24,668.3898802297971,673.328365200182,645.49331238021,649.583740234375,216385,62.740184749243326
2025-04-25,645.5930411064373,652.2774506557823,597.7048211369505,608.6293334960938,635703,53.05431544607324
2025-04-28,613.5179378581404,633.2718161234014,612.6200093898477,617.3589477539062,414298,47.28748915545289
2025-04-29,618.5561530753656,625.8890121457453,580.8940647227929,584.4856567382812,341483,45.76922046016612
2025-04-30,583.6376914492067,588.276887199986,555.1541889425549,563.1355590820312,381019,47.019416671676346
2025-05-02,568.5229501961761,583.0889873084207,559.2446195418482,574.4591064453125,198530,44.17089247134154
2025-05-05,581.6423194282953,611.5724559340396,581.6423194282953,607.1826782226562,438052,53.75932828884259
2025-05-06,556.7005793961039,576.354715972743,531.3098329063329,552.759765625,1755496,43.55735154736885
2025-05-07,543.8305445140091,566.6772392567432,542.5834555191659,564.0333862304688,448505,39.18676620003956
2025-05-08,566.6772915196104,571.1668123151004,533.7541390193514,537.0963134765625,228624,36.45816774945461
2025-05-09,518.8887912413678,560.491694422588,518.7890484738695,556.7504272460938,364704,40.24895081487354
2025-05-12,560.6912670133908,583.3384175571271,560.6912670133908,577.0531005859375,295842,33.30138141715639
2025-05-13,578.6492923938127,579.4972885513209,568.7723232181597,571.61572265625,148735,32.83980090911771
2025-05-14,576.4544612739527,587.1794276803475,568.5728945901834,577.0531005859375,155434,35.4729254546681
2025-05-15,569.969590395768,577.3523822289973,567.7248300145457,571.7155151367188,115556,36.8801483976684
2025-05-16,577.6516530400435,580.644666786365,548.7191868256026,556.2017211914062,258758,40.338298031247724
2025-05-19,560.6413400822366,564.6320248613354,541.4860409639592,544.0300903320312,417049,36.65576991171674
2025-05-20,545.6763212899056,550.9639669196746,532.3075017190729,534.9513549804688,345270,40.13119814309854
2025-05-21,533.7541380374306,552.2110568293791,530.8109955649749,550.6148071289062,281544,47.44763508721638
2025-05-22,550.6147609842602,567.0763358245326,543.2319697289915,561.8385620117188,205977,47.426245167091494
2025-05-23,563.4847151992815,586.0321222002858,563.4847151992815,578.848876953125,440067,43.82610129683246
2025-05-26,582.2408872142753,583.5379084870219,557.1993644836751,559.6935424804688,194996,51.785244526468546
2025-05-27,561.0903385675606,571.5159544752956,544.2296699888818,563.734130859375,142499,49.91996970503213
2025-05-28,563.7341460712043,566.1285815067242,542.7830491359845,545.2273559570312,245740,52.27717546074604
2025-05-29,545.5265964642973,563.0856460069018,545.5265964642973,558.0972900390625,165793,50.39210132692904
2025-05-30,558.0973132312893,562.0879981713971,548.7690506479753,550.8641967773438,115640,41.74787455540003
2025-06-02,540.9373521092615,560.0926518693271,539.7401344568162,553.0590209960938,120645,44.030803990916816
2025-06-03,550.5149570988793,561.2399225206498,544.728476305737,558.5961303710938,133596,44.0666918597647
2025-06-04,553.8073147836287,569.7201842119117,551.7122294089057,558.6460571289062,199681,45.65074152490734
2025-06-05,561.0903103249199,568.1737515266934,558.695875074536,560.7410888671875,112603,51.65875572244295
2025-06-06,562.48704544465,563.1355561222827,556.4012751024937,558.2968139648438,101106,55.6122620480221
2025-06-09,554.8049554609719,571.9150416845382,554.8049554609719,567.0264282226562,173835,62.652486736410665
2025-06-10,571.0670260537164,577.3523425101372,565.6795771522023,572.064697265625,165967,59.235384239391806
2025-06-11,574.5589169101121,576.5043271998235,556.3514159740287,557.6483764648438,170793,48.24416024454696
2025-06-12,563.2352683205626,565.679574958865,548.7191644221795,553.1588134765625,109557,37.972890956908756
2025-06-13,536.7970187058031,554.9047767504983,536.7970187058031,550.115966796875,89194,44.7195011559157
2025-06-16,550.714513264857,556.3014477378726,540.2389654581885,552.5601806640625,110680,43.728967992984764
2025-06-17,555.0044890503189,561.6888984215053,545.7261588571287,548.2203369140625,118595,51.99732153549005
2025-06-18,552.7098743285965,552.7098743285965,541.5359441130244,544.8282470703125,77354,39.86276023889193
2025-06-19,543.730842400355,550.9639591111853,536.3480506417469,539.341064453125,99232,40.955312888349766
2025-06-20,539.3410748035728,544.3793635304995,533.8538827107421,539.7900390625,92009,39.2914809250548
2025-06-23,539.740171236664,549.2679199366363,534.6021397040963,547.3224487304688,92497,41.18562732518521
2025-06-24,548.7690507735414,557.6982205076797,547.2226725374998,554.1066284179688,147480,46.78896468353337
2025-06-25,556.6007901645106,558.6958753398278,544.129900089961,550.465087890625,237054,42.88674184874915
2025-06-26,552.6101095881821,582.4903137220572,544.0301006151326,574.7583618164062,517203,58.74866680679792
2025-06-27,579.5472684240173,580.2455896026048,568.1737915235796,573.3616943359375,201477,53.651560682741966
2025-06-30,567.6749558750065,586.5309673430021,563.6842707721945,579.8465576171875,111688,54.41178709592587
2025-07-01,583.438126967957,583.438126967957,571.2665257031903,573.5612182617188,89814,59.93770163872439
2025-07-02,577.5519382018288,578.5496094988483,563.9835720265487,569.4707641601562,108101,60.23798414511655
2025-07-03,566.6274159423227,580.2955246638675,563.9336913063504,574.9579467773438,73087,65.12758490731538
2025-07-04,573.6609630049954,595.6097302851866,564.6819218449173,578.9486083984375,210183,65.7722395625851
2025-07-07,581.4427797121364,582.6399973647775,570.2688497758519,573.0623779296875,52859,64.57848293687238
2025-07-08,573.6609683759791,576.6539821240277,567.6749408798819,569.1714477539062,49471,64.20258570037754
2025-07-09,569.2213351467664,576.0554199328274,565.679614290571,572.81298828125,48253,69.95839483851432
2025-07-10,575.6563185512296,586.6307024404211,570.5182871913541,580.9938354492188,215592,72.49456364912263
2025-07-11,583.5379128573696,588.6260116517283,574.658614765077,580.744384765625,145983,69.82246892789941
2025-07-14,580.7443936962121,582.2409005285092,568.7723390378354,572.0147705078125,74877,60.381700619278085
2025-07-15,571.665642781305,577.2525775856585,568.6726289447536,572.2642211914062,60721,63.15475046058219
2025-07-16,576.6539552453767,586.5807958923046,572.2641775956442,578.5994262695312,180993,52.95928885277477
2025-07-17,579.6470191307317,616.6605996095813,578.5994764554856,610.5748291015625,689691,69.48797479764085
2025-07-18,617.6582386014533,621.449438017279,606.0852766069886,609.7766723632812,226613,66.66664400830112
2025-07-21,606.0354332232702,616.111888827459,601.5957838339508,609.5272827148438,253959,71.47111935719418
2025-07-22,613.5678430710028,620.5016707119545,601.9948804694744,604.0899658203125,177257,70.33997680558215
2025-07-23,606.5840931880255,614.5654628352363,599.2013019071481,604.5388793945312,192961,68.47350951474132
2025-07-24,604.5388892698749,611.5724592077715,587.6782212575101,595.2605590820312,116935,59.555831111130175
2025-07-25,591.2199580901978,593.5645220623103,569.8698298869375,572.4138793945312,196071,49.6830755482271
2025-07-28,569.8698402012662,582.3407310455997,569.8698402012662,572.8628540039062,93933,51.86681186314491
2025-07-29,569.869813298017,578.6493078593481,569.8199419155984,575.8059692382812,69120,51.524373753054995
2025-07-30,576.3048461980623,583.6377058372699,572.6633216249452,574.359375,61138,46.37209740090261
2025-07-31,567.6749640963508,590.5216609980354,567.6749640963508,581.3929443359375,92155,50.33015420867387
2025-08-01,578.4497915236234,586.5309653653835,559.7933265522772,567.9742431640625,84117,48.036859592165
2025-08-04,568.6227387518313,577.3523621530345,562.3374220815691,567.0264282226562,86349,47.4723065938701
2025-08-05,566.9267044241903,573.5113105099197,523.7774215973602,530.1126098632812,330798,31.933085772402833
2025-08-06,530.1126218136792,544.1798237037978,528.7657899135618,542.4338989257812,115982,20.252618834075932
2025-08-07,548.7192116666802,553.7075681363773,505.32051038031545,519.238037109375,583979,16.939897043281675
2025-08-08,509.8100127320899,535.5997903888237,506.8169989587116,517.24267578125,280784,16.72661925915233
2025-08-11,516.6939738190699,523.0291620107757,506.21839506333043,509.3610534667969,329599,16.436902834432715
2025-08-12,508.81234693890326,513.3018676471877,503.674345995391,510.7079162597656,112751,16.96525211849155
2025-08-13,508.81232398679765,520.2855430570881,508.81232398679765,517.9410400390625,103494,22.380636142123834
2025-08-14,522.7797342415282,522.7797342415282,510.6081328305832,513.5014038085938,65301,25.76941402580553
2025-08-18,522.7797485782013,531.7587900614147,514.2995427329442,514.9979248046875,77202,26.403599770223195
2025-08-19,519.1381918614221,521.6823021716042,509.8099903674828,514.1997680664062,164210,24.430668727704386
2025-08-20,514.1997824089156,533.2552787711247,514.1997824089156,522.18115234375,79471,29.457994866469093
2025-08-21,524.6254263395467,535.0511035552934,519.3876520385902,528.4166259765625,95961,29.01190325923841
2025-08-22,528.41661465168,548.7690721062513,520.7844050480769,541.486083984375,226145,39.476831337647205
2025-08-25,552.7098809327318,552.7098809327318,525.7727567717503,531.2599487304688,125456,36.7663604250497
2025-08-26,519.0883630372019,535.5000680320665,515.4967707294547,518.6893310546875,318052,44.84469548393352
2025-08-28,516.793704739403,526.7704171861095,508.6626901846391,511.35638427734375,210494,35.31352269049697
2025-08-29,518.439886841429,523.7774036451765,511.4062558494918,517.8412475585938,67773,49.21609853077991
2025-09-01,513.8007004870884,522.779741854824,510.50839749752305,515.5964965820312,99186,49.07871581093231
2025-09-02,515.7960280467785,522.5801802602792,513.3018499614459,517.89111328125,42261,55.09229654260989
2025-09-03,515.7960091905659,522.2808719753602,511.75545301864366,515.895751953125,71728,53.0732514763792
2025-09-04,517.7913789611713,522.7797352132058,509.41094654705563,512.9526977539062,54097,46.88668270135482
2025-09-05,514.7983576295427,517.5918249109441,511.80534392239423,514.0999755859375,132731,50.38959057831973
2025-09-08,515.0,520.5,509.29998779296875,517.2999877929688,109922,51.46583197244701
2025-09-09,519.9000244140625,523.5,517.3499755859375,520.0,66865,53.60594490851098
2025-09-10,522.5999755859375,530.0,519.9500122070312,524.0499877929688,184492,51.22154781785816
2025-09-11,524.0499877929688,526.6500244140625,515.5,519.4500122070312,118547,44.011003749721766
2025-09-12,521.75,523.4500122070312,516.0,516.75,65638,30.82165591833413
2025-09-15,513.0999755859375,525.0,509.3500061035156,515.1500244140625,231635,35.58098347258233
2025-09-16,515.2000122070312,521.75,509.54998779296875,511.5,107352,42.34246767700933
2025-09-17,514.0999755859375,519.1500244140625,511.54998779296875,515.1500244140625,90996,54.38470253438698
2025-09-18,519.75,522.2999877929688,514.8499755859375,516.0499877929688,42579,47.622750571874775
2025-09-19,519.5,527.0,514.5499877929688,522.9000244140625,96084,58.6370270281975
2025-09-22,522.9500122070312,527.0,512.0499877929688,515.4500122070312,68941,47.42693843309268
2025-09-23,515.9500122070312,519.9000244140625,512.5,515.25,40880,49.2925651134303
2025-09-24,519.0,519.7999877929688,507.0,512.0499877929688,71766,49.016598801567056
2025-09-25,510.0,518.9000244140625,508.3500061035156,509.8999938964844,72529,45.522412824915854
2025-09-26,514.0,514.0,495.1499938964844,501.79998779296875,134171,35.03862414162029
2025-09-29,501.79998779296875,509.8999938964844,479.1000061035156,482.5,166599,22.5877290825277
2025-09-30,482.5,485.95001220703125,467.8999938964844,469.75,132669,14.786016860261228
2025-10-01,469.5,483.0,467.0,477.25,65594,23.625012493124018
2025-10-03,475.0,489.95001220703125,472.20001220703125,475.6499938964844,70768,23.954386889131527
2025-10-06,475.6499938964844,479.3999938964844,467.25,470.0,93870,22.784819440581458
2025-10-07,470.0,479.75,466.5,469.54998779296875,62865,23.69907203673587
2025-10-08,468.5,472.0,462.0,466.54998779296875,80885,19.279384247381316
2025-10-09,469.0,471.8500061035156,440.95001220703125,467.45001220703125,97017,19.279446532960478
2025-10-10,464.79998779296875,485.70001220703125,464.79998779296875,481.1499938964844,92637,25.712617938219964
2025-10-13,481.1499938964844,484.95001220703125,474.3500061035156,481.04998779296875,69857,28.11704301112843
2025-10-14,471.1000061035156,487.95001220703125,468.0,476.0,62479,26.482927346598444
2025-10-15,475.0,491.54998779296875,472.0,486.8999938964844,66670,36.20406166727434
2025-10-16,487.0,508.5,483.0,496.20001220703125,113784,43.03154672557003
2025-10-17,488.75,510.1000061035156,488.75,503.5,52588,50.871801131810905
2025-10-20,503.1499938964844,517.7000122070312,495.70001220703125,499.1499938964844,67613,60.084791158887676
2025-10-21,500.0,504.6499938964844,484.25,490.1499938964844,25359,62.944155555960045
2025-10-23,498.6499938964844,499.54998779296875,481.25,484.0,51168,54.35764941001985
2025-10-24,481.5,502.0,481.25,497.79998779296875,121618,62.3535947598949
2025-10-27,498.25,499.79998779296875,489.70001220703125,492.3500061035156,67952,62.49301882537494
2025-10-28,490.0,493.04998779296875,473.70001220703125,477.95001220703125,69721,54.06190879549969
2025-10-29,481.75,486.20001220703125,474.8999938964844,478.04998779296875,54526,55.72139650951572
2025-10-30,484.79998779296875,484.79998779296875,475.5,478.6499938964844,56267,55.58881764392537
2025-10-31,475.0,490.95001220703125,475.0,485.45001220703125,47345,52.304405294556915
2025-11-03,480.6000061035156,487.54998779296875,471.1000061035156,473.25,68572,46.29981475186652
2025-11-04,477.04998779296875,480.0,470.0,476.0,44779,50.0
2025-11-06,471.70001220703125,478.45001220703125,459.0,460.70001220703125,55217,37.813958545477874
2025-11-07,456.0,468.0,448.3999938964844,458.5,51776,31.225086674208924
2025-11-10,460.79998779296875,498.3999938964844,460.79998779296875,480.70001220703125,213405,40.11275359633683
2025-11-11,484.54998779296875,494.0,481.0,483.3999938964844,78763,43.070829267454364
2025-11-12,482.20001220703125,500.20001220703125,480.45001220703125,496.6000061035156,124598,52.736535232596566
2025-11-13,495.0,495.8999938964844,483.0,485.3500061035156,59924,50.54900622389903
2025-11-14,483.0,495.79998779296875,473.54998779296875,490.29998779296875,95342,46.71340858686198
2025-11-17,492.25,497.0,477.54998779296875,480.45001220703125,57456,44.97890423581518
2025-11-18,476.1000061035156,480.8500061035156,460.1499938964844,469.29998779296875,105348,46.24727791146963
2025-11-19,463.45001220703125,473.79998779296875,456.75,465.8500061035156,61816,44.85666902967744
2025-11-20,465.8500061035156,471.8500061035156,465.04998779296875,470.5,37469,46.677540031774114
2025-11-21,465.79998779296875,470.04998779296875,463.75,465.8999938964844,80113,41.884590584267926
2025-11-24,469.0,469.0,459.0,465.3500061035156,47974,46.369486673377914
2025-11-25,471.0,471.8999938964844,460.0,463.6000061035156,65768,44.24860908580567
2025-11-26,458.20001220703125,472.8999938964844,458.20001220703125,468.54998779296875,76306,54.0276960078165
2025-11-27,468.79998779296875,471.0,460.1000061035156,464.3999938964844,36515,52.967805775440205
2025-11-28,462.0,470.25,460.0,468.6000061035156,49488,42.56755768820532
2025-12-01,462.0,466.70001220703125,460.1000061035156,462.3999938964844,47423,37.63250349927857
2025-12-02,467.0,467.0,453.75,457.6499938964844,34043,24.525809624479862
2025-12-03,462.20001220703125,462.20001220703125,450.0,454.5,49890,27.43231097504075
2025-12-04,450.0,455.95001220703125,445.04998779296875,449.6000061035156,62435,20.204972804486758
2025-12-05,450.0,456.0,435.6499938964844,441.20001220703125,79905,20.643220393145057
2025-12-08,448.0,448.0,427.0,437.54998779296875,115440,23.251884531926493
2025-12-09,433.1499938964844,440.0,429.3500061035156,435.75,52835,23.916797525589544
2025-12-10,437.95001220703125,445.3999938964844,431.6000061035156,436.29998779296875,54339,18.096989006834576
2025-12-11,440.0,446.0,431.20001220703125,443.29998779296875,50072,29.82141212540334
2025-12-12,441.1000061035156,448.0,435.54998779296875,445.25,68769,32.49128202020009
2025-12-15,441.79998779296875,448.54998779296875,440.0,442.79998779296875,52829,32.09981400562343
2025-12-16,438.0,447.79998779296875,426.5,433.0,57757,21.763319381058068
2025-12-17,434.70001220703125,434.70001220703125,429.0,430.8500061035156,43235,22.47745605119141
2025-12-18,430.8500061035156,431.79998779296875,417.8999938964844,424.20001220703125,101675,14.984228571868655
2025-12-19,424.20001220703125,435.8999938964844,422.0,434.79998779296875,53891,29.646000371792553
2025-12-22,439.79998779296875,443.04998779296875,429.0,436.8500061035156,30831,34.02458095739914
2025-12-23,435.1499938964844,443.0,434.70001220703125,439.25,40821,38.150733655186805
2025-12-24,435.0,442.1499938964844,422.3999938964844,424.0,109107,32.864784217791794
2025-12-26,428.6499938964844,440.0,421.0,425.79998779296875,127693,38.69307640600492
2025-12-29,423.0,435.04998779296875,422.8999938964844,429.95001220703125,46630,44.46065722252572
2025-12-30,427.79998779296875,436.0,426.0,435.29998779296875,46503,49.688141070378684
2025-12-31,433.0,444.25,432.29998779296875,439.95001220703125,64958,52.393458632172134
2026-01-01,444.20001220703125,444.8999938964844,431.95001220703125,435.29998779296875,32968,44.58728189643354
2026-01-02,439.8500061035156,439.8500061035156,430.04998779296875,433.3500061035156,35071,41.94858262562692
2026-01-05,430.0,433.3500061035156,412.25,416.79998779296875,90362,35.22727272727272
2026-01-06,416.8500061035156,419.75,403.0,410.3500061035156,92604,36.62138480235315
2026-01-07,411.0,412.45001220703125,404.79998779296875,409.54998779296875,53132,37.214877774012436
2026-01-08,411.0,418.95001220703125,407.3500061035156,415.3500061035156,55658,44.633110056064226
2026-01-09,414.25,416.0,403.04998779296875,410.04998779296875,79628,33.959836300965094
2026-01-12,410.04998779296875,418.45001220703125,398.04998779296875,408.3500061035156,109109,31.445324296745113
2026-01-13,410.0,414.8999938964844,397.6499938964844,402.04998779296875,102341,26.951686217563292
2026-01-14,408.0,410.0,399.29998779296875,404.95001220703125,49983,36.06440338331631
2026-01-16,400.0,407.0,391.0,398.8500061035156,160649,31.452210137028544
2026-01-19,401.0,401.0,390.45001220703125,394.6499938964844,100275,25.72216786155198
2026-01-20,390.20001220703125,392.6000061035156,365.04998779296875,369.25,180793,14.393584440300131
2026-01-21,369.0,383.1000061035156,360.0,372.95001220703125,105973,13.507668945176789
2026-01-22,373.75,379.95001220703125,356.3500061035156,369.8999938964844,62097,13.747273467297006
2026-01-23,370.79998779296875,374.95001220703125,352.70001220703125,355.8500061035156,72251,12.121252800424799
2026-01-27,353.0,360.70001220703125,351.1000061035156,355.6499938964844,71014,14.427038932145251
2026-01-28,364.8999938964844,374.8999938964844,355.0,370.95001220703125,57620,29.219443273926075
2026-01-29,370.0,374.3999938964844,361.0,370.20001220703125,62408,29.234868132023863
2026-01-30,364.6499938964844,390.20001220703125,364.6499938964844,386.79998779296875,96924,36.47560547205352
2026-02-02,389.20001220703125,391.75,368.0,383.70001220703125,51828,37.25207244843904
2026-02-03,429.70001220703125,457.8500061035156,405.0,409.45001220703125,221752,50.43171335526734
2026-02-04,407.3999938964844,420.45001220703125,395.0,407.45001220703125,111654,52.1933480128377
2026-02-05,403.0,408.5,384.0,386.79998779296875,68001,43.55696851436091
2026-02-06,388.54998779296875,392.0,383.6499938964844,389.3999938964844,34037,46.55987998274041
2026-02-09,394.3999938964844,422.0,389.45001220703125,411.8999938964844,111473,55.54127764031418
2026-02-10,411.8999938964844,416.8500061035156,403.0,404.8999938964844,74740,62.98724443340599
2026-02-11,408.0,410.0,401.70001220703125,408.0,30196,62.82472796593287
2026-02-12,407.0,408.0,400.20001220703125,406.6499938964844,24116,63.61615289949756
2026-02-13,407.5,415.75,383.25,394.75,132217,64.64608001992835
2026-02-16,394.75,409.0,386.1000061035156,395.3500061035156,164344,64.90240561889964
2026-02-17,393.3999938964844,419.0,393.3999938964844,409.29998779296875,126886,64.54303476944584
2026-02-18,412.54998779296875,412.54998779296875,395.0,399.45001220703125,90457,60.37602345967911
2026-02-19,403.5,411.0,389.0,398.70001220703125,376460,54.75620572998744
2026-02-20,398.70001220703125,405.6499938964844,393.04998779296875,399.6000061035156,58620,56.4686715565977
2026-02-23,405.0,405.0,383.29998779296875,397.1000061035156,97936,43.803308148546044
2026-02-24,408.0,408.0,388.25,394.6499938964844,81547,43.60638485011175
2026-02-25,397.79998779296875,398.25,386.0,387.20001220703125,60398,50.23016374144964
2026-02-26,385.0,401.0,385.0,399.6000061035156,147053,55.27405240820737
2026-02-27,405.6000061035156,405.6000061035156,391.5,399.8999938964844,123267,41.946302126728746
2026-03-02,395.0,405.0,387.54998779296875,400.04998779296875,114706,46.41536517600292
2026-03-04,387.0,397.95001220703125,383.29998779296875,388.1000061035156,68399,36.99345247569661
