Date,Open,High,Low,Close,Volume,RSI
2021-12-23,59.389098803200284,60.395694469515384,57.04037811009786,57.5871696472168,905608,
2021-12-24,57.78600444633313,58.61862151124925,55.84737644190179,56.92853546142578,202784,0.0
2021-12-27,56.92853428196013,56.92853428196013,53.93360303249533,54.65437316894531,369596,0.0
2021-12-28,55.27572676534039,55.660967536589176,53.31224692696783,54.281558990478516,307836,0.0
2021-12-29,54.182146814331816,54.182146814331816,52.09439588525471,52.802738189697266,492832,0.0
2021-12-30,53.68505945267017,54.18214333649119,52.31807877216236,53.26253890991211,170692,8.767741484960112
2021-12-31,53.43652009906198,54.44311577104579,52.16895461694174,52.554195404052734,636948,7.724399397090039
2022-01-03,56.17047976777481,56.17047976777481,52.690892525523275,53.06370544433594,570892,14.99996753241004
2022-01-04,53.87146546621948,54.306413860987114,52.193807372115764,53.921173095703125,256368,24.957511998528233
2022-01-05,53.92117481577821,54.43068656724914,52.44235098488387,53.29981994628906,201132,23.004658299310023
2022-01-06,52.504484392924255,53.85903719628741,52.504484392924255,53.57321548461914,76240,25.567284159882604
2022-01-07,53.287394888214514,62.856260380751735,53.287394888214514,59.77434158325195,3537916,57.58621912409848
2022-01-10,62.60771427208679,65.85119119717147,61.265589289419914,64.69546508789062,1366380,68.38046297850784
2022-01-11,66.22400646625522,66.9820563895805,60.644236582774184,62.0733528137207,1646732,60.215064037307094
2022-01-12,62.88111360754961,65.13041523030299,62.07335226674117,64.07411193847656,993808,63.53735078180091
2022-01-13,65.11799199844684,65.86361786102448,64.17353560647457,64.65818786621094,541492,66.18106794240278
2022-01-14,63.63917012505212,65.86362385134984,63.63917012505212,65.05586242675781,452728,73.6307502872067
2022-01-17,65.3665331209172,66.28614137368795,63.65159517578917,64.52149200439453,306040,73.09418992500493
2022-01-18,65.15527016441001,65.16770181275152,62.01121603855321,62.37160110473633,378088,70.94667808576078
2022-01-19,61.38986280421137,64.37236626028641,60.0353099097338,62.86868667602539,237660,70.99402641742114
2022-01-20,62.1354907475053,63.50247154395042,61.56384347413837,63.15451431274414,254792,73.60265930718442
2022-01-21,62.90596685731774,65.37895462220806,61.899371236606,64.11139678955078,706808,74.11828468124669
2022-01-24,63.37819955650569,63.37819955650569,57.66173449846792,59.98560333251953,436728,61.585956172946936
2022-01-25,58.668329340591136,60.395695172423686,57.12736997534014,60.29627990722656,290728,63.52715609332711
2022-01-27,60.39569590839364,63.47761467645128,60.39569590839364,61.66326141357422,220684,65.00692265659617
2022-01-28,63.129655341366096,63.353341579532994,58.28308731319036,60.48268508911133,417068,51.614728247239654
2022-01-31,61.56384077428717,61.56384077428717,58.8423071573878,59.376670837402344,201084,35.322379410633985
2022-02-01,61.14132058192867,61.663260201437026,59.73706006115269,60.507537841796875,148016,45.291483215651674
2022-02-02,61.88695091538398,61.88695091538398,59.01629038551783,59.51337432861328,207500,35.401790511169935
2022-02-03,60.63180798373953,61.11646402806727,59.35181845738048,60.48268508911133,270760,36.95653883653761
2022-02-04,61.61354896251548,67.35486962461958,59.84890336221087,64.09896850585938,883520,47.51129345196071
2022-02-07,66.36069479656906,67.2803029644132,63.378191659644614,63.90013122558594,1000808,48.35524774581921
2022-02-08,64.60848333631664,64.69546695143627,60.9300579026121,61.94908142089844,317648,48.86968490863369
2022-02-09,64.37236366132217,64.37236366132217,61.2283095786272,63.0178108215332,170624,50.38709426991161
2022-02-10,63.40305510881759,64.96886641287686,61.389863728670925,61.77510452270508,151180,46.58880627652702
2022-02-11,60.159580219971,61.464425467534625,60.134724507799625,60.27142333984375,146916,40.75403464915472
2022-02-14,57.16464993799341,59.302112278741575,56.307180947413364,57.388336181640625,179856,43.34817426455129
2022-02-15,58.146389633044556,67.03176831969068,55.4248559833818,61.30287170410156,1003640,52.17624309738562
2022-02-16,61.38986366993159,63.60188558073483,59.811620718522455,62.4461669921875,328288,51.70916667777052
2022-02-17,63.875282022009095,63.875282022009095,60.45783016285491,61.40229034423828,97936,52.019651194646194
2022-02-18,60.64423615469966,63.4651888206787,60.64423615469966,62.172767639160156,676076,56.23268957161802
2022-02-21,62.272186855359735,63.291206583470995,57.99726603785213,59.60036087036133,230940,48.099949233119695
2022-02-22,59.3642478207363,59.3642478207363,55.909512350281524,56.94096374511719,438888,44.96349865592121
2022-02-23,57.7984357234286,58.80503145765705,55.42485915795025,57.0279541015625,2707736,42.99395366389031
2022-02-24,56.17047798284886,56.79183282779188,49.758095224547105,51.22449493408203,408516,26.018516307857425
2022-02-25,52.45478328007882,55.42485904910841,52.45478328007882,54.554962158203125,200164,34.41129075159088
2022-02-28,54.67922715252542,60.644233750982735,53.32467432928222,57.73629379272461,239636,43.24969862679441
2022-03-02,57.53746374341673,58.00969195046503,56.38174514632784,57.30134963989258,158448,40.65041127219483
2022-03-03,58.73046507669378,58.73046507669378,56.60543059022829,56.7172737121582,110840,41.5454892569534
2022-03-04,55.872235299519936,56.046213919049265,54.927775060354264,55.00233840942383,97176,41.254131347306455
2022-03-07,54.182146764351224,54.219426541016695,53.00157246558669,53.58564758300781,125780,43.36513924626908
2022-03-08,54.31884432080648,55.760388399641485,51.44818401921548,53.324676513671875,418616,34.045727572175934
2022-03-09,53.51108244551248,55.921938595355755,52.74060088566346,55.54912567138672,269408,36.77941200557833
2022-03-10,56.66756658044649,57.413192456505,55.7976697250449,55.94679641723633,155396,39.276993633790205
2022-03-11,56.17048097709216,57.1522209259453,54.82835595745106,55.561553955078125,131256,36.80556168844715
2022-03-14,56.39417072043801,56.39417072043801,54.35612735223409,54.98991012573242,195092,40.00000661921353
2022-03-15,55.17631449625988,55.6733984106406,53.43652079592736,54.59223937988281,131460,44.351459675353695
2022-03-16,54.18214625544502,55.921939942546466,54.18214625544502,54.46796798706055,96388,43.85440802917422
2022-03-17,54.803501156060854,55.859804466325066,53.871468823474785,54.35612487792969,224868,60.34483019335835
2022-03-21,55.66096886944492,55.66096886944492,53.187977228747656,53.87146759033203,222688,47.219396037188524
2022-03-22,53.20040510132086,54.244280531758335,52.60390214646432,53.42409133911133,160820,27.43824356409401
2022-03-23,53.56079062012829,54.281560763465876,52.877300252586046,53.212833404541016,97572,28.095879626866832
2022-03-24,52.802738170609366,59.87375611079154,52.802738170609366,58.4073600769043,1735488,56.060608547771785
2022-03-25,58.40736337760211,63.626744785813365,56.03378678823518,62.21005630493164,1994680,72.48060761151545
2022-03-28,61.091613812645306,61.63840535976628,59.16541364515261,60.53239440917969,463400,71.3195830135285
2022-03-29,60.89277928177559,62.13548906303632,56.25747331465279,57.388336181640625,1259136,60.596229910448734
2022-03-30,58.25823127984661,59.799194396315855,56.30717925729953,58.00968933105469,231760,57.00140414069542
2022-03-31,59.27725482532838,59.451233431105756,57.164648259226524,57.56231689453125,162592,54.58391286323672
2022-04-01,58.35764989787926,58.96657690937029,57.41318974105179,58.66832733154297,121316,58.46883026401988
2022-04-04,59.40152316623264,60.88034693845031,57.67415745608095,58.1588134765625,539284,58.667550906571975
2022-04-05,58.80503000026782,60.147155084343666,57.91027741591766,58.556488037109375,249516,60.84296870826433
2022-04-06,58.65590113977335,59.836475421188275,57.41319136986289,58.94172286987305,582444,62.064337758004676
2022-04-07,59.17784062040633,61.886946395435665,58.15881709450581,61.1786003112793,456032,66.50630480002081
2022-04-08,61.38986085349323,61.874516891215194,59.152983332515745,59.45123291015625,168612,62.73396795017784
2022-04-11,59.62521155507622,60.44540073848386,57.66173169119201,58.332794189453125,161792,60.86956007570588
2022-04-12,59.650069776308065,62.38403130772218,57.43804787241636,59.52579879760742,8133912,63.39661644579478
2022-04-13,59.898612516120295,67.80224383076091,59.898612516120295,64.93158721923828,3426200,63.72189629495554
2022-04-18,65.60265253778951,68.34903812674095,65.30439915564067,66.919921875,1512396,60.72437707369215
2022-04-19,68.05078658601832,69.5668940806528,63.40305641857342,65.62750244140625,1188956,61.80874746921057
2022-04-20,67.35487387031162,68.10049978031508,61.0170536352823,65.56536865234375,2110036,72.11021813154237
2022-04-21,66.60924878781073,69.34321049178804,63.005390178022466,65.9257583618164,2362776,71.71098666006003
2022-04-22,65.57779575343592,65.81390605762148,63.378197954505744,63.639163970947266,924388,65.13929498231668
2022-04-25,63.3781976949147,64.62090745363851,60.28385115418223,60.94248580932617,907140,55.24956425121743
2022-04-26,61.6011265276825,62.29704098426152,59.40152865667928,59.662498474121094,783044,53.3518125103314
2022-04-27,59.57550564786321,60.768507786204935,58.046974146907694,58.382503509521484,620228,49.62685474276302
2022-04-28,59.003855804611455,59.898608317200726,57.91027277140153,59.31453323364258,337352,50.78124425438138
2022-04-29,59.65006885969421,62.384030349096854,59.57550551512974,60.73122787475586,1102868,49.02913360795793
2022-05-02,60.07258992660041,61.240736359752766,58.85473586080418,59.401527404785156,339060,49.89023697021017
2022-05-04,59.00385960749408,60.76850903510466,57.910276503801164,59.42638397216797,394476,52.537495322046766
2022-05-05,61.29044691423159,61.38986217810713,58.929298368919774,59.48851776123047,741792,49.90870428464907
2022-05-06,58.1588143267244,59.351816404736766,57.239209901415585,58.29551315307617,503180,29.524549138177193
2022-05-09,58.295516636338185,58.295516636338185,55.51184748294613,57.05280685424805,317332,18.08684812029111
2022-05-10,57.959980490040444,58.41978460268809,55.42485342376607,55.735530853271484,589456,18.057813522012964
2022-05-11,56.66756229434482,56.66756229434482,51.734003270598784,53.36195373535156,340828,15.712314813068176
2022-05-12,53.31224652479322,55.59883163123626,51.14993238927043,53.93360137939453,666580,16.701183544770387
2022-05-13,54.75379505614534,56.667567407469114,54.30641876549124,56.083492279052734,709068,28.8595513772905
2022-05-16,57.16465001822932,57.16465001822932,54.927772408820346,56.493587493896484,159680,35.725699889306284
2022-05-17,57.164648306156344,57.164648306156344,55.82252329768713,56.22018814086914,54776,38.192671294266965
2022-05-18,56.170480538173436,56.978241873346285,55.20116845294569,55.88465881347656,239716,40.8386683900026
2022-05-19,54.18214462398193,55.462134138256886,53.374383293578525,53.52350997924805,181208,30.7756151724124
2022-05-20,54.66680058039022,56.04620914715823,54.13243691037924,55.42485427856445,409548,32.9336561177728
2022-05-23,56.257473352200215,58.90444367107249,54.44311631185876,57.05280685424805,864264,42.58824424463177
2022-05-24,56.26989407820725,58.29551317832674,56.0089280734079,56.617855072021484,590304,41.36084885900484
2022-05-25,56.61785728813126,56.816691607743635,54.0330187180688,54.66680145263672,926192,36.712333087340184
2022-05-26,55.052039252387154,55.31300904570769,50.9883770501862,53.12583923339844,309524,36.021512363729755
2022-05-27,53.933603910846905,55.176313678377944,53.36195665929279,54.12001037597656,141280,41.96185804592066
2022-05-30,53.685064022088646,54.94020169405791,53.685064022088646,54.40583419799805,98328,46.13719618147904
2022-05-31,54.08272978140402,55.46213456852718,52.6908933458546,53.42409133911133,297952,50.196392947939046
2022-06-01,53.93360350484288,54.43068740811332,53.46137531371564,53.66020584106445,87016,49.117177886149214
2022-06-02,53.759624452133444,54.48039458892893,53.399239383735704,54.09515380859375,112492,42.779780042958585
2022-06-03,54.6543743376689,57.13979388540189,54.008167530727874,56.36931610107422,548880,49.60254278914747
2022-06-06,56.158051822177065,56.158051822177065,54.281559375331256,55.85980224609375,268300,48.86452713690361
2022-06-07,55.10175188856501,56.667566998324375,54.77864658140049,56.071067810058594,119416,50.59195667690208
2022-06-08,56.667564042057506,56.667564042057506,53.49865421075824,54.53010177612305,93392,53.37217302936338
2022-06-09,55.1763170433063,55.1763170433063,53.43652326266151,54.778648376464844,475752,47.565561371352956
2022-06-10,54.43068859101025,55.62369074327568,54.43068859101025,55.2633056640625,617256,42.622974021493235
2022-06-13,53.44895008762099,54.654376336895766,52.25594790257995,52.72817611694336,154392,36.33191619871198
2022-06-14,52.13167233990881,53.709915188752184,51.696723941363686,52.032257080078125,174540,39.846770219427256
2022-06-15,52.81516480615756,53.6602059260764,51.98254774988081,52.31808090209961,104084,46.55357455007456
2022-06-16,53.10098751655937,53.33710540931526,50.44158933913128,50.777122497558594,134392,36.372881798724
2022-06-17,48.47811010030707,50.45401792560314,45.75657639433707,47.21054458618164,666524,26.85855243786095
2022-06-20,46.502203455969784,50.59071804700628,41.3698095715202,47.91889190673828,1380488,31.97726506959674
2022-06-21,46.986858509587336,49.70839222544032,44.73755300289629,45.421043395996094,395020,26.506072848951405
2022-06-22,44.97366421143824,44.99851992293014,43.12202747876496,43.65639114379883,153668,22.33206428642349
2022-06-23,43.308435287918854,44.613280540496035,41.55621376168251,42.23970413208008,156868,10.766102611241124
2022-06-24,41.6680558864401,47.94374004651376,41.257963190979304,46.576759338378906,628528,28.74219526095233
2022-06-27,48.415972290535635,53.37438340095912,46.986856087716006,50.839256286621094,2480296,39.89438489828424
2022-06-28,49.932076697282106,52.19380998006459,48.90062911227481,51.53517532348633,1172384,44.0198633567775
2022-06-29,50.951097693670256,52.044680712554786,49.49712582787127,50.67770004272461,287216,42.00580766299195
2022-06-30,50.82682962931559,52.44235233146988,49.18645121476384,51.88313293457031,327464,43.590953159216305
2022-07-01,50.86410396017412,51.94526286208216,49.335572622599564,50.71498107910156,383236,45.97414866205191
2022-07-04,50.25518591672057,51.112654960552504,49.54684357288094,49.969364166259766,135324,45.88294946102058
2022-07-05,49.94450126817245,52.1938065468976,49.23615902621965,51.65944290161133,557548,48.75528106923935
2022-07-06,52.06953643531298,53.41166139447031,50.32974285513546,50.901390075683594,205600,50.24200685012514
2022-07-07,51.187215940239895,52.86487417144371,50.354602649112046,52.14410400390625,309232,60.56412785660853
2022-07-08,52.60390309665392,52.927008395648016,49.02490047266351,51.77128982543945,4092500,58.36932144122157
2022-07-11,51.23692145816284,53.13826965048823,51.19964168265514,52.753028869628906,309172,67.052012454656
2022-07-12,52.728174073770944,52.728174073770944,51.44818452644536,51.77128982543945,314432,69.58609117867597
2022-07-13,51.94526461095999,52.1938065468976,51.21206665843384,51.65944290161133,60904,74.26375333299794
2022-07-14,52.10682041999163,53.299822587007434,51.311486906130874,52.25594711303711,198668,68.12053898429606
2022-07-15,51.982552287240836,53.44895220767782,51.24935422324712,53.01400375366211,1084996,58.937704140839266
2022-07-18,53.80933509198981,54.654376250819595,52.1316768385444,53.622928619384766,643560,58.64197296931984
2022-07-19,53.337100982666016,54.19456990337761,52.70331828737519,53.337100982666016,221480,61.55507716909842
2022-07-20,53.22525533073886,54.43068526570324,52.97671338888634,53.48622512817383,213648,57.669423520750506
2022-07-21,53.237682351400736,53.93360053616361,53.026423979608666,53.57321548461914,75884,65.25200332044537
2022-07-22,53.75962236693315,53.75962236693315,52.39264169727787,53.138267517089844,90456,67.48966358816551
2022-07-25,53.56079619764994,53.5980759773274,48.11772840266443,50.34217834472656,459852,43.52082395955255
2022-07-26,50.66527942171389,50.95110115511653,49.50955704687216,49.99421310424805,153332,45.350329978348164
2022-07-27,49.82023469101968,53.436520936116494,49.39771412117746,53.02642822265625,657744,53.82131089256
2022-07-28,53.399241032183205,55.08932330752506,52.18138316618769,54.48039627075195,1196628,60.728337000206054
2022-07-29,54.4803945467035,55.797667636933866,52.67846541366221,55.101749420166016,619924,59.574458821008406
2022-08-01,55.35029014976368,55.35029014976368,52.77788330578804,53.274967193603516,337536,55.73458827582354
2022-08-02,52.815167795193396,52.95186663503554,51.8707075655424,52.29322814941406,193556,52.26667787206257
2022-08-03,52.16895551053822,52.69089513975133,51.70915516332602,52.019832611083984,172464,49.13557901793195
2022-08-04,51.46061237095827,53.13827056165696,50.95110060640438,51.88313293457031,398268,45.66251574701191
2022-08-05,52.168955960369765,52.168955960369765,51.29905909914669,51.69672775268555,144372,42.36452814622112
2022-08-08,52.05711070573401,52.16895382482307,51.100226473028485,51.63459014892578,238948,43.12939224086838
2022-08-10,51.01323318554061,51.94526546055049,50.714983616027254,51.460609436035156,241772,41.84184577887809
2022-08-11,52.666041460723804,53.43652307789652,51.4978949705341,52.86487579345703,320072,47.42083263073766
2022-08-12,53.16312243166569,53.1879781440398,51.99497600661822,52.77788543701172,153264,48.65368193877097
2022-08-16,51.98254941135302,53.29982255769928,51.734007451380116,52.47963333129883,185468,59.817313356266986
2022-08-17,52.6908942372146,53.06370716813829,50.64042311713432,52.554195404052734,402548,62.06088420556219
2022-08-18,52.902156477050085,52.902156477050085,51.448184527764006,51.54759979248047,124732,41.3892719176354
2022-08-19,52.19380826083097,52.19380826083097,50.95109854033499,51.261775970458984,144344,28.308212183817503
2022-08-22,50.516151428222656,51.47303945442082,49.45984813882563,50.516151428222656,393288,19.60464625858252
2022-08-23,50.34217665639673,51.19964569226763,49.80780914676017,50.18062210083008,381968,24.43535943361975
2022-08-24,50.81440236411517,50.888965709725504,47.7821912463723,49.434993743896484,257084,25.427374112964642
2022-08-25,49.2610138577636,50.826828905266545,49.22373408214773,49.845088958740234,206068,31.732797756524462
2022-08-26,50.32974623343985,50.95110112521071,49.273442917429385,50.44158935546875,186760,38.759704218397715
2022-08-29,49.69596432702661,51.212071805605,48.47811023550907,50.46644592285156,270480,40.15907278132039
2022-08-30,50.37945133829091,50.45401468005175,49.509554533462435,50.14333724975586,306648,38.54963553721574
2022-09-01,49.38528772240317,51.07537384410429,49.38528772240317,50.26761245727539,409896,40.769290255094
2022-09-02,50.20547402867404,50.46644383533273,49.459848176763046,49.845088958740234,291628,22.449039254652334
2022-09-05,49.969363366170995,50.130914128201375,48.701797813880724,49.608978271484375,420352,21.85438316880527
2022-09-06,50.180617053642194,50.354599448668516,49.236160698951835,49.36043167114258,376312,22.04906522568446
2022-09-07,49.4847022174802,49.62139725175437,48.73907639075241,48.90062713623047,180124,19.375069946504922
2022-09-08,48.97519344192938,49.708391457436704,48.714223628287975,48.87577438354492,149760,23.19210127248941
2022-09-09,49.60897613092664,50.60314395886145,48.71422356880559,49.77052688598633,425156,36.66672578589924
2022-09-12,50.205476165068504,50.45401812628171,49.385286934575035,49.683536529541016,328656,41.561748293328655
2022-09-13,49.261014678892295,50.69013091887689,49.261014678892295,50.093631744384766,280996,49.131510434518994
2022-09-14,49.09946480166484,49.95693380247112,48.763931639743134,49.44742202758789,221676,50.1265938861914
2022-09-15,49.584122891298016,50.69013389654886,49.54684311287082,50.18062210083008,155624,53.206653775596216
2022-09-16,50.205475539757465,50.45401749787507,46.328219476143005,46.974430084228516,448924,27.89229653333541
2022-09-19,47.95616873068606,48.26684616971934,47.22297073305738,47.384521484375,157580,31.268889740025244
2022-09-20,47.533646841865604,52.16895258554371,46.440063804051995,49.695960998535156,356076,47.81021747889984
2022-09-21,49.70839169856905,54.927772826918805,48.75150364139187,51.34877014160156,13752888,54.60317120017775
2022-09-22,51.771292652098474,53.424095221016415,51.70915716014743,52.86487579345703,1229844,61.761859268185056
2022-09-23,53.933601316365014,59.10327445909627,53.68505937481495,57.95998001098633,4312016,73.59547449412594
2022-09-26,58.85473773433434,60.25899831158398,56.344462385192294,57.54989242553711,3331552,72.9297301731272
2022-09-27,58.41978630082673,59.10327666560625,55.5491260102629,57.01552200317383,852712,72.62647460190668
2022-09-28,56.41902190440512,61.63840278542938,56.120772326836416,60.2341423034668,1817028,76.88235183652361
2022-09-29,60.89277557553611,68.27447426089708,58.407356164289745,65.3416748046875,15425216,80.72584011837841
2022-09-30,66.85777869833433,66.85777869833433,63.875275559375176,65.01856994628906,2108244,79.98055881257511
2022-10-03,64.86944970527531,65.82633774089605,62.396458032472104,63.30363464355469,2343144,74.57235837016431
2022-10-04,64.32265713890497,67.1187542291087,60.17201089816404,65.73934936523438,10398780,78.41353461192867
2022-10-06,66.83293210050917,71.82862705635662,66.37312795358389,69.65388488769531,4628560,80.56965394747321
2022-10-07,69.51718059781813,71.74162631215134,68.3863102695625,71.39366912841797,2669460,90.18406047925654
2022-10-10,70.39951585094381,73.07134213654892,69.59175441576087,70.02670288085938,1442152,86.12217504531466
2022-10-11,70.33737285699195,70.80960105177297,65.49080476260558,67.56613159179688,2712720,78.37413982205646
2022-10-12,68.34903543180819,69.84028711395673,66.11215790858537,69.52960968017578,981584,78.58540682580936
2022-10-13,70.03911672526986,73.58083942423727,68.07563688633073,72.74822998046875,1408084,79.67361371565671
2022-10-14,72.98434295136217,73.81696001054839,68.67213855161138,70.69776153564453,1222460,70.90986148441704
2022-10-17,70.62319275104936,70.71018394951348,58.54405639753342,68.97039031982422,21461864,67.97027865977375
2022-10-18,68.1004918822903,68.56029599044597,64.69546425421653,66.34827423095703,7693260,63.77982824984058
2022-10-19,67.13117650411974,71.33153358500272,67.13117650411974,69.71601104736328,4396808,63.938621536072134
2022-10-20,69.61659913790929,74.5750063061334,69.61659913790929,71.7167739868164,2557636,60.31363638944411
2022-10-21,71.71677657977713,73.31987518992294,70.11368555452971,71.23212432861328,1933888,60.00001964584919
2022-10-24,72.5742484315292,72.58667249490406,71.45580967145426,71.99017333984375,1026672,64.42427900268731
2022-10-25,72.07716709591564,72.57425100692195,70.11368716442041,71.95289611816406,696576,61.21077504777941
2022-10-27,72.07716705662222,73.56841878882818,71.3439652543282,72.51211547851562,1254768,55.86735285181346
2022-10-28,72.82279127038043,72.82279127038043,70.33737177309783,71.455810546875,651344,50.13124628377235
2022-10-31,72.07716794336005,73.31987773548695,70.15096776556337,71.86590576171875,2279444,54.048125860194006
2022-11-01,72.07716284494032,73.0713306083188,71.13270650368999,72.3878402709961,906484,61.602871384378126
2022-11-02,72.81036205885431,73.96608052639688,71.09541665906447,72.5369644165039,1316624,57.92922794931152
2022-11-03,72.53697185095632,75.6064665446522,71.82862575473442,75.10938262939453,3200148,56.4450636528157
2022-11-04,75.10938260284907,76.45150765659073,74.98511162407857,75.33306884765625,1620016,64.05426849720678
2022-11-07,75.89228744340176,76.02898248463322,73.81696060306976,74.41345977783203,1030860,67.35342479081534
2022-11-09,74.5750087609025,76.06626045485075,73.7051119394327,75.81771850585938,1450632,82.73197983304615
2022-11-10,76.47636161289878,76.47636161289878,74.56258554982719,75.95442199707031,744112,77.76553082395287
2022-11-11,76.79946138339987,77.11013881618061,75.51947187732286,76.24024200439453,1465712,73.75983213832879
2022-11-14,76.42665279494791,76.42665279494791,74.82355411699685,75.13423156738281,467076,69.24019119172817
2022-11-15,75.74315907058588,75.74315907058588,73.3074510007167,73.69268798828125,874212,57.86453179053854
2022-11-16,73.69269139057882,75.70588279040405,71.33154276255016,73.56842041015625,1828460,57.403193844458464
2022-11-17,74.30162223616033,74.31404630024437,71.89076218175813,73.68026733398438,761984,55.58196644812059
2022-11-18,73.54355535590328,74.82354477469713,72.77307385816694,73.5186996459961,932824,60.77914995299842
2022-11-21,74.81113025960025,74.81113025960025,72.08959275274168,72.89735412597656,2939708,55.27318000908025
2022-11-22,72.53696192703003,74.06549324034626,72.53696192703003,73.468994140625,694988,55.49934532065318
2022-11-23,72.88493403435596,75.18394729886677,72.83522260548797,74.69928741455078,1126760,59.90890325900899
2022-11-24,75.43248583651823,75.8052987813445,74.35132677954225,74.82355499267578,1112472,48.311282278741196
2022-11-25,76.47637039394246,76.47637039394246,74.06551015038953,74.52531433105469,271576,45.26932590776182
2022-11-28,74.3140385987953,74.8981136632905,73.81695472856924,74.68685150146484,329488,51.7571646852756
2022-11-29,74.71171064148953,74.77384612812003,73.59327188214058,74.1152114868164,429928,37.74597181174295
2022-11-30,75.02239127946864,77.03558264927645,73.8915208235458,76.56334686279297,1919012,53.28858617947481
2022-12-01,76.58819666631354,77.55750870738956,75.13422481225048,76.38936614990234,782324,50.81521421790986
2022-12-02,76.05383728232314,76.3893704343719,74.57500963454082,75.7307357788086,405036,53.4286042552669
2022-12-05,76.65034361945285,79.90624501090501,75.81772648571865,79.1978988647461,1542584,75.66638139730765
2022-12-06,79.75710809625038,80.77613158086555,78.00489042976318,78.5641098022461,3893416,72.23453333269948
2022-12-07,79.90624348117534,80.46546291455836,77.1722818068583,78.02975463867188,1674140,68.6567808923901
2022-12-08,78.39012738067147,79.78196377979076,78.39012738067147,79.01148223876953,785632,72.01208057959387
2022-12-09,80.27905109401368,80.27905109401368,78.58896884178331,79.55828094482422,789704,76.8538141132309
2022-12-12,80.77613634339328,85.0013496290477,79.55828226627261,84.30543518066406,2859248,82.68376353161757
2022-12-13,84.72794847419308,85.8712429508659,83.24912843596377,85.32444763183594,1011496,82.46022130533507
2022-12-14,86.989682628807,86.989682628807,84.55397454915976,84.90193176269531,600980,80.23873389452692
2022-12-15,84.0817448070729,84.97649740956174,82.76447540958857,83.39825439453125,455652,74.82619439586863
2022-12-16,82.01885214720326,83.83320553953021,81.58390368884689,82.46622467041016,460696,70.86673471776666
2022-12-19,82.88873880965501,87.41220525091781,81.57146953269624,83.73377990722656,612416,74.87150208899115
2022-12-20,84.15631184858614,84.51669315110465,82.55321312165889,84.29300689697266,784292,72.15104854007225
2022-12-21,84.71552289603338,84.8149381563799,77.07285813908486,77.8930435180664,1459400,53.17585288303438
2022-12-22,79.40915004033494,79.54584507373778,74.69927723090044,76.52606201171875,1242800,51.63097336465369
2022-12-23,74.8484110416441,75.75558769447665,71.319119699067,71.91561889648438,2400336,35.735133724668174
2022-12-26,71.91561617870813,74.55016241804596,70.0888312929235,74.07792663574219,483724,41.708758825817
2022-12-27,74.86084290968856,78.29071899354132,73.95365866930464,77.75635528564453,770136,49.547319426117
2022-12-28,77.69421043329851,78.21615001401535,74.7117072119427,75.46975708007812,463660,44.37869464227374
2022-12-29,74.71171549349569,77.02315271230265,74.20219991909715,76.50121307373047,356180,45.22144249717243
2022-12-30,76.886455096566,78.30313968544795,76.36451547544169,76.98587036132812,797400,36.799633016616625
2023-01-02,78.26585812061862,80.15477844752444,77.04800408909325,78.05459594726562,1081868,36.91275407447614
2023-01-03,78.43983538582384,78.43983538582384,75.35791694090966,75.89228057861328,334972,34.73683775161838
2023-01-04,75.80529448654805,75.80529448654805,74.31404279173071,75.0348129272461,570252,35.51441709368369
2023-01-05,75.05967464106665,75.74316505584457,74.38860829077964,74.64958190917969,674164,36.20009175307916
2023-01-06,74.72413382640592,75.05966696724576,73.3198733620447,73.97850799560547,295056,32.4070055903279
2023-01-09,74.98511256878666,74.98511256878666,72.53697273918496,74.12763977050781,444052,31.392186420714125
2023-01-10,74.5377357241002,75.80530129552986,73.72997431685276,75.34549713134766,433916,44.24482949519713
2023-01-11,75.73074445283116,75.73074445283116,73.68027311477508,74.52531433105469,231936,45.36560935127508
2023-01-12,74.89811204070703,77.54508207533756,73.1334628226541,76.76217651367188,1629488,62.61316642006136
2023-01-13,78.2782898122797,78.2782898122797,75.39520168908153,77.27169036865234,657224,59.09411837802116
2023-01-16,77.9676124588484,77.98003652234281,75.80529446793484,76.04141235351562,286332,44.32564655988489
2023-01-17,76.27752245181864,80.98739540825672,75.87985381737374,80.4033203125,1201616,64.35288477331545
2023-01-18,89.22655402282093,92.65642966717634,87.42462500703972,88.75432586669922,15957908,75.00001556624714
2023-01-19,89.97218067586304,90.96634841813777,89.15199532244556,90.00946044921875,2103440,75.76205846789651
2023-01-20,88.97801640022178,88.97801640022178,84.6285323583115,86.97725677490234,8769660,66.3777653236045
2023-01-23,86.98968337078342,88.36908817313218,86.60444637838648,87.16366577148438,1124216,72.30697730320703
2023-01-24,87.61103997846374,87.66075140390032,85.75939936198073,86.76599884033203,742176,73.64733311392514
2023-01-25,87.44948762332128,87.44948762332128,83.4976720901636,84.81494140625,1273532,69.27426928433755
2023-01-27,85.00134098520624,85.4984248506168,79.52099440301393,80.5897216796875,1292404,61.04651533365372
2023-01-30,82.98815414136551,83.39824683473708,79.03633872223348,81.16136932373047,774964,61.588858706241275
2023-01-31,81.78272245646227,83.63436294644228,81.74544268238105,83.46038055419922,638612,62.910235221918825
2023-02-01,84.75280897830014,84.75280897830014,77.90548096430605,79.4091567993164,1153344,57.045532940495626
2023-02-02,79.53342685758514,82.76447232367454,77.22198967349603,80.279052734375,937856,55.28183603167241
2023-02-03,80.27905285040343,82.44137093017872,77.56994701113116,78.82508087158203,968716,52.2686087286717
2023-02-06,78.78780271544154,80.4654609751552,78.04217682223546,79.76954650878906,386640,55.49049191438565
2023-02-07,80.1796426599876,80.88798880578818,78.83751751183338,79.64527893066406,325788,48.72440215418098
2023-02-08,79.53342942491595,81.37263846338736,78.66353254058093,80.0180892944336,595672,29.902823878283428
2023-02-09,81.44720999553707,81.99399780137341,78.936934476995,79.47129821777344,310836,24.940928968172756
2023-02-10,79.86896262291434,80.75128357192061,78.43984631247673,79.57070922851562,539252,29.53296871264385
2023-02-13,79.03633960905472,83.21184130915866,79.03633960905472,80.51516723632812,1092216,32.366501062746565
2023-02-14,81.70816207772697,82.76446531371279,79.59555560575532,80.41574096679688,682936,32.88677619851431
2023-02-15,80.77613151689897,81.0246734600279,79.96837020172998,80.68914031982422,203188,37.77612816804561
2023-02-16,82.018852321521,82.018852321521,80.0926520018489,81.57147979736328,434464,53.627242556007886
2023-02-17,81.84485626945002,82.00641459533136,80.09263865934895,80.83826446533203,388976,48.82032768984786
2023-02-20,80.27905018038093,81.55903971116894,79.90623725384667,80.31632995605469,700232,36.809223687874706
2023-02-21,80.2790510706441,80.90040595509181,79.34701874397254,79.78196716308594,336880,52.21891140065915
2023-02-22,79.55828017136986,79.7571106985586,77.65693575987068,78.19129943847656,560388,38.55589272451103
2023-02-23,78.58896973471042,80.36604320795956,77.29654852603907,78.5765380859375,913604,48.456790415871225
2023-02-24,78.97420587209655,80.03050917644401,78.04217354473113,78.99906158447266,327784,44.88447273430908
2023-02-27,79.39672769630074,79.39672769630074,77.08528304719377,78.25343322753906,501588,41.46338039504889
2023-02-28,78.29071297214897,81.0246743775256,76.46392815248583,78.36527252197266,601420,39.527515662464225
2023-03-01,78.51440169417798,80.15478010635755,76.12839742054392,79.4464340209961,3439316,49.85244861055397
2023-03-02,79.74468403139149,79.74468403139149,78.0421702026658,78.22857666015625,388892,42.96874875095727
2023-03-03,79.38430027998267,80.7015772151545,78.04217521680086,78.82508087158203,1140184,40.81085094715149
2023-03-06,79.22274953164262,79.53342698078632,78.04217522489658,78.93692779541016,635076,41.97040710733162
2023-03-08,79.32216291692154,81.55904049769894,78.78779923404885,81.3477783203125,919120,52.90251953583357
2023-03-09,81.77030270897305,81.84486226107047,80.09264452269473,81.2359390258789,386264,48.41358931369522
2023-03-10,81.42234720636226,81.42234720636226,80.29147674307055,80.72642517089844,239016,49.45980585586814
2023-03-13,79.73226426318405,80.99982987996263,78.97421425706806,79.47129821777344,420308,46.18838648577218
2023-03-14,79.02391390392499,79.89381070545001,78.14158545429642,79.4588623046875,278460,48.47058687572137
2023-03-15,80.57730968649429,80.57730968649429,78.9120754539783,79.148193359375,241680,55.153992698558284
2023-03-16,79.17303477328582,79.17303477328582,76.52606453497697,77.38353729248047,262364,44.405598658794794
2023-03-17,78.46469115006711,78.46469115006711,77.30896509564296,77.90547180175781,250776,44.91914313200466
2023-03-20,76.91131843031337,77.7190798620088,76.42665853733641,77.09772491455078,277404,44.661353430308004
2023-03-21,77.49538336610117,77.89305203587153,76.89888415389512,77.5823745727539,118200,46.50391868006372
2023-03-22,77.98003904447529,78.17886957620695,76.43907587640989,77.01072692871094,249224,38.60464319393948
2023-03-23,77.39595712188233,77.73149025145814,76.42664509136172,77.03557586669922,456116,43.71725918550858
2023-03-24,77.42082411280647,77.5699508126681,75.05967538384448,75.45734405517578,205420,33.926415218008756
2023-03-27,75.84258047070733,76.9610193333801,72.31328905499046,73.53114318847656,686940,28.008015290631874
2023-03-28,73.41929470741228,73.53114162526136,70.61077354592281,72.02745819091797,665548,9.06102276314546
2023-03-29,71.28182557154344,73.68026136764566,71.19484196020136,73.3944320678711,368276,18.977259693455593
2023-03-31,80.7264330501537,80.76372041552584,74.01579950867875,79.49615478515625,1027760,46.62579639692121
2023-04-03,79.03634713250806,80.60215852287172,78.41499220222104,80.06779479980469,382588,51.699706860133766
2023-04-05,80.37846618476276,82.40408158729203,78.48954582259678,81.90699768066406,2709580,56.31815682982039
2023-04-06,82.26738646691877,83.75863818535234,80.55244850769985,83.36096954345703,1156728,60.26649372922027
2023-04-10,83.18699388577564,83.95746786458722,82.18039443507604,83.44795989990234,701476,66.09501223816721
2023-04-11,84.13145280386674,84.13145280386674,82.36680338464933,83.52252197265625,656712,65.27030065300914
2023-04-12,84.35514066791777,85.48601114973883,82.39166067853132,84.80252075195312,839308,70.42160330180762
2023-04-13,85.49843337516579,88.10812392876824,83.70892824730753,86.09493255615234,1622876,71.63613164446996
2023-04-17,86.55473685739665,86.55473685739665,83.26155591450934,84.19358825683594,695200,67.10059700386451
2023-04-18,84.24329981154976,84.74038372821943,82.143117229661,82.40408325195312,225172,61.79039645206185
2023-04-19,82.51592340299385,84.41726771141455,81.74544187833568,82.54077911376953,239780,66.6083622112713
2023-04-20,81.78272163446259,84.05688643423349,81.78272163446259,82.98815155029297,212548,73.82588855806694
2023-04-21,82.27981913042714,83.26156298163296,81.39749813876058,82.04370880126953,201756,75.96654857426768
2023-04-24,82.15554619429871,84.50427087462664,81.54662291099453,83.6716537475586,349676,76.28740481701058
2023-04-25,83.75863659706796,84.66581319159957,78.87478882878833,80.62700653076172,782580,53.42874974612221
2023-04-26,81.83244156756889,82.98816018206733,80.77613822159421,81.67089080810547,495980,54.72527976662464
2023-04-27,85.99552029264416,86.49260422497159,81.70817137632014,82.25496673583984,2816232,51.107628060008004
2023-04-28,83.48524494202148,83.9947605237466,81.12409626277018,81.80758666992188,794352,44.71683611644057
2023-05-02,83.1994102022231,83.65921428492068,79.89380560156062,80.54000854492188,505820,40.84504471180521
2023-05-03,80.76370841847638,80.76370841847638,77.32140094804063,77.6942138671875,772324,34.37708597829928
2023-05-04,78.12916308280698,79.5458476393126,77.55751204991664,78.05459594726562,586020,30.974031561376037
2023-05-05,78.72566399366434,78.87479068316559,77.0977172275969,77.43324279785156,199612,24.61761140545778
2023-05-08,77.94275753882418,78.40256166626436,76.9485897324231,77.40839385986328,297900,27.659565916600656
2023-05-09,77.5450922465153,78.27829406934408,77.28412622002979,77.73149871826172,146604,32.971016709087706
2023-05-10,78.04217444754059,78.5392583612192,76.82432037600773,78.12916564941406,133132,34.222234834366475
2023-05-11,78.51440359018481,78.51440359018481,76.02898399198398,76.8118896484375,199600,29.205037429314316
2023-05-12,77.4456780157034,77.4456780157034,75.80529952538737,76.07869720458984,332428,29.626481410062652
2023-05-15,75.80530207207862,77.23441842261781,75.44491317580909,75.92957305908203,313340,20.58549011332515
2023-05-16,76.79945965815931,78.78779518328965,75.39519921051563,76.1905288696289,6789468,28.622717420394622
2023-05-17,76.73732845445195,77.17227687484157,75.97927852716091,76.53849792480469,390568,23.491629159511348
2023-05-18,76.99829609769547,78.10431085255831,76.50121217818834,77.14742279052734,422624,23.687512086066945
2023-05-19,78.04217277170615,78.15401968384154,77.15985187783254,77.96761322021484,315904,30.949416006619273
2023-05-22,77.96761396954457,80.32876253150842,76.7994637522978,79.22274780273438,1045860,43.45682755275285
2023-05-23,79.60798219295026,82.26738404654094,79.53342264318158,81.04953002929688,740732,68.54399913644505
2023-05-24,81.04953003096952,82.76446793976888,79.09847423973406,80.71399688720703,5927584,64.73832998319718
2023-05-25,82.01883950937415,83.13727822995652,81.27321369565256,82.4289321899414,1350912,74.69290137772961
2023-05-26,83.26155935014998,84.00718525477818,82.01884950910296,83.51010131835938,1015656,77.30813593374722
2023-05-29,83.51009624388483,84.16873090263816,82.26738647835083,83.02543640136719,655760,73.35522484915924
2023-05-30,84.18115566547945,84.18115566547945,81.02467008525427,81.70816040039062,455728,64.60441258696846
2023-05-31,82.47865215167677,82.47865215167677,81.08681563830014,81.78273010253906,376364,72.57334262776494
2023-06-01,82.0312771513775,82.51593704448402,81.11167637983334,82.04370880126953,868108,78.30183078687347
2023-06-02,82.73961653421252,82.73961653421252,79.893815658038,81.06195831298828,658236,72.5681999036499
2023-06-05,82.26738061100603,83.18698880587374,81.54661051538164,82.51592254638672,762824,75.17300554783674
2023-06-06,83.00058484852218,86.38074920335573,82.76446696885597,84.82736206054688,2484200,78.52855171196833
2023-06-07,85.67241851297374,85.97066432053404,83.26155841447564,84.4918441772461,912428,75.76283742121129
2023-06-08,85.72212519073896,85.72212519073896,81.7827333915981,82.55321502685547,864412,64.91510181231277
2023-06-09,83.26155594119922,85.72211980875045,82.00642208708983,83.96990203857422,659192,65.27998451911265
2023-06-12,85.7469763939611,85.95823857741871,82.66505759996949,83.99475860595703,1125816,60.72398280549171
2023-06-13,84.11902709696868,84.97649228459476,82.06855598300848,82.9135971069336,884284,57.596563673846234
2023-06-14,82.9508700642749,83.59708060647428,80.77612815247743,81.70816040039062,493600,47.41993645494632
2023-06-15,81.7081647027345,82.13068904466232,78.7877968388345,80.2666244506836,955084,38.6817041618989
2023-06-16,81.01225025608441,81.1489452922959,80.03050653635309,80.71399688720703,586196,41.91305341257855
2023-06-19,80.81341214686563,81.50933414593241,79.08605017477298,81.04953002929688,944012,47.52570086225576
2023-06-20,81.52176252902477,81.52176252902477,79.45886730386562,80.279052734375,864516,44.63177150178569
2023-06-21,81.26079713227227,83.21184545698752,79.90624041170688,82.76447296142578,1231904,52.22049857328877
2023-06-22,83.49767581224187,83.49767581224187,80.52759630946117,80.99982452392578,612728,49.817389767907414
2023-06-23,80.03050400617481,84.85221608459828,80.03050400617481,82.98815155029297,1544748,51.34560851088252
2023-06-26,83.19941871279762,85.37416080013736,82.44136879059859,84.81494140625,1306608,49.96360225040042
2023-06-27,85.73454705058933,87.43705330768572,82.64019679817216,86.30619049072266,5989108,54.97950907204113
2023-06-28,88.60520338788172,91.31430907126087,87.7601622919054,88.99044036865234,4977428,66.97245270387702
2023-06-30,89.20171189702273,90.7178194374782,88.39395049107259,89.0401611328125,2279688,64.40678186559836
2023-07-03,90.71781853068543,92.04751957955335,86.74114703344992,89.2389907836914,4151228,64.75523430738161
2023-07-04,89.8976245198427,90.20830195102144,87.9838485098223,89.5496597290039,1398784,69.51753342745768
2023-07-05,89.7236429991742,90.71781078863874,88.49335732575253,89.350830078125,1111184,73.89282170660968
2023-07-06,89.35083176563587,90.70538843832325,88.89102763734485,89.17684936523438,1038592,80.25317859120838
2023-07-07,89.17684856865927,89.51238171792303,88.23239219322633,88.4809341430664,466452,75.93363617281007
2023-07-10,88.60520849611444,89.97218927235184,88.44365773953885,88.58035278320312,574968,75.54808759462638
2023-07-11,89.77335705104754,90.71781344473192,88.1205469847521,88.53064727783203,1125164,79.43265653786598
2023-07-12,88.53064729154204,89.47510368537267,87.16366654079329,88.19511413574219,977704,72.87960168301142
2023-07-13,88.94074093116443,89.08986762251473,86.24405917765012,86.87783813476562,558424,75.73449786793702
2023-07-14,87.48676896407159,88.23239483592447,86.48017707102964,86.87783813476562,716312,70.61926258581097
2023-07-17,88.08327077536909,89.4005477392583,86.05765527998248,86.72872161865234,750932,62.33981406871528
2023-07-18,87.22580646391836,87.69803468484119,83.99476088879523,85.97066497802734,938748,47.61066004850613
2023-07-19,86.81570182547085,88.1951142263093,86.08250760934637,86.74114227294922,581768,27.980563264989087
2023-07-20,88.48093163009364,88.7294735728748,84.8025139108917,87.84715270996094,1085868,40.32248881055175
2023-07-21,87.84715505118365,92.32091014047502,87.03939371561715,91.83625030517578,2666564,63.04619752249939
2023-07-24,92.20906931153448,92.95469520893234,90.23315764947063,90.89179992675781,1745516,56.338104286507956
2023-07-25,91.92323471040086,92.4078869249811,88.97801131065249,91.3018798828125,1670048,59.03337567522124
2023-07-26,91.71198512748153,94.42109103025663,90.7799527582998,93.01683044433594,2276000,65.55896972994361
2023-07-27,93.67546416321649,95.06730067040345,92.60673675826689,94.11041259765625,1250976,72.09760877547
2023-07-28,94.44594232901106,96.18573600349283,93.94885842201626,94.90574645996094,2079284,73.5430588069592
2023-07-31,96.23545011425145,96.23545011425145,92.45760928168546,93.63818359375,2934208,67.43004730772935
2023-08-01,94.44594302846836,97.9255304032014,93.6506057374271,96.72010040283203,2421412,74.50002828477196
2023-08-02,97.25446420476221,97.70184427583858,93.97371494136165,95.48982238769531,1449956,74.87443675032262
2023-08-03,95.80049389506947,96.68281474892173,93.43934546289786,93.7500228881836,885680,68.03655564744304
2023-08-04,95.18218525316985,99.8273434433503,94.6840448016541,98.96805572509766,5563992,75.37214431038322
2023-08-07,99.64053511025743,100.62436548648613,98.133663370484,99.80243682861328,1574184,78.58282052284598
2023-08-08,99.80243236798039,102.86599279333045,98.38272918490442,99.19220733642578,3940468,75.90118486240512
2023-08-09,101.12250139005366,101.12250139005366,98.00912388420225,99.19220733642578,824244,74.73878209553939
2023-08-10,99.19220492506513,99.37900757087503,97.13737582115606,97.28681945800781,674500,63.073426477450525
2023-08-11,97.38645087645416,99.0801252425934,96.63924025591871,98.1710205078125,1211540,67.51013423735185
2023-08-14,98.12121185542603,98.12121185542603,94.9580171613801,96.05392456054688,1568560,60.56350210469546
2023-08-16,96.37772409192236,97.78496930628631,95.04519690270276,96.65169525146484,1022536,58.50238012891279
2023-08-17,97.11247250553102,97.46116927626332,95.20708693597633,95.77994537353516,845896,53.94618819524767
2023-08-18,95.39389281453612,96.30299758355685,94.77121727397126,95.16973114013672,1013868,50.62947556013519
2023-08-21,95.1697279250085,97.31173323239199,94.32289073865303,95.77994537353516,1147476,55.27234782451914
2023-08-22,97.88459184733226,99.35410455587964,93.77493341099388,96.3154525756836,17029836,48.86110056534832
2023-08-23,97.61061410496569,100.28811887141268,97.16229076587544,98.73143005371094,3509420,58.55280109248082
2023-08-24,99.34165440449036,100.33793524073742,97.80987413896439,98.71897888183594,1440076,64.42517124175131
2023-08-25,98.71897630299881,99.6280810221218,97.88458960423468,98.40763854980469,988612,47.724937141922666
2023-08-28,98.9805034097487,99.36656680941806,98.13366618621379,98.51972198486328,717892,44.46830183762613
2023-08-29,99.32919498815667,100.37529289245606,98.13366104125977,99.62808227539062,2295356,51.8022749971766
2023-08-30,100.46247071397613,104.28569995730984,99.59072497906054,100.72399139404297,2421420,55.80737609133802
2023-08-31,101.45875356119562,102.3678583253899,100.12622639125728,101.55838012695312,1981696,67.62592917668303
2023-09-01,103.1150666105041,105.03291026178363,101.45875123950064,104.04907989501953,3429216,71.41562629773944
2023-09-04,105.31934308940177,106.78885585383365,103.61321057771382,104.1113510131836,2981672,84.52510704681553
2023-09-05,105.19480707302509,108.34554377998624,104.6343990879562,107.56097412109375,3705060,87.56434324312538
2023-09-06,108.50743842535726,108.81877619634763,102.45503519771253,106.10391235351562,3425684,84.17151223720155
2023-09-07,109.56598630312915,113.92471507536905,105.60577139598371,108.89350128173828,2962438,89.69740144294641
2023-09-08,110.5871806982863,110.5871806982863,103.88719311762569,106.17863464355469,868636,76.81438896589931
2023-09-11,106.70167348779205,109.41653718137705,104.11134489575699,106.80130004882812,947148,76.91814141179908
2023-09-12,107.79758751908352,107.79758751908352,99.62808739324535,100.25076293945312,1045268,53.21731055313792
2023-09-13,100.84852420795076,101.22212951442701,97.13737968382394,100.15113067626953,2429848,53.02154120734165
2023-09-14,104.60949137394775,105.48123713539731,102.11878919837756,104.5098648071289,1225788,60.99642018390449
2023-09-15,105.50614531578553,112.03178043280406,104.93327925675572,108.76896667480469,2811090,66.0679509809855
2023-09-18,110.06412227964435,112.43028923166644,108.79386271151282,109.61579895019531,1799270,65.78740577194048
2023-09-20,108.09646914892478,110.36300953838033,106.10390750562664,106.55223083496094,811556,58.67308603637223
2023-09-21,106.30316106824446,110.11393978739032,103.46376223503076,106.82621002197266,799108,57.97209981551822
2023-09-22,107.05037274761203,112.57973442574448,105.60576857636207,111.90724182128906,2355898,61.027608179735076
2023-09-25,112.82880393380673,117.4615113108954,110.4875455048323,116.29087829589844,2653998,65.24313565000949
2023-09-26,117.5611371192565,119.35444564114447,113.99943621728002,118.00946044921875,2081760,63.66893779638402
2023-09-27,116.58976434752792,119.10537493535833,113.25222512454415,118.13399505615234,2142068,66.30654134705415
2023-09-28,118.55742668311646,118.55742668311646,114.57230309712935,115.49386596679688,1196724,58.98306253337019
2023-09-29,115.07044034058359,116.56486164370806,113.32694882027172,114.77155303955078,1354288,62.36559187006616
2023-10-03,115.56858257084494,116.29088469170874,110.16375573348151,110.93587493896484,904822,55.446208034178646
2023-10-04,110.9358690643385,111.18493927220682,107.89721708895692,108.96821594238281,731978,63.0596934747137
2023-10-05,112.03177654207528,115.96709038993295,107.67304790113829,114.2983169555664,4912312,68.32257937017677
2023-10-06,115.29459758332301,120.45035392129617,114.32322529384068,118.55741882324219,3677598,68.24061622823919
2023-10-09,116.78902100909028,116.98828173951107,113.57601679112425,114.19869232177734,1756274,57.03225339807188
2023-10-10,115.4689449642807,117.53622456102968,114.89607894999925,115.94217681884766,1054800,58.00756130888865
2023-10-11,117.21244148502551,118.00946159055792,115.19497127864427,116.96337127685547,618756,63.89628709055053
2023-10-12,117.95965296003467,120.54998162347569,114.7217402304785,117.51132202148438,3325506,64.15842092631715
2023-10-13,119.5536989734013,124.23621580945172,118.55741814862294,122.94105529785156,3205482,64.48660066768278
2023-10-16,124.0369634515173,125.33213157214176,120.05184012777377,121.22247314453125,1760364,56.962034587329754
2023-10-17,123.98714780622899,124.0120563474949,118.10909691641264,118.58232879638672,1779452,50.78822078789957
2023-10-18,118.60723935822298,119.52879459260467,114.47267227129134,115.41913604736328,1234864,46.552821818779265
2023-10-19,117.06299651603518,117.06299651603518,111.65817001946152,116.14143371582031,2720970,50.86434195835501
2023-10-20,116.0667188300333,119.55370179917593,113.07787628505389,117.26225280761719,2079158,53.289471165172145
2023-10-23,117.56113745623128,118.00946078747862,108.86858877045537,109.88977813720703,1630460,48.73645956548969
2023-10-25,111.58345879487047,113.40166836428963,108.09647570753077,109.86487579345703,1393870,51.13637308565126
2023-10-26,108.5946104537609,109.04293378678605,103.88718505291874,107.10018920898438,1370708,40.24307890291632
2023-10-27,109.01803452117954,109.59089296673416,106.85112064256582,108.59461212158203,680590,35.40145944600795
2023-10-30,108.09647255946088,109.69052040418909,107.00056514127397,109.14257049560547,634494,41.659824708270804
2023-10-31,109.0927527689818,109.79014632161766,107.12509961595524,107.39907836914062,401038,35.90798973580651
2023-11-01,107.64815022987133,108.04665649404197,105.80502455349321,106.22844696044922,471856,32.37939880108861
2023-11-02,107.99684625780104,111.48382925209614,106.10391111212262,110.21356964111328,917412,39.235864554316215
2023-11-03,111.55853989456872,112.00687081049749,108.76895824431743,111.28456115722656,803248,30.269794903185314
2023-11-06,111.58345224575214,112.08159265756353,110.28828413463472,111.48382568359375,355108,32.62221968094231
2023-11-07,111.58345574837848,113.0031590070135,109.9644993591721,110.6120834350586,472380,34.81973622032828
2023-11-08,111.28456024293895,111.80760917338232,110.36300508074743,111.13512420654297,225506,40.92825763558322
2023-11-09,111.7329014259315,115.02062374618363,109.64071311285836,110.11394500732422,1103218,37.395848855163024
2023-11-10,110.03921695233954,111.20984999267027,109.44144996194458,110.33810424804688,338754,34.956704790319904
2023-11-13,111.08531144401404,111.08531144401404,106.60204775344845,107.74777221679688,600472,44.12567294152601
2023-11-15,108.94331047385299,108.99312755723942,107.10019240385112,107.82249450683594,549378,44.414151425679975
2023-11-16,107.79758036257886,108.49498148864416,106.00427946916665,106.92583465576172,1668344,49.46887554447636
2023-11-17,105.80502399857566,106.60205172477627,102.59201975417771,104.08644104003906,1078816,37.30714058325353
2023-11-20,103.61320495605469,104.70911233442446,102.39276247557427,103.61320495605469,1003242,34.366162425637654
2023-11-21,103.73774703277095,106.75149822667609,102.1436991387859,104.53477478027344,2680144,41.506654323568355
2023-11-22,105.58086312301539,105.95446844730138,103.68792795976245,105.03291320800781,1675846,46.30769977525887
2023-11-23,105.5808605234357,105.70539562846476,102.86599675400605,103.38904571533203,727252,25.35969994336476
2023-11-24,104.11134249893757,108.4202538729596,103.96189886031421,107.4239730834961,1224334,38.51851482088733
2023-11-28,109.21728591328836,109.21728591328836,106.42769655080797,107.49870300292969,793384,38.05969944543248
2023-11-29,108.04665604060084,109.54107732802835,106.37789016358529,108.61952209472656,801352,44.1176483837154
2023-11-30,108.59461168609235,111.38420108173926,106.30316271102384,108.32063293457031,800542,41.57974432986679
2023-12-01,108.3206296538255,109.19237536343485,107.1001871805763,107.99684143066406,557796,43.3903453256534
2023-12-04,109.54107420171155,109.54107420171155,105.8548381716706,107.10018920898438,774930,40.298514968723914
2023-12-05,107.67304714686593,108.27082172282252,104.36041644336731,107.22472381591797,1055238,48.16112037088199
2023-12-06,105.8797454320042,105.8797454320042,97.13737973559662,99.75261688232422,86097920,31.336417889484622
2023-12-07,101.62063927804043,104.33550287580385,100.82361161584423,101.94442749023438,15009548,39.13043188738265
2023-12-08,102.96561920361356,104.80873716419404,100.92324812335599,102.11878204345703,8596758,45.14144543623097
2023-12-11,103.53848748576978,104.310599042146,102.26822791728264,103.09015655517578,3126004,48.739494562269606
2023-12-12,103.5384851775783,104.48494889714472,101.67045867762934,102.51729583740234,3890348,45.05492162788984
2023-12-13,103.21468654961045,106.8012958117554,102.64182814561516,106.32806396484375,14066186,52.73106188334805
2023-12-14,108.56970810428227,110.71171353081932,107.6730537860784,109.74034118652344,10227112,62.46334626962114
2023-12-15,110.63698820448431,115.09534335793411,108.61951802190082,113.47638702392578,11593878,62.0178117063765
2023-12-18,118.05928053811331,120.67451776522343,116.06671884126753,119.92730712890625,12807586,69.69218130555433
2023-12-19,123.48900790821847,125.88008346050553,122.04440372090944,123.78789520263672,18280414,72.11328181221002
2023-12-20,124.03696617562096,124.9834299453885,109.83996402298965,114.47267150878906,9183286,57.101787829905156
2023-12-21,112.97825168861259,120.30091453117585,110.88606339088305,119.03065490722656,7065224,61.60293741513758
2023-12-22,120.5499830939196,121.37191175642481,117.71058418587832,120.20128631591797,3477444,63.69792106230049
2023-12-26,120.42545143730996,121.42173231786681,117.5113268212732,119.72805786132812,3167166,62.97829455375331
2023-12-27,119.952214009319,120.57488953096099,117.31206827735299,118.4328842163086,2082924,72.24199320583895
2023-12-28,118.85630700990048,118.85630700990048,115.54366866304763,116.04180908203125,1634806,66.70602590549154
2023-12-29,116.39050357031277,119.47898018819859,114.27340683119203,118.53250885009766,3455394,68.43872260306377
2024-01-01,118.55742031857136,120.52507346331852,117.23735124198672,118.1838150024414,1993714,67.19637261814859
2024-01-02,122.09421904557419,126.0295252929706,118.00946155210102,123.09049987792969,11142356,71.33264908213879
2024-01-03,124.0369681801012,128.27116187299623,123.78789796287208,124.23622131347656,7716530,69.65555726381842
2024-01-04,124.684548982859,125.70573836682019,122.7417967790017,123.91242980957031,3366314,66.68621334189937
2024-01-05,124.75927010896729,124.88380521740127,121.19756904816309,122.76670837402344,3061284,61.64897367240362
2024-01-08,123.81280113340728,124.60982123335131,121.54626073474803,122.14402770996094,1899908,53.255297322757436
2024-01-09,123.0157756187087,128.24625764758247,122.36819155029427,126.17897033691406,4868936,53.4934509012103
2024-01-10,127.00088924500155,129.9150059276788,125.83026390446281,127.87264251708984,4689136,75.18725224838934
2024-01-11,129.51651696135136,132.3559236063201,128.2960667783995,130.43807983398438,8225870,73.17814003670817
2024-01-12,132.00721378884572,133.2027477789783,122.56745417207371,123.41429138183594,13943948,55.27391127391127
2024-01-15,125.28231039462929,127.42431563132185,123.53881899748734,126.07933807373047,5520728,59.72537746696135
2024-01-16,126.55257051344546,126.92617581454734,119.35444323241987,121.6957015991211,4547240,54.56445441159582
2024-01-17,119.55370103404566,121.54626271794642,118.05927977112009,118.98084259033203,3168590,54.07459149371049
2024-01-18,119.55370109648884,121.89495955609115,116.71430221565116,121.24737548828125,4181302,53.78735355579732
2024-01-19,122.99086639535403,125.23249828057448,121.19756544778943,121.77042388916016,2407556,54.97924854129701
2024-01-23,127.97227223466216,128.71948287270266,122.79161485132255,123.66336059570312,5414200,50.867923027805986
2024-01-24,124.38566107818755,129.36707286816954,122.06931117072787,127.49903869628906,3787044,54.57082565230328
2024-01-25,127.84773713863643,130.4629743719892,125.75554887215817,128.99346923828125,2916628,56.89189776535041
2024-01-29,130.5376993296225,130.91130466851902,126.92618865464306,128.0469970703125,2325754,57.2010819238067
2024-01-30,128.9187251607425,130.0644571639421,127.24995943673562,127.87264251708984,2396982,57.90920989957131
2024-01-31,127.02581516930586,135.9923432989039,127.00090662651962,134.44810485839844,6892530,60.66837646478896
2024-02-01,133.50162359193314,134.49790436500726,130.81166854504062,133.87522888183594,3662492,57.97483273823968
2024-02-02,133.87524073468492,135.61873224192732,132.23138339438646,134.34848022460938,2973004,55.501040009788326
2024-02-05,134.59755084143606,137.66111145860702,133.5016358099416,134.62245178222656,4855042,69.46364210161482
2024-02-06,135.49419104448648,136.93879518800892,131.70832090136514,133.17784118652344,1963232,62.87260997921102
2024-02-07,134.3982754861462,134.72207891174503,132.23137688122316,133.7008819580078,1235660,75.31507437296428
2024-02-08,133.47673028617032,134.5477291380615,128.91873332708062,130.81167602539062,1849004,74.76533720629021
2024-02-09,133.40199021458974,133.40199021458974,127.15033440777498,130.9611053466797,3923270,72.31116092519616
2024-02-12,132.00721006833,132.90385673514834,123.5388230073428,124.2860336303711,2724816,54.50490404231681
2024-02-13,124.28603982883486,125.53139092932419,120.25109922284148,124.2611312866211,2009074,51.14723114501725
2024-02-14,121.96968348501039,126.72691836088646,121.07302921904262,125.88008117675781,893990,46.60396973852168
2024-02-15,126.80164548895473,128.69458060602076,125.03324547694541,125.50647735595703,998404,42.32454144271019
2024-02-16,125.97970680198294,126.92617814274702,123.78789203572201,125.73063659667969,1440172,44.73384230909593
2024-02-19,126.7269259177889,130.01465588871613,126.7269259177889,128.54513549804688,1774052,51.36502265152456
2024-02-20,128.96855876025043,131.4343600550999,128.02209495082744,129.0930938720703,1432796,35.60908759878359
2024-02-21,129.81539286480975,131.53396814456187,126.45294512377093,127.17524719238281,1263700,33.208487192116706
2024-02-22,127.77301650957445,129.29233869524694,125.80536338957243,127.34959411621094,1203906,32.19257590145719
2024-02-23,127.77301865741313,130.18900275235688,127.54884938597037,128.719482421875,2662042,35.77427228914421
2024-02-26,129.54141095010564,131.1354663848877,129.01836958665115,129.51651000976562,1862194,40.892179198022575
2024-02-27,129.5165079059236,133.99977164112863,129.5165079059236,130.81167602539062,3659640,43.07876985475969
2024-02-28,131.4841602764347,138.48302658223986,127.42431159120005,132.53024291992188,9506480,54.36153140761118
2024-02-29,132.48043993179135,132.67969304306789,127.02579669862352,129.31724548339844,2675242,46.38949921108688
2024-03-01,129.3172521460061,131.2101796037163,128.32097133625572,129.1678009033203,1350626,65.03066677628874
2024-03-04,132.03210757562124,134.89641488942812,126.42803564962712,127.02580261230469,3625744,57.530516201672725
2024-03-05,127.9224489667682,127.9224489667682,121.39681427066894,122.0942153930664,3391982,41.2643638095902
2024-03-06,121.29719598417397,122.04440663705388,117.0879108264877,118.50760650634766,2237386,35.935929521124095
2024-03-07,119.55370648282727,121.9447821326878,118.45779902693867,120.27600860595703,1381826,39.67956144678907
2024-03-11,120.54998497419945,120.54998497419945,96.24073028564453,96.24073028564453,22604260,16.1003573462704
2024-03-12,96.63924876052282,101.6206533358075,83.13963932109327,87.24929809570312,27262580,12.699808729872231
2024-03-13,91.60801948623326,92.75374396354034,86.17829199080427,87.92178344726562,6857492,14.214332156389347
2024-03-14,88.64408558385843,92.62920891531388,83.48833683439965,90.58683776855469,6492588,17.94091284575555
2024-03-15,92.00653897944014,92.60430599523816,89.71509748537774,91.48348999023438,3210064,17.257981502481925
2024-03-18,92.87828080122861,94.19835748923005,90.03888189648127,92.08126068115234,2357834,16.967019348751066
2024-03-19,94.64668481730301,97.61061895321981,92.15598258526872,96.01657104492188,3224656,20.66357564093329
2024-03-20,95.99166099465265,98.63180683934411,95.5433376403363,96.39017486572266,1833306,18.82252851975049
2024-03-21,98.13366455995684,99.37901563305275,97.23701026712385,98.35782623291016,1824508,22.705317519028327
2024-03-22,98.88087814898232,101.3715803693597,97.73515360740473,100.27567291259766,2329464,25.298138588245152
2024-03-26,100.74889954276706,101.2221314196738,96.14110067616338,97.3864517211914,2395222,24.978981099541926
2024-03-27,96.91322024458674,98.23328931736118,94.64667981306982,94.99537658691406,2652024,26.098423729664404
2024-03-28,95.59314473911148,96.86340434601566,90.23813515792423,91.28423309326172,3162330,26.041215676879503
2024-04-01,92.8035618147728,100.40020322374852,92.77865327355585,100.32547760009766,3551340,34.43450775906712
2024-04-02,100.62435891573058,108.59460516648153,100.62435891573058,106.87602233886719,13717878,61.41100386356392
2024-04-03,107.59833110185407,108.89349923885831,103.16488438852811,104.06153106689453,12065092,70.79481668943112
2024-04-04,104.11134757924465,104.534769975836,100.79871683304015,101.9195327758789,10458070,66.7063067204096
2024-04-05,101.62064632136702,103.01544102637402,100.22585161636,102.46748352050781,7416508,64.9342506290296
2024-04-08,103.8622750209434,110.03921303693707,101.12250277818471,107.87230682373047,14334636,68.50393687221992
2024-04-09,108.84368297154963,111.35929364052393,107.79758503759368,110.33810424804688,11320982,69.77873737028929
2024-04-10,110.8113344048506,111.3343833636758,108.3455408572684,109.24219512939453,4288474,65.26739333268864
2024-04-12,108.84367632050487,109.46635181432927,106.62695308269384,107.02546691894531,2697222,61.77605616597984
2024-04-15,102.8659987459056,105.43141891877332,101.2221338074862,102.89090728759766,2184632,54.78947772315696
2024-04-16,100.64927319736907,105.80502197434039,100.64927319736907,104.58457946777344,1565106,54.57429243391911
2024-04-18,104.6094908722223,106.8511228194842,103.73774511495378,104.6343994140625,1845778,58.18796579682015
2024-04-19,103.11506702649118,104.60948828774468,101.94443399810143,102.99053192138672,1125018,59.18718308789841
2024-04-22,104.06153299910497,105.43141918440253,103.43885746033335,103.96190643310547,843266,65.54673597583908
2024-04-23,104.21097148008747,104.78383750795692,102.19350131432346,103.33922576904297,1883120,54.657427066836576
2024-04-24,103.56338881034411,105.10762713087374,102.9158123543344,103.76264953613281,1599984,44.064587370747006
2024-04-25,104.60949144865337,104.95818823327825,102.86599992450915,104.1113510131836,1170362,50.10483418859622
2024-04-26,104.60949196875846,111.88234540318484,103.26451430650697,110.78643035888672,13519852,65.66900411529735
2024-04-29,111.06040425087036,115.81764674489692,110.6618903977808,114.2983169555664,10693878,68.92429287023403
2024-04-30,115.07042970573487,116.56485087074441,112.05667883609513,115.91726684570312,5178006,64.64186839343503
2024-05-02,117.0630048364777,120.17638262468189,112.08160037535099,119.75296020507812,10693718,66.32123804102397
2024-05-03,119.5786143668581,120.54998670647905,117.06300361992801,118.9310302734375,1965526,66.95727855665076
2024-05-06,119.55369598432394,119.95220982447555,116.3157833847485,117.1626205444336,1733748,68.02477975316293
2024-05-07,117.56113990340535,117.66076646786533,112.1065037882606,113.12769317626953,1414270,68.26665563025705
2024-05-08,113.52619286513638,118.0592734954539,112.20612386013076,115.94217681884766,1329424,69.48716344307347
2024-05-09,115.74292878298999,117.16262440902067,112.2808468084324,113.8998031616211,1156382,64.87998457152784
2024-05-10,114.04924930946757,116.56485998752188,112.13141322498555,113.27713012695312,1393470,67.0802299617651
2024-05-13,108.09646848702504,109.09274930257365,102.2433186956769,107.87230682373047,7773766,55.65969481570082
2024-05-14,106.55223688740409,111.83252858248623,106.15373061692384,109.59089660644531,2533760,58.770103395772935
2024-05-15,109.59089560303288,111.23476055728233,108.34554451663477,109.8399658203125,5283736,58.56742201441746
2024-05-16,109.6157963868251,110.03921116562105,106.20353161119195,107.1749038696289,1616828,54.05403986497101
2024-05-17,107.94702639415384,108.09647003883539,106.57714025310868,107.10018920898438,712382,44.08945280436083
2024-05-21,107.94702596608983,110.58717167492942,107.69795575961476,109.88977813720703,2984590,42.763702649537066
2024-05-22,109.64070715686364,110.58717089438075,108.19609540889296,108.54479217529297,681376,37.788790847352345
2024-05-23,108.09647126551396,109.93958930145013,106.37788833472237,108.32063293457031,2444994,28.491087007821804
2024-05-24,109.0180341473501,109.3667309217537,107.15000756909542,107.922119140625,1084128,28.952367727352822
2024-05-27,107.92212076808315,111.60836449870575,105.73030592361977,109.41654205322266,2400488,35.03369171315934
2024-05-28,110.08902781465278,110.08902781465278,106.42769285371251,106.90093231201172,931430,37.21880410624932
2024-05-29,106.55223247854715,106.85111977006004,104.60948788677207,105.38160705566406,459986,27.105856932425155
2024-05-30,105.60576715139159,105.92955537819327,102.61692468484277,103.09015655517578,946762,26.816256937899254
2024-05-31,102.76637003919448,106.10390932886568,101.27194878104144,104.18606567382812,1361510,30.890064111199635
2024-06-03,108.56970252804929,116.56485775311425,105.68048658490494,114.97080993652344,8812360,62.16907999628551
2024-06-04,111.2596674139442,113.42657371084249,100.12622582977748,103.41395568847656,3294174,42.081740306776524
2024-06-05,103.63811447502688,107.64814632104824,102.16860177645295,106.42769622802734,1046516,45.91531642408969
2024-06-06,107.32434652475358,109.44144320236356,106.22843917654755,107.4239730834961,1040454,50.31055782448564
2024-06-07,107.4239800098946,110.1388514170454,106.90093864251739,108.74405670166016,828846,51.98795628701267
2024-06-10,109.5161742813245,112.30077740243674,108.1014497129908,109.59587097167969,3620308,49.627096042008255
2024-06-11,110.27832811688461,112.57973441462727,108.09647065475274,109.16249084472656,1793066,50.80228349008132
2024-06-12,109.67557743429404,110.54234451785997,107.59833275571579,108.30071258544922,969958,49.974548476719995
2024-06-13,109.15751757163784,112.076620868041,108.80881318115404,110.69676971435547,2667814,53.37290660432287
2024-06-14,111.20487264217302,111.47884379862738,108.15126936536277,108.57469177246094,971360,48.99201582037213
2024-06-18,108.59460687553893,109.31690893317698,107.01052405676114,108.52984619140625,1319288,52.07302468676699
2024-06-19,108.59461233904548,111.05542724766222,106.42769845609244,109.98442077636719,1783434,55.86740539112729
2024-06-20,110.08903217000433,111.28456613053773,108.74903323195291,110.03921508789062,1182586,59.39393776876045
2024-06-21,111.5834534756905,111.5834534756905,109.49126524322523,109.72040557861328,990116,57.64204045641733
2024-06-24,108.5946128739955,108.59959154188869,103.6680043646243,107.03543090820312,10958398,35.885162529359945
2024-06-25,107.10019216139523,110.08903473334114,106.35298151840875,109.09773254394531,3319246,65.26624076013988
2024-06-26,108.19609904602584,113.07787674279079,108.02673312536947,112.04672241210938,4617924,65.14500397904983
2024-06-27,112.04671793736088,113.50129461261228,107.37416609509388,110.0242691040039,2554734,56.641223575480474
2024-06-28,111.01059534733757,111.8076154566432,108.19609742108008,110.8711166381836,1264360,55.56714164763016
2024-07-01,111.33438867557628,111.58345889632702,108.99313012072341,109.30695343017578,1012164,49.271001093816
2024-07-02,111.53364140708837,111.93215527904758,108.59461585330146,109.0329818725586,943534,49.67057193369909
2024-07-03,109.9894072790527,109.9894072790527,108.10145081312463,108.70918273925781,1012748,51.0682499568023
2024-07-04,109.49126748744483,109.54107696958425,107.37417067051683,107.86732482910156,936136,41.94554013123918
2024-07-05,107.5983315982802,111.58345499080909,107.37416992765438,109.42650604248047,4042706,52.50510561476269
2024-07-08,110.53735831882224,111.78270939317139,108.89350098149716,110.40784454345703,1756456,55.234676079257326
2024-07-09,110.18865910325776,111.1899262095611,107.47379534137367,107.96695709228516,2579140,44.66966746020387
2024-07-10,107.89721625056605,109.34182040456943,105.85981618925965,108.34056091308594,2385250,45.58634738458879
2024-07-11,109.21230934221876,113.55110818059835,108.59461247981969,111.85244750976562,7546312,54.75133171130641
2024-07-12,112.32567982279133,113.57600947139461,110.58716711688423,111.80760955810547,5725878,62.053318338762956
2024-07-15,112.4801067123233,112.4801067123233,109.13758119852523,110.20858764648438,2420482,52.872974442717705
2024-07-16,110.2135723904972,116.38055347228959,110.2135723904972,113.00814056396484,6470970,52.50585923440397
2024-07-18,113.5760093126301,114.57229009607423,110.38791384601657,113.32196044921875,4315870,59.435578900767666
2024-07-19,113.07787563162385,113.3817415926483,108.096471418777,110.18865966796875,4785970,48.273242056519656
2024-07-22,109.5410755862323,111.48382778960848,107.49371815097054,110.34806823730469,1921716,52.835825485999905
2024-07-23,111.08531698172675,111.08531698172675,106.34301791323475,109.44145202636719,2300282,51.075537748785536
2024-07-24,111.58345342118085,111.83252362971028,109.59089175294548,110.03921508789062,1717604,53.45228429411648
2024-07-25,109.93959118483193,111.95208277501578,109.00309234679463,111.20487213134766,1543958,58.5198561440834
2024-07-26,106.10391052471785,109.54107641680083,105.02792538247598,105.72532653808594,7289428,42.12757546636133
2024-07-29,106.85111528255528,107.54850879877031,104.36041329461693,106.34300994873047,3468378,41.21822621968989
2024-07-30,106.96569167191242,106.96569167191242,105.44636185062991,106.39781188964844,2855688,46.220293326011756
2024-07-31,106.60204662034334,106.60204662034334,105.40651268930799,105.57089233398438,2298384,43.471093583641704
2024-08-01,106.49744000715444,107.56346023154074,105.51611034541911,105.86480712890625,1375764,33.361050357918515
2024-08-02,105.11260239027034,105.50115129168493,103.36413233390472,103.99677276611328,2052420,30.291630475627258
2024-08-05,100.12622481210742,102.61194825400891,97.58570561975058,98.4126205444336,3068360,25.21977505932523
2024-08-06,99.87715126330318,103.21469045863114,99.72770762150833,101.39149475097656,2719344,25.77896652775175
2024-08-07,106.44762998447393,106.45260865242,102.86599906713545,103.64309692382812,4223692,31.32810936193762
2024-08-08,104.50986782829963,105.11261351564069,101.40146868696333,103.84236145019531,3488628,36.1942381804361
2024-08-09,104.85855267871545,109.09274601728592,103.94695484781857,107.1500015258789,5330164,43.881047577757435
2024-08-12,107.10018866775484,110.98069913596585,106.36294298567621,107.46382904052734,5045078,46.12833256211955
2024-08-13,108.59460740262497,109.09274780355445,104.13126606584841,104.54472351074219,3104370,40.13946546908374
2024-08-14,105.60576902184604,105.94948712775009,103.18978494485353,103.54844665527344,1041878,36.175566501974465
2024-08-16,104.2607891060386,107.10018791664818,103.61320505424568,106.19855499267578,2501334,50.95170248369078
2024-08-19,107.52361723997964,107.54851818121597,104.78384481423194,105.33179473876953,1309112,47.986532117472706
2024-08-20,106.57714198525623,106.87602927947701,104.54971441608875,105.29193878173828,1308030,47.79674393138987
2024-08-21,105.63067448315114,112.08159121274763,105.21721703455512,111.53861999511719,10733878,59.7779992329628
2024-08-22,112.729175866885,113.09779490420583,109.69051633723838,110.61705780029297,6587786,57.62954263679263
2024-08-23,111.1849425142366,116.66448724711674,109.8947606241032,114.7815170288086,7656104,66.12543263055346
2024-08-26,117.06299557715427,120.05183801742204,116.06671476373168,119.3743667602539,9893902,82.2996573353604
2024-08-27,119.80277328512986,120.69444130941457,115.72300195168931,118.24359130859375,4611608,77.53541346290014
2024-08-28,119.05556429056874,119.20998660967784,116.05177806738618,117.23236846923828,2969062,73.14218523643403
2024-08-29,117.31206620623243,119.2548107590489,115.29958230026408,116.50508117675781,4048470,71.1833260413311
2024-08-30,117.3088094102445,120.80825232418239,113.94913641280299,119.54525756835938,8602128,70.92312459288233
2024-09-02,119.31062611374853,123.5039672482306,115.3668887995881,117.41863250732422,5140168,65.83458007166844
2024-09-03,117.31379611551249,119.41046669283953,115.3968405943737,117.29882049560547,2494150,72.27054427251593
2024-09-04,116.46514150102097,117.31379294782101,115.06735861477763,115.95095825195312,1813472,71.39394060629733
2024-09-05,116.06577684431349,121.30745708889539,115.60650672743614,120.14430236816406,4395674,72.83995908568042
2024-09-06,120.13431447984917,121.31244480474984,117.18400314212211,117.52845001220703,2626378,68.89292543472968
2024-09-09,117.52844963116794,117.52844963116794,114.4733013482391,115.1921615600586,1792206,64.31710839077203
2024-09-10,115.3668875523859,117.80801258404908,114.36847228189292,115.0673599243164,3007718,56.201015664529855
2024-09-11,115.16221201053158,116.38027987428659,112.776000094082,114.70294189453125,2550366,57.32348199231202
2024-09-12,115.36689048046009,116.28543072447371,113.9491349712256,114.98748779296875,2066360,50.428822351560946
2024-09-13,115.24208791624412,119.3106271768164,115.24208791624412,118.60175323486328,6375016,48.323123175633924
2024-09-16,119.80983151247601,119.80983151247601,115.53161845591212,116.60491943359375,1733106,46.57229454418016
2024-09-17,116.61490993873151,116.81458995155607,112.34668301319458,113.05056762695312,1925878,42.09383765420578
2024-09-18,113.20032020228201,114.4383606175152,112.06712435897565,112.47148132324219,1155248,42.331052873744625
2024-09-19,112.69612650362639,114.07393686948109,106.9053147415682,108.51276397705078,3072052,29.732202600185403
2024-09-20,109.02694633466822,112.29675792428937,108.96704385496291,110.3099136352539,2131562,36.78054103994806
2024-09-23,110.27496479402103,110.94889815595069,109.43131027969457,109.9105453491211,1052784,36.402057055429395
2024-09-24,109.82568202110235,120.8082502232126,108.6275867187029,119.3805160522461,17186494,54.85924565642877
2024-09-25,118.8114161520199,120.68344476786055,115.36688654579469,116.08573913574219,5399262,44.099283391553236
2024-09-26,116.51505832380938,118.26228503673808,115.32195238738737,116.22052764892578,2132904,47.95056646576244
2024-09-27,116.61490953277203,116.78962763905923,113.61966364700532,114.46831512451172,1699260,48.844629198990326
2024-09-30,114.49327879654419,118.06261048522221,114.49327879654419,116.95935821533203,3777438,52.80782497164866
2024-10-01,117.91284668048361,119.80983729443977,116.31538370668528,119.42045593261719,4130214,56.590877695044284
2024-10-03,119.31062432334573,123.54889987103628,117.31379379073745,119.20079803466797,7580512,55.89714259597845
2024-10-04,116.30539205951032,116.30539205951032,110.20008484832373,111.17353820800781,6255168,40.746266642360865
2024-10-07,112.83091300882509,112.83091300882509,102.7319369597211,103.56562042236328,3683106,35.74858956576354
2024-10-08,104.3343966343883,108.80230348354841,101.69858090774596,107.96363830566406,2115472,44.540874542148536
2024-10-09,108.46284464450166,110.50959137111283,106.01173333629055,107.29469299316406,1420990,44.455135046437384
2024-10-10,107.32964019690695,108.76736060545393,106.30626303435939,106.63075256347656,896316,47.83109176150916
2024-10-11,107.20484529091542,107.32964720627155,105.33281656057348,105.9718017578125,912472,44.86589039901053
2024-10-14,106.58083399024927,109.27655227141817,105.58241868354905,106.33123016357422,994182,45.75990982392818
2024-10-15,107.82885402834833,107.82885402834833,105.82203711219775,106.47599792480469,712938,30.378014925702118
2024-10-16,106.4759976237108,107.21981977356955,105.13313542726483,106.34121704101562,805966,33.60766953777221
2024-10-17,107.32964275725507,107.77892658699172,105.5824160146951,106.0267105102539,1137682,32.95492352879941
2024-10-18,105.83202246181169,107.2248084624075,105.16308603478157,105.94184875488281,916666,34.90098601912376
2024-10-21,106.25635211074746,106.74058414410132,103.83519194397817,104.38931274414062,663788,26.975129331222917
2024-10-22,104.83360813004703,104.92845880379052,98.0194266485157,99.35231018066406,1580008,16.410417376460174
2024-10-23,99.34231845884993,99.84152608929641,96.38202086660817,98.48368072509766,987694,16.061487006689134
2024-10-24,99.19255625711129,99.47211131593258,97.380437708929,97.47528076171875,683140,20.858101685935992
2024-10-25,97.54018298993587,97.91957806388893,92.95246344127501,94.02576446533203,1232790,25.341925478821878
2024-10-28,94.35024647906125,97.73986309354697,92.5081690195109,97.00603485107422,687244,19.437477736206873
2024-10-29,97.84469872213339,100.73011830975891,97.82473376788556,100.2209243774414,707144,32.72371410715411
2024-10-30,101.08954687978905,106.26632765777478,100.39065923223313,103.56062316894531,2130950,43.36854657382816
2024-10-31,101.33914952362872,102.0130828752641,97.91957418982606,98.10428619384766,1908506,35.92352921423499
2024-11-01,99.74168893113804,102.23772715455338,99.73669197961655,101.63867950439453,551278,42.46069784101056
2024-11-04,101.83337295173023,101.83337295173023,99.84153165302286,100.2608642578125,753428,40.39500020751506
2024-11-05,100.0861398844116,100.83495132494863,95.8478643887425,99.63684844970703,1078342,39.79326706747683
2024-11-06,100.68518995356067,104.7287672600775,100.36070041774803,103.8202133178711,1794978,46.99483362012352
2024-11-07,103.68044009052957,104.02988392895531,101.61372068349229,102.98654174804688,813676,46.05544000971074
2024-11-08,103.83519376834045,103.83519376834045,98.793193331706,99.62687683105469,932078,43.935932597769686
2024-11-11,99.84153151812421,100.70016929856443,98.40381102672583,99.09272003173828,728816,49.626648261514106
2024-11-12,99.51704857435499,100.22592252683957,95.0990578027391,95.83788299560547,1164326,46.439132881264044
2024-11-13,95.8229028400682,97.04596000736358,91.05546846080277,91.7493667602539,1855706,42.88373024459449
2024-11-14,92.35341321538593,100.83994307842138,92.35341321538593,97.99446105957031,876155,54.61189705154568
2024-11-18,94.80951555145084,95.28875824492918,91.40492335461995,93.49160766601562,820489,46.05557607788919
2024-11-19,93.35182615848133,95.11901780473406,91.57464822685318,94.20047760009766,1845730,42.84018104421617
2024-11-21,94.46006779904017,95.37860800465201,91.27512070094906,94.71965789794922,1495238,38.729805269667985
2024-11-22,94.86942014554377,98.54358881973226,93.65135985636599,96.24723815917969,1001389,47.36917422331804
2024-11-25,98.8431100443457,99.2923938612621,96.59667572515603,97.43534088134766,641970,43.6212002063668
2024-11-26,97.43534677179595,98.34390836323445,96.34707773656979,97.53519439697266,230355,45.69673133271613
2024-11-27,98.54358342952271,100.7900177716909,96.65657919148576,99.78162384033203,625961,50.21743155764228
2024-11-28,99.78162384033203,100.73011529343701,98.29397961372625,99.78162384033203,547542,43.062943111379035
2024-11-29,100.33075376441106,103.3459723082358,98.44374941165177,101.56879425048828,494754,47.6419850433733
2024-12-02,100.83994332012492,101.67860849935266,98.84311275933035,99.55198669433594,332451,49.86961774728795
2024-12-03,99.34232151409465,100.04120917129224,98.11426735381411,99.18257141113281,1239910,50.15733197460779
2024-12-04,99.82156613297818,100.72013381892296,99.34232343214389,100.38067626953125,705028,58.57196205281498
2024-12-05,100.69018103556358,103.08637926841122,99.20254437799778,102.03804016113281,1098548,71.37521885491999
2024-12-06,102.37750505123255,104.92345947782438,102.37750505123255,104.23455810546875,1316906,65.58602075132859
2024-12-09,105.23297414285517,105.23297414285517,100.44057765596106,101.00967407226562,1064218,70.05857528683082
2024-12-10,102.83677414757882,103.42583550823471,100.88986739267737,101.23931121826172,1178996,69.2728091607646
2024-12-11,102.17781566873411,102.62710711322508,99.44215994589614,100.32077026367188,1231952,65.00801150680519
2024-12-12,101.32916274469386,101.32916274469386,97.44532798730681,98.74327087402344,907461,56.67020061980101
2024-12-13,98.84311042008288,101.2393085597881,97.95452145094322,99.51204681396484,676973,55.676851705862674
2024-12-16,100.8399457671544,102.5372487380957,99.50207291526256,100.11109924316406,1099280,56.85438405371946
2024-12-17,100.5204517786828,100.54041673288422,98.3439061401279,98.53360748291016,424652,46.5564860074352
2024-12-18,98.53360524537736,99.73170052016424,95.35864438815778,95.64818572998047,724601,40.16161180334918
2024-12-19,94.8394640733477,95.24881798909712,93.28193869446577,94.99921417236328,466065,33.46733471520258
2024-12-20,98.34390292016687,98.34390292016687,90.0071370387201,93.56149291992188,895968,34.47205632243009
2024-12-23,93.85103407236457,94.51997046579125,90.20681686417899,92.52313995361328,1463504,33.31666653287354
2024-12-24,92.35341752235996,101.35912039833183,90.86578082160177,96.90618896484375,1260229,42.49352879045412
2024-12-26,99.14264457023087,99.14264457023087,93.97085289503778,95.08907318115234,1239699,35.089993861264574
2024-12-27,94.63978255689095,94.8394625601705,92.76276462722993,93.16212463378906,465704,25.964461574234477
2024-12-30,93.30190969287764,93.85104117218991,91.10539901023755,92.123779296875,435053,28.68775544859409
2024-12-31,92.12377797918418,96.84628578180791,91.20523771538606,95.85785675048828,879644,38.95040450757602
2025-01-01,95.8478715551181,96.74644687440824,94.65975487642869,95.09906005859375,306883,39.20760529373252
2025-01-02,95.09905530278884,100.28083303713953,94.92932653355102,98.51363372802734,1666282,49.55887693664589
2025-01-03,97.84469509625424,100.14105323216953,95.77797582085205,99.12266540527344,1514218,49.247396182788485
2025-01-06,101.42900478586608,105.83201983335208,101.42900478586608,104.08479309082031,8965549,56.57199414925458
2025-01-07,105.33281215401901,109.33645956399795,103.38590540283317,107.70903778076172,5217550,64.21279063940906
2025-01-08,107.32964243482867,110.65436714026518,107.32964243482867,109.64596557617188,2420438,72.33905666667397
2025-01-09,109.47623650470419,111.92235088326406,106.67068440020151,107.69905853271484,1762310,69.46144244812407
2025-01-10,107.67909038860077,108.34802682267379,103.83519294255365,105.44264221191406,1990383,67.76120369876145
2025-01-13,102.82679026109736,103.83519185328699,95.94770941020144,96.74644470214844,2414389,55.13724545412193
2025-01-14,97.13582614705592,102.8367766368268,97.13582614705592,102.05801391601562,1895489,56.12826910294542
2025-01-15,103.8351930342944,105.34280229677216,100.69018326027557,101.16942596435547,885366,57.39616777679158
2025-01-16,104.78367965784142,105.56244996785573,101.8383576549388,104.71379089355469,1125639,63.51952254414538
2025-01-17,103.68542295447224,106.08162109562238,100.0711645978653,103.13629913330078,5250364,62.727907128082286
2025-01-20,103.53566574355199,110.30492801864902,103.4358257349102,109.46625518798828,3052228,64.83780138868138
2025-01-21,110.824094250777,111.32330188253725,105.8919204114484,106.90032196044922,2368217,62.37955303108031
2025-01-22,106.67068605234148,110.1252096630188,103.38590644761847,107.08003997802734,1918741,59.64045430036439
2025-01-23,106.6806734793821,107.72901259324796,104.93344670114179,106.84042358398438,774060,58.75822505125505
2025-01-24,106.83043759430285,106.83043759430285,104.04485798033751,104.64390563964844,696895,50.67698269908468
2025-01-27,101.84834708885127,102.83677610497624,97.34549194403091,98.0344009399414,1688072,39.07554149587427
2025-01-28,98.34390867736414,99.14264397750306,92.35341677823536,95.2088851928711,2650129,34.018568994572746
2025-01-29,93.9508766684417,96.70650498417368,91.49477598472775,93.86102294921875,2741524,34.47580455344013
2025-01-30,98.34390446928401,98.34390446928401,93.95087574110391,95.3985824584961,941919,38.54735549474133
2025-01-31,95.87781599210722,97.20571011319429,93.45166661085119,96.79635620117188,1570879,50.068274701833055
2025-02-01,97.2855868733507,99.03281360531572,95.95769272890429,96.43692779541016,1188034,41.1058287196576
2025-02-03,94.85943725180691,95.86783119341003,94.10063951123196,95.13899230957031,965551,40.58014919293425
2025-02-04,98.84311724777481,99.84153257350992,96.61664771977159,97.94454193115234,2675668,39.17625453531378
2025-02-05,99.84153168657738,102.38749379150684,99.3622889828679,100.52045440673828,2690726,45.94678751843584
2025-02-06,102.83677477789809,102.83677477789809,100.02124396731188,101.50888061523438,550859,35.22431092571023
2025-02-07,101.73852283485952,102.83677816559431,98.84311687761007,99.8814697265625,867793,36.496354650591016
2025-02-10,100.74010252911924,100.87988005789937,96.047546177502,98.37385559082031,707162,34.0643132348074
2025-02-11,97.84470218092741,98.37386108619842,93.46165949873757,94.83946990966797,1102457,30.39789925820547
2025-02-12,95.74802742801812,95.74802742801812,89.8673620042654,91.2751235961914,2718602,29.09770800087128
2025-02-13,94.84945234903392,94.84945234903392,89.8573759096111,92.57306671142578,1578107,39.76038111978541
2025-02-14,94.84945462818638,94.84945462818638,84.88526646405353,86.78225708007812,2156902,35.78166198126647
2025-02-17,86.56260091206973,89.2283754736603,78.33566121536364,86.33296966552734,3923823,36.900617666324244
2025-02-18,86.85214707182993,87.89049992489787,81.42077287841114,87.19161224365234,1507619,35.37366960307139
2025-02-19,88.85896437096126,91.55468271506865,86.06339840000923,90.696044921875,1206898,39.88746423973228
2025-02-20,89.35816508354489,92.35341084053522,89.35816508354489,90.57623291015625,871335,40.206878985049215
2025-02-21,90.57623939860902,92.55309747414522,89.90730295978133,90.94564819335938,823448,42.768597216009255
2025-02-24,90.5762396833513,92.2036539241163,87.35135482555788,88.10016632080078,1682451,33.046768206511885
2025-02-25,90.80586501465791,90.80586501465791,87.11173159288411,88.77908325195312,1145134,28.366430121136688
2025-02-27,90.45642303571407,90.45642303571407,83.36767605619319,85.1847915649414,819053,22.55790575067455
2025-02-28,83.71712163121357,84.36609310160988,78.99462151381975,80.81173706054688,2122851,20.651505146156097
2025-03-03,80.86164879471748,83.09810443447616,76.93787656577146,78.92472839355469,1703362,20.413124075568263
2025-03-04,78.36561351694759,80.88162429859506,77.6168020538651,78.45547485351562,728794,22.51256240241723
2025-03-05,78.52536628308523,81.96989608321631,78.52536628308523,81.22108459472656,741884,32.667816531272166
2025-03-06,85.86371689259117,85.86371689259117,81.89002059641315,82.50904083251953,1526308,32.64462418473498
2025-03-07,81.870050215322,84.36608833164279,80.67195496640954,81.5106201171875,2163530,39.10890090317293
2025-03-10,81.77021306486054,82.31933689921276,76.48859531251782,77.02774047851562,1441502,33.52192109847465
2025-03-11,76.9378811938588,77.32726255457885,73.87274650311383,74.73138427734375,1683541,29.004020019103763
2025-03-12,75.28051110093986,75.72979491489188,73.85277699391621,75.17068481445312,2433281,20.825500669241165
2025-03-13,75.02092213763676,75.65990729559466,74.182256974306,74.93106842041016,1196988,20.732151853929295
2025-03-17,76.35880144785008,76.78812030878414,74.7813035293199,75.4302749633789,1803340,21.11522288066719
2025-03-18,76.42869284845075,77.77655195506263,75.68986005565567,77.15753173828125,1011830,28.74319103862578
2025-03-19,77.25737074954971,82.58891224539013,77.18748198543308,81.80016326904297,2770018,38.252100900773165
2025-03-20,83.01823211034146,83.3377246954605,79.96307617175502,80.5221939086914,1168686,41.487422296486024
2025-03-21,81.32092108810912,82.86846781101964,79.97306199054731,81.29096984863281,1284669,51.00754334197574
2025-03-24,81.28099258026354,84.85531353657078,81.27100629449811,82.86846923828125,1651727,58.40068542796018
2025-03-25,83.76704215413443,84.32615226431083,78.97464584109564,79.4638671875,1351943,51.90924954353201
2025-03-26,80.17275007713815,80.39239504032935,76.52853277957658,76.63835906982422,1040535,41.34288747499071
2025-03-27,76.62837532064195,79.87322508991996,76.10920270917138,78.23582458496094,2648225,42.020879377305526
2025-03-28,78.87480704350331,79.62361850277708,75.39033985252786,75.8595962524414,1928888,39.964545570079544
2025-04-01,75.85959436011882,78.86481879057975,75.80967055049096,78.41553497314453,920551,52.64559952969964
2025-04-02,78.41554009586149,78.41554009586149,76.43867441193365,77.0776596069336,753637,54.64243564572262
2025-04-03,78.14595995437796,79.87322172581241,76.47860827900459,79.60365295410156,758831,58.1022009772205
2025-04-04,79.2142643465571,79.2142643465571,73.88273042868497,74.4318618774414,1043900,49.22696501778056
2025-04-07,61.9017483180372,68.67100280243453,60.01474401901685,67.98209381103516,2226506,40.26109205279542
2025-04-08,70.8874886124566,71.2868562689454,66.91379223721476,69.70935821533203,1989883,40.261103971726044
2025-04-09,69.70935259077292,71.88589814485083,65.81553158446606,71.03724670410156,1501787,34.59119593029848
2025-04-11,72.88431974841706,75.10080301980888,71.48653675032897,74.51173400878906,1205869,41.90425102275494
2025-04-15,76.3687810466033,81.36085734281512,75.280512070335,80.75182342529297,1481016,49.36708611343924
2025-04-16,79.87322767226136,80.16276903664986,64.59746983301955,66.87386322021484,11305460,35.43106890600684
2025-04-17,68.66101764244804,74.63154455876298,67.14342972009112,72.27528381347656,5178877,43.68199688760788
2025-04-21,72.18543187145667,73.03408338396886,69.78923354054233,72.4350357055664,1206059,46.12410615769445
2025-04-22,72.88431611122652,74.09239769707584,71.90586577620171,73.15388488769531,579128,45.236750859115375
2025-04-23,73.4733744225013,74.17226966627896,71.51648145107073,72.58478546142578,821352,46.82292724491844
2025-04-24,72.77449070815453,73.52330218418902,68.79081578849622,70.96736145019531,960022,42.64009569073546
2025-04-25,71.31680499484587,71.35674252081662,66.95372740316974,68.89065551757812,1128823,42.02644686707864
2025-04-28,69.07037394874143,69.41981779641982,65.54596899573373,67.1334457397461,1778455,37.6702800261848
2025-04-29,67.69255749339138,68.83075027735478,66.08510831971773,66.5144271850586,550196,41.39726026488792
2025-04-30,67.19335016579727,67.19335016579727,64.48763810310244,64.83708953857422,1314722,46.18736588975212
2025-05-02,64.83708964131338,66.00523367131285,63.00000159569956,63.73883056640625,594192,42.64993974890839
2025-05-05,65.39620457850245,67.32314648375203,62.69049992910202,66.86387634277344,996916,45.08004156059457
2025-05-06,67.5427982277326,67.5427982277326,63.90856705583759,64.5176010131836,716348,37.896007103738796
2025-05-07,62.0115746969491,65.47607699579908,62.0115746969491,64.35784912109375,1564959,26.715822839264177
2025-05-08,64.84706877825772,65.59588023120436,62.00158678052128,62.97005081176758,731800,41.406574212862076
2025-05-09,61.90174692280026,62.97005096016288,59.67528132116359,60.25436019897461,1488465,19.990031002173794
2025-05-12,62.960070167580156,65.37623717325283,62.93011511870696,63.51918029785156,2055351,30.72937931998868
2025-05-13,63.89858076974708,65.05674620250487,63.25959557143396,64.5176010131836,1632021,31.556535680419188
2025-05-14,64.88700994062565,67.26324329292561,64.25801102711918,65.81553649902344,1534281,35.98016938975445
2025-05-15,66.47449188609164,72.61474744764683,65.49604154954571,69.78923034667969,1908355,47.776940239397135
2025-05-16,70.82758113674358,72.53487032099868,69.41981196076075,71.82599639892578,1536089,55.54716592664276
2025-05-19,72.88431648838507,73.33360032392604,71.13708972325254,71.6063461303711,673186,58.97435230186369
2025-05-20,71.77607592045868,72.2852698606515,69.73930777699171,70.32837677001953,728342,57.45511513699968
2025-05-21,70.27845302849231,71.52647216540588,69.2401001925037,70.97734069824219,740158,62.505073099242566
2025-05-22,70.88748928416378,72.00571720946755,69.95896271138325,70.49810791015625,413798,64.1218311428432
2025-05-23,70.49810735664312,72.13550789533275,69.79921966963089,70.87750244140625,1221672,59.47219222316371
2025-05-26,71.2469141042507,72.13550308301704,69.93899254125161,70.66783142089844,684261,66.14254132140383
2025-05-27,70.86752144351823,73.38352465138026,70.57798009204171,70.96736145019531,2057344,67.22165655286972
2025-05-28,70.32837777184939,70.32837777184939,67.98209566954998,68.79081726074219,1102682,64.56773454910049
2025-05-29,68.6410532097588,68.84073322671998,65.99525108984903,66.84390258789062,1440436,67.15177384003715
2025-05-30,66.76403637690653,68.30159691110275,65.69573227021687,67.38304901123047,955837,61.72017649054485
2025-06-02,67.89223863133844,68.39144626833358,65.90539436894294,66.14501190185547,498971,54.86565546338098
2025-06-03,65.80555530893473,66.29477666736234,64.2979460907388,64.60745239257812,554909,46.439076650726996
2025-06-04,64.41774816280709,65.24643464311389,63.698891777327965,64.8171157836914,652440,31.164867559717337
2025-06-05,64.48763742518025,68.48129843038143,64.47765875712602,67.54279327392578,1921058,34.579431551121175
2025-06-06,67.49287108803999,71.78605981882926,67.49287108803999,70.41822814941406,2868399,46.409161320610714
2025-06-09,71.62631221844137,77.9762342004795,71.0072996012134,76.02932739257812,2726567,63.653748958932134
2025-06-10,76.87797533940852,80.22266495084408,76.87797533940852,79.59366607666016,3364184,68.10742482676751
2025-06-11,79.47385265412986,81.77021078407225,77.67670976823501,78.15594482421875,2639419,65.46991980587696
2025-06-12,77.75658141448511,81.82013141176814,76.77813867871711,79.1343994140625,3802384,66.28592616491426
2025-06-13,76.37876913675451,78.8149048644053,75.68986015406217,77.80650329589844,1051576,63.48546760997297
2025-06-16,77.8065041024992,79.7733834488398,75.2206045321552,79.37401580810547,1104772,65.15477058590042
2025-06-17,78.5752792037069,81.62044884356901,77.47702392315638,78.3156967163086,1276372,67.89195278093467
2025-06-18,77.86640273099253,79.20428311868037,76.87797377247718,77.2374038696289,404582,70.18221963719628
2025-06-19,76.87797822061178,77.98621981473481,74.881147617479,75.50016784667969,1111127,65.06113058528115
2025-06-20,74.48178167056285,76.31886982830382,74.41189290255286,75.14073944091797,433504,67.25392962209835
2025-06-23,73.88273452197429,75.80967641622607,73.7329706988067,74.63154602050781,434121,70.0159472139297
2025-06-24,75.43027669799504,76.67829578553763,74.88114525255472,75.33042907714844,478399,70.59052937943656
2025-06-25,74.95103261018231,75.43027528241862,73.3335971608516,74.01251983642578,1295027,63.410583354050154
2025-06-26,74.38193697967887,75.44025471930215,74.38193697967887,74.93106842041016,445540,60.180181048461904
2025-06-27,75.04089571187261,77.8264676253964,75.04089571187261,77.53693389892578,1066088,53.934337254164895
2025-06-30,79.52377864332372,80.92156155997736,77.59683684658718,80.65198516845703,1539182,52.82817063135756
2025-07-01,81.77021335146644,82.56894100895215,78.26577356884961,78.84485626220703,1405163,51.8053500116162
2025-07-02,79.17433391152036,79.78336783524774,77.71664091494713,78.56529998779297,1351629,48.45192056652572
2025-07-03,78.87480548784863,79.15436054169517,77.03772506696917,77.38716888427734,381795,48.849944822962684
2025-07-04,77.82646704855864,79.87322139369364,73.38352215545603,77.65673828125,11864180,44.92923269069867
2025-07-07,77.89635842841759,82.26942232164838,77.88637975986715,79.64358520507812,6809720,53.717151447508314
2025-07-08,80.8416900317281,82.26942425024679,77.88638158571621,80.58209991455078,3942610,59.43663790876685
2025-07-09,80.46228267584449,83.76704238792809,80.12282514151966,80.76181030273438,3076637,66.27546618385306
2025-07-10,81.17116812650957,85.81379324570526,80.18273148056468,83.8069839477539,11186750,72.98728547733897
2025-07-11,84.37607463222959,85.85372493166889,83.38763805352885,84.7454833984375,4196558,76.22992273805812
2025-07-14,84.41601528341843,84.58574405349377,81.48067191181488,82.20951080322266,1810766,66.28842114923194
2025-07-15,82.20951092899027,83.35769003045803,81.90999091380571,82.98828125,1508175,71.80982035235454
2025-07-16,83.86688794995835,84.21633179295561,80.32251047181808,81.50064086914062,3893768,65.53352539321465
2025-07-17,75.87956192394476,79.49382801044635,75.87956192394476,76.77813720703125,3542835,48.3690959114005
2025-07-18,76.47861095448881,77.47702626098946,72.98415738173654,73.82283020019531,2448356,35.2204065849041
2025-07-21,73.83281097950479,78.03614624326359,71.7061890580929,77.35722351074219,8368571,47.0044352676754
2025-07-22,77.8763947604831,81.4607020937941,77.8763947604831,80.83170318603516,5697391,54.043464294270095
2025-07-23,80.87163874788104,81.57052640618798,78.87480816151361,79.37401580810547,1588673,53.50970161202069
2025-07-24,79.36403306519156,80.0729070409201,76.43867582088122,79.563720703125,3954508,53.37815519468127
2025-07-25,80.04294819113616,80.32250324036558,76.37876607802937,76.8480224609375,1619785,45.172415973793335
2025-07-28,76.5784492514372,76.66831058801361,73.68305102109223,74.57164001464844,1347035,40.0791049215663
2025-07-29,74.27211509961471,74.8811490546435,71.89588937851028,72.804443359375,3276318,37.519582395396625
2025-07-30,72.88431315404134,73.82282592534293,72.0855779081714,72.97416687011719,1942037,31.325279020161744
2025-07-31,72.88431341656023,73.29366732630157,70.5979415747588,71.16703796386719,1065222,27.272734238122723
2025-08-01,71.38669518167745,71.78606283202883,70.39826615046869,70.59794616699219,585464,29.195001062155356
2025-08-04,70.88748565743528,71.30681825148119,69.57956406382839,69.91902160644531,1200774,26.499093171485256
2025-08-05,69.93899624051139,69.93899624051139,66.94375027932982,67.36308288574219,834929,25.51866858109483
2025-08-06,67.29319333673867,68.88067002142833,65.00682136550479,65.79557037353516,3678268,28.649064108264966
2025-08-07,65.79556696250043,70.67781696004941,65.47607438493928,69.7492904663086,3846294,42.37666861702143
2025-08-08,69.77924420856417,71.68622107423177,69.30998780215155,70.82758331298828,2521585,36.54319605559872
2025-08-11,71.885898969982,72.17544031046533,68.39144554783009,68.98050689697266,612550,23.820016489735707
2025-08-12,68.99049714919576,69.46973985483103,67.18336785594433,67.62267303466797,534577,23.92556759432368
2025-08-13,67.62266832218273,68.8906523397204,66.97369688537677,67.54279327392578,3028176,23.196769473168132
2025-08-14,67.7924034836847,67.7924034836847,66.2448566512202,66.61427307128906,785409,25.205603627703454
2025-08-18,66.89382212660966,69.88906789347278,66.65420459810571,69.23011016845703,2554556,37.26793128092659
2025-08-19,70.38827713192862,72.9841553324822,69.10032050862961,71.84596252441406,2774761,47.80420108435378
2025-08-20,71.1370927293697,73.69303355340679,70.58796124734398,72.56482696533203,2865629,49.085252434047234
2025-08-21,72.48495156354502,75.92948902855815,71.58637624148488,74.8911361694336,4436266,58.13347276667543
2025-08-22,74.87115905756939,77.12757970342072,73.69302873281202,75.849609375,6384576,61.27787495322362
2025-08-25,76.67830054547969,77.37718823096662,74.68146988145473,75.15071868896484,3603409,61.22537177048891
2025-08-26,74.79128954479829,74.79128954479829,72.1854251499519,74.0025405883789,1249279,65.16187414477326
2025-08-28,73.88273075567228,74.88114603615435,72.66466289471552,72.75452423095703,718223,66.12679881300267
2025-08-29,72.13550793353384,73.23376327826516,70.88748876513361,71.26688385009766,797756,53.970748284653666
2025-09-01,71.26687898746543,77.86640450905601,71.26687898746543,77.2673568725586,6556055,63.39841683963501
2025-09-02,76.67829887939989,78.54533063462115,74.97100199552709,76.15911865234375,1779932,65.40937111967301
2025-09-03,76.77813743871835,79.17433566174508,76.01933968434398,78.4654541015625,2560876,72.36408075450771
2025-09-04,79.22424939181235,79.37401320433793,77.37718268347408,77.90634155273438,844210,70.96124093689365
2025-09-05,78.04612455290025,80.77180175663493,77.54691688767669,79.68352508544922,5111596,75.55642616158521
2025-09-08,81.3708459028572,83.66720411022757,79.27417532329962,80.14279174804688,5186845,73.3049136672807
2025-09-09,80.17275086812954,80.78178480467373,77.47702501359684,77.81649017333984,1864707,62.910207320473205
2025-09-10,78.37560055414502,80.41236866733561,78.19588549658985,79.63360595703125,1674049,64.59193042634652
2025-09-11,79.87322514771554,80.21268269828725,77.88638080501134,78.75499725341797,1769288,58.483114975752194
2025-09-12,79.08999633789062,79.44000244140625,77.05000305175781,77.33000183105469,850437,53.18496073745306
2025-09-15,77.33999633789062,78.81999969482422,76.25,77.81999969482422,1639759,55.794857525225424
2025-09-16,78.0,78.88999938964844,77.44000244140625,77.83000183105469,1062273,58.741175154560025
2025-09-17,78.08000183105469,78.83999633789062,76.80000305175781,77.12999725341797,931375,60.24927728103259
2025-09-18,77.48999786376953,78.9000015258789,76.95999908447266,78.13999938964844,830621,66.46836038656562
2025-09-19,78.0,78.51000213623047,76.51000213623047,76.79000091552734,1252080,48.52823840242076
2025-09-22,76.83999633789062,77.0,75.5,75.5199966430664,810561,48.04895056360131
2025-09-23,75.0,75.0,72.94999694824219,74.80000305175781,2183286,37.61051403532117
2025-09-24,74.9000015258789,75.30000305175781,72.5,72.94999694824219,836916,34.59181611446169
2025-09-25,72.81999969482422,73.80000305175781,72.12000274658203,72.41000366210938,637008,25.503909949623136
2025-09-26,72.1500015258789,72.58999633789062,70.01000213623047,70.93000030517578,861208,20.968754011952555
2025-09-29,70.88999938964844,71.55000305175781,67.62999725341797,68.73999786376953,2223834,21.150438100004948
2025-09-30,69.08999633789062,70.20999908447266,66.87999725341797,68.13999938964844,1348671,10.404041784592351
2025-10-01,68.81999969482422,71.47000122070312,68.1500015258789,71.16999816894531,1869099,27.24272826950326
2025-10-03,71.16999816894531,73.1500015258789,70.13999938964844,71.66999816894531,2430381,32.02032501015475
2025-10-06,71.61000061035156,71.87000274658203,69.55999755859375,69.94000244140625,903822,26.79624353489818
2025-10-07,69.69999694824219,70.18000030517578,68.56999969482422,68.8499984741211,566251,25.138425312008778
2025-10-08,68.8499984741211,69.77999877929688,68.41000366210938,68.6500015258789,633060,25.85422293128677
2025-10-09,67.4000015258789,70.12999725341797,67.4000015258789,69.41000366210938,1078687,24.783371002831387
2025-10-10,70.11000061035156,70.2699966430664,68.68000030517578,68.9800033569336,913953,26.17450320490441
2025-10-13,68.9800033569336,69.16999816894531,67.5999984741211,67.93000030517578,505743,26.530620911054555
2025-10-14,70.0,72.19000244140625,68.5,69.30999755859375,4774685,33.68982502713126
2025-10-15,69.30999755859375,72.22000122070312,68.80000305175781,69.08000183105469,2195917,37.278115413091065
2025-10-16,69.47000122070312,72.22000122070312,69.05999755859375,70.5999984741211,2717876,44.41011189625151
2025-10-17,70.38999938964844,70.4000015258789,67.94000244140625,69.3499984741211,1411210,45.05011692674822
2025-10-20,69.87000274658203,71.19999694824219,68.36000061035156,70.12000274658203,970952,54.745548555818964
2025-10-21,70.12999725341797,71.37999725341797,68.98999786376953,70.13999938964844,208930,57.16332816691114
2025-10-23,70.05000305175781,70.4800033569336,68.26000213623047,68.70999908447266,627659,40.04854174163868
2025-10-24,68.9000015258789,69.19999694824219,67.1500015258789,67.80000305175781,494540,34.84730443759902
2025-10-27,68.12000274658203,68.12999725341797,66.9000015258789,67.08000183105469,438654,37.84012777944292
2025-10-28,67.08000183105469,69.0,66.94000244140625,68.29000091552734,1075917,47.64310585986819
2025-10-29,68.5999984741211,68.77999877929688,67.72000122070312,67.94000244140625,1178231,47.049045690784155
2025-10-30,67.87000274658203,68.23999786376953,67.5199966430664,67.9800033569336,658936,43.678153941216515
2025-10-31,67.4000015258789,67.9000015258789,66.19999694824219,66.33999633789062,689334,39.4568381513704
2025-11-03,66.51000213623047,67.0,65.94999694824219,66.25,723600,42.73355636352117
2025-11-04,66.30000305175781,66.56999969482422,63.95000076293945,64.20999908447266,769033,29.132564857691733
2025-11-06,64.20999908447266,64.27999877929688,59.70000076293945,59.9900016784668,3349301,21.961743352458598
2025-11-07,61.970001220703125,61.970001220703125,58.81999969482422,59.130001068115234,1294592,13.118977592393563
2025-11-10,59.45000076293945,60.47999954223633,57.68000030517578,59.189998626708984,2328110,14.623948069101303
2025-11-11,58.0,60.29999923706055,57.13999938964844,59.84000015258789,4757479,13.904470189494631
2025-11-12,59.20000076293945,60.63999938964844,57.95000076293945,59.22999954223633,2870738,13.216448729870265
2025-11-13,59.2400016784668,61.25,58.9900016784668,60.61000061035156,1805538,22.598108446845103
2025-11-14,60.7400016784668,63.11000061035156,59.61000061035156,60.849998474121094,2441223,25.37206138553259
2025-11-17,61.0,64.69999694824219,60.25,64.06999969482422,2037172,40.939187159467664
2025-11-18,64.58000183105469,69.4000015258789,63.900001525878906,68.12000274658203,6942146,49.562986815075675
2025-11-19,68.01000213623047,69.30000305175781,66.25,68.5199966430664,2149402,51.487164619641426
2025-11-20,69.19999694824219,69.26000213623047,66.69999694824219,67.62999725341797,1991249,49.140034079214495
2025-11-21,67.88999938964844,67.88999938964844,65.01000213623047,65.41000366210938,768182,47.7783245575185
2025-11-24,65.4000015258789,65.5199966430664,61.599998474121094,63.08000183105469,824678,43.15925881900086
2025-11-25,62.40999984741211,63.5,61.709999084472656,63.20000076293945,606015,47.62353208126225
2025-11-26,63.099998474121094,69.80000305175781,62.849998474121094,68.13999938964844,5678729,68.54802344937346
2025-11-27,68.13999938964844,69.0,65.86000061035156,67.08000183105469,867909,67.92964709813552
2025-11-28,66.55000305175781,68.98999786376953,64.94999694824219,66.5,1114916,66.10842722272614
2025-12-01,67.0,67.69000244140625,64.7300033569336,65.58999633789062,603449,62.527228552626966
2025-12-02,65.0,66.11000061035156,64.16999816894531,64.48999786376953,378418,61.220137247782745
2025-12-03,64.0,64.5,61.310001373291016,62.06999969482422,778698,52.982025723663064
2025-12-04,61.9900016784668,62.38999938964844,61.310001373291016,61.779998779296875,421926,51.895639300260164
2025-12-05,61.900001525878906,63.400001525878906,61.2599983215332,62.47999954223633,616262,46.388003577948375
2025-12-08,62.5,62.5099983215332,60.04999923706055,60.61000061035156,462534,31.064026168494692
2025-12-09,60.599998474121094,61.900001525878906,58.939998626708984,61.52000045776367,796364,32.792530092327326
2025-12-10,61.83000183105469,62.16999816894531,59.7599983215332,60.060001373291016,607203,31.898616218507982
2025-12-11,61.0,62.22999954223633,59.7400016784668,61.720001220703125,897161,40.93365425530918
2025-12-12,62.0,62.36000061035156,60.650001525878906,60.88999938964844,483465,44.19097448625029
2025-12-15,60.9900016784668,61.65999984741211,60.189998626708984,61.36000061035156,343394,45.20833312637277
2025-12-16,61.20000076293945,61.369998931884766,60.45000076293945,60.83000183105469,297197,25.287366105165958
2025-12-17,61.45000076293945,61.45000076293945,59.02000045776367,59.650001525878906,501537,25.083841447814137
2025-12-18,59.70000076293945,60.0,59.0,59.5099983215332,329222,25.846581734539868
2025-12-19,59.25,60.900001525878906,59.25,60.63999938964844,305276,33.15181713554455
2025-12-22,60.75,61.9900016784668,58.20000076293945,60.41999816894531,717780,35.26430787164281
2025-12-23,59.75,61.029998779296875,59.709999084472656,60.66999816894531,371255,43.98625136742395
2025-12-24,60.88999938964844,60.9900016784668,59.29999923706055,59.630001068115234,548372,41.323659583770144
2025-12-26,59.20000076293945,60.38999938964844,59.20000076293945,59.52000045776367,460195,37.457634241748295
2025-12-29,59.52000045776367,59.790000915527344,58.66999816894531,58.84000015258789,300294,41.65881376267415
2025-12-30,58.5,59.95000076293945,58.459999084472656,59.810001373291016,650367,41.98688774499674
2025-12-31,59.88999938964844,60.08000183105469,59.209999084472656,59.790000915527344,474305,48.53737677152875
2026-01-01,59.599998474121094,60.0,58.86000061035156,59.040000915527344,335916,33.8942431133771
2026-01-02,59.08000183105469,59.900001525878906,59.0099983215332,59.81999969482422,487684,43.53083952817708
2026-01-05,59.90999984741211,60.130001068115234,58.70000076293945,58.869998931884766,373506,35.77142518335607
2026-01-06,59.0099983215332,59.54999923706055,58.0,58.400001525878906,366482,36.01841413992428
2026-01-07,58.849998474121094,58.849998474121094,57.0,57.189998626708984,663871,35.89448693445068
2026-01-08,57.599998474121094,57.599998474121094,52.11000061035156,52.5099983215332,2685852,23.60483079835329
2026-01-09,53.0,53.75,51.38999938964844,51.58000183105469,1036363,15.313938544222466
2026-01-12,51.619998931884766,61.88999938964844,51.310001373291016,61.72999954223633,55196970,52.84906853497832
2026-01-13,60.959999084472656,67.5,59.0,66.47000122070312,49042290,60.55313674220361
2026-01-14,63.88999938964844,71.9000015258789,62.650001525878906,69.87999725341797,28469970,67.16917591150514
2026-01-16,69.0999984741211,78.23999786376953,69.0999984741211,72.06999969482422,58190510,69.6523655127913
2026-01-19,72.0,77.5,68.05999755859375,76.23999786376953,27437670,74.56239481175241
2026-01-20,75.54000091552734,76.5,69.51000213623047,72.98999786376953,15872710,67.48010462998087
2026-01-21,68.0,73.19999694824219,67.5,71.69000244140625,9362956,65.26424468873216
2026-01-22,72.5999984741211,78.0999984741211,70.94999694824219,77.0199966430664,15804760,70.63820366568386
2026-01-23,77.04000091552734,80.5,72.70999908447266,75.95999908447266,13361450,68.40785396385851
2026-01-27,77.19000244140625,78.5,73.20999908447266,75.05000305175781,8711705,68.47033431136533
2026-01-28,75.05000305175781,76.33999633789062,73.0999984741211,74.02999877929688,5922743,67.62119861187975
2026-01-29,75.80000305175781,75.80000305175781,71.0999984741211,72.66000366210938,3994764,67.3781325251073
2026-01-30,71.83999633789062,72.0,67.56999969482422,71.41999816894531,9573089,73.02168099586031
2026-02-02,70.9000015258789,72.0,66.70999908447266,71.52999877929688,4243358,74.78261429974641
2026-02-03,74.0,76.5,72.2699966430664,75.56999969482422,6741696,70.26948599785487
2026-02-04,75.0,76.0,68.0199966430664,68.1500015258789,11546570,52.28137020005309
2026-02-05,68.1500015258789,68.1500015258789,64.47000122070312,66.08000183105469,5542043,44.64487500411252
2026-02-06,65.80000305175781,67.94999694824219,64.66999816894531,67.48999786376953,2735804,43.400570248071986
2026-02-09,67.5999984741211,68.88999938964844,64.5199966430664,65.56999969482422,6687793,33.55931557826847
2026-02-10,65.5999984741211,66.83999633789062,64.80000305175781,65.20999908447266,2032283,36.84031894811338
2026-02-11,65.77999877929688,66.69000244140625,65.0,66.08000183105469,1393482,40.3707473247347
2026-02-12,66.5,66.5,65.0,65.36000061035156,1172873,26.223495862484185
2026-02-13,65.11000061035156,67.0,64.47000122070312,65.7699966430664,2166039,28.655206271766303
2026-02-16,65.5,65.8499984741211,64.94999694824219,65.19000244140625,1184825,29.05691711441567
2026-02-17,65.0999984741211,65.6500015258789,64.75,65.22000122070312,1098591,30.465626767787498
2026-02-18,65.98999786376953,65.98999786376953,64.5,65.0999984741211,1071590,32.253505134440346
2026-02-19,65.01000213623047,66.5,64.16999816894531,65.0,1644175,34.07737633448254
