Date,Open,High,Low,Close,Volume,RSI
2021-02-19,131.82757231811695,132.87045259229944,129.05620923173944,130.63018798828125,78985,
2021-02-22,130.63019530403224,132.09795444630186,127.48225234897048,128.19680786132812,118135,0.0
2021-02-23,128.41890258706138,129.2589944254745,126.32349111280428,127.3760223388672,639140,0.0
2021-02-24,129.3942070039749,135.67079167207817,128.0133654494659,134.5506591796875,396825,68.79636322136423
2021-02-25,136.15359280979987,138.47109487879234,132.59042195962687,137.03231811523438,411045,74.79435054958049
2021-02-26,137.3123604170208,152.03819404078484,131.15166102523654,140.0644073486328,3143815,79.5881743205231
2021-03-01,142.7295199582136,147.74113330832017,139.48500820599145,141.5321502685547,453565,81.30895590801416
2021-03-02,142.9130001706503,149.0930159059235,139.84230899621386,147.7314910888672,489815,86.21678932268932
2021-03-03,149.65308180562735,149.65308180562735,143.88827921373502,145.2884521484375,342420,78.13197703158278
2021-03-04,146.77551777351914,157.28155955018505,142.55572635251292,154.7709197998047,557690,83.96740682342346
2021-03-05,156.13244680848038,159.76320401965353,151.0435813911603,157.08840942382812,423970,84.94898637889962
2021-03-08,159.6183676267616,161.2599328586989,153.25488039929266,156.94357299804688,585110,84.62518301728136
2021-03-09,157.41673590258955,161.4530552859364,153.60250691153735,156.5573272705078,287630,83.77362090864099
2021-03-10,157.3491381411776,160.10118485786282,155.81379258671168,156.45111083984375,68990,83.54244004700146
2021-03-12,157.59054704045832,159.13555832621876,149.96208881102535,152.19268798828125,387320,75.22027044970724
2021-03-15,150.290409982817,156.43180745756075,150.290409982817,154.72264099121094,111415,80.95563030537221
2021-03-16,154.50054626161088,155.42755602228146,152.98450257894507,154.0563507080078,41370,81.24860602767927
2021-03-17,156.41247690889287,156.41247690889287,150.06830627467352,152.13475036621094,72475,73.48466291175413
2021-03-18,152.18302610307396,155.2730337188366,143.86896584363475,147.80873107910156,90785,63.716817596855776
2021-03-19,146.5437322881193,158.3244082731757,143.57926133630522,156.62489318847656,221755,68.37366265845114
2021-03-22,157.41674587270273,157.41674587270273,152.08647297980104,153.9984130859375,96640,63.48445701470238
2021-03-23,154.77090500212674,167.43994376788496,153.5735205883118,162.26417541503906,1023810,65.04699510047718
2021-03-24,162.59250284945875,169.7381465946142,162.29316042478035,165.13209533691406,403095,70.3667149756487
2021-03-25,165.12245615418075,170.80035585271042,162.5925144649295,166.72540283203125,257960,64.64051869866375
2021-03-26,169.37120143807894,172.87643695473977,166.03013570202242,170.87759399414062,387945,66.16119273582564
2021-03-30,172.84746660000772,175.33878939509813,171.88183829497976,173.05990600585938,456895,68.02766859676396
2021-03-31,171.1093413738191,174.77873206570888,171.1093413738191,173.08888244628906,111865,68.64112937082669
2021-04-01,171.52456267818567,176.4299562970784,170.91621212344225,172.18118286132812,129540,67.42245558388075
2021-04-05,171.88183978332606,174.08347115910857,166.46466435583838,170.28855895996094,173500,71.15125525557232
2021-04-06,170.91622837730554,173.6006741753334,169.68022519264466,172.77023315429688,165120,71.11865953835479
2021-04-07,173.81310248986267,176.15957230100258,171.11900588437027,172.68331909179688,252425,72.09623508363806
2021-04-08,175.35811971591284,178.15843612441145,172.21982748065898,173.95794677734375,302775,76.29131602816113
2021-04-09,175.16497511286374,182.3009679614111,172.8667896812874,180.32144165039065,641740,87.33647409606698
2021-04-12,179.60687815154805,184.24189730877453,169.37121145993623,170.9451904296875,712850,66.23607815918393
2021-04-13,174.3924722373532,176.516851494011,170.24991868926816,172.92471313476562,284380,71.77775889349991
2021-04-15,173.91911129019613,175.35219040817265,166.2565307539774,169.23968505859375,140725,58.97228357744358
2021-04-16,169.2396739047687,171.1894396646138,166.7049724667571,167.6798553466797,102875,53.391184747569284
2021-04-19,166.71471750645696,170.0195699054184,160.11477105776558,167.2801513671875,164995,50.762627957711025
2021-04-20,169.62962826191657,179.37845747237154,167.67986241982555,172.40805053710938,180085,52.04899278623796
2021-04-22,173.3146805213993,173.52915594913185,166.49050023126492,168.99595642089844,142610,44.73258788381494
2021-04-23,170.39002901923132,173.36342478606616,166.72447473609552,167.4263916015625,73965,42.9425168964472
2021-04-26,167.49463212592522,170.19506197980994,166.70497934071238,168.68399047851562,128035,45.678939259451425
2021-04-27,169.52237787258855,175.08896548085116,169.52237787258855,174.35780334472656,178475,54.598222383457276
2021-04-28,177.23371300633465,178.2085958997957,168.72298951156827,170.62400817871094,209835,47.64151813426152
2021-04-29,184.8280530332769,184.8280530332769,172.19357846057358,175.0792236328125,1922315,52.40222533778759
2021-04-30,173.49015324233005,175.83960953380196,170.40951996011654,172.447021484375,342920,48.52523630176567
2021-05-03,170.8774650888696,174.50403048793513,169.92208405916833,170.61424255371094,189925,39.60580650495076
2021-05-04,171.59889744874658,175.28395373292278,168.65474683594104,170.1463165283203,259400,48.94292416391974
2021-05-05,172.51526347675187,172.51526347675187,168.42074389599065,169.07391357421875,93785,44.77926385150259
2021-05-06,171.50141168641795,181.3087320639673,169.824611774394,179.8074188232422,1653285,62.02838110700419
2021-05-07,180.33384811944745,187.8989495077124,179.80741785944016,182.17637634277344,753810,66.20177126614217
2021-05-10,185.18874607392277,187.76243611038043,182.59555421601723,185.3934631347656,362230,69.04465637367423
2021-05-11,183.27798177341427,185.25699283337184,180.1778613496301,180.7140350341797,118685,58.81620115296796
2021-05-12,183.6679237974154,185.20824049225232,180.75303358343837,182.0398712158203,123040,64.48676433804067
2021-05-14,184.64282127829048,184.72081369787543,176.0638633814052,177.34095764160156,123420,60.29561502166203
2021-05-17,178.2281006816742,183.04400975987627,174.50404082657212,180.5093231201172,187585,61.81110582437477
2021-05-18,183.2779884984908,183.2779884984908,177.23371738481734,178.37432861328125,166765,54.3168569420305
2021-05-19,178.98850484967127,181.44519902614329,177.68215046951025,178.4523162841797,260125,59.131224103316214
2021-05-20,179.34922058984696,194.93760458396315,178.78378668404648,184.0579071044922,1858895,60.19934612087302
2021-05-21,185.9101520561355,191.04778871742823,184.07738245750247,189.58546447753903,600845,68.26684786303325
2021-05-24,194.00169521521568,195.9514609962731,190.1021636531008,192.73434448242188,629685,72.93311181652538
2021-05-25,193.6994846858112,196.9263446864797,192.15916792745705,195.9514617919922,297035,75.31076351680616
2021-05-26,196.92635331880143,201.62529621646635,195.269055300631,200.2799530029297,342345,78.77049514728373
2021-05-27,201.800770512686,201.800770512686,192.5101371955504,194.6548767089844,377920,65.11213704130174
2021-05-28,194.030954840598,198.87612435437217,193.80673592436744,195.35679626464844,250485,63.88662569554348
2021-05-31,195.35677887247488,195.8539637839055,189.3222514916222,190.4238739013672,225395,55.115004715126645
2021-06-01,192.0519350791576,196.9068478515424,190.59935417438228,192.14942932128903,220555,62.370824642409325
2021-06-02,191.2720299930149,194.97658814283545,190.11191691347975,191.45726013183597,181000,60.32935965729143
2021-06-03,194.78161113446083,200.63090867678375,191.515747389784,197.84274291992188,308125,71.68486374383687
2021-06-04,195.21056573013036,200.15321451253652,195.21056573013036,198.3984222412109,203580,70.02835861691956
2021-06-07,201.7617678118778,215.44911693046117,199.8704926406384,207.54281616210935,1075545,78.22639042126684
2021-06-08,207.83529972369243,208.4007336231112,202.77565480308772,203.5653076171875,271355,72.59649062107081
2021-06-09,206.43145265976716,206.43145265976716,198.09620094680463,198.93460083007807,192925,63.624977884682835
2021-06-10,199.9387404933666,202.7853969201384,195.60051434427143,196.6436462402344,138015,56.87170334575968
2021-06-11,198.8761148180691,203.1655936972653,196.06844726046708,197.24806213378903,280815,54.62353652067276
2021-06-14,197.31628693855703,198.66163005933257,192.8318346618588,194.16741943359372,142110,48.16742815495172
2021-06-15,194.5866358223316,202.87314060145488,193.87496058385855,194.3916473388672,316195,43.39456249948645
2021-06-16,195.9417181515727,197.72575563203128,192.3053942478439,194.21617126464844,81285,49.43931186164215
2021-06-17,193.8749585317007,196.01971282284492,188.93230993927725,189.71221923828125,121900,43.42493067190218
2021-06-18,189.42948364531,192.003173766706,182.47856418511887,184.30160522460935,208030,42.94698420991008
2021-06-21,184.418612267119,189.5172461074298,179.3882125003991,180.6555633544922,315425,37.31984620771383
2021-06-22,183.24874011206515,184.71106446373315,179.3881972784273,180.90902709960935,239970,38.249335625596316
2021-06-23,180.41182888279545,184.1358887379771,178.40357246896767,179.38819885253906,205480,26.942717732516925
2021-06-24,180.36306532543048,181.9618725565604,178.0136090326488,179.40768432617188,244970,25.950565382782585
2021-06-25,180.35332818942916,181.32821104450716,178.40356247927315,178.92999267578125,193580,3.5747425921907876
2021-06-28,180.1583726457591,185.29600997197088,178.06236537199806,180.49957275390625,1638785,9.402863539289712
2021-06-29,183.08302725576712,197.12133626637103,182.14713304647776,194.9181060791016,3068465,44.742244648564906
2021-06-30,197.68675537741996,207.8450335185468,192.2956540730446,197.2675628662109,1675105,50.81548327291011
2021-07-01,198.46666338814785,204.77415696728545,195.23980335588308,201.13784790039065,734680,54.68419994612427
2021-07-02,202.3564411246739,204.0722295923498,195.9514536342831,197.8232269287109,203205,54.37776617294138
2021-07-05,199.07108146982875,199.831488927519,195.36652354422887,197.23831176757807,166460,53.379636926209464
2021-07-06,199.0710872443896,204.9203847043161,195.61024993882663,202.8536376953125,587455,59.08159372331784
2021-07-07,204.7254190710325,210.07753181051007,201.38157769979492,203.0973663330078,352025,65.45822814433026
2021-07-08,205.3103404342266,211.54958491467696,201.22557878781657,203.20458984375,550830,74.87812225127419
2021-07-09,203.7505299523261,207.1333748693284,203.7505299523261,206.1779937744141,157765,84.19537410026045
2021-07-12,208.624955265629,209.9897854713589,204.3549631032926,206.0025177001953,193665,83.69108050202456
2021-07-13,206.6751785217645,211.74456671794653,204.5206807287325,210.89642333984372,215405,88.79020759640126
2021-07-14,211.54958280270705,213.47010324676492,208.62493419253133,212.42697143554688,126555,89.19231610716743
2021-07-15,211.93954070359064,217.28190981168743,206.002507295238,208.7809295654297,227665,82.95311328779682
2021-07-16,207.6500620029821,211.35462007485555,207.6500620029821,210.2627410888672,112090,82.92001581058071
2021-07-19,209.5998138667489,212.5049606100786,201.82999632080868,208.5079498291016,144395,70.88076667345001
2021-07-20,207.75729808598115,212.2904976790695,201.2158271976172,202.34669494628903,105015,56.98578607250004
2021-07-22,204.1404638696447,206.66542176928684,201.89824520375845,203.5360412597656,77515,53.561067522705194
2021-07-23,204.55967700320787,205.70028819057515,200.75762483645136,202.57090759277344,62930,57.57860811057018
2021-07-26,200.4359341926256,214.41575168765436,200.0849757465962,208.65419006347656,506055,65.501742765276
2021-07-27,211.5495914232006,213.4993572427693,207.0748824374184,208.3129730224609,162635,58.65265601760595
2021-07-28,208.3129610008015,211.15963202356025,203.93574650881808,205.90501403808597,116940,54.16424132421438
2021-07-29,206.0902416896002,212.329501253022,206.0902416896002,210.04827880859372,111990,59.06510427614663
2021-07-30,214.47422277067795,247.65922778505265,206.00248859115112,225.99734497070312,5109155,69.53681033178316
2021-08-02,226.562772097609,233.97188782907588,220.85971625709448,231.57366943359372,739060,72.78096341655387
2021-08-03,232.0221478203238,235.6292118491465,225.82189151044005,228.30784606933597,284645,65.97499440701955
2021-08-04,229.9651421550931,243.88646971349945,229.9651421550931,233.2992401123047,906695,68.00677469709089
2021-08-05,233.11398538503127,233.97188706443777,226.43604670038627,230.47206115722656,250830,68.98140408579218
2021-08-06,231.63219500405197,239.6067303994037,231.04725928350064,235.093017578125,255310,70.5968109362474
2021-08-09,230.0723752914391,241.95620078509492,230.0723752914391,237.96893310546875,362595,73.99176447461065
2021-08-10,237.9689350487137,241.77097261953327,223.17020407003105,228.13235473632807,280960,69.81273740208174
2021-08-11,231.04725545769503,233.38696855009135,218.96845649524445,230.8132781982422,317485,70.48916824549765
2021-08-12,233.7769381206298,235.74620587624608,229.42895354891868,233.2992401123047,175925,72.56587407559805
2021-08-13,233.12375527745505,237.60820774292495,232.08062342238523,235.375732421875,286070,70.85044951940537
2021-08-16,236.5553194055929,236.8672890602264,226.84549447587088,228.50279235839844,245430,64.29655618915248
2021-08-17,231.03751451852344,233.58195960030076,227.14772621231376,228.91226196289065,97630,66.76612755263727
2021-08-18,229.487426377844,231.98313907193105,225.57815134375988,226.14358520507807,86420,61.9689594212173
2021-08-20,225.2369450568447,237.0817815529975,222.46828111247336,230.21859741210935,342825,53.812296186215484
2021-08-23,232.01239551459972,233.58195763807456,215.7513403913696,220.2552947998047,141175,40.528655961195376
2021-08-24,220.4307832028292,229.77016359734347,218.18854945509884,227.3037109375,114100,49.209755811699786
2021-08-25,227.30369322086315,230.29657589229328,224.8859729962674,228.2103271484375,110240,45.71989364511876
2021-08-26,231.82714817105972,231.82714817105972,223.34567022436295,228.97073364257807,79745,48.69180561963424
2021-08-27,230.07235868330207,231.54442647053327,226.17282718019527,229.92613220214844,179225,45.190562613430146
2021-08-30,233.58194180534247,234.7420399262044,229.1072181227468,232.54855346679688,93495,44.930682365002305
2021-08-31,232.6070725138691,233.97190266252065,229.8773973410331,232.20736694335935,81235,54.63414769580169
2021-09-01,229.29244724897003,238.8463023167463,224.2425611402428,233.56243896484372,182305,53.22358380344561
2021-09-02,234.73231890847532,248.40018223045348,233.98165486096093,242.48263549804688,913990,59.35637467473449
2021-09-03,247.62023309772465,250.5448815201387,235.18073382958133,236.65280151367188,220630,51.20868303892498
2021-09-06,242.73610148279204,242.73610148279204,234.43009491189505,236.11663818359372,96995,58.18830940582111
2021-09-07,236.05815328837025,236.50660598370956,231.0277537735892,233.4162139892578,80080,54.616301084968576
2021-09-08,233.91338882161432,235.0637434217985,231.65165351371584,232.9580078125,80665,57.33164742161895
2021-09-09,232.95802781862272,237.6959593786117,231.04725076076764,232.88003540039065,95625,53.13290095635931
2021-09-13,230.4623197686143,234.7518136057905,229.36071216797728,233.7964324951172,92805,70.25375390727703
2021-09-14,236.896548481102,242.74584597446253,234.75180904197637,235.35623168945312,201970,64.41033225164138
2021-09-15,237.52047821706967,237.52047821706967,235.14176147028965,236.0191650390625,55185,64.09720171537624
2021-09-16,236.2433494287383,236.8575303495797,232.03184861530767,234.2155914306641,45550,59.124799506444866
2021-09-17,234.21561382635596,268.09279418209314,230.7937802448961,242.6678466796875,2758900,67.58135768579217
2021-09-20,242.5508672763316,245.28054235772197,236.896543509637,239.4117431640625,203075,59.307252350682035
2021-09-21,236.70158767413463,245.6607645327376,236.33112738601648,244.451904296875,344745,64.72793465557044
2021-09-22,243.71097028505653,252.2411803910692,240.95205002024744,248.5171356201172,392670,66.88679944243145
2021-09-23,250.50588995044689,257.17408510479106,245.68998114488613,247.77622985839844,169315,57.3318562020283
2021-09-24,249.9599767732762,249.9599767732762,238.1639022705374,242.25840759277344,132555,57.83169516146296
2021-09-27,242.1609260281796,246.68438245562095,239.8504581281701,241.4297637939453,106515,57.362891387725604
2021-09-28,242.6288735205212,243.7694847877298,234.771319318284,236.95504760742188,117590,54.67423021250405
2021-09-29,236.896549935798,247.21081303082383,235.39523678185083,242.6581115722656,87985,61.25313056057303
2021-09-30,245.670493754636,245.670493754636,237.1695135743536,238.10540771484372,115500,55.49180038680744
2021-10-01,239.35324431842275,241.63446664418407,234.7517960221426,240.28912353515625,99995,56.64667740328066
2021-10-04,244.48113450947343,257.3788460943469,241.80994998602,254.75640869140625,280315,65.7088704874728
2021-10-05,253.46953338286528,262.8284144118298,250.2914058670324,255.99447631835935,414195,66.0253123896739
2021-10-06,256.00426364370526,258.49020321745405,245.0270723197513,248.2052001953125,134475,60.239802839597644
2021-10-07,250.73988039161588,254.92210638852984,247.62024337776975,251.15907287597656,69395,56.75928519424287
2021-10-08,253.46954529872423,256.7744124967837,243.07729037134888,252.20220947265625,208365,60.553433432626875
2021-10-11,253.4695448038203,254.8441332130764,248.01019481167907,251.3345489501953,89930,56.09881282584011
2021-10-12,251.9682263075252,255.41932010798476,247.6202568985806,251.4320526123047,132425,52.77831427913221
2021-10-13,252.68967620708483,256.24799307600455,251.54905004856445,252.66043090820312,77945,54.612449670145104
2021-10-14,253.2160783173805,262.8284393106878,251.7147800520381,257.33984375,300615,64.47148141109307
2021-10-18,257.3690797454792,259.1043700779629,253.16733692214385,254.5126800537109,105225,62.09008857583768
2021-10-19,254.5809435732481,261.463614704715,249.1800837905419,252.4167022705078,112220,64.94537602562838
2021-10-20,255.22432424299117,255.41931271801076,245.06606136724488,246.57711791992188,73235,53.7781756793732
2021-10-21,246.5771472008902,251.51981109404105,245.67051316162144,249.57980346679688,88705,61.402849552369204
2021-10-22,252.4849199865096,253.0796140431065,240.79608320086533,242.25840759277344,97170,51.77568468130574
2021-10-25,242.76535308284724,248.97535262998423,237.25725556470357,245.2025604248047,147650,39.12562615431053
2021-10-26,244.7930920160369,255.5850524129576,244.5396129521795,253.216064453125,179200,47.2601490617584
2021-10-27,253.4695485202089,256.9791328345478,244.20816117043205,246.43089294433597,80690,48.21496828633212
2021-10-28,247.66902023434952,257.3593444110402,246.040967467857,250.16470336914065,83120,49.015076655864334
2021-10-29,251.01285715005864,262.24349732900674,246.9768277061941,258.43170166015625,116485,55.3978554334748
2021-11-01,262.24349416793115,275.1119600572665,251.4710502670348,254.3859405517578,464555,52.506008877348734
2021-11-02,255.6630224088872,262.24348151760023,253.85948322147175,259.6795349121094,93415,56.240755891809215
2021-11-03,260.8786428549563,264.2224837138916,253.68400304113536,255.96522521972656,66430,52.41002372601999
2021-11-04,257.3690848584495,258.79240555805035,251.54903277217608,256.7841491699219,29110,49.570580735962686
2021-11-08,258.7339362457513,260.4887434556711,254.22998165043848,258.4219665527344,76670,53.0775150014427
2021-11-09,259.71857331079707,263.95932014300405,250.6911475680969,256.2577209472656,508255,53.020525776073235
2021-11-10,257.5445573494024,267.8978089859318,250.9640977752288,265.7140808105469,235290,64.23908067692176
2021-11-11,256.99863722150627,261.24914233260444,249.76502242961868,256.0822448730469,220370,54.40378440404896
2021-11-12,259.12386401418826,259.12386401418826,244.3836392640917,248.06871032714844,239485,53.89848444144492
2021-11-15,249.3750483347881,249.3750483347881,240.07465715565735,241.5077362060547,152700,47.63567084363776
2021-11-16,239.0412920546293,241.4687559115506,232.98727737459072,234.1766357421875,223245,37.709271808377125
2021-11-17,234.17661796163148,241.38100169019032,234.1376143169976,239.18751525878903,206610,45.21447953072051
2021-11-18,240.36711782598232,242.9992985974544,234.6933072630788,238.89505004882807,104265,42.19972278561165
2021-11-22,241.18601665654316,241.18601665654316,234.55682502533608,236.27261352539065,75095,33.362608607984754
2021-11-23,237.46197836014088,246.6453734850746,232.51931492119223,244.1106719970703,114135,42.70082803437005
2021-11-24,246.63563545178167,249.36529572919036,240.7960814018645,246.3821563720703,72285,40.13026652426667
2021-11-25,250.34992070822847,254.8149011201789,246.21642666836425,249.38479614257807,77605,45.06364815351098
2021-11-26,245.65099617584525,248.79012039588235,239.62622681754027,244.86134338378903,57515,41.52695711390418
2021-11-29,240.06491552670835,247.2595561308873,231.93439566336303,239.2460174560547,108130,37.101632829426805
2021-11-30,235.32698835733035,244.12043649426883,235.32698835733035,242.1511688232422,40060,40.60511434483544
2021-12-01,240.5425921610544,247.42526248442,240.5425921610544,244.3153839111328,38545,34.215421284151745
2021-12-02,244.6956095604732,253.46955572001207,243.018809771052,248.30267333984372,113530,43.74018685071141
2021-12-03,249.57003665167892,250.5449196073496,243.0285654738944,245.12457275390625,70885,47.431104739329285
2021-12-06,249.0728468280477,250.5449147071272,243.2625379806556,244.3349151611328,47805,52.7431157834644
2021-12-07,244.3056543050409,248.96559325520613,239.2752551023876,241.73196411132807,855590,58.07122360184052
2021-12-08,241.3810134519161,247.62025809948537,241.3810134519161,245.572998046875,45100,56.996369061690565
2021-12-09,245.9726954374837,251.1200758196213,243.369759950252,248.56588745117188,68110,60.00403452136002
2021-12-10,248.7706210591773,252.29969253571,245.6802439297801,251.0225982666016,34515,65.3106736851642
2021-12-13,251.02258678177492,253.4110617717973,246.64537210934512,247.24005126953125,639305,53.546967349574665
2021-12-14,247.9029528584396,253.0211026856772,247.3862661390718,251.15907287597656,42820,55.21942039191835
2021-12-15,252.49468461827368,257.0571296942861,247.93223954226127,255.06838989257807,84485,56.089434647784536
2021-12-16,258.13925909544207,258.13925909544207,248.5951468904098,249.7065277099609,43745,55.099542037889634
2021-12-17,249.7065161687884,250.9640936682838,242.54110614620225,243.55499267578125,38000,54.4845655024823
2021-12-20,245.43650675475843,245.6704839994733,231.05698437780512,233.2894744873047,102805,42.00246332281978
2021-12-21,233.962158409158,238.953554222496,231.5541963955673,236.4383544921875,73025,43.01524679743648
2021-12-22,237.62770472346125,242.55086629899228,232.47058077438945,234.45933532714844,61735,37.27144033660844
2021-12-23,232.6070701299864,237.47172636931452,229.20472339177945,234.8492889404297,181430,40.0415727489093
2021-12-24,237.87143126664952,237.87143126664952,231.51519049552263,233.62094116210935,24005,39.703960131514606
2021-12-27,234.7518106266098,238.31988569177295,231.2909732779034,234.9565277099609,31570,43.32630044971782
2021-12-28,236.10689146322497,237.17925372578048,232.41207694924825,234.92727661132807,60325,38.66280959289471
2021-12-29,235.72668543985088,240.1136584385744,234.6543083121722,238.69032287597656,71150,39.6527229979245
2021-12-30,235.25875913054648,241.77097005466624,232.0026387929534,235.6194610595703,143595,34.066186270901014
2021-12-31,235.92165316863557,241.75144853219916,234.26435527437548,237.920166015625,134330,40.05410102157527
2022-01-03,235.34648704057545,244.55912757151972,235.34648704057545,240.96180725097656,62545,38.91011505941484
2022-01-04,241.9659269588667,245.4755112642863,236.89653897645235,240.10389709472656,83855,32.56866596162571
2022-01-05,240.60111212867656,244.30567026903265,238.3003877994477,239.23626708984372,44965,36.377450277760055
2022-01-06,240.79608479233903,250.7593895717651,236.2141379758505,242.85308837890625,235250,49.02228592950427
2022-01-07,244.30565617818,246.8988333388824,242.04392075169596,243.9351959228516,42640,69.92702998202874
2022-01-10,243.6817253736114,246.45038911614412,241.7709484294991,243.2917633056641,96635,64.15624202195553
2022-01-11,240.79608479965253,245.66075599755808,239.9284395830476,243.84747314453125,45920,70.60337939611814
2022-01-12,245.066062927419,255.6337897675585,245.04656110468648,247.4252777099609,155225,74.21173354578583
2022-01-13,249.14107546025147,250.57415453582115,241.79046482393892,242.9310760498047,49870,65.92199501371829
2022-01-14,242.15116516420795,246.6258741462556,241.90744443696528,243.33078002929688,74225,64.7950664331008
2022-01-17,242.7458355062211,251.31506429475075,242.03417517370127,248.56588745117188,110445,70.35207528232243
2022-01-18,249.8137399010915,253.19658471047768,244.71510656503972,246.5186309814453,101430,62.312186337263995
2022-01-19,246.616141355325,249.15084297866056,240.0259379603992,244.27642822265625,133195,63.979881141823064
2022-01-20,244.3641485439556,249.37504599874467,241.31276034100185,246.39190673828125,26380,63.76309988785336
2022-01-21,246.0896707560512,249.37503607685807,242.10240346853155,247.6689910888672,59315,61.55914713678631
2022-01-24,245.67050748992435,248.1564620289172,234.4690968527512,244.8321075439453,165435,57.62825606803167
2022-01-25,244.86133487963187,244.8710783533873,234.68355507875827,237.4229736328125,171490,47.584396513803426
2022-01-27,240.79607118866895,247.23030414230377,235.54145306422905,237.86167907714844,86765,42.73550207263941
2022-01-28,236.896559693204,244.37391022438223,236.896559693204,243.11631774902344,38655,48.93727662729389
2022-01-31,241.7709538098349,246.19691553192595,236.8965394185076,239.85043334960935,84980,45.818533346830776
2022-02-01,241.049537215578,242.35589158918944,237.28648867781152,240.191650390625,69895,45.53463329973579
2022-02-02,241.3907479786772,241.3907479786772,235.07351114771905,235.9119110107422,132005,36.17419481093462
2022-02-03,235.91191481954112,237.1305184264275,230.6572966616683,231.8759002685547,89145,36.57669775559435
2022-02-04,232.5778177987401,234.34235344645333,231.04724452387492,233.23098754882807,23110,38.01479870873437
2022-02-07,237.6569438407585,237.6569438407585,231.047239200508,231.70040893554688,35965,28.056828117220164
2022-02-08,231.04726640191768,232.72406631859036,222.35131200004037,223.6966552734375,79820,24.29170131599254
2022-02-09,224.80801500781135,229.8969052146826,223.24819633213332,224.78851318359372,65865,27.46335121216798
2022-02-10,225.35392969579564,227.9276198992333,221.58112284178372,224.44728088378903,60255,23.53633704187436
2022-02-11,221.64938193675576,223.9306044061232,219.74836321228287,221.05470275878903,44205,19.46312907886241
2022-02-14,218.3737752137375,219.3584016128576,210.96465903305824,212.4854888916016,73520,17.200506505225277
2022-02-15,211.5496063173232,217.7596061296932,206.11950098726288,216.0145721435547,48705,26.437817425543358
2022-02-16,216.0145403761976,220.1675358983337,209.7947831283868,211.0621337890625,297095,23.170036830696333
2022-02-17,211.0621545587797,216.7262220077314,205.12512107919412,206.87991333007807,110965,12.926396034972981
2022-02-18,207.9132699044497,216.7262043367713,207.06511170828352,210.0092620849609,165130,19.383848045700176
2022-02-21,207.83529975100677,212.13453715670755,206.67518665338588,207.28936767578125,37005,17.81419714461751
2022-02-22,200.065450197266,209.0148671964045,200.065450197266,202.46365356445312,343995,17.62592212433806
2022-02-23,212.3294945341033,212.3294945341033,199.95822838963036,200.9623565673828,63055,18.535383812561832
2022-02-24,197.90121976465912,200.34817037798635,187.17750834884012,188.62033081054688,380065,12.893246519184132
2022-02-25,194.2844011667013,198.476400494667,189.1272773150458,194.78160095214844,360435,21.487713552460335
2022-02-28,195.08381231942093,220.25528036608412,195.08381231942093,213.90879821777344,1760140,43.549193238095675
2022-03-02,211.54958197759152,219.47538444042453,209.0733860425349,215.30288696289065,280055,43.77318839999042
2022-03-03,216.38502419021984,219.3486617864556,204.9203912805065,205.84652709960935,142450,39.094653887243524
2022-03-04,205.5053122388988,212.1345187386437,201.99572795211265,205.46630859375,77610,40.52611889709147
2022-03-07,205.31033900974043,226.40680378702768,200.82587184360247,223.59913635253903,1104280,56.050944830813044
2022-03-08,219.36814898453136,221.64937134488693,212.807176516818,215.13714599609372,156230,49.54662894816306
2022-03-09,217.20390969242337,219.572867962056,212.77793306546184,213.86981201171875,232055,51.50817808179656
2022-03-10,221.2984180649994,221.2984180649994,212.1345247649437,213.1971435546875,121740,53.52633280671925
2022-03-11,213.8893113526593,221.2009334117821,211.63733413853475,218.6272430419922,109995,54.690160485289134
2022-03-14,219.7288453157641,228.77575698810267,217.3988758955816,221.6883544921875,180295,57.807358501493376
2022-03-15,222.79973201359405,225.89986737911985,216.42400437586372,222.86798095703125,330125,61.51900282544277
2022-03-16,226.17284184627775,227.1477247852704,218.96845752214395,220.9962158203125,95420,61.26274924386812
2022-03-17,224.22306461635824,225.47091352505012,220.71348026345444,224.15481567382807,98430,72.27723321613044
2022-03-21,228.12259746482857,228.12259746482857,223.979345160446,226.99172973632807,110475,71.07143206516149
2022-03-22,232.80204262539831,255.22433475135932,230.1893486829907,241.322509765625,2986160,69.13446445524686
2022-03-23,242.55088177566407,245.6412589528097,236.311621948722,240.9130706787109,298695,68.12475580986242
2022-03-24,243.52576259522164,245.4755284848943,237.2865028229492,243.68174743652344,194005,79.57630306857388
2022-03-25,245.2805487491708,245.2805487491708,235.92166676211343,238.19314575195312,160585,73.69091591923298
2022-03-28,239.3922423965014,241.4784912061954,234.0011411528637,239.51898193359372,187065,65.2303834853905
2022-03-29,240.7180975874318,244.34466337194104,237.4717355605469,242.3948974609375,144220,79.19803808243611
2022-03-30,244.34466057988115,256.97915008404783,240.4158835041448,250.7496337890625,293050,84.29738602900271
2022-03-31,251.90974380774168,259.4650865346153,247.62026485495565,257.2618713378906,224630,86.9643620575337
2022-04-01,261.2686227996506,265.558101701372,254.23972527030165,257.6810607910156,164030,85.76787358835716
2022-04-04,260.83963633872844,264.6026993704056,251.0323178729797,255.64352416992188,132390,81.69242276730294
2022-04-05,259.0751215659789,260.0890080766292,255.4193108195164,257.78826904296875,152150,82.01641632186195
2022-04-06,259.08487462254186,260.7031837167124,256.6476675080193,258.4999389648437,98075,85.13237369267252
2022-04-07,257.75903741749687,265.1681535401555,256.9693846344662,258.18798828125,74255,83.67738533764091
2022-04-08,255.60454094408897,260.2839667991354,255.60454094408897,257.78826904296875,48710,82.01900311388104
2022-04-11,261.9900577038364,262.24353681366387,254.44447252180768,256.0725402832031,73515,70.78875539042926
2022-04-12,257.36907015608085,261.0736130533567,251.51977310707903,254.6686553955078,75560,68.85854553274605
2022-04-13,256.4917253891474,267.1081858771247,255.41934812999105,259.7868347167969,236965,70.74332289219429
2022-04-18,259.65029790108554,259.8257696759943,257.5640640469095,258.6754150390625,45535,79.73378993815466
2022-04-19,262.6139415233301,262.6139415233301,254.64913571122372,257.6907653808594,67110,76.643622923826
2022-04-20,259.5138218407009,271.24166112241465,257.00836582160844,269.62335205078125,379810,81.54491309276077
2022-04-21,275.6968896399546,275.87239118385344,266.2502713619686,267.3031616210937,320770,72.29510164254079
2022-04-22,268.80450048208536,271.79736868329667,263.413398678484,266.0065612792969,114230,63.702952380679164
2022-04-25,270.90048405032724,272.72351044127424,256.277239522645,257.1058959960937,134730,49.28797779194906
2022-04-26,261.4148588954413,261.76583223041683,256.1602552292514,259.51385498046875,72810,54.74771305054874
2022-04-27,262.8284587320697,262.8284587320697,256.0042778363984,258.76318359375,41710,51.23827368848653
2022-04-28,259.02887626311576,269.65770822330416,256.1551385663854,260.1114196777344,128635,52.01422795239556
2022-04-29,261.3908579350442,267.14815491992164,257.5231465886803,262.7489929199219,77260,55.387683975411775
2022-05-02,263.7528141907599,266.9021135379587,257.5132922650966,260.6527404785156,76560,53.25326251665397
2022-05-04,261.961658687102,265.002685767589,252.73030507222805,263.3197937011719,69780,58.05681479687141
2022-05-05,263.3197901085944,265.1011033900075,253.3207990179202,257.0408935546875,79270,52.37933157046872
2022-05-06,258.04472984969334,263.67408187493584,256.27323779383937,257.3164367675781,168765,47.255619623116395
2022-05-09,256.4701180865197,265.1306470794704,249.4629428787854,256.9720153808594,52890,48.07487623292836
2022-05-10,256.971999645234,260.7905154788095,246.34316652892636,248.04574584960935,122730,40.75845210037838
2022-05-11,249.29561727530773,250.9686731857052,241.80621765465423,246.65809631347656,50285,22.422710163893413
2022-05-12,242.4459148600325,247.8095416648386,237.39720896908443,241.5404815673828,156435,21.01109192309802
2022-05-13,242.6821070775,270.64187695134694,242.10146083647763,249.58102416992188,228920,33.95296488764468
2022-05-16,259.8162320307595,262.96553170531746,235.8619663635125,259.6784362792969,177115,52.4558341976158
2022-05-17,258.7631562160344,264.7369678663701,256.5685158156697,260.2984313964844,124275,50.7754549754113
2022-05-18,262.7194479527455,269.5592878824727,261.2530407173427,266.5379333496094,192915,56.93221335161875
2022-05-19,262.7686741936068,273.5943499094483,259.471757855175,263.733154296875,255890,53.14750023604197
2022-05-20,268.67359821604384,292.0964127136073,264.73698871837286,286.4473876953125,846520,65.26758364692327
2022-05-23,290.3249298127915,297.0171534694745,283.4358636816405,289.0652160644531,968520,68.18241472122915
2022-05-24,291.30906411341533,299.80230278134206,288.3566073825361,290.1575927734375,423500,67.52796953865509
2022-05-25,293.2773930417597,295.2456976930467,282.45171745968133,284.0263671875,209970,67.65847918929077
2022-05-26,285.40414632731625,287.9530969956147,280.05035580039186,285.30572509765625,285780,68.07785069910386
2022-05-27,286.97880736622164,286.97880736622164,279.8535245225559,282.82568359375,87190,66.25018798030887
2022-05-30,282.8453612765797,284.233019605321,271.7342735468623,278.0919189453125,142930,69.93606628015664
2022-05-31,277.5309798696804,278.5151322805658,259.0682710306071,266.7249755859375,651015,61.757622410508255
2022-06-01,264.53032037045114,280.4834216632674,261.3219740767032,278.0230407714844,185555,69.932324562654
2022-06-02,278.02301059751574,281.2707010086174,275.0508816150291,278.83984375,98960,67.35556504112283
2022-06-03,280.2373625609807,283.05202367383384,275.5527880834276,278.7020874023437,65070,62.79629171177624
2022-06-06,278.71198380717686,279.73548072321853,274.59820377058026,277.7573547363281,39185,61.692692940654204
2022-06-07,278.71194584350803,278.71194584350803,271.2323822904356,273.0530700683594,36485,54.454965384955685
2022-06-08,274.4210315212377,277.5309564816302,267.6894332021397,269.44122314453125,79725,53.86049368548541
2022-06-09,265.9966926074262,273.59434985512047,265.9966926074262,269.0377197265625,52485,33.136222712535385
2022-06-10,264.2448790764007,275.5626299493192,263.8512241832617,270.42535400390625,89720,31.50379286849875
2022-06-13,263.7528482550031,270.4549238247371,263.7528482550031,268.3094787597656,96190,28.751863132270373
2022-06-14,267.49257171794176,268.27006041128664,264.72710627560366,266.9611511230469,88215,31.701045265609764
2022-06-15,268.0830892206171,270.8288826363057,265.5439894190822,268.27008056640625,76265,31.744332221863218
2022-06-16,268.6243810694837,269.6183544648534,255.87959682921976,261.7254638671875,121170,29.200574696737974
2022-06-17,260.8003623793727,271.114289409464,252.18902965929908,267.1383056640625,225295,39.3451820469191
2022-06-20,264.07758027239385,265.68175336830456,254.1081424441248,257.7101135253906,128450,40.88734261795132
2022-06-21,258.44819102130884,263.54612216806214,254.82651818676644,256.32244873046875,146820,22.56771030644107
2022-06-22,258.2809379865249,269.0672390344145,252.9271469480224,266.4297180175781,236655,37.296025062121096
2022-06-23,270.06125477523085,273.9978642453108,264.9043059802892,272.5708312988281,166440,44.410564977818574
2022-06-24,273.5746961605864,281.4479153950167,271.87210168891966,277.1274719238281,145485,49.4612586501397
2022-06-27,278.51511320360424,282.25488009523326,274.6769250708385,276.2318725585937,107585,52.90832506409238
2022-06-28,275.0115172619845,293.99582327253137,275.0115172619845,289.3112487792969,319430,65.49498930273842
2022-06-29,288.94711439227524,290.71857647642884,285.4140113236513,288.5928039550781,115655,65.17485465288382
2022-06-30,287.8055164555077,298.9461282973492,284.2724131130297,292.0472106933594,80940,66.2572066988856
2022-07-01,289.33092871907024,292.6376961064709,283.5441083165779,287.8448791503906,61745,64.24158745725092
2022-07-04,289.2915608744365,303.0007942705828,289.2915608744365,290.8661804199219,210495,67.01214209825393
2022-07-05,289.73443012767626,293.1888142997885,281.8612117544571,285.2368469238281,136605,61.375009258088475
2022-07-06,285.7978113680912,289.3506166576541,283.4358519420297,287.36260986328125,50150,68.27041355156038
2022-07-07,286.2210200023798,300.95378215433846,286.2210200023798,294.3501281738281,121375,68.96691966471693
2022-07-08,295.82634401413225,296.692402866285,291.3582840454051,292.6967468261719,118730,77.35033967190333
2022-07-11,301.15059521427565,319.63297367999013,282.97330155014777,286.7032470703125,1347685,72.15442613173575
2022-07-12,285.40418375485064,287.41186297421734,282.5107734202754,285.8273620605469,609680,66.34598174333271
2022-07-13,293.1592839180451,293.1592839180451,283.9377819244792,285.2762145996094,55695,61.82014236524359
2022-07-14,286.70326359169565,287.461050072539,280.6802561457631,284.5381164550781,83510,57.42161569409856
2022-07-15,284.94164170086646,285.64038149175684,281.4675849481441,281.713623046875,29435,55.28565476134431
2022-07-18,285.3943233024928,286.9788241644305,282.4713896939738,284.0263671875,108775,43.56888047457522
2022-07-19,285.44352946776985,285.60099743320467,281.034516537425,282.668212890625,32660,42.90095038194457
2022-07-20,282.6682184490064,288.7502723180496,282.6682184490064,285.7879943847656,70815,42.43936065114496
2022-07-21,287.2248605538713,289.5277733782377,284.6168629130682,285.5025939941406,89520,46.874994910547784
2022-07-22,286.9394412092568,287.3823217563282,283.4358614358899,285.2368469238281,105375,41.893462103686616
2022-07-25,287.15594686811875,288.33694160046844,284.4692003706921,287.0575256347656,28455,52.94491052724067
2022-07-26,287.37247584411244,288.4944238989756,281.46756195690466,281.9301147460937,67325,41.99076390363641
2022-07-27,281.6840701067884,284.2723954391613,277.8261799087304,279.9814758300781,46435,25.11926931296226
2022-07-28,280.8770663903632,285.788006894952,280.48341146877505,283.5145874023437,51785,35.07198545704229
2022-07-29,284.9416206704228,292.1948184802473,284.9416206704228,291.06304931640625,110250,56.74688257396153
2022-08-01,290.9154383603171,298.9854695459676,289.380163109205,295.8164978027344,220895,63.80198450647925
2022-08-02,295.6393468064863,309.4174790947215,295.57044893689834,306.9669494628906,239750,73.18048873396717
2022-08-03,307.0555253483019,310.20482480134984,303.22715838840264,305.2938842773437,73225,71.74672787884941
2022-08-04,304.10306155645804,307.42950114525763,299.18230004259954,302.5284118652344,40810,71.83557251312102
2022-08-05,304.7919594274037,305.83515839459034,298.1784552017615,299.5365600585937,60505,66.04225850030926
2022-08-08,301.0423580231612,303.1189049361382,299.4775294541718,301.6033020019531,28075,69.30172048536684
2022-08-10,302.7252585326425,307.44917763780336,301.3376001624395,302.8925476074219,89540,68.11166060016954
2022-08-11,308.02982123448504,317.6843529721345,307.06537119448114,311.7105712890625,279105,73.50392168561592
2022-08-12,316.7002208581666,341.5008726118572,316.7002208581666,337.04266357421875,1662395,82.0506391538315
2022-08-16,342.87865131375065,361.1838898870207,339.1880802317988,357.95587158203125,764975,85.48067116467831
2022-08-17,358.2314439035706,361.1839008588198,351.34237767465584,352.41510009765625,328190,85.12847094209592
2022-08-18,354.1865834364301,356.2631303600808,346.9333558025195,350.3090209960937,128000,84.99508746140953
2022-08-19,352.32651087198894,352.32651087198894,345.43744501695005,349.9350280761719,83535,84.12374489546659
2022-08-22,351.13567442768,362.15816112830913,345.6736116571792,356.7846984863281,270030,84.00892684841882
2022-08-23,356.7847507079514,366.8821634429405,354.29484646057244,359.9832458496094,209510,83.74738542411659
2022-08-24,360.59340913326736,380.8669532183457,360.59340913326736,376.497314453125,236015,84.61535656671575
2022-08-25,379.8827759382422,383.6225425478909,374.6569297911337,379.8729248046875,230180,86.50989670046242
2022-08-26,380.2961626366818,383.62257233660114,370.0412819796499,375.7395324707031,242300,85.36656488567621
2022-08-29,366.1243195139642,373.58421059745456,360.7213331206041,365.1401672363281,93155,79.52170341282971
2022-08-30,367.9745370588892,377.91448124423744,367.6497800165055,376.625244140625,100675,81.12190938648168
2022-09-01,374.962007259824,382.0380643402249,374.962007259824,377.9735107421875,97700,81.13114912994855
2022-09-02,375.1589056324841,386.3585346783205,375.080156621738,382.65814208984375,100535,80.4614267857096
2022-09-05,383.6225561478452,390.8462604902483,375.9658524228411,382.3431701660156,113610,74.771254133112
2022-09-06,382.343157187844,385.7778390019127,377.3534979669759,379.5678405761719,64485,64.74217979446993
2022-09-07,381.4672363446422,384.92162032709103,377.65857197114366,382.04791259765625,81120,71.09425033259558
2022-09-08,383.8193968781322,410.3915089696953,383.0517592857338,403.7091064453125,599630,79.73471099546765
2022-09-09,410.3324455471072,415.1055900132673,396.6133606446728,399.14263916015625,133215,76.1779751960789
2022-09-12,399.1426538016252,405.1755121800968,394.6549217356516,400.1366271972656,102560,74.59516959869468
2022-09-13,399.9594623911468,404.1224371583939,397.2038481460767,399.5854797363281,52945,73.1636491896473
2022-09-14,393.660943064024,403.50246664062456,392.0075743113022,397.8829650878906,84090,65.13020877190029
2022-09-15,393.89709101011135,401.4061775608402,378.5640120111879,382.008544921875,165740,51.28387556497496
2022-09-16,382.9926931062027,387.3524803643284,368.0729413963317,371.2419128417969,141270,47.49587113875013
2022-09-19,371.2222532902722,382.83523822013296,364.579225377712,375.13916015625,173510,56.01609938727583
2022-09-20,376.09377985755447,397.5876615950416,376.09377985755447,391.8500671386719,108275,58.61836524923773
2022-09-21,390.7084423612849,397.5975080956149,380.6110306883909,385.8762512207031,98255,54.250918038868704
2022-09-22,385.87628052278944,392.6669255412123,383.8292569069369,389.2912902832031,65820,53.61740682416795
2022-09-23,391.2398994104518,392.0173580745136,366.6557650453729,373.23974609375,87390,45.76270849378784
2022-09-26,369.0571021659442,372.7968687876482,356.1745525237449,365.799560546875,195310,43.85811723839559
2022-09-27,369.5492066103715,373.977892175609,363.3096843291994,369.8247680664063,64325,44.621529887163454
2022-09-28,364.2741679462525,388.7401811323648,364.2741679462525,380.8472900390625,133235,38.90112983468797
2022-09-29,386.57499451310144,393.070405415705,375.946162151709,382.0577392578125,118210,41.42630924450053
2022-09-30,380.66028951855736,398.9852011645611,380.66028951855736,393.277099609375,171860,46.87808773793898
2022-10-03,393.66091884319536,413.0880755772448,393.66091884319536,404.8802490234375,264185,52.18949556003077
2022-10-04,413.0880971984069,413.0880971984069,396.9972303256459,399.1524963378906,161650,50.50806355484253
2022-10-06,406.2482575638038,407.133988673318,399.56585468796567,401.90814208984375,152110,58.89809230097431
2022-10-07,397.9124585635565,411.3756545967584,397.6368971254715,406.8091735839844,201065,66.78431612006813
2022-10-10,403.2465742722658,406.01203997300985,398.38485926062094,402.2132263183594,153645,62.69264742870174
2022-10-11,402.1246581926272,408.4232272567859,399.5658560632653,401.5538330078125,139725,55.35521748576452
2022-10-12,401.9277983291352,406.2088668943505,398.0207124480184,403.2072143554688,239860,60.043370874028184
2022-10-13,405.07709666719455,427.9094122311847,401.3471510040385,406.3171081542969,419745,59.901556272726104
2022-10-14,408.35431251952895,415.1154341125966,400.5499918761335,403.1579895019531,141825,70.46866420158804
2022-10-17,405.07708553471366,405.17550676976487,382.29396619876326,386.6636047363281,207525,62.70072187237249
2022-10-18,388.6023851405101,393.670793804545,387.1753822436988,392.0173950195313,98540,63.294440089389134
2022-10-19,393.98565834223376,398.4832413478878,389.92113476468336,394.7532958984375,38615,59.24857274610793
2022-10-20,394.8419012985202,407.43903829503074,392.3224738992182,401.5439758300781,387155,62.064372289873695
2022-10-21,403.5614888645251,403.5614888645251,398.16832345994175,398.7096252441406,35340,53.753070229995814
2022-10-24,401.6423567642375,408.90540511016553,398.58165771021214,401.16998291015625,27995,47.0661311387112
2022-10-25,403.1776645125241,405.4412026685576,399.36897008557975,400.7664794921875,39435,51.39359022803054
2022-10-27,402.7741634010326,404.4865787219864,398.0895890341691,399.14263916015625,44695,47.56453105800726
2022-10-28,401.1404726191235,404.07322717194495,399.959477877541,401.3963317871094,43650,44.99998308595604
2022-10-31,403.4040198694084,418.2647255364329,401.9573147938422,409.6730651855469,154565,56.45214080661526
2022-11-01,411.7299242408214,413.3144249938529,398.5915156236687,401.130615234375,60190,49.67787761579264
2022-11-02,400.4515444894384,406.8387130145608,388.8385599538501,395.1076049804688,67430,44.21966022906356
2022-11-03,383.8194164558829,388.6122335944006,370.4349384906321,377.0681457519531,297855,32.79296113384804
2022-11-04,378.9576828960742,378.9576828960742,354.2948286177851,360.81976318359375,196775,28.41660124776635
2022-11-07,360.8197501988118,375.8969701266664,347.80925603697483,371.5076293945313,231955,41.78751734253642
2022-11-09,375.946182202384,377.6094020080369,366.2129014458245,369.0866394042969,128880,37.166754396961515
2022-11-10,368.39771762334834,370.9368473789716,360.3079845076618,364.74652099609375,51230,33.50286903124058
2022-11-11,366.5770547130132,370.96636550399614,356.4599704029337,361.0657958984375,307210,26.95795591192116
2022-11-14,357.3752189472562,368.0729493268048,356.46978564306784,363.86077880859375,70430,30.153536632969576
2022-11-15,363.8608186864323,389.4291082995357,363.8608186864323,384.6362609863281,283825,42.209250189744026
2022-11-16,383.819403957904,391.2989675802829,381.969192794932,387.7068176269531,104165,43.99711932874862
2022-11-17,387.5591594058786,389.6455874871325,382.0380794807216,385.6991271972656,62805,43.84241094205381
2022-11-18,385.7975559340065,387.5591669411786,376.0642751899766,377.5011291503906,85665,39.6203889487482
2022-11-21,377.9144951088366,379.39072360535545,366.3015096164662,368.9980773925781,71670,32.36624767412572
2022-11-22,369.0571075881364,373.5842141146731,369.0571075881364,370.6022338867188,39385,35.91792492405415
2022-11-23,372.4032326591997,382.8352532797823,369.50000132950174,380.0599365234375,129660,43.272028464001636
2022-11-24,377.52084656654864,384.5476787111404,377.36337858685056,379.0561218261719,42275,51.04858228430034
2022-11-25,377.25510280295913,380.67996375407375,374.19440344570125,376.1430358886719,29395,59.40560230449085
2022-11-28,373.97785873698047,382.8352290754879,370.8088872589567,379.2037048339844,140705,55.21195224228541
2022-11-29,379.2036947724904,381.1031013754264,370.3168013033435,377.7077941894531,68635,55.91251838649266
2022-11-30,375.05058926054494,405.2738974084743,375.05058926054494,398.4438781738281,177455,68.86709759435728
2022-12-01,399.5560132693743,403.86660547896713,382.4612913144676,385.5515441894531,217765,62.4276081436366
2022-12-02,385.3940516671023,387.48044976463297,378.1801983958712,379.3907165527344,58710,57.62172884297578
2022-12-05,381.2901169640804,385.3841941209413,376.1430196759303,381.3688659667969,108530,48.033633163289295
2022-12-06,383.2781444842241,384.8134197465597,377.9145021664602,381.8117370605469,65340,46.33638151246734
2022-12-07,380.128835030344,391.899288412329,380.128835030344,383.1206665039063,108645,48.383523421892555
2022-12-08,385.0397194173585,388.6220480491271,380.21737936485295,384.3016052246094,36520,54.67460402702585
2022-12-09,385.78771214561857,387.7560167994228,372.00957956898935,373.5350036621094,44970,53.02453382637525
2022-12-12,377.10746174585125,380.9850241143237,369.2342435412686,376.9696960449219,59525,54.14372365351668
2022-12-13,376.9303381541944,385.7877090246585,374.0664513020043,383.4749450683594,65080,52.31118114919833
2022-12-14,385.3940441896403,386.1616817773086,379.3710369580973,382.5400085449219,19455,52.359996163145695
2022-12-15,381.0539450148818,385.7286686064203,379.0954914789736,381.8019104003906,12665,53.94972603475027
2022-12-16,383.7111674991075,385.5416764220478,369.0571248456105,371.7536926269531,120645,45.262243503007745
2022-12-19,370.0707976994759,378.1113354125099,369.1555432450486,373.840087890625,46965,47.55870778346455
2022-12-20,375.7099825302397,376.9598451086516,362.4435990363528,365.44525146484375,58970,25.327420244722646
2022-12-21,367.2757943515599,381.6247214796512,357.2374290115849,370.6022338867188,148640,37.36059757718066
2022-12-22,366.6951743244904,372.5902373336571,352.32654390160224,357.0799865722656,198645,33.22479949922996
2022-12-23,346.4216125449419,383.42574534630427,344.65015040346054,359.2943115234375,141205,33.461116169277005
2022-12-26,356.8437530715467,382.2447196966527,353.3205013070316,374.1353149414063,95430,45.26926206122744
2022-12-27,376.0150868698135,383.8194076165361,374.26329692871633,377.4617919921875,51765,46.59723007224299
2022-12-28,380.2567772511511,382.1365117816993,375.2769689271848,379.0364379882813,26405,46.848892439453245
2022-12-29,377.3535182638171,383.2781344741482,366.7148340474577,376.9500122070313,90990,52.28079200672116
2022-12-30,378.83960335911615,384.9905554710752,376.143035564096,380.6307678222656,94680,52.43712071717161
2023-01-02,380.6307532581784,382.5400111233921,375.9461786980937,376.5268249511719,31275,45.22198596622594
2023-01-03,377.91450815313806,379.479306809386,373.9778986932095,374.8341064453125,35030,44.755540176848676
2023-01-04,373.9778774854045,385.8664241652679,373.93850298353306,376.940185546875,127915,46.751706124512936
2023-01-05,378.3081401582291,378.8199185787202,372.05876701265794,373.9286804199219,43820,51.604012574630346
2023-01-06,375.749325802344,375.749325802344,369.9034588982492,373.6531066894531,21235,49.858320780990795
2023-01-09,375.52298563288014,376.8318949257545,368.5846941688618,370.484130859375,27940,54.146430153517905
2023-01-10,368.2697887244133,374.2632724003213,368.2697887244133,371.8619384765625,40940,51.105343717498116
2023-01-11,373.721961818629,373.721961818629,362.66995139071537,367.7678527832031,32290,61.237534172731124
2023-01-12,369.5983792499448,369.5983792499448,361.2823104478463,362.7486877441406,24700,53.42973962060856
2023-01-13,364.2642841512185,367.0887963579789,356.66662743274657,363.6048889160156,34010,35.52493256650003
2023-01-16,364.9236809239425,364.9236809239425,354.7377280851251,355.7514038085937,27555,23.460070314924877
2023-01-17,353.50750405853927,363.3490266655817,353.50750405853927,360.38671875,41980,28.788835915221114
2023-01-18,358.2216244209484,362.19760854816167,358.2216244209484,361.0363159179688,50530,31.289102138121834
2023-01-19,360.0915069359883,362.8471214195956,357.24729231367115,357.9755554199219,10405,22.968503076867208
2023-01-20,359.2155626536659,359.7666854977616,356.2631059743207,357.3063049316406,24700,25.01915751363252
2023-01-23,357.3063512418184,359.097515734252,349.37408567126533,355.1904296875,25580,24.746953238527908
2023-01-24,351.63761158587914,360.19974877526266,351.63761158587914,358.84161376953125,39865,27.622258881984706
2023-01-25,356.7355444739077,360.150554232444,350.7518815374213,352.36590576171875,49550,25.442700712422436
2023-01-27,353.300817682262,371.9505154174606,339.5423880180622,345.4571228027344,73860,22.10317819767279
2023-01-30,337.95790367152915,350.7223605762294,337.95790367152915,348.3407287597656,29880,27.96712536415538
2023-01-31,343.77424324024173,359.64862490926373,343.77424324024173,357.7688903808594,117465,37.91358203697321
2023-02-01,359.3927420423352,363.8312786785543,353.714193888634,358.5955810546875,73475,41.66668977185204
2023-02-02,359.2254399111673,361.5677271858862,351.9328677787652,353.3205261230469,44440,41.47384933312436
2023-02-03,355.0920075158786,355.0920075158786,350.5550795920916,354.1177062988281,40265,41.41130667621473
2023-02-06,348.80327894953626,355.84978314056536,348.80327894953626,354.0487976074219,34120,48.205746012286575
2023-02-07,355.4758098962276,355.4758098962276,346.61843951709176,353.3008117675781,47130,41.866263864143846
2023-02-08,350.3582489064528,353.50754855065145,347.6026342432393,352.4544982910156,56765,40.19343287912567
2023-02-09,354.0980023485278,354.0980023485278,350.5550779273702,352.2281188964844,25595,42.97741371106911
2023-02-10,352.3265203685534,372.0095661991989,350.4271136540428,364.6382751464844,137160,56.9613497231153
2023-02-13,365.1205357256573,373.5842522640928,361.0953560652621,365.5141906738281,76840,60.03826713044593
2023-02-14,367.34466917815377,368.07293221391865,357.257108870152,359.8552551269531,35115,50.948573412985134
2023-02-15,359.38293816042454,366.6853320079408,357.9559051944921,363.673828125,71960,61.13584153083636
2023-02-16,365.4944756151709,369.057102034715,361.0460881235885,367.4824523925781,92645,73.10067267042734
2023-02-17,369.3228312090307,382.8352534075909,363.7427043601197,377.8160705566406,153265,76.73621760837622
2023-02-20,381.5951907114181,386.3388118504291,368.5158286966068,371.2025451660156,87595,62.84095205201327
2023-02-21,369.2441400677092,374.8341184720172,360.8886958317861,362.3058776855469,50185,53.07256498864521
2023-02-22,359.59943282589006,368.2894846498351,359.59943282589006,364.04779052734375,71190,59.43558955422999
2023-02-23,365.8684535071571,368.0729449570002,357.72949510149107,365.1795349121094,93530,59.67293784858432
2023-02-24,389.6258861450047,397.5975257118581,366.6262519012128,371.9308471679688,2220150,64.00061358517726
2023-02-27,371.55687590473553,380.2764510577794,368.77170801561033,370.8285827636719,263780,63.64752298705271
2023-02-28,373.5251852988259,378.2491044889909,369.6869972025736,377.0582885742188,322400,67.67530565005913
2023-03-01,381.6542490572917,382.4218866481858,376.4973006278978,378.2589416503906,138485,68.44232096433554
2023-03-02,381.8511012532864,389.5274773576866,378.9183165190691,387.0474243164063,187600,66.73525136504668
2023-03-03,389.724304706259,397.3613360457084,383.8193909985884,386.6143798828125,261785,65.86264189313508
2023-03-06,386.9687050088436,391.5548283993122,381.6542584430952,382.8647766113281,184860,67.80930119179664
2023-03-08,380.4634395429397,385.96484737525054,378.70179849101504,381.8904724121094,142360,64.74901450531547
2023-03-09,378.20970259591047,387.36233666069046,378.20970259591047,383.0812683105469,143375,63.18856943516995
2023-03-10,386.77186551176914,419.03237767294513,381.18188748809206,410.15533447265625,2043295,71.31001663869412
2023-03-13,418.0679040745384,421.1975313569292,394.8419327634665,398.3848571777344,428565,66.77195072901708
2023-03-14,401.5341602413678,405.4707696554988,393.8774561322407,395.9933776855469,153635,72.60000638769887
2023-03-15,397.981353644613,404.4865857781831,395.23556038274586,397.4203796386719,146200,72.48374196864552
2023-03-16,399.39850068931867,399.39850068931867,385.59084560583625,390.8855895996094,131295,66.1433726267017
2023-03-17,392.8243734260317,410.39149749088347,391.6926043198361,406.7501220703125,268245,69.62064890505519
2023-03-20,404.8015474286569,410.391525508005,400.5500021145277,404.0929565429688,688800,68.4216468170472
2023-03-21,407.24222355189215,412.7436615255319,402.1443216729702,408.1181335449219,263790,67.63129548061727
2023-03-22,409.6041964635083,416.6900749545292,404.6932560971172,409.1613159179688,141730,67.5733236333244
2023-03-23,410.1946557030237,416.6900667168412,407.43904134998303,409.2498779296875,113040,64.01242210184981
2023-03-24,407.6359216810775,412.359841020478,406.080944125045,409.4664306640625,294105,64.46191545213381
2023-03-27,411.35601127242586,413.9147833627781,400.0677825834405,404.102783203125,184720,63.171390253587234
2023-03-28,401.5341366444213,408.13779013904445,400.33346964231305,405.1853332519531,128380,64.42763933831314
2023-03-29,407.8622186060381,418.0482006212646,404.0634052549332,408.1771545410156,275950,65.20391395279356
2023-03-31,410.78518980620703,420.2330584862229,408.43308127917055,412.3204650878906,214675,51.816377117852156
2023-04-03,419.2488770617612,434.9559392576692,419.2488770617612,429.6119995117188,599805,73.97613284627414
2023-04-05,433.8045107491152,442.67170275390026,424.2778934392144,439.9357604980469,356530,80.0754442689927
2023-04-06,439.9357341036419,448.1632626457626,433.18446399100367,440.60498046875,281200,79.86660132233628
2023-04-10,443.8526939569186,444.3546212483089,429.1789793397684,431.7181091308594,169845,77.35008352200398
2023-04-11,433.61751661409886,443.5476098825352,431.1768080571984,440.0834045410156,225890,74.82051531431469
2023-04-12,442.08119339260105,448.1730980943729,434.3162178875275,436.8061218261719,92500,74.13587121230881
2023-04-13,439.9160898108224,446.7756327257852,435.31026413235935,440.7033996582031,112080,74.08696585901096
2023-04-17,442.248479707187,452.6804992792641,439.9160437437749,444.8072814941406,105750,75.2087515738649
2023-04-18,445.6831785770233,448.3699250622363,423.3823147687879,427.4468383789063,214850,60.34230242750412
2023-04-19,429.5726447914359,432.82036553014194,422.39819586536544,426.73828125,259325,59.76191823200761
2023-04-20,430.3205645939146,438.8728499156034,425.8131605742236,433.5977783203125,113865,66.39315677991975
2023-04-21,433.5977804479684,435.3889447319386,425.7934603971678,427.88970947265625,102725,62.0018706719739
2023-04-24,431.6984180418282,442.6717106287746,428.7065865179776,439.0303649902344,196910,65.01582382824358
2023-04-25,442.86853358578657,445.6241480034092,437.7017340272857,442.7209167480469,94865,64.86096516117945
2023-04-26,446.0178421222218,446.4902160127037,435.7924851312837,438.0953979492188,83155,54.733147492683635
2023-04-27,440.2900807653789,441.8844027583183,437.5541384485449,438.3709716796875,47275,49.016705742745295
2023-04-28,441.1155721483139,447.4370141187674,440.5210707368411,445.9804992675781,100585,53.10691294082287
2023-05-02,449.24031782659176,449.4880242248461,436.16143814131993,437.7566528320313,82065,53.51708015745466
2023-05-03,435.021951835298,439.9463560985173,434.585986168074,438.6781005859375,41625,49.103784582891706
2023-05-04,433.98161183672727,442.74050649277416,433.98161183672727,439.4410705566406,43140,51.73608150908918
2023-05-05,441.6407129512583,443.7412584203329,436.9739025262277,438.2917175292969,49505,48.3513223468778
2023-05-08,440.8678625470613,446.4263796456357,437.9449149337988,444.2267456054688,119065,49.61282656755074
2023-05-09,447.6550071122984,467.07519548930856,445.84180951566987,451.2418212890625,384590,68.40985354548005
2023-05-10,431.6135473890839,440.7192375422801,416.166579115964,435.9137573242188,916165,55.78929613132952
2023-05-11,436.9540670491725,440.511127141084,429.0274626582578,430.4344482421875,146295,47.96870835750231
2023-05-12,433.5555443336232,433.5555443336232,416.4439676871564,417.910400390625,119380,44.107702609100514
2023-05-15,424.86601631505175,430.43448173250925,411.1926347718932,424.2616271972656,146565,40.757007753584354
2023-05-16,424.6282375151549,429.6120893177586,423.8851182787572,427.9375915527344,59875,40.74618859574049
2023-05-17,428.30415485269816,437.94489845767447,427.9771957217405,433.8924255371094,283090,47.4121625709751
2023-05-18,435.96326572316127,443.3548162618493,426.0550096839985,428.5221557617188,72865,44.29391317262574
2023-05-19,428.52213674763897,429.621968842736,419.495730410522,424.3804931640625,143075,36.96173011209253
2023-05-22,423.0825147070884,433.7735309808508,422.2205013067077,429.1463623046875,66930,44.57620328462827
2023-05-23,430.8406853289144,432.3864010942151,423.0825341316982,427.0061950683594,42010,42.758810541410334
2023-05-24,426.996310101819,439.9265722589865,424.3805159689347,433.4664001464844,130820,46.53807169790769
2023-05-25,433.8825369970925,436.7460375796461,428.0366718320906,429.0869445800781,59930,44.85888533218792
2023-05-26,432.8520424364588,437.9449003619541,427.3727782636061,435.5768127441406,99285,45.19853734113333
2023-05-29,437.2909714902397,440.9173968546799,431.62344778633405,435.0021667480469,53140,40.29142102138569
2023-05-30,435.0021680779977,437.17207859153126,429.4238150335072,430.3254699707031,69140,46.171578480372716
2023-05-31,431.6036393002873,434.1203448018515,415.0271160540569,417.4645385742188,104305,41.930707807466185
2023-06-01,417.46454436276673,423.18162753117394,414.1056612410132,416.1764831542969,76190,48.745898350157844
2023-06-02,415.2648858124463,421.6854463248466,412.5797570121822,414.908203125,66075,42.69798907794342
2023-06-05,414.957773859825,422.8150443156204,412.1834741098944,418.653564453125,74135,42.76001052850526
2023-06-06,420.33797486904814,428.4131978399043,419.1192484384079,426.302734375,128260,44.23368976245118
2023-06-07,428.44287688692935,435.5569970321298,422.6861828982883,424.0138854980469,72690,46.40656265035794
2023-06-08,428.0366667275117,429.621993762911,420.56583310560126,424.0733642578125,67330,49.73815478216164
2023-06-09,425.3713353592061,429.6219856441596,421.2693331041358,425.2425231933594,75260,46.4542995716477
2023-06-12,429.0175615180597,433.7834301756209,416.5629068619453,417.0979309082031,87685,41.88575467275005
2023-06-13,417.69245076875535,423.379780217161,416.97905510461817,421.21978759765625,62390,39.571386769049575
2023-06-14,423.3203076150603,428.0366470128064,422.68619497266576,424.63812255859375,38140,46.14855814322136
2023-06-15,426.3621505087801,429.77059290378565,422.478131190116,424.6975708007813,77815,39.40158626434693
2023-06-16,424.8858229565733,431.7125953263255,420.5063606865162,425.916259765625,145745,41.258323218336535
2023-06-19,426.1045374690871,435.9434586642219,426.1045374690871,431.6036376953125,123210,51.20628328345915
2023-06-20,433.7636390672982,436.9540987758001,426.2630818607671,428.898681640625,61510,63.35027978028046
2023-06-21,435.566940526097,435.7254762508703,428.0366599061544,430.0480346679688,48510,66.24877832900435
2023-06-22,431.365814926635,435.8740895097371,429.9687774519478,432.9808654785156,76360,70.37529167523945
2023-06-23,433.87263861828654,448.8439989934014,430.9496909889637,433.28802490234375,316865,67.88561667338018
2023-06-26,433.2880191195235,439.906757052106,428.5320683747959,431.4054565429688,62565,57.259599520675316
2023-06-27,435.1904242562763,437.8854711164501,424.4796018650851,426.9963073730469,61445,54.00164442165985
2023-06-28,429.1364461489491,429.6219712375977,424.6678434102213,427.6601257324219,38735,54.735712196218714
2023-06-30,427.6601246049985,433.3870951488439,425.0542485366528,427.6006774902344,45985,53.20753683154869
2023-07-03,424.07334199728274,430.1669131770608,421.6953666878079,422.9239807128906,130175,58.75000687504469
2023-07-04,424.6282182711237,428.0366607666064,421.69538295091695,423.7662048339844,37340,54.24232409869489
2023-07-05,425.84692628794585,431.99002662299984,418.54454674209046,427.56103515625,102885,54.80923343898001
2023-07-06,429.7012376708408,430.0183091189197,421.1206843718917,423.6175842285156,65480,48.42441473745876
2023-07-07,425.73795015911753,427.83849566024304,415.3640045860244,418.0590515136719,273285,39.825536593134494
2023-07-10,418.05903787284575,421.1008797198455,413.5507934908841,418.9309692382813,90815,31.251749502012828
2023-07-11,418.9309550134301,422.4880151657714,408.2201330672509,410.3008728027344,137995,26.59008476405819
2023-07-12,410.30088188910986,414.1551777014776,401.5122637647615,406.0304260253906,498150,21.97031808160922
2023-07-13,407.2293104998448,413.76876532911353,398.9757467813614,402.5625305175781,112115,14.938251802073793
2023-07-14,402.6021669054242,413.7093440432016,402.6021669054242,411.7871398925781,101005,29.4429644758918
2023-07-17,414.1651016421232,423.6770334689834,408.2003424035302,415.8296813964844,136215,35.69866224165729
2023-07-18,417.9104300256335,430.0084024149574,414.8190589201392,425.777587890625,312120,48.98430589191601
2023-07-19,429.6219831335789,432.9907841019556,419.2480379663005,431.4351806640625,235980,52.90441613255113
2023-07-20,434.1996011041544,437.9251150830562,426.4018083720662,436.6172180175781,117920,56.430209933881486
2023-07-21,438.59886358983664,438.77720494075845,430.02822819998784,433.1691284179688,50255,57.43671944605788
2023-07-24,431.9999677959078,443.23592663254647,426.8476625069724,431.9107971191406,166050,55.87647516300666
2023-07-25,435.69574846958335,447.8333619719703,430.47407824751457,436.1515197753906,376940,56.15856814871244
2023-07-26,439.9265736981552,445.6733501784522,436.6667489535491,441.46234130859375,92130,62.54701883929286
2023-07-27,447.6054600800869,447.6054600800869,438.1430877949049,439.2528076171875,116460,65.63825326747858
2023-07-28,443.8700668614951,445.6138993704176,434.7941006615744,441.2641906738281,63405,66.20650984307153
2023-07-31,439.54015120107766,453.2036453537071,439.54015120107766,450.1122741699219,195495,78.79875881045015
2023-08-01,453.7584827755408,466.6788570508649,448.11079500474494,463.1812438964844,272330,86.67345022038717
2023-08-02,467.0751674077694,467.1346145229308,444.4149914716601,456.1562805175781,165700,82.88945356042717
2023-08-03,467.6894798252815,547.3816042800958,467.6894798252815,538.54345703125,9130495,90.98481345552351
2023-08-04,532.8858417882,538.9298538753892,519.9753549416139,523.7999877929688,1480005,82.65117535043083
2023-08-07,523.7503664549658,528.1001051743312,506.6982972835667,512.7026977539062,343765,76.10544526306876
2023-08-08,506.3118610566168,525.1375466927727,506.3118610566168,519.024169921875,263930,76.2003473277091
2023-08-09,515.6355229292833,523.1459978963896,510.2751830523245,512.1577758789062,175735,72.3708937881127
2023-08-10,519.9852648247006,532.8462222862829,508.50162994176327,510.7507629394531,279005,73.25649581314553
2023-08-11,519.1926182152066,524.7313599689932,511.9892966982116,521.907470703125,223855,75.46681649055279
2023-08-14,530.0916912615548,530.676304969415,510.2950153025782,515.1500244140625,124240,72.04067450029179
2023-08-16,519.6285688989068,537.939006240744,516.071478462381,527.436279296875,385435,73.08816597027216
2023-08-17,529.5962672841022,548.9173659034474,527.4362747980397,536.6905517578125,437120,75.2127755342486
2023-08-18,535.3331268716842,544.7558877435407,525.147471432025,538.325439453125,288475,75.16438527195312
2023-08-21,542.9723907623415,546.9356928846944,513.4754953646693,521.402099609375,311715,67.73999580502192
2023-08-22,522.165138733677,533.8568697829583,514.2385332121032,522.5911865234375,262355,65.71277799399914
2023-08-23,528.4370587238967,538.0183257878364,523.5423776135593,527.703857421875,144035,69.11631391487546
2023-08-24,529.4972423042514,537.8300592661604,519.1926315341062,521.005859375,350395,42.131958428648026
2023-08-25,519.1926272064097,534.6494827575906,519.1926272064097,531.8554077148438,129385,53.74481250684525
2023-08-28,530.517733759953,545.7368001752916,529.0414133197871,535.4124145507812,164600,61.35325768888786
2023-08-29,540.0594008604797,544.7559045436103,532.1031027138957,536.0267333984375,106580,59.01448102904296
2023-08-30,544.7559004779384,573.0935488030467,533.6487842531017,553.19775390625,638595,69.61541019722793
2023-08-31,553.87150918107,562.590762346842,537.5328047490585,553.2572021484375,149010,70.58143985010734
2023-09-01,558.5779264091251,562.3925807408657,536.0366442347436,543.547119140625,212345,60.62669646368249
2023-09-04,554.4561097248513,555.8432292437382,539.7522315933337,550.9882202148438,175270,67.48186976479968
2023-09-05,552.345684457013,554.5948175424263,542.2094970107752,548.2238159179688,82775,61.17859667802525
2023-09-06,554.1687228608665,572.46930237633,550.8990106123426,561.5999145507812,369460,62.82652053582148
2023-09-07,562.7096255255692,567.5448590140953,553.3364545916116,562.7195434570312,148230,62.62821011070731
2023-09-08,566.732411981069,568.7239811294238,550.8197551336513,555.149658203125,91265,69.34349929401755
2023-09-11,559.8759036970066,564.5724073027329,544.9540727777721,548.2138671875,89955,63.77874551651341
2023-09-12,553.673336676855,563.5815927393442,520.3816204969697,542.447265625,265215,57.87298201791039
2023-09-13,542.3779916785313,548.7192396314939,528.2190542615614,536.0961303710938,97970,58.08816938508858
2023-09-14,531.4789122057866,544.736164474172,531.4789122057866,537.830078125,54740,53.54914872495466
2023-09-15,543.5471037958791,544.7558819535618,521.7786347492012,528.555908203125,165505,46.18606808223429
2023-09-18,527.1984753561294,543.5668723121395,521.818299878907,540.8421020507812,432245,52.37071283950068
2023-09-20,535.0457857979246,550.8791584033651,535.0457857979246,544.973876953125,134330,45.3548054355051
2023-09-21,547.7086142188948,636.1100468405042,535.0458337910783,618.7408447265625,6446300,70.18262263256507
2023-09-22,612.9246935907059,639.6175377442988,598.0722274834621,610.3089599609375,2273070,70.73998539248039
2023-09-25,606.1276135639278,609.3181032887809,576.9577068911776,583.4773559570312,543900,59.00774090835864
2023-09-26,581.8227177858925,587.064163397732,564.6120820868302,567.3170166015625,516730,54.92763307332844
2023-09-27,574.0843817685128,594.465611317666,571.3992225983441,578.8799438476562,631690,54.50181652580536
2023-09-28,591.9192653060921,610.7151987888286,580.43556945607,584.775390625,1036355,55.60650644752197
2023-09-29,590.5122139479429,598.8550089320541,572.6971892469595,592.4443359375,354950,59.47538313338506
2023-10-03,600.4303787900474,611.3393780154298,590.5617947955753,603.0362548828125,286145,63.67456540881959
2023-10-04,596.4770216685091,607.5049156280705,590.7500205719033,596.54638671875,161885,63.44564431874653
2023-10-05,596.675175755548,613.7966103131857,596.4769985447136,600.1033935546875,181970,66.13224535405425
2023-10-06,586.3606500319305,608.1291195390053,586.3606500319305,597.0516967773438,181415,64.8275908440883
2023-10-09,594.4953677928739,599.8953794786984,578.8403352027008,583.7449340820312,115075,63.544426892177185
2023-10-10,584.5871317581255,614.3119011695555,584.5871317581255,608.5651245117188,274250,65.65724726273973
2023-10-11,611.339399762523,633.6725871821288,606.7816261585858,612.0429077148438,286945,65.55307989081157
2023-10-12,612.032965058641,633.9301859074104,605.7114931008138,629.7191772460938,200735,53.44099503408875
2023-10-13,623.0410138000447,663.446908894855,623.0410138000447,626.0927734375,478835,55.10086055151987
2023-10-16,627.9852553836953,634.8516695587128,618.4931291694062,622.9915161132812,151370,65.08325846843186
2023-10-17,622.9915159580672,634.0986322660638,622.9915159580672,627.7177734375,102885,75.26113566189083
2023-10-18,628.1834307598073,637.1008611649149,602.6201423602043,608.674072265625,285060,61.726877741353185
2023-10-19,614.2524283368069,660.870760983892,600.6186583281162,638.8645629882812,1439360,67.87143654005236
2023-10-20,634.1283868474206,640.558835344264,604.4729837632827,610.38818359375,248005,55.21211399168025
2023-10-23,616.3034101225726,633.9301748886073,590.7401230238348,591.3147583007812,168600,46.75516019838897
2023-10-25,589.7394145284148,610.9430462743361,559.1228790224909,567.8124389648438,253255,42.73036585588065
2023-10-26,564.562482697945,578.6421358920035,553.8120493975633,569.972412109375,236140,42.3226482700275
2023-10-27,574.678855296769,586.5687626477367,572.1324262154133,580.5940551757812,123265,45.96236238082888
2023-10-30,581.5353959109806,599.429705418578,574.3419917395356,592.424560546875,933170,52.14495437143412
2023-10-31,596.8039935909351,613.9056529226617,591.7606647369196,606.7023315429688,320765,49.51435176462801
2023-11-01,603.412811038566,614.0443507381347,591.0274906149501,593.8909912109375,102820,45.487241256976624
2023-11-02,596.2986879846218,609.2190324305059,594.8520607935543,603.2839965820312,104160,43.145628916882956
2023-11-03,594.297179909291,609.2586826820129,573.0836305250245,597.42822265625,397260,42.65252074046771
2023-11-06,598.3100658961929,612.3302735336867,597.4678882537429,606.6231079101562,95960,45.931444120392115
2023-11-07,608.7434648037795,625.7460062682177,604.8891385294748,622.763671875,130775,48.83472264653253
2023-11-08,624.0417713666826,632.5926009232944,614.7082113763096,617.3536987304688,85970,52.181489789074746
2023-11-09,619.2362333407741,622.5753711805913,605.226005608951,612.746337890625,71900,42.46683475063965
2023-11-10,608.3669549529045,619.8407330233456,596.7148355207714,602.6201782226562,98230,47.494267791307045
2023-11-13,605.85025951467,617.4825426968955,596.6752045347662,606.3555297851562,129705,55.38452596646066
2023-11-15,611.3393829292553,634.128371271837,608.456107100214,626.9647216796875,193845,71.62417549757976
2023-11-16,631.1360871511156,640.6678248239489,624.0318843541513,631.62158203125,190340,72.13290700436409
2023-11-17,631.6314924113492,655.5203439014808,627.3115072527971,650.189697265625,194215,73.63711706587186
2023-11-20,651.9632369745815,670.6105817997835,644.6212459757922,649.3573608398438,178030,70.8975731324438
2023-11-21,652.547875217298,662.8623433682465,643.0458308609745,645.8598022460938,69090,65.60823751060732
2023-11-22,647.5837996211304,672.5723917249466,636.1100224696974,663.2982788085938,592255,76.68164402075087
2023-11-23,665.6366276435184,669.0748239311869,650.9922566861308,654.5988159179688,239815,69.83226333627724
2023-11-24,657.2443991944041,662.6146573157806,650.2887837386294,653.2513427734375,84180,72.35360998901146
2023-11-28,650.9823402695647,662.5947873294394,650.1797739487045,659.4043579101562,409255,71.66328478453653
2023-11-29,663.6549983823575,666.8256525101345,646.0975971541676,650.9625244140625,107960,62.354569540815724
2023-11-30,650.9625317237094,692.8645870122516,650.9526137912142,678.2796020507812,207900,72.39424422987186
2023-12-01,681.6880223331523,697.5313142226836,676.8428705673479,680.2810668945312,175745,75.3082421289784
2023-12-04,693.5580886356655,703.4861805641403,678.5272811192019,686.3449096679688,83340,82.36062068405846
2023-12-05,692.1808792963527,692.8843267649587,668.4802875123545,676.4762573242188,158390,75.87569303175378
2023-12-06,683.6300056404509,683.6300056404509,668.2226202419653,674.2369384765625,146315,70.18015783352024
2023-12-07,675.5448963240511,702.2971880918942,673.4641867099642,686.8799438476562,204920,72.08362258510344
2023-12-08,689.6146004095258,689.6146004095258,671.779740054107,678.9334716796875,120020,62.55296395572245
2023-12-11,678.933491072952,689.6245380399566,676.3078395085206,683.094970703125,68265,64.31754050692388
2023-12-12,686.5133368034905,692.3393962388361,664.5269140588442,669.13427734375,156040,59.07158561541021
2023-12-13,669.1342602798497,672.9588325297831,653.627815660682,655.619384765625,155315,46.91260288992404
2023-12-14,661.2967675418995,671.7499649344562,640.291253917286,646.27587890625,348425,46.6708983445188
2023-12-15,652.092032598019,668.6090777997397,647.9008598187013,656.38232421875,277310,51.17035781035539
2023-12-18,658.7008289428487,684.075857357473,649.3573510449572,661.4652709960938,307840,50.77657979227422
2023-12-19,669.4017355918825,683.4714708794965,655.668907609514,678.97314453125,280780,59.87975327203885
2023-12-20,678.5173876956877,686.3944636463585,662.1687645990945,665.4583129882812,317215,44.98994000253766
2023-12-21,665.8348109803137,685.6314873475764,649.9816011950682,681.7772216796875,319810,50.525804601374766
2023-12-22,685.2351804284694,692.8546316564072,679.4784861530842,687.4447021484375,358755,50.38758789505722
2023-12-26,687.4446863677736,691.6358591772084,678.7848805611847,681.8861694335938,99565,51.96629113780276
2023-12-27,685.6314362676029,687.7518174324568,674.1378842196551,679.161376953125,43355,51.7835463308224
2023-12-28,677.7246735861224,695.5496154858437,669.8079871481866,692.0817260742188,246180,51.88021810936
2023-12-29,689.020132420418,689.6146035782527,678.7056042680312,686.9888916015625,83130,52.97301534668809
2024-01-01,688.2274420366991,690.8729899480101,671.2843483568122,686.3646850585938,85880,51.23910741521512
2024-01-02,680.7566887845179,696.7486297620843,680.7566887845179,693.7463989257812,97455,59.816630613076576
2024-01-03,697.1350069182499,709.431125941758,684.4028617387871,690.6748046875,162630,65.25262589866921
2024-01-04,696.1045035178521,697.5312947810454,682.490569638946,691.9331665039062,85385,71.36895773736985
2024-01-05,696.5404595388346,711.214583848617,691.9331569118053,700.9100341796875,162820,71.06299189864939
2024-01-08,704.4175488160297,713.136801930845,684.3334947135417,687.4248657226562,105595,61.37545788329538
2024-01-09,684.2641221837642,695.9459944901874,664.6656236348117,669.6593627929688,181105,45.92790814717246
2024-01-10,670.9772211156944,683.6696952121468,664.2792300778742,673.47412109375,211330,53.829412392470815
2024-01-11,675.772833047813,693.5779405800373,673.9695231452813,680.8359375,223940,49.508231431607115
2024-01-12,684.0164109201452,706.4387985010364,675.3764409417035,691.5169677734375,266360,52.02162704617018
2024-01-15,693.3004676550705,698.1951485935073,674.752241241118,678.6065673828125,477975,48.48264071853244
2024-01-16,678.6065310324075,687.54373644375,665.6365978671963,670.4223022460938,117010,46.151166335225206
2024-01-17,670.4223333373978,683.1544181599514,658.8990267237474,667.2814331054688,215505,38.04798126871511
2024-01-18,667.6183070388505,688.5742936060176,640.7272845383177,646.5137329101562,342585,33.054046028742036
2024-01-19,651.6462134048743,664.0513700314285,647.9999822297796,653.409912109375,177380,36.891105060825765
2024-01-23,652.5478614728139,657.8289184026263,628.5797876810954,637.269287109375,160530,28.99778611320555
2024-01-24,639.8751534152112,692.4681926234036,639.3401293681092,650.972412109375,673725,36.31769803542131
2024-01-25,653.8953885446421,687.6329892507375,653.8953885446421,684.12548828125,286790,47.79420918913681
2024-01-29,688.6237373443773,703.4861201647595,685.6413428490569,702.1980590820312,225380,50.34609981280465
2024-01-30,705.0714753855165,725.0861646748037,700.47409054561,709.97607421875,298165,56.25137681922021
2024-01-31,711.4127299765964,732.2695952715407,709.1536187418939,722.9558715820312,262935,65.17690661616562
2024-02-01,722.6685568335255,724.9375861984852,709.4608949132571,716.7533569335938,140260,62.159002405095116
2024-02-02,726.5030953890496,730.8231413232952,710.2337546252724,719.23046875,109400,61.09108976388837
2024-02-05,719.1511405642038,738.10563950573,713.6025412843578,729.5548095703125,144870,61.01074268785569
2024-02-06,733.0127634876966,781.9595720976005,733.0127634876966,755.5045166015625,585270,70.69709631909541
2024-02-07,756.6242130834629,787.646962468555,756.6242130834629,780.7706298828125,403955,77.19925512776653
2024-02-08,785.6553266767388,808.8802808915008,777.1044970094844,780.512939453125,275035,78.31232630860869
2024-02-09,777.3422620654561,799.0413659914548,764.9371671934393,793.4828491210938,171735,88.23919510272427
2024-02-12,796.4256188576549,799.7845322133661,703.7834236672132,710.4714965820312,252520,60.63447126749791
2024-02-13,723.302693278671,755.9999383172959,723.1540452475081,748.0634155273438,477420,69.11975951405661
2024-02-14,747.0825403353664,782.2370150563783,737.1742838322449,764.025634765625,391660,69.3586713232337
2024-02-15,761.9449068272525,792.2641468100137,757.9816043209988,775.7174072265625,216510,66.92792196453155
2024-02-16,775.8164949666627,812.2194201885557,770.5849064322784,808.9893188476562,370855,68.68715651829169
2024-02-19,802.5687064932695,835.3947622524232,796.9804358006774,811.0501708984375,354425,68.04783641491068
2024-02-20,816.6385094871828,820.2352114199979,792.5614583856329,803.4506225585938,158605,64.65475552331603
2024-02-21,809.5044627844645,809.5044627844645,775.0237462321352,779.9481201171875,246815,60.82335809763344
2024-02-22,779.9382612857439,791.7588640422381,759.7650663613811,776.678466796875,218205,59.81247185201248
2024-02-23,778.6204932666935,790.4509532750319,772.8043518694185,782.2865600585938,101070,59.1543967980056
2024-02-26,782.2766414587941,798.9819464410483,769.8714856836186,786.9929809570312,184695,55.901801037302675
2024-02-27,790.2824941978698,794.6421511373304,781.7614180141567,789.9158935546875,206735,51.87075747224253
2024-02-28,793.8692345175725,794.2457530723542,772.5962385483795,778.2042846679688,113170,49.548880591763705
2024-02-29,746.3095891360882,760.5576653333358,716.1587750119264,725.2050170898438,833965,38.46307591080382
2024-03-01,725.1654249495919,754.761379966652,723.3026680349931,749.86669921875,234025,58.291619446023816
2024-03-04,759.9038282752775,763.1240116455971,739.5522911459294,746.656494140625,139450,49.65377233597256
2024-03-05,746.6465262862,760.7856267527366,736.0744342149487,756.7034301757812,161090,48.14405362932682
2024-03-06,758.5760948788718,762.4205032461296,718.4972456410329,735.529541015625,197640,40.280835752651505
2024-03-07,741.1375355246759,759.1606552848518,734.2017564489101,754.9892578125,224670,36.00550961572834
2024-03-11,756.8718947490744,763.6094970062828,706.458681346003,716.0894775390625,378180,29.33590608055914
2024-03-12,721.915522298377,733.2010406204168,698.3438025775998,713.721435546875,339735,30.019394515986548
2024-03-13,717.2884121454385,718.2891557371756,657.422742754821,708.8663940429688,649950,32.73820869727615
2024-03-14,692.924013813689,711.4127932234745,671.3933320265637,689.89208984375,433815,30.418050712542623
2024-03-15,689.892092345147,736.4905898487557,677.2491477464902,718.5269165039062,2163520,36.967861215140985
2024-03-18,733.0920515513961,742.6634002616204,713.4934921075718,738.3731689453125,388765,40.641558315227435
2024-03-19,737.3723964709064,740.7510850334444,718.3187797611749,730.5654296875,118150,38.78695963620043
2024-03-20,731.1995642264296,746.0817846038501,719.9338816038387,741.197021484375,73975,42.97959460614188
2024-03-21,747.0429225729192,759.7650899459932,735.6582851508377,741.4744873046875,107335,53.85811363356756
2024-03-22,746.0718353628739,752.8292731614201,733.7459625719388,738.0164184570312,78480,46.87564871062477
2024-03-26,744.3775823743523,749.4605226394507,727.7019702682369,734.2810668945312,60525,46.74620289505281
2024-03-27,740.7015353531061,754.691987084921,729.8916553632635,748.4398803710938,121750,47.87329827733862
2024-03-28,752.185258198147,770.852378133938,749.1830276828058,764.1048583984375,205525,57.568739411026755
2024-04-01,769.4058397492191,782.1180887798724,762.1430710968671,771.8927612304688,106520,54.77230047191059
2024-04-02,772.6458443463749,776.7677129942208,765.6307816790215,772.6755981445312,50700,70.35717783269166
2024-04-03,777.8376551971107,787.6963813523669,768.6824369418437,779.8490600585938,179185,72.99473264870642
2024-04-04,785.7246996545321,792.046171811332,776.1830443024268,780.9290771484375,61715,75.7341706542725
2024-04-05,784.8428550386266,787.765802666837,759.9632386245604,776.4010620117188,70180,84.4472474778775
2024-04-08,775.6182787643571,793.6513170393159,772.8439791394087,789.4601440429688,99795,82.2448451863435
2024-04-09,804.5504196623829,822.3852811819924,800.5871171024696,819.0462036132812,693795,83.68917646567049
2024-04-10,826.3485941341661,882.0527832861941,822.5834687499374,871.90673828125,781650,92.88679558371213
2024-04-12,862.0182753824854,868.9441366776307,853.2395750460854,863.3460083007812,202870,87.5350304494363
2024-04-15,863.0090476046203,871.9066416251071,834.0769296656613,854.3095703125,229175,82.90184174425733
2024-04-16,842.2017734821517,867.9533215623569,840.2795693683729,852.8333129882812,122595,83.87119310087536
2024-04-18,853.2395726616193,900.749672330312,853.2395726616193,893.27880859375,394435,88.55413716174357
2024-04-19,891.7430597404486,942.7606613377902,881.8348035211103,922.7459716796876,869065,89.34515374312213
2024-04-22,930.2267571676656,948.8145951091576,912.8476369864002,918.1782836914062,250505,86.61237430690215
2024-04-23,918.4853696924376,931.5741970185372,891.5745742822473,924.1430053710938,466570,86.49535890708856
2024-04-24,930.7815901848572,940.045785328451,921.4777233132514,927.858642578125,101535,86.68260442380964
2024-04-25,929.1566297291928,986.8523854002658,923.4989937492592,977.2909545898438,1124660,88.90018456281409
2024-04-26,988.6260279009402,1028.4770057828516,917.5144529563576,926.3724365234376,1394940,73.9516509035704
2024-04-29,941.2843204655552,945.6637526866664,896.6971684435025,912.20361328125,380730,71.67573025165598
2024-04-30,911.5596010584296,915.3247264460226,889.7614366852933,894.12109375,145755,66.44149754532674
2024-05-02,894.5173495215233,921.467818235936,887.3833930272381,914.2942504882812,257300,65.41879243382999
2024-05-03,921.4678053613314,936.8553559133622,907.5962470010534,921.5371704101562,268785,59.42639759969969
2024-05-06,930.008753211666,934.7845400320908,891.74307200434,898.0546264648438,122535,56.23864809726861
2024-05-07,904.425610321432,904.425610321432,855.4887186260205,863.90087890625,381085,51.58120297967771
2024-05-08,862.0182809280328,919.486166323235,855.676972832277,912.67919921875,209075,58.534937871303285
2024-05-09,915.5327761089472,922.726179670654,886.0259605911268,891.8223266601562,121230,49.77999090940102
2024-05-10,891.8519806720187,909.5778644619076,891.8519806720187,903.99951171875,69605,47.01218271306906
2024-05-13,907.0017736612332,911.5397113432329,882.0626498982176,904.049072265625,90670,47.71517530711835
2024-05-14,906.3181437878646,915.8201278182904,886.8087844989082,906.2289428710938,87855,47.06722996400786
2024-05-15,907.6259836982,969.0174978377164,907.6259836982,956.9591674804688,563930,54.128594009480516
2024-05-16,961.952926408008,965.1434162834814,941.6113083102424,951.6483764648438,100375,45.841362667210426
2024-05-17,959.733490285261,959.7830194703484,941.2942403362118,953.4219360351562,56665,55.21868528588373
2024-05-21,960.3081854017296,962.9735086896964,920.82374888315,926.52099609375,151485,52.63291521145617
2024-05-22,930.187043967834,941.2843025774704,912.6593370092522,917.63330078125,118360,54.47515052158046
2024-05-23,919.4861558243248,924.3510829060764,896.0630241511324,902.6520385742188,111665,47.73942455149006
2024-05-24,903.6329822107552,913.7294978849468,889.9695184284421,904.5148315429688,135635,46.624231206282914
2024-05-27,904.5147450627736,910.647957597016,882.9444536253068,887.4526977539062,93650,47.842548868127466
2024-05-28,891.941241512672,901.6513205621482,873.1353299892419,899.2337036132812,144480,57.91037352336314
2024-05-29,899.6993756187907,914.2842990502144,873.2244848158279,885.7286987304688,56465,42.834558576534725
2024-05-30,887.3834113461784,896.6872785396423,876.8806838427732,882.0230712890625,49400,47.13317246105656
2024-05-31,885.7980918664373,955.7305800790592,881.834789441979,940.9573364257812,258950,58.48962164129572
2024-06-03,956.1467343307484,963.0825137507642,938.3416267620312,950.1224975585938,152240,60.158161509044774
2024-06-04,950.1224747086004,961.1008393738848,827.8050413551013,882.508544921875,248350,45.94126836160021
2024-06-05,891.7430183856386,909.5778787533512,816.8464864879195,881.0618896484375,339400,34.37883070083028
2024-06-06,890.7522133051156,907.2990128998158,882.8751376997587,894.755126953125,129635,38.680811761068625
2024-06-07,887.9778969963569,913.1349729895873,887.9778969963569,909.6571655273438,148225,41.72506482229896
2024-06-10,911.3019608197416,934.8142338110196,906.6153749133132,917.0784912109376,118570,48.072660497426185
2024-06-11,924.9654459632488,940.9573250921712,912.669266473362,927.7199096679688,94050,52.044175030732085
2024-06-12,947.2293132378824,964.2219971790386,925.4311491257135,928.4432373046876,339015,55.54749774916763
2024-06-13,936.3995114908096,943.8188044512018,927.5779433274884,933.515380859375,87985,56.15285821174032
2024-06-14,939.9102718898824,957.7324182693184,936.0215850619784,944.4453735351562,140195,62.41480318578649
2024-06-18,950.7606972701254,963.7096324998488,922.913566506456,937.44384765625,133935,58.50037353386938
2024-06-19,936.260370298486,936.260370298486,913.1870205464462,918.169677734375,87645,57.036330405814894
2024-06-20,918.2491967414308,934.1519489466176,915.4744508398146,922.8837890625,79000,58.823938786990816
2024-06-21,930.8699113850536,954.748836286512,925.1811693898708,950.8900146484376,176430,52.47567709662867
2024-06-24,969.905594869474,1012.442106325056,936.8570374835,949.5175170898438,1051865,49.843116995595494
2024-06-25,949.7860880768288,964.0279139801808,946.752751977807,954.0029296875,105205,77.564826633232
2024-06-26,957.7424277297916,959.7315085765824,934.8679979916968,945.2112426757812,117600,73.40719839115219
2024-06-27,945.5891489038258,952.9686216616668,930.889812682028,932.8988037109376,92605,64.05976795103811
2024-06-28,934.8679788438668,942.82430206807,925.1214950346038,934.2116088867188,84485,60.05842537513452
2024-07-01,938.4482680663538,981.5019594968788,937.0559479706744,965.5594482421876,244405,66.60470568953954
2024-07-02,974.8485091837564,1022.3875280152878,970.91010735933,975.9822998046876,766250,66.55463191202588
2024-07-03,987.8869160895332,1007.8672593088556,976.6386666642776,982.3970336914062,303580,67.81142013181568
2024-07-04,990.542324040356,1012.243202762172,982.8048313255964,1001.1541137695312,283560,70.4787913260443
2024-07-05,1009.7071187528348,1012.0442643603368,972.6604896727628,979.7813720703124,140685,60.06229832213047
2024-07-08,990.9600661928732,994.5403873064053,954.2814118528588,966.6633911132812,168395,58.040486863519334
2024-07-09,964.7141580027194,991.5567941006168,954.9775684872408,987.5487670898438,102805,68.9235879314633
2024-07-10,991.3578790267806,993.5458800922949,955.753344112808,964.4456176757812,101320,60.30273861552897
2024-07-11,954.7587506700468,969.2691213083488,950.293274142242,954.6294555664062,93200,51.018850403751884
2024-07-12,962.7946950656196,965.2810460853416,928.1051207823006,937.6925048828124,115130,47.030043710589695
2024-07-15,945.7979452567696,1054.2128016774336,940.8351984781624,1001.84033203125,1987445,59.244313182471174
2024-07-16,1004.087963354084,1009.5678906692732,981.0146746403412,985.1221313476562,230285,57.4833064701819
2024-07-18,975.6440999046984,1007.2903816629026,968.682317336571,973.953369140625,207455,57.73090255429483
2024-07-19,973.9534059985482,993.3469438865388,937.055981271912,941.9391479492188,229485,51.3043410176761
2024-07-22,941.9391307872996,963.2024091045156,939.8406651404748,954.0327758789062,151130,47.91914534370852
2024-07-23,961.8299753166724,964.2566563803958,917.3641117889656,950.9596557617188,358215,45.35964502621758
2024-07-24,957.5434522567724,1019.5033049189868,950.9595998899216,992.8098754882812,801660,51.706713127657544
2024-07-25,979.622267488856,1012.3923849223968,969.6768637580049,990.06494140625,290671,48.081745301894024
2024-07-26,989.5676953420632,1004.4360864225132,956.747862230216,995.6841430664062,173038,52.90950757094405
2024-07-29,995.7338468552052,1019.403895907601,969.726591473962,974.301513671875,182387,51.356420471161094
2024-07-30,974.4009476122588,978.4785389326208,949.835787826022,962.416748046875,203345,45.389530135453406
2024-07-31,970.273570006595,974.6495719573788,949.78606246867,956.3997802734376,90560,48.42527238154037
2024-08-01,961.2232599403252,974.6495548282658,949.7860457765242,965.9473266601562,129206,52.2174601428305
2024-08-02,972.6605048810736,972.6605048810736,938.84613150075,942.4264526367188,136062,50.90417437330544
2024-08-05,900.0590390698371,945.807896304326,896.1305924495337,934.8182373046876,292381,33.67252444905978
2024-08-06,934.8182742996796,954.7090825801048,920.6957882801916,929.1990966796876,202747,35.59755399406261
2024-08-07,925.5192632704656,959.7314769900532,916.468969996201,919.900146484375,192613,35.943729715728125
2024-08-08,929.0996701042048,956.6981666879084,910.004481949148,918.2591552734376,149308,42.68689947820791
2024-08-09,922.8837965213246,933.575106055346,915.9717284496412,919.9498901367188,173553,38.75139596833062
2024-08-12,909.0596519054674,933.8734473377344,905.0317753752272,914.7782592773438,85381,38.221956424123654
2024-08-13,918.75638664194,918.75638664194,901.4016449510548,913.9826049804688,121899,14.97880570011678
2024-08-14,916.9165314125617,916.9662462920398,897.2743585662841,908.8607177734376,56020,14.668988695775823
2024-08-16,916.5684032376562,924.9225668317464,905.0317589428918,910.7503662109376,62721,11.806792550601457
2024-08-19,918.3586470994492,923.778843820948,902.5454301580568,906.473876953125,65212,13.953488372092849
2024-08-20,902.0481210643742,920.2979126838584,902.0481210643742,915.7727661132812,52570,24.510822181619872
2024-08-21,918.9055798555212,934.6690203166576,912.9880525596568,922.4859008789062,60881,31.607285784933765
2024-08-22,928.8012714907852,934.6690232252552,911.993515035425,920.5963134765624,52523,23.176454024627432
2024-08-23,919.9498338693992,924.9225356740986,908.3136995060172,914.3804321289062,48016,29.14199598732641
2024-08-26,915.5241758635495,922.3368141942476,896.1803524617692,907.2197875976562,108635,29.33730100340243
2024-08-27,907.2197319645686,911.7945933571056,897.2246134491404,903.4404907226562,85351,30.16842522741294
2024-08-28,900.0590791191815,926.9116704299196,900.0590791191815,921.8395385742188,67541,51.309629890967905
2024-08-29,922.2870215474884,926.861943837854,896.7273816658482,907.717041015625,79230,43.90805473375904
2024-08-30,906.225188994434,929.8952374435204,901.6005520354684,923.4307250976562,120047,51.73093242716608
2024-09-02,938.846120586832,942.6253618979612,907.0208283635496,911.9935302734376,62976,48.69645315259774
2024-09-03,915.5738467350914,931.1384279150564,911.0487001603756,922.088134765625,55282,53.49037814072532
2024-09-04,904.08690669073,910.0044340030475,870.2725342796878,875.3447265625,550860,39.37578792669927
2024-09-05,875.195535213169,890.0639260483691,871.2173736894728,885.7874145507812,153836,42.49401805210374
2024-09-06,885.1409794255378,893.793493274915,880.9141826136743,890.9093017578125,148522,45.343640465719936
2024-09-09,880.1682783670691,890.1136826424032,851.8238761823669,861.9682006835938,195262,35.59639569218943
2024-09-10,863.2610563659442,884.3950396007095,861.9681660025559,879.2731323242188,112109,39.0526562536723
2024-09-11,871.018436358139,892.0529892821429,871.018436358139,889.0196533203125,102766,42.306758902919974
2024-09-12,894.3901361245643,895.0863265189087,877.6818701699299,888.0748291015625,42379,43.422031435104614
2024-09-13,888.0748639708651,891.9038202372096,873.7037430237707,886.135498046875,77738,44.58630428779682
2024-09-16,886.1354746357757,895.0863380159351,877.1846112556165,886.8316650390625,58139,45.666838324959016
2024-09-17,886.8316794817698,910.0044584696273,873.2064639741341,899.0645141601562,166610,43.86057338564995
2024-09-18,889.1191350611831,905.5290519834532,873.2064883486787,882.0579223632812,189422,43.189018156721
2024-09-19,881.0136098178073,899.0645427838977,862.1671173552863,877.4332885742188,128811,37.02665723762626
2024-09-20,882.6049074040429,896.0809179475518,870.2725819217729,892.8983764648438,129901,44.733958481667166
2024-09-23,883.2016131625808,903.0427068015246,864.9518206263837,899.9596557617188,210701,43.793594693503174
2024-09-24,886.2349057319369,906.424123948128,882.3562346824956,899.4623413085938,161352,59.13371590138417
2024-09-25,895.086381237318,910.0044875912732,889.2185684573236,899.1142578125,126170,55.46492961194087
2024-09-26,900.0590545519264,902.9929608480336,888.1245698506854,899.0645141601562,61233,53.489354745538115
2024-09-27,902.0481322639256,906.6727693506804,880.8147192527068,885.5885009765625,304998,61.647852282858054
2024-09-30,883.1518427520429,896.6775674143215,875.9911399947491,894.39013671875,260251,58.137039550933
2024-10-01,889.7158225971119,902.0481479077132,886.2847067592267,901.4016723632812,149369,56.867065962314015
2024-10-03,895.0863737006952,918.557503219186,866.4933367630341,871.3168334960938,450783,42.976243405707045
2024-10-04,871.4660121810082,882.3562415349538,856.7468266263536,863.0621337890625,71355,40.81550941155549
2024-10-07,860.2774203391624,870.5211740132202,831.4854644775993,856.1998291015625,192776,38.37736240567514
2024-10-08,842.3757089609094,889.1191072149386,836.4084666306078,885.5885009765625,123355,45.475796368113066
2024-10-09,875.2452697949975,893.2464875161156,875.2452697949975,885.190673828125,103659,51.18374568898119
2024-10-10,886.2846859122393,891.1081824853229,879.8201734276918,889.3677368164062,55686,54.524871590043404
2024-10-11,889.3677393426958,904.8328301900416,881.1130662870574,901.0535888671876,133712,53.1832209722124
2024-10-14,914.8279502941796,952.7696903221206,905.0814666463012,909.1591186523438,803921,53.561787047084664
2024-10-15,909.9547721925668,931.8843763800136,889.1191381896821,897.3240966796875,316486,49.238944128119286
2024-10-16,905.0317738119423,906.0263142227247,876.1901018992542,884.9917602539062,141068,45.368551475106635
2024-10-17,890.063939403208,890.1136542826147,875.2949781037304,885.3895874023438,71525,45.52554701960092
2024-10-18,875.3447437925395,889.0693889597293,866.7419451849187,881.1627807617188,87796,48.45860264723001
2024-10-21,876.1900628204562,888.1245472175566,871.8638365072779,878.925048828125,110866,44.35572687224669
2024-10-22,876.1900790088082,883.1518617024083,857.9900021073536,863.0621337890625,132636,36.85646575552279
2024-10-23,857.8408075792316,870.3720530067851,848.3429589250867,860.02880859375,71755,45.249064290980456
2024-10-24,857.4429989432133,861.8686550006455,839.4417819370198,841.87841796875,42989,41.769709122434925
2024-10-25,846.15498367299,848.9894603128462,814.976165548086,824.9215698242188,120018,38.73165325728207
2024-10-28,825.4188256230714,839.2926764863724,807.6165279989174,828.0543212890625,71866,24.436576327961617
2024-10-29,797.0744142206461,815.523126465548,737.2030701129115,788.5711059570312,1260516,18.137090128710454
2024-10-30,758.1878641139989,884.8426228898156,758.1878641139989,807.9646606445312,333990,25.603586728664936
2024-10-31,808.3624382306733,813.9319009831279,790.9579809453713,796.27880859375,140484,18.599112463918644
2024-11-01,803.2902818439474,805.5777125911663,785.686904872866,795.1847534179688,24214,14.343483796658745
2024-11-04,795.3836540440863,799.0137506440327,772.8075756995113,788.5213012695312,105110,14.823133448022588
2024-11-05,787.825170938528,805.4284867597961,783.4491690710704,791.2562866210938,153870,17.68939138923487
2024-11-06,794.1405170099667,818.805107025933,789.0186096201139,815.4237060546875,129904,29.27836974751635
2024-11-07,815.4236953859678,824.6729089332005,801.4006393739054,804.8815307617188,107282,28.222613777029366
2024-11-08,804.8815280076161,815.2247723767838,796.6268548851469,811.2963256835938,494926,31.14255751284331
2024-11-11,811.2963556248018,829.5959238142425,799.0635204784148,825.7669067382812,135418,39.519302445167355
2024-11-12,815.5230987628024,847.5970255129248,812.0422074875953,821.0427856445312,127120,39.147288007098005
2024-11-13,820.4958356996663,824.9712675307553,785.6869214578622,794.6875,86260,37.43713497992349
2024-11-14,799.6104623004879,820.4958101963962,789.4164234465327,814.4291381835938,121112,47.247581859414495
2024-11-18,805.6274031245572,812.8875355819549,779.2223688168414,794.0907592773438,120170,41.82819830290086
2024-11-19,794.0907984125507,826.5625062105506,792.6984175649546,809.2078247070312,131454,55.62482033154818
2024-11-21,813.5340645872534,813.5340645872534,787.1290285432976,793.4443359375,65470,45.96238842305031
2024-11-22,788.0738540838767,797.8700529524743,781.0622955524792,793.4443359375,74434,49.15704639512089
2024-11-25,798.6159646604603,844.364824404397,797.1241540166363,823.9767456054688,159380,57.28668443253737
2024-11-26,826.4630597376956,834.121032840753,815.6225452630125,829.5958862304688,33239,60.45040573847882
2024-11-27,824.2750923209749,844.8123763835123,824.2750923209749,834.9166870117188,45965,60.96403809238869
2024-11-28,838.1489171114802,853.3156581212103,821.9876357076694,832.977294921875,48685,54.96202540381437
2024-11-29,826.5624987023158,835.3145027472555,815.2744894902969,827.50732421875,65586,56.58465153308108
2024-12-02,834.6680255014938,837.7013615622158,816.8160132922945,822.1368408203125,46440,53.17414504444065
2024-12-03,822.0373228215759,845.0609564476605,820.993067583448,830.1925659179688,109779,51.34643009407741
2024-12-04,829.8445388812414,835.563146214598,819.501294380138,826.3636474609375,78311,51.62764576220617
2024-12-05,826.363644984284,847.3484232030239,818.6559568624255,839.09375,140261,64.81912387861368
2024-12-06,840.3866046129782,842.475115089234,827.4575799266247,830.1925659179688,49341,55.67082564101664
2024-12-09,827.9548767854149,838.1986306881399,826.9106215136387,833.922119140625,31278,66.27387415245045
2024-12-10,834.3199617848882,845.2101305504048,818.0591899027795,825.7171630859375,108632,57.1489964303781
2024-12-11,826.9603537269528,834.4194068273162,813.5340581462987,815.32421875,121590,59.936767035922934
2024-12-12,819.6007265743244,820.3964074628719,800.2569641855806,809.1083374023438,126052,56.73364479360553
2024-12-13,809.1083448585817,812.7384416647623,776.8852717391255,779.9683227539062,223214,30.852427776426396
2024-12-16,774.2994040608229,809.8045079209222,774.2994040608229,796.1295776367188,354766,36.66268396482509
2024-12-17,801.7984903895444,809.5061785642295,788.8694650642666,795.5328979492188,64893,33.69026507515079
2024-12-18,790.6596109682876,796.0798682404684,780.9131272753534,783.2999877929688,73780,31.043620636247823
2024-12-19,775.7415302276651,779.819121682705,766.243681324879,772.6087036132812,41915,29.85399697449013
2024-12-20,772.6086676946487,778.7251152947848,758.8343077521338,766.4425659179688,107604,29.68067420003767
2024-12-23,770.4704827425284,772.6087082444301,737.0538878958738,743.5681762695312,252094,21.48003195915402
2024-12-24,751.5244554492891,769.7742469720548,743.6675622394754,753.9113159179688,45109,27.12712026066464
2024-12-26,753.9113105461964,760.6244580010272,749.8834342136834,753.1654052734375,29113,20.652134033977106
2024-12-27,756.8452617320326,762.3152340572968,751.1266543010743,755.452880859375,27112,23.265727795469118
2024-12-30,755.452837129949,756.3479477394053,711.593631305121,725.0696411132812,563806,17.299041289145777
2024-12-31,728.8986543461504,770.7190643564667,724.0253822998998,764.1053466796875,277132,34.38364590340041
2025-01-01,748.8889446072402,765.7961319356905,748.8889446072402,764.3043212890625,30724,36.36363932967135
2025-01-02,764.3042775450365,773.6032057626991,759.8785607396212,770.122314453125,60907,39.5577875974543
2025-01-03,769.7742793976464,774.8961868036093,761.8179560963788,762.9119262695312,33801,44.823409985958754
2025-01-06,769.0283396716814,770.8682150719875,760.8233816344472,762.1162719726562,79840,38.61516523387702
2025-01-07,755.950102987277,765.7960768272551,751.5244469489721,753.264892578125,104667,36.59304173757155
2025-01-08,754.756714976253,756.9944308203231,728.4013950349823,744.7615356445312,117843,37.47979441461306
2025-01-09,737.9489751298568,751.2758407404666,734.0702432978637,748.7894897460938,54423,41.911525745230485
2025-01-10,745.905282913847,748.3419189784177,726.0144753694777,730.2412719726562,67922,38.66043201558841
2025-01-13,716.6160951933372,725.964799522596,697.719827010226,703.7865600585938,190999,37.812311139832815
2025-01-14,697.3717292348185,719.6991729906775,689.8629614777954,715.6215209960938,105867,38.37560934754137
2025-01-15,716.0193512979687,721.5887530874563,706.6706475421215,715.9198608398438,51990,38.661820965461374
2025-01-16,715.9198852404045,724.1746191517091,705.1788610220646,707.9635620117188,131570,36.02574496492898
2025-01-17,708.2121709133606,712.9860132355141,697.9187023978116,701.4990234375,47936,41.92778629445422
2025-01-20,707.9635796433137,713.0357722490794,695.332964764757,709.2565307617188,56088,26.094541484599986
2025-01-21,709.1073050394144,716.0690878378379,687.2771311239724,689.96240234375,258002,22.222217154283456
2025-01-22,690.2110287351446,694.1891902840504,674.5470176363283,684.790771484375,86763,17.96119975690266
2025-01-23,680.713179603257,693.1946493120336,678.7738137094159,683.0006103515625,37239,18.723271494961637
2025-01-24,686.6307105292544,687.2771253625319,671.4141939787174,673.850830078125,76685,17.574019770295777
2025-01-27,677.4312312158831,679.5197418166551,638.6938697249537,649.782958984375,139131,15.806798756704737
2025-01-28,642.4730780758765,649.9321308399153,615.1232179410675,646.2523193359375,227711,16.343898120942796
2025-01-29,649.6337690846411,696.1782453474881,644.412432244535,684.6416015625,132618,32.25096184341584
2025-01-30,674.34807966622,695.4323474607605,672.6573489120581,686.2328491210938,97873,36.5624037887389
2025-01-31,686.4815205212527,700.9520713994604,685.2880598844879,698.71435546875,30613,48.30675793136077
2025-02-01,688.2219535608818,744.2145656769668,688.2219535608818,729.8434448242188,217082,54.20587738386961
2025-02-03,728.99808393867,728.99808393867,687.2273888153084,698.0181274414062,147749,45.53793052667579
2025-02-04,698.1673656186346,705.8253388918744,671.3147746333025,679.8677978515625,167673,43.33569895816956
2025-02-05,680.9618161776162,711.9417128596575,680.9618161776162,706.4717407226562,384883,51.07666064858388
2025-02-06,707.3171640864224,708.5106247396533,690.3602619401382,696.6258544921875,33440,47.28979654058489
2025-02-07,690.2607347723975,694.1891813920071,675.0939940614691,679.619140625,33783,47.758611932907556
2025-02-10,685.6858906525683,685.6858906525683,666.3917826193327,670.0715942382812,39454,46.86971626136965
2025-02-11,670.8672258628034,674.4973226640876,637.3512016837138,642.622314453125,79449,42.25782517209176
2025-02-12,641.4785740942812,655.4518549244759,612.7363315323854,628.0025634765625,111431,41.38962185211083
2025-02-13,616.615020251665,626.7096291381682,602.6914552782403,606.6696166992188,131050,41.81920814705503
2025-02-14,607.0674561197492,634.5167455984084,587.77334897909,595.8291015625,75210,40.69041150721905
2025-02-17,595.829153793738,615.0735477440934,579.0711716472771,610.5484008789062,101139,35.010077306685744
2025-02-18,608.2111792091541,609.5040696094507,592.5471676585772,601.0504760742188,84102,33.30085145283029
2025-02-19,597.7187988887778,612.5871904690761,595.1827329307173,608.0122680664062,52241,31.825438659786883
2025-02-20,614.078962205815,640.4839968291144,602.9400979466624,635.411865234375,103829,30.791038242193522
2025-02-21,634.1189355257873,650.4294223862757,631.6823601043848,638.3955078125,58966,36.25948368043179
2025-02-24,636.505840043501,636.9036804742991,617.6095729172096,620.7921142578125,43449,36.351121838351716
2025-02-25,620.8915623227501,630.7375366070218,612.736318866334,614.8248901367188,50047,26.593893351573413
2025-02-27,618.6041193791715,622.0352958473032,601.6969328366539,605.2275390625,48600,26.6276969602755
2025-02-28,636.2572021237069,655.4021042587306,602.69146461425,613.6314086914062,9731254,32.34906034647429
2025-03-03,613.6313979321626,634.5167453496268,603.0395188896783,612.1395874023438,1097163,33.80597014925374
2025-03-04,611.6423184754418,623.8751527045655,597.470118413206,606.6696166992188,364145,38.542002613528815
2025-03-05,612.587145253822,643.1692612425194,605.8242829641863,640.1359252929688,334145,53.4521627658285
2025-03-06,637.1025226808013,651.2250077635127,635.9091228246803,642.125,207000,61.33543663308646
2025-03-07,642.4730878484428,688.2219454970934,636.7544806423614,682.1552734375,641432,73.25828595183532
2025-03-10,687.5257864082623,694.6864896372499,652.5677267510392,663.1595458984375,271140,63.85539534879235
2025-03-11,651.4239289948729,692.1006535747123,640.4342702720621,687.3765869140625,322474,71.09867530523233
2025-03-12,688.3711653627955,710.0521340438909,677.8290006522942,705.2285766601562,330982,72.55941279513775
2025-03-13,706.1237019746583,723.8265094049045,697.6701083594687,708.4111328125,247659,69.08475147473514
2025-03-17,708.4110967987547,713.0854487004962,695.183721954877,706.7701416015625,185040,68.00208006181049
2025-03-18,706.7701416015625,706.7701416015625,706.7701416015625,706.7701416015625,0,74.94948693461498
2025-03-19,716.0690529004686,720.8925493232639,710.4996512142352,716.3176879882812,93747,78.852111884268
2025-03-20,721.0417949127584,728.053292640145,708.5106100681497,719.6494140625,132875,83.72910606411719
2025-03-21,722.3843821686415,725.0199384616532,713.1351687566356,716.5663452148438,82007,81.32566329601093
2025-03-24,716.7155546177027,729.6942945357323,713.6821578739253,718.257080078125,168078,82.25514346490823
2025-03-25,729.9926744526248,792.5990065613934,715.4724084786172,730.9375,2454949,86.18593053242596
2025-03-26,725.5172067568922,726.0144769465817,702.1455078414886,715.7210083007812,292856,74.62734413841106
2025-03-27,715.7209940540968,754.8561329228856,696.5263165526195,718.853759765625,1259896,74.81504057658387
2025-03-28,718.8537562589828,725.7658238647465,692.8465624039299,709.9028930664062,405062,61.23186132110013
2025-04-01,711.096380161487,717.262542731245,687.7743958325883,693.7416381835938,160888,62.6699566033814
2025-04-02,704.1346198707135,704.1346198707135,679.668949732249,693.9902954101562,106538,53.41903076083287
2025-04-03,700.2558730014944,701.1509836443652,687.227418011711,699.8580932617188,76673,46.83100722036223
2025-04-04,699.1618889992433,699.1618889992433,676.4863804153291,684.8902587890625,131244,37.81556179199766
2025-04-07,662.3639041533861,671.3147677230265,644.2632567943944,664.7010498046875,166433,31.719956717304598
2025-04-08,673.3038357142724,687.2274010023075,671.9114549046978,680.4645385742188,72181,39.94678918000008
2025-04-09,676.2874677104828,718.1575940041399,668.9776200976188,701.84716796875,377952,44.92856546970958
2025-04-11,713.0854819972826,720.54453515625,699.3608363251686,714.825927734375,290397,48.41659747578854
2025-04-15,720.942382477686,734.1697580652885,716.0691100866022,725.467529296875,82992,52.78383843936915
2025-04-16,731.9817049515262,737.2030418414657,725.069637309221,732.4292602539062,76680,54.29086846303984
2025-04-17,738.943524228529,738.943524228529,721.0915117383422,725.0199584960938,61174,48.14929205691949
2025-04-21,725.4674889499138,740.0872446081553,719.0526913884282,735.7112426757812,102585,56.43405175529858
2025-04-22,742.1260516368616,749.73424920411,730.092076488946,748.0435791015625,74019,58.86976461589935
2025-04-23,749.8834809229122,759.3316149663707,734.9653745385042,756.2982788085938,103514,64.15783333233998
2025-04-24,760.8233926788893,769.4759061477798,742.2751902628747,750.0326538085938,126703,68.28165103207346
2025-04-25,736.1587900049686,759.8288385416666,732.0314232111772,745.9052734375,119554,66.44610272368304
2025-04-28,750.5796733220768,757.6408860817048,738.24734773131,746.3031616210938,58448,65.2415067250778
2025-04-29,751.9222500212942,759.7294285070886,741.032020606032,743.5183715820312,44990,70.91161704011937
2025-04-30,737.1533324144533,745.9052755066797,712.0909030170435,728.6500244140625,500805,73.70941696567256
2025-05-02,721.0,726.4000244140625,704.1500244140625,716.25,69979,63.607011947901
2025-05-05,719.2000122070312,730.0,713.5499877929688,724.7999877929688,125769,59.6713690606922
2025-05-06,727.0,730.7000122070312,717.5,725.4000244140625,111849,54.974405268483395
2025-05-07,709.8499755859375,737.5499877929688,690.0,731.8499755859375,88496,53.12578839694912
2025-05-08,731.9000244140625,744.4000244140625,725.2000122070312,735.9000244140625,60261,51.74969984486088
2025-05-09,701.0,762.4500122070312,701.0,759.0999755859375,123792,64.8209620710652
2025-05-12,804.1500244140625,806.0,770.0,780.8499755859375,103188,67.90778020943458
2025-05-13,785.0,804.9500122070312,778.7999877929688,801.2999877929688,96053,69.84976065713845
2025-05-14,802.0,814.0,798.75,806.4000244140625,74610,69.12366794069723
2025-05-15,806.4000244140625,807.5999755859375,772.0999755859375,779.75,91444,59.81557827339493
2025-05-16,787.2000122070312,787.4000244140625,757.8499755859375,776.6500244140625,128920,60.224320356976996
2025-05-19,788.2999877929688,802.0,782.0499877929688,796.6500244140625,71017,64.81197968908745
2025-05-20,799.0,814.75,790.2999877929688,804.0999755859375,88389,67.34686102189241
2025-05-21,799.0,811.5,792.5,798.4500122070312,50567,71.10036373861449
2025-05-22,807.2999877929688,808.9000244140625,791.25,796.9000244140625,35281,76.09189991414397
2025-05-23,803.0,813.8499755859375,786.7999877929688,802.4500122070312,39919,75.61862815616954
2025-05-26,809.5,834.0,799.1500244140625,813.0999755859375,51706,77.13491047917174
2025-05-27,817.4000244140625,839.6500244140625,809.75,830.6500244140625,208180,78.60453872676457
2025-05-28,836.9000244140625,836.9000244140625,818.0,827.9500122070312,49888,76.86023743702796
2025-05-29,834.2999877929688,845.0,825.0,837.75,74997,74.89713476659406
2025-05-30,839.8499755859375,856.9000244140625,834.3499755859375,846.2000122070312,131228,72.58902632761519
2025-06-02,854.5999755859375,854.5999755859375,815.0,818.4500122070312,70778,55.64331356535403
2025-06-03,825.0,848.9500122070312,816.2000122070312,837.0,85048,59.250300378757686
2025-06-04,838.0499877929688,872.0,832.25,861.0499877929688,130535,74.96930431486669
2025-06-05,878.0,908.0,862.7999877929688,873.0999755859375,338943,78.0786083619112
2025-06-06,889.9500122070312,890.0,855.5,862.6500244140625,79281,70.34527421070021
2025-06-09,866.0,875.0,852.7999877929688,869.9000244140625,59417,70.30867234871747
2025-06-10,873.4000244140625,874.0,856.5499877929688,859.3499755859375,47368,68.24445079135444
2025-06-11,863.7000122070312,863.9000244140625,841.0499877929688,849.0,56687,64.82640582380463
2025-06-12,842.5499877929688,853.5,828.0499877929688,837.75,57294,59.72987732065704
2025-06-13,835.0,835.4000244140625,817.5999755859375,827.75,57605,54.0525655363935
2025-06-16,822.0,827.7000122070312,810.1500244140625,816.7999877929688,54611,46.02353157233815
2025-06-17,820.7999877929688,827.4000244140625,812.0499877929688,822.3499755859375,42064,48.41806820560372
2025-06-18,821.5,864.7999877929688,810.1500244140625,850.0,154152,53.143444068484676
2025-06-19,846.0,847.9000244140625,816.0,828.0,49908,45.6333936167876
2025-06-20,834.0,834.0,812.7000122070312,827.8499755859375,43493,52.59954757012207
2025-06-23,825.0,825.0,805.0,809.9000244140625,41053,42.48058187316336
2025-06-24,816.0999755859375,816.9000244140625,795.2000122070312,805.5,70955,32.700095915111135
2025-06-25,807.0499877929688,816.9500122070312,800.0999755859375,805.1500244140625,59893,27.175021055799718
2025-06-26,809.4000244140625,814.7000122070312,800.0999755859375,804.25,46875,29.038045964320077
2025-06-27,804.2999877929688,828.9500122070312,801.5,818.6500244140625,105533,32.50256935165652
2025-06-30,825.8499755859375,833.5,809.0,818.0499877929688,179796,34.871806107716054
2025-07-01,845.0,858.0,819.4000244140625,838.9000244140625,598479,46.56463700720381
2025-07-02,842.0499877929688,843.5499877929688,821.7000122070312,825.4000244140625,41717,45.862658128976484
2025-07-03,825.9500122070312,829.6500244140625,815.0999755859375,821.0,45250,47.650541901558654
2025-07-04,821.5,843.0,811.0999755859375,829.75,65324,54.577589223648225
2025-07-07,820.0999755859375,836.1500244140625,815.9000244140625,819.6500244140625,37099,49.075359960803766
2025-07-08,821.0,828.0,814.0999755859375,823.8499755859375,53748,39.330879643003
2025-07-09,825.0499877929688,829.2999877929688,817.0499877929688,826.5,40529,49.27325632973155
2025-07-10,830.9000244140625,844.9000244140625,827.5,841.5499877929688,67820,55.80017271755202
2025-07-11,847.0,889.9000244140625,838.0499877929688,879.75,453260,75.2439198704035
2025-07-14,880.0,898.0,861.5,867.9500122070312,584308,71.4236658851099
2025-07-15,863.0,880.0,862.5,871.9500122070312,190945,72.35607415889802
2025-07-16,878.0,880.7000122070312,864.0,867.25,41570,70.56134787233619
2025-07-17,870.0,885.0,863.0,880.5499877929688,95984,70.34843802605691
2025-07-18,885.0499877929688,885.2000122070312,865.9500122070312,872.1500244140625,102721,66.91683834001132
2025-07-21,873.0,874.7999877929688,851.6500244140625,868.25,61239,60.2658221794874
2025-07-22,871.9500122070312,874.0999755859375,860.0,868.5,34135,66.61526284185817
2025-07-23,872.9000244140625,887.0,864.0,884.0999755859375,89974,72.39177406666829
2025-07-24,887.0,900.0,877.9000244140625,880.8499755859375,119450,68.87001936537817
2025-07-25,880.8499755859375,884.7000122070312,842.0,850.25,96167,59.813981640112374
2025-07-28,851.0499877929688,891.9500122070312,851.0499877929688,859.8499755859375,224389,61.15933550734125
2025-07-29,859.9500122070312,864.1500244140625,845.7000122070312,855.4500122070312,63009,58.8776559486024
2025-07-30,859.0,862.0,852.25,855.5,25972,54.71125459619261
2025-07-31,847.7000122070312,853.0,831.0,838.5999755859375,30966,33.76723311840591
2025-08-01,835.0,852.0,835.0,842.5999755859375,44286,39.34423705984222
2025-08-04,844.9500122070312,844.9500122070312,821.0,828.7000122070312,49618,33.21689981791276
2025-08-05,821.2000122070312,855.0,821.2000122070312,845.1500244140625,53202,42.140825529565184
2025-08-06,837.5,849.5999755859375,828.0499877929688,830.9000244140625,24952,32.46202385094902
2025-08-07,823.2999877929688,835.2999877929688,818.7999877929688,831.0999755859375,46686,34.60813876210406
2025-08-08,835.0,849.0,811.8499755859375,817.4000244140625,55930,32.23889149923721
2025-08-11,792.2999877929688,807.0,766.7999877929688,795.4000244140625,138916,27.835029414616912
2025-08-12,799.5999755859375,800.75,785.5,790.5499877929688,38721,19.656151768041624
2025-08-13,795.0499877929688,801.1500244140625,778.0999755859375,794.9000244140625,74214,22.318834540146426
2025-08-14,799.0999755859375,807.0,783.7999877929688,800.5499877929688,41791,30.928601909376525
2025-08-18,805.0,828.0,791.0499877929688,816.5999755859375,138498,34.18645754761192
2025-08-19,809.7999877929688,819.0,799.4500122070312,806.6500244140625,43278,32.85311530508385
2025-08-20,805.0999755859375,809.5499877929688,800.0,801.3499755859375,18027,31.650270656201684
2025-08-21,805.5499877929688,808.25,791.0,795.4000244140625,79864,34.187409407824305
2025-08-22,798.0,816.4000244140625,791.0,810.0999755859375,43157,38.96807770079889
2025-08-25,814.4000244140625,819.0,797.8499755859375,806.5499877929688,63619,41.91308796828218
2025-08-26,806.5,912.0,790.25,840.2999877929688,7958826,48.42786308640808
2025-08-28,835.0,839.4500122070312,807.0,816.0999755859375,589016,45.49328129356008
2025-08-29,817.0,833.0,792.5,825.9000244140625,267161,48.50404103474651
2025-09-01,825.9000244140625,833.5499877929688,816.0999755859375,820.8499755859375,137298,51.04449005808964
2025-09-02,820.0,837.25,805.0,832.5999755859375,118954,62.00772927976951
2025-09-03,840.0,852.9500122070312,826.25,842.6500244140625,144033,66.27108828975415
2025-09-04,845.7000122070312,851.6500244140625,811.0,815.4000244140625,79176,55.60109289617486
2025-09-05,818.0,825.0,810.5999755859375,821.0499877929688,70502,55.60109289617486
2025-09-08,822.0,822.0,804.0499877929688,807.5499877929688,42338,47.49238371272992
2025-09-09,807.5499877929688,815.0,804.0499877929688,810.4500122070312,45433,51.095728350745716
2025-09-10,812.0,819.7000122070312,809.5,815.5999755859375,61583,54.11255411255411
2025-09-11,818.0,828.0,811.0,815.4000244140625,46937,55.97014925373135
2025-09-12,822.7999877929688,833.7999877929688,815.4500122070312,829.4500122070312,71452,55.79863121787516
2025-09-15,836.9000244140625,850.75,833.5499877929688,845.0999755859375,192195,60.77116098443442
2025-09-16,848.0499877929688,857.4500122070312,842.5,855.7000122070312,88594,54.94223991901679
2025-09-17,856.0,875.0,848.7000122070312,868.5999755859375,135247,68.16608996539793
2025-09-18,872.9500122070312,872.9500122070312,855.0,856.7999877929688,27394,60.54606698038334
2025-09-19,859.5,869.3499755859375,847.0499877929688,864.4500122070312,105906,64.62108035153977
2025-09-22,860.0,867.2999877929688,847.7999877929688,852.4500122070312,53796,56.64547973823729
2025-09-23,852.0,857.6500244140625,834.5499877929688,840.9500122070312,83318,49.43633497321614
2025-09-24,839.4000244140625,862.75,835.4500122070312,856.75,49901,64.8367488528795
2025-09-25,858.9500122070312,859.6500244140625,844.0,849.8499755859375,58613,60.24182265152334
2025-09-26,844.0,845.9500122070312,816.0999755859375,819.6500244140625,56455,53.84616876991743
2025-09-29,821.1500244140625,837.4500122070312,785.1500244140625,809.2999877929688,678244,49.65097867491188
2025-09-30,809.2999877929688,837.5999755859375,809.2999877929688,821.5999755859375,77055,51.74520168952794
2025-10-01,821.5999755859375,828.4500122070312,808.0999755859375,813.2999877929688,41823,49.41665629633799
2025-10-03,812.0,827.3499755859375,808.0,813.8499755859375,44373,45.31530260068513
2025-10-06,805.0,814.0999755859375,797.7000122070312,800.3499755859375,71111,36.38576007070944
2025-10-07,804.5999755859375,810.7000122070312,795.0,799.6500244140625,36209,31.854960290566282
2025-10-08,803.9000244140625,813.0,795.0,807.0499877929688,61431,29.338693121400425
2025-10-09,811.2999877929688,814.5499877929688,799.75,802.2000122070312,40724,30.774639956742377
2025-10-10,806.4000244140625,809.5499877929688,801.0,803.1500244140625,21070,27.346619131675922
2025-10-13,796.5,802.4500122070312,789.7000122070312,799.6500244140625,36878,29.179793491084666
2025-10-14,796.5,805.9500122070312,793.0,800.9000244140625,70636,32.81851826055626
2025-10-15,804.0,815.0,796.5,805.1500244140625,36356,25.42855448818183
2025-10-16,806.75,809.4000244140625,794.0,797.0,42706,25.129394679911158
2025-10-17,801.5,809.0,789.0999755859375,807.2000122070312,78310,42.78259651168797
2025-10-20,810.8499755859375,814.9000244140625,780.0,809.4500122070312,106613,50.095985029771754
2025-10-21,798.0499877929688,816.1500244140625,798.0499877929688,809.4500122070312,11877,40.77450330665455
2025-10-23,810.0,814.5,804.0999755859375,807.7999877929688,28864,45.3547258983104
2025-10-24,807.7999877929688,812.0499877929688,799.2000122070312,802.9500122070312,43008,41.41734342064413
2025-10-27,802.0,807.2000122070312,793.5499877929688,799.6500244140625,53565,49.34338448994922
2025-10-28,799.6500244140625,811.2999877929688,781.5,793.75,269486,44.95724409054487
2025-10-29,794.5,800.4500122070312,786.0,796.4000244140625,37842,40.093068571642696
2025-10-30,798.5,813.4000244140625,788.5,795.7000122070312,50609,43.44759354603715
2025-10-31,799.9000244140625,801.7000122070312,788.0,790.6500244140625,47495,38.36128216843861
2025-11-03,792.0,796.5999755859375,782.9000244140625,785.5499877929688,29974,37.25134845486443
2025-11-04,789.7000122070312,795.0,770.0499877929688,773.3499755859375,43275,29.207548629959035
2025-11-06,780.0,781.7000122070312,767.0,769.0499877929688,85441,22.775281447092368
2025-11-07,769.0499877929688,770.0,752.0,757.0,34697,21.51000123461297
2025-11-10,756.25,761.0,736.0499877929688,745.0499877929688,50155,6.810311919445553
2025-11-11,750.5,775.0,738.2999877929688,764.6500244140625,81540,24.91605113277147
2025-11-12,764.0,767.3499755859375,753.0499877929688,764.4000244140625,51221,24.846492169720477
2025-11-13,763.4500122070312,767.9500122070312,754.0,759.0999755859375,40173,23.87342165081523
2025-11-14,765.7999877929688,765.7999877929688,752.9500122070312,759.9500122070312,34567,25.89691376271334
2025-11-17,765.7999877929688,768.0,752.0,754.6500244140625,26449,25.329000203450093
2025-11-18,754.0,759.0,737.0999755859375,739.5999755859375,34903,23.01947890018964
2025-11-19,743.5,745.1500244140625,723.0,724.2999877929688,53697,18.09738062379988
2025-11-20,725.0999755859375,734.7000122070312,717.75,721.3499755859375,39331,17.744070066659276
2025-11-21,716.5,725.0999755859375,701.0999755859375,715.0999755859375,86040,17.56121849972746
2025-11-24,715.0999755859375,759.7999877929688,710.2999877929688,744.5,79317,35.41743005683742
2025-11-25,725.0499877929688,754.8499755859375,716.25,748.25,100011,40.514004851435175
2025-11-26,748.25,748.25,730.5499877929688,740.1500244140625,74966,39.38283259300451
2025-11-27,742.0,745.9500122070312,730.4500122070312,741.5999755859375,38877,43.864538073742075
2025-11-28,749.0,786.2999877929688,749.0,767.8499755859375,2347332,58.15449566358217
2025-12-01,765.2000122070312,765.2000122070312,741.0,745.6500244140625,85101,43.32865282917617
2025-12-02,743.0499877929688,760.0,742.5499877929688,752.75,92416,46.09714424989531
2025-12-03,749.5,764.0,739.0,758.25,46749,49.71563202956153
2025-12-04,752.5,758.5,747.0499877929688,756.0,33832,48.69074761533871
2025-12-05,755.0,755.0,742.3499755859375,748.75,49902,48.06936281343445
2025-12-08,745.0,747.9500122070312,730.5499877929688,737.0,55019,49.130442237832355
2025-12-09,735.0,743.0,725.0,741.0499877929688,22590,56.05787153335459
2025-12-10,747.0,752.0,731.2999877929688,734.5999755859375,19455,54.67372536524245
2025-12-11,737.4500122070312,742.4000244140625,727.7999877929688,739.2000122070312,36939,58.6010176017482
2025-12-12,738.0,748.0,735.0499877929688,738.0999755859375,32956,47.13773318120028
2025-12-15,735.0,777.75,735.0,767.0999755859375,81094,56.87704693897728
2025-12-16,767.9000244140625,771.0999755859375,734.1500244140625,739.1500244140625,75008,49.681325486803324
2025-12-17,739.4000244140625,743.25,714.75,721.75,58123,44.258033442397426
2025-12-18,717.75,744.9000244140625,717.75,740.6500244140625,118244,41.782492093089125
2025-12-19,737.2999877929688,776.1500244140625,733.9000244140625,766.25,228045,56.09827489883487
2025-12-22,776.0,810.8499755859375,770.0,778.5999755859375,651389,57.42175479817221
2025-12-23,778.5999755859375,788.1500244140625,766.25,781.0999755859375,97157,56.67542282397129
2025-12-24,777.0999755859375,788.0,766.0999755859375,771.5,71842,54.34173669467788
2025-12-26,772.5,777.1500244140625,755.0499877929688,760.0,47080,53.07797537619699
2025-12-29,750.0,755.9500122070312,740.5499877929688,745.7000122070312,88470,52.34754797090206
2025-12-30,743.0,748.9500122070312,726.0,744.9000244140625,135669,51.05741194156852
2025-12-31,744.9000244140625,758.2999877929688,738.2000122070312,754.75,39623,55.432739207191126
2026-01-01,752.0999755859375,758.9500122070312,739.25,746.25,86832,51.861629515306184
2026-01-02,746.0,763.9000244140625,725.0,753.0499877929688,45498,53.83235644680956
2026-01-05,754.9000244140625,761.6500244140625,748.0,756.9000244140625,82170,46.99824689974278
2026-01-06,756.0999755859375,756.6500244140625,746.0,750.2000122070312,12908,53.71678120256327
2026-01-07,752.0,758.9500122070312,735.5999755859375,753.1500244140625,189965,61.69897013369524
2026-01-08,753.4500122070312,761.9500122070312,748.0,755.3499755859375,96390,56.25530486962358
2026-01-09,752.6500244140625,772.2000122070312,748.5499877929688,763.7000122070312,102463,48.72818486509852
2026-01-12,771.5,774.4000244140625,746.9000244140625,750.8499755859375,116176,36.22828784119107
2026-01-13,759.0,759.0,729.0999755859375,733.9000244140625,46731,29.513901398510995
2026-01-14,737.7999877929688,739.5499877929688,725.0,728.4000244140625,26974,30.603067031009815
2026-01-15,728.4000244140625,728.4000244140625,728.4000244140625,728.4000244140625,0,34.13655455232907
2026-01-16,723.0999755859375,749.9000244140625,723.0999755859375,740.2000122070312,39331,47.16786746504778
2026-01-19,733.5,741.8499755859375,722.4000244140625,727.0,30286,41.82647287029109
2026-01-20,732.2000122070312,732.2000122070312,702.0,704.2999877929688,35539,29.3829190410175
2026-01-21,702.0,706.5999755859375,676.0499877929688,684.5499877929688,115735,26.908684395790942
2026-01-22,690.9500122070312,709.0,683.4000244140625,704.5999755859375,29817,33.50357503415432
2026-01-23,709.9500122070312,711.25,684.2999877929688,693.4500122070312,30658,29.419387842775933
2026-01-27,686.0,689.2000122070312,666.6500244140625,680.0,109600,28.18519944541069
2026-01-28,686.9000244140625,702.0,675.0499877929688,693.4000244140625,64846,32.564923106734426
2026-01-29,684.0,694.2999877929688,676.25,681.4000244140625,119265,29.588754842548525
2026-01-30,675.2000122070312,738.7000122070312,675.2000122070312,708.2000122070312,229373,36.09719268825648
2026-02-02,698.0999755859375,715.0,687.0,698.1500244140625,140476,36.61077978023614
2026-02-03,715.0,728.2000122070312,707.75,718.0499877929688,78476,46.032530296821925
2026-02-04,715.0,723.0,711.6500244140625,717.7999877929688,25882,47.27505399808641
2026-02-05,721.5499877929688,723.2000122070312,699.0,702.9000244140625,43808,43.91117194550088
2026-02-06,698.9500122070312,715.0,698.9500122070312,708.0,26249,42.05722011360916
2026-02-09,711.7000122070312,738.0,707.0499877929688,730.2000122070312,70476,50.75578976563584
2026-02-10,730.2000122070312,745.25,725.5999755859375,733.1500244140625,44346,57.514991699277594
2026-02-11,733.1500244140625,739.2000122070312,728.0,730.9500122070312,31451,63.302766741980726
2026-02-12,726.0,731.4000244140625,709.0999755859375,720.8499755859375,125885,54.94071292943599
2026-02-13,716.0,719.6500244140625,707.6500244140625,709.6500244140625,32687,54.92401769537843
2026-02-16,704.0,717.0,693.2000122070312,707.4500122070312,77559,58.95596187262705
2026-02-17,707.4500122070312,725.0,706.9000244140625,721.2000122070312,31290,59.0494802273402
2026-02-18,721.2000122070312,733.8499755859375,720.5,724.0499877929688,30717,64.76289228691658
2026-02-19,724.0499877929688,728.0,709.5999755859375,713.5499877929688,26215,52.08738964606726
2026-02-20,713.0,730.0,701.0,719.25,31524,58.52180455131246
2026-02-23,720.9000244140625,730.0,719.25,725.8499755859375,41111,53.529408190646315
2026-02-24,725.8499755859375,747.0,705.0,710.4000244140625,166035,47.05649568553417
2026-02-25,716.0999755859375,730.4000244140625,704.2999877929688,717.0999755859375,229177,56.04253869113478
2026-02-26,779.0,806.0,752.6500244140625,783.3499755859375,17434400,71.08872565766997
2026-02-27,779.4500122070312,807.0,765.0499877929688,770.25,2366059,61.81068107080696
2026-03-02,738.0,760.75,717.4500122070312,740.7000122070312,384069,51.924545985507756
2026-03-04,737.0,751.5499877929688,719.0,738.9000244140625,364203,52.030656358497296
