Date,Open,High,Low,Close,Volume,RSI
2021-03-04,36.20165956631418,36.20165956631418,34.68919199176013,35.27466583251953,6575,
2021-03-05,35.22587398405394,36.59197590684063,35.03071975708008,35.03071975708008,6739,0.0
2021-03-08,34.8843503645214,36.0065057812625,34.6404038584758,35.03071975708008,6485,0.0
2021-03-09,35.61619284425703,35.61619284425703,35.12829979159597,35.51861572265625,2372,66.6668404153288
2021-03-10,36.055294522219384,39.275387674007774,35.42103211432893,38.78749465942383,84538,93.90244716404533
2021-03-12,40.007232313211254,42.93459077515354,38.7874996207353,42.20275115966797,297860,96.71053376089347
2021-03-15,43.812797597576,47.813519138609884,42.49548412260491,44.98373794555664,248871,97.60765979829208
2021-03-16,48.252623394538645,53.61944694510288,45.8619467048216,46.788944244384766,1002683,97.9674836800213
2021-03-17,47.27684042657906,47.715944945182095,41.47091200185377,41.958805084228516,174627,69.85508632429452
2021-03-18,43.27611265539381,43.86158655703439,38.641128615133496,39.03144454956055,103259,59.506177653956776
2021-03-19,37.567764326842905,43.812796768807935,37.567764326842905,41.7148551940918,152552,64.34782815618192
2021-03-22,40.983016438474536,41.22696296489403,40.202388298397885,40.836647033691406,21216,61.92468646622838
2021-03-23,40.495125306683974,41.763646559776994,39.76328569270776,41.03180694580078,29172,62.24066847740748
2021-03-24,41.861222733520364,41.861222733520364,39.03144171989653,39.32417678833008,27493,58.02707392132378
2021-03-25,39.226604384508576,39.90965544111439,37.12866265114691,38.055660247802734,29080,55.24862578520132
2021-03-26,38.78749652389988,38.98265448358017,37.56776392880869,38.2020263671875,16376,56.00739670732351
2021-03-30,37.61655404733524,41.470909952050356,37.61655404733524,40.59270095825195,41519,59.66101757806391
2021-03-31,41.470907955634885,41.666065914009444,39.56812437555771,40.00722885131836,6258,57.770265763728155
2021-04-01,40.88543670146586,42.788216507957415,40.007227773601805,42.300323486328125,12974,56.293704334152245
2021-04-05,43.178534624197354,43.178534624197354,40.0072298212902,40.299964904785156,46226,46.40883230101289
2021-04-06,40.007233152683916,41.95880550159533,40.007233152683916,41.32454299926758,8676,42.60355558845483
2021-04-07,40.397546263999196,42.39790703617331,40.397546263999196,40.836647033691406,10101,37.29166174603343
2021-04-08,42.1051681329656,42.349114637276344,40.98301272420488,41.226959228515625,9023,48.07196274512129
2021-04-09,42.4466949152105,44.69100217775593,41.27575086273899,43.2761116027832,58435,61.725061875345624
2021-04-12,43.91037240120421,43.91037240120421,40.78785628598623,42.05637741088867,20864,51.026384153457784
2021-04-13,42.837008787983024,43.22732097188945,41.42211828079241,42.300323486328125,7801,54.5731624467052
2021-04-15,39.81207616626815,42.446699647473686,39.81207616626815,41.61728286743164,7881,51.775162232703224
2021-04-16,42.83701263074318,43.71521791505965,40.05601992458598,41.12938690185547,9751,55.91056779170521
2021-04-19,41.95880136251348,41.95880136251348,39.27538964746902,39.37296676635742,10327,54.179552624087655
2021-04-20,40.007233209222086,43.861589348234865,40.007233209222086,42.495487213134766,22308,61.458336938969026
2021-04-22,44.300689069864966,44.300689069864966,42.788217683402046,43.37369155883789,14808,58.07365451642683
2021-04-23,44.25190017669214,44.25190017669214,42.30032788713873,42.837013244628906,7105,58.2386516976724
2021-04-26,43.71521844115626,43.71521844115626,41.324541647476806,41.66606903076172,2763,48.024336407269075
2021-04-27,41.37333163730943,43.71521601608465,41.2757507950718,42.10517120361328,6154,56.22896252229123
2021-04-28,42.98337535331565,44.4470544485863,40.25117511994279,41.422119140625,19415,50.344818847095304
2021-04-29,40.64149300217397,42.88580031246114,40.64149300217397,42.39790725708008,11289,55.33334184704662
2021-04-30,43.12974576385418,43.12974576385418,41.47090867248892,41.7148551940918,11203,51.633996280233966
2021-05-03,42.78821990665634,42.88580075213012,41.47091013255373,42.544273376464844,10281,47.33096620117025
2021-05-04,43.617639956346686,44.73979175189052,42.934588933395126,43.17853546142578,18634,54.275107739859436
2021-05-05,43.22732409771346,43.95916368307767,42.98337756925873,43.568851470947266,11488,54.77943321797856
2021-05-06,44.8861584545643,44.8861584545643,41.568484384208624,42.05637741088867,9953,51.5570586949417
2021-05-07,42.93458980014806,43.81279880771893,41.47091060241574,41.91001510620117,9930,52.83687481163701
2021-05-10,44.300689432145006,44.39826655101805,41.324538916246944,42.73942947387695,19913,63.11787173977413
2021-05-11,43.56885197550369,46.54499891265151,42.20274991140534,44.105533599853516,18329,57.26871928054035
2021-05-12,46.837734420857444,46.837734420857444,42.25153884768275,43.47127151489258,25666,50.45045647900112
2021-05-14,44.39826517754466,48.69172527705175,44.39826517754466,46.05710220336914,85831,62.49997408570671
2021-05-17,48.3014127852548,52.69245031118705,47.37441522975893,50.83845520019531,196743,77.81063076659012
2021-05-18,51.37513830472186,52.20455497900836,49.765089793073386,51.66787338256836,72516,78.3236815921972
2021-05-19,52.106978427877046,52.106978427877046,47.91109528451861,48.44778060913086,51732,68.09045191579126
2021-05-20,47.95988941937607,49.911461664765476,47.42320407403106,48.25262451171875,25436,65.70680676494915
2021-05-21,48.789302927892834,51.71666110356641,48.789302927892834,49.56993103027344,39017,70.37974623409954
2021-05-24,51.61908434522947,51.96060797916585,48.350198792955304,48.54535675048828,15728,65.41353574996404
2021-05-25,49.71630492974898,49.71630492974898,44.88616275805748,45.178897857666016,91410,54.505498622100994
2021-05-26,46.49620998788251,47.71594263475951,45.56921243179027,45.910736083984375,36823,55.1948037661864
2021-05-27,45.76436988663389,47.1792567632842,45.178895989300244,45.374053955078125,10610,57.69232334063965
2021-05-28,45.52042434564306,46.74015700525484,44.9349504356322,45.2764778137207,13356,57.82313660885186
2021-05-31,46.20347153546259,46.20347153546259,44.007952753944394,44.105533599853516,11023,53.125009817031476
2021-06-01,44.15431845745077,44.398264968265416,41.12938321228051,42.300323486328125,20305,45.951845243421374
2021-06-02,43.27611244478002,43.324904728092406,41.17817454384844,42.007591247558594,13093,46.6666620333505
2021-06-03,41.958798285969145,44.788579194186724,41.958798285969145,43.66642379760742,16201,44.315535310327064
2021-06-04,44.10553409834424,47.71594354655667,42.10517326370709,44.642215728759766,26304,32.01132717802872
2021-06-07,45.569211397690474,46.05710444536954,44.73979098323893,44.837371826171875,12877,29.411753884122405
2021-06-08,44.39826732905506,46.6913631637122,44.25189792585203,45.227684020996094,17212,38.297852873256005
2021-06-09,46.64257201461294,46.64257201461294,44.300687749646166,44.49584197998047,7881,36.86003902422363
2021-06-10,44.495845415101485,45.52042381509673,43.95916379559313,45.13010787963867,8062,33.691770535548386
2021-06-11,45.37405271911802,45.42284127865137,42.446694479174916,43.520057678222656,14559,32.30240956086237
2021-06-14,45.22767991931685,45.22767991931685,43.32490018421105,43.66642379760742,13346,43.11108964343896
2021-06-15,44.78858463190269,44.78858463190269,43.276113160105,44.105533599853516,13446,41.552530815162584
2021-06-16,43.861588417269,44.73979372348292,43.568853315197686,43.764007568359375,9606,42.325595603487656
2021-06-17,45.17889823775427,45.17889823775427,43.47127246628807,43.764007568359375,13317,42.72300831388752
2021-06-18,45.08132063314959,45.08132063314959,41.47091115301002,42.837013244628906,11539,43.75001644559402
2021-06-21,42.83701460807422,43.617642804276194,41.51970103730008,42.495487213134766,15091,51.12363178102699
2021-06-22,43.42248367876674,50.64330267832462,42.056381579716735,47.91109848022461,282218,71.37807937675765
2021-06-23,48.30141287302917,49.17962186874298,46.39862919720169,46.69136428833008,42731,61.31386798827536
2021-06-24,46.74015477411882,53.66823446107116,45.95952293136772,51.03361129760742,332565,69.09618884536549
2021-06-25,52.009398791648096,56.40043627593538,48.886882502800304,54.83917999267578,388091,74.58032084839576
2021-06-28,57.57137789858285,57.57137789858285,51.082399070234935,52.30213165283203,239873,65.72666335827293
2021-06-29,53.57065897249494,56.15648993274884,50.98482428991244,52.25334548950195,85175,67.78523208190231
2021-06-30,56.59559328468902,56.74196268728774,51.32634690373484,51.57029342651367,80808,64.73212883282686
2021-07-01,53.131552206776256,53.131552206776256,49.03324997210479,50.10661315917969,17909,65.16853103431554
2021-07-02,50.15540975520731,51.66787754795415,47.81352149897887,49.47235870361328,16975,63.07693735285137
2021-07-05,51.71666562969795,51.71666562969795,48.301414125849966,49.716304779052734,11028,62.74944913586711
2021-07-06,50.740876419947064,50.740876419947064,47.91109528451861,48.44778060913086,27835,60.21276556810376
2021-07-07,50.15541112873022,50.15541112873022,46.1058969937838,47.569576263427734,12858,57.9918105345359
2021-07-08,46.34983852656201,49.569931827099566,46.34983852656201,48.30141067504883,7458,61.570240924754046
2021-07-09,47.37441637931757,47.813520887031565,45.91073716849007,46.98410415649414,7848,59.12699028306869
2021-07-12,49.277194418887966,49.277194418887966,47.13046441260936,48.74051284790039,7147,51.98134441927306
2021-07-13,49.32599064253468,50.74088134765625,46.83773662860577,47.569576263427734,14181,52.102816969849314
2021-07-14,49.66751247790549,49.765089596025135,46.691361984986315,47.13046646118164,8581,38.50573395577568
2021-07-15,49.27719729244859,49.27719729244859,46.83773207995114,48.44778060913086,3951,27.94609975904109
2021-07-16,47.32562144651567,48.447776846034444,46.105888935007535,46.64257049560547,5184,29.432593437926812
2021-07-19,47.81351799123736,47.81351799123736,45.56921074835927,47.66714859008789,6088,34.43706757550244
2021-07-20,47.66714887864308,48.44778072639453,45.569211024214496,45.86194610595703,6671,31.999988452347523
2021-07-22,47.618361845510506,47.618361845510506,43.568851686522414,46.69136428833008,5065,38.78204831019083
2021-07-23,46.83773272361286,47.71594170111203,45.08131849094309,46.39862823486328,4314,39.67211105966991
2021-07-26,45.86194424933184,47.27683476319179,45.13010471343825,46.05710220336914,1726,37.784994883450146
2021-07-27,44.59342389078467,45.86194503013112,43.764003502587364,44.78858184814453,6647,37.78500450658899
2021-07-28,45.76436681112352,45.76436681112352,43.129743755998604,44.49584197998047,4431,39.322003171484106
2021-07-29,44.98373841670411,45.27647722909392,43.27611271529712,44.34947967529297,1851,35.68905150104199
2021-07-30,45.86194788060234,46.54499891265151,43.17853603652454,44.105533599853516,7218,38.69731203926493
2021-08-02,43.91037173962975,46.301048278808594,43.7152137874324,46.301048278808594,8279,40.74074503084483
2021-08-03,46.83773250407839,48.594146728515625,46.83773250407839,48.594146728515625,31809,53.58359789305765
2021-08-04,50.93603687727824,50.984825439453125,47.911097632162274,48.789306640625,34236,55.90278842971752
2021-08-05,49.76508923157347,49.76508923157347,46.39862656850134,47.76472854614258,11242,47.517725187233204
2021-08-06,48.78930104802795,49.96024501764627,45.42283853124837,47.17925262451172,8637,52.140076045349744
2021-08-09,46.154680298657254,48.10625243578719,45.227682789054846,46.34983825683594,1276,44.664034674310265
2021-08-10,45.66678642233712,47.569569965419575,44.05674167228918,44.251895904541016,5285,43.629332556493225
2021-08-11,44.251901585171424,44.251901585171424,42.05638268954338,42.495487213134766,11511,34.532381587199794
2021-08-12,42.3491192507668,44.59342659045363,42.3491192507668,43.71521759033203,4772,40.74074074074074
2021-08-13,44.886161755483144,45.569212787532315,42.20274991140534,44.105533599853516,5895,43.28860046503013
2021-08-16,46.301052431623404,46.301052431623404,41.958803425664485,44.88616180419922,6348,50.347227124003794
2021-08-17,45.813159368534286,46.10589446192203,42.934589551842734,44.88616180419922,7481,51.4184601666663
2021-08-18,46.83773232023228,46.83773232023228,43.08095736264506,43.2761116027832,10302,46.474347970454275
2021-08-20,44.15432149538922,44.15432149538922,42.153960713544485,42.7882194519043,5579,45.7413154287197
2021-08-23,43.66642806235324,44.88616068979328,40.690281195865275,43.422481536865234,6491,39.64913455072987
2021-08-24,44.78858600910212,44.78858600910212,41.763646694821865,43.764007568359375,1090,29.79593477980589
2021-08-25,45.61799971600252,45.61799971600252,41.61727823518826,42.885799407958984,8716,26.64092629125767
2021-08-26,42.05637785134409,42.837009680070416,41.08059178776461,41.81243133544922,3998,26.538459803539766
2021-08-27,42.69064326719268,42.69064326719268,40.15360081338813,41.91001510620117,3208,28.40003790512273
2021-08-30,41.91001279943601,43.52005759492602,40.98301528076259,42.349117279052734,4054,33.057869129625516
2021-08-31,44.10553101533279,44.10553101533279,41.56848500529292,42.59306335449219,2660,41.66668902409812
2021-09-01,41.95880467031233,44.642216596902074,41.03180707847921,43.764007568359375,20244,56.77081700194123
2021-09-02,41.6660672978173,44.495844760081035,41.6660672978173,43.422481536865234,8076,48.275863618450884
2021-09-03,44.34947899593299,45.37405365661668,42.00759086666005,43.03216552734375,6222,43.67815162262805
2021-09-06,43.0321633334841,44.69100036362112,41.763642212436395,43.8615837097168,4289,43.99999463860393
2021-09-07,42.983376520247454,44.69100217775593,42.349117795141424,43.2761116027832,1960,41.1764681287502
2021-09-08,45.39797592163086,45.39797592163086,43.62153413852154,45.39797592163086,15805,61.01074085364647
2021-09-09,45.39797592163086,46.77965495558949,45.39797592163086,45.39797592163086,3969,64.26480375917652
2021-09-13,46.38488677415073,46.38488677415073,43.72022231289398,46.08881378173828,6897,64.48446060453341
2021-09-14,48.35871375888488,48.35871375888488,45.99012219131621,47.32245635986328,16994,67.62266186968813
2021-09-15,49.64170207880916,49.64170207880916,47.273114142916675,47.56918716430664,20541,74.74120641901587
2021-09-16,47.569184491286165,47.569184491286165,45.20059292371749,47.32245635986328,24602,81.89367743758915
2021-09-17,48.80282377931233,48.80282377931233,45.10190191179277,46.286197662353516,2234,72.8478572777194
2021-09-20,44.16433610815991,45.89143305093711,44.06564636019595,45.05255889892578,11256,63.03324909214828
2021-09-21,43.42415174684713,46.088816356994535,43.42415174684713,45.69404983520508,7664,64.39791781423631
2021-09-22,46.87834652510141,46.87834652510141,43.81891909989859,45.3486328125,2689,57.96827116521675
2021-09-23,44.114990775175215,46.5822720963285,44.114990775175215,46.138160705566406,3818,63.06702314843198
2021-09-24,46.63161644884503,48.408058227275106,44.411063284614315,46.582271575927734,21699,66.99405543416293
2021-09-27,47.51984038918669,48.26002479546827,44.75648226058405,46.33554458618164,2872,62.54232449982246
2021-09-28,45.44732039380504,45.44732039380504,44.46040788247476,44.65779113769531,1962,56.306314306040605
2021-09-29,44.65778972484448,46.87834280508536,44.164333484790944,46.631614685058594,5083,55.7077548202219
2021-09-30,45.743394430756986,48.358714150952196,45.743394430756986,48.06264114379883,4173,60.88710129910936
2021-10-01,47.125071634624,48.35871225333144,46.631615387141025,47.470489501953125,2733,55.69104643555004
2021-10-04,45.64470331719581,48.35871270362367,45.39797519115692,46.3848876953125,12865,46.09052843353271
2021-10-05,46.87834486654245,48.358713651801686,45.49666582772483,46.68096160888672,5871,46.31145762080359
2021-10-06,48.26002390536007,48.358713651801686,46.48357835123099,46.68096160888672,7637,47.280327284512786
2021-10-07,47.618528621002284,47.618528621002284,46.483577728271484,46.483577728271484,3624,50.90088992086961
2021-10-08,44.95386463918083,48.75348010901516,44.90451976601883,46.03947067260742,4078,54.854366928167615
2021-10-11,47.86525691860567,47.86525691860567,44.41106312035577,45.299285888671875,4551,48.07692808006491
2021-10-12,43.9176066417474,46.82899929567166,43.72022338703224,44.01629638671875,11230,44.052845733341144
2021-10-13,44.114990234375,45.79274226514638,43.17742259087577,44.114990234375,7693,40.37559639646964
2021-10-14,45.39797540495236,45.39797540495236,43.62153364206089,44.01629638671875,9026,37.37864241622758
2021-10-18,44.805831328068216,44.805831328068216,41.84509367462157,42.14116668701172,15351,32.21758783811103
2021-10-19,41.84509101110633,44.21367872423521,41.5983628890238,41.89443588256836,12989,36.666677710325565
2021-10-20,42.190509680723416,43.12807731547176,40.56210253801459,41.549015045166016,9279,20.90399477641438
2021-10-21,42.289202208860864,43.374808297041795,41.79574592280754,42.43724060058594,7070,15.662711199013842
2021-10-22,42.4372413462138,44.559104919433594,42.042474804525966,44.559104919433594,9364,35.02543628606678
2021-10-25,46.2861990691235,46.33554394256901,43.37480635856808,43.67087936401367,7219,35.75132771259322
2021-10-26,44.55910477744463,44.55910477744463,42.23985794077127,42.63462448120117,8539,30.28850960428838
2021-10-27,43.17742377007798,43.226768644289265,41.49967169348615,42.04247283935547,9870,28.636400372472195
2021-10-28,42.83200389270101,42.83200389270101,40.463412393052394,40.80883026123047,3823,26.14111504125583
2021-10-29,40.80883433974036,40.85818298135985,39.08173729669594,39.624542236328125,17071,24.60941805502165
2021-11-01,37.74940263811694,40.4140671067032,37.74940263811694,40.06864547729492,12680,28.799997031463704
2021-11-02,41.943782183126935,42.04247192941353,40.46341340019305,41.74639892578125,4054,41.08528130563833
2021-11-03,43.424153268511034,43.81891980413385,40.85818208128082,43.7202262878418,6443,48.64865288380099
2021-11-04,45.299286936817225,45.299286936817225,41.647709798364666,41.943782806396484,4100,43.63637385859951
2021-11-08,43.42415265709676,44.01629868742084,41.795745426546574,43.52284240722656,32419,54.32097970106577
2021-11-09,44.4110662612904,45.39797884487463,42.881352509689385,45.101905822753906,8207,59.25926660072562
2021-11-10,46.03947261411555,46.38489050558854,43.32546306325665,44.80583190917969,6882,59.42858316640836
2021-11-11,46.38489024588982,46.38489024588982,43.177424431014465,45.3486328125,3993,58.60058256470913
2021-11-12,46.38489050558854,46.38489050558854,43.47349768898536,44.80583190917969,17255,50.80385484428249
2021-11-15,46.38489027833375,46.38489027833375,44.559103549882856,45.9901237487793,10354,57.413252980903785
2021-11-16,45.990122937720024,46.680962469870686,45.39797691860379,46.33554458618164,15528,62.37623433985525
2021-11-17,46.68096445057958,46.68096445057958,44.06564836294501,45.101905822753906,25513,59.810145936580916
2021-11-18,44.411063504853786,46.38488854951395,44.411063504853786,46.03947067260742,13712,67.09680250949427
2021-11-22,46.6809599820331,46.6809599820331,44.0162955084768,45.54601287841797,60764,70.27026179995894
2021-11-23,45.54601469439863,46.77965535497527,44.31237403382199,46.138160705566406,26197,70.5685689635068
2021-11-24,46.23684881075915,47.86525593080903,44.70713519891457,46.82899856567383,14374,68.45878235513013
2021-11-25,47.22376025594319,48.80282246922587,45.64470180743282,47.71721649169922,12679,65.75874058456961
2021-11-26,49.34562575500072,49.34562575500072,45.34863082180015,45.94077682495117,9909,65.75876036483497
2021-11-29,48.21067503087194,48.21067503087194,43.868262207609824,47.22376251220703,20465,64.94024358393125
2021-11-30,49.09889815315353,49.34562628457641,45.99012219131621,47.32245635986328,4794,60.18099341746718
2021-12-01,47.32245664556629,49.444316329750016,46.08881598100394,47.421146392822266,23860,62.211978119261076
2021-12-02,47.421144630159304,48.85216850081441,46.53292564355339,47.470489501953125,33024,60.386461703012834
2021-12-03,48.35871604134839,48.35871604134839,46.08881787807637,46.18750762939453,15817,56.306307874884396
2021-12-06,47.86525749603912,48.26002401222473,45.694049186563255,47.32245635986328,13989,56.10860868126475
2021-12-07,48.260024782890525,49.93777309154013,47.37180198967509,48.802825927734375,29454,60.24591475390307
2021-12-08,51.12206799876853,51.12206799876853,48.35871368406232,49.14824295043945,7994,68.14159957994906
2021-12-09,50.13515518181249,50.13515518181249,47.86525714244486,49.04955291748047,11102,64.59331789436774
2021-12-10,50.03646497909095,50.72730448861932,48.11198483282352,50.135154724121094,40496,71.04075310552489
2021-12-13,48.45740330767049,50.62861160828028,48.45740330767049,50.33253860473633,33098,69.95308299558921
2021-12-14,51.763560618221554,51.812905489542835,49.345624275755085,51.56617736816406,18130,71.42860100987616
2021-12-15,51.81290978578051,54.971030754249284,47.96394926721346,53.589351654052734,93569,74.08911444224837
2021-12-16,54.77364393476475,54.77364393476475,51.66486804336913,53.68804168701172,77903,86.85450149947755
2021-12-17,54.77364664661641,54.77364664661641,48.35871505737305,48.35871505737305,78225,53.898318587155146
2021-12-20,49.197589806933244,49.197589806933244,43.621536079486724,44.80583190917969,65339,43.01369984869253
2021-12-21,45.3979748826102,49.04955187612246,44.11498938888222,44.46040725708008,43448,41.89188398626717
2021-12-22,45.10190263296024,45.792742145564716,44.805829631779034,45.299285888671875,19770,44.30052768144607
2021-12-23,46.23685003531209,49.789737364578905,44.85517476679651,49.691043853759766,77143,57.906451856722434
2021-12-24,51.27010808567524,51.51683622490874,48.40806016465762,50.924686431884766,40127,58.09312437146286
2021-12-27,53.243930067977075,53.243930067977075,48.65478544223762,52.405052185058594,47166,58.09311718822581
2021-12-28,52.405054476588035,52.70113125101908,51.61552519590794,51.911598205566406,11157,56.16740189371693
2021-12-29,53.73738748675792,53.73738748675792,50.67795641476695,52.1583251953125,27032,56.892774810727936
2021-12-30,52.15832421028021,52.65178046114293,50.97403222002763,51.220760345458984,12360,52.422911839672764
2021-12-31,52.799818842310714,52.799818842310714,50.825993838859844,51.220760345458984,17423,52.00000137432344
2022-01-03,51.02337716006421,53.09589191053687,50.036464657025334,51.86225128173828,55026,50.68493199040279
2022-01-04,52.89850836208361,52.89850836208361,51.27010500001071,51.7635612487793,20873,45.36340080049196
2022-01-05,51.76356267661519,51.76356267661519,50.38188363604222,51.61552429199219,30210,44.74999526502524
2022-01-06,52.40505472331579,52.40505472331579,51.122069165573656,51.368797302246094,13914,60.269362285063416
2022-01-07,51.81290866056484,51.81290866056484,50.7273063659668,50.7273063659668,21411,75.21009781773712
2022-01-10,50.57926509157303,51.86225057508772,50.1351537183023,51.02337646484375,15487,78.05911577178416
2022-01-11,52.05963645339633,52.25701971423102,50.33253950944479,50.62861251831055,16198,73.68424978596798
2022-01-12,52.20767639707789,52.20767639707789,50.57926915259739,51.1220703125,9625,59.731587846689514
2022-01-13,52.207671989657825,52.207671989657825,50.82599300402774,51.56617736816406,25993,54.887217608084455
2022-01-14,52.20767613779987,52.20767613779987,50.82599704238898,51.66487121582031,24000,42.85715337495583
2022-01-17,52.207675767717056,52.94786018541755,50.52992366797475,50.924686431884766,28039,40.90907493680244
2022-01-18,51.66486786696872,51.71421650378463,47.76656650394679,48.75347900390625,70363,26.845611468239767
2022-01-19,50.23384753098301,51.36879464203775,47.125071663993836,49.29627990722656,52261,36.17018243622957
2022-01-20,52.79981874783107,52.79981874783107,48.11198437302364,48.75347900390625,68175,33.55260380720948
2022-01-21,51.12206874757923,51.12206874757923,46.384889315156094,47.519840240478516,25009,23.170716186372957
2022-01-24,50.085813219119345,52.20767676288274,45.84208989636525,48.11198806762695,39633,28.735624013129538
2022-01-25,49.7403938440001,49.7403938440001,45.990123155897386,48.26002502441406,7575,30.459765008205963
2022-01-27,49.14824533795662,53.04655075073242,48.35871603322584,53.04655075073242,103031,56.390990335910864
2022-01-28,57.191583277896896,58.32653045654297,53.540006073824394,58.32653045654297,181953,71.38889395909453
2022-01-31,62.570256327686366,64.1493148803711,55.41514043718344,64.1493148803711,298937,78.1779767198471
2022-02-01,67.35678100585938,67.35678100585938,65.43230456036717,67.35678100585938,57844,82.04159513941548
2022-02-02,67.80089403818829,70.71229078732068,64.0012819539588,70.41621398925781,286424,83.64888955239608
2022-02-03,71.05770253677649,72.83414811201395,66.9126729006159,68.4423828125,147083,77.9411708978042
2022-02-04,69.08388096854165,70.95901638645401,67.11005579801189,67.70220184326172,30102,76.00000148426898
2022-02-07,68.09696099011168,69.0345248325055,64.44538783289458,65.97509765625,72511,73.64339654459285
2022-02-08,64.69211910610566,65.2349164778044,62.71829028887586,63.31044006347656,38327,72.51908387937104
2022-02-09,61.682031775483324,62.47156102925502,60.25100788533762,61.73137664794922,33356,68.63904750272971
2022-02-10,59.36279049368693,64.1493147831349,58.67195096614481,63.50782012939453,12807,71.32666879872959
2022-02-11,63.162400049007786,63.162400049007786,60.349700927734375,60.349700927734375,9311,67.56755966194862
2022-02-14,58.227840047025886,63.16240276287554,57.33961725226391,57.48765563964844,12594,62.08650936505003
2022-02-15,57.487652865775175,59.21474973298731,54.77364350301326,58.42522048950195,9603,62.84288606156635
2022-02-16,60.20166141866227,60.695117659798846,56.45139473897876,60.59642791748047,9435,60.213611350247206
2022-02-17,60.59643154581927,61.18857756473021,58.030456679402526,59.31344223022461,5677,51.497004463476145
2022-02-18,57.73438262939453,60.3990471960134,57.73438262939453,57.73438262939453,9449,38.831616580922024
2022-02-21,54.87233604097647,59.60951927266955,54.87233604097647,56.30335998535156,8344,29.487183117575967
2022-02-22,53.540004853390165,59.11606216430664,53.49065997975169,59.11606216430664,48625,28.83548653202334
2022-02-23,61.8300690230142,62.027448509255684,56.30335681848773,61.97810363769531,13131,38.28264070743982
2022-02-24,60.20166380862565,60.20166380862565,58.918678283691406,58.918678283691406,4353,35.31352436430733
2022-02-25,56.05663030769462,61.58334267112915,56.05663030769462,57.63569259643555,5215,35.84589875022418
2022-02-28,56.79681357815707,58.523910451822495,56.45139570933295,57.88241958618164,2388,39.963497033816594
2022-03-02,59.06671356458994,60.20166448288114,55.36579156769151,57.2902717590332,7904,41.477271313062545
2022-03-03,59.90559082432264,59.90559082432264,56.796814874841814,57.09288787841797,7472,36.89515286894622
2022-03-04,57.09288531486699,58.17849129893097,54.42822463755616,55.661865234375,2266,39.696304216297726
2022-03-07,54.28018876484462,57.24092633383614,52.898509726739576,55.2671012878418,5082,44.52554126705782
2022-03-08,55.26710190868579,57.14223722935379,54.28018937460211,55.46448516845703,2726,42.42424479050249
2022-03-09,58.07979993251231,58.07979993251231,54.37887800568002,55.711212158203125,4794,36.13444959623459
2022-03-10,58.12915001039685,58.474567892884615,55.51383027805501,57.38896560668945,10474,44.6575399331655
2022-03-11,57.388964523888205,59.46147930925619,54.97102809777723,58.277183532714844,6472,51.56694962177458
2022-03-14,56.50074354619109,60.20166561253548,56.50074354619109,58.86933517456055,6395,57.7844416016724
2022-03-15,60.00428118411687,60.00428118411687,57.29027172150262,59.11606216430664,11028,50.0
2022-03-16,61.682033393186266,61.682033393186266,57.29027186263689,60.3990478515625,5847,43.600015337451765
2022-03-17,60.399046424689985,60.399046424689985,57.783726764694414,58.72129440307617,5318,49.099092981655225
2022-03-21,57.73438325021691,61.63268851322879,57.240926983121035,57.931766510009766,7101,51.415095027640426
2022-03-22,60.20166552268853,60.20166552268853,57.981112286195916,58.227840423583984,2048,51.64319913359581
2022-03-23,59.21475297313626,59.21475297313626,56.747471599255576,58.227840423583984,4184,54.726376387079114
2022-03-24,59.11606008571558,59.11606008571558,57.24092483520508,57.24092483520508,3614,50.69124440380059
2022-03-25,56.74746960035757,60.10297365654857,56.74746960035757,58.17849349975586,6782,62.31884057971014
2022-03-28,59.95493805084453,60.15232131590061,55.31644826350367,59.066715240478516,11741,67.74192743958048
2022-03-29,56.25401262172397,59.01736687474891,56.155322877419394,57.33961486816406,6555,57.66126794939972
2022-03-30,58.52390954909437,59.51082203310868,54.47756987054462,54.57625961303711,10657,46.1538381985462
2022-03-31,53.490657897177094,57.240924619278815,51.862250777099,52.30636215209961,16068,33.44050895452938
2022-04-01,54.28018960929961,54.92168426513672,52.35570940656084,54.92168426513672,5040,40.1734282270962
2022-04-04,57.63569469025533,57.63569469025533,54.28019049895626,55.21775817871094,21521,39.1176516730872
2022-04-05,57.09288782178863,57.5863440821836,54.32953351653132,56.45139694213867,9617,42.5
2022-04-06,59.21475297313626,59.21475297313626,56.30336019900253,58.227840423583984,6692,44.054057950393606
2022-04-07,59.214754145196146,59.214754145196146,56.303361313436135,57.98111343383789,8504,47.80059767919835
2022-04-08,57.98111343383789,63.65586070608585,57.73438529156624,57.98111343383789,17019,50.15385010603955
2022-04-11,56.25401422041881,59.75755294961319,56.25401422041881,58.47456741333008,11801,50.759874562776645
2022-04-12,56.30335946127889,62.17548980712891,56.254014587402345,59.214752197265625,20216,52.90697321651491
2022-04-13,62.07679837555502,62.07679837555502,54.971027551671256,56.25401306152344,25766,47.39583616435102
2022-04-18,55.26709873748404,57.09288531486699,55.26709873748404,55.661865234375,5276,43.236072421256395
2022-04-19,56.74746909250041,57.93176485260273,56.69812422015708,56.79681396484375,11794,43.979052188003344
2022-04-20,57.93176585288867,57.93176585288867,54.526916895593914,55.2671012878418,8982,44.444451261524534
2022-04-21,57.93176496282066,57.93176496282066,54.87233392967124,55.612518310546875,10350,53.19149186140145
2022-04-22,55.26710394965278,56.796817681018986,54.28019137912326,55.513832092285156,7368,61.403530186257974
2022-04-25,57.4383094629286,57.4383094629286,55.31644603732125,56.45139694213867,10936,56.17529868207525
2022-04-26,57.58634671994439,57.58634671994439,55.464486961917075,56.05663299560547,1787,53.359684519106146
2022-04-27,56.05663184889974,57.24092765682301,55.4644858273244,56.30335998535156,3620,49.356222036791586
2022-04-28,56.94485142471434,56.94485142471434,55.61251730437993,56.50074005126953,5391,41.29349942674467
2022-04-29,56.25401253333916,56.25401253333916,53.93476966287361,54.87233352661133,7014,36.24449829218347
2022-05-02,54.872335910667125,55.85924845413073,54.0334617546321,55.0203742980957,1893,37.06894540947062
2022-05-04,56.25401548355213,56.25401548355213,53.39196757584833,53.93477249145508,4125,31.147534231558623
2022-05-05,53.39196644424228,55.908596411196825,50.529922361970144,54.18149948120117,3076,28.205108721973772
2022-05-06,51.17141305575878,54.280189023948466,51.17141305575878,52.89850997924805,6965,32.999977967855486
2022-05-09,57.240926163850524,57.240926163850524,51.41814078954983,53.98411560058594,4646,41.904762255354896
2022-05-10,57.04354416292622,57.04354416292622,51.41814192172741,54.37887954711914,7390,37.43589072691601
2022-05-11,56.79681707931966,56.79681707931966,51.41814287396036,52.20767593383789,6406,35.096152774050836
2022-05-12,55.16841375091169,55.16841375091169,47.02638511010182,47.27311325073242,19447,21.92691089628164
2022-05-13,51.02337919057934,51.02337919057934,48.3587145733775,49.44431686401367,7265,32.069951987061316
2022-05-16,53.29327483929645,53.29327483929645,48.90151347458513,49.93777084350586,3984,30.239499614397204
2022-05-17,53.293274939967006,53.293274939967006,50.92468343672618,52.405052185058594,9187,40.15955817316726
2022-05-18,53.29327786722221,53.29327786722221,51.17141437215524,51.467491149902344,3297,37.43589570782714
2022-05-19,49.39496901854094,50.875337742961385,48.60543978513785,49.09889602661133,4437,32.718889576644415
2022-05-20,50.08581057846171,51.81290749496039,49.049553181517005,50.97403335571289,2847,41.002286769245515
2022-05-23,53.2932770801698,53.2932770801698,49.493665312770425,49.98712158203125,2645,38.81578846988781
2022-05-24,52.553093363937826,52.553093363937826,50.085811985349196,50.82599639892578,2696,43.015515477338724
2022-05-25,50.92468602137611,50.92468602137611,48.852171174430524,49.54301071166992,2120,40.04237072996562
2022-05-26,49.937773927284404,49.937773927284404,45.249939276935216,48.45740509033203,10564,40.38461570227525
2022-05-27,47.865257155248216,48.45740316053817,46.92768950956206,47.22376251220703,3579,35.45646638416437
2022-05-30,46.58227407888081,51.71422019825095,46.58227407888081,48.654788970947266,12529,38.21138517968231
2022-05-31,48.40805968709449,49.34562735988686,47.42114713989675,48.90151596069336,3177,42.60484988192539
2022-06-01,48.85217133346869,50.28319528710058,47.4211473798368,48.35871505737305,4321,53.021972654176
2022-06-02,48.95085764826034,49.34562414734807,48.358711664401106,49.09889602661133,1883,48.955219471986034
2022-06-03,49.34562852322698,49.34562852322698,47.61853152491403,48.654788970947266,7079,46.10779745909627
2022-06-06,48.161332773939364,49.19759022187086,45.891434610667346,46.18750762939453,3718,31.137736054308405
2022-06-07,47.56918487695238,49.3456266846451,46.582272343259476,48.06264114379883,8975,40.22662604140912
2022-06-08,48.06264142871251,48.40805931164363,46.97703537635136,48.16133117675781,4575,46.90554377504094
2022-06-09,48.802824042578216,57.19158032087552,47.125072033964265,53.68804168701172,44736,57.21784686369138
2022-06-10,55.760558476149626,57.19158241123541,50.33253950944479,50.62861251831055,75864,51.53663805746683
2022-06-13,50.135157826644075,50.52992436073897,46.43423568740205,48.654788970947266,13739,45.06726375785775
2022-06-14,48.85217042487606,56.64878094808853,47.71721950505578,50.52992248535156,117044,52.183404897366565
2022-06-15,49.49366480824388,52.75047539921171,45.9901223203882,46.138160705566406,85314,45.523808682386964
2022-06-16,47.174418817553544,47.174418817553544,41.45032681927486,42.04247283935547,387443,40.994854065935
2022-06-17,47.273112010059414,49.049553823022876,41.45032653808594,46.87834548950195,112814,47.23926162146575
2022-06-20,46.088817323100415,47.667875913813056,42.042473566643714,43.52284240722656,29855,42.37762048741512
2022-06-21,42.042472554149576,52.20767469316488,42.042472554149576,49.34562683105469,139194,51.21654424561166
2022-06-22,49.34562393925061,52.30636137560564,46.38488650289557,49.64169692993164,40293,50.676505630573885
2022-06-23,50.67795734717837,51.66486988570003,48.0626413789595,49.98712158203125,30767,51.66461233110355
2022-06-24,50.03646815876168,54.72430287626827,50.03646815876168,53.04655075073242,43397,58.44471502996089
2022-06-27,52.405051895534235,55.168409888972505,51.56617778202273,52.30636215209961,21755,55.374995289186
2022-06-28,54.08280635313369,56.10597630396532,51.91159801562819,52.454402923583984,28210,55.43071265873838
2022-06-29,52.306364974555855,53.29327752124559,50.332539881176395,51.368797302246094,6298,46.69479751465056
2022-06-30,50.727305888233246,54.82299065634725,50.48057775407797,54.280189514160156,29957,55.22598745137142
2022-07-01,55.76055587912505,55.76055587912505,51.66486752545735,52.30636215209961,5777,55.22598142131444
2022-07-04,54.03346193126289,54.03346193126289,50.67795776660876,51.368797302246094,6168,51.233670164531986
2022-07-05,53.984114669180826,54.082804413575744,51.31945015802138,51.86225128173828,4502,59.50818907592632
2022-07-06,50.825994124779335,52.355707758104614,50.825994124779335,51.31945037841797,2003,67.4721110534432
2022-07-07,52.25701888358598,52.50374701451436,50.82599497124686,50.97403335571289,6470,59.2841150543336
2022-07-08,50.97403441062323,52.30636483930015,49.44431695539167,50.085811614990234,10345,66.75062540660923
2022-07-11,51.812908548704335,55.02037431600508,49.83908346113465,52.55309295654297,27243,59.8784163104106
2022-07-12,54.7736427245522,54.7736427245522,51.41813878146348,52.108978271484375,13016,57.53011367883198
2022-07-13,52.1089799232969,52.84916430790275,50.825994409601265,51.41814041137695,6157,54.277270933010676
2022-07-14,51.81291039501979,53.63869716017331,49.54301221638299,50.036468505859375,9853,40.00000506922406
2022-07-15,51.27010489838861,51.31944977021318,49.14824152698045,49.29627990722656,14994,40.00000506922406
2022-07-18,49.345625920046245,50.283193565481625,48.85216966084579,49.04955291748047,9298,38.76220743761343
2022-07-19,50.0858091507369,50.0858091507369,49.19758639880502,49.29627990722656,6305,42.758614255172816
2022-07-20,52.20767271556667,59.116060210228376,48.852168712250595,57.88241958618164,142691,59.01234619744716
2022-07-21,57.240925487648525,62.520905901720916,55.51382859793499,61.73137664794922,161397,71.55757050656183
2022-07-22,62.9650200908036,74.01844143075014,55.85924896049706,62.61960220336914,104003,75.7918629989256
2022-07-25,65.13622987797332,73.9197532916697,60.49774002764795,65.58033752441406,138598,78.25203980174547
2022-07-26,67.99827254329787,70.56424352936585,64.69211718454423,66.36986541748047,60463,80.68410716280019
2022-07-27,67.7021956772361,67.7021956772361,63.11305483257732,63.902584075927734,20639,74.25925406312953
2022-07-28,63.902589956345544,73.32760816635833,63.902589956345544,68.34369659423828,199004,80.2287590987321
2022-07-29,71.05769974383345,78.95299971537051,65.97509888124752,77.32459259033203,433723,83.73655592765269
2022-08-01,78.26217254672474,78.95300835803934,67.6528620486132,69.37995910644531,319480,69.53127197410673
2022-08-02,71.05770620628384,71.64985225209378,66.22183302800265,68.34369659423828,57599,68.99226146759105
2022-08-03,67.8502357727268,69.97209919734652,60.89250325735077,69.33060455322266,130967,71.84357782205556
2022-08-04,69.33059967780439,74.51189004518478,66.56724180338372,71.40311431884766,57701,74.29501708439706
2022-08-05,74.51189402017079,77.47263153090604,73.57433015358923,76.88048553466797,232445,77.43191495409711
2022-08-08,77.76870944677246,79.74253448319263,75.10404112987825,76.63375854492188,100714,76.94553572328287
2022-08-10,77.96608941532152,80.72944749502435,74.56124421849574,76.18964385986328,49882,71.49478867280615
2022-08-11,77.86740611945149,77.86740611945149,72.34069703175051,73.22891235351562,45482,63.78699375735776
2022-08-12,76.38703057949525,76.53506896345382,68.14631254064396,69.33060455322266,65168,57.50551869787144
2022-08-16,69.33060329889129,72.48872029499438,68.09696267079714,68.93583679199219,51990,53.98126196586419
2022-08-17,69.08388277104032,71.99527196171589,68.09697016002546,68.29434967041016,23389,52.29142854962672
2022-08-18,70.07079117706323,70.07079117706323,66.22183071917466,68.1956558227539,11689,55.4171904216781
2022-08-19,67.89958524021924,69.7253719192309,65.13622713771045,66.51790618896484,21929,47.5234224974366
2022-08-22,67.8502333028235,68.5410690300889,62.76763250223032,64.88949584960938,15127,28.92976065480778
2022-08-23,64.88949870406263,64.88949870406263,62.915673648425745,63.951934814453125,15008,37.93858266114677
2022-08-24,64.64277105776195,69.87341050631493,64.64277105776195,68.4423828125,81703,50.19010445677744
2022-08-25,70.86032475236125,70.86032475236125,66.1231414570528,67.11005401611328,16641,45.77861500653255
2022-08-26,68.09696216060792,68.73845678831971,65.1362246753641,65.7283706665039,21285,38.92100938869234
2022-08-29,65.72836936528525,65.72836936528525,61.18857348369428,64.6921157836914,25071,21.212110290921757
2022-08-30,64.54407899561811,67.01136024522472,61.58334149609016,64.00127410888672,19665,20.776240959381326
2022-09-01,64.64276572530584,65.13622195221657,62.718285687399536,63.655853271484375,10863,20.871547351694502
2022-09-02,63.655855952082455,65.77771932306084,63.21174834097887,63.902584075927734,19154,25.19684032848214
2022-09-05,65.53099207021998,65.53099207021998,62.32352641759933,63.557167053222656,16724,31.067959464794384
2022-09-06,62.27418122085899,69.97210222425858,62.27418122085899,64.09996795654297,161824,34.29487274785154
2022-09-07,63.90258819916669,67.89958707517978,63.65586005940157,67.11005401611328,79464,46.66666523508012
2022-09-08,68.20369839851716,74.36788574091314,67.20947536767778,73.47308349609375,195540,60.98148022319747
2022-09-09,72.57827656393168,72.57827656393168,69.59560766404408,70.49040985107422,141948,57.84035835167625
2022-09-12,72.28001292975215,72.28001292975215,68.80023224373316,69.4961929321289,21372,59.325489001708775
2022-09-13,71.58405855516584,72.57828159065426,68.89965939347503,69.19792175292969,9180,60.90179251203141
2022-09-14,68.40254515274019,69.54589552978116,67.40832215683012,67.90543365478516,10444,48.713107835708456
2022-09-15,72.37943793715489,72.37943793715489,66.06611577502257,67.1597671508789,15138,50.12259361120968
2022-09-16,68.50196995740637,70.49041606597945,66.165547296897,67.01063537597656,28448,53.366756036038346
2022-09-19,69.44647124998755,69.44647124998755,64.87304721617899,65.56900024414062,10388,52.25438598555906
2022-09-20,66.01640550477026,68.94936017792774,63.92853882342771,66.26496124267578,7993,55.818191373249725
2022-09-21,66.61294065838656,67.50774287086163,65.12160616603462,65.41987609863281,8850,54.420402209302544
2022-09-22,64.62449645996094,66.4141009345185,63.92854337836616,64.62449645996094,8905,51.76060367275816
2022-09-23,64.72391473743629,67.01063063462627,60.64760202034577,62.78518295288086,28466,48.24515079731344
2022-09-26,64.62449427628111,64.62449427628111,61.940091447811334,63.481136322021484,12774,48.60301894578536
2022-09-27,64.62449217871796,70.58982991829193,62.93431239397342,69.09849548339844,61864,54.0160531798178
2022-09-28,70.09272003173828,70.78867308303205,65.61871662545711,70.09272003173828,23766,41.28204270524253
2022-09-29,72.08116822668072,73.32394698920969,69.59561070162276,72.4788589477539,30905,55.29101066160066
2022-09-30,73.32394454697331,73.32394454697331,68.45225044305968,69.74474334716797,8668,50.605313334842066
2022-10-03,71.83261092836996,72.28000823912477,68.55167203176993,71.48463439941406,9932,55.203615745918604
2022-10-04,72.52856765408396,78.54362007359478,70.68925654917135,74.86499786376953,123215,64.46280323475776
2022-10-06,77.54939726811305,87.09393695327839,76.95286496003769,78.0465087890625,477807,70.54407393031514
2022-10-07,79.93553422539651,79.93553422539651,77.69853237721557,78.39448547363281,32401,71.32213760965774
2022-10-10,78.3944801446588,81.32744247520465,75.01412050901716,78.64303588867188,61539,75.6335310352049
2022-10-11,80.33322515933318,81.22801983257091,75.80950726543192,76.25690460205078,27893,68.37295099560647
2022-10-12,77.15170342579398,77.49967995937442,72.03145344924917,73.57250213623047,21684,64.04109175042942
2022-10-13,75.06383265334716,75.06383265334716,70.93780589772187,72.32971954345703,12482,63.069130299075994
2022-10-14,74.41758694815616,75.95863556840395,70.68925085270425,73.72163391113281,16906,68.83561081338198
2022-10-17,75.95863896344976,75.95863896344976,70.78867479548832,71.43492126464844,12726,62.987012097202665
2022-10-18,71.83261352045865,74.06961532559404,69.59561171532327,69.94358825683594,25162,51.59475249719975
2022-10-19,71.58405509346173,71.58405509346173,67.95513967235429,68.99907684326172,9706,47.93233505674806
2022-10-20,68.60139022309414,69.84416903148353,67.60716717638263,68.45225524902344,7740,41.8181801270025
2022-10-21,69.54589477707032,71.03722925479435,67.45802802532053,68.6511001586914,12525,47.52252688224078
2022-10-24,70.09272383314392,71.83261414105884,65.46958521219175,71.33550262451172,10783,49.676029497607885
2022-10-25,72.67769586759059,72.67769586759059,68.65109748570613,69.84416198730469,7416,38.11762216302318
2022-10-27,69.84416396704889,70.58983119801381,68.601385248774,69.39676666259766,8075,26.48647370628204
2022-10-28,70.68925143481825,70.68925143481825,67.65687593673779,68.35282897949219,6028,23.697904593204598
2022-10-31,69.59560859408059,69.59560859408059,65.91698660252122,67.95513916015625,11794,22.222231034996938
2022-11-01,69.39676950254125,75.4118141939555,62.984026502620715,66.06611633300781,54442,22.8116762706931
2022-11-02,67.20947480129544,68.10427703857422,65.22102875637357,67.11005401611328,10058,31.104667763592303
2022-11-03,66.61293755889236,69.0984949304928,65.81755616585255,68.05455780029297,8441,37.2780976424861
2022-11-04,68.15399256484946,71.58405902570313,67.11005533659669,70.24185943603516,12004,40.11301614993326
2022-11-07,70.24185483562202,72.42914235069213,68.70080618728672,69.74474334716797,9554,44.65409624581384
2022-11-09,69.59560943028012,70.98752313594962,68.1042749424884,69.69503021240234,10259,49.13494111418119
2022-11-10,71.5343443692635,71.5343443692635,68.75052442108782,69.19792175292969,6295,50.714286105801925
2022-11-11,69.09849562944702,78.64303451587514,68.60138415009848,75.85921478271484,120401,68.48633487505927
2022-11-14,77.64881669126933,79.53784195475879,71.58405775928291,72.42914581298828,132774,58.11964971102209
2022-11-15,72.57827840586356,74.31816864162056,67.95513997664534,69.69503021240234,50020,46.48186907618221
2022-11-16,68.60138410545662,80.53205960205777,67.25918462915283,77.99678802490234,177125,63.53134665758651
2022-11-17,75.56094431322674,79.53783611918604,73.67191918833224,74.81527709960938,110735,58.24507389877417
2022-11-18,73.07539186642913,77.54939545008806,73.07539186642913,73.87077331542969,14626,58.42186259860564
2022-11-21,75.31239028204055,79.83610784796082,71.58405412946429,78.29505920410156,58810,64.05405954729983
2022-11-22,78.5436164888131,90.12631588049311,78.5436164888131,88.53556060791016,762239,74.88987610649983
2022-11-23,89.3806503089593,91.96562862347412,84.70779760068291,87.39220428466797,359081,72.41758838531624
2022-11-24,89.28122800764466,93.45696155357,87.14364705079167,88.88353729248047,176685,72.74702399401698
2022-11-25,88.88353788905624,91.56793696012282,87.39220338617046,87.7898941040039,55407,69.63293116964351
2022-11-28,89.13209322095338,90.92169006482025,82.81877870544953,84.6083755493164,40610,65.68730676779347
2022-11-29,85.90087051094375,88.23729309267168,83.36559877387151,84.16098022460938,19473,65.14049153071016
2022-11-30,84.75750905109624,92.26389558476389,83.91242103509933,86.0997085571289,202541,67.17172210432582
2022-12-01,87.29278194841316,88.78411644011508,85.65231249047717,86.39797973632812,22335,62.296991132480436
2022-12-02,86.4476842895648,94.15291231439076,86.4476842895648,91.12053680419922,115988,71.17118051342781
2022-12-05,94.4511854400686,97.43385445396551,91.96562792848785,93.1089859008789,49806,76.97596338268546
2022-12-06,95.89280830671703,95.89280830671703,88.4858497598258,88.73440551757812,20752,63.60203305502373
2022-12-07,89.43035609293484,89.43035609293484,84.50895526181576,85.65231323242188,15432,63.76263839840759
2022-12-08,86.24884827123033,87.4916270647639,82.61993267704833,84.45924377441406,14129,63.36260582425259
2022-12-09,86.39798054193929,86.39798054193929,80.581777487133,81.0291748046875,13495,53.53925648810029
2022-12-12,81.77483886142947,81.77483886142947,77.35054970183849,79.04072570800781,25372,34.36987659493553
2022-12-13,79.98523897293191,79.98523897293191,75.75979113539302,76.70430755615234,10071,33.07086366771772
2022-12-14,76.70430240433662,80.33321770284628,75.21296797360546,79.43841552734375,13902,35.60605126933925
2022-12-15,81.37715209803137,82.27195432680679,78.69275299702474,80.28350830078125,11375,38.4732775060927
2022-12-16,81.52628580196651,81.52628580196651,77.54939381162669,79.98523712158203,9496,42.21105140086007
2022-12-19,79.98523959472885,82.2222414084632,77.59911039500135,80.58177947998047,7864,44.000005115815675
2022-12-20,79.53784208192666,81.47657394854573,78.04650754289052,80.23379516601562,1766,39.61268790143485
2022-12-21,81.42686342069631,81.52628420143907,76.85343923865506,78.99101257324219,6681,37.308346549911086
2022-12-22,78.39448208743195,82.91819977470442,75.06383655218056,82.81877899169922,34272,35.3251552275682
2022-12-23,82.32166378361657,84.50895125249465,79.28928073395821,79.78639221191406,27244,27.28815274389997
2022-12-26,76.90314825523608,81.52628676572203,76.90314825523608,79.58755493164062,9757,31.8182038770167
2022-12-27,80.33322246116958,80.33322246116958,75.61066315079275,77.7979507446289,15138,33.54168538467219
2022-12-28,77.35054866889672,77.35054866889672,74.6164355519865,76.9528579711914,9406,34.03807136328342
2022-12-29,77.25112401155833,78.44419616191122,75.21297141418303,77.84766387939453,6285,42.41708117441984
2022-12-30,78.39448115020821,79.3389975407646,74.76556572400618,76.10777282714844,10238,42.92568312607561
2023-01-02,76.1574821405068,79.88581848144531,76.1574821405068,79.88581848144531,11344,57.17486945225867
2023-01-03,81.42686389008155,83.2661748930431,78.79217146595421,82.17253112792969,7481,56.29289902591291
2023-01-04,83.01761953297957,83.415310245411,80.08466475127153,80.73090362548828,3177,51.00221392527208
2023-01-05,80.53206356080418,81.02917506426593,77.89737107539295,79.23957061767578,14871,48.41438050584857
2023-01-06,77.89736810162051,80.08466318454285,77.54939157954539,79.73667907714844,3143,48.19530798649817
2023-01-09,81.22801263856515,81.22801263856515,77.89736724616117,77.99678802490234,7691,45.49097499905424
2023-01-10,77.54939359585072,78.49390240680059,76.55517060103212,77.15170288085938,2647,46.232187120025756
2023-01-11,77.54939699346951,78.34477845829969,76.55517395509169,77.35055541992188,1985,36.84212072268091
2023-01-12,78.49390473496753,78.49390473496753,75.5609498473876,77.40026092529297,3717,43.29610076158507
2023-01-13,77.40025741845699,77.44997160154782,76.55516940314844,76.85343933105469,2147,42.465749968674395
2023-01-16,77.05228254147099,77.05228254147099,74.71586000727739,75.7100830078125,5564,44.03409400573175
2023-01-17,77.99679216481866,78.04650634948757,75.06383731702309,77.4499740600586,2077,51.35136368312245
2023-01-18,78.44419549337428,78.44419549337428,75.56094730290988,76.45574951171875,4725,46.236552929114985
2023-01-19,78.34477827284572,78.34477827284572,75.31239497884357,77.00257110595703,2106,52.58620043334508
2023-01-20,77.54939560659618,77.54939560659618,74.91470308494917,76.70430755615234,4278,38.489213994893376
2023-01-23,78.39448395443215,78.39448395443215,73.870773744745,74.91470336914062,5594,22.761190183585327
2023-01-24,74.36788108023357,74.56672263981203,71.68347451400878,72.97596740722656,5260,21.94244703609138
2023-01-25,75.7597871679213,75.7597871679213,72.57827670275037,72.97596740722656,2195,24.596773444940695
2023-01-27,70.29156389146016,72.52856566773418,69.34705506449453,70.34127807617188,7114,17.525790051052695
2023-01-30,70.39098801774996,70.39098801774996,67.15976342457522,68.40254211425781,5614,17.288151818048917
2023-01-31,68.40254472179579,69.54589509163353,65.22102660373585,69.34705352783203,2838,23.56903122456626
2023-02-01,71.13665632114831,72.37943502986634,66.61293878728694,68.35282897949219,5509,21.086227203144418
2023-02-02,70.34127400845732,70.34127400845732,67.85571662299947,68.75051879882812,2516,22.812496852573844
2023-02-03,70.98752135903828,70.98752135903828,66.61293878728694,68.35282897949219,2881,23.02838551626975
2023-02-06,69.74474231386185,69.74474231386185,66.6626526481734,67.65687561035156,1930,23.70129675989412
2023-02-07,67.70658777608016,70.73897109426227,67.1100554667728,70.58983612060547,4598,29.21687331790575
2023-02-08,70.58983242214127,71.037229734351,68.60138643841898,69.69503021240234,562,29.393938689281683
2023-02-09,69.69503065253025,69.69503065253025,67.1100523744309,68.25341033935547,3975,24.71265432343776
2023-02-10,67.4580289067159,71.38521430055948,67.4580289067159,68.25341033935547,2442,25.14620460387438
2023-02-13,68.25340852248517,69.84416376009975,67.25918555081117,69.04878234863281,1669,31.67699998284135
2023-02-14,69.0487847957517,69.0487847957517,66.61294146295073,67.1597671508789,2706,31.775701381415047
2023-02-15,68.60138687164047,68.60138687164047,66.61294087536103,68.25341033935547,907,36.15159893274724
2023-02-16,68.94936250304457,69.59560896045555,67.7562979549931,68.6511001586914,638,44.29530166777481
2023-02-17,69.59561032860252,69.59561032860252,67.0106320334612,69.2973403930664,1134,53.30881875822035
2023-02-20,66.66265312811501,69.0487821862663,66.66265312811501,68.7008056640625,876,47.547155824306806
2023-02-21,68.50196883769061,68.60138962443017,66.81178512183885,67.06034088134766,1935,45.32374061002344
2023-02-22,67.11005355071705,68.99907879735672,66.21525131964356,68.55167388916016,568,49.3333312870034
2023-02-23,65.61871962227468,68.55167451065756,65.61871962227468,67.4580307006836,653,47.133761074988065
2023-02-24,67.45802592119956,69.24763027277564,64.62449201897009,66.6129379272461,485,46.687681888097096
2023-02-27,68.60138722917122,68.60138722917122,63.282295678466056,64.32622528076172,4886,29.276265636501137
2023-02-28,66.5632261719855,66.5632261719855,61.14471390852826,61.34355926513672,33674,25.72250694406864
2023-03-01,62.5366291750546,62.93431610555086,59.752801698281694,62.33778381347656,7146,32.344187838515424
2023-03-02,62.636050415039065,64.27651991916355,62.586340022447985,63.381717681884766,2525,36.31282952322303
2023-03-03,64.47535869784791,64.62449366182368,61.641824723585664,63.33200454711914,3394,33.236147624733405
2023-03-06,62.83489546774343,64.62449614080293,62.6360501057013,62.685760498046875,3877,35.8490379362202
2023-03-08,63.7296926944191,64.32622497652665,60.49846794890709,63.630271911621094,4317,35.2380829415671
2023-03-09,63.63027206291127,64.32622512947155,61.691536452462486,63.978248596191406,3852,35.031826430967456
2023-03-10,66.61294090747833,66.61294090747833,61.1944248064724,63.630271911621094,5138,31.49350697885788
2023-03-13,63.63027249622521,64.07766981558646,60.74702425667609,61.29384994506836,5572,28.279887556364443
2023-03-14,62.23835968899075,62.23835968899075,59.156269836425786,59.65338134765625,5803,28.27988122947893
2023-03-15,61.442980770474094,62.5863387399386,57.863779480023084,59.3551139831543,9598,21.003136606061858
2023-03-16,59.75280045761186,61.19442455829489,57.66493368604316,59.553958892822266,6473,23.588040714089956
2023-03-17,59.55395808406226,62.4869128441356,56.77013070289619,62.43720245361328,24104,37.71929588373987
2023-03-20,62.437205201624515,62.437205201624515,59.355115341674356,60.00135803222656,6728,37.39130550831454
2023-03-21,59.65337982810879,62.934314960122826,57.96319997444709,59.90193557739258,2494,44.94773174461295
2023-03-22,60.24991273435419,61.194425349962835,59.752801230629615,60.05107116699219,1383,41.481478744623416
2023-03-23,61.29385115986481,63.03374145791674,58.659158620036514,61.59211730957031,8067,43.57142994173722
2023-03-24,62.13893843313149,63.381717201794125,59.603670503591694,59.85222625732422,5539,38.85350583093407
2023-03-27,59.8522255887713,60.647603233298994,56.86955657729757,57.217533111572266,12047,34.463271569947
2023-03-28,56.9689775311634,58.55973661764081,54.88111073394528,57.565513610839844,10164,32.16374833231092
2023-03-29,58.55973754001316,60.15049285888672,56.02446579860989,57.167823791503906,3890,30.029164628916106
2023-03-31,57.316958152808105,59.60367032163454,56.720422070075244,58.26146697998047,1990,34.91619991983315
2023-04-03,58.31117938252118,59.951645026413935,58.31117938252118,59.056846618652344,2840,43.11926304093004
2023-04-05,58.31117930842293,61.89038052024043,58.26146512528294,61.19442367553711,6350,54.599396257726944
2023-04-06,60.64760350792773,64.22680482083987,60.64760350792773,63.7794075012207,3547,61.61879906023933
2023-04-10,66.61294283970248,66.61294283970248,61.144716188682125,61.59211730957031,6121,54.84633775597449
2023-04-11,62.88460429969565,63.18287043902788,61.293849028150646,61.69153594970703,1120,47.95640571962177
2023-04-12,64.47536057292155,64.47536057292155,61.29384998040399,63.7794075012207,3373,60.55555614766372
2023-04-13,64.07766817102588,65.56900264438089,63.13315937202879,63.67998504638672,3035,60.55555614766372
2023-04-17,64.22680416304769,64.22680416304769,60.24991217047111,62.38749313354492,4100,56.135761969553954
2023-04-18,63.67998669946112,64.62449552297679,61.74124728258006,62.53662872314453,3943,52.67605353706667
2023-04-19,64.12738241396255,64.12738241396255,60.15049048131371,61.54240417480469,2648,54.99999322907004
2023-04-20,61.54240404623249,63.38171504417608,61.54240404623249,62.43720245361328,3577,67.21310279290788
2023-04-21,63.48113688288211,63.53085106689241,57.66493386369411,61.14471435546875,3767,61.111103216332715
2023-04-24,57.913489756689536,62.884604757263745,57.913489756689536,61.49269104003906,2616,63.46748336013198
2023-04-25,63.28229643647738,63.28229643647738,61.64182694428334,62.33778381347656,1191,62.89308525168363
2023-04-26,62.4372047374222,62.63605009944447,61.39327132763009,61.4429817199707,2910,57.49999700245199
2023-04-27,63.33200510655568,63.33200510655568,60.79673724519028,62.23835754394531,2752,53.583615423397
2023-04-28,62.23835783725939,62.63604855147551,61.64182555859495,61.69153594970703,1444,41.66665397862868
2023-05-02,63.0834483979046,63.0834483979046,60.64760135542526,61.39326858520508,7611,49.065401290978684
2023-05-03,62.58633940960939,64.62449582716494,60.74702456047112,63.232582092285156,11429,56.22489860825187
2023-05-04,65.56900320448244,69.54589516740042,61.890381172911084,67.20947265625,104074,62.02089017883523
2023-05-05,65.61872047358746,70.58983566098044,65.61872047358746,69.5458984375,65861,67.77107431216156
2023-05-08,71.5840577545684,75.46152906667146,69.54589752048406,74.91470336914062,55925,80.43478139985427
2023-05-09,74.91470148026494,81.52628594268035,74.91470148026494,77.84766387939453,39648,82.76595661308556
2023-05-10,81.42686454886586,81.5262853309861,73.97019211005616,74.31816864013672,20287,74.66410149229638
2023-05-11,73.67192523521923,76.05806203170935,70.63954953547366,71.33550262451172,12851,65.89698617530112
2023-05-12,70.68925463936272,73.72163786022898,69.09849933715404,72.82683563232422,6198,70.72310305392585
2023-05-15,72.6279923534001,74.81527989425383,70.58983219258502,71.48463439941406,10394,67.12095462698119
2023-05-16,73.02567720060544,73.57250289135825,71.93203340441944,72.82683563232422,3463,67.67168899330753
2023-05-17,72.57827738070249,74.91469986151054,71.58405440288465,74.36788177490234,4112,71.31147613163232
2023-05-18,75.80950653135238,75.80950653135238,72.72741663533841,74.51701354980469,12135,70.68676882704092
2023-05-19,74.56672174027929,75.51123051486182,73.17480808406359,73.3736572265625,3999,69.29392407321816
2023-05-22,72.57827615417891,76.2071914789517,72.5285619720004,74.06961059570312,11457,70.66450359639039
2023-05-23,75.51123718268477,77.3008416966055,73.82106104145285,75.90892791748047,5747,70.66450724489155
2023-05-24,76.55516709137642,76.55516709137642,74.06960971827978,74.46730041503906,5638,62.89752190264947
2023-05-25,71.78290009552174,73.77134616559513,71.13666119100371,71.68347930908203,11931,53.73913233798232
2023-05-26,72.57827565846594,73.07538713557872,70.39098819329737,70.88809967041016,7499,41.61490742438363
2023-05-29,70.93781084978029,72.77712191686018,70.29156437071988,71.38521575927734,3299,35.02304945979819
2023-05-30,73.821061155239,73.821061155239,68.80023173950893,70.93781280517578,11179,40.86022436976454
2023-05-31,72.7274166707165,72.7274166707165,68.10427803178672,72.03145599365234,4670,52.09579930320762
2023-06-01,70.49041084557683,73.42336560438439,70.04300595308999,72.57827758789062,12360,49.20634224605705
2023-06-02,74.26845596566217,74.26845596566217,72.08116837329018,72.82683563232422,5569,54.60750620838054
2023-06-05,71.63377022268246,76.45575025821383,69.84416578759145,75.7100830078125,25239,58.950613921361416
2023-06-06,75.71008482276372,78.39448395443215,73.77134537405233,74.91470336914062,22391,51.77993061367412
2023-06-07,77.44997242788712,79.73668075339499,74.91470076959247,78.59333038330078,35978,60.78947230251581
2023-06-08,79.68697846448752,82.52051262178608,75.80950707724324,78.39448547363281,66063,63.98891413256786
2023-06-09,74.8649933845027,84.50895325075525,74.8649933845027,81.47657012939453,82549,68.21514488699366
2023-06-12,83.91242166814878,85.8511534597866,82.02339647469792,82.86848449707031,37761,67.499981774909
2023-06-13,84.55866668243236,84.95634980241117,81.07888628538278,82.22223663330078,35538,70.31248438777081
2023-06-14,84.80722606831927,84.80722606831927,79.9355317861025,82.7690658569336,30659,82.89082313868197
2023-06-15,82.37137216666686,83.0176186190889,80.53206117540361,81.12859344482422,32575,78.93254285426059
2023-06-16,81.22801852237914,82.91820222468559,79.93553313448338,80.92975616455078,27949,77.42855764719295
2023-06-19,82.520511351089,82.8187812937148,79.3390006945725,80.58177947998047,30980,77.87356702027539
2023-06-20,79.53784316784186,81.12859851413472,79.53784316784186,80.18408966064453,10673,74.55090343148652
2023-06-21,82.17253354256944,82.17253354256944,79.63726182525903,80.28350830078125,12895,73.84615529916661
2023-06-22,80.03494964144123,84.85692956240209,78.09621787058995,83.26617431640625,64585,77.6315731017322
2023-06-23,84.50895249977536,86.24884269830015,81.52628358801859,82.22223663330078,70894,69.09618734448402
2023-06-26,84.21068696831354,84.26040115356446,80.88004136013333,82.02339935302734,18925,71.60122204710974
2023-06-27,81.52628874740488,84.45924366211652,80.5817798997031,81.6257095336914,23109,61.50943724046864
2023-06-28,83.21645854917239,83.3158869132262,80.03494811774976,80.13436889648438,13102,56.01372304966035
2023-06-30,80.13436998849835,83.51472960877452,79.73667928282129,80.08466339111328,21585,43.91306668801965
2023-07-03,80.08466901075825,81.5262893865138,79.38870833065708,80.53206634521484,13930,38.86258647489382
2023-07-04,81.97368643926525,82.0234006252873,79.53784303058161,79.83611297607422,21066,38.67929309016778
2023-07-05,81.2777323774688,82.32166958892198,79.43842129638819,80.23379516601562,31776,37.799009683599564
2023-07-06,81.27772737898917,81.92397382322541,77.947081963703,79.04072570800781,61090,39.499978897206375
2023-07-07,78.64303705741204,79.83610919759703,76.00834461465459,76.45574951171875,46155,31.854798035275678
2023-07-10,81.52628604387898,81.52628604387898,74.51701085597865,75.7100830078125,57481,30.859332612721502
2023-07-11,76.85344182489551,82.91820067812503,75.61066306049112,82.42108917236328,68305,55.87467331536518
2023-07-12,83.5147320580552,85.0060665590919,82.57022324152643,82.81877899169922,35347,56.55527986235417
2023-07-13,84.26039930857355,84.26039930857355,82.3713740901965,82.81877899169922,31491,48.63223330753654
2023-07-14,82.22223641721098,88.2870025900996,82.22223641721098,86.14942169189453,62402,60.533355160841445
2023-07-17,89.08237850426899,94.15291424288364,85.85115378251305,92.81071472167969,160626,71.48515080169959
2023-07-18,93.45696269687016,95.64425027905206,90.57371445830705,91.31938171386719,76260,68.50095506630714
2023-07-19,91.86620709990571,93.65580395617192,90.47429337704116,90.62342834472656,31282,70.64582494879173
2023-07-20,90.87198605975868,92.46274138370472,87.49162625554855,90.176025390625,24855,69.55684873761965
2023-07-21,87.49162715084381,94.20263264252786,86.49740411503878,92.26390075683594,58113,71.37682539514837
2023-07-24,95.44540657121509,96.63847111922752,91.2696730678522,93.90435791015625,48811,74.78108364904038
2023-07-25,94.3517617923136,97.08587497204948,90.9714021621217,91.81649017333984,39931,69.25620132414312
2023-07-26,96.38991721756604,96.38991721756604,90.57371416039157,90.62342834472656,10036,69.25621889285189
2023-07-27,94.4511830551592,95.14713610670105,90.97140262681124,94.99800872802734,60771,79.0951798681555
2023-07-28,97.68240773862519,97.68240773862519,92.46273709610323,94.99800872802734,51749,80.99043088359933
2023-07-31,97.68241316981023,99.72057342529297,94.99801400995862,99.72057342529297,43336,79.69285180379768
2023-08-01,103.39919185321433,104.69168478550732,99.5217206416549,101.31132507324219,34492,80.49181816832339
2023-08-02,105.73561627033766,105.73561627033766,96.68818833873817,100.51594543457031,30689,78.43451501415473
2023-08-03,104.29399748252919,105.53677627144084,95.69396674619666,103.9957275390625,65960,78.53737520431758
2023-08-04,107.37608673417203,107.37608673417203,98.82577023351487,100.11825561523438,89926,62.8272315815807
2023-08-07,102.15641644853721,105.08937135624079,95.44541098841434,103.9957275390625,111816,70.53140741333878
2023-08-08,103.99572663235013,104.29399657321629,98.82576994968113,99.42230224609375,46931,62.66094514833894
2023-08-09,102.80266203952488,102.80266203952488,94.45118713378906,94.45118713378906,111840,55.44304210602797
2023-08-10,94.45118151212993,94.45118151212993,89.72862243652344,89.72862243652344,59067,46.975077046764035
2023-08-11,86.49740282194895,94.20263123424901,86.49740282194895,94.10321044921875,20605,50.222725980049
2023-08-14,94.45118824325107,94.45118824325107,89.43035888671875,89.43035888671875,31475,47.473689227143005
2023-08-16,85.60260071682278,92.46274108886719,85.60260071682278,89.48007202148438,29192,48.759439836532344
2023-08-17,92.46273544280749,92.46273544280749,85.00606322967785,85.10548400878906,71526,39.26645193494473
2023-08-18,88.38643003845165,88.38643003845165,80.88004302978516,80.88004302978516,35534,35.96838729911076
2023-08-21,84.31011610673546,84.90664840858147,81.52628858436108,83.76329040527344,25714,33.53846439605286
2023-08-22,85.45346002576132,85.45346002576132,79.58755065418717,81.9239730834961,16296,30.10204952556829
2023-08-23,81.92398039680734,84.3101172210483,78.24535058038423,81.22801971435547,17079,30.163610333756665
2023-08-24,84.26039534023937,84.26039534023937,79.88581282616016,81.57599639892578,14199,25.355201064089414
2023-08-25,80.9297560085445,84.01184587874825,80.53206528022021,83.06733703613281,12765,30.219165715196098
2023-08-28,83.51473287882884,87.19335498341131,83.51473287882884,87.04422760009766,14121,30.379760025332985
2023-08-29,89.43035569475916,91.36909509332529,86.49740088285898,89.5794906616211,27990,38.04347886529003
2023-08-30,93.40724616097528,94.05349261658962,90.97140288825894,91.0708236694336,29374,45.51450687830752
2023-08-31,89.2812271118164,89.2812271118164,89.2812271118164,89.2812271118164,3114,49.356230526140834
2023-09-01,88.58526611328125,90.47429129474081,88.58526611328125,88.58526611328125,5167,41.119990531237825
2023-09-04,88.58526611328125,88.58526611328125,86.8453758960747,88.58526611328125,7310,48.39924066247806
2023-09-05,89.38064575195312,89.38064575195312,88.48584356957893,89.38064575195312,4299,49.816842506480505
2023-09-06,87.5910415649414,89.4800667126047,87.5910415649414,87.5910415649414,5193,55.06072962540097
2023-09-07,87.64076232910156,87.64076232910156,87.49162735631661,87.64076232910156,7134,66.5853626581769
2023-09-08,89.38064575195312,89.38064575195312,89.38064575195312,89.38064575195312,6127,64.59946732064506
2023-09-11,89.38064575195312,89.48006653103488,87.64075556940523,89.38064575195312,8313,71.42857142857143
2023-09-12,87.5910415649414,89.3806459333212,87.5910415649414,87.5910415649414,1495,67.20428111240932
2023-09-13,85.85115814208984,85.90087232830763,85.85115814208984,85.85115814208984,2560,60.75000690635292
2023-09-14,84.40953063964844,86.0002858551657,84.40953063964844,84.40953063964844,1638,53.383440137242374
2023-09-15,86.05000305175781,86.05000305175781,84.50895437895497,86.05000305175781,1745,47.159087193121906
2023-09-18,85.0999984741211,87.75,85.05000305175781,85.0999984741211,1156,35.925116911933216
2023-09-20,85.9000015258789,86.0,86.0,86.0,514,33.4521929778698
2023-09-21,85.0,86.0,85.0,85.0,4940,35.269800819737114
2023-09-22,83.94999694824219,84.94999694824219,83.94999694824219,83.94999694824219,3374,34.43096985283641
2023-09-25,84.05000305175781,84.05000305175781,83.94999694824219,84.05000305175781,2609,34.86852622093704
2023-09-26,82.4000015258789,84.05000305175781,82.4000015258789,82.4000015258789,6110,27.966268632419315
2023-09-27,82.4000015258789,82.4000015258789,80.75,82.4000015258789,2426,31.52813674174142
2023-09-28,82.4000015258789,82.4000015258789,82.4000015258789,82.4000015258789,1534,31.28498591164029
2023-09-29,82.9000015258789,82.9000015258789,82.0,82.9000015258789,1210,24.608818495249267
2023-10-03,82.0999984741211,82.9000015258789,82.0,82.0999984741211,1468,23.15713733589041
2023-10-04,82.5999984741211,82.5999984741211,81.5,82.5999984741211,1598,29.664920958199986
2023-10-05,82.5999984741211,82.94999694824219,82.05000305175781,82.5999984741211,2426,34.56550179432162
2023-10-06,84.0,84.0,82.0999984741211,84.0,2785,48.0480869230042
2023-10-09,84.30000305175781,84.30000305175781,80.30000305175781,83.0,4150,34.5177845835444
2023-10-10,84.0,86.0,83.0,83.9000015258789,17038,43.877578029876034
2023-10-11,84.0,87.0,82.5,86.0,4381,50.0
2023-10-12,89.0,89.5,83.9000015258789,88.19999694824219,2435,63.1147284688696
2023-10-13,88.19999694824219,90.0,85.0999984741211,89.44999694824219,2790,72.17740298062996
2023-10-16,89.44999694824219,91.5,86.9000015258789,88.4000015258789,4614,66.29213097871713
2023-10-17,89.0,90.0999984741211,87.0999984741211,87.6500015258789,4331,71.08434251761503
2023-10-18,89.8499984741211,90.5,87.0,87.25,3977,68.87159163438275
2023-10-19,87.0,87.0,85.5,87.0,9261,67.55724812948773
2023-10-20,87.1500015258789,87.5,85.0999984741211,86.05000305175781,5496,61.62362579355583
2023-10-23,85.19999694824219,88.75,83.5,83.69999694824219,4249,55.29800872782612
2023-10-25,83.5,86.4000015258789,83.19999694824219,83.30000305175781,3860,52.33334977892547
2023-10-26,83.05000305175781,83.05000305175781,79.1500015258789,79.5999984741211,4417,41.978608316612586
2023-10-27,80.0,83.5,80.0,81.9000015258789,5090,44.64286061834691
2023-10-30,80.25,85.80000305175781,80.25,83.25,3113,50.626566511886175
2023-10-31,85.0,85.0,80.05000305175781,81.5,6860,44.23076429310527
2023-11-01,82.55000305175781,87.80000305175781,80.5,86.5999984741211,26010,51.2605012384946
2023-11-02,90.0,91.69999694824219,85.55000305175781,87.9000015258789,13515,49.34498820442378
2023-11-03,86.05000305175781,88.30000305175781,86.05000305175781,86.8499984741211,5451,44.27313226913944
2023-11-06,87.80000305175781,88.80000305175781,86.55000305175781,87.6500015258789,13266,48.32962228910257
2023-11-07,87.6500015258789,90.9000015258789,86.0999984741211,87.94999694824219,16848,50.68180754165389
2023-11-08,89.9000015258789,90.0,85.3499984741211,86.25,24664,47.8540775342848
2023-11-09,87.0,90.0,86.25,87.9000015258789,15796,51.82186509935663
2023-11-10,89.0,89.9000015258789,85.30000305175781,86.9000015258789,14812,51.71716810525663
2023-11-13,88.4000015258789,94.3499984741211,81.3499984741211,92.75,72268,66.0177045163855
2023-11-15,92.80000305175781,102.0,90.0,101.69999694824219,153300,74.99998963397567
2023-11-16,107.05000305175781,111.0,100.0,100.75,472194,81.05727513841023
2023-11-17,101.4000015258789,101.80000305175781,95.0,97.1500015258789,65577,71.5700197306769
2023-11-20,93.19999694824219,97.1500015258789,92.5999984741211,95.0999984741211,27293,66.43550621197869
2023-11-21,94.0,102.0,92.44999694824219,96.30000305175781,51924,70.84507472078565
2023-11-22,94.8499984741211,99.9000015258789,94.55000305175781,95.0999984741211,33937,63.44936449087322
2023-11-23,95.1500015258789,98.80000305175781,92.5,94.55000305175781,24018,60.7779608667685
2023-11-24,95.9000015258789,97.30000305175781,93.80000305175781,94.4000015258789,18408,62.60434694668797
2023-11-28,94.55000305175781,97.4000015258789,85.0,85.9000015258789,279006,47.67596243865075
2023-11-29,86.8499984741211,86.9000015258789,80.0,83.5,126156,44.402519561959515
2023-11-30,84.30000305175781,86.6500015258789,84.0,84.80000305175781,14192,48.157564519268725
2023-12-01,86.0,91.75,84.30000305175781,88.6500015258789,155608,50.9025270095236
2023-12-04,88.9000015258789,92.0,87.0,88.55000305175781,28934,52.02952209587061
2023-12-05,88.55000305175781,90.8499984741211,87.0,88.05000305175781,16998,43.34278110209944
2023-12-06,90.25,90.25,88.05000305175781,88.5999984741211,26804,25.65056183822452
2023-12-07,89.80000305175781,90.5,87.3499984741211,88.0999984741211,13837,26.0869577758516
2023-12-08,88.94999694824219,88.94999694824219,86.1500015258789,86.75,7974,28.512397606136048
2023-12-11,89.9000015258789,89.9000015258789,87.80000305175781,88.5999984741211,13401,36.458333333333336
2023-12-12,89.80000305175781,89.80000305175781,86.44999694824219,87.3499984741211,14065,31.392918334374386
2023-12-13,89.8499984741211,89.8499984741211,85.0999984741211,86.8499984741211,8537,32.334040182582754
2023-12-14,88.4000015258789,89.6500015258789,85.0,85.30000305175781,17879,31.006153022839328
2023-12-15,86.0,88.5,86.0,86.75,17028,35.08770833983988
2023-12-18,88.4000015258789,88.4000015258789,84.5,85.0,28800,47.61904185230531
2023-12-19,87.19999694824219,87.19999694824219,82.0,85.0,14323,54.54545874898159
2023-12-20,86.5,86.5,82.0,83.0,27162,44.76742741865372
2023-12-21,82.5999984741211,84.69999694824219,80.9000015258789,82.9000015258789,22749,28.624506215837854
2023-12-22,87.94999694824219,87.94999694824219,83.0,83.30000305175781,13756,30.909069723310694
2023-12-26,84.5999984741211,86.75,82.25,83.75,21835,34.306537230381295
2023-12-27,84.0,86.0,84.0,84.75,13835,36.39575190586773
2023-12-28,84.75,86.44999694824219,82.25,83.25,29295,33.99338986644267
2023-12-29,84.94999694824219,84.94999694824219,81.25,83.4000015258789,10021,37.992827816739066
2024-01-01,86.94999694824219,86.94999694824219,81.30000305175781,84.25,12043,33.20462524324239
2024-01-02,86.4000015258789,86.4000015258789,82.5999984741211,83.30000305175781,17750,33.99209557681603
2024-01-03,82.19999694824219,91.9000015258789,82.19999694824219,90.6500015258789,130449,59.743605193000356
2024-01-04,92.05000305175781,93.80000305175781,89.05000305175781,90.6500015258789,60046,64.90251158117277
2024-01-05,90.6500015258789,92.94999694824219,85.25,86.6500015258789,59609,49.756101191860736
2024-01-08,87.0,89.9000015258789,84.69999694824219,86.75,29537,54.64191206885805
2024-01-09,89.6500015258789,93.0,86.19999694824219,89.5,51133,60.41667108182741
2024-01-10,88.0999984741211,92.9000015258789,86.1500015258789,89.0,27068,64.92537993263355
2024-01-11,91.5,91.5999984741211,84.5,86.75,92612,58.65168493092909
2024-01-12,88.0,88.69999694824219,86.75,87.69999694824219,26648,59.64911458821325
2024-01-15,89.30000305175781,89.5999984741211,87.0,87.30000305175781,28583,57.802209742424765
2024-01-16,89.80000305175781,93.94999694824219,87.1500015258789,92.94999694824219,142108,64.96350974697677
2024-01-17,93.9000015258789,95.5999984741211,85.9000015258789,86.5,185254,55.02318771673629
2024-01-18,87.94999694824219,87.94999694824219,84.5,85.0999984741211,77382,52.52975920160145
2024-01-19,87.19999694824219,87.30000305175781,84.5,84.94999694824219,63182,51.06382584005717
2024-01-23,84.0,85.75,82.0999984741211,82.94999694824219,22384,49.48452681548226
2024-01-24,83.0,84.55000305175781,81.80000305175781,83.9000015258789,19822,37.74954085147958
2024-01-25,86.0,86.0,79.44999694824219,80.0999984741211,155488,33.17383391910552
2024-01-29,81.0,81.75,77.5,77.9000015258789,72388,35.19457933231023
2024-01-30,81.0,81.0,75.69999694824219,76.0999984741211,72878,32.959993398435884
2024-01-31,78.0,78.5,76.44999694824219,77.05000305175781,112432,28.862481768465344
2024-02-01,78.94999694824219,82.80000305175781,77.1500015258789,80.3499984741211,140548,36.589141748506236
2024-02-02,81.0,82.9000015258789,78.8499984741211,79.9000015258789,26332,38.75205110518521
2024-02-05,81.0,81.0,77.6500015258789,78.6500015258789,34008,35.28455663778578
2024-02-06,80.0,80.0,76.69999694824219,77.0999984741211,48435,34.01253277470542
2024-02-07,78.44999694824219,78.44999694824219,74.4000015258789,74.8499984741211,86928,18.245625212652584
2024-02-08,77.69999694824219,79.6500015258789,74.5,74.80000305175781,130784,23.529425979703745
2024-02-09,75.9000015258789,75.9000015258789,71.69999694824219,73.5999984741211,30372,23.74430321361112
2024-02-12,73.5999984741211,75.94999694824219,64.05000305175781,70.19999694824219,153013,20.67595500873361
2024-02-13,70.19999694824219,73.0,67.30000305175781,69.3499984741211,12676,21.666678852501278
2024-02-14,72.0,72.0,67.5999984741211,68.5,48472,17.782425642936047
2024-02-15,69.0,70.75,69.0,69.8499984741211,17077,26.107222707926823
2024-02-16,71.80000305175781,71.80000305175781,68.69999694824219,69.75,20830,28.94056287193301
2024-02-19,72.0,73.69999694824219,69.0,70.8499984741211,32811,35.924928369575355
2024-02-20,70.8499984741211,73.44999694824219,70.19999694824219,73.0999984741211,38725,40.100233853496434
2024-02-21,74.44999694824219,74.44999694824219,69.3499984741211,69.9000015258789,37574,23.67757741052465
2024-02-22,71.4000015258789,71.4000015258789,68.75,69.0,20877,23.15269954723479
2024-02-23,69.94999694824219,71.75,68.9000015258789,69.6500015258789,55364,27.15735686750179
2024-02-26,71.94999694824219,71.94999694824219,67.4000015258789,68.30000305175781,34237,27.435900345200892
2024-02-27,69.5999984741211,69.5999984741211,64.5999984741211,65.25,82758,26.354678229273503
2024-02-28,66.0,68.25,61.79999923706055,62.95000076293945,96666,23.72504946842065
2024-02-29,64.5,67.5999984741211,63.0,65.0999984741211,112670,31.914887745597596
2024-03-01,67.19999694824219,67.19999694824219,64.5,64.94999694824219,26149,37.037032153106374
2024-03-04,66.5,66.5,51.849998474121094,51.849998474121094,3978194,23.076916756713103
2024-03-05,53.0,62.20000076293945,48.5,62.20000076293945,5120116,42.50000022706533
2024-03-06,63.79999923706055,74.5999984741211,62.29999923706055,74.5999984741211,4997388,54.476908963122774
2024-03-07,76.30000305175781,76.30000305175781,66.75,69.6500015258789,1493946,49.913645522744034
2024-03-11,66.19999694824219,71.0,66.19999694824219,66.19999694824219,199471,46.14107757188472
2024-03-12,63.0,64.0999984741211,62.900001525878906,62.900001525878906,66207,41.68026287933371
2024-03-13,61.0,61.599998474121094,59.75,59.75,129151,41.714284468670286
2024-03-14,56.79999923706055,60.650001525878906,56.79999923706055,57.099998474121094,113312,40.55555434454055
2024-03-15,58.900001525878906,59.95000076293945,54.29999923706055,59.75,130987,42.38461421086238
2024-03-18,62.70000076293945,62.70000076293945,62.45000076293945,62.70000076293945,68678,45.79579422194812
2024-03-19,64.75,64.9000015258789,59.599998474121094,59.849998474121094,69241,45.933733884197046
2024-03-20,59.0,60.900001525878906,57.400001525878906,58.45000076293945,33711,46.56488549618321
2024-03-21,59.900001525878906,60.5,58.5,59.849998474121094,44017,45.94594594594595
2024-03-22,60.75,60.75,58.20000076293945,59.04999923706055,27617,45.48929822808473
2024-03-26,59.0,60.04999923706055,56.25,57.75,87150,55.503732923357745
2024-03-27,57.0,59.0,57.0,57.20000076293945,100079,44.292236846391184
2024-03-28,57.20000076293945,59.0,55.04999923706055,55.650001525878906,56876,21.244311527541527
2024-04-01,58.20000076293945,58.400001525878906,56.0,58.349998474121094,17578,31.596084405466314
2024-04-02,58.400001525878906,61.25,58.400001525878906,60.849998474121094,49368,41.00840361994988
2024-04-03,60.79999923706055,62.900001525878906,58.099998474121094,62.099998474121094,31749,48.555951011018834
2024-04-04,62.0,62.45000076293945,60.0,60.54999923706055,37132,51.53256590183189
2024-04-05,60.75,62.0,60.04999923706055,61.54999923706055,22540,59.10020861485261
2024-04-08,61.54999923706055,63.5,61.04999923706055,62.150001525878906,28798,55.35714772282947
2024-04-09,61.04999923706055,62.349998474121094,60.0,60.599998474121094,13005,44.99999364217007
2024-04-10,61.400001525878906,61.900001525878906,60.0,60.70000076293945,31554,52.32877388079371
2024-04-12,60.70000076293945,62.0,60.0,60.75,22826,56.80473239217892
2024-04-15,59.650001525878906,60.75,57.79999923706055,59.54999923706055,17154,49.10179873246982
2024-04-16,60.25,60.25,58.5,59.349998474121094,17095,50.93167451680706
2024-04-18,59.349998474121094,61.70000076293945,59.04999923706055,60.0,32535,57.28155124062807
2024-04-19,59.099998474121094,61.900001525878906,58.5,59.95000076293945,20059,59.19732159852863
2024-04-22,60.79999923706055,61.0,59.29999923706055,60.04999923706055,12848,66.29628321434777
2024-04-23,60.95000076293945,60.95000076293945,57.54999923706055,59.29999923706055,25874,54.112554970415474
2024-04-24,59.599998474121094,61.0,58.599998474121094,60.29999923706055,38866,47.26368725728768
2024-04-25,60.29999923706055,60.29999923706055,58.20000076293945,59.54999923706055,25839,36.64922825334525
2024-04-26,60.900001525878906,62.5,59.0,60.79999923706055,39973,51.35135023675847
2024-04-29,62.0,62.5,60.150001525878906,60.79999923706055,40069,45.45454965806473
2024-04-30,61.79999923706055,62.599998474121094,59.0,62.349998474121094,51920,51.08693939527127
2024-05-02,62.29999923706055,62.95000076293945,60.04999923706055,62.29999923706055,21093,61.03896489933907
2024-05-03,63.45000076293945,63.45000076293945,60.70000076293945,61.75,25035,56.44171491987027
2024-05-06,62.900001525878906,62.900001525878906,60.70000076293945,61.599998474121094,16923,55.1515059037642
2024-05-07,62.400001525878906,62.5,60.75,61.79999923706055,19053,65.51724137931035
2024-05-08,62.29999923706055,62.79999923706055,60.20000076293945,61.400001525878906,34281,63.758415379227145
2024-05-09,61.0,61.95000076293945,59.04999923706055,59.75,55055,48.520709524918786
2024-05-10,59.25,61.5,59.25,61.25,18061,56.56565423036538
2024-05-13,58.75,62.0,58.75,60.900001525878906,19419,54.187204337405724
2024-05-14,60.900001525878906,62.25,59.5,60.900001525878906,15696,58.51065254470806
2024-05-15,61.70000076293945,61.70000076293945,60.099998474121094,60.599998474121094,5390,51.72413339512851
2024-05-16,61.5,62.54999923706055,60.650001525878906,61.099998474121094,10135,59.171592290610384
2024-05-17,61.79999923706055,62.0,60.20000076293945,61.400001525878906,11143,54.000013224277126
2024-05-21,61.5,61.79999923706055,60.099998474121094,60.70000076293945,29670,49.390253546968665
2024-05-22,61.349998474121094,61.349998474121094,59.0,60.0,42503,34.01362909755237
2024-05-23,61.150001525878906,61.20000076293945,60.0,60.25,6685,36.42385845919718
2024-05-24,60.20000076293945,60.849998474121094,59.099998474121094,60.400001525878906,22579,40.55946331813148
2024-05-27,60.400001525878906,61.0,59.04999923706055,60.0,39861,39.18921287427805
2024-05-28,59.04999923706055,60.0,59.0,59.150001525878906,23861,33.54040092671002
2024-05-29,59.150001525878906,60.0,57.0,58.20000076293945,18910,31.39536585787785
2024-05-30,58.95000076293945,60.400001525878906,56.599998474121094,59.29999923706055,54656,47.20496658944083
2024-05-31,58.650001525878906,58.650001525878906,56.79999923706055,57.04999923706055,26818,26.136377921763227
2024-06-03,57.04999923706055,58.5,54.79999923706055,55.099998474121094,47346,22.115394490701675
2024-06-04,54.0,55.04999923706055,52.349998474121094,52.45000076293945,32293,17.624535184498257
2024-06-05,54.79999923706055,54.95000076293945,52.45000076293945,54.5,18447,29.391901296275094
2024-06-06,55.5,55.95000076293945,54.0,55.599998474121094,15813,32.14285891219707
2024-06-07,56.95000076293945,56.95000076293945,54.099998474121094,56.45000076293945,27600,34.48275697126924
2024-06-10,59.900001525878906,64.37999725341797,59.099998474121094,61.189998626708984,147353,51.22560759412991
2024-06-11,62.79999923706055,63.0,60.11000061035156,61.349998474121094,38675,53.47043363994744
2024-06-12,61.349998474121094,62.5,61.29999923706055,62.22999954223633,38861,54.93027823165967
2024-06-13,63.0,63.0,61.22999954223633,61.880001068115234,20796,53.648914964771414
2024-06-14,62.29999923706055,63.84000015258789,61.119998931884766,62.18000030517578,45461,55.4013902289273
2024-06-18,63.849998474121094,63.849998474121094,61.099998474121094,61.75,48560,56.57894533629963
2024-06-19,61.0,63.150001525878906,61.0,62.7400016784668,27013,61.46465142714023
2024-06-20,63.29999923706055,64.0,61.689998626708984,62.11000061035156,34256,57.26849886614872
2024-06-21,62.95000076293945,62.95000076293945,56.90999984741211,59.09000015258789,88386,55.074629528340175
2024-06-24,58.599998474121094,63.0,58.11000061035156,61.650001525878906,47801,65.8136246772427
2024-06-25,61.650001525878906,62.900001525878906,60.04999923706055,61.0099983215332,48728,72.88768840417993
2024-06-26,61.040000915527344,61.040000915527344,56.5,58.7599983215332,161567,61.26983364493413
2024-06-27,59.790000915527344,60.47999954223633,56.04999923706055,57.54999923706055,137830,55.12887993821035
2024-06-28,58.20000076293945,58.689998626708984,54.04999923706055,56.380001068115234,92231,49.81893510555245
2024-07-01,57.95000076293945,58.790000915527344,55.52000045776367,57.79999923706055,49545,39.41287027695986
2024-07-02,57.29999923706055,59.400001525878906,57.22999954223633,58.43000030517578,29026,41.14078405901299
2024-07-03,57.599998474121094,59.29999923706055,57.599998474121094,58.88999938964844,18824,39.6014948101357
2024-07-04,58.900001525878906,60.0,58.220001220703125,59.04999923706055,23685,41.083801697311635
2024-07-05,59.0,59.5,57.779998779296875,58.45000076293945,39510,38.46629843951299
2024-07-08,58.310001373291016,58.97999954223633,57.310001373291016,57.79999923706055,40183,37.949969521994554
2024-07-09,57.400001525878906,57.400001525878906,57.0,57.189998626708984,28019,32.66707585504247
2024-07-10,58.0,58.0,57.0099983215332,57.209999084472656,27298,34.090905713078314
2024-07-11,58.0,60.25,57.119998931884766,58.959999084472656,101738,49.53998210089104
2024-07-12,58.959999084472656,69.87999725341797,57.18000030517578,67.61000061035156,1137912,64.7378801302204
2024-07-15,67.55000305175781,72.4000015258789,65.02999877929688,70.43000030517578,704045,71.02679229056416
2024-07-16,70.41999816894531,72.9000015258789,68.05000305175781,70.76000213623047,241683,79.29688496806216
2024-07-18,71.01000213623047,72.19999694824219,67.69999694824219,68.9000015258789,109788,76.85755256762693
2024-07-19,68.9000015258789,68.97000122070312,64.0,64.70999908447266,115716,67.24636889077948
2024-07-22,65.69999694824219,72.0,64.13999938964844,68.76000213623047,362816,70.46302971460007
2024-07-23,69.69999694824219,70.98999786376953,64.12000274658203,66.55999755859375,316469,64.33861254885434
2024-07-24,66.79000091552734,69.38999938964844,66.48999786376953,67.91999816894531,82549,65.43588729681694
2024-07-25,68.3499984741211,70.5,67.5,70.12000274658203,119122,67.68935192979791
2024-07-26,70.75,74.05000305175781,69.0999984741211,69.29000091552734,251692,67.19541897798382
2024-07-29,69.29000091552734,71.9000015258789,68.11000061035156,69.25,195607,68.52150168390807
2024-07-30,69.80000305175781,70.5,66.0999984741211,66.94000244140625,137085,64.94939884922783
2024-07-31,67.75,69.5,67.1500015258789,67.62999725341797,61941,65.65503872237039
2024-08-01,68.6500015258789,68.80000305175781,65.95999908447266,67.05999755859375,84775,62.616814655466435
2024-08-02,67.0,67.70999908447266,65.66000366210938,65.94999694824219,74966,46.6205154808908
2024-08-05,65.5,65.58999633789062,62.18000030517578,63.470001220703125,56115,35.631716471390575
2024-08-06,64.33000183105469,65.5,62.209999084472656,62.90999984741211,58515,33.94683109540438
2024-08-07,64.36000061035156,70.61000061035156,63.0,67.5,79827,47.42457483962277
2024-08-08,69.0,69.0,65.19000244140625,66.36000061035156,28202,53.418982992113236
2024-08-09,68.33000183105469,68.45999908447266,65.5199966430664,66.83999633789062,33273,45.33072464413472
2024-08-12,68.30000305175781,73.16999816894531,66.51000213623047,68.55999755859375,228404,54.98008111933281
2024-08-13,68.30000305175781,79.0,67.91999816894531,77.44999694824219,2201299,67.25824194499043
2024-08-14,78.5,78.9800033569336,73.0,73.5,495306,55.75612898464557
2024-08-16,73.25,74.25,71.25,72.33000183105469,92114,55.11784981437698
2024-08-19,72.87999725341797,77.0,70.5,75.54000091552734,409720,59.56800238793
2024-08-20,76.30000305175781,82.9000015258789,75.5999984741211,81.19999694824219,841646,69.68526095725578
2024-08-21,81.0,81.94999694824219,77.19999694824219,78.69000244140625,221777,64.53734434341442
2024-08-22,79.69999694824219,80.19999694824219,75.30000305175781,76.20999908447266,116085,61.45182192698542
2024-08-23,76.5,77.68000030517578,75.55999755859375,76.8499984741211,65335,63.80446671510729
2024-08-26,76.98999786376953,79.5,74.3499984741211,77.77999877929688,148265,68.86370050119088
2024-08-27,77.5,79.0,75.9000015258789,76.25,136570,67.146537493833
2024-08-28,76.30000305175781,78.08999633789062,75.19999694824219,75.83999633789062,85998,62.010368245884585
2024-08-29,76.0999984741211,77.16000366210938,74.5999984741211,75.31999969482422,50423,63.13783503630005
2024-08-30,75.55000305175781,76.38999938964844,74.20999908447266,74.63999938964844,41906,61.37027088586422
2024-09-02,75.05000305175781,81.87999725341797,71.76000213623047,77.66999816894531,522279,62.79135686298707
2024-09-03,78.0,78.98999786376953,74.98999786376953,77.33999633789062,104316,49.79667160814735
2024-09-04,76.31999969482422,80.6500015258789,75.94999694824219,79.01000213623047,114950,61.12233121309853
2024-09-05,79.6500015258789,79.80000305175781,77.05999755859375,78.58000183105469,56300,63.00457827194046
2024-09-06,79.0999984741211,79.5,77.0,77.51000213623047,57085,54.49977449893105
2024-09-09,76.69999694824219,77.08000183105469,73.70999908447266,75.5999984741211,97783,34.56450852460436
2024-09-10,76.75,79.5,75.05000305175781,78.63999938964844,97241,49.86608726353798
2024-09-11,78.63999938964844,80.9000015258789,76.01000213623047,76.19000244140625,120305,49.94636095617888
2024-09-12,76.9000015258789,77.5,75.25,76.0199966430664,35568,47.71601205922119
2024-09-13,77.1500015258789,77.9000015258789,75.41999816894531,76.27999877929688,47695,45.71428945112876
2024-09-16,75.44000244140625,77.5,74.79000091552734,76.05999755859375,43488,49.413211137490116
2024-09-17,75.01000213623047,76.43000030517578,74.5,74.87999725341797,23028,47.16981641335089
2024-09-18,74.20999908447266,75.27999877929688,73.23999786376953,74.41000366210938,36046,47.309297974354244
2024-09-19,74.0,74.80000305175781,71.0,73.36000061035156,46598,46.29630283726709
2024-09-20,74.56999969482422,75.26000213623047,71.7300033569336,73.02999877929688,37170,34.08781223966945
2024-09-23,74.05999755859375,75.0,72.52999877929688,74.26000213623047,68552,40.051710278526784
2024-09-24,74.87000274658203,77.9000015258789,74.72000122070312,76.88999938964844,171653,43.55230703189354
2024-09-25,78.0,79.38999938964844,76.13999938964844,77.41999816894531,87134,46.49334019701725
2024-09-26,75.61000061035156,81.9000015258789,75.61000061035156,79.80000305175781,407039,56.41456345578395
2024-09-27,78.94999694824219,81.16999816894531,77.0,79.5,128904,62.00738415802605
2024-09-30,79.61000061035156,90.9800033569336,78.05000305175781,86.27999877929688,1441792,69.11910707876066
2024-10-01,87.5,89.45999908447266,81.33000183105469,82.4000015258789,199043,64.50255910639561
2024-10-03,81.51000213623047,83.0,78.5,81.18000030517578,94335,61.48709287545204
2024-10-04,78.69999694824219,80.23999786376953,77.12000274658203,77.48999786376953,53371,52.3368071773458
2024-10-07,76.98999786376953,78.9000015258789,73.61000061035156,73.63999938964844,25952,45.90108770545993
2024-10-08,73.0,76.8499984741211,69.94999694824219,74.7699966430664,15716,49.81336850051726
2024-10-09,78.5,78.5,73.5,75.18000030517578,14630,51.30907233498556
2024-10-10,77.0,77.05999755859375,71.41999816894531,73.12999725341797,30846,49.62182954368411
2024-10-11,72.97000122070312,74.0,69.55000305175781,71.69999694824219,22029,47.88955661875799
2024-10-14,71.6500015258789,72.9000015258789,71.0999984741211,71.2699966430664,18550,45.13187098748839
2024-10-15,72.69999694824219,72.69999694824219,70.5999984741211,71.54000091552734,18043,40.56438115952209
2024-10-16,72.80000305175781,73.69999694824219,70.5,73.08000183105469,12375,42.609002057025016
2024-10-17,72.58000183105469,73.06999969482422,70.05000305175781,71.48999786376953,10354,35.45677137117265
2024-10-18,70.19999694824219,72.5,70.19999694824219,72.05999755859375,19851,37.10124922026244
2024-10-21,71.4000015258789,73.0,69.51000213623047,71.55000305175781,11911,17.36820791428579
2024-10-22,72.79000091552734,72.79000091552734,67.97000122070312,69.08000183105469,17174,18.52553736544455
2024-10-23,66.5999984741211,71.80000305175781,66.5999984741211,69.05000305175781,10675,19.62946450231881
2024-10-24,69.0,69.94999694824219,67.05999755859375,67.5999984741211,12478,22.10943806725568
2024-10-25,67.61000061035156,68.87000274658203,64.22000122070312,65.44999694824219,34565,24.454163227968763
2024-10-28,64.0,67.5,62.900001525878906,66.54000091552734,15014,24.265212487188933
2024-10-29,66.5,68.9000015258789,64.80000305175781,67.47000122070312,19384,26.650542213242957
2024-10-30,69.19999694824219,69.94999694824219,66.0,67.79000091552734,6697,31.935076908146925
2024-10-31,68.0,71.16999816894531,68.0,69.70999908447266,9836,43.48396754187294
2024-11-01,70.75,72.0,69.5,70.87999725341797,7313,48.78201389206582
2024-11-04,73.4000015258789,73.4000015258789,67.33000183105469,68.25,17260,41.04518120951427
2024-11-05,68.25,70.0,67.4800033569336,69.88999938964844,5606,41.364368623239294
2024-11-06,69.9000015258789,70.0,68.02999877929688,69.18000030517578,8218,43.433774759754264
2024-11-07,68.97000122070312,69.87000274658203,68.0999984741211,69.69999694824219,8735,43.272515639394825
2024-11-08,69.5,70.66999816894531,66.20999908447266,67.04000091552734,13710,38.547477591311555
2024-11-11,67.04000091552734,67.44999694824219,65.0,65.2699966430664,11330,39.96838963511081
2024-11-12,64.55000305175781,67.4000015258789,64.55000305175781,65.47000122070312,16194,40.657617049065436
2024-11-13,65.47000122070312,67.0,63.119998931884766,64.41999816894531,10587,41.52452040761134
2024-11-14,65.98999786376953,67.0,63.25,65.95999908447266,19033,51.404964444502355
2024-11-18,65.0,68.0,63.0099983215332,65.73999786376953,6505,47.68517619134241
2024-11-19,66.5999984741211,67.9000015258789,64.4000015258789,64.79000091552734,4821,42.25433232857562
2024-11-21,67.58000183105469,67.58000183105469,62.45000076293945,63.900001525878906,12641,39.115835331406984
2024-11-22,63.900001525878906,67.08999633789062,63.79999923706055,67.08999633789062,15389,43.15568475838447
2024-11-25,67.95999908447266,70.44000244140625,66.0,70.44000244140625,17687,48.96811721784749
2024-11-26,67.4000015258789,73.37000274658203,67.4000015258789,69.56999969482422,12275,53.374231453769816
2024-11-27,71.0,71.0,68.61000061035156,70.69000244140625,2684,52.100847407369415
2024-11-28,70.5,71.5,68.5,70.31999969482422,7484,53.0481247205277
2024-11-29,69.5,73.83000183105469,68.31999969482422,73.83000183105469,36602,59.52051985364519
2024-12-02,75.30999755859375,77.5199966430664,72.01000213623047,75.30000305175781,50783,70.14632418042717
2024-12-03,76.80999755859375,76.80999755859375,74.0,74.16999816894531,7153,72.40682526517493
2024-12-04,77.44999694824219,77.44999694824219,72.25,74.22000122070312,8823,72.1968296436678
2024-12-05,74.98999786376953,76.5,71.1500015258789,72.44999694824219,5268,69.65244655695489
2024-12-06,72.44999694824219,74.5,71.0,73.4800033569336,10121,68.8754855497484
2024-12-09,74.37999725341797,77.1500015258789,74.0,75.05000305175781,109951,71.8852686874194
2024-12-10,76.94000244140625,77.0,75.0,75.95999908447266,23851,76.30707574258031
2024-12-11,74.05000305175781,76.88999938964844,73.80000305175781,75.0999984741211,7328,76.41505291985908
2024-12-12,75.0999984741211,76.80000305175781,71.55000305175781,72.26000213623047,35690,62.39807820027041
2024-12-13,72.88999938964844,73.87999725341797,71.5,72.51000213623047,6421,55.830977536942335
2024-12-16,71.01000213623047,75.98999786376953,71.01000213623047,72.62000274658203,6029,58.97586617546418
2024-12-17,72.48999786376953,74.80000305175781,69.19999694824219,71.94999694824219,23096,53.80892591748642
2024-12-18,71.88999938964844,71.88999938964844,70.0199966430664,70.93000030517578,31364,51.77428732474381
2024-12-19,70.69999694824219,71.98999786376953,69.33999633789062,70.94000244140625,7440,39.444866131885256
2024-12-20,70.94000244140625,72.4000015258789,67.5,67.83999633789062,35727,25.652755492209764
2024-12-23,67.83000183105469,68.20999908447266,66.0999984741211,66.83000183105469,10621,25.85529459477908
2024-12-24,67.97000122070312,67.97000122070312,67.0,67.5,6392,28.761067921834908
2024-12-26,68.4000015258789,68.4000015258789,65.25,66.19000244140625,3668,29.622414524459273
2024-12-27,67.9000015258789,67.9000015258789,65.0999984741211,66.91999816894531,10310,28.220419738563876
2024-12-30,69.36000061035156,69.36000061035156,66.25,66.69999694824219,25020,19.54773410736584
2024-12-31,66.69999694824219,68.0,66.0,66.63999938964844,15686,13.763589495635046
2025-01-01,68.0,69.97000122070312,67.0,69.18000030517578,42891,29.64236278364936
2025-01-02,69.9000015258789,72.3499984741211,69.0,70.83000183105469,31570,44.64419300141558
2025-01-03,73.5,73.5,70.83000183105469,72.05000305175781,28010,48.39385791104829
2025-01-06,76.0,78.69999694824219,70.0,71.3499984741211,189639,45.74110006529246
2025-01-07,72.0,73.66000366210938,69.0999984741211,70.94000244140625,156632,46.55291833576017
2025-01-08,72.88999938964844,72.88999938964844,69.31999969482422,70.0199966430664,15883,46.87284030500792
2025-01-09,70.98999786376953,71.5,67.6500015258789,68.77999877929688,21845,43.15588140303512
2025-01-10,72.61000061035156,72.69000244140625,66.0999984741211,66.36000061035156,17413,45.09934892425471
2025-01-13,66.0,67.68000030517578,62.099998474121094,65.44000244140625,29951,45.36975383630088
2025-01-14,70.66000366210938,71.19999694824219,65.0,67.16999816894531,7860,48.97323586187513
2025-01-15,67.97000122070312,73.5,67.25,68.80999755859375,74646,57.98779296420696
2025-01-16,70.19999694824219,71.80000305175781,68.47000122070312,71.16000366210938,63947,61.76471833484482
2025-01-17,71.16000366210938,71.16000366210938,68.20999908447266,70.4800033569336,24054,60.22728820899583
2025-01-20,70.47000122070312,72.94999694824219,69.55000305175781,70.75,9895,60.9951847872587
2025-01-21,69.80999755859375,70.83999633789062,66.5999984741211,67.16999816894531,28932,44.90622961418781
2025-01-22,68.9000015258789,68.9000015258789,66.6500015258789,67.05000305175781,12733,39.615386227682976
2025-01-23,66.73999786376953,68.69999694824219,66.01000213623047,66.61000061035156,5604,34.385754841512664
2025-01-24,68.01000213623047,68.19000244140625,65.4000015258789,65.83000183105469,13548,34.22857414401426
2025-01-27,64.5999984741211,67.1500015258789,64.5999984741211,65.33999633789062,20736,34.0727943110241
2025-01-28,62.29999923706055,69.80000305175781,62.29999923706055,65.33000183105469,10941,35.932821014851925
2025-01-29,64.4800033569336,70.83999633789062,64.4800033569336,66.0,51075,41.366458508864795
2025-01-30,65.0999984741211,68.77999877929688,65.0999984741211,66.48999786376953,5351,50.458706211042006
2025-01-31,66.55000305175781,66.98999786376953,66.01000213623047,66.25,6848,53.002216993937196
2025-02-01,66.33999633789062,67.77999877929688,66.13999938964844,66.5,12359,47.210664132427546
2025-02-03,66.5199966430664,66.5199966430664,65.5199966430664,66.2300033569336,4967,37.87595770845508
2025-02-04,66.08999633789062,67.18000030517578,65.20999908447266,65.79000091552734,6912,19.243928592964693
2025-02-05,66.0,73.5,65.5,66.94000244140625,40213,30.760842252962817
2025-02-06,67.19999694824219,67.9000015258789,65.5999984741211,66.19999694824219,6863,26.47360954850072
2025-02-07,66.80000305175781,68.69999694824219,65.94999694824219,67.77999877929688,5845,53.976536870773735
2025-02-10,65.69999694824219,67.80000305175781,64.5,65.11000061035156,9522,40.50879545162726
2025-02-11,65.58999633789062,65.58999633789062,63.20000076293945,64.06999969482422,10347,38.26247233286725
2025-02-12,65.20999908447266,65.62999725341797,58.5099983215332,62.47999954223633,44320,35.59758391595203
2025-02-13,62.0,64.0,59.650001525878906,59.9900016784668,35787,30.37418475849988
2025-02-14,61.900001525878906,61.900001525878906,57.40999984741211,58.06999969482422,15572,26.640921143780687
2025-02-17,57.0,60.0,56.5,59.02000045776367,47083,27.93932366059427
2025-02-18,58.20000076293945,59.97999954223633,57.79999923706055,59.45000076293945,20891,27.664992250793986
2025-02-19,60.5,61.0,58.900001525878906,59.66999816894531,8266,29.097841376509038
2025-02-20,61.2400016784668,62.54999923706055,60.540000915527344,62.31999969482422,11951,38.47850416819654
2025-02-21,63.849998474121094,63.849998474121094,60.04999923706055,61.08000183105469,5855,36.525381200078094
2025-02-24,60.04999923706055,61.290000915527344,58.099998474121094,59.04999923706055,11429,33.71980930944241
2025-02-25,59.2400016784668,65.58000183105469,59.2400016784668,62.66999816894531,57919,40.78549157556342
2025-02-27,65.8499984741211,65.8499984741211,59.29999923706055,59.7400016784668,11719,37.263414656893055
2025-02-28,60.790000915527344,60.9900016784668,57.5,59.29999923706055,12482,32.493805841338514
2025-03-03,61.88999938964844,61.88999938964844,54.9900016784668,59.130001068115234,23999,36.233885229234005
2025-03-04,58.97999954223633,60.22999954223633,56.2599983215332,57.5099983215332,63494,35.29147623828413
2025-03-05,61.0099983215332,61.29999923706055,56.709999084472656,59.470001220703125,87627,43.361274684261055
2025-03-06,59.970001220703125,61.790000915527344,58.40999984741211,59.83000183105469,87177,49.61051652734854
2025-03-07,63.0,63.0,59.939998626708984,60.81999969482422,13432,57.01172849160533
2025-03-10,59.5,60.400001525878906,56.79999923706055,57.90999984741211,32394,47.42698046811306
2025-03-11,57.209999084472656,59.849998474121094,56.209999084472656,58.2400016784668,24590,47.18211687080419
2025-03-12,59.099998474121094,59.4900016784668,57.0,57.5,9038,45.06594445913192
2025-03-13,58.29999923706055,61.63999938964844,56.560001373291016,57.060001373291016,46099,36.7037471392185
2025-03-17,57.88999938964844,59.939998626708984,55.29999923706055,56.900001525878906,168008,38.82353133171253
2025-03-18,56.900001525878906,56.900001525878906,56.900001525878906,56.900001525878906,0,43.55129737449545
2025-03-19,58.29999923706055,60.04999923706055,56.849998474121094,57.970001220703125,207086,33.35695455378047
2025-03-20,58.11000061035156,60.0,56.400001525878906,57.060001373291016,52324,38.92562415982123
2025-03-21,56.95000076293945,63.0,56.95000076293945,60.83000183105469,157981,54.95788135281046
2025-03-24,59.650001525878906,69.94000244140625,59.650001525878906,68.43000030517578,217485,70.34120174287911
2025-03-25,68.38999938964844,72.13999938964844,63.150001525878906,70.56999969482422,170789,77.92985623747843
2025-03-26,70.3499984741211,71.98999786376953,62.20000076293945,64.27999877929688,119930,58.679173073825616
2025-03-27,65.25,68.66000366210938,63.83000183105469,68.1500015258789,46766,63.324790790377875
2025-03-28,69.30000305175781,69.5,65.62000274658203,66.98999786376953,33831,59.827965577074
2025-04-01,66.0,71.0,66.0,67.08000183105469,10446,66.04829962973284
2025-04-02,68.52999877929688,68.9000015258789,68.0,68.05000305175781,12433,66.79219075203315
2025-04-03,68.0,70.55000305175781,67.9800033569336,69.37000274658203,22984,69.92279177879833
2025-04-04,67.6500015258789,71.51000213623047,67.4000015258789,67.94999694824219,13104,67.69579137571401
2025-04-07,63.400001525878906,70.9000015258789,63.400001525878906,65.73999786376953,11309,63.46738621293254
2025-04-08,68.94999694824219,68.94999694824219,66.0199966430664,66.70999908447266,6821,64.51611847118657
2025-04-09,69.3499984741211,69.3499984741211,64.61000061035156,65.22000122070312,7660,60.59631242368658
2025-04-11,64.62000274658203,66.38999938964844,64.0,64.4800033569336,8129,60.89894137706711
2025-04-15,64.11000061035156,67.48999786376953,64.11000061035156,65.02999877929688,18778,56.813750730263095
2025-04-16,65.95999908447266,66.33000183105469,65.5,65.8499984741211,7003,44.63394152661464
2025-04-17,65.87999725341797,67.5,65.0,66.02999877929688,17468,39.71920523027942
2025-04-21,64.5,68.98999786376953,64.5,67.47000122070312,25126,59.257110874559196
2025-04-22,68.81999969482422,68.81999969482422,66.0,66.86000061035156,11159,45.38296314136434
2025-04-23,67.94000244140625,67.9800033569336,65.80999755859375,66.80000305175781,8921,49.26186957472804
2025-04-24,66.11000061035156,70.0,65.30000305175781,68.27999877929688,30919,54.20756455294192
2025-04-25,68.27999877929688,78.48999786376953,68.18000030517578,74.16999816894531,1090989,65.95411223726711
2025-04-28,74.5999984741211,80.94999694824219,74.20999908447266,79.04000091552734,390313,71.2714473967749
2025-04-29,77.47000122070312,82.7300033569336,75.95999908447266,81.36000061035156,312404,78.37496730949913
2025-04-30,81.0,83.37999725341797,79.05000305175781,81.22000122070312,112834,85.89983902536208
2025-05-02,80.0,83.30000305175781,80.0,81.19999694824219,72248,85.15284521726383
2025-05-05,81.88999938964844,83.73999786376953,74.05000305175781,75.08999633789062,209025,69.56004119813265
2025-05-06,75.5999984741211,78.9000015258789,73.19999694824219,74.33000183105469,115809,69.50495336701145
2025-05-07,74.19999694824219,77.0,72.5,76.41000366210938,48365,71.24720948757133
2025-05-08,76.58999633789062,76.5999984741211,71.19999694824219,72.4800033569336,28007,61.09067416894732
2025-05-09,69.19999694824219,73.4000015258789,69.19999694824219,73.33999633789062,34100,61.956165286121085
2025-05-12,77.0,79.41000366210938,74.8499984741211,75.05999755859375,74033,62.30145638631209
2025-05-13,75.43000030517578,76.8499984741211,75.29000091552734,76.51000213623047,13313,65.22562812509705
2025-05-14,76.83999633789062,76.83999633789062,74.25,74.77999877929688,40372,61.960425032280845
2025-05-15,75.5999984741211,79.5,75.0,76.20999908447266,87422,61.90333093678919
2025-05-16,76.20999908447266,77.5199966430664,73.5,74.83000183105469,22081,51.14583956974458
2025-05-19,73.5999984741211,76.0999984741211,73.01000213623047,73.63999938964844,42805,39.251590494723054
2025-05-20,73.6500015258789,75.25,72.0,73.48999786376953,19204,32.85402793720827
2025-05-21,74.5999984741211,75.61000061035156,72.38999938964844,74.05999755859375,19677,34.687762688679
2025-05-22,74.0,74.04000091552734,71.9000015258789,73.20999908447266,38481,33.49855810425453
2025-05-23,74.0999984741211,74.0999984741211,72.05000305175781,72.33000183105469,14324,42.729201453846166
2025-05-26,72.0,73.9000015258789,72.0,72.55999755859375,11632,45.203239660618
2025-05-27,72.62999725341797,73.98999786376953,71.19000244140625,72.5,19859,38.10101824368753
2025-05-28,72.73999786376953,74.05000305175781,71.5199966430664,72.93000030517578,23257,51.74012839576105
2025-05-29,71.70999908447266,73.44000244140625,71.70999908447266,72.02999877929688,10061,44.94989423554297
2025-05-30,72.9800033569336,72.9800033569336,71.26000213623047,71.9000015258789,26448,36.11600705015221
2025-06-02,71.05000305175781,75.0,70.98999786376953,72.44000244140625,13538,30.563504364497277
2025-06-03,72.93000030517578,73.12999725341797,71.25,71.44999694824219,26904,32.88795841076427
2025-06-04,72.16000366210938,73.30999755859375,69.63999938964844,70.88999938964844,29065,19.977404574368137
2025-06-05,72.19000244140625,72.19000244140625,70.05000305175781,70.55000305175781,9332,22.634251138068763
2025-06-06,72.0,72.0,70.25,70.95999908447266,21443,30.96586814341991
2025-06-09,73.98999786376953,77.69999694824219,71.5,74.91000366210938,95258,56.54984906592607
2025-06-10,74.75,75.80000305175781,73.0,73.48999786376953,27323,47.562019042820566
2025-06-11,73.3499984741211,74.5999984741211,71.26000213623047,72.05999755859375,23326,45.313765931106616
2025-06-12,73.0199966430664,73.27999877929688,71.26000213623047,71.72000122070312,16767,47.399825948276195
2025-06-13,72.75,72.75,71.0,71.94000244140625,11962,47.35496991206668
2025-06-16,72.29000091552734,74.38999938964844,71.02999877929688,72.44000244140625,24031,49.7532995866576
2025-06-17,73.75,73.75,70.5199966430664,71.58000183105469,6678,44.63860981446457
2025-06-18,72.69999694824219,73.0999984741211,71.55000305175781,71.95999908447266,9476,49.71002611187208
2025-06-19,72.27999877929688,72.27999877929688,67.72000122070312,71.19000244140625,32655,47.20692708255173
2025-06-20,70.0999984741211,71.55999755859375,69.5999984741211,70.0199966430664,8137,40.92951619701677
2025-06-23,70.0199966430664,71.29000091552734,69.36000061035156,70.25,18002,45.23053746590122
2025-06-24,69.6500015258789,72.5999984741211,69.6500015258789,70.18000030517578,24512,47.06369374901004
2025-06-25,71.19999694824219,72.80000305175781,70.43000030517578,71.54000091552734,21761,53.77573318668145
2025-06-26,72.9000015258789,72.9000015258789,70.80000305175781,71.48999786376953,14527,52.07842409808697
2025-06-27,70.6500015258789,71.88999938964844,70.0999984741211,71.27999877929688,16569,29.85571060831866
2025-06-30,70.04000091552734,72.79000091552734,70.04000091552734,71.16000366210938,18395,34.88978937525047
2025-07-01,71.0,71.98999786376953,70.51000213623047,71.3499984741211,4920,44.51313919826422
2025-07-02,71.9000015258789,72.98999786376953,71.18000030517578,72.22000122070312,19159,53.57142857142857
2025-07-03,73.29000091552734,73.29000091552734,70.80999755859375,71.41999816894531,19117,46.56989349045722
2025-07-04,71.41999816894531,72.5,70.80999755859375,71.87000274658203,10653,46.215144689875
2025-07-07,72.5,79.5,71.76000213623047,75.3499984741211,341846,68.57140924291613
2025-07-08,75.72000122070312,76.97000122070312,73.0,74.25,46431,60.53358020653405
2025-07-09,75.55000305175781,75.55000305175781,73.26000213623047,73.8499984741211,14832,62.66663857113897
2025-07-10,73.0,74.58000183105469,72.5199966430664,73.88999938964844,16683,70.65102247698765
2025-07-11,74.41999816894531,75.0,71.48999786376953,73.05000305175781,19972,64.02807740704444
2025-07-14,73.16000366210938,75.19000244140625,73.16000366210938,74.72000122070312,18486,69.60277715370734
2025-07-15,75.44999694824219,79.0,74.61000061035156,78.51000213623047,53306,74.87510333177588
2025-07-16,78.51000213623047,80.4000015258789,75.5999984741211,76.7699966430664,35366,66.81528600516077
2025-07-17,77.13999938964844,77.13999938964844,73.5999984741211,74.29000091552734,7912,58.375078491086086
2025-07-18,74.29000091552734,76.43000030517578,73.6500015258789,75.41000366210938,15742,61.20189701243064
2025-07-21,75.91999816894531,76.05000305175781,72.5,73.01000213623047,19251,53.91879848968304
2025-07-22,73.30000305175781,76.75,72.95999908447266,74.98999786376953,27567,56.213540891191286
2025-07-23,74.94000244140625,75.5,73.5,73.61000061035156,13371,54.78793814818175
2025-07-24,75.0199966430664,75.0199966430664,73.01000213623047,73.61000061035156,13002,53.88046074484293
2025-07-25,74.9800033569336,74.9800033569336,72.20999908447266,73.4000015258789,14250,44.90862253329445
2025-07-28,74.5,74.5999984741211,72.0,72.0999984741211,16277,44.44444006351126
2025-07-29,71.0,74.5,71.0,73.83999633789062,5296,49.97582856757252
2025-07-30,74.01000213623047,74.45999908447266,72.5,72.73999786376953,8963,47.35631740397044
2025-07-31,73.54000091552734,75.45999908447266,72.0199966430664,73.43000030517578,11254,50.879623333939676
2025-08-01,74.5,74.5,72.0,72.48999786376953,8920,44.657395631395374
2025-08-04,73.5999984741211,74.98999786376953,71.5,73.7699966430664,22853,37.091488737501464
2025-08-05,73.62000274658203,73.9800033569336,71.5,72.5999984741211,10714,38.279933269576325
2025-08-06,71.5,74.58999633789062,71.5,73.38999938964844,13874,47.204963940445225
2025-08-07,73.38999938964844,74.33999633789062,70.83999633789062,73.8499984741211,20453,44.94816803055317
2025-08-08,73.8499984741211,73.8499984741211,72.55000305175781,73.62000274658203,4026,52.29842168566639
2025-08-11,72.25,73.9800033569336,72.25,73.2300033569336,9270,42.46577221539989
2025-08-12,72.0999984741211,74.0,72.0999984741211,73.76000213623047,3983,50.69252819108579
2025-08-13,74.5,77.0,73.0,75.7300033569336,54341,58.28126369044675
2025-08-14,77.44999694824219,80.3499984741211,75.51000213623047,76.70999908447266,267890,62.19601876933353
2025-08-18,78.19999694824219,84.94999694824219,77.19000244140625,82.63999938964844,386117,78.95606346486221
2025-08-19,82.0,86.9800033569336,80.91999816894531,85.91000366210938,155431,80.58796233638174
2025-08-20,86.30000305175781,89.0,86.01000213623047,86.58999633789062,135734,85.86226229247819
2025-08-21,86.16000366210938,91.0,84.51000213623047,89.9000015258789,213143,87.55131491423626
2025-08-22,90.9000015258789,104.9000015258789,88.30999755859375,97.83000183105469,1267152,93.81053294715007
2025-08-25,99.63999938964844,107.0,98.80000305175781,101.93000030517578,585710,94.3604478989593
2025-08-26,101.5,109.5,100.0999984741211,103.52999877929688,614232,98.07275318770996
2025-08-28,104.0,111.1500015258789,102.61000061035156,109.22000122070312,322665,98.327501349088
2025-08-29,111.19999694824219,118.98999786376953,107.9000015258789,116.83999633789062,840230,98.59824715346575
2025-09-01,116.98999786376953,128.52000427246094,107.45999908447266,128.52000427246094,908471,99.2995700655336
2025-09-02,126.69999694824219,134.94000244140625,122.08999633789062,134.47999572753906,225378,
2025-09-03,133.0,139.1999969482422,127.75,130.3000030517578,127413,93.55933195643696
2025-09-04,129.5,132.6999969482422,123.77999877929688,126.18000030517578,95070,87.62118279873324
2025-09-05,129.0,129.0,121.1500015258789,121.58000183105469,47606,81.74615024284624
2025-09-08,117.5,127.6500015258789,117.5,127.16999816894531,50699,81.65790365503719
2025-09-09,122.5,131.0,122.5,126.63999938964844,47254,80.13020204863805
2025-09-10,129.6999969482422,129.6999969482422,120.4000015258789,121.38999938964844,64237,74.11308802965145
2025-09-11,121.0,122.88999938964844,115.31999969482422,120.9000015258789,52253,72.35362594390952
2025-09-12,119.69000244140625,123.0,116.0,120.80999755859375,48931,68.68292799115139
2025-09-15,120.0,126.0,120.0,124.22000122070312,31492,68.32758148906083
2025-09-16,126.80000305175781,127.75,121.0999984741211,122.37000274658203,12315,65.42745420457052
2025-09-17,125.75,127.0,120.0999984741211,123.55999755859375,15276,62.67680412440665
2025-09-18,123.55999755859375,124.05000305175781,118.5,120.48999786376953,26627,53.50894294059324
2025-09-19,118.5,123.94999694824219,118.5,120.77999877929688,14886,40.47266207400178
2025-09-22,119.56999969482422,123.0,117.0999984741211,122.63999938964844,27217,33.78970440892229
2025-09-23,125.0,125.75,117.5,120.93000030517578,23311,36.240816437191036
2025-09-24,123.3499984741211,123.6500015258789,119.0,120.44000244140625,14115,40.56541806561934
2025-09-25,121.0,122.8499984741211,117.5,119.12000274658203,18854,45.46794430484079
2025-09-26,119.12000274658203,121.5,113.16000366210938,118.19000244140625,36549,30.02669609821558
2025-09-29,118.1500015258789,119.9000015258789,115.0,117.31999969482422,28514,29.579316784701632
2025-09-30,115.0,122.0,115.0,118.48999786376953,15852,42.26253506814549
2025-10-01,121.0,123.5,118.5999984741211,122.88999938964844,48150,54.39293097065765
2025-10-03,123.0,125.0,120.30000305175781,121.33999633789062,55189,51.09912643276608
2025-10-06,121.94000244140625,124.9000015258789,116.81999969482422,122.13999938964844,70635,45.1627864394077
2025-10-07,124.0,124.5,120.05000305175781,122.2699966430664,5858,49.747203969445394
2025-10-08,122.2699966430664,123.9000015258789,120.0,120.22000122070312,10469,41.908923360807535
2025-10-09,120.0,123.5,118.9000015258789,121.13999938964844,9394,51.7577111978811
2025-10-10,116.6500015258789,122.9000015258789,116.6500015258789,119.83000183105469,6090,47.565358237519426
2025-10-13,119.75,124.0,119.75,122.52999877929688,26303,49.72972810850166
2025-10-14,121.30000305175781,126.0,120.0,124.1500015258789,25305,57.94669815832542
2025-10-15,126.0,127.0,120.41000366210938,122.37999725341797,19076,54.50323753378592
2025-10-16,122.0,125.0,119.19999694824219,121.79000091552734,18728,56.415181360371434
2025-10-17,122.38999938964844,122.38999938964844,119.36000061035156,119.4000015258789,11357,52.716657536743234
2025-10-20,116.5999984741211,120.0,113.43000030517578,117.05000305175781,39923,49.431585832001
2025-10-21,115.0,118.0,114.0,117.61000061035156,29618,48.09853594042872
2025-10-23,117.5999984741211,119.0,114.05000305175781,118.11000061035156,25733,37.577959445226945
2025-10-24,119.80000305175781,120.26000213623047,116.0999984741211,117.9800033569336,20175,40.57240203262318
2025-10-27,118.0,121.44999694824219,116.25,120.26000213623047,10973,45.12953578841967
2025-10-28,118.0999984741211,120.8499984741211,117.4000015258789,120.08999633789062,6952,44.364008330009774
2025-10-29,121.0,121.19999694824219,118.5,119.45999908447266,6272,47.87945720575832
2025-10-30,120.0,121.9800033569336,119.45999908447266,121.31999969482422,12603,50.47720141083172
2025-10-31,119.0,127.0,119.0,125.02999877929688,34686,62.229535023092744
2025-11-03,127.0,131.27999877929688,125.02999877929688,131.1699981689453,81699,67.4898794679068
2025-11-04,133.0,133.0,124.69999694824219,125.16999816894531,61153,51.753777246297
2025-11-06,125.16999816894531,128.0,120.5999984741211,123.2300033569336,23598,51.45300264433648
2025-11-07,125.0,125.0,117.1500015258789,121.2300033569336,7975,49.08676162686822
2025-11-10,121.19999694824219,123.0,117.0,117.41000366210938,13322,46.89934782799929
2025-11-11,116.23999786376953,118.58999633789062,115.0,117.58999633789062,12569,50.90239571284901
2025-11-12,117.6500015258789,118.5,117.5,117.70999908447266,5049,50.16960399337371
2025-11-13,116.1500015258789,117.70999908447266,114.01000213623047,114.91999816894531,21845,44.97953486853038
2025-11-14,113.5999984741211,115.87000274658203,109.16999816894531,110.7300033569336,33837,39.8827760019147
2025-11-17,107.95999908447266,110.0,106.0,106.2699966430664,17287,31.596938285997354
2025-11-18,106.0,107.80000305175781,102.11000061035156,103.75,21933,29.757182521799365
2025-11-19,105.77999877929688,106.5999984741211,104.0199966430664,105.20999908447266,3795,32.70210678043895
2025-11-20,105.20999908447266,107.5,104.0999984741211,105.33000183105469,6171,29.73383752460215
2025-11-21,105.33000183105469,107.4800033569336,105.0,105.5999984741211,2512,23.02137269404591
2025-11-24,106.0,107.98999786376953,105.0,105.0,4450,7.056103994178926
2025-11-25,105.0999984741211,108.45999908447266,105.0999984741211,107.48999786376953,4472,17.210662255047765
2025-11-26,107.48999786376953,109.25,105.5,106.0199966430664,4942,17.516019142327863
2025-11-27,106.0199966430664,107.1500015258789,105.0,106.37000274658203,2656,20.088561189350287
2025-11-28,107.0,107.4000015258789,105.3499984741211,105.6500015258789,3732,22.953074305888208
2025-12-01,103.61000061035156,107.44999694824219,103.38999938964844,105.11000061035156,6949,21.764723346493156
2025-12-02,105.25,107.20999908447266,105.25,106.66999816894531,4353,26.550551218871902
2025-12-03,106.66999816894531,109.4000015258789,105.19999694824219,105.58999633789062,8328,28.630322839043203
2025-12-04,103.4000015258789,108.83999633789062,103.4000015258789,105.52999877929688,6374,35.31072533109193
2025-12-05,106.30999755859375,107.0,105.0999984741211,105.70999908447266,1703,47.91357065945948
2025-12-08,107.97000122070312,107.9800033569336,102.5999984741211,105.12000274658203,13974,55.96171889161942
2025-12-09,107.33999633789062,115.0,101.5,112.68000030517578,26126,71.23366337664321
2025-12-10,117.0,117.0,111.13999938964844,112.76000213623047,15615,71.16809755889741
2025-12-11,114.88999938964844,121.0,110.55999755859375,118.2699966430664,41491,77.79728368032191
2025-12-12,120.01000213623047,130.08999633789062,112.61000061035156,129.33999633789062,139352,86.59049963596358
2025-12-15,130.0,136.0,127.0,131.50999450683594,150860,86.4602313694163
2025-12-16,132.16000366210938,134.5,127.11000061035156,129.39999389648438,42731,84.81239024791446
2025-12-17,129.50999450683594,135.0,129.39999389648438,133.14999389648438,91309,86.20876118027473
2025-12-18,135.0,138.0,126.5,127.06999969482422,64060,75.295238239393
2025-12-19,127.06999969482422,128.88999938964844,120.72000122070312,125.30000305175781,76035,73.16962725388579
2025-12-22,125.0,131.0,123.25,124.7300033569336,23674,71.20715608175747
2025-12-23,125.0,127.5,125.0,126.63999938964844,9240,74.24558405239381
2025-12-24,128.1300048828125,130.2100067138672,125.58999633789062,127.43000030517578,32247,74.80744583671462
2025-12-26,128.6999969482422,130.0,125.0,128.16000366210938,14350,75.11749255881884
2025-12-29,127.0999984741211,131.41000366210938,121.76000213623047,121.93000030517578,33891,66.6997834724805
2025-12-30,120.05000305175781,120.05000305175781,116.30000305175781,117.94000244140625,17066,55.62446921768499
2025-12-31,117.94000244140625,120.0,117.48999786376953,119.23999786376953,4759,56.75281196889979
2026-01-01,119.58000183105469,120.9800033569336,116.5,120.44999694824219,7395,52.49542244904697
2026-01-02,121.55000305175781,122.9000015258789,120.83000183105469,121.69999694824219,4476,38.71824764493603
2026-01-05,122.0,125.5999984741211,116.19999694824219,118.51000213623047,5355,31.364680215994213
2026-01-06,118.51000213623047,120.69999694824219,118.51000213623047,120.5199966430664,3993,37.23403765255783
2026-01-07,119.4000015258789,121.58999633789062,116.3499984741211,118.0199966430664,6725,27.438102993942223
2026-01-08,119.5,119.5,115.0,115.4800033569336,2792,30.676882279285437
2026-01-09,114.93000030517578,115.0,111.0,111.58000183105469,11405,28.64257499352736
2026-01-12,110.0999984741211,112.5,109.0,110.1500015258789,28752,27.895678493700316
2026-01-13,110.1500015258789,113.4800033569336,106.1500015258789,107.93000030517578,63701,21.898457275715984
2026-01-14,108.16999816894531,110.77999877929688,107.27999877929688,108.12999725341797,66471,20.489275445094933
2026-01-16,112.9000015258789,112.9000015258789,108.55000305175781,110.0199966430664,63543,23.213202962081695
2026-01-19,107.5,110.6500015258789,107.13999938964844,108.4000015258789,79523,26.871772827954757
2026-01-20,110.56999969482422,111.58999633789062,106.55000305175781,108.54000091552734,97040,31.496038867904687
2026-01-21,106.94999694824219,111.98999786376953,104.5,110.83999633789062,92137,34.09088873007143
2026-01-22,108.0,116.37999725341797,108.0,116.37000274658203,40840,43.35937975362899
2026-01-23,121.44999694824219,122.18000030517578,119.56999969482422,122.16999816894531,26863,50.66629085687661
2026-01-27,125.88999938964844,128.27000427246094,123.0199966430664,128.27000427246094,36199,62.78156883033423
2026-01-28,130.3300018310547,134.67999267578125,123.48999786376953,134.64999389648438,84798,66.60399981280631
2026-01-29,135.0,141.3800048828125,134.35000610351562,141.3800048828125,47690,74.96794854544865
2026-01-30,145.10000610351562,147.0,134.32000732421875,135.27000427246094,128210,69.65243447395437
2026-02-02,127.0,127.9800033569336,122.08999633789062,122.08999633789062,14124,58.81267285445527
2026-02-03,120.30999755859375,124.80000305175781,116.0,117.83000183105469,20364,56.14793501260633
2026-02-04,119.66000366210938,123.72000122070312,118.22000122070312,123.6500015258789,16272,61.89827565975902
2026-02-05,128.0,128.0,119.5,120.66000366210938,13022,59.09949650427451
2026-02-06,123.06999969482422,124.0,119.5999984741211,122.18000030517578,3598,58.878507900679715
2026-02-09,117.30000305175781,123.94000244140625,117.30000305175781,122.81999969482422,4670,60.68148012514468
2026-02-10,125.29000091552734,127.98999786376953,119.5,120.1500015258789,10578,58.28930516402055
2026-02-11,120.1500015258789,124.0,118.2300033569336,122.83000183105469,9335,58.51441902396633
2026-02-12,122.0999984741211,122.69999694824219,117.6500015258789,118.87000274658203,10701,51.815804861267814
2026-02-13,121.2699966430664,121.2699966430664,112.93000030517578,113.08000183105469,32120,43.39677749813062
2026-02-16,115.5999984741211,118.7300033569336,108.9000015258789,118.7300033569336,45176,43.02427515449302
2026-02-17,119.98999786376953,124.66000366210938,119.02999877929688,124.0,57754,42.08414358549084
2026-02-18,126.0,130.1999969482422,121.0,130.1999969482422,41562,41.62420619533447
2026-02-19,134.0,136.7100067138672,123.69000244140625,123.69000244140625,147793,41.376225373776784
2026-02-20,117.55000305175781,119.9800033569336,117.51000213623047,117.51000213623047,44977,46.19222149051837
2026-02-23,117.0,120.3499984741211,111.63999938964844,111.97000122070312,76783,45.22956509209435
2026-02-24,111.63999938964844,113.75,107.0,108.20999908447266,55806,36.99460389860101
2026-02-25,107.5,111.98999786376953,106.80999755859375,109.83000183105469,37975,40.66217998374922
2026-02-26,110.5199966430664,110.5199966430664,106.01000213623047,107.98999786376953,14898,37.832273164522775
2026-02-27,107.9800033569336,113.37999725341797,107.12000274658203,110.19000244140625,32250,39.45214909469917
2026-03-02,109.4800033569336,110.08000183105469,106.22000122070312,107.66000366210938,18550,39.54461982102026
2026-03-04,107.66000366210938,109.58999633789062,105.41000366210938,108.86000061035156,7908,38.008582643173284
