Date,Open,High,Low,Close,Volume,RSI
2021-02-19,25.299999237060547,25.5,24.049999237060547,24.149999618530277,80998,
2021-02-22,24.350000381469727,24.399999618530277,23.649999618530277,23.899999618530277,41026,0.0
2021-02-23,24.100000381469727,24.75,24.0,24.100000381469727,32380,44.444538634340255
2021-02-24,24.5,24.799999237060547,23.549999237060547,24.649999618530277,54157,75.0
2021-02-25,24.950000762939453,25.850000381469727,24.200000762939453,25.850000381469727,251171,88.63636757716522
2021-02-26,25.850000381469727,27.100000381469727,25.850000381469727,27.0,335781,92.53731428262348
2021-03-01,27.649999618530277,28.350000381469727,27.5,28.350000381469727,254874,94.68085192727402
2021-03-02,28.950000762939453,29.75,28.0,28.350000381469727,311919,94.68085192727402
2021-03-03,28.350000381469727,28.950000762939453,27.0,28.149999618530277,215910,90.81631382025469
2021-03-04,27.049999237060547,29.549999237060547,26.799999237060547,29.549999237060547,283614,92.85713204451089
2021-03-05,31.0,31.0,31.0,31.0,253736,94.19353997174176
2021-03-08,32.54999923706055,32.54999923706055,32.54999923706055,32.54999923706055,187684,95.1612827143578
2021-03-09,34.0,34.0,30.950000762939453,30.950000762939453,779208,81.19266689169883
2021-03-10,29.450000762939453,30.700000762939453,29.450000762939453,29.5,249728,71.65991990371519
2021-03-12,29.950000762939453,30.600000381469727,29.049999237060547,29.649999618530277,190575,72.00000000000001
2021-03-15,30.25,30.25,28.299999237060547,28.850000381469727,71961,68.96552127329632
2021-03-16,29.25,29.299999237060547,28.100000381469727,28.200000762939453,65862,65.18518874347669
2021-03-17,28.200000762939453,28.5,26.799999237060547,26.950000762939453,54363,58.098596231589205
2021-03-18,27.5,27.5,25.649999618530277,25.649999618530277,88445,49.30069659576933
2021-03-19,25.950000762939453,26.450000762939453,24.399999618530277,26.100000381469727,77363,46.691177965860426
2021-03-22,26.100000381469727,27.399999618530277,26.100000381469727,27.399999618530277,87784,46.49446193199367
2021-03-23,28.0,28.5,27.049999237060547,28.049999237060547,95270,48.94365785708827
2021-03-24,27.0,27.899999618530277,27.0,27.049999237060547,45482,46.333331595526566
2021-03-25,27.549999237060547,27.549999237060547,25.700000762939453,25.799999237060547,44515,37.373736076353545
2021-03-26,26.25,26.450000762939453,24.600000381469727,25.399999618530277,67256,29.710139619329084
2021-03-30,25.549999237060547,25.950000762939453,24.799999237060547,25.700000762939453,52587,22.709167766748408
2021-03-31,25.049999237060547,26.299999237060547,25.049999237060547,25.350000381469727,25689,25.22123975960656
2021-04-01,25.350000381469727,26.5,25.350000381469727,26.25,29679,34.883720930232556
2021-04-05,26.0,26.600000381469727,25.100000381469727,25.799999237060547,38974,32.57918559846635
2021-04-06,25.25,26.149999618530277,25.25,25.600000381469727,29253,34.44976190085072
2021-04-07,26.149999618530277,26.149999618530277,25.049999237060547,25.350000381469727,43290,35.82089523912548
2021-04-08,25.799999237060547,26.600000381469727,25.149999618530277,26.5,86590,47.738689806861316
2021-04-09,26.5,27.200000762939453,25.549999237060547,26.299999237060547,40604,53.67231407069344
2021-04-12,25.049999237060547,25.5,25.0,25.0,37439,44.32989427191676
2021-04-13,24.149999618530277,25.5,23.75,25.149999618530277,45287,36.84210408904351
2021-04-15,24.799999237060547,25.450000762939453,24.5,25.049999237060547,30972,31.25
2021-04-16,25.0,25.0,24.5,24.75,34140,34.24657892165291
2021-04-19,24.850000381469727,24.850000381469727,23.549999237060547,23.649999618530277,45809,34.965036830503934
2021-04-20,24.0,24.799999237060547,23.450000762939453,24.25,26315,42.17687374935673
2021-04-22,23.200000762939453,24.700000762939453,23.200000762939453,24.100000381469727,24336,38.88888447372931
2021-04-23,24.100000381469727,24.799999237060547,23.5,24.649999618530277,43679,45.27026365236759
2021-04-26,25.850000381469727,25.850000381469727,24.5,24.799999237060547,25170,39.097734872138766
2021-04-27,25.0,26.0,24.450000762939453,25.899999618530277,292381,50.68493437019981
2021-04-28,26.149999618530277,26.299999237060547,25.200000762939453,25.299999237060547,153288,48.05194033119008
2021-04-29,25.149999618530277,26.149999618530277,25.049999237060547,25.450000762939453,142795,50.65789721348926
2021-04-30,25.75,25.75,25.100000381469727,25.399999618530277,67458,41.53846108701824
2021-05-03,24.450000762939453,26.649999618530277,24.450000762939453,26.350000381469727,148925,50.34483538796381
2021-05-04,26.700000762939453,27.200000762939453,26.450000762939453,26.600000381469727,108349,62.903223325510126
2021-05-05,26.950000762939453,27.100000381469727,26.5,26.600000381469727,156334,61.983471334928964
2021-05-06,26.75,27.899999618530277,26.200000762939453,27.899999618530277,401185,69.65516987368623
2021-05-07,29.25,29.25,27.549999237060547,27.799999237060547,536425,71.63119089927255
2021-05-10,28.0,28.399999618530277,27.649999618530277,28.0,197340,85.36583701699519
2021-05-11,27.850000381469727,29.399999618530277,27.049999237060547,29.100000381469727,525770,86.46614945517256
2021-05-12,29.299999237060547,30.549999237060547,29.100000381469727,29.950000762939453,1340259,89.79589824261924
2021-05-14,30.450000762939453,30.799999237060547,28.75,28.899999618530277,447966,77.07004264682442
2021-05-17,29.0,29.899999618530277,28.75,29.5,184127,78.3132341849906
2021-05-18,29.75,30.149999618530277,29.149999618530277,29.25,183579,72.4832044658033
2021-05-19,29.850000381469727,29.850000381469727,29.049999237060547,29.200000762939453,160981,78.26085874850386
2021-05-20,30.649999618530277,30.649999618530277,30.649999618530277,30.649999618530277,261547,81.70729976974592
2021-05-21,31.399999618530277,31.399999618530277,29.25,29.5,601487,72.04301009110355
2021-05-24,29.649999618530277,29.649999618530277,28.799999237060547,29.149999618530277,169692,66.09194822710865
2021-05-25,29.149999618530277,29.75,29.100000381469727,29.5,193522,66.47726841702004
2021-05-26,29.75,30.5,29.600000381469727,29.75,401363,67.40331060884037
2021-05-27,29.850000381469727,30.0,29.100000381469727,29.299999237060547,154447,58.536580259924996
2021-05-28,29.850000381469727,29.850000381469727,29.049999237060547,29.149999618530277,132468,58.18181860217043
2021-05-31,29.25,29.649999618530277,29.25,29.25,120267,57.668710220672025
2021-06-01,29.350000381469727,29.350000381469727,28.25,28.5,132738,46.153844272831996
2021-06-02,28.5,29.799999237060547,28.200000762939453,29.450000762939453,167484,46.8354436492063
2021-06-03,29.75,29.75,29.100000381469727,29.25,130689,52.48227180606404
2021-06-04,29.25,29.450000762939453,28.850000381469727,29.149999618530277,108270,47.32824182963335
2021-06-07,29.600000381469727,29.899999618530277,29.200000762939453,29.350000381469727,305449,50.76923347789076
2021-06-08,30.950000762939453,32.0,30.649999618530277,31.350000381469727,1388000,62.721887213657986
2021-06-09,31.649999618530277,32.20000076293945,30.549999237060547,30.950000762939453,446364,52.027033819079804
2021-06-10,31.25,33.349998474121094,31.049999237060547,32.349998474121094,1394467,68.6274372918747
2021-06-11,32.599998474121094,32.79999923706055,31.5,31.75,289660,66.45569941149844
2021-06-14,32.0,32.349998474121094,30.700000762939453,31.700000762939453,236097,64.47369213579925
2021-06-15,32.0,33.45000076293945,31.200000762939453,32.400001525878906,1383429,66.45963836666498
2021-06-16,32.900001525878906,35.599998474121094,30.799999237060547,34.599998474121094,5270787,77.04082506490832
2021-06-17,33.29999923706055,33.95000076293945,32.349998474121094,32.70000076293945,1812113,65.36797895078593
2021-06-18,32.79999923706055,33.0,30.600000381469727,32.150001525878906,684537,62.08334737354748
2021-06-21,31.049999237060547,32.849998474121094,31.049999237060547,32.5,290895,67.24139291807472
2021-06-22,32.650001525878906,33.400001525878906,31.600000381469727,31.799999237060547,491520,60.35242453615261
2021-06-23,32.54999923706055,34.95000076293945,31.899999618530277,34.150001525878906,2053232,68.14816405581104
2021-06-24,35.20000076293945,35.599998474121094,33.0,33.25,1605855,64.33567217063708
2021-06-25,33.70000076293945,34.29999923706055,32.849998474121094,33.099998474121094,317988,63.15789332790442
2021-06-28,32.400001525878906,33.5,32.400001525878906,32.95000076293945,215345,56.45161860939736
2021-06-29,33.099998474121094,33.79999923706055,32.70000076293945,32.95000076293945,481506,58.33333863152735
2021-06-30,33.04999923706055,33.79999923706055,32.70000076293945,33.25,358584,54.12844967816537
2021-07-01,33.25,33.45000076293945,32.70000076293945,33.150001525878906,298449,56.73078051686244
2021-07-02,34.04999923706055,34.70000076293945,33.5,33.75,544752,59.36073297973332
2021-07-05,33.95000076293945,34.099998474121094,33.25,33.349998474121094,177688,54.46008212528547
2021-07-06,33.70000076293945,33.70000076293945,32.70000076293945,32.849998474121094,242459,40.22346035356075
2021-07-07,32.54999923706055,33.599998474121094,32.5,33.29999923706055,310955,53.99998982747396
2021-07-08,33.75,34.349998474121094,33.0,33.20000076293945,355485,57.446803905601115
2021-07-09,33.45000076293945,33.45000076293945,33.04999923706055,33.20000076293945,185053,55.22388569574092
2021-07-12,33.25,33.45000076293945,32.5,32.79999923706055,216225,57.81249813735529
2021-07-13,32.95000076293945,33.70000076293945,32.75,33.5,497050,43.15787867495888
2021-07-14,33.650001525878906,33.75,33.04999923706055,33.20000076293945,230537,49.397599221249806
2021-07-15,33.29999923706055,33.70000076293945,32.650001525878906,32.900001525878906,252357,47.674451614505806
2021-07-16,33.099998474121094,33.20000076293945,32.5,32.54999923706055,168019,45.55553860134549
2021-07-19,32.099998474121094,32.5,32.04999923706055,32.099998474121094,118533,41.41411961809877
2021-07-20,32.099998474121094,32.349998474121094,30.700000762939453,30.950000762939453,222500,30.17241776202205
2021-07-22,31.5,31.5,30.600000381469727,30.75,152782,29.66100927811722
2021-07-23,31.100000381469727,31.100000381469727,29.899999618530277,30.0,169243,19.008280095739394
2021-07-26,30.149999618530277,32.099998474121094,29.899999618530277,31.649999618530277,298741,38.356174047364455
2021-07-27,32.0,32.70000076293945,31.649999618530277,31.950000762939453,296077,43.66198999260164
2021-07-28,32.099998474121094,32.099998474121094,30.5,30.950000762939453,151671,34.64053591250034
2021-07-29,30.950000762939453,31.5,30.75,31.0,97318,35.5263151290346
2021-07-30,31.299999237060547,33.900001525878906,30.75,32.599998474121094,1149334,46.73911826597145
2021-08-02,33.150001525878906,33.79999923706055,32.79999923706055,32.900001525878906,298433,50.54946298717549
2021-08-03,32.95000076293945,32.95000076293945,31.850000381469727,32.0,241276,41.93548651730559
2021-08-04,32.20000076293945,32.20000076293945,30.799999237060547,30.899999618530277,138323,38.613860451255846
2021-08-05,30.899999618530277,31.200000762939453,29.75,30.299999237060547,162045,37.49999541502968
2021-08-06,30.850000381469727,32.900001525878906,30.600000381469727,31.350000381469727,460219,44.594601793010135
2021-08-09,31.350000381469727,31.600000381469727,30.5,30.649999618530277,120805,43.61234220476986
2021-08-10,30.649999618530277,30.799999237060547,28.700000762939453,29.549999237060547,188460,43.80530674704758
2021-08-11,29.149999618530277,32.400001525878906,27.299999237060547,29.899999618530277,647692,46.28821004344257
2021-08-12,29.950000762939453,31.899999618530277,29.399999618530277,31.25,889253,55.186719036151594
2021-08-13,31.25,31.5,30.299999237060547,30.700000762939453,149897,45.662108251289794
2021-08-16,30.049999237060547,31.5,29.049999237060547,30.350000381469727,341333,42.727274776489196
2021-08-17,30.450000762939453,30.5,28.799999237060547,29.299999237060547,151541,42.533934386557355
2021-08-18,29.299999237060547,30.0,29.049999237060547,29.149999618530277,92669,41.704039556503254
2021-08-20,28.5,29.5,28.0,28.100000381469727,113313,28.77360994426047
2021-08-23,28.899999618530277,28.899999618530277,26.0,26.450000762939453,174038,23.012559447006367
2021-08-24,26.649999618530277,27.950000762939453,26.450000762939453,27.700000762939453,160001,32.52033264151903
2021-08-25,28.0,30.100000381469727,28.0,28.899999618530277,293396,41.93548486334464
2021-08-26,29.200000762939453,29.200000762939453,28.149999618530277,28.299999237060547,65541,41.93548486334464
2021-08-27,28.299999237060547,29.0,28.100000381469727,28.399999618530277,120361,37.11790145688113
2021-08-30,28.5,28.850000381469727,28.049999237060547,28.399999618530277,191315,39.534883720930246
2021-08-31,28.799999237060547,28.799999237060547,28.0,28.100000381469727,69566,42.7135727519402
2021-09-01,28.0,28.399999618530277,27.549999237060547,28.200000762939453,158539,41.237118267230585
2021-09-02,28.049999237060547,32.900001525878906,28.049999237060547,31.5,2466563,51.072961584190054
2021-09-03,32.25,32.5,30.0,30.200000762939453,345291,47.983870595600486
2021-09-06,30.399999618530277,30.5,29.5,29.700000762939453,115036,47.41035953453389
2021-09-07,29.549999237060547,29.950000762939453,29.049999237060547,29.200000762939453,147510,49.583339558709326
2021-09-08,29.0,29.799999237060547,28.799999237060547,29.25,135974,50.42016981820074
2021-09-09,29.5,29.600000381469727,28.799999237060547,29.25,96095,55.29953908949651
2021-09-13,29.399999618530277,29.5,29.0,29.149999618530277,102034,64.51612704750346
2021-09-14,29.149999618530277,29.899999618530277,29.149999618530277,29.350000381469727,114587,59.999999999999986
2021-09-15,29.450000762939453,30.25,29.350000381469727,29.600000381469727,126606,54.794526274644625
2021-09-16,29.700000762939453,30.399999618530277,29.649999618530277,29.700000762939453,229758,60.29413002172695
2021-09-17,29.700000762939453,29.950000762939453,29.100000381469727,29.5,156001,57.97101769770842
2021-09-20,29.350000381469727,30.549999237060547,29.0,29.200000762939453,229690,55.55556438587469
2021-09-21,29.100000381469727,29.549999237060547,28.649999618530277,29.149999618530277,160999,57.55395051652097
2021-09-22,29.0,29.700000762939453,29.0,29.100000381469727,121583,56.52173672671867
2021-09-23,29.700000762939453,29.950000762939453,29.25,29.350000381469727,160255,22.077929798678085
2021-09-24,29.649999618530277,34.0,29.200000762939453,32.04999923706055,3774276,67.61903308686757
2021-09-27,32.04999923706055,33.45000076293945,30.649999618530277,32.400001525878906,1693382,76.47058383541462
2021-09-28,32.5,32.70000076293945,30.799999237060547,31.200000762939453,404271,67.24137023853686
2021-09-29,31.200000762939453,31.799999237060547,30.450000762939453,31.149999618530277,355494,66.37929305169936
2021-09-30,31.100000381469727,31.549999237060547,30.700000762939453,30.899999618530277,211342,63.63634930618285
2021-10-01,30.950000762939453,31.200000762939453,29.299999237060547,30.5,275008,60.629917239146195
2021-10-04,30.700000762939453,32.25,30.549999237060547,30.899999618530277,415805,61.83204973198127
2021-10-05,30.5,31.75,30.5,31.049999237060547,368196,61.24029655266839
2021-10-06,31.299999237060547,31.700000762939453,30.600000381469727,30.700000762939453,272546,57.462685717376516
2021-10-07,30.799999237060547,31.649999618530277,30.75,30.899999618530277,245124,60.44776013179499
2021-10-08,30.899999618530277,32.79999923706055,30.0,31.700000762939453,787561,67.36110927146177
2021-10-11,32.0,32.0,31.049999237060547,31.100000381469727,212353,62.580650083480315
2021-10-12,31.399999618530277,31.75,30.700000762939453,30.950000762939453,386486,61.783441347574545
2021-10-13,31.75,31.799999237060547,31.149999618530277,31.25,231654,62.025314622000906
2021-10-14,31.450000762939453,31.600000381469727,30.600000381469727,30.899999618530277,218135,39.63964521260749
2021-10-18,31.0,31.450000762939453,30.75,30.850000381469727,175171,35.23807897588783
2021-10-19,30.899999618530277,31.450000762939453,30.0,30.200000762939453,282473,39.36169522010007
2021-10-20,30.200000762939453,30.649999618530277,29.649999618530277,29.799999237060547,134611,36.63365252168616
2021-10-21,30.799999237060547,30.799999237060547,29.649999618530277,30.200000762939453,131215,43.26924029186839
2021-10-22,30.399999618530277,30.399999618530277,29.450000762939453,29.700000762939453,101167,42.4528362998007
2021-10-25,29.700000762939453,29.75,28.049999237060547,28.799999237060547,94053,31.896552007631982
2021-10-26,29.0,29.5,28.700000762939453,29.200000762939453,80771,34.71076412446122
2021-10-27,29.399999618530277,29.450000762939453,29.0,29.049999237060547,102161,35.89743756944698
2021-10-28,29.299999237060547,29.299999237060547,28.450000762939453,28.549999237060547,85809,30.89432835820891
2021-10-29,28.950000762939453,28.950000762939453,28.0,28.399999618530277,58967,20.000020807417997
2021-11-01,28.049999237060547,28.5,28.049999237060547,28.299999237060547,138664,22.000020599341653
2021-11-02,28.899999618530277,29.700000762939453,28.399999618530277,28.700000762939453,246411,28.571459711769165
2021-11-03,28.950000762939453,28.950000762939453,28.200000762939453,28.399999618530277,79713,22.857188529625816
2021-11-04,28.950000762939453,29.100000381469727,28.600000381469727,28.950000762939453,45875,32.11013605144578
2021-11-08,29.100000381469727,29.549999237060547,28.700000762939453,29.200000762939453,89065,35.39826205433535
2021-11-09,29.399999618530277,30.200000762939453,29.149999618530277,29.850000381469727,106761,46.90265755597213
2021-11-10,29.649999618530277,30.600000381469727,28.899999618530277,29.149999618530277,469915,44.53782778691204
2021-11-11,28.600000381469727,29.149999618530277,28.600000381469727,28.700000762939453,134599,37.50001589455172
2021-11-12,28.850000381469727,29.100000381469727,28.600000381469727,28.799999237060547,91151,41.96428084860572
2021-11-15,28.799999237060547,28.899999618530277,28.399999618530277,28.549999237060547,81882,47.47474981003595
2021-11-16,28.649999618530277,28.75,28.149999618530277,28.200000762939453,98023,39.79592154493633
2021-11-17,28.200000762939453,28.700000762939453,28.100000381469727,28.25,52617,41.66667328940601
2021-11-18,28.100000381469727,28.399999618530277,27.799999237060547,27.899999618530277,60810,43.01075621662399
2021-11-22,28.5,28.5,27.0,27.299999237060547,66336,39.21568334125564
2021-11-23,26.600000381469727,28.399999618530277,26.350000381469727,27.899999618530277,65201,46.42857507783517
2021-11-24,28.5,28.649999618530277,28.049999237060547,28.100000381469727,60326,44.444440519858496
2021-11-25,28.350000381469727,28.950000762939453,27.0,28.299999237060547,120439,49.056599699502435
2021-11-26,28.25,28.25,27.049999237060547,27.25,61844,35.344809442567055
2021-11-29,27.75,27.75,26.200000762939453,26.450000762939453,70732,28.346438481496904
2021-11-30,26.899999618530277,27.399999618530277,26.450000762939453,26.600000381469727,101297,22.222196863337857
2021-12-01,28.75,29.0,28.049999237060547,28.649999618530277,507710,46.527774466405475
2021-12-02,28.799999237060547,28.799999237060547,27.799999237060547,28.149999618530277,100710,46.20688566554026
2021-12-03,27.600000381469727,29.350000381469727,27.600000381469727,28.600000381469727,218626,48.684217460931336
2021-12-06,28.75,28.75,27.5,27.799999237060547,124160,45.39877171394161
2021-12-07,28.100000381469727,28.850000381469727,28.100000381469727,28.549999237060547,102675,52.046774885101755
2021-12-08,28.799999237060547,28.950000762939453,28.25,28.75,115961,52.87356296639603
2021-12-09,28.799999237060547,30.700000762939453,28.649999618530277,29.950000762939453,520768,60.732988998694
2021-12-10,30.200000762939453,30.450000762939453,29.450000762939453,29.600000381469727,152164,62.36559602894165
2021-12-13,29.0,30.149999618530277,28.5,29.0,194031,55.913979817792836
2021-12-14,28.950000762939453,29.350000381469727,28.649999618530277,28.899999618530277,108322,54.34782157998945
2021-12-15,28.899999618530277,30.149999618530277,28.799999237060547,29.049999237060547,295204,54.09835997228405
2021-12-16,29.450000762939453,29.950000762939453,28.75,29.049999237060547,345384,61.111103261942006
2021-12-17,29.149999618530277,29.149999618530277,27.200000762939453,27.950000762939453,136158,58.92856980667664
2021-12-20,27.25,27.799999237060547,25.450000762939453,26.0,286136,47.05882242944167
2021-12-21,26.799999237060547,27.350000381469727,26.299999237060547,26.75,98867,39.32584895733431
2021-12-22,27.25,27.350000381469727,26.950000762939453,27.049999237060547,76568,43.67816066754548
2021-12-23,27.700000762939453,27.75,27.200000762939453,27.450000762939453,91794,43.352605999480055
2021-12-24,27.799999237060547,27.799999237060547,26.899999618530277,27.200000762939453,116338,46.29630676185511
2021-12-27,27.399999618530277,29.100000381469727,26.850000381469727,28.549999237060547,401778,50.0
2021-12-28,29.0,29.049999237060547,28.399999618530277,28.600000381469727,125223,49.12280936577208
2021-12-29,28.600000381469727,28.950000762939453,28.350000381469727,28.549999237060547,152779,40.540532181088786
2021-12-30,28.549999237060547,29.899999618530277,28.350000381469727,29.0,672949,45.999998474121476
2021-12-31,29.149999618530277,29.450000762939453,28.600000381469727,28.700000762939453,244677,47.916672185614665
2022-01-03,28.899999618530277,29.600000381469727,28.649999618530277,29.100000381469727,225110,51.33333841959633
2022-01-04,29.049999237060547,30.350000381469727,29.0,29.399999618530277,974713,52.287584306683755
2022-01-05,29.399999618530277,31.600000381469727,29.299999237060547,31.049999237060547,1733181,60.752689054155994
2022-01-06,30.350000381469727,34.20000076293945,30.200000762939453,33.400001525878906,2781589,75.82938003051757
2022-01-07,33.5,33.5,31.799999237060547,32.29999923706055,562753,82.4742075461755
2022-01-10,32.849998474121094,33.5,32.349998474121094,32.79999923706055,594957,82.01056246775674
2022-01-11,32.29999923706055,33.599998474121094,32.099998474121094,32.5,532407,78.83596890437911
2022-01-12,32.849998474121094,33.5,32.5,32.70000076293945,578127,78.37836667514836
2022-01-13,32.849998474121094,32.95000076293945,32.04999923706055,32.20000076293945,496203,76.31577890666001
2022-01-14,32.20000076293945,33.45000076293945,32.0,33.25,528404,75.54346969763563
2022-01-17,33.79999923706055,37.25,33.29999923706055,36.84999847412109,4666419,82.3529288568042
2022-01-18,37.34999847412109,39.34999847412109,35.29999923706055,36.0,3918631,77.49077927090576
2022-01-19,36.150001525878906,37.25,35.349998474121094,36.650001525878906,844441,77.81818736683242
2022-01-20,36.75,37.34999847412109,36.09999847412109,36.29999923706055,491690,77.53622026609997
2022-01-21,36.0,38.45000076293945,35.900001525878906,37.09999847412109,1575130,78.16900207135338
2022-01-24,37.25,37.75,33.04999923706055,33.79999923706055,735721,62.79069457974852
2022-01-25,33.0,35.70000076293945,32.0,35.20000076293945,602274,62.24188910059142
2022-01-27,34.599998474121094,36.150001525878906,33.900001525878906,34.95000076293945,506525,55.21885184565815
2022-01-28,35.25,36.5,34.900001525878906,35.099998474121094,423524,60.07194136013467
2022-01-31,35.5,36.25,35.20000076293945,35.5,338993,59.78261200076186
2022-02-01,35.75,37.25,32.599998474121094,33.0,1051186,51.5625
2022-02-02,33.45000076293945,33.45000076293945,32.099998474121094,32.400001525878906,441210,49.0853680520455
2022-02-03,32.349998474121094,35.79999923706055,31.5,33.349998474121094,560229,53.412457197837966
2022-02-04,34.5,34.75,33.099998474121094,33.400001525878906,646488,50.473190978926034
2022-02-07,32.75,34.150001525878906,32.75,33.349998474121094,328153,35.772361253602256
2022-02-08,33.349998474121094,33.650001525878906,31.850000381469727,32.099998474121094,332016,34.64566881831533
2022-02-09,32.5,32.95000076293945,32.099998474121094,32.45000076293945,124780,33.06452034663276
2022-02-10,32.45000076293945,38.29999923706055,32.099998474121094,36.650001525878906,2603784,51.07692986663116
2022-02-11,36.84999847412109,37.34999847412109,34.650001525878906,34.95000076293945,1084698,43.73178705054151
2022-02-14,33.0,33.849998474121094,31.5,31.950000762939453,302969,44.510392272988234
2022-02-15,32.900001525878906,33.5,31.600000381469727,33.04999923706055,294809,43.50452830988889
2022-02-16,33.20000076293945,34.75,33.0,33.599998474121094,397554,45.994059034299895
2022-02-17,33.79999923706055,34.45000076293945,33.20000076293945,33.54999923706055,220736,45.373137659525476
2022-02-18,33.70000076293945,33.70000076293945,32.70000076293945,33.04999923706055,144566,42.72996905001826
2022-02-21,32.349998474121094,32.79999923706055,31.200000762939453,31.350000381469727,154227,44.859814639000724
2022-02-22,31.0,31.399999618530277,29.649999618530277,30.25,200596,43.50452830988889
2022-02-23,30.299999237060547,31.75,30.299999237060547,31.399999618530277,139802,44.17910988226028
2022-02-24,29.950000762939453,30.450000762939453,27.75,28.100000381469727,175702,36.74999840259568
2022-02-25,29.0,31.25,29.0,30.299999237060547,238244,43.115125164277416
2022-02-28,30.350000381469727,31.899999618530277,29.799999237060547,31.100000381469727,123736,47.6958568078594
2022-03-02,30.200000762939453,33.0,30.200000762939453,31.700000762939453,374319,48.29157151645968
2022-03-03,32.400001525878906,32.70000076293945,31.600000381469727,31.799999237060547,167059,36.41455535041906
2022-03-04,31.700000762939453,31.700000762939453,30.200000762939453,31.100000381469727,87866,38.575661609719184
2022-03-07,30.350000381469727,30.950000762939453,30.0,30.450000762939453,97063,44.82758348535129
2022-03-08,30.350000381469727,31.700000762939453,30.25,31.299999237060547,155195,43.859645835285306
2022-03-09,31.25,32.95000076293945,31.25,32.25,345060,45.39249475576554
2022-03-10,32.650001525878906,32.900001525878906,31.450000762939453,31.649999618530277,183289,43.74999921572812
2022-03-11,31.950000762939453,35.900001525878906,31.549999237060547,35.099998474121094,1957436,55.64738271746093
2022-03-14,35.900001525878906,36.54999923706055,34.45000076293945,34.79999923706055,1054525,60.298507564661136
2022-03-15,35.0,35.150001525878906,33.04999923706055,33.599998474121094,229661,59.94065144183151
2022-03-16,34.20000076293945,34.400001525878906,33.25,33.70000076293945,132749,57.27848586431094
2022-03-17,34.150001525878906,35.349998474121094,33.29999923706055,34.29999923706055,409614,73.66412397128727
2022-03-21,34.5,37.650001525878906,34.04999923706055,36.5,1788517,73.66412780576842
2022-03-22,37.29999923706055,43.79999923706055,37.29999923706055,43.79999923706055,7803570,82.39796193924063
2022-03-23,45.45000076293945,45.79999923706055,40.59999847412109,40.900001525878906,4446628,71.0045738058775
2022-03-24,41.09999847412109,42.900001525878906,40.34999847412109,42.0,1889399,72.27074995968748
2022-03-25,42.29999923706055,42.70000076293945,40.0,41.34999847412109,1290066,72.42888322258327
2022-03-28,41.95000076293945,47.45000076293945,40.59999847412109,46.04999923706055,4482987,78.9962821588579
2022-03-29,46.09999847412109,55.25,45.79999923706055,55.25,6735784,83.97163228785737
2022-03-30,56.5,56.79999923706055,50.5,51.54999923706055,3668402,75.39473583823755
2022-03-31,51.54999923706055,53.09999847412109,48.59999847412109,49.45000076293945,2057693,72.53164810623207
2022-04-01,49.45000076293945,54.34999847412109,48.70000076293945,53.09999847412109,2471231,72.67002693157258
2022-04-04,53.75,54.75,51.5,53.150001525878906,2163672,73.25729015708525
2022-04-05,53.59999847412109,53.900001525878906,51.0,51.400001525878906,1387556,72.25000381469725
2022-04-06,51.04999923706055,52.95000076293945,50.59999847412109,51.84999847412109,1455291,72.49070646028284
2022-04-07,51.5,53.79999923706055,50.5,51.04999923706055,1539529,70.65351651157326
2022-04-08,51.84999847412109,51.900001525878906,50.70000076293945,50.95000076293945,636093,68.79064153893546
2022-04-11,51.25,51.900001525878906,50.0,50.150001525878906,637492,59.93740790847208
2022-04-12,50.09999847412109,50.34999847412109,47.79999923706055,48.75,594748,62.88998236594939
2022-04-13,50.95000076293945,51.75,49.59999847412109,50.54999923706055,1025605,63.7239163166799
2022-04-18,50.5,54.400001525878906,48.79999923706055,53.5,2576622,68.16143891534406
2022-04-19,53.84999847412109,54.900001525878906,50.04999923706055,50.900001525878906,1749416,57.735252177085215
2022-04-20,50.900001525878906,52.20000076293945,49.09999847412109,50.70000076293945,863441,39.821028357288554
2022-04-21,51.84999847412109,55.75,50.400001525878906,54.900001525878906,3530431,57.330422476568835
2022-04-22,55.0,60.0,54.900001525878906,57.34999847412109,3394043,67.02586217527585
2022-04-25,57.900001525878906,61.79999923706055,53.75,55.29999923706055,3283742,55.09259561779481
2022-04-26,55.900001525878906,57.84999847412109,54.59999847412109,55.79999923706055,835234,56.00906739179967
2022-04-27,55.45000076293945,58.79999923706055,53.75,57.84999847412109,1782750,64.4295292849394
2022-04-28,58.29999923706055,58.70000076293945,55.79999923706055,56.54999923706055,835411,60.12931498704568
2022-04-29,56.59999847412109,58.5,54.5,55.0,575456,58.246350512324355
2022-05-02,53.150001525878906,54.25,51.20000076293945,52.09999847412109,679697,52.14952873864984
2022-05-04,52.5,54.5,49.25,50.09999847412109,664387,49.91054909263423
2022-05-05,50.79999923706055,52.0,50.20000076293945,50.45000076293945,360210,53.15985298807815
2022-05-06,50.5,50.5,46.54999923706055,47.900001525878906,830360,45.20796034259709
2022-05-09,47.0,47.29999923706055,43.150001525878906,44.09999847412109,801897,33.508769252844004
2022-05-10,43.79999923706055,47.34999847412109,43.650001525878906,44.900001525878906,524794,38.76404687019144
2022-05-11,46.45000076293945,46.45000076293945,41.400001525878906,42.79999923706055,570455,36.18881146863146
2022-05-12,42.5,43.84999847412109,41.5,42.45000076293945,315139,24.848487183775134
2022-05-13,43.79999923706055,45.29999923706055,42.70000076293945,43.09999847412109,335419,18.95425455843767
2022-05-16,43.09999847412109,45.75,42.54999923706055,45.09999847412109,322229,27.72926116993905
2022-05-17,45.5,47.84999847412109,45.20000076293945,47.400001525878906,365231,32.99596182771198
2022-05-18,47.79999923706055,51.59999847412109,46.25,49.900001525878906,872716,34.194842834529894
2022-05-19,48.900001525878906,53.900001525878906,47.25,50.95000076293945,3262120,38.75502727890545
2022-05-20,52.0,53.79999923706055,51.20000076293945,53.150001525878906,1425922,46.379652249057976
2022-05-23,53.400001525878906,54.20000076293945,50.5,51.29999923706055,799447,48.36734925841543
2022-05-24,51.29999923706055,52.79999923706055,51.0,51.150001525878906,468404,52.31788659456977
2022-05-25,51.59999847412109,52.54999923706055,46.59999847412109,47.0,450968,43.478261496621364
2022-05-26,48.0,48.84999847412109,44.79999923706055,47.54999923706055,503799,49.28424914379968
2022-05-27,48.400001525878906,49.70000076293945,47.650001525878906,48.150001525878906,307456,59.52941552396331
2022-05-30,48.650001525878906,49.70000076293945,48.45000076293945,48.95000076293945,201097,59.52940825888093
2022-05-31,49.29999923706055,49.900001525878906,48.650001525878906,49.25,239376,66.58097817463704
2022-06-01,49.25,52.20000076293945,49.25,51.04999923706055,521837,70.57415752690821
2022-06-02,51.400001525878906,51.75,50.09999847412109,50.5,262199,67.78846259653201
2022-06-03,51.0,52.79999923706055,49.09999847412109,49.54999923706055,542645,61.2658225403175
2022-06-06,49.900001525878906,53.400001525878906,48.20000076293945,51.95000076293945,1191839,61.460953935566025
2022-06-07,52.400001525878906,53.29999923706055,51.25,51.75,823390,55.2706500069121
2022-06-08,52.09999847412109,52.150001525878906,48.95000076293945,49.54999923706055,371418,46.25668132842822
2022-06-09,49.59999847412109,50.650001525878906,48.79999923706055,49.25,258173,38.39285471001494
2022-06-10,48.900001525878906,49.650001525878906,48.45000076293945,48.70000076293945,231061,41.61290814799648
2022-06-13,48.0,48.20000076293945,44.84999847412109,45.150001525878906,324411,34.126985408481374
2022-06-14,45.09999847412109,46.5,45.0,45.150001525878906,198818,43.728818731792906
2022-06-15,45.79999923706055,46.29999923706055,44.400001525878906,44.84999847412109,275986,40.68965499097756
2022-06-16,45.5,46.5,43.0,43.45000076293945,320056,34.64051961664535
2022-06-17,42.150001525878906,43.5,41.59999847412109,42.45000076293945,228544,29.032258064516128
2022-06-20,42.5,42.84999847412109,36.34999847412109,38.29999923706055,496322,21.705427731998128
2022-06-21,40.0,43.79999923706055,40.0,43.20000076293945,1012230,32.51671074949185
2022-06-22,43.95000076293945,43.95000076293945,40.59999847412109,40.84999847412109,368986,30.103095897211787
2022-06-23,41.29999923706055,43.54999923706055,41.29999923706055,42.09999847412109,502954,34.82688660034741
2022-06-24,42.75,43.400001525878906,42.400001525878906,42.84999847412109,231215,30.131004003099065
2022-06-27,43.650001525878906,44.5,43.29999923706055,43.84999847412109,252134,33.33333333333333
2022-06-28,43.70000076293945,43.95000076293945,42.5,43.75,135395,36.574077262799584
2022-06-29,43.45000076293945,45.900001525878906,42.400001525878906,44.45000076293945,216498,39.090912716447185
2022-06-30,44.650001525878906,45.20000076293945,43.5,43.59999847412109,189739,38.5650208106212
2022-07-01,43.95000076293945,44.09999847412109,42.45000076293945,43.400001525878906,130582,45.382586867379416
2022-07-04,43.59999847412109,50.650001525878906,43.09999847412109,47.20000076293945,1131126,54.5054920732281
2022-07-05,46.5,46.95000076293945,44.59999847412109,45.34999847412109,464137,51.028806455157685
2022-07-06,45.59999847412109,46.34999847412109,44.900001525878906,45.84999847412109,231426,55.12819906716
2022-07-07,46.400001525878906,47.25,45.84999847412109,46.400001525878906,187583,58.605663003284285
2022-07-08,46.79999923706055,47.29999923706055,45.79999923706055,46.29999923706055,171221,71.16401091204723
2022-07-11,45.900001525878906,47.70000076293945,45.75,46.59999847412109,335332,61.88809817692234
2022-07-12,46.34999847412109,47.79999923706055,46.09999847412109,46.20000076293945,276242,71.65992428058996
2022-07-13,46.70000076293945,46.95000076293945,45.09999847412109,45.79999923706055,144597,66.08695450261841
2022-07-14,45.79999923706055,46.34999847412109,45.09999847412109,45.34999847412109,119042,61.16070972413619
2022-07-15,45.70000076293945,46.5,45.0,45.84999847412109,132956,59.345790394239884
2022-07-18,46.29999923706055,46.79999923706055,44.25,45.84999847412109,279941,59.905647476111334
2022-07-19,46.20000076293945,46.59999847412109,45.79999923706055,46.09999847412109,138931,58.128063266063116
2022-07-20,46.59999847412109,47.650001525878906,46.25,46.650001525878906,349212,65.48223940018282
2022-07-21,46.95000076293945,47.5,46.29999923706055,46.95000076293945,183967,67.83917709956732
2022-07-22,47.400001525878906,49.0,47.09999847412109,47.95000076293945,692176,55.24474852907594
2022-07-25,48.5,48.5,46.09999847412109,46.34999847412109,217191,57.24636719674301
2022-07-26,46.150001525878906,46.79999923706055,44.95000076293945,45.09999847412109,130453,45.098045082187944
2022-07-27,45.20000076293945,45.70000076293945,44.20000076293945,44.59999847412109,354250,38.15788416982212
2022-07-28,45.0,45.20000076293945,44.20000076293945,44.29999923706055,173991,37.1794921955237
2022-07-29,44.34999847412109,46.150001525878906,44.34999847412109,45.04999923706055,463058,40.606069573572576
2022-08-01,45.09999847412109,46.95000076293945,44.54999923706055,46.34999847412109,316547,50.81965914553329
2022-08-02,46.29999923706055,46.95000076293945,45.59999847412109,45.900001525878906,275313,50.54349065502907
2022-08-03,46.0,46.70000076293945,45.150001525878906,45.29999923706055,197893,49.73262446619754
2022-08-04,45.400001525878906,50.0,45.29999923706055,48.95000076293945,2215765,62.40000537109215
2022-08-05,49.5,49.5,47.5,47.900001525878906,885003,57.56458520314458
2022-08-08,47.650001525878906,54.54999923706055,47.400001525878906,52.5,4900871,67.87709771037204
2022-08-10,52.75,52.75,50.04999923706055,50.34999847412109,931906,59.48717166215944
2022-08-11,50.650001525878906,50.650001525878906,48.04999923706055,48.95000076293945,620603,54.85436929161067
2022-08-12,48.29999923706055,48.84999847412109,47.70000076293945,48.0,436663,50.12165264943265
2022-08-16,48.29999923706055,50.20000076293945,47.650001525878906,49.5,525189,57.701716371526594
2022-08-17,49.75,49.84999847412109,48.70000076293945,49.04999923706055,281109,60.05089369728464
2022-08-18,49.04999923706055,50.5,48.79999923706055,49.29999923706055,321653,62.11340545733805
2022-08-19,49.70000076293945,50.29999923706055,47.95000076293945,48.150001525878906,355331,59.50618028168484
2022-08-22,47.54999923706055,48.20000076293945,46.09999847412109,46.400001525878906,231722,53.176476543915975
2022-08-23,46.45000076293945,47.95000076293945,46.04999923706055,47.45000076293945,218238,52.61905354437213
2022-08-24,47.45000076293945,50.09999847412109,47.45000076293945,49.70000076293945,776866,58.333331939072586
2022-08-25,49.0,52.45000076293945,49.0,50.150001525878906,1185465,60.70640790048304
2022-08-26,50.400001525878906,52.29999923706055,50.04999923706055,50.5,761734,54.005167092657736
2022-08-29,48.0,49.900001525878906,47.04999923706055,49.34999847412109,302781,53.72749916645418
2022-08-30,49.95000076293945,50.900001525878906,49.34999847412109,49.900001525878906,221472,41.55844734900861
2022-09-01,49.5,53.0,49.45000076293945,52.79999923706055,1500314,57.5851427559125
2022-09-02,53.150001525878906,53.59999847412109,50.650001525878906,51.0,427770,56.19335145487489
2022-09-05,51.29999923706055,51.70000076293945,50.70000076293945,51.34999847412109,298825,60.50156462409318
2022-09-06,51.79999923706055,56.900001525878906,51.79999923706055,55.09999847412109,3250255,65.38461377231701
2022-09-07,55.5,57.5,54.59999847412109,55.400001525878906,867958,67.59003478454567
2022-09-08,55.70000076293945,56.900001525878906,54.29999923706055,54.5,560427,63.90374478819556
2022-09-09,54.900001525878906,56.0,52.79999923706055,53.25,444088,63.5638235272633
2022-09-12,53.650001525878906,54.29999923706055,51.75,53.75,595308,70.94016295166658
2022-09-13,54.0,54.400001525878906,52.84999847412109,53.09999847412109,334425,66.47229140452212
2022-09-14,52.70000076293945,55.900001525878906,52.5,53.29999923706055,647787,61.92051993039568
2022-09-15,53.5,54.29999923706055,52.59999847412109,53.09999847412109,334248,59.93264557495294
2022-09-16,53.04999923706055,57.34999847412109,52.20000076293945,53.34999847412109,2851982,59.661006779554015
2022-09-19,53.650001525878906,55.75,52.20000076293945,53.09999847412109,612323,63.537900171206815
2022-09-20,53.5,54.0,52.75,52.900001525878906,257181,61.11111111111109
2022-09-21,53.09999847412109,53.650001525878906,50.150001525878906,50.34999847412109,480963,40.68441152879368
2022-09-22,50.400001525878906,51.45000076293945,48.45000076293945,49.25,491019,42.97189013430794
2022-09-23,49.650001525878906,50.20000076293945,48.54999923706055,48.84999847412109,252130,40.000006103511915
2022-09-26,48.59999847412109,48.650001525878906,45.29999923706055,45.79999923706055,375156,10.593246502684451
2022-09-27,46.59999847412109,49.900001525878906,45.79999923706055,48.5,344002,25.704227811498157
2022-09-28,47.0,51.70000076293945,47.0,50.34999847412109,543575,36.30362670660472
2022-09-29,51.150001525878906,52.45000076293945,49.29999923706055,51.79999923706055,354818,45.27687118328413
2022-09-30,51.04999923706055,53.79999923706055,50.75,52.900001525878906,749027,47.33542874554135
2022-10-03,51.75,52.900001525878906,50.34999847412109,50.84999847412109,311031,43.51585242513522
2022-10-04,51.59999847412109,51.95000076293945,51.09999847412109,51.5,158583,44.94382431825707
2022-10-06,52.34999847412109,53.0,51.09999847412109,52.5,303339,48.38710140528481
2022-10-07,52.5,52.54999923706055,51.34999847412109,51.95000076293945,252276,46.29630339792551
2022-10-10,51.54999923706055,54.34999847412109,51.5,52.650001525878906,606036,48.83721755477787
2022-10-11,52.900001525878906,53.95000076293945,49.400001525878906,49.900001525878906,470353,43.150687794855074
2022-10-12,50.400001525878906,50.70000076293945,49.20000076293945,49.84999847412109,190796,48.7113408143313
2022-10-13,50.25,50.5,49.25,49.79999923706055,135627,51.49863471331058
2022-10-14,50.400001525878906,50.95000076293945,49.25,49.650001525878906,160326,52.20995243643159
2022-10-17,49.650001525878906,50.29999923706055,49.0,49.150001525878906,186129,60.771706783117494
2022-10-18,49.400001525878906,51.95000076293945,49.400001525878906,50.95000076293945,364594,58.361774299677805
2022-10-19,51.29999923706055,52.20000076293945,50.45000076293945,50.54999923706055,278688,50.75757816584273
2022-10-20,50.54999923706055,51.29999923706055,49.04999923706055,50.5,204561,44.4915318619171
2022-10-21,50.900001525878906,51.09999847412109,49.650001525878906,49.84999847412109,155455,36.56387043345692
2022-10-24,50.0,52.0,49.54999923706055,50.900001525878906,59886,50.24156049406016
2022-10-25,50.09999847412109,51.29999923706055,50.09999847412109,50.25,187256,43.96135621806345
2022-10-27,50.34999847412109,51.5,50.04999923706055,50.29999923706055,188702,38.29787493075722
2022-10-28,50.59999847412109,51.0,49.54999923706055,49.900001525878906,149942,38.91892761274695
2022-10-31,50.5,50.5,48.150001525878906,48.59999847412109,156708,29.441621613248046
2022-11-01,48.84999847412109,49.0,47.79999923706055,48.79999923706055,217828,42.46574483461738
2022-11-02,48.900001525878906,50.70000076293945,48.75,48.900001525878906,431032,43.5374410928191
2022-11-03,49.25,49.45000076293945,48.20000076293945,48.5,182155,41.558455713147
2022-11-04,48.95000076293945,49.400001525878906,48.34999847412109,48.70000076293945,186625,43.870971870217815
2022-11-07,49.25,49.95000076293945,48.400001525878906,49.5,353421,52.17390068152674
2022-11-09,49.95000076293945,50.95000076293945,49.54999923706055,49.79999923706055,529200,41.22137671326223
2022-11-10,49.5,49.95000076293945,47.59999847412109,48.0,269770,33.962285879349224
2022-11-11,48.95000076293945,49.0,47.650001525878906,47.900001525878906,253393,33.75002503392699
2022-11-14,48.45000076293945,48.5,47.0,47.25,171188,33.75002503392702
2022-11-15,47.54999923706055,47.59999847412109,45.75,45.95000076293945,281485,20.000009247746718
2022-11-16,46.04999923706055,46.900001525878906,46.04999923706055,46.34999847412109,141359,25.62499046325682
2022-11-17,46.34999847412109,46.34999847412109,45.25,45.650001525878906,105800,23.12139340123349
2022-11-18,45.650001525878906,46.29999923706055,44.0,44.75,239003,21.857919852181553
2022-11-21,45.0,49.20000076293945,44.59999847412109,48.59999847412109,1083340,50.0
2022-11-22,49.20000076293945,49.20000076293945,46.29999923706055,46.650001525878906,319636,42.00743937251742
2022-11-23,46.95000076293945,53.150001525878906,46.75,50.150001525878906,3469640,53.70920082841234
2022-11-24,50.95000076293945,53.84999847412109,50.20000076293945,52.0,2263003,59.56284790896085
2022-11-25,52.0,52.45000076293945,51.25,51.400001525878906,476899,57.21925897306231
2022-11-28,51.75,55.0,51.400001525878906,53.95000076293945,2709040,60.88020517676239
2022-11-29,54.900001525878906,55.29999923706055,53.04999923706055,53.400001525878906,617734,58.69566379188178
2022-11-30,53.650001525878906,53.79999923706055,52.0,52.5,351458,61.36364336951263
2022-12-01,52.650001525878906,53.95000076293945,52.400001525878906,52.95000076293945,383297,62.53102164458402
2022-12-02,52.59999847412109,54.900001525878906,52.59999847412109,53.84999847412109,1023909,66.17647773804757
2022-12-05,54.09999847412109,55.29999923706055,52.900001525878906,53.5,522648,69.4087528637219
2022-12-06,53.54999923706055,58.5,52.95000076293945,57.400001525878906,3915071,74.07409192709957
2022-12-07,58.34999847412109,61.79999923706055,57.5,60.70000076293945,5576248,79.45206297552161
2022-12-08,61.45000076293945,65.9000015258789,61.0,64.5999984741211,5669771,84.76358487097102
2022-12-09,65.19999694824219,65.5,58.650001525878906,60.95000076293945,2836878,71.7813191161901
2022-12-12,60.79999923706055,64.69999694824219,59.29999923706055,63.79999923706055,2307181,79.31624687374027
2022-12-13,65.0,65.30000305175781,63.0,63.84999847412109,1600747,76.55039424471326
2022-12-14,64.25,64.25,60.54999923706055,61.400001525878906,1784130,67.80304245384576
2022-12-15,61.34999847412109,73.6500015258789,61.0,73.6500015258789,13317041,79.23785432082529
2022-12-16,75.55000305175781,88.3499984741211,75.55000305175781,88.3499984741211,25427700,84.26295582130952
2022-12-19,93.9499969482422,94.5999984741211,82.55000305175781,84.5999984741211,14243202,79.21348780146654
2022-12-20,84.4000015258789,93.0500030517578,83.25,93.0500030517578,7866002,83.26497962093858
2022-12-21,95.0,96.4499969482422,83.75,83.75,7127354,72.06303935549317
2022-12-22,82.69999694824219,82.69999694824219,75.4000015258789,75.4000015258789,5572895,63.948223417532574
2022-12-23,72.80000305175781,78.9000015258789,67.9000015258789,68.25,4245782,58.77453944279185
2022-12-26,70.0999984741211,71.6500015258789,68.80000305175781,71.6500015258789,1170644,58.527828115347695
2022-12-27,74.69999694824219,75.19999694824219,72.30000305175781,75.19999694824219,2301562,58.65154990300517
2022-12-28,76.0,78.94999694824219,73.6500015258789,78.94999694824219,7030451,58.5774055715288
2022-12-29,78.9000015258789,80.6500015258789,76.3499984741211,77.4000015258789,4851058,60.08583841558182
2022-12-30,78.80000305175781,79.4000015258789,76.44999694824219,77.5999984741211,2438794,58.74524776413507
2023-01-02,78.0,78.44999694824219,73.80000305175781,74.4000015258789,1324971,56.429009519402946
2023-01-03,74.94999694824219,75.94999694824219,71.6500015258789,72.9000015258789,1377492,57.09001313083858
2023-01-04,73.0999984741211,76.5,73.0999984741211,76.5,3460771,51.966872942919586
2023-01-05,77.0,77.5999984741211,73.5999984741211,74.9000015258789,1623399,38.668914049683245
2023-01-06,75.0,75.6500015258789,71.19999694824219,71.80000305175781,1175366,39.0971058334985
2023-01-09,72.80000305175781,73.9000015258789,70.44999694824219,70.9000015258789,649946,28.347988785159927
2023-01-10,71.4000015258789,71.4000015258789,68.5999984741211,69.19999694824219,551667,33.295054959685956
2023-01-11,69.19999694824219,71.25,68.6500015258789,69.6500015258789,451640,41.935482490269045
2023-01-12,69.69999694824219,71.80000305175781,68.5999984741211,69.5999984741211,583709,52.364270911692756
2023-01-13,69.94999694824219,70.30000305175781,68.4000015258789,68.75,294441,44.42307235221051
2023-01-16,69.4000015258789,69.94999694824219,65.69999694824219,66.44999694824219,432929,32.32323232323233
2023-01-17,66.69999694824219,69.75,64.3499984741211,69.69999694824219,2102377,30.927835051546396
2023-01-18,69.5999984741211,71.9000015258789,68.30000305175781,69.5,1486225,32.75108952077744
2023-01-19,69.0,70.0,67.5,67.9000015258789,702985,30.041161049277093
2023-01-20,68.4000015258789,68.4000015258789,65.6500015258789,65.94999694824219,518436,31.67028055968285
2023-01-23,66.0,69.19999694824219,66.0,67.1500015258789,962853,37.362645838713036
2023-01-24,67.69999694824219,67.69999694824219,65.30000305175781,65.69999694824219,281762,23.78642754341898
2023-01-25,65.55000305175781,65.9000015258789,63.0,63.20000076293945,263635,22.79072003855147
2023-01-27,63.29999923706055,64.19999694824219,60.04999923706055,60.5,336907,23.2227686936248
2023-01-30,59.5,62.45000076293945,58.20000076293945,59.900001525878906,399255,23.557715585225395
2023-01-31,61.25,62.84999847412109,60.29999923706055,62.84999847412109,338353,35.60091746452332
2023-02-01,64.4000015258789,65.94999694824219,60.150001525878906,60.79999923706055,1194890,31.28963997814735
2023-02-02,60.0,61.95000076293945,58.400001525878906,59.95000076293945,323934,30.26585396715241
2023-02-03,60.09999847412109,61.09999847412109,57.04999923706055,59.25,534870,30.45267735200389
2023-02-06,59.0,60.09999847412109,58.34999847412109,59.04999923706055,274076,33.3333390611068
2023-02-07,60.09999847412109,62.29999923706055,57.75,59.04999923706055,1229048,21.899743318190616
2023-02-08,59.0,60.09999847412109,56.79999923706055,57.29999923706055,541608,20.243906115293512
2023-02-09,57.95000076293945,59.59999847412109,57.04999923706055,58.04999923706055,625803,24.936387756397565
2023-02-10,58.04999923706055,58.79999923706055,56.79999923706055,57.150001525878906,315081,26.34409638633285
2023-02-13,57.400001525878906,57.95000076293945,55.20000076293945,55.650001525878906,285139,19.576709751903294
2023-02-14,57.95000076293945,63.95000076293945,55.5,61.0,3414820,39.69298363025525
2023-02-15,60.5,64.25,59.34999847412109,61.25,1808591,45.25547065865462
2023-02-16,61.29999923706055,61.84999847412109,59.04999923706055,59.70000076293945,798986,47.9381452421164
2023-02-17,59.5,60.900001525878906,58.25,59.0,526955,47.69230287690886
2023-02-20,59.0,59.900001525878906,57.59999847412109,59.0,490840,38.36858145314422
2023-02-21,58.650001525878906,59.75,57.150001525878906,57.84999847412109,334442,40.57507605629956
2023-02-22,57.54999923706055,57.54999923706055,55.900001525878906,56.25,162859,38.71950829475797
2023-02-23,56.5,57.150001525878906,55.54999923706055,55.900001525878906,272942,39.563864705365056
2023-02-24,56.900001525878906,57.70000076293945,55.0,56.20000076293945,352923,41.17647197767209
2023-02-27,56.09999847412109,56.09999847412109,54.09999847412109,54.29999923706055,209585,36.8421019262007
2023-02-28,54.54999923706055,55.95000076293945,54.04999923706055,55.54999923706055,482937,45.01424371379025
2023-03-01,56.0,57.75,55.54999923706055,56.79999923706055,470540,46.53739524373702
2023-03-02,57.0,57.45000076293945,55.45000076293945,55.84999847412109,227820,46.40883104599006
2023-03-03,56.75,57.900001525878906,56.04999923706055,56.95000076293945,497123,53.672314070693446
2023-03-06,57.09999847412109,62.0,57.0,59.79999923706055,1820392,46.05262926741001
2023-03-08,59.75,62.70000076293945,58.20000076293945,62.400001525878906,1885555,53.27635705386308
2023-03-09,62.400001525878906,63.900001525878906,60.400001525878906,60.650001525878906,1280931,52.676057912035034
2023-03-10,60.0,64.5999984741211,59.25,63.84999847412109,2486844,61.97530487437305
2023-03-13,64.75,64.75,59.04999923706055,59.400001525878906,957516,50.809719788057244
2023-03-14,60.20000076293945,60.20000076293945,57.150001525878906,58.150001525878906,700022,50.60484497405853
2023-03-15,59.0,60.75,58.150001525878906,58.59999847412109,984051,54.96828558266651
2023-03-16,58.95000076293945,58.95000076293945,57.04999923706055,58.04999923706055,437091,54.50733373714218
2023-03-17,58.900001525878906,59.70000076293945,58.04999923706055,58.54999923706055,264198,54.885652643276416
2023-03-20,58.0,59.75,57.900001525878906,58.54999923706055,301864,59.593682101814395
2023-03-21,58.79999923706055,60.25,58.09999847412109,58.5,380750,57.04057692080085
2023-03-22,58.95000076293945,60.20000076293945,58.20000076293945,58.5,407915,54.314724252478825
2023-03-23,59.0,60.34999847412109,58.400001525878906,58.95000076293945,635397,58.07292551423431
2023-03-24,59.25,59.25,56.70000076293945,57.150001525878906,254181,50.50251473020205
2023-03-27,57.20000076293945,57.59999847412109,54.59999847412109,55.20000076293945,211078,37.894735996742625
2023-03-28,56.04999923706055,57.20000076293945,53.20000076293945,54.45000076293945,340222,26.822141805836424
2023-03-29,53.54999923706055,58.70000076293945,53.54999923706055,58.150001525878906,751776,43.45549424519687
2023-03-31,58.79999923706055,59.79999923706055,56.0,57.45000076293945,536326,30.722892258437085
2023-04-03,58.20000076293945,59.79999923706055,57.70000076293945,58.70000076293945,702365,47.38805640856439
2023-04-05,59.400001525878906,59.900001525878906,58.5,59.04999923706055,393106,53.59999194335692
2023-04-06,59.09999847412109,59.84999847412109,58.5,59.400001525878906,415388,53.22581836013571
2023-04-10,60.09999847412109,61.45000076293945,59.400001525878906,59.650001525878906,442098,56.611578455224446
2023-04-11,60.0,60.34999847412109,58.70000076293945,59.54999923706055,287108,54.273502601492105
2023-04-12,60.0,71.44999694824219,59.400001525878906,71.4000015258789,12340151,77.28237482410687
2023-04-13,70.4000015258789,78.80000305175781,68.0,71.9000015258789,23546006,77.91666097111353
2023-04-17,70.0,74.5,69.4000015258789,70.30000305175781,5243331,73.04687546566117
2023-04-18,71.30000305175781,71.44999694824219,67.25,68.3499984741211,1548210,67.34316286147234
2023-04-19,68.5,71.3499984741211,67.55000305175781,69.55000305175781,1933488,73.39621582249144
2023-04-20,69.4000015258789,70.0,67.80000305175781,68.30000305175781,667692,75.3875870707858
2023-04-21,68.4000015258789,72.30000305175781,66.75,70.4000015258789,2937791,79.3738363598223
2023-04-24,70.80000305175781,72.44999694824219,69.25,71.1500015258789,1358994,76.85949058369252
2023-04-25,71.5999984741211,75.05000305175781,70.3499984741211,74.44999694824219,3176598,81.71640266738368
2023-04-26,74.5,77.30000305175781,73.5,73.9000015258789,4033327,79.11877285438278
2023-04-27,74.1500015258789,74.19999694824219,71.5,72.25,1091706,74.08758793815235
2023-04-28,72.75,73.69999694824219,72.1500015258789,72.75,978643,74.22866968297723
2023-05-02,73.1500015258789,76.69999694824219,72.5,73.69999694824219,2344664,74.86724853515625
2023-05-03,73.80000305175781,76.44999694824219,73.30000305175781,74.8499984741211,1815151,76.10921439497534
2023-05-04,75.3499984741211,81.9000015258789,75.0999984741211,78.30000305175781,6636451,66.50717947875543
2023-05-05,78.5999984741211,79.8499984741211,74.19999694824219,75.1500015258789,2574942,56.900211420052045
2023-05-08,75.5,75.5999984741211,72.69999694824219,73.0999984741211,892598,55.833321942227066
2023-05-09,73.5999984741211,75.0,71.5,72.44999694824219,946635,59.03083182229901
2023-05-10,72.80000305175781,73.25,69.94999694824219,72.3499984741211,838143,56.481471342967794
2023-05-11,72.9000015258789,74.3499984741211,72.3499984741211,73.1500015258789,832497,61.46571660570967
2023-05-12,73.6500015258789,73.9000015258789,71.69999694824219,72.1500015258789,469378,54.36408911131456
2023-05-15,72.55000305175781,72.55000305175781,70.25,70.69999694824219,478815,48.915652018847354
2023-05-16,71.0999984741211,72.6500015258789,70.9000015258789,71.6500015258789,472939,42.39132372776852
2023-05-17,72.30000305175781,74.44999694824219,71.44999694824219,73.4000015258789,1573974,48.724491186112644
2023-05-18,73.0,73.0,68.80000305175781,69.1500015258789,1348895,43.018027693302734
2023-05-19,69.9000015258789,69.94999694824219,66.3499984741211,67.6500015258789,622714,39.00863337600748
2023-05-22,67.94999694824219,68.6500015258789,66.0,66.4000015258789,607911,34.468109973556864
2023-05-23,66.69999694824219,69.0999984741211,66.6500015258789,67.55000305175781,613178,34.468109973556864
2023-05-24,67.69999694824219,69.0,67.5,67.94999694824219,280030,24.694376710550273
2023-05-25,68.0999984741211,68.69999694824219,67.3499984741211,67.6500015258789,256994,28.6931892071848
2023-05-26,67.69999694824219,69.8499984741211,67.69999694824219,68.19999694824219,497240,34.78260251466763
2023-05-29,68.6500015258789,70.30000305175781,67.80000305175781,69.0,549914,39.38462477463942
2023-05-30,68.5999984741211,69.1500015258789,67.80000305175781,68.19999694824219,225811,37.7581108994086
2023-05-31,68.19999694824219,68.5999984741211,67.5999984741211,67.9000015258789,201155,34.04255023110808
2023-06-01,68.4000015258789,69.4000015258789,67.80000305175781,68.19999694824219,380375,37.46029685382994
2023-06-02,68.55000305175781,69.19999694824219,67.80000305175781,67.9000015258789,235287,40.41096355705775
2023-06-05,68.0999984741211,69.69999694824219,67.8499984741211,68.25,612316,37.857117555538
2023-06-06,68.5,73.30000305175781,68.30000305175781,72.55000305175781,2779802,47.43202570117908
2023-06-07,73.0999984741211,75.19999694824219,72.5999984741211,74.5,1713808,68.77195462189464
2023-06-08,74.69999694824219,75.3499984741211,72.05000305175781,72.75,753285,67.58622939468287
2023-06-09,72.05000305175781,72.6500015258789,71.05000305175781,71.44999694824219,263288,67.35395981846736
2023-06-12,71.9000015258789,73.05000305175781,71.19999694824219,71.75,439608,65.3284765025472
2023-06-13,71.75,75.5999984741211,71.75,74.4000015258789,1479642,70.21946362689701
2023-06-14,74.5,79.9000015258789,73.4000015258789,76.1500015258789,7963914,74.425295924148
2023-06-15,76.3499984741211,77.69999694824219,74.1500015258789,75.05000305175781,2099441,69.08080018973607
2023-06-16,75.4000015258789,76.4000015258789,74.25,75.5,847610,68.4659186966213
2023-06-19,75.9000015258789,76.6500015258789,74.8499984741211,75.30000305175781,587457,70.88238963622118
2023-06-20,75.69999694824219,79.4000015258789,74.25,78.19999694824219,3702512,76.27552102775817
2023-06-21,78.5,78.8499984741211,75.80000305175781,76.3499984741211,1155314,69.2671555975443
2023-06-22,76.0,79.19999694824219,76.0,77.19999694824219,1420110,71.42857142857143
2023-06-23,77.19999694824219,77.94999694824219,73.4000015258789,74.05000305175781,750255,61.836748293972896
2023-06-26,74.0,74.6500015258789,71.44999694824219,72.0,894075,48.76403723832873
2023-06-27,72.4000015258789,75.25,72.1500015258789,73.44999694824219,1376842,47.58619818760537
2023-06-28,73.80000305175781,74.4000015258789,72.19999694824219,72.94999694824219,609871,50.48779779782016
2023-06-30,73.0,73.75,71.75,71.8499984741211,465945,50.98522639592687
2023-07-03,72.25,74.94999694824219,71.5999984741211,72.80000305175781,1189999,52.50597606079631
2023-07-04,73.0,73.55000305175781,71.8499984741211,72.44999694824219,502505,44.772101840424035
2023-07-05,72.44999694824219,76.5999984741211,72.25,75.55000305175781,2203284,48.50000324249391
2023-07-06,75.8499984741211,77.5999984741211,75.5999984741211,76.05000305175781,1512546,52.57732039849048
2023-07-07,76.19999694824219,78.0,74.5,77.0999984741211,1199207,53.999997711180775
2023-07-10,77.69999694824219,85.5,77.55000305175781,82.0,7210609,63.56274853450741
2023-07-11,82.4000015258789,83.4000015258789,79.5,80.5,1860573,54.93562821998062
2023-07-12,81.05000305175781,81.0999984741211,78.44999694824219,79.3499984741211,1028743,56.637166349112896
2023-07-13,79.94999694824219,82.69999694824219,76.94999694824219,78.1500015258789,1739605,52.06972633583357
2023-07-14,78.69999694824219,81.69999694824219,78.25,81.25,1318607,65.72051106928086
2023-07-17,81.25,82.5,80.05000305175781,80.9000015258789,686096,70.99056510409264
2023-07-18,81.5,83.5999984741211,78.25,81.44999694824219,1684518,69.70443053531281
2023-07-19,82.0,91.9000015258789,81.75,83.44999694824219,9737677,74.08256543604784
2023-07-20,84.0,84.1500015258789,80.5,81.94999694824219,2461047,72.747739620503
2023-07-21,81.80000305175781,82.94999694824219,80.55000305175781,81.69999694824219,1185550,70.69766022438228
2023-07-24,81.94999694824219,82.80000305175781,80.5,82.0999984741211,983266,72.38979947964333
2023-07-25,82.0999984741211,82.6500015258789,80.80000305175781,81.05000305175781,548809,64.1025751378574
2023-07-26,81.5999984741211,83.94999694824219,80.80000305175781,81.80000305175781,1411738,64.5569732719891
2023-07-27,82.30000305175781,84.75,81.80000305175781,82.69999694824219,791817,64.28572262689622
2023-07-28,82.94999694824219,83.0,79.0999984741211,79.55000305175781,844421,43.13725406388697
2023-07-31,80.0,80.6500015258789,77.55000305175781,78.05000305175781,1211902,43.13725406388697
2023-08-01,78.94999694824219,81.9000015258789,78.55000305175781,80.0,1253319,51.74263414562308
2023-08-02,80.0,80.5,77.4000015258789,78.75,742532,51.60427622036822
2023-08-03,78.25,78.75,77.0,77.80000305175781,470811,39.577031197130054
2023-08-04,78.5999984741211,78.94999694824219,77.6500015258789,78.25,395385,42.04202360305084
2023-08-07,78.3499984741211,79.4000015258789,77.1500015258789,77.75,690946,38.8554144881496
2023-08-08,78.3499984741211,79.25,76.75,76.9000015258789,528734,28.8025682214691
2023-08-09,75.0,75.0,73.30000305175781,73.75,862112,26.023366504143965
2023-08-10,74.25,74.8499984741211,73.1500015258789,73.94999694824219,414658,27.272690661337577
2023-08-11,74.19999694824219,74.44999694824219,72.69999694824219,73.0,269021,24.147684539567365
2023-08-14,73.0,73.0,70.6500015258789,71.44999694824219,303611,23.480610352385767
2023-08-16,71.69999694824219,73.75,71.44999694824219,73.4000015258789,376773,28.238315649327376
2023-08-17,73.9000015258789,75.0,73.0,73.75,563659,26.133322048601926
2023-08-18,73.75,74.0999984741211,72.44999694824219,72.6500015258789,265698,29.341299583672352
2023-08-21,72.94999694824219,73.19999694824219,71.9000015258789,72.3499984741211,148139,31.612879408746252
2023-08-22,72.80000305175781,74.3499984741211,72.55000305175781,73.8499984741211,305014,29.568095028320016
2023-08-23,74.3499984741211,77.5,74.0,74.55000305175781,1622578,35.51725190261314
2023-08-24,75.1500015258789,77.69999694824219,74.5999984741211,76.5,1476555,45.806441768523186
2023-08-25,76.30000305175781,77.5,74.69999694824219,76.1500015258789,615768,43.181823811536134
2023-08-28,76.69999694824219,76.80000305175781,75.25,75.5,324952,42.765274731744654
2023-08-29,75.8499984741211,78.5999984741211,75.4000015258789,75.8499984741211,1426599,46.51161847560166
2023-08-30,76.25,77.4000015258789,75.75,76.0,442988,59.336097220621774
2023-08-31,76.5,76.55000305175781,74.4000015258789,74.9000015258789,290774,53.66797004565264
2023-09-01,75.44999694824219,76.25,75.0,75.25,337956,59.109307238963645
2023-09-04,75.1500015258789,76.94999694824219,75.1500015258789,75.75,383045,69.02655703747314
2023-09-05,76.30000305175781,78.80000305175781,75.30000305175781,76.19999694824219,961489,64.28569760335694
2023-09-06,76.4000015258789,84.69999694824219,76.19999694824219,82.44999694824219,7440549,77.70700203612543
2023-09-07,83.0,83.4000015258789,80.0999984741211,80.5,2522315,73.7160140344019
2023-09-08,80.94999694824219,81.5999984741211,79.05000305175781,79.5,834470,70.72465127017313
2023-09-11,81.5,85.69999694824219,78.9000015258789,84.25,3728697,75.36586682049517
2023-09-12,84.5999984741211,84.75,77.0,78.0999984741211,1814255,56.84007106658979
2023-09-13,78.5999984741211,79.8499984741211,75.30000305175781,77.9000015258789,1083358,52.89256641280528
2023-09-14,78.55000305175781,80.44999694824219,78.0999984741211,78.75,705527,55.26315708188815
2023-09-15,79.1500015258789,84.25,78.55000305175781,81.80000305175781,2831424,61.62362579355583
2023-09-18,82.44999694824219,84.4000015258789,80.0999984741211,80.75,1602762,58.812953835843395
2023-09-20,79.69999694824219,81.05000305175781,77.80000305175781,78.6500015258789,849233,54.45378521928168
2023-09-21,78.6500015258789,79.75,75.19999694824219,76.9000015258789,660808,53.28947434464993
2023-09-22,77.44999694824219,78.1500015258789,76.0999984741211,76.3499984741211,777988,51.79738321727594
2023-09-25,76.94999694824219,78.80000305175781,76.69999694824219,77.6500015258789,549931,53.02547998972704
2023-09-26,77.94999694824219,78.55000305175781,76.8499984741211,77.25,480140,51.67464568952677
2023-09-27,77.6500015258789,77.8499984741211,76.75,77.44999694824219,342544,40.11857826702395
2023-09-28,77.8499984741211,79.5,76.4000015258789,76.6500015258789,657922,42.02898917005145
2023-09-29,77.0999984741211,77.5,76.25,76.6500015258789,345990,43.844496141965394
2023-10-03,76.6500015258789,76.80000305175781,75.0999984741211,75.6500015258789,281307,27.83505722242083
2023-10-04,75.6500015258789,75.69999694824219,73.5,74.5,348409,37.50000662273761
2023-10-05,74.94999694824219,76.0999984741211,74.25,74.69999694824219,276247,38.88887417169421
2023-10-06,75.25,75.5,74.0999984741211,75.0999984741211,281144,36.91756154786418
2023-10-09,74.9000015258789,76.30000305175781,72.69999694824219,73.44999694824219,618774,16.733051501744114
2023-10-10,73.94999694824219,74.9000015258789,73.44999694824219,74.05000305175781,421329,22.314076162756976
2023-10-11,74.6500015258789,75.75,74.05000305175781,74.3499984741211,303277,29.126204962512276
2023-10-12,74.94999694824219,76.0999984741211,74.55000305175781,74.94999694824219,352930,39.34423905765737
2023-10-13,74.94999694824219,78.5,74.4000015258789,76.5999984741211,1532391,51.21951219512195
2023-10-16,76.94999694824219,86.0,76.44999694824219,81.6500015258789,9491995,64.28571428571428
2023-10-17,82.4000015258789,87.5999984741211,80.0999984741211,85.19999694824219,7622691,73.1778419171096
2023-10-18,85.5,86.75,81.55000305175781,82.19999694824219,3132493,61.90476372583738
2023-10-19,81.5999984741211,87.0,81.30000305175781,85.0999984741211,2495835,69.16098816042694
2023-10-20,84.5,85.3499984741211,81.69999694824219,82.55000305175781,1453758,61.99187376390619
2023-10-23,82.94999694824219,84.44999694824219,74.4000015258789,75.05000305175781,1654164,49.03537218077299
2023-10-25,76.19999694824219,77.69999694824219,72.5,75.5,1183922,51.64473717232497
2023-10-26,74.5,75.94999694824219,72.25,75.05000305175781,792876,50.5709725501051
2023-10-27,75.0999984741211,78.1500015258789,75.0999984741211,76.75,621377,52.58216287556871
2023-10-30,76.5,78.5,75.30000305175781,76.75,714782,55.4455517842215
2023-10-31,76.80000305175781,81.9000015258789,76.80000305175781,80.3499984741211,2317994,59.45945822102117
2023-11-01,80.4000015258789,81.94999694824219,77.5999984741211,78.0,788075,55.16266373260373
2023-11-02,78.6500015258789,79.94999694824219,77.4000015258789,78.4000015258789,619802,54.90754754699133
2023-11-03,79.0,80.44999694824219,78.05000305175781,79.4000015258789,961682,54.057977232107504
2023-11-06,78.80000305175781,80.05000305175781,77.5999984741211,78.0,427565,44.0842730765816
2023-11-07,78.3499984741211,78.5999984741211,76.0999984741211,76.8499984741211,467960,35.32512898240465
2023-11-08,77.5,79.05000305175781,77.05000305175781,78.19999694824219,580021,42.53731003368322
2023-11-09,78.6500015258789,78.80000305175781,76.6500015258789,77.0,304496,33.86453408229113
2023-11-10,76.5999984741211,77.75,76.1500015258789,76.80000305175781,284170,37.362628886550326
2023-11-13,75.69999694824219,77.1500015258789,75.69999694824219,76.8499984741211,283154,55.882345608031116
2023-11-15,77.9000015258789,78.55000305175781,77.25,77.44999694824219,320705,56.310677214502284
2023-11-16,77.0,78.44999694824219,77.0,77.8499984741211,456339,59.090902335240855
2023-11-17,78.0,79.4000015258789,77.80000305175781,78.8499984741211,608442,57.14285714285714
2023-11-20,79.5,79.5,77.0999984741211,77.5999984741211,232733,52.66457380355946
2023-11-21,77.6500015258789,78.25,77.44999694824219,77.80000305175781,246380,39.840651982153894
2023-11-22,78.4000015258789,78.4000015258789,76.30000305175781,76.6500015258789,290770,44.052869358532526
2023-11-23,76.9000015258789,79.05000305175781,76.80000305175781,77.19999694824219,425193,44.78258533151731
2023-11-24,77.4000015258789,78.55000305175781,77.0999984741211,77.5,289667,41.20369291108855
2023-11-28,77.6500015258789,83.4000015258789,77.6500015258789,81.1500015258789,2296248,62.06897559703687
2023-11-29,81.94999694824219,82.69999694824219,79.75,80.0,693864,62.06897559703687
2023-11-30,80.30000305175781,81.19999694824219,78.5,79.25,473604,54.21688075958148
2023-12-01,79.8499984741211,83.5,79.19999694824219,81.75,1326964,67.27272727272728
2023-12-04,83.0999984741211,95.8000030517578,81.75,93.1500015258789,13413650,82.76552199268129
2023-12-05,93.25,95.9000015258789,91.0500030517578,93.5500030517578,5117346,83.00394768227837
2023-12-06,93.0,108.3499984741211,92.0999984741211,104.4499969482422,17627702,87.92134181310387
2023-12-07,105.25,105.5,98.8000030517578,100.5500030517578,4286055,79.02813997890692
2023-12-08,100.6500015258789,107.5500030517578,99.25,103.6500015258789,5110920,80.09709331157593
2023-12-11,103.0,107.5500030517578,100.8000030517578,104.8499984741211,3367289,83.11057599248885
2023-12-12,104.9499969482422,113.9000015258789,101.6999969482422,109.0500030517578,8245998,84.60687068047783
2023-12-13,109.5999984741211,114.0,107.5999984741211,111.5999984741211,4882996,87.54028583603758
2023-12-14,112.0,112.25,107.0500030517578,108.0,2371865,81.04839590412183
2023-12-15,108.3499984741211,112.6500015258789,106.1999969482422,108.0500030517578,3502027,80.95238978653455
2023-12-18,108.0999984741211,109.4000015258789,106.5,107.75,1318659,78.91304661511073
2023-12-19,108.0,108.8000030517578,104.4499969482422,106.0999984741211,1330438,78.0645190929321
2023-12-20,106.5999984741211,108.0,95.0,96.75,2153529,65.88022042446025
2023-12-21,96.75,102.0,94.5999984741211,101.1500015258789,1796695,67.01754747592156
2023-12-22,102.25,108.1999969482422,102.0500030517578,106.1999969482422,4144975,62.882526121080716
2023-12-26,106.9000015258789,108.6500015258789,104.5500030517578,107.5,2072724,63.53055310533451
2023-12-27,108.0,108.9000015258789,104.5,105.0,994803,50.63731532972779
2023-12-28,106.25,113.5500030517578,103.3000030517578,109.5999984741211,5460484,60.319265378885156
2023-12-29,110.3499984741211,113.25,108.6999969482422,110.6999969482422,3029898,58.42293390610614
2024-01-01,111.1999969482422,119.4000015258789,110.4499969482422,115.1500015258789,5792701,61.41907057408903
2024-01-02,115.5,123.1999969482422,114.4499969482422,116.6999969482422,5709532,59.01059416542688
2024-01-03,117.0,118.4499969482422,114.8000030517578,115.5,1766532,54.744527579891
2024-01-04,116.4000015258789,117.8499984741211,114.5500030517578,115.5500030517578,1400413,60.05326556345562
2024-01-05,116.0,116.0,111.0,112.5,1423384,55.487048845054645
2024-01-08,113.0,113.0,108.5500030517578,109.25,1266244,51.72413793103448
2024-01-09,110.0999984741211,113.5,109.9000015258789,110.5500030517578,1660711,55.15643617644816
2024-01-10,110.5,110.5500030517578,107.4000015258789,108.6999969482422,733434,66.76015971860492
2024-01-11,109.3499984741211,111.5,108.5999984741211,109.3000030517578,1067942,62.79434538745211
2024-01-12,110.0999984741211,113.5500030517578,108.5,109.5500030517578,1370116,56.19224368918344
2024-01-15,109.5500030517578,114.5,106.4000015258789,110.3499984741211,2407019,55.36722660557024
2024-01-16,110.3499984741211,114.8000030517578,108.1999969482422,111.6999969482422,2717398,63.188965616674174
2024-01-17,109.8499984741211,114.5,108.5999984741211,112.0,2175693,55.68720370578617
2024-01-18,111.8000030517578,115.9000015258789,108.0,110.9499969482422,2637472,50.59382371148519
2024-01-19,111.8000030517578,115.6999969482422,111.6999969482422,112.75,1924126,43.47826267235053
2024-01-23,120.4000015258789,123.3000030517578,113.0,114.4499969482422,2911203,43.93531595944372
2024-01-24,113.0,119.0,110.5999984741211,118.1500015258789,2064430,56.294532684757094
2024-01-25,119.0999984741211,124.3499984741211,117.3499984741211,119.4499969482422,3651431,58.74437375380966
2024-01-29,120.4000015258789,121.5999984741211,117.0999984741211,118.0,1739081,63.28501632026045
2024-01-30,118.8499984741211,118.9000015258789,112.5500030517578,113.1999969482422,1032425,58.87639154917414
2024-01-31,113.8000030517578,116.6999969482422,112.25,114.8499984741211,1138355,59.513258428028415
2024-02-01,115.0500030517578,118.9499969482422,110.5,112.9000015258789,2160984,59.25110953892586
2024-02-02,113.75,114.4000015258789,109.9000015258789,110.6500015258789,1352471,52.772070962459956
2024-02-05,110.9499969482422,111.4499969482422,103.3499984741211,104.0500030517578,1142811,41.042344386430116
2024-02-06,104.4000015258789,108.5,103.6999969482422,107.1999969482422,870557,45.234490223639426
2024-02-07,107.3000030517578,109.5999984741211,106.6500015258789,108.0,567152,44.3076970027043
2024-02-08,109.0999984741211,109.0999984741211,105.0999984741211,106.3000030517578,427473,41.59292334145034
2024-02-09,107.0,107.4000015258789,99.6999969482422,101.0999984741211,719833,37.056505047130806
2024-02-12,101.8499984741211,101.8499984741211,95.1500015258789,96.0,785989,29.746065648602013
2024-02-13,97.4499969482422,100.8499984741211,93.0500030517578,98.0999984741211,1174849,30.419159925844085
2024-02-14,97.0,99.4000015258789,94.1999969482422,97.25,706150,23.136235341603836
2024-02-15,96.5,104.75,96.5,100.8000030517578,1389928,27.33900770022015
2024-02-16,101.5999984741211,102.25,99.0999984741211,99.9000015258789,414890,27.709360647318434
2024-02-19,99.9000015258789,103.9499969482422,99.8499984741211,101.6999969482422,728707,34.70744308490585
2024-02-20,101.75,103.0,100.1500015258789,101.0500030517578,374904,31.147538591517232
2024-02-21,101.6500015258789,103.3499984741211,98.4000015258789,99.5999984741211,561132,31.578938469868547
2024-02-22,100.5500030517578,100.5500030517578,97.6999969482422,98.9000015258789,268027,32.99565245810126
2024-02-23,98.9499969482422,101.0,98.0,98.8000030517578,384262,40.64170715732716
2024-02-26,99.3499984741211,99.4000015258789,97.5,97.8000030517578,268613,31.85328935973159
2024-02-27,97.8499984741211,103.3000030517578,97.8499984741211,99.5,491159,34.141783821576865
2024-02-28,100.9000015258789,101.1999969482422,95.5500030517578,96.3499984741211,309165,32.38936767290984
2024-02-29,96.9000015258789,97.0500030517578,93.8499984741211,95.9000015258789,619294,38.93616952201002
2024-03-01,97.0,102.0,96.1500015258789,97.0500030517578,240950,52.685431476677024
2024-03-04,99.0500030517578,99.5,97.0,97.1999969482422,286062,47.44317504492032
2024-03-05,97.1999969482422,98.0,95.0,95.4499969482422,195630,45.135122874593314
2024-03-06,95.9499969482422,95.9499969482422,91.0,92.0999984741211,313460,26.22946992326834
2024-03-07,92.3000030517578,95.4000015258789,92.0,92.3499984741211,374731,28.61186348511174
2024-03-11,92.3499984741211,94.6999969482422,90.05000305175781,91.3499984741211,324542,19.287807762611138
2024-03-12,91.5,91.6500015258789,85.75,88.4000015258789,455243,16.971251703667036
2024-03-13,88.5,89.6500015258789,75.44999694824219,79.0999984741211,540890,12.037015582623354
2024-03-14,77.75,85.25,76.4000015258789,83.05000305175781,695699,23.80164880715337
2024-03-15,82.9000015258789,85.5,78.5,83.5,489259,24.99998753366539
2024-03-18,84.1500015258789,85.3499984741211,82.8499984741211,84.1500015258789,230983,27.438008316420508
2024-03-19,84.44999694824219,85.0,80.0999984741211,80.94999694824219,554415,20.78739676888536
2024-03-20,81.4000015258789,82.5999984741211,78.30000305175781,80.80000305175781,416395,22.95652252370357
2024-03-21,81.25,83.25,81.0999984741211,81.9000015258789,404708,26.1904712475568
2024-03-22,81.75,84.19999694824219,81.30000305175781,82.5,352965,24.783348927097933
2024-03-26,82.0,83.1500015258789,80.5,80.94999694824219,259507,23.14049586776858
2024-03-27,81.05000305175781,84.19999694824219,80.8499984741211,82.8499984741211,769443,29.276319339334606
2024-03-28,83.25,83.44999694824219,80.5,81.0,496395,30.79585140474569
2024-04-01,81.69999694824219,87.69999694824219,81.5,86.8499984741211,576700,42.02898550724638
2024-04-02,86.0,89.5999984741211,85.55000305175781,88.44999694824219,460461,45.86894351574252
2024-04-03,88.5,93.3000030517578,87.94999694824219,92.0500030517578,1112414,55.10489614955742
2024-04-04,93.0500030517578,93.4499969482422,90.8000030517578,91.9000015258789,310101,74.06015059159347
2024-04-05,92.1999969482422,94.4499969482422,91.0999984741211,93.25,475442,71.24999364217125
2024-04-08,93.9000015258789,93.9000015258789,91.0,91.5999984741211,183628,66.07142262448099
2024-04-09,91.5999984741211,94.1500015258789,90.8000030517578,91.0500030517578,310127,63.745023795505446
2024-04-10,92.0,93.5999984741211,90.4000015258789,92.5,382151,74.7323502792
2024-04-12,92.0,93.6500015258789,88.1500015258789,89.44999694824219,287464,66.47617885044643
2024-04-15,88.75,89.44999694824219,84.44999694824219,87.4000015258789,362016,60.11029525199163
2024-04-16,87.5,90.0,87.4000015258789,88.80000305175781,265875,61.250005449567524
2024-04-18,89.5,90.3000030517578,86.05000305175781,86.5999984741211,214005,59.86038608196126
2024-04-19,86.30000305175781,87.69999694824219,84.0,86.80000305175781,235785,57.328393147870656
2024-04-22,87.44999694824219,90.75,87.25,89.69999694824219,363221,65.53570883614677
2024-04-23,90.0,90.9499969482422,88.80000305175781,90.5999984741211,244778,58.1344891616273
2024-04-24,90.8499984741211,95.0,90.8499984741211,92.6500015258789,1149064,58.93617705124321
2024-04-25,93.0,93.0,91.3000030517578,92.3499984741211,315235,50.742562758365466
2024-04-26,92.8000030517578,96.5,91.5500030517578,92.75,1341289,52.07823541284341
2024-04-29,93.75,95.8499984741211,92.3000030517578,93.6999969482422,628486,51.12218673254204
2024-04-30,94.1999969482422,94.1999969482422,92.25,92.75,208660,52.97158040455902
2024-05-02,92.9499969482422,94.4000015258789,91.5,92.75,334537,54.521267745441264
2024-05-03,93.5,95.0,91.5,92.1999969482422,297528,49.162003077329665
2024-05-06,93.0,93.5999984741211,89.5,90.1500015258789,247449,52.07101927347403
2024-05-07,89.80000305175781,89.80000305175781,86.44999694824219,86.8499984741211,277964,48.48484084208296
2024-05-08,86.80000305175781,88.19999694824219,86.0,87.4000015258789,170446,45.95375531356131
2024-05-09,87.9000015258789,88.8499984741211,84.19999694824219,84.6500015258789,189562,44.53782554209288
2024-05-10,84.1500015258789,85.44999694824219,83.0,84.75,160305,44.22534351617519
2024-05-13,85.0,85.5,82.19999694824219,83.69999694824219,140243,31.132086335906237
2024-05-14,84.0,87.94999694824219,83.30000305175781,86.05000305175781,245249,36.88763163993158
2024-05-15,86.05000305175781,88.8499984741211,86.05000305175781,87.5999984741211,243942,35.01483316761481
2024-05-16,88.0,88.0,86.5,86.75,83021,33.9080517728914
2024-05-17,87.44999694824219,89.0,87.05000305175781,87.80000305175781,202976,36.288099414586746
2024-05-21,89.0,92.1999969482422,87.4000015258789,91.4000015258789,452763,44.444456730101166
2024-05-22,92.1500015258789,93.75,91.0,91.9000015258789,368794,47.901239126233094
2024-05-23,92.5,93.0999984741211,89.5999984741211,90.3000030517578,212250,44.393601226848176
2024-05-24,90.9000015258789,98.3499984741211,90.6999969482422,94.5999984741211,2012755,54.687503259629175
2024-05-27,95.0999984741211,98.0,94.9000015258789,95.8000030517578,863112,61.414140978220594
2024-05-28,96.1500015258789,96.75,92.5500030517578,93.6500015258789,263443,64.40678240067243
2024-05-29,95.5,95.5,92.8000030517578,94.0500030517578,400968,64.17910496320482
2024-05-30,94.0,94.0,90.9000015258789,91.3499984741211,204177,64.31622719415108
2024-05-31,91.8499984741211,92.5,89.9000015258789,90.6500015258789,149881,62.29166593816569
2024-06-03,93.9499969482422,95.9000015258789,92.0999984741211,92.6500015258789,624458,67.93587762636892
2024-06-04,94.3499984741211,94.3499984741211,77.9000015258789,85.80000305175781,513809,49.57555173869903
2024-06-05,86.5,88.5999984741211,83.4000015258789,87.55000305175781,325076,49.91569069175318
2024-06-06,88.94999694824219,92.1999969482422,88.3499984741211,90.8000030517578,297465,56.31825688942591
2024-06-07,91.4499969482422,93.5999984741211,91.4499969482422,92.5500030517578,249598,57.251908396946554
2024-06-10,94.44000244140624,101.8000030517578,92.6999969482422,100.55999755859376,4451193,62.32507670971036
2024-06-11,101.5999984741211,102.94000244140624,98.02999877929688,99.38999938964844,988583,59.89954931507871
2024-06-12,100.4000015258789,104.38999938964844,99.5,100.91999816894533,1505667,64.06249558016344
2024-06-13,101.5,104.12000274658205,99.8499984741211,101.3000030517578,1033048,59.89953278982169
2024-06-14,101.4000015258789,103.9000015258789,100.1500015258789,100.5999984741211,884452,57.19855256627038
2024-06-18,101.3000030517578,106.8000030517578,99.80999755859376,104.23999786376952,3134239,65.20240565771161
2024-06-19,107.16999816894533,113.94000244140624,107.0999984741211,107.62000274658205,5890778,67.94498523255328
2024-06-20,109.6999969482422,129.13999938964844,107.3499984741211,128.72999572753906,31103056,83.2443983586622
2024-06-21,126.4000015258789,126.5,115.0500030517578,115.80999755859376,10704450,68.38106220041611
2024-06-24,113.0,114.0,107.41000366210938,108.44000244140624,4940890,60.69638468361367
2024-06-25,109.5,111.41999816894533,105.5999984741211,106.4000015258789,3116176,64.92753677672641
2024-06-26,105.9499969482422,110.75,105.9000015258789,108.0500030517578,2719865,64.87663411900971
2024-06-27,107.98999786376952,108.37000274658205,102.6999969482422,104.0999984741211,1338633,59.55459462208792
2024-06-28,105.1500015258789,109.5,103.8000030517578,108.1500015258789,1720292,60.84839926498904
2024-07-01,108.97000122070312,112.12999725341795,106.5,109.66000366210938,2097033,56.95719023670951
2024-07-02,110.0,110.4800033569336,106.0500030517578,107.05999755859376,832953,55.73843798261647
2024-07-03,107.9000015258789,111.8499984741211,106.9000015258789,109.7699966430664,1629416,56.50639333226314
2024-07-04,110.98999786376952,113.0,108.0,109.29000091552734,2541530,55.86550939448201
2024-07-05,109.1999969482422,111.25,108.8000030517578,110.48999786376952,913449,57.20740365957399
2024-07-08,111.25,122.0999984741211,109.51000213623048,119.97000122070312,6077015,60.564138609642605
2024-07-09,123.0,131.99000549316406,120.0,130.0800018310547,13350556,63.8334559004927
2024-07-10,127.88999938964844,127.88999938964844,120.0,122.73999786376952,3893360,45.55704134370579
2024-07-11,123.8000030517578,125.7699966430664,122.01000213623048,124.5199966430664,1828192,57.73946796000716
2024-07-12,125.0,134.0,123.6500015258789,125.36000061035156,5201983,67.00843497163292
2024-07-15,126.0,130.0,122.0,125.23999786376952,2955676,69.6988576335231
2024-07-16,126.23999786376952,130.8000030517578,122.20999908447266,123.29000091552734,2222363,65.83540332639578
2024-07-18,123.5999984741211,124.5,118.11000061035156,118.88999938964844,1256895,65.22544406219816
2024-07-19,119.0999984741211,119.2699966430664,113.81999969482422,114.91000366210938,966226,56.96907327096318
2024-07-22,115.3499984741211,128.8000030517578,113.12000274658205,124.0999984741211,6522052,62.85154390670356
2024-07-23,124.9499969482422,130.0,112.0,118.1999969482422,5530514,59.364492425888535
2024-07-24,119.4000015258789,122.0,118.22000122070312,119.56999969482422,1189148,58.42793528950626
2024-07-25,118.0,118.68000030517578,115.11000061035156,115.52999877929688,802166,55.056723987692564
2024-07-26,117.04000091552734,118.5,114.0,116.4800033569336,941562,54.87388470565566
2024-07-29,116.9499969482422,119.75,115.2300033569336,116.29000091552734,832277,46.47239310914873
2024-07-30,116.8000030517578,119.61000061035156,115.5,118.7699966430664,1427107,37.300692162284555
2024-07-31,119.5,123.0,116.8499984741211,118.7300033569336,1484374,44.61456491133877
2024-08-01,119.8499984741211,119.8499984741211,115.0999984741211,115.6999969482422,729657,38.539502435834684
2024-08-02,113.98999786376952,114.63999938964844,109.5999984741211,112.87999725341795,708303,34.57735585846433
2024-08-05,110.0,110.22000122070312,105.1999969482422,106.02999877929688,693025,29.646110196665077
2024-08-06,106.91000366210938,110.8499984741211,103.8000030517578,104.5500030517578,611180,29.944348850193563
2024-08-07,107.1500015258789,109.9000015258789,105.12999725341795,109.05999755859376,616120,39.504586109708235
2024-08-08,109.9000015258789,110.30999755859376,106.5999984741211,107.37999725341795,519012,41.5450169489783
2024-08-09,109.0,110.5,107.66999816894533,108.58000183105467,437452,28.763004578262994
2024-08-12,108.9800033569336,112.7300033569336,106.43000030517578,109.83999633789062,556116,36.89654826035422
2024-08-13,110.0500030517578,110.4000015258789,106.26000213623048,106.86000061035156,304584,31.035505727057043
2024-08-14,107.3000030517578,107.3000030517578,104.01000213623048,105.66999816894533,302821,33.92041040484585
2024-08-16,113.9000015258789,114.94000244140624,109.05999755859376,111.3499984741211,2847097,42.752179735594694
2024-08-19,112.25,112.94000244140624,110.48999786376952,111.41000366210938,402628,43.079978630763364
2024-08-20,112.3000030517578,112.48999786376952,110.11000061035156,110.95999908447266,415345,38.24857273135117
2024-08-21,111.6999969482422,113.58999633789062,110.33999633789062,112.19000244140624,552163,40.49970974170668
2024-08-22,113.0999984741211,118.9000015258789,112.19000244140624,114.02999877929688,2376847,47.487212784139295
2024-08-23,114.27999877929688,114.9499969482422,111.77999877929688,112.5199966430664,365482,49.43608923715135
2024-08-26,113.0,113.18000030517578,110.77999877929688,111.5,364190,60.48294746741495
2024-08-27,111.6500015258789,115.37000274658205,111.0999984741211,111.86000061035156,704511,64.63755947383152
2024-08-28,112.01000213623048,113.1999969482422,109.61000061035156,110.48999786376952,382682,53.27530848707732
2024-08-29,111.27999877929688,111.4800033569336,107.5999984741211,108.4499969482422,369747,52.41099416226095
2024-08-30,109.1999969482422,111.87000274658205,108.77999877929688,110.08999633789062,394165,53.33626641853444
2024-09-02,110.0,112.62999725341795,109.0999984741211,109.8000030517578,370101,49.907679410500776
2024-09-03,110.5999984741211,111.0,108.61000061035156,109.0999984741211,217794,55.77914452418081
2024-09-04,108.8000030517578,109.83999633789062,107.0999984741211,108.38999938964844,311006,57.19576693946783
2024-09-05,109.5,110.6500015258789,107.9000015258789,108.05999755859376,276547,37.85978478930784
2024-09-06,108.5999984741211,108.5999984741211,105.48999786376952,105.7699966430664,282329,32.12926258402359
2024-09-09,105.8000030517578,106.36000061035156,102.1999969482422,103.75,272860,29.221902828328894
2024-09-10,104.4499969482422,106.08000183105467,103.47000122070312,104.0999984741211,232832,25.44017269213043
2024-09-11,105.1500015258789,105.9000015258789,102.5999984741211,102.9000015258789,275370,14.845226373327606
2024-09-12,104.0,104.4000015258789,102.23999786376952,103.2699966430664,182640,18.515969806475937
2024-09-13,104.0,105.9000015258789,103.58999633789062,103.98999786376952,192124,23.905467559148917
2024-09-16,104.8000030517578,104.8000030517578,104.0,104.29000091552734,120207,23.58687104720798
2024-09-17,103.1999969482422,106.5,103.1999969482422,105.26000213623048,283517,31.22757186860572
2024-09-18,105.8000030517578,109.62999725341795,104.54000091552734,108.4499969482422,739043,50.0
2024-09-19,109.5,110.9000015258789,104.70999908447266,106.72000122070312,489188,38.89255466816876
2024-09-20,107.1999969482422,107.9800033569336,104.8499984741211,105.8000030517578,151744,37.34176237218342
2024-09-23,105.8000030517578,107.3000030517578,105.12999725341795,105.48999786376952,289637,38.28681594084218
2024-09-24,106.0,107.16999816894533,104.80999755859376,105.5500030517578,162819,40.379412619105935
2024-09-25,105.5999984741211,107.0,104.04000091552734,104.8499984741211,151139,39.391937649732554
2024-09-26,105.75,105.75,103.6500015258789,103.73999786376952,98367,42.72401712047443
2024-09-27,103.8000030517578,106.9000015258789,103.0999984741211,104.1500015258789,200579,51.62075120453508
2024-09-30,105.0,105.1500015258789,102.1500015258789,102.58999633789062,173254,44.428040789920445
2024-10-01,102.6500015258789,107.6999969482422,102.6500015258789,105.62999725341795,588882,58.86937338885577
2024-10-03,105.1500015258789,105.1500015258789,101.0,101.41000366210938,199737,45.16634170385202
2024-10-04,100.5,103.0,99.44000244140624,101.08999633789062,217144,42.30361314635672
2024-10-07,101.5,102.0,94.5,95.08999633789062,249691,31.255096752410793
2024-10-08,95.63999938964844,100.0,94.70999908447266,98.30999755859376,228523,37.028741355707574
2024-10-09,97.6500015258789,101.79000091552734,97.6500015258789,99.79000091552734,193900,32.73527213457653
2024-10-10,102.0,106.5,100.13999938964844,101.33000183105467,711118,39.172372613173266
2024-10-11,101.0,101.5999984741211,100.01000213623048,100.45999908447266,138599,39.2512146661085
2024-10-14,101.01000213623048,101.1999969482422,99.54000091552734,100.1500015258789,94409,39.2512267217719
2024-10-15,100.88999938964844,100.9000015258789,98.9000015258789,99.05999755859376,92692,37.45651514847668
2024-10-16,99.01000213623048,100.8499984741211,98.5999984741211,99.4000015258789,100392,39.31793100354401
2024-10-17,99.6500015258789,100.54000091552734,98.0,99.3000030517578,117424,40.938794563018256
2024-10-18,99.4000015258789,99.4000015258789,96.5999984741211,97.55999755859376,94765,37.243519820604526
2024-10-21,98.2699966430664,98.44000244140624,95.0,95.8000030517578,110769,36.95737682623215
2024-10-22,96.38999938964844,96.38999938964844,88.4000015258789,90.23999786376952,171323,23.047303819130775
2024-10-23,90.75,92.9000015258789,88.11000061035156,91.19000244140624,273938,29.786413416129818
2024-10-24,91.0,91.9800033569336,89.41000366210938,90.4499969482422,116082,29.299634205062432
2024-10-25,91.13999938964844,91.13999938964844,86.0199966430664,87.37000274658203,147048,33.05534186051882
2024-10-28,87.37000274658203,90.38999938964844,86.54000091552734,89.44999694824219,142204,29.528663094062793
2024-10-29,89.0,92.0,89.0,90.75,180520,28.937570192338057
2024-10-30,90.88999938964844,97.0,90.88999938964844,95.16000366210938,237387,37.32019351617945
2024-10-31,94.5500030517578,98.0,94.0,96.76000213623048,188859,42.61772734274964
2024-11-01,97.18000030517578,99.0,97.16999816894533,98.52999877929688,54649,46.945697549878005
2024-11-04,99.5,99.98999786376952,95.20999908447266,96.31999969482422,111856,45.04342046316813
2024-11-05,95.5,97.8499984741211,95.5,97.29000091552734,113957,46.268128242897
2024-11-06,97.3000030517578,102.0,97.3000030517578,101.06999969482422,271136,52.769947401361755
2024-11-07,101.22000122070312,106.3000030517578,100.88999938964844,103.80999755859376,675802,59.4840676462239
2024-11-08,102.5,103.62000274658205,100.0,100.3499984741211,141489,56.56564967098927
2024-11-11,100.0,100.0,96.6500015258789,97.5,156361,61.365064676685854
2024-11-12,97.5500030517578,100.0,96.8000030517578,97.61000061035156,101167,60.3215435030167
2024-11-13,95.16999816894533,97.58999633789062,92.0999984741211,92.97000122070312,145551,53.60000767299439
2024-11-14,91.95999908447266,94.8000030517578,91.01000213623048,92.66999816894533,219353,58.22469968428698
2024-11-18,94.5,94.8000030517578,90.25,91.0199966430664,172451,52.469329426878645
2024-11-19,91.29000091552734,94.33999633789062,90.80999755859376,91.41000366210938,100482,51.06865861034357
2024-11-21,91.0,91.26000213623048,89.0,90.3499984741211,92995,41.2640681651463
2024-11-22,90.3499984741211,93.5,90.3499984741211,92.66999816894533,75308,42.76105688015913
2024-11-25,94.1999969482422,96.22000122070312,93.5,94.45999908447266,180787,42.801559990575946
2024-11-26,94.29000091552734,96.8499984741211,94.0999984741211,95.08999633789062,114463,47.69576078526993
2024-11-27,96.0,97.08999633789062,95.01000213623048,96.20999908447266,107744,47.98807495450506
2024-11-28,96.6999969482422,100.4800033569336,96.5999984741211,98.45999908447266,382173,44.843936608836835
2024-11-29,98.05999755859376,104.69000244140624,97.4000015258789,101.97000122070312,803285,46.47240197053555
2024-12-02,101.0,102.3000030517578,100.0999984741211,100.66999816894533,202361,50.66889509432279
2024-12-03,100.68000030517578,102.9499969482422,100.66999816894533,102.3000030517578,207922,60.572681154208354
2024-12-04,103.5,105.9000015258789,101.5999984741211,103.44000244140624,443305,62.28401892782208
2024-12-05,103.4000015258789,105.54000091552734,102.0500030517578,102.94000244140624,458005,75.44662468882709
2024-12-06,103.5,104.5,102.2699966430664,103.0500030517578,173999,76.75255623721878
2024-12-09,103.75,104.38999938964844,102.25,102.5500030517578,144080,81.58901903667417
2024-12-10,103.5,104.9499969482422,102.04000091552734,103.16000366210938,318988,81.80830946481936
2024-12-11,103.0,104.4000015258789,102.5199966430664,102.98999786376952,191236,85.94990643368247
2024-12-12,103.3000030517578,103.4000015258789,100.13999938964844,101.02999877929688,134591,74.27407842584742
2024-12-13,99.75,102.0,98.7699966430664,100.45999908447266,160643,68.74998211862365
2024-12-16,100.45999908447266,102.5,100.25,101.38999938964844,127617,69.32514102662518
2024-12-17,102.5,108.6999969482422,102.5,104.08000183105467,1886547,72.0201309931993
2024-12-18,103.8000030517578,106.05999755859376,101.5199966430664,102.6999969482422,369884,62.47056516234665
2024-12-19,100.0,101.08000183105467,98.55999755859376,100.5,279596,45.31548896632273
2024-12-20,100.51000213623048,101.9000015258789,96.0199966430664,96.7300033569336,205847,39.1520034080181
2024-12-23,98.0,98.54000091552734,95.0,95.47000122070312,175334,30.803826446153423
2024-12-24,96.6999969482422,97.98999786376952,95.76000213623048,96.87000274658205,100644,31.80056563156353
2024-12-26,97.0,97.23999786376952,95.5,96.01000213623048,120125,31.17871793926085
2024-12-27,96.9000015258789,96.9000015258789,95.0999984741211,95.41999816894533,91751,29.80413190562669
2024-12-30,95.41999816894533,96.31999969482422,93.51000213623048,93.93000030517578,108788,28.319926254349625
2024-12-31,93.51000213623048,95.75,93.0199966430664,95.12000274658205,133450,30.35191769507432
2025-01-01,95.19000244140624,99.9000015258789,95.12999725341795,98.93000030517578,381601,41.57677068388485
2025-01-02,99.5,102.5999984741211,98.80999755859376,100.9000015258789,413533,49.730408110761935
2025-01-03,100.12000274658205,101.8000030517578,100.0999984741211,100.6500015258789,166032,50.399332436235724
2025-01-06,100.6500015258789,100.88999938964844,93.0999984741211,94.47000122070312,217960,38.08540610750717
2025-01-07,95.68000030517578,101.9499969482422,94.87000274658205,100.1500015258789,579262,43.86512719505833
2025-01-08,100.3000030517578,100.5999984741211,98.3000030517578,98.9800033569336,236487,44.15462975017927
2025-01-09,98.51000213623048,103.4000015258789,97.51000213623048,98.1500015258789,605947,46.14121819238248
2025-01-10,98.75,98.88999938964844,94.75,95.38999938964844,200571,47.724178823202585
2025-01-13,94.0,94.91999816894533,88.0,88.33999633789062,288113,39.880779648948355
2025-01-14,89.0,92.94000244140624,89.0,91.80999755859376,158199,43.217153164858075
2025-01-15,93.0,93.25,90.91999816894533,92.51000213623048,101713,45.28810094297143
2025-01-16,94.0,94.7699966430664,92.51000213623048,93.83000183105467,121247,47.900718375694865
2025-01-17,93.98999786376952,98.5,93.0,96.27999877929688,390281,53.02600811431003
2025-01-20,96.31999969482422,97.5500030517578,96.01000213623048,96.41999816894533,115371,51.7204806800459
2025-01-21,96.51000213623048,99.88999938964844,95.0,95.43000030517578,291625,44.994280137521116
2025-01-22,95.43000030517578,95.62999725341795,92.06999969482422,93.04000091552734,163458,38.8920300655895
2025-01-23,94.0,95.88999938964844,93.0199966430664,93.93000030517578,185058,40.67184838475868
2025-01-24,94.48999786376952,94.88999938964844,92.22000122070312,92.55999755859376,86208,46.94007809799556
2025-01-27,91.81999969482422,91.81999969482422,88.0,89.08000183105469,233832,30.920374216382882
2025-01-28,89.08000183105469,90.47000122070312,87.30999755859375,87.73999786376953,163383,30.740228860856945
2025-01-29,88.29000091552734,90.86000061035156,87.75,89.54000091552734,148644,35.721396358439236
2025-01-30,90.54000091552734,93.0,90.05000305175781,90.55999755859376,228628,41.499469890078764
2025-01-31,91.9000015258789,93.9000015258789,90.95999908447266,93.11000061035156,261553,59.97491330379854
2025-02-01,93.9000015258789,99.20999908447266,85.6500015258789,91.0199966430664,1344753,48.24678053526297
2025-02-03,89.79000091552734,91.25,87.80999755859375,90.27999877929688,139366,45.05980640875907
2025-02-04,91.9499969482422,92.0,89.69999694824219,90.72000122070312,203655,42.830797002552316
2025-02-05,91.25,92.0,90.6999969482422,91.04000091552734,124862,36.60532598685765
2025-02-06,91.4499969482422,91.9000015258789,89.51000213623047,90.2300033569336,100463,34.70095456041983
2025-02-07,91.4000015258789,91.4000015258789,88.5,88.8499984741211,136189,34.04462046556303
2025-02-10,89.2699966430664,89.27999877929688,86.25,87.2300033569336,88148,35.365249944268925
2025-02-11,87.0,87.80000305175781,81.0999984741211,81.94000244140625,181163,25.278362697841146
2025-02-12,86.0999984741211,88.98999786376953,83.5,85.16999816894531,2006192,35.84833547127798
2025-02-13,85.4000015258789,87.4000015258789,84.68000030517578,85.55999755859375,152762,42.35446650921791
2025-02-14,86.4000015258789,86.4000015258789,81.30999755859375,81.48999786376953,143837,37.86407766990291
2025-02-17,82.0,82.0,75.0,76.9000015258789,483203,27.855637065286132
2025-02-18,77.5,77.5,74.37000274658203,75.26000213623047,184882,23.765436378663935
2025-02-19,75.0,77.91999816894531,74.5,77.61000061035156,116514,23.23894238013996
2025-02-20,76.0,79.19000244140625,76.0,78.62000274658203,127744,27.761839111662297
2025-02-21,78.9000015258789,80.95999908447266,78.83999633789062,80.0199966430664,149834,32.02521497447199
2025-02-24,78.80000305175781,79.26000213623047,77.11000061035156,77.69000244140625,118816,28.590193149435464
2025-02-25,76.5,79.19999694824219,76.5,76.9800033569336,93159,27.190123070494465
2025-02-27,77.79000091552734,77.79000091552734,74.0,75.29000091552734,111823,26.435313768056645
2025-02-28,74.79000091552734,74.79000091552734,70.0,70.69000244140625,179793,23.99769632322787
2025-03-03,71.0,73.13999938964844,66.5,69.05000305175781,287968,23.98395686310731
2025-03-04,68.0,73.45999908447266,67.66000366210938,70.30000305175781,302018,31.165036510011305
2025-03-05,70.05000305175781,73.58000183105469,70.04000091552734,73.13999938964844,135513,30.28514100010902
2025-03-06,73.8499984741211,75.06999969482422,73.54000091552734,74.31999969482422,105366,32.04472046782598
2025-03-07,74.80000305175781,76.4000015258789,74.44000244140625,75.55000305175781,94754,39.56430395675208
2025-03-10,75.0,76.41999816894531,72.37000274658203,73.63999938964844,77054,43.67726288718524
2025-03-11,72.4000015258789,73.0,71.25,72.16999816894531,57275,43.96719091336181
2025-03-12,72.16999816894531,73.37999725341797,70.0999984741211,70.55999755859375,75590,35.82628782487055
2025-03-13,70.55999755859375,71.77999877929688,69.4000015258789,69.8499984741211,62169,32.15301769510856
2025-03-17,70.0,71.52999877929688,69.69999694824219,70.0999984741211,94916,28.821522321681627
2025-03-18,70.0999984741211,70.0999984741211,70.0999984741211,70.0999984741211,0,32.00568387976887
2025-03-19,72.0,74.79000091552734,71.19000244140625,74.37999725341797,153924,44.72829335481691
2025-03-20,75.01000213623047,76.5,73.58000183105469,73.87999725341797,101234,46.99615767197831
2025-03-21,74.48999786376953,78.19999694824219,73.88999938964844,76.8499984741211,325242,64.10255245819116
2025-03-24,76.86000061035156,79.47000122070312,76.86000061035156,78.05000305175781,230877,71.02802838703974
2025-03-25,78.80000305175781,81.0,74.68000030517578,75.13999938964844,342332,60.49434875908265
2025-03-26,76.0,76.37999725341797,72.5,72.83999633789062,149619,49.33391920166519
2025-03-27,71.27999877929688,74.87999725341797,71.27999877929688,73.16999816894531,384711,47.34656112505118
2025-03-28,73.0,75.88999938964844,71.0,71.69999694824219,305662,41.21405116669394
2025-04-01,71.0,74.94999694824219,70.61000061035156,73.29000091552734,158124,49.18944381091981
2025-04-02,74.30000305175781,74.30000305175781,71.70999908447266,73.8499984741211,63974,54.06189323209021
2025-04-03,73.4000015258789,78.0,72.61000061035156,76.16999816894531,307887,63.11359693426241
2025-04-04,75.95999908447266,75.95999908447266,70.70999908447266,73.62000274658203,199976,58.114512461229026
2025-04-07,69.0,70.9800033569336,67.61000061035156,69.2300033569336,199002,48.410678137792885
2025-04-08,71.80000305175781,73.05000305175781,70.2300033569336,71.91000366210938,172766,53.011654816355076
2025-04-09,71.91000366210938,74.0,70.80999755859375,72.19000244140625,113210,45.796556786834216
2025-04-11,73.80000305175781,76.37000274658203,72.9000015258789,73.81999969482422,316630,49.88962924746346
2025-04-15,74.6500015258789,78.55999755859375,74.19000244140625,77.98999786376953,500898,52.00845523874248
2025-04-16,78.69999694824219,81.38999938964844,78.05999755859375,78.79000091552734,422290,51.32236914758297
2025-04-17,78.75,86.0,78.66000366210938,81.75,1189211,61.79093988265484
2025-04-21,82.0,85.5,81.5,83.45999908447266,459899,69.35132061674658
2025-04-22,84.19000244140625,87.22000122070312,82.69999694824219,86.83000183105469,656699,72.40814563134501
2025-04-23,87.55000305175781,88.56999969482422,84.2699966430664,86.22000122070312,299885,74.51047715405507
2025-04-24,85.3499984741211,87.8499984741211,85.20999908447266,85.79000091552734,332907,71.96065311497067
2025-04-25,85.94999694824219,86.4000015258789,80.51000213623047,81.58999633789062,312553,62.05607201198077
2025-04-28,81.98999786376953,83.86000061035156,80.58999633789062,82.5999984741211,173602,60.44170203634704
2025-04-29,82.69999694824219,83.98999786376953,82.69000244140625,83.58999633789062,166975,67.05438324717747
2025-04-30,83.5,84.20999908447266,80.45999908447266,80.93000030517578,222819,71.2727217240767
2025-05-02,80.05000305175781,83.0,80.05000305175781,82.62000274658203,167020,70.19992120226125
2025-05-05,84.9000015258789,86.98999786376953,84.80000305175781,85.69999694824219,398736,73.04673427527254
2025-05-06,86.0199966430664,87.5999984741211,82.5,83.06999969482422,405391,65.25899166128002
2025-05-07,82.5,83.83999633789062,81.19999694824219,83.19000244140625,241689,59.90099800955912
2025-05-08,83.94999694824219,85.91999816894531,82.48999786376953,83.54000091552734,264249,59.201860614702824
2025-05-09,82.0,82.04000091552734,79.61000061035156,81.16000366210938,204108,48.830764094726675
2025-05-12,83.0,88.0,83.0,87.58999633789062,503145,56.89482258148744
2025-05-13,87.9000015258789,89.9000015258789,86.86000061035156,89.19999694824219,443622,54.20361155511435
2025-05-14,89.41000366210938,92.48999786376952,89.36000061035156,91.47000122070312,594091,58.79397254643964
2025-05-15,91.9000015258789,98.9000015258789,91.4000015258789,95.61000061035156,1196810,64.63051645060273
2025-05-16,96.20999908447266,98.86000061035156,95.76000213623048,98.3499984741211,732976,76.10593598102776
2025-05-19,98.75,100.93000030517578,96.8499984741211,98.93000030517578,599880,75.7815134876783
2025-05-20,99.3000030517578,102.6999969482422,97.9800033569336,99.27999877929688,716363,75.28200253641236
2025-05-21,99.27999877929688,99.83999633789062,97.58000183105467,98.66000366210938,270260,80.57953431453178
2025-05-22,98.02999877929688,100.38999938964844,97.1999969482422,98.22000122070312,352568,78.11825568938939
2025-05-23,98.70999908447266,99.73999786376952,97.26000213623048,98.04000091552734,238205,74.83898868090964
2025-05-26,98.5999984741211,99.9000015258789,97.8499984741211,98.54000091552734,253020,84.05990101604357
2025-05-27,98.54000091552734,100.4000015258789,97.0999984741211,98.5,724640,83.82678872804483
2025-05-28,98.5,98.5,95.13999938964844,95.79000091552734,492960,74.50981349954571
2025-05-29,92.8000030517578,92.8000030517578,90.51000213623048,90.86000061035156,600870,67.61074675556733
2025-05-30,90.95999908447266,91.27999877929688,89.0,90.27999877929688,253874,56.20101922227318
2025-06-02,90.08999633789062,91.0,88.66000366210938,89.2300033569336,274128,50.07100428914289
2025-06-03,89.6500015258789,107.05999755859376,89.5,99.12000274658205,5015404,63.3043540103691
2025-06-04,97.6999969482422,99.4000015258789,94.9000015258789,95.13999938964844,1236583,49.17803203759031
2025-06-05,95.58999633789062,98.76000213623048,95.1999969482422,96.16000366210938,1388855,45.9248332933455
2025-06-06,96.18000030517578,98.3000030517578,95.16000366210938,95.63999938964844,691627,43.864229244906376
2025-06-09,95.6999969482422,97.12000274658205,95.04000091552734,95.77999877929688,448040,43.4210541411541
2025-06-10,96.0,97.08000183105467,95.62000274658205,95.81999969482422,298978,44.54265436542204
2025-06-11,95.9000015258789,98.4499969482422,95.5,96.3499984741211,652730,46.418992423496434
2025-06-12,96.87000274658205,97.77999877929688,94.3000030517578,94.87000274658205,395242,44.21744300361516
2025-06-13,93.5,94.8000030517578,91.1500015258789,92.93000030517578,389135,40.277297359621826
2025-06-16,92.5999984741211,93.87000274658205,90.51000213623048,93.0999984741211,282295,40.68322826024289
2025-06-17,93.9000015258789,94.98999786376952,91.0,91.4800033569336,274830,42.27322041427969
2025-06-18,91.4000015258789,92.13999938964844,89.58999633789062,90.54000091552734,180881,49.33054461423836
2025-06-19,90.44000244140624,91.41000366210938,87.0999984741211,87.80000305175781,269158,45.24175755971773
2025-06-20,87.5,90.88999938964844,87.36000061035156,89.62999725341797,219207,50.74514521434507
2025-06-23,89.0,90.81999969482422,88.26000213623047,90.2699966430664,194931,24.8436385843588
2025-06-24,90.6999969482422,93.79000091552734,90.12000274658205,91.25,366959,36.66895008209837
2025-06-25,92.5,94.5,92.0500030517578,93.02999877929688,245466,39.804538274731925
2025-06-26,93.5999984741211,93.9000015258789,91.8000030517578,92.4800033569336,144900,39.72691894626926
2025-06-27,93.5,95.5999984741211,92.25,93.43000030517578,405106,42.74242914762261
2025-06-30,93.25,94.58000183105467,93.25,94.19000244140624,150051,45.18036928838102
2025-07-01,95.1500015258789,95.6999969482422,93.0999984741211,93.5199966430664,149399,41.70086845393005
2025-07-02,93.8499984741211,94.0,92.06999969482422,92.77999877929688,91847,43.59287168061487
2025-07-03,92.0,94.0,91.83999633789062,92.12000274658205,169541,47.30539438886101
2025-07-04,92.98999786376952,93.0199966430664,90.25,91.25,172492,44.11951724763441
2025-07-07,91.8499984741211,92.44000244140624,90.47000122070312,91.05999755859376,107542,48.53144778744825
2025-07-08,91.05999755859376,91.8000030517578,89.9000015258789,90.97000122070312,154807,51.598515415076264
2025-07-09,90.97000122070312,91.8000030517578,90.0,90.56999969482422,112313,62.466239392834446
2025-07-10,90.66999816894533,91.1500015258789,90.05000305175781,90.31999969482422,77749,53.62016017727738
2025-07-11,90.01000213623047,90.33999633789062,88.80999755859375,89.44000244140625,91308,45.75233118299385
2025-07-14,89.33999633789062,89.87999725341797,88.41000366210938,89.23999786376953,56451,38.820897587023026
2025-07-15,89.23999786376953,94.4000015258789,89.23999786376953,90.81999969482422,787325,37.42890299039247
2025-07-16,90.9800033569336,91.79000091552734,90.11000061035156,91.25,169011,42.906559778950076
2025-07-17,91.5,91.6999969482422,90.75,91.08000183105467,71769,35.107754223480015
2025-07-18,90.77999877929688,91.37999725341795,89.45999908447266,89.95999908447266,97940,24.363639726451822
2025-07-21,89.95999908447266,91.0,89.0999984741211,89.80000305175781,157847,25.969027015358364
2025-07-22,89.5999984741211,91.5500030517578,88.62999725341797,89.16999816894531,219940,26.343392528597704
2025-07-23,89.94999694824219,90.56999969482422,89.31999969482422,89.69000244140625,111800,33.77839754474488
2025-07-24,89.6500015258789,92.75,89.56999969482422,90.4000015258789,526709,44.20192785079297
2025-07-25,90.0,91.55999755859376,88.6500015258789,89.11000061035156,155857,38.43419268773445
2025-07-28,89.11000061035156,89.5,87.55000305175781,87.68000030517578,124781,33.1627589168928
2025-07-29,87.0199966430664,91.1999969482422,87.0199966430664,89.41000366210938,248402,44.77479911004254
2025-07-30,90.0,97.4000015258789,89.87999725341797,94.45999908447266,2591331,63.01885850888128
2025-07-31,92.5,96.31999969482422,92.5,92.94000244140624,552231,60.58040565848001
2025-08-01,92.5,94.88999938964844,91.11000061035156,93.01000213623048,364339,61.486908687186535
2025-08-04,94.0,94.6500015258789,92.25,93.51000213623048,251372,58.77365335976997
2025-08-05,92.8499984741211,95.8499984741211,92.75,93.83999633789062,618866,58.50294505732315
2025-08-06,93.5500030517578,94.54000091552734,91.1500015258789,91.9000015258789,117422,52.4117648906775
2025-08-07,91.4499969482422,91.9499969482422,88.5199966430664,89.86000061035156,201164,49.72098625303292
2025-08-08,90.75,92.9000015258789,88.19999694824219,89.18000030517578,178976,48.318864097027394
2025-08-11,89.29000091552734,90.5,88.20999908447266,89.83000183105469,165412,51.78765971727418
2025-08-12,89.51000213623047,90.93000030517578,89.05000305175781,89.5999984741211,126616,49.75232797427923
2025-08-13,90.0,90.98999786376952,88.5999984741211,89.91000366210938,179228,48.621277556738534
2025-08-14,90.5,90.5999984741211,86.3499984741211,87.45999908447266,120667,45.64183439176235
2025-08-18,89.80000305175781,90.48999786376952,88.26000213623047,88.6500015258789,186595,52.59497349918521
2025-08-19,88.77999877929688,91.3499984741211,88.7699966430664,89.9800033569336,261130,51.55822762791749
2025-08-20,90.13999938964844,95.8000030517578,89.70999908447266,93.95999908447266,736255,48.54819987062816
2025-08-21,94.0500030517578,95.16000366210938,93.3000030517578,93.81999969482422,315354,52.77776841229166
2025-08-22,93.4000015258789,95.8000030517578,92.75,93.8499984741211,593619,52.65821574571519
2025-08-25,94.47000122070312,94.7699966430664,91.19000244140624,91.54000091552734,206642,44.40658389430966
2025-08-26,91.0,91.55999755859376,88.25,89.16000366210938,151696,38.09768106808399
2025-08-28,89.16000366210938,89.31999969482422,87.5,88.04000091552734,137955,39.75584332699711
2025-08-29,88.29000091552734,89.9000015258789,86.5199966430664,86.98999786376953,213995,41.96078280519585
2025-09-01,88.69999694824219,89.33999633789062,87.73999786376953,88.36000061035156,159820,47.78856801656902
2025-09-02,88.54000091552734,93.02999877929688,88.36000061035156,89.11000061035156,514934,48.06866777123622
2025-09-03,89.44999694824219,95.5,89.31999969482422,94.3499984741211,959223,60.04227941057869
2025-09-04,95.9000015258789,96.38999938964844,93.41999816894533,94.05999755859376,402188,58.78119559658434
2025-09-05,93.1999969482422,95.6999969482422,91.5,92.5,225011,61.081797249324545
2025-09-08,92.9000015258789,93.2300033569336,90.0999984741211,91.26000213623048,116244,55.726198725867334
2025-09-09,91.1500015258789,92.08000183105467,89.80000305175781,90.12999725341795,114688,50.331991856574085
2025-09-10,90.1999969482422,91.48999786376952,90.1999969482422,90.81999969482422,86833,41.86528784159325
2025-09-11,90.81999969482422,92.5999984741211,90.51000213623048,91.06999969482422,154885,42.91602400527023
2025-09-12,91.06999969482422,91.9000015258789,90.0,90.48999786376952,80310,41.58316763486554
2025-09-15,90.5,92.75,90.3000030517578,91.06999969482422,130296,48.71091350121618
2025-09-16,91.37000274658205,93.3000030517578,90.9000015258789,92.45999908447266,300513,59.57074510008702
2025-09-17,92.8499984741211,93.48999786376952,91.5999984741211,91.94000244140624,105794,61.71874964179907
2025-09-18,92.37999725341795,92.37999725341795,90.4000015258789,90.9499969482422,84712,61.94208933933072
2025-09-19,90.9499969482422,91.66999816894533,90.5,90.69000244140624,97951,57.53070991337893
2025-09-22,90.4499969482422,91.51000213623048,88.9000015258789,89.22000122070312,241420,50.339717707732504
2025-09-23,89.22000122070312,89.80999755859375,88.47000122070312,89.04000091552734,137504,26.14557399344146
2025-09-24,88.80000305175781,89.63999938964844,88.0,88.13999938964844,136655,24.787072406429573
2025-09-25,88.13999938964844,88.68000030517578,87.56999969482422,87.73999786376953,103938,27.504735917181605
2025-09-26,88.0,88.0,85.02999877929688,85.62000274658203,165974,25.392687236283493
2025-09-29,86.19999694824219,86.19999694824219,84.4000015258789,85.06999969482422,155695,26.74634518506899
2025-09-30,84.66999816894531,85.48999786376953,82.30000305175781,83.41999816894531,156673,18.750004027339585
2025-10-01,83.9000015258789,85.98999786376953,83.4000015258789,84.9000015258789,81954,26.39634769939157
2025-10-03,85.0,86.94999694824219,84.94000244140625,85.91999816894531,128363,33.0866063204809
2025-10-06,85.0999984741211,86.18000030517578,84.30000305175781,84.47000122070312,77008,27.051461283998705
2025-10-07,85.0,85.26000213623047,83.86000061035156,84.31999969482422,62338,19.02587607400862
2025-10-08,84.31999969482422,86.4000015258789,84.0,84.41000366210938,82153,20.37767583914294
2025-10-09,84.41000366210938,84.5,83.0199966430664,83.5199966430664,64485,20.539272600327052
2025-10-10,83.8499984741211,84.12000274658203,83.0,83.30000305175781,102093,20.60463371644164
2025-10-13,83.37999725341797,83.37999725341797,82.5,82.77999877929688,72316,22.2891708654562
2025-10-14,82.41000366210938,83.0,81.11000061035156,81.27999877929688,69580,20.015471032202043
2025-10-15,80.19999694824219,84.0199966430664,80.19999694824219,81.83999633789062,182565,25.000000000000014
2025-10-16,82.69999694824219,84.25,82.0,82.44000244140625,160232,29.296910157397846
2025-10-17,82.9000015258789,82.9000015258789,80.9000015258789,81.05000305175781,72717,31.068790252591427
2025-10-20,81.44000244140625,82.76000213623047,79.19999694824219,81.61000061035156,116602,35.678822952080736
2025-10-21,81.61000061035156,82.5999984741211,81.26000213623047,82.2300033569336,25865,44.615413295294566
2025-10-23,82.7300033569336,82.9800033569336,81.5199966430664,82.29000091552734,63252,36.44860183295516
2025-10-24,82.48999786376953,82.48999786376953,79.7699966430664,81.06999969482422,91008,25.330652052600087
2025-10-27,81.06999969482422,81.8499984741211,80.5,81.20999908447266,63235,30.868558789686006
2025-10-28,81.4000015258789,83.08999633789062,81.20999908447266,82.18000030517578,290815,38.54391470772267
2025-10-29,81.62000274658203,83.08000183105469,80.81999969482422,81.58999633789062,123880,35.67071137817406
2025-10-30,81.5999984741211,82.6500015258789,81.25,81.58000183105469,75938,39.17413498750431
2025-10-31,81.77999877929688,82.30000305175781,81.48999786376953,82.01000213623047,66979,42.966193566852006
2025-11-03,82.16999816894531,83.29000091552734,81.48999786376953,82.30000305175781,130952,47.31546086992142
2025-11-04,82.45999908447266,82.58999633789062,81.5,81.56999969482422,51918,51.774790145107815
2025-11-06,81.0,81.55000305175781,78.94999694824219,79.43000030517578,65140,37.64105565697643
2025-11-07,78.62000274658203,78.80999755859375,77.93000030517578,78.37999725341797,70478,30.098022716138033
2025-11-10,77.4000015258789,79.02999877929688,77.4000015258789,78.33000183105469,33095,34.650107035403494
2025-11-11,77.62000274658203,84.79000091552734,77.62000274658203,81.77999877929688,529196,50.72339646359707
2025-11-12,80.20999908447266,82.0,80.20999908447266,81.45999908447266,142948,46.63753503192353
2025-11-13,81.83999633789062,83.80000305175781,80.22000122070312,82.0999984741211,195825,49.210297337131756
2025-11-14,81.0199966430664,81.94999694824219,80.19000244140625,81.33000183105469,92302,51.122635001808526
2025-11-17,81.33000183105469,82.2300033569336,80.80999755859375,81.16000366210938,59452,49.78468797334639
2025-11-18,81.23999786376953,83.19999694824219,80.0999984741211,80.75,116086,43.52940770327512
2025-11-19,80.7300033569336,80.7300033569336,79.5199966430664,79.86000061035156,35241,42.3788672995148
2025-11-20,79.94000244140625,80.33000183105469,78.1500015258789,78.8499984741211,52253,38.9473534646413
2025-11-21,78.87000274658203,78.87000274658203,77.19999694824219,77.58000183105469,64643,33.20696721904122
2025-11-24,77.01000213623047,77.54000091552734,76.0,76.19000244140625,51360,28.621401396035694
2025-11-25,76.5999984741211,76.9800033569336,75.75,76.13999938964844,45497,30.051421360858214
2025-11-26,76.13999938964844,77.62999725341797,76.13999938964844,76.86000061035156,45774,39.45856936587124
2025-11-27,78.5,78.5999984741211,77.23999786376953,77.83999633789062,33444,47.772271150975925
2025-11-28,78.58000183105469,78.8499984741211,76.80000305175781,77.87000274658203,62859,48.099177097185255
2025-12-01,78.0,79.0,77.0199966430664,77.51000213623047,40012,26.30413079539595
2025-12-02,77.0199966430664,77.66999816894531,76.51000213623047,76.83000183105469,27673,25.293511759604925
2025-12-03,76.02999877929688,77.8499984741211,75.22000122070312,75.8499984741211,74281,17.81670608386827
2025-12-04,75.69999694824219,76.73999786376953,74.70999908447266,74.97000122070312,64161,17.617128987948362
2025-12-05,74.97000122070312,78.30000305175781,74.37000274658203,76.80999755859375,167399,31.070478573297265
2025-12-08,76.80000305175781,76.80000305175781,72.0,72.9000015258789,76918,23.815878609648266
2025-12-09,72.9000015258789,73.68000030517578,70.5,72.72000122070312,64530,25.0
2025-12-10,72.72000122070312,74.88999938964844,72.19999694824219,72.43000030517578,77441,26.327436117875294
2025-12-11,72.41999816894531,72.83999633789062,71.70999908447266,72.44999694824219,33179,29.16325791944945
2025-12-12,72.44999694824219,73.80000305175781,72.0999984741211,72.8499984741211,83291,35.24733190226017
2025-12-15,72.48999786376953,75.75,71.91000366210938,73.61000061035156,94204,39.48462578545354
2025-12-16,73.61000061035156,78.0,73.4000015258789,75.72000122070312,530416,45.752609742203745
2025-12-17,75.98999786376953,76.0999984741211,73.66999816894531,74.05000305175781,67331,36.56983301846087
2025-12-18,75.37999725341797,75.37999725341797,72.5,73.12000274658203,39026,34.17720939925485
2025-12-19,73.0999984741211,74.80000305175781,72.7300033569336,73.95999908447266,34223,38.5409771147572
2025-12-22,74.98999786376953,77.20999908447266,72.61000061035156,76.37999725341797,126766,48.694123945201156
2025-12-23,76.19000244140625,79.38999938964844,75.62000274658203,78.73999786376953,215461,57.76464713715047
2025-12-24,78.5,79.7300033569336,77.5999984741211,77.73999786376953,63941,57.39454992857367
2025-12-26,77.73999786376953,79.80000305175781,77.62999725341797,79.06999969482422,177741,56.20198389451835
2025-12-29,79.5199966430664,82.19999694824219,78.80000305175781,79.0999984741211,295490,71.61784704177333
2025-12-30,78.55000305175781,81.95999908447266,78.05999755859375,79.47000122070312,338887,73.22780649375471
2025-12-31,79.98999786376953,81.55000305175781,79.01000213623047,79.61000061035156,225972,74.96523531487175
2026-01-01,80.19999694824219,80.5999984741211,79.3499984741211,79.56999969482422,42533,74.72222913930372
2026-01-02,80.0,81.38999938964844,79.22000122070312,80.6500015258789,153849,75.8620759438339
2026-01-05,80.0,81.0,79.0,79.16999816894531,68303,67.59492558444532
2026-01-06,79.16999816894531,79.81999969482422,77.4000015258789,77.69999694824219,54733,56.530327339193946
2026-01-07,77.77999877929688,78.5,77.41999816894531,78.11000061035156,45549,64.60429814556437
2026-01-08,77.5,85.4800033569336,77.5,83.06999969482422,6027673,77.74677229522553
2026-01-09,81.83999633789062,82.9800033569336,80.5,82.11000061035156,442656,72.57616815260133
2026-01-12,81.5999984741211,82.0999984741211,78.62000274658203,80.2300033569336,210471,60.99372917276669
2026-01-13,80.30000305175781,81.88999938964844,78.51000213623047,79.37999725341797,132553,51.99999618530638
2026-01-14,79.45999908447266,81.0,78.9000015258789,79.83999633789062,129506,56.79170933316883
2026-01-16,79.6500015258789,80.94000244140625,79.19999694824219,79.5999984741211,74716,51.84411411484753
2026-01-19,80.19999694824219,80.48999786376953,77.0999984741211,77.54000091552734,90198,45.24391253741425
2026-01-20,77.75,77.76000213623047,74.5,75.16000366210938,134934,38.294414173679954
2026-01-21,75.16000366210938,75.16000366210938,72.0,72.7300033569336,144853,33.381652821345796
2026-01-22,73.01000213623047,75.69000244140625,73.01000213623047,75.19999694824219,88066,40.55338680177261
2026-01-23,76.0,76.29000091552734,73.0,73.36000061035156,57317,34.74256293454272
2026-01-27,73.5,74.5,71.86000061035156,73.37000274658203,131919,37.06512517895226
2026-01-28,73.37000274658203,76.80000305175781,72.5,76.16000366210938,109965,46.756541871059966
2026-01-29,75.61000061035156,76.38999938964844,74.12999725341797,75.6500015258789,98417,44.840603503314654
2026-01-30,75.55000305175781,77.44999694824219,73.93000030517578,75.81999969482422,183322,30.971116415423808
2026-02-02,73.5,74.80000305175781,71.5,72.93000030517578,106213,28.122007833770738
2026-02-03,75.41999816894531,75.87999725341797,73.0199966430664,73.55999755859375,84652,33.09678200219717
2026-02-04,74.5,74.87999725341797,73.5,74.58000183105469,86051,37.93970167129862
2026-02-05,74.22000122070312,74.4800033569336,72.51000213623047,72.87999725341797,56381,33.5383117377595
2026-02-06,72.5,73.19999694824219,71.62999725341797,71.97000122070312,98154,32.508022061938405
2026-02-09,73.0,74.4800033569336,72.37999725341797,74.16000366210938,88432,42.29717854908633
2026-02-10,74.48999786376953,75.19000244140625,74.02999877929688,74.31999969482422,62406,47.87017180458066
2026-02-11,74.79000091552734,74.79000091552734,73.5,74.1500015258789,47717,54.06643431813455
2026-02-12,72.5999984741211,72.5999984741211,70.81999969482422,71.69999694824219,191610,39.96559773498007
2026-02-13,71.69999694824219,72.0,70.6500015258789,71.19000244140625,51012,43.265058700398285
2026-02-16,71.55000305175781,73.3499984741211,71.0,71.25,120379,43.44058395097924
2026-02-17,71.0,72.1500015258789,71.0,71.66000366210938,55372,33.67198694255032
2026-02-18,72.37999725341797,72.4000015258789,71.0,71.19000244140625,85349,33.77001536429255
2026-02-19,71.19000244140625,71.75,70.0999984741211,70.62000274658203,57109,31.61245695650814
2026-02-20,70.12000274658203,70.5999984741211,68.5999984741211,69.25,80673,35.41997026834062
2026-02-23,70.0,70.11000061035156,69.0,69.1500015258789,36283,31.7618089925858
2026-02-24,69.0,69.52999877929688,68.11000061035156,69.23999786376953,46926,26.07524253758129
2026-02-25,69.98999786376953,69.98999786376953,68.51000213623047,69.36000061035156,37072,31.62839888537505
2026-02-26,69.5,69.73999786376953,68.55000305175781,68.80999755859375,29430,32.863322973245815
2026-02-27,68.80999755859375,69.0,67.0,67.47000122070312,82705,10.035804395700552
2026-03-02,65.5,66.04000091552734,63.18000030517578,64.29000091552734,134186,5.97015225298243
2026-03-04,63.0,63.29999923706055,61.0,61.470001220703125,109892,4.8433067010967505
