Date,Open,High,Low,Close,Volume,RSI
2021-02-19,61.150001525878906,62.29999923706055,60.79999923706055,61.04999923706055,234331,
2021-02-22,60.79999923706055,61.34999847412109,60.29999923706055,60.400001525878906,144034,0.0
2021-02-23,60.59999847412109,60.900001525878906,60.09999847412109,60.25,80844,0.0
2021-02-24,60.5,60.900001525878906,60.04999923706055,60.650001525878906,194086,33.3334392970789
2021-02-25,62.5,63.0,61.0,61.54999923706055,473950,61.90477055487537
2021-02-26,61.0,63.0,60.54999923706055,62.650001525878906,342828,75.00002980231528
2021-03-01,63.0,64.25,62.400001525878906,63.04999923706055,411393,77.77778955153977
2021-03-02,63.45000076293945,64.0,63.0,63.25,284813,78.94738427159847
2021-03-03,63.45000076293945,66.44999694824219,63.25,65.0,570702,85.58559735074394
2021-03-04,64.30000305175781,69.94999694824219,63.79999923706055,67.44999694824219,1333490,90.00000476837386
2021-03-05,67.55000305175781,69.9000015258789,65.80000305175781,66.30000305175781,948538,78.68857653270742
2021-03-08,65.30000305175781,71.44999694824219,64.5999984741211,68.30000305175781,1260689,82.51125678819994
2021-03-09,68.80000305175781,69.44999694824219,66.0,66.3499984741211,354411,70.22901296852
2021-03-10,66.69999694824219,68.69999694824219,66.05000305175781,66.69999694824219,176067,71.00371968625872
2021-03-12,67.05000305175781,67.19999694824219,66.0,66.30000305175781,286767,68.95310011234776
2021-03-15,66.69999694824219,66.69999694824219,64.30000305175781,64.75,209779,64.74576516659761
2021-03-16,64.75,65.5,63.09999847412109,63.400001525878906,180979,59.874619546474044
2021-03-17,63.400001525878906,63.900001525878906,62.34999847412109,62.59999847412109,257353,55.963296758882045
2021-03-18,62.400001525878906,63.400001525878906,61.79999923706055,62.20000076293945,325179,52.050479184015316
2021-03-19,62.04999923706055,64.6500015258789,61.70000076293945,63.45000076293945,306307,52.499999403953126
2021-03-22,63.5,64.44999694824219,62.29999923706055,63.5,191016,51.43770302916404
2021-03-23,63.70000076293945,64.19999694824219,63.5,63.75,70120,51.592357771223945
2021-03-24,63.70000076293945,64.3499984741211,63.09999847412109,63.34999847412109,171441,44.25086209554876
2021-03-25,63.34999847412109,64.44999694824219,62.29999923706055,63.20000076293945,241861,32.36514877487983
2021-03-26,64.25,64.25,62.79999923706055,63.75,107667,38.86461252660294
2021-03-30,63.54999923706055,64.30000305175781,63.54999923706055,64.0999984741211,110918,28.571395206713873
2021-03-31,64.05000305175781,64.69999694824219,63.70000076293945,64.1500015258789,43328,36.07595792433952
2021-04-01,64.4000015258789,64.69999694824219,64.0999984741211,64.44999694824219,45227,35.66877309473871
2021-04-05,64.0,64.94999694824219,63.34999847412109,64.75,186290,39.999980311239916
2021-04-06,64.5,66.44999694824219,64.30000305175781,66.1500015258789,246042,59.21053820369886
2021-04-07,66.1500015258789,67.44999694824219,65.8499984741211,67.1500015258789,345323,75.86206896551724
2021-04-08,67.0,69.5,66.0,66.55000305175781,426296,78.01423505259964
2021-04-09,66.9000015258789,66.9000015258789,64.80000305175781,65.9000015258789,179007,75.3424736276364
2021-04-12,65.55000305175781,65.75,64.5,65.1500015258789,201832,62.50000701231193
2021-04-13,64.5999984741211,66.6500015258789,64.5999984741211,65.8499984741211,246176,65.77180830037503
2021-04-15,65.30000305175781,66.80000305175781,64.94999694824219,65.8499984741211,121031,64.5833289181726
2021-04-16,66.19999694824219,66.19999694824219,65.05000305175781,65.0999984741211,45454,61.589411000279966
2021-04-19,65.6500015258789,66.80000305175781,64.5999984741211,65.75,205762,65.83850607911162
2021-04-20,65.4000015258789,65.94999694824219,64.75,64.80000305175781,84514,56.21303805308616
2021-04-22,65.44999694824219,65.8499984741211,64.9000015258789,65.6500015258789,68325,58.65923787863547
2021-04-23,65.8499984741211,65.8499984741211,64.44999694824219,64.9000015258789,2861774,53.88601282055336
2021-04-26,67.0999984741211,67.19999694824219,65.5,66.05000305175781,307066,57.619076683407734
2021-04-27,66.0,66.80000305175781,65.0,65.1500015258789,378617,51.801808922818694
2021-04-28,65.0999984741211,65.5999984741211,64.5999984741211,65.30000305175781,215501,45.685286264996414
2021-04-29,65.5,65.5,65.05000305175781,65.25,62247,39.32583595432993
2021-04-30,65.0,65.94999694824219,65.0,65.69999694824219,139385,45.142822265625
2021-05-03,65.94999694824219,66.30000305175781,65.5,65.9000015258789,168194,50.0
2021-05-04,65.94999694824219,66.80000305175781,65.19999694824219,65.3499984741211,158627,51.234548132966125
2021-05-05,65.30000305175781,66.3499984741211,65.19999694824219,65.8499984741211,131857,50.0
2021-05-06,66.0,66.9000015258789,65.25,66.80000305175781,173351,55.36724917219043
2021-05-07,66.80000305175781,66.8499984741211,65.80000305175781,66.3499984741211,191090,57.309925865644416
2021-05-10,66.8499984741211,69.5,66.3499984741211,68.44999694824219,564033,63.49996414190041
2021-05-11,67.80000305175781,73.69999694824219,67.5,70.75,3593925,76.21139096708275
2021-05-12,71.3499984741211,72.3499984741211,68.0,68.6500015258789,563670,61.90474172121271
2021-05-14,68.5,69.55000305175781,67.5,68.05000305175781,256305,62.65058838164561
2021-05-17,68.5,69.4000015258789,68.0,68.05000305175781,146938,58.84954318230308
2021-05-18,68.05000305175781,68.6500015258789,67.9000015258789,68.25,131357,64.62261536745203
2021-05-19,67.9000015258789,69.5,67.9000015258789,68.69999694824219,187157,65.59628917760796
2021-05-20,68.69999694824219,68.9000015258789,68.05000305175781,68.55000305175781,153258,65.00001387162641
2021-05-21,68.5,69.69999694824219,68.4000015258789,69.19999694824219,241665,65.62500425747578
2021-05-24,68.80000305175781,69.75,68.44999694824219,68.80000305175781,185074,62.719320260283126
2021-05-25,69.44999694824219,72.0,69.0,70.3499984741211,1117287,70.16132505583619
2021-05-26,70.44999694824219,74.80000305175781,69.0,72.5,1544648,73.6655192692713
2021-05-27,72.55000305175781,74.25,71.0999984741211,71.55000305175781,589715,66.9039476356433
2021-05-28,72.30000305175781,72.30000305175781,69.1500015258789,69.30000305175781,370383,59.30602694505429
2021-05-31,69.8499984741211,69.8499984741211,68.75,69.4000015258789,239294,53.42962734866082
2021-06-01,69.69999694824219,69.94999694824219,68.6500015258789,68.94999694824219,505505,42.49996821077527
2021-06-02,68.94999694824219,71.25,68.6500015258789,70.5999984741211,329220,58.44156530446971
2021-06-03,70.0999984741211,71.1500015258789,69.69999694824219,69.9000015258789,160672,57.9399273732224
2021-06-04,70.0,75.9000015258789,70.0,73.5999984741211,2254563,68.07819872352756
2021-06-07,73.94999694824219,74.44999694824219,72.4000015258789,72.6500015258789,462399,63.66462820843927
2021-06-08,72.69999694824219,73.30000305175781,71.5,71.8499984741211,261368,59.57448782100902
2021-06-09,72.05000305175781,74.0,69.9000015258789,70.5999984741211,593460,55.840449400102855
2021-06-10,70.4000015258789,72.75,70.3499984741211,71.55000305175781,407647,56.58265352614982
2021-06-11,71.94999694824219,72.5,71.0999984741211,71.55000305175781,155613,57.87965753849895
2021-06-14,71.19999694824219,72.69999694824219,70.1500015258789,71.19999694824219,181233,52.615378692449156
2021-06-15,71.5999984741211,71.5999984741211,69.9000015258789,70.19999694824219,353819,42.38409893350202
2021-06-16,70.94999694824219,74.4000015258789,70.0999984741211,72.44999694824219,1071319,52.7438822989772
2021-06-17,71.80000305175781,75.3499984741211,71.6500015258789,74.69999694824219,1046831,66.46338683520796
2021-06-18,75.44999694824219,75.69999694824219,70.55000305175781,72.1500015258789,555451,57.294427346331496
2021-06-21,71.5,72.0,70.0999984741211,71.6500015258789,373282,57.14286867633245
2021-06-22,72.19999694824219,72.44999694824219,70.5999984741211,70.80000305175781,421828,50.55249887982776
2021-06-23,71.44999694824219,72.5,70.80000305175781,71.9000015258789,464806,55.4054054054054
2021-06-24,72.25,72.3499984741211,70.75,70.80000305175781,143973,41.19498379353613
2021-06-25,70.6500015258789,71.69999694824219,70.0999984741211,70.4000015258789,194048,42.67101268616212
2021-06-28,71.19999694824219,72.4000015258789,70.25,70.44999694824219,368892,45.205473725355354
2021-06-29,70.69999694824219,71.0,69.8499984741211,70.25,288095,48.70849227910643
2021-06-30,70.19999694824219,71.0,69.75,69.94999694824219,154863,43.79842302114704
2021-07-01,69.94999694824219,70.4000015258789,69.5,69.5999984741211,164654,42.64148792280546
2021-07-02,69.5,70.94999694824219,69.5,70.4000015258789,170280,47.080306401178376
2021-07-05,71.0,71.1500015258789,70.19999694824219,70.3499984741211,143899,50.5882416299508
2021-07-06,70.3499984741211,70.5,69.75,70.0,88667,38.70968195593933
2021-07-07,70.0999984741211,70.5,69.55000305175781,70.19999694824219,257493,24.431782714542337
2021-07-08,70.0,70.4000015258789,69.80000305175781,70.0,81354,33.333293904872534
2021-07-09,70.0,72.0,69.75,71.0999984741211,468961,46.09926238236643
2021-07-12,71.5999984741211,72.19999694824219,70.6500015258789,70.9000015258789,348833,50.78123975542969
2021-07-13,71.30000305175781,71.3499984741211,70.4000015258789,70.9000015258789,135492,40.5660160073703
2021-07-14,70.5999984741211,77.3499984741211,70.5999984741211,74.9000015258789,6022977,75.00002326037948
2021-07-15,74.69999694824219,76.75,74.0999984741211,74.3499984741211,660035,73.65270227054685
2021-07-16,74.80000305175781,74.80000305175781,72.5,73.19999694824219,323348,64.55026924908972
2021-07-19,72.9000015258789,72.9000015258789,71.75,72.19999694824219,242297,59.51218023532774
2021-07-20,71.80000305175781,72.3499984741211,70.75,71.1500015258789,307799,55.454570045172986
2021-07-22,71.25,72.9000015258789,71.25,72.0999984741211,187093,60.775870573796695
2021-07-23,72.25,74.0,71.5999984741211,73.55000305175781,424986,62.85715709275668
2021-07-26,73.55000305175781,73.5999984741211,72.5,72.5999984741211,225240,58.55513705067777
2021-07-27,72.9000015258789,73.5,72.0,72.5,149866,59.68992706531947
2021-07-28,72.25,72.25,70.5999984741211,71.5,219024,54.744537742121956
2021-07-29,71.9000015258789,72.5,71.0999984741211,72.05000305175781,102003,57.29538294122055
2021-07-30,72.05000305175781,73.9000015258789,71.5999984741211,73.5,268238,58.33333774849174
2021-08-02,73.9000015258789,75.25,73.0999984741211,73.30000305175781,351324,58.33333774849174
2021-08-03,73.30000305175781,73.55000305175781,72.25,72.5,194367,55.26315129034606
2021-08-04,72.80000305175781,73.05000305175781,71.9000015258789,72.0999984741211,221659,37.93102767890264
2021-08-05,71.8499984741211,72.4000015258789,71.5,71.6500015258789,105608,38.26088283372962
2021-08-06,71.9000015258789,72.4000015258789,71.69999694824219,72.0,89478,44.392536025726045
2021-08-09,72.5,72.5,71.25,71.5999984741211,113950,47.02971007541015
2021-08-10,71.3499984741211,71.80000305175781,70.0,70.5,222899,46.79802252136793
2021-08-11,70.9000015258789,70.9000015258789,69.55000305175781,70.6500015258789,229596,42.24601068604123
2021-08-12,70.9000015258789,72.30000305175781,70.5,71.4000015258789,257444,37.5722477074335
2021-08-13,71.0999984741211,73.44999694824219,69.80000305175781,71.75,4087754,44.720503369730146
2021-08-16,73.5,73.75,71.3499984741211,71.75,444355,45.283017057221436
2021-08-17,71.9000015258789,72.30000305175781,70.4000015258789,70.55000305175781,378536,44.171793498814864
2021-08-18,70.5999984741211,71.80000305175781,70.5999984741211,71.3499984741211,205472,45.83329927348063
2021-08-20,70.9000015258789,71.5,69.30000305175781,69.44999694824219,464943,27.118603155555334
2021-08-23,69.80000305175781,70.5,66.94999694824219,68.05000305175781,272032,23.880565289477047
2021-08-24,68.4000015258789,70.1500015258789,67.69999694824219,69.5999984741211,167159,36.574042350281694
2021-08-25,69.75,69.8499984741211,68.0,68.05000305175781,333032,33.054375674755974
2021-08-26,68.30000305175781,69.0,67.5999984741211,68.0999984741211,202368,34.63198487592791
2021-08-27,68.4000015258789,68.5,67.75,68.19999694824219,51835,33.18578633592374
2021-08-30,68.44999694824219,69.19999694824219,68.30000305175781,68.5,74956,36.1606890449134
2021-08-31,68.80000305175781,69.25,68.05000305175781,69.05000305175781,164406,43.1924889355648
2021-09-01,68.5999984741211,69.5,68.5999984741211,69.19999694824219,100398,43.19244823996911
2021-09-02,69.4000015258789,70.80000305175781,69.25,70.69999694824219,172948,46.92979667611866
2021-09-03,71.0,73.5,71.0,73.30000305175781,1130020,55.677675741841014
2021-09-06,73.5,73.9000015258789,72.25,73.3499984741211,300334,55.83942154600784
2021-09-07,73.44999694824219,73.44999694824219,72.25,72.55000305175781,117616,57.518812519575455
2021-09-08,72.75,73.69999694824219,72.5,73.25,176188,57.19698961995715
2021-09-09,73.5999984741211,73.69999694824219,72.5,72.55000305175781,190010,62.91672494691199
2021-09-13,72.5,73.19999694824219,72.30000305175781,72.75,127932,71.75930046751354
2021-09-14,73.0,74.5,72.6500015258789,73.75,553422,70.24395508695669
2021-09-15,73.94999694824219,74.75,73.4000015258789,73.94999694824219,448722,83.14611268557047
2021-09-16,74.19999694824219,74.55000305175781,73.05000305175781,73.3499984741211,116374,77.77783160077118
2021-09-17,74.3499984741211,74.3499984741211,71.55000305175781,71.8499984741211,154052,66.82030954997754
2021-09-20,71.8499984741211,72.30000305175781,71.0999984741211,71.5999984741211,145337,64.35187114776681
2021-09-21,72.0,72.0,70.55000305175781,71.30000305175781,119245,60.6635348704012
2021-09-22,71.1500015258789,72.9000015258789,71.1500015258789,72.3499984741211,165704,63.755496341547115
2021-09-23,72.30000305175781,74.19999694824219,72.05000305175781,73.3499984741211,426252,62.10049225388177
2021-09-24,73.69999694824219,74.0,72.75,72.9000015258789,150508,47.72725499358868
2021-09-27,72.80000305175781,73.1500015258789,72.0,72.3499984741211,129721,44.62364003589928
2021-09-28,72.9000015258789,74.0,71.8499984741211,72.69999694824219,176862,50.84742548173078
2021-09-29,72.05000305175781,73.9000015258789,72.05000305175781,73.5,274988,51.396650902060536
2021-09-30,73.94999694824219,73.94999694824219,72.30000305175781,72.5999984741211,270209,50.273199439342896
2021-10-01,72.5999984741211,75.75,72.05000305175781,74.80000305175781,906702,59.19284382928758
2021-10-04,74.80000305175781,75.9000015258789,74.0999984741211,75.0999984741211,454948,56.45932944489345
2021-10-05,75.30000305175781,76.5,74.8499984741211,76.05000305175781,464409,59.37502980233051
2021-10-06,76.9000015258789,78.4000015258789,76.6500015258789,76.9000015258789,837745,65.502200864354
2021-10-07,76.5,78.0,75.4000015258789,75.8499984741211,383751,68.18181818181819
2021-10-08,76.4000015258789,77.80000305175781,75.80000305175781,77.30000305175781,332692,73.36066573321268
2021-10-11,78.0999984741211,78.80000305175781,76.25,76.5,196694,70.47240925234408
2021-10-12,76.0999984741211,77.0,74.5,75.75,176184,63.70966501465888
2021-10-13,81.0,84.5,79.5,80.94999694824219,3253185,72.89154273123825
2021-10-14,80.69999694824219,81.80000305175781,78.94999694824219,79.30000305175781,415415,67.97752158838756
2021-10-18,79.80000305175781,79.94999694824219,77.0999984741211,77.55000305175781,305535,63.68421707787079
2021-10-19,77.8499984741211,78.55000305175781,76.5,76.6500015258789,210083,60.10230797839106
2021-10-20,77.0,77.94999694824219,74.25,75.5999984741211,341559,55.30302358907333
2021-10-21,75.30000305175781,76.4000015258789,74.75,75.3499984741211,90213,57.18015322526026
2021-10-22,75.94999694824219,76.8499984741211,74.9000015258789,76.0,242628,53.40908105708692
2021-10-25,76.94999694824219,76.94999694824219,74.25,74.69999694824219,333506,48.92472787487475
2021-10-26,74.75,75.69999694824219,74.75,75.3499984741211,68892,48.08742030309941
2021-10-27,74.9000015258789,75.6500015258789,74.69999694824219,75.05000305175781,115528,44.788738932547155
2021-10-28,75.05000305175781,75.4000015258789,74.25,74.55000305175781,98343,46.22094454540576
2021-10-29,74.5,75.5,74.0999984741211,74.8499984741211,67792,42.367584808706546
2021-11-01,74.8499984741211,75.1500015258789,74.30000305175781,74.69999694824219,83610,44.15583193130768
2021-11-02,74.55000305175781,75.25,74.30000305175781,74.4000015258789,34608,45.484951710235904
2021-11-03,74.9000015258789,75.1500015258789,74.3499984741211,74.3499984741211,33192,16.326522668265213
2021-11-04,76.5,76.5,74.5999984741211,75.5,34623,29.569882769879484
2021-11-08,75.5,76.0,74.5999984741211,75.0999984741211,93464,34.591175050838615
2021-11-09,75.69999694824219,75.69999694824219,75.05000305175781,75.19999694824219,67873,39.86011001264451
2021-11-10,76.0,76.0,75.0999984741211,75.44999694824219,54974,48.81888533918374
2021-11-11,75.44999694824219,76.94999694824219,74.75,76.0,161787,54.8872283964852
2021-11-12,75.4000015258789,76.4000015258789,75.4000015258789,75.5999984741211,62211,46.87498882413177
2021-11-15,75.5999984741211,76.19999694824219,75.0999984741211,75.25,56686,55.04590238289222
2021-11-16,75.25,75.5,75.05000305175781,75.19999694824219,59827,48.453592030190386
2021-11-17,75.4000015258789,77.75,75.05000305175781,75.75,281868,56.86270696577847
2021-11-18,76.0,76.0,75.0,75.3499984741211,121408,57.99994201669004
2021-11-22,75.94999694824219,77.25,74.80000305175781,75.1500015258789,339260,53.06124991047156
2021-11-23,74.19999694824219,76.30000305175781,74.19999694824219,75.44999694824219,135518,57.42573808682095
2021-11-24,75.5999984741211,76.75,75.5999984741211,76.19999694824219,131350,66.36357204982127
2021-11-25,76.19999694824219,78.69999694824219,75.5,77.19999694824219,202230,72.09299574765056
2021-11-26,77.05000305175781,77.8499984741211,75.80000305175781,76.3499984741211,363922,56.910554985591
2021-11-29,76.3499984741211,76.94999694824219,75.05000305175781,75.69999694824219,150935,54.68748696148706
2021-11-30,76.44999694824219,77.44999694824219,75.3499984741211,76.1500015258789,103857,57.03706299160089
2021-12-01,76.1500015258789,76.9000015258789,75.5999984741211,75.69999694824219,131894,51.79855799207862
2021-12-02,76.0,77.9000015258789,75.69999694824219,77.4000015258789,124614,58.64197007586996
2021-12-03,77.19999694824219,78.69999694824219,76.1500015258789,76.44999694824219,215581,54.91327644373884
2021-12-06,76.44999694824219,77.44999694824219,75.80000305175781,76.0999984741211,79466,54.91327644373884
2021-12-07,76.0999984741211,77.19999694824219,76.0999984741211,76.94999694824219,65061,59.25924729863269
2021-12-08,77.19999694824219,77.94999694824219,76.4000015258789,76.6500015258789,101727,54.89131020688088
2021-12-09,76.6500015258789,77.6500015258789,76.6500015258789,77.30000305175781,50729,60.317479539911396
2021-12-10,76.6500015258789,79.75,76.6500015258789,77.30000305175781,129530,61.62162028411017
2021-12-13,78.55000305175781,78.55000305175781,76.19999694824219,76.44999694824219,210244,55.10203128357316
2021-12-14,76.44999694824219,77.75,76.44999694824219,77.0,101226,54.16667328939024
2021-12-15,77.44999694824219,77.44999694824219,76.44999694824219,76.5999984741211,69787,46.666683620833616
2021-12-16,76.69999694824219,77.55000305175781,76.4000015258789,76.94999694824219,89807,53.52939328525332
2021-12-17,76.5999984741211,77.25,76.0,76.4000015258789,104032,54.16668558873831
2021-12-20,76.4000015258789,76.4000015258789,73.69999694824219,74.8499984741211,325052,43.1578896646766
2021-12-21,74.5999984741211,75.9000015258789,74.5999984741211,75.0999984741211,97759,46.77420545689767
2021-12-22,75.4000015258789,75.4000015258789,74.5999984741211,74.8499984741211,64797,33.7579549739726
2021-12-23,75.30000305175781,75.30000305175781,74.75,75.0,61515,39.71633815193419
2021-12-24,74.80000305175781,75.55000305175781,74.75,74.8499984741211,74816,40.87592053853453
2021-12-27,74.8499984741211,75.30000305175781,74.6500015258789,75.0999984741211,26500,35.20003027340054
2021-12-28,75.44999694824219,75.75,74.80000305175781,75.19999694824219,61379,38.01651225051609
2021-12-29,75.44999694824219,76.69999694824219,75.05000305175781,75.75,55525,36.974790993486174
2021-12-30,75.1500015258789,75.8499984741211,74.25,74.5999984741211,142990,30.985920033354347
2021-12-31,74.9000015258789,75.5,74.5999984741211,74.75,76166,36.71879284077714
2022-01-03,75.4000015258789,75.5,74.6500015258789,75.0,51502,33.606573779923465
2022-01-04,74.9000015258789,75.69999694824219,74.6500015258789,74.8499984741211,91027,35.04275064817182
2022-01-05,74.8499984741211,75.25,74.5999984741211,74.69999694824219,105558,30.088527839818084
2022-01-06,74.5999984741211,75.0,74.55000305175781,74.80000305175781,37366,34.615457974667564
2022-01-07,75.0,75.4000015258789,74.75,75.0999984741211,76408,53.16454718234776
2022-01-10,75.0999984741211,75.3499984741211,74.8499984741211,75.0,69672,48.68423430206294
2022-01-11,74.8499984741211,75.5,74.8499984741211,75.0999984741211,107445,53.424648944219854
2022-01-12,75.5,77.30000305175781,75.19999694824219,75.6500015258789,155588,58.02468903235043
2022-01-13,75.94999694824219,76.19999694824219,75.30000305175781,75.3499984741211,48755,55.95236365221688
2022-01-14,75.0,76.30000305175781,75.0,75.8499984741211,40865,58.42694317573962
2022-01-17,78.0,78.0,75.30000305175781,76.5,99199,62.99999084475451
2022-01-18,76.5,77.9000015258789,76.0,76.6500015258789,212817,59.78259607618093
2022-01-19,76.0,79.69999694824219,76.0,79.0,273543,87.93097778403329
2022-01-20,79.4000015258789,80.80000305175781,77.75,78.30000305175781,333808,77.95275306737409
2022-01-21,78.30000305175781,79.19999694824219,76.75,77.0,107955,63.513496794627265
2022-01-24,76.5,77.0,74.75,75.0,388892,50.81081839004238
2022-01-25,75.0999984741211,76.25,74.5,75.80000305175781,141676,55.555581243728874
2022-01-27,75.1500015258789,76.5,75.1500015258789,75.69999694824219,230086,54.54541951612728
2022-01-28,76.0,77.25,76.0,76.3499984741211,118314,56.09755189841383
2022-01-31,76.94999694824219,78.4000015258789,76.5,77.0999984741211,166981,59.63300568983969
2022-02-01,77.9000015258789,78.25,76.75,77.1500015258789,90455,59.4470000717232
2022-02-02,77.0,77.8499984741211,76.75,76.80000305175781,50240,55.39905968756066
2022-02-03,76.80000305175781,78.75,76.75,77.25,162336,58.79629466105389
2022-02-04,77.0999984741211,78.0,77.0,77.25,173033,56.796116864425805
2022-02-07,76.75,78.80000305175781,76.75,77.69999694824219,234921,55.94057536175394
2022-02-08,77.19999694824219,78.80000305175781,77.19999694824219,77.4000015258789,177422,53.65853658536585
2022-02-09,77.5,78.19999694824219,77.0999984741211,77.6500015258789,89677,41.717802322892766
2022-02-10,76.6500015258789,78.80000305175781,76.6500015258789,78.0,88440,48.07690426678612
2022-02-11,78.3499984741211,78.3499984741211,77.1500015258789,77.5,63356,53.57142857142857
2022-02-14,76.75,77.5,75.80000305175781,75.94999694824219,227363,57.251881722308795
2022-02-15,76.0,76.0,73.9000015258789,74.94999694824219,346613,43.703658492476855
2022-02-16,75.0999984741211,76.19999694824219,75.0999984741211,76.0,72908,51.94807253674496
2022-02-17,76.1500015258789,76.80000305175781,76.0,76.4000015258789,64973,50.335591088863545
2022-02-18,75.3499984741211,77.30000305175781,75.3499984741211,76.1500015258789,147412,43.165486579944016
2022-02-21,76.1500015258789,76.19999694824219,75.5,75.55000305175781,58398,39.33333265516424
2022-02-22,75.0999984741211,75.30000305175781,74.69999694824219,75.0,216263,38.311663862615355
2022-02-23,75.0999984741211,76.05000305175781,74.69999694824219,75.6500015258789,106020,39.87342933491973
2022-02-24,74.1500015258789,75.19999694824219,73.0,74.19999694824219,276620,33.68983389962172
2022-02-25,74.4000015258789,75.30000305175781,74.30000305175781,74.6500015258789,89675,33.6898880071806
2022-02-28,74.1500015258789,75.0,74.05000305175781,74.55000305175781,47423,34.426266414633076
2022-03-02,74.5,75.5999984741211,74.05000305175781,75.19999694824219,59932,37.17276524898561
2022-03-03,75.0999984741211,75.4000015258789,74.9000015258789,75.19999694824219,35561,34.78261230122136
2022-03-04,74.55000305175781,75.9000015258789,74.5,74.69999694824219,105856,34.78261230122136
2022-03-07,74.4000015258789,75.0,73.75,74.05000305175781,76636,38.55425784402581
2022-03-08,73.6500015258789,75.9000015258789,73.6500015258789,74.80000305175781,82650,49.06836124458597
2022-03-09,74.94999694824219,75.19999694824219,74.4000015258789,74.5999984741211,54340,40.277773362621716
2022-03-10,74.5999984741211,75.25,74.30000305175781,74.44999694824219,44475,35.97119932905282
2022-03-11,74.25,74.94999694824219,74.25,74.69999694824219,32046,39.56831926195811
2022-03-14,74.5,75.25,74.0999984741211,74.5,39653,41.98471326302646
2022-03-15,74.9000015258789,74.9000015258789,74.3499984741211,74.3499984741211,33288,44.71543606010721
2022-03-16,74.4000015258789,74.94999694824219,74.1500015258789,74.80000305175781,75943,42.85716117500279
2022-03-17,75.4000015258789,75.75,74.80000305175781,75.0,58155,58.51067628944968
2022-03-21,75.4000015258789,75.4000015258789,74.5,74.69999694824219,42927,50.5494007984882
2022-03-22,74.94999694824219,75.19999694824219,74.25,74.5,52751,49.46233207106339
2022-03-23,74.69999694824219,74.9000015258789,73.8499984741211,74.0,58428,36.6667005750868
2022-03-24,73.9000015258789,74.6500015258789,73.75,74.0999984741211,99785,38.04349088038266
2022-03-25,74.0,74.6500015258789,73.80000305175781,73.8499984741211,180076,40.229899169184954
2022-03-28,74.25,74.25,73.5999984741211,74.0,37760,49.35061074692644
2022-03-29,74.0999984741211,74.5999984741211,73.6500015258789,74.0,52693,37.096750376546794
2022-03-30,73.80000305175781,74.4000015258789,73.6500015258789,73.6500015258789,21549,35.38466233473558
2022-03-31,73.5999984741211,74.44999694824219,73.4000015258789,73.69999694824219,33931,38.095215028240915
2022-04-01,73.6500015258789,75.80000305175781,73.6500015258789,74.94999694824219,101667,53.01205262267716
2022-04-04,75.4000015258789,76.75,74.75,75.1500015258789,112191,57.83134080584761
2022-04-05,76.30000305175781,76.30000305175781,75.0999984741211,75.44999694824219,40923,62.79069354818677
2022-04-06,75.4000015258789,75.9000015258789,75.05000305175781,75.55000305175781,35421,59.49367822086245
2022-04-07,75.4000015258789,76.25,75.4000015258789,75.6500015258789,48520,58.44158160383808
2022-04-08,76.25,76.9000015258789,75.55000305175781,76.05000305175781,63427,67.08869805730356
2022-04-11,76.75,79.75,76.0,76.3499984741211,413553,72.83951314988857
2022-04-12,75.94999694824219,76.9000015258789,75.9000015258789,76.19999694824219,34023,79.72971301080901
2022-04-13,76.9000015258789,76.9000015258789,75.9000015258789,76.25,41192,79.45206338456522
2022-04-18,75.80000305175781,77.69999694824219,75.80000305175781,77.30000305175781,63627,88.76405650203765
2022-04-19,77.9000015258789,78.0,76.25,77.44999694824219,142875,88.76403723832874
2022-04-20,77.44999694824219,79.9000015258789,77.44999694824219,78.05000305175781,142460,90.09901588423874
2022-04-21,78.6500015258789,78.6500015258789,75.5,76.25,195267,69.99996478745119
2022-04-22,75.9000015258789,78.5,75.75,77.0999984741211,127929,73.28764761027855
2022-04-25,76.4000015258789,77.55000305175781,76.19999694824219,76.80000305175781,74649,64.56696319151084
2022-04-26,77.05000305175781,81.0,76.9000015258789,77.0999984741211,191037,65.11626256484988
2022-04-27,76.9000015258789,77.69999694824219,76.5,77.25,35945,64.28573158592026
2022-04-28,78.4000015258789,79.25,77.30000305175781,78.69999694824219,62925,70.58821182806423
2022-04-29,79.4000015258789,79.4000015258789,76.80000305175781,77.69999694824219,64862,61.98828374224233
2022-05-02,77.0,77.55000305175781,76.3499984741211,77.05000305175781,22255,55.68182606343504
2022-05-04,78.05000305175781,78.05000305175781,75.0,76.1500015258789,211368,48.93618575477487
2022-05-05,76.05000305175781,76.3499984741211,75.25,75.9000015258789,63380,48.4210754563787
2022-05-06,75.1500015258789,75.80000305175781,74.75,75.44999694824219,71876,45.959578055689995
2022-05-09,75.44999694824219,75.44999694824219,74.75,75.0,33719,37.634375963930154
2022-05-10,75.05000305175781,75.69999694824219,74.75,74.75,40083,35.63830477989994
2022-05-11,74.55000305175781,74.8499984741211,72.5999984741211,73.4000015258789,207139,27.093557550141725
2022-05-12,73.4000015258789,73.80000305175781,71.4000015258789,71.80000305175781,243476,27.63816513874022
2022-05-13,72.4000015258789,73.25,71.25,71.80000305175781,74068,20.879092318359284
2022-05-16,72.4000015258789,72.4000015258789,71.3499984741211,72.1500015258789,65946,24.590117459499524
2022-05-17,72.5,72.69999694824219,71.9000015258789,72.44999694824219,16213,24.590117459499524
2022-05-18,72.5,73.25,71.0999984741211,71.69999694824219,70978,21.53840134590554
2022-05-19,71.0999984741211,71.94999694824219,71.0999984741211,71.44999694824219,26828,7.6022786490866
2022-05-20,71.55000305175781,71.9000015258789,70.5999984741211,71.55000305175781,54799,9.803929390645251
2022-05-23,71.9000015258789,72.1500015258789,70.75,71.05000305175781,143680,10.0
2022-05-24,71.30000305175781,71.30000305175781,69.80000305175781,70.0999984741211,79791,9.933770819144016
2022-05-25,70.0999984741211,70.0999984741211,68.9000015258789,69.3499984741211,64897,9.316766654345912
2022-05-26,69.9000015258789,70.0,68.6500015258789,69.55000305175781,43891,12.179541101879764
2022-05-27,69.9000015258789,70.5,68.8499984741211,69.44999694824219,71013,12.751718403093534
2022-05-30,70.05000305175781,70.5999984741211,69.19999694824219,70.0999984741211,62890,20.38220769994082
2022-05-31,70.4000015258789,70.75,70.0,70.0999984741211,22193,24.615420730776904
2022-06-01,70.4000015258789,70.4000015258789,69.5999984741211,69.8499984741211,107458,31.067978424438863
2022-06-02,70.30000305175781,70.4000015258789,69.75,70.1500015258789,46797,34.86242641860726
2022-06-03,70.1500015258789,70.4000015258789,69.69999694824219,69.80000305175781,14225,28.440459441866324
2022-06-06,69.9000015258789,70.19999694824219,69.55000305175781,69.80000305175781,9906,24.272025883524137
2022-06-07,69.9000015258789,70.5999984741211,69.69999694824219,69.8499984741211,70980,29.213592948756414
2022-06-08,69.8499984741211,70.30000305175781,69.5,69.94999694824219,13430,32.558213806661314
2022-06-09,69.9000015258789,71.4000015258789,69.75,70.3499984741211,55378,36.9565109224408
2022-06-10,70.0,70.5,69.8499984741211,69.94999694824219,26012,37.777751404651546
2022-06-13,69.75,70.55000305175781,69.5,69.69999694824219,135379,44.73683682176379
2022-06-14,69.0999984741211,71.4000015258789,69.0999984741211,70.8499984741211,225801,67.85709095665064
2022-06-15,70.9000015258789,70.9000015258789,69.5999984741211,70.1500015258789,28438,56.382956273872274
2022-06-16,70.0999984741211,70.1500015258789,68.0999984741211,68.19999694824219,43036,40.458019712948534
2022-06-17,69.5,69.69999694824219,67.80000305175781,68.55000305175781,58870,37.60005175774932
2022-06-20,69.0,69.0,67.0,67.8499984741211,49070,33.81297807129245
2022-06-21,69.05000305175781,69.5,67.25,69.0999984741211,66260,45.283026110722986
2022-06-22,69.8499984741211,69.8499984741211,68.1500015258789,68.69999694824219,15819,40.99377233727376
2022-06-23,69.69999694824219,69.69999694824219,68.6500015258789,68.9000015258789,5232,44.30379991327618
2022-06-24,69.69999694824219,69.69999694824219,67.5,68.8499984741211,28616,44.025143350687365
2022-06-27,69.9000015258789,69.94999694824219,69.1500015258789,69.4000015258789,7555,47.33730481905302
2022-06-28,69.44999694824219,69.9000015258789,69.0,69.19999694824219,9561,45.61405230799433
2022-06-29,69.0999984741211,69.8499984741211,69.05000305175781,69.80000305175781,11931,46.857182716662955
2022-06-30,69.0,72.5,69.0,71.19999694824219,302323,56.410236346165284
2022-07-01,72.0,75.30000305175781,72.0,74.80000305175781,699325,69.4656177346236
2022-07-04,75.30000305175781,75.75,74.44999694824219,75.44999694824219,141464,68.25392019792784
2022-07-05,76.0,76.0,75.05000305175781,75.0999984741211,40614,70.20401884362334
2022-07-06,75.0999984741211,76.19999694824219,74.19999694824219,75.5,111285,84.11207623100321
2022-07-07,76.0,76.0999984741211,74.5,75.4000015258789,292480,82.77505010202927
2022-07-08,75.05000305175781,75.69999694824219,74.55000305175781,75.44999694824219,34940,88.77546015708751
2022-07-11,75.75,75.94999694824219,74.8499984741211,75.55000305175781,33667,87.28319110934709
2022-07-12,75.9000015258789,75.9000015258789,74.1500015258789,74.6500015258789,65183,82.51362657392453
2022-07-13,75.30000305175781,75.5,73.80000305175781,74.94999694824219,93126,82.70265098559324
2022-07-14,75.6500015258789,75.80000305175781,75.0999984741211,75.6500015258789,37378,84.34341799641496
2022-07-15,76.25,77.30000305175781,76.25,77.0,264360,85.51399636783934
2022-07-18,76.9000015258789,77.19999694824219,76.5,77.0,113777,87.1428716750372
2022-07-19,76.75,77.0,76.25,76.5,101765,82.21154269382342
2022-07-20,76.5,77.0,75.5,75.5999984741211,72302,72.22222650358775
2022-07-21,75.5999984741211,75.94999694824219,74.8499984741211,75.69999694824219,100364,57.03120902176764
2022-07-22,75.44999694824219,76.30000305175781,75.4000015258789,75.6500015258789,87485,51.72417875422413
2022-07-25,75.6500015258789,76.75,75.4000015258789,76.4000015258789,236051,60.483900739067195
2022-07-26,74.3499984741211,75.0,72.19999694824219,72.8499984741211,97737,35.82886653290065
2022-07-27,73.0,73.69999694824219,72.5999984741211,72.9000015258789,13469,36.559144195509326
2022-07-28,72.9000015258789,72.9000015258789,70.5,71.0,73122,30.04487311950976
2022-07-29,71.6500015258789,73.69999694824219,71.0,72.44999694824219,34120,37.59997558593749
2022-08-01,75.75,75.75,73.25,74.55000305175781,169439,49.63504218719632
2022-08-02,73.5,77.5,73.5,76.8499984741211,480266,56.05095850922646
2022-08-03,76.8499984741211,76.8499984741211,74.19999694824219,76.30000305175781,97883,52.0900376759729
2022-08-04,77.5999984741211,77.5999984741211,75.55000305175781,76.9000015258789,65584,49.66216721266686
2022-08-05,76.9000015258789,76.9000015258789,75.55000305175781,75.75,21243,46.081503952457616
2022-08-08,75.5999984741211,77.44999694824219,75.5999984741211,77.0,48273,51.49700626158686
2022-08-10,77.0999984741211,77.25,76.25,77.05000305175781,168459,54.57414737296095
2022-08-11,76.6500015258789,77.4000015258789,76.6500015258789,77.0999984741211,49626,54.43038585915458
2022-08-12,77.44999694824219,78.0999984741211,77.0,77.55000305175781,71172,55.86420058331885
2022-08-16,77.55000305175781,79.75,77.5,78.0999984741211,221471,55.31249046325684
2022-08-17,78.4000015258789,81.69999694824219,78.3499984741211,81.1500015258789,546754,76.77420339276713
2022-08-18,81.4000015258789,81.44999694824219,79.5,79.94999694824219,114555,71.17115548429697
2022-08-19,80.4000015258789,80.4000015258789,76.55000305175781,78.0,178623,70.95808766221603
2022-08-22,78.69999694824219,78.69999694824219,74.5999984741211,76.4000015258789,68245,61.72108289417145
2022-08-23,77.1500015258789,80.0,75.4000015258789,76.30000305175781,39295,55.892259524932456
2022-08-24,77.05000305175781,77.5,74.80000305175781,76.69999694824219,61798,49.42084305173677
2022-08-25,76.0,77.80000305175781,74.30000305175781,74.94999694824219,46214,45.22965835394798
2022-08-26,75.6500015258789,76.44999694824219,75.30000305175781,75.9000015258789,20962,46.55172413793104
2022-08-29,78.5,91.0500030517578,75.9000015258789,91.0500030517578,1389613,76.84211061711896
2022-08-30,93.5,96.3499984741211,88.55000305175781,90.25,1224800,73.61853575479321
2022-09-01,90.6999969482422,92.6999969482422,85.0,85.3499984741211,396339,62.61397422099596
2022-09-02,85.0,91.9000015258789,82.5999984741211,89.69999694824219,628903,66.93547973606401
2022-09-05,86.80000305175781,86.80000305175781,84.19999694824219,84.69999694824219,390449,58.56286694189746
2022-09-06,84.69999694824219,85.80000305175781,82.55000305175781,84.55000305175781,123376,57.799280309131646
2022-09-07,84.44999694824219,84.9000015258789,83.5,83.9000015258789,99038,53.53016715720707
2022-09-08,84.6500015258789,84.75,81.9000015258789,82.9000015258789,148455,53.80645826897569
2022-09-09,83.05000305175781,84.55000305175781,82.5,82.9000015258789,91799,56.657611597012846
2022-09-12,82.9000015258789,83.80000305175781,82.9000015258789,83.4000015258789,59207,59.803922406700195
2022-09-13,84.30000305175781,84.9000015258789,83.0999984741211,84.30000305175781,89190,60.95890410958905
2022-09-14,82.5,84.75,82.0,84.30000305175781,82069,60.526322463385256
2022-09-15,85.0,85.0,81.3499984741211,82.9000015258789,468976,61.118885148292996
2022-09-16,83.94999694824219,83.94999694824219,81.5,81.9000015258789,273403,58.379887553816005
2022-09-19,82.0,83.55000305175781,80.0999984741211,80.44999694824219,116079,26.018092361908018
2022-09-20,82.4000015258789,82.4000015258789,79.0,79.8499984741211,131410,26.255705933195074
2022-09-21,79.8499984741211,86.30000305175781,79.0,83.30000305175781,419082,44.987787375350834
2022-09-22,83.8499984741211,84.3499984741211,81.1500015258789,83.5999984741211,269633,31.402445406802542
2022-09-23,83.94999694824219,85.19999694824219,82.3499984741211,84.0,456669,47.033912003362104
2022-09-26,84.0,84.5999984741211,78.5,84.0,590233,47.63947373591183
2022-09-27,86.4000015258789,86.4000015258789,81.3499984741211,82.3499984741211,134562,43.87351015824499
2022-09-28,81.5,83.44999694824219,79.0,81.94999694824219,79583,46.058075786096026
2022-09-29,83.5999984741211,84.75,81.19999694824219,84.30000305175781,121273,54.861110743181634
2022-09-30,84.4000015258789,84.4000015258789,82.19999694824219,83.1500015258789,85991,49.16943622645029
2022-10-03,84.55000305175781,84.55000305175781,80.5,81.69999694824219,1554808,41.666658515615296
2022-10-04,84.80000305175781,85.9000015258789,81.94999694824219,82.4000015258789,150631,44.17178373556093
2022-10-06,84.30000305175781,86.6500015258789,82.6500015258789,85.1500015258789,288111,56.37392886042507
2022-10-07,85.4000015258789,86.19999694824219,83.44999694824219,84.94999694824219,138663,59.05041594844078
2022-10-10,84.0999984741211,85.4000015258789,83.4000015258789,84.4000015258789,68979,62.3824440914359
2022-10-11,85.44999694824219,85.44999694824219,81.9000015258789,82.3499984741211,62828,57.1838979661992
2022-10-12,83.80000305175781,83.80000305175781,82.0,83.05000305175781,25801,49.14675910109738
2022-10-13,83.5,83.9000015258789,81.69999694824219,82.44999694824219,20305,46.153850079432274
2022-10-14,82.44999694824219,83.94999694824219,81.69999694824219,81.9000015258789,55181,43.04637601929274
2022-10-17,83.8499984741211,83.8499984741211,80.05000305175781,81.25,59767,41.26985818557364
2022-10-18,83.25,83.25,80.75,81.0999984741211,37982,45.614044480613344
2022-10-19,82.5,82.5,80.5999984741211,81.94999694824219,70471,50.0
2022-10-20,81.94999694824219,81.94999694824219,79.55000305175781,80.25,60307,35.58719653511906
2022-10-21,81.5,82.0,79.5999984741211,81.0999984741211,95754,42.54545172069012
2022-10-24,92.0,97.3000030517578,91.5,94.9499969482422,2543153,75.33459916079607
2022-10-25,96.0,97.3000030517578,92.5,93.8000030517578,963848,71.4285755259908
2022-10-27,96.0999984741211,96.0999984741211,94.0999984741211,94.8000030517578,349332,69.41650325638537
2022-10-28,95.4000015258789,96.25,94.0999984741211,94.9499969482422,213037,70.16130024635571
2022-10-31,97.25,97.25,91.1999969482422,93.1500015258789,351046,66.79463358973572
2022-11-01,94.5500030517578,95.0,90.5500030517578,91.1500015258789,147918,66.92309272360737
2022-11-02,92.5999984741211,95.0,91.1500015258789,94.8000030517578,214503,70.29362250733416
2022-11-03,94.8000030517578,94.8000030517578,92.6500015258789,93.5999984741211,88933,68.86634350371462
2022-11-04,94.8000030517578,94.8000030517578,92.8499984741211,94.5,126894,71.07024123952453
2022-11-07,95.0,95.0,93.5999984741211,94.9000015258789,112483,73.01856298164591
2022-11-09,95.0,105.6999969482422,95.0,102.0,1002542,78.55192774668227
2022-11-10,103.5999984741211,105.0,98.0,99.3000030517578,258287,72.56178721181902
2022-11-11,101.0,103.9000015258789,99.4000015258789,100.8000030517578,190296,76.86275980342675
2022-11-14,100.0500030517578,102.6500015258789,97.5,98.8499984741211,153777,72.55400778877019
2022-11-15,100.75,100.75,95.25,97.9000015258789,123473,55.57657045164587
2022-11-16,100.0,100.6500015258789,94.0999984741211,95.3499984741211,175393,52.782756745576826
2022-11-17,96.0,98.0,94.3499984741211,94.9499969482422,149473,50.27521815868697
2022-11-18,96.4000015258789,96.4000015258789,92.0,92.9000015258789,118558,46.48371301019771
2022-11-21,93.8499984741211,94.6500015258789,91.5,93.0,67951,49.7267732224695
2022-11-22,94.0999984741211,95.0,92.5,94.8000030517578,97129,56.697248631119
2022-11-23,95.4000015258789,95.4000015258789,93.0,94.25,94847,48.86127775724321
2022-11-24,94.25,95.0,94.0,94.9499969482422,73795,52.85411921145941
2022-11-25,95.8000030517578,96.0,94.25,94.9499969482422,74201,50.989004281851
2022-11-28,95.6999969482422,97.3000030517578,94.4000015258789,95.6500015258789,77794,51.62689783232547
2022-11-29,95.9499969482422,99.8000030517578,94.1999969482422,95.1500015258789,154430,29.179341738805746
2022-11-30,95.9000015258789,96.0,94.6999969482422,95.6500015258789,75695,37.19298395900582
2022-12-01,96.4000015258789,96.9000015258789,93.4000015258789,94.6999969482422,76912,27.737223838439647
2022-12-02,95.1500015258789,95.1500015258789,93.5999984741211,94.9000015258789,53625,33.47283299878944
2022-12-05,95.6999969482422,97.0,93.9499969482422,94.6999969482422,87006,35.71429057996235
2022-12-06,95.5999984741211,95.5999984741211,93.0500030517578,93.4000015258789,88964,40.20103238233105
2022-12-07,94.25,94.8000030517578,92.0,92.75,88259,39.21571414039254
2022-12-08,92.75,93.9000015258789,92.4000015258789,92.8000030517578,50876,49.39025468159906
2022-12-09,94.0,94.0,92.0,92.4000015258789,98331,46.470606714746644
2022-12-12,92.1500015258789,93.5,91.5,92.75,37942,35.46100902538791
2022-12-13,93.5999984741211,94.4499969482422,92.25,93.0999984741211,39364,41.60584510689477
2022-12-14,94.5999984741211,99.0,94.5,95.3000030517578,223392,52.095839569319345
2022-12-15,96.5,104.0,95.4499969482422,101.75,567216,72.97295486084627
2022-12-16,105.9000015258789,112.0,103.75,105.0500030517578,1253013,77.01147258134183
2022-12-19,110.9499969482422,110.9499969482422,103.8000030517578,105.6999969482422,363274,80.05694872224032
2022-12-20,106.75,106.75,102.0500030517578,103.1999969482422,197302,69.30944065836769
2022-12-21,103.0999984741211,110.8000030517578,101.6500015258789,103.0500030517578,656125,72.26668294270826
2022-12-22,104.4000015258789,106.9000015258789,101.0,102.5,264348,69.89528555308121
2022-12-23,101.0,102.5,95.0,96.25,296930,53.081517749343206
2022-12-26,97.1500015258789,103.6999969482422,97.0,100.5999984741211,261521,62.76595341740097
2022-12-27,102.0500030517578,105.0,99.0,103.25,139021,67.3841077169565
2022-12-28,103.8000030517578,103.8000030517578,100.0500030517578,101.6999969482422,74982,64.03784661401667
2022-12-29,101.6500015258789,104.9499969482422,100.9499969482422,104.0,82984,67.26190327516753
2022-12-30,104.0,105.6999969482422,103.0500030517578,104.0999984741211,92080,67.01649024501224
2023-01-02,99.0,102.8000030517578,96.0999984741211,98.3000030517578,491200,56.70103761744204
2023-01-03,99.9000015258789,100.0999984741211,98.0,98.4499969482422,144806,54.285707761059335
2023-01-04,99.4000015258789,100.5,97.0,97.5,112811,43.19999667968589
2023-01-05,97.8499984741211,100.0,97.5,99.6500015258789,67536,41.02989279554104
2023-01-06,100.1999969482422,100.1999969482422,98.4000015258789,99.0,65361,38.870433577862684
2023-01-09,100.4000015258789,102.6500015258789,98.9499969482422,100.1500015258789,126633,44.69565872740603
2023-01-10,100.4000015258789,101.0,98.5500030517578,99.1999969482422,58910,43.485607942624945
2023-01-11,99.9000015258789,102.8000030517578,99.5,100.0500030517578,203517,45.89615335463256
2023-01-12,101.4000015258789,101.4000015258789,97.8000030517578,98.5999984741211,57112,54.690613716762286
2023-01-13,99.5500030517578,100.9499969482422,99.0,99.8499984741211,72498,48.291572704092275
2023-01-16,100.0500030517578,101.9000015258789,96.5,97.4000015258789,168779,36.55173236303837
2023-01-17,98.8000030517578,98.8000030517578,95.1500015258789,96.25,93345,37.236544753622404
2023-01-18,96.9000015258789,97.0999984741211,95.9000015258789,96.9000015258789,94864,31.97970349158966
2023-01-19,97.4000015258789,97.4000015258789,96.0999984741211,96.5999984741211,54786,31.155787564015952
2023-01-20,97.9000015258789,97.9000015258789,93.0999984741211,93.75,143133,36.57817175532665
2023-01-23,95.1500015258789,95.5,93.5500030517578,94.0999984741211,107506,37.3178011172269
2023-01-24,94.9499969482422,94.9499969482422,93.1500015258789,93.5,47716,38.095251070384684
2023-01-25,93.5,93.8499984741211,92.5500030517578,93.3000030517578,59073,28.619553529272338
2023-01-27,93.0999984741211,93.9000015258789,88.5,92.0500030517578,146596,27.50811826194125
2023-01-30,91.5,93.4000015258789,89.25,90.8000030517578,99028,19.93571687557116
2023-01-31,92.1500015258789,93.0,91.0500030517578,92.5999984741211,67361,29.87805530473142
2023-02-01,94.4499969482422,95.0,89.3499984741211,91.1500015258789,99504,23.823513176194723
2023-02-02,91.0999984741211,93.0,90.4499969482422,91.0999984741211,107393,25.961524353921988
2023-02-03,93.0,93.0,88.8499984741211,89.3499984741211,69258,17.391285804863728
2023-02-06,90.6999969482422,91.4000015258789,89.0999984741211,90.3000030517578,75605,25.684934191239662
2023-02-07,91.6500015258789,91.9000015258789,87.5,88.3499984741211,70865,24.350646937913083
2023-02-08,87.5,91.8000030517578,87.25,90.8499984741211,83415,32.46375927026722
2023-02-09,91.4000015258789,92.0,89.0,89.44999694824219,76980,30.51770539392001
2023-02-10,88.0,90.5999984741211,88.0,89.19999694824219,33554,35.55554586743553
2023-02-13,88.0,89.3499984741211,87.4000015258789,88.3499984741211,36572,32.30769230769231
2023-02-14,87.55000305175781,89.0,85.19999694824219,86.69999694824219,79355,30.34681545600398
2023-02-15,87.05000305175781,88.0,82.0999984741211,84.8499984741211,157529,27.70447879572353
2023-02-16,86.05000305175781,90.0,86.05000305175781,88.25,112457,40.99525603662111
2023-02-17,89.94999694824219,90.8000030517578,87.4000015258789,88.0999984741211,48481,43.24999113083227
2023-02-20,87.55000305175781,88.75,87.0,88.0999984741211,31720,37.63737092917577
2023-02-21,87.0,89.05000305175781,87.0,87.8499984741211,23199,40.29411738306616
2023-02-22,87.8499984741211,87.8499984741211,85.5999984741211,85.94999694824219,47869,36.33952845114498
2023-02-23,86.80000305175781,87.0,85.0,85.69999694824219,38163,39.48127193998858
2023-02-24,86.80000305175781,87.5999984741211,85.0,85.6500015258789,49815,35.866260693323966
2023-02-27,86.05000305175781,87.4000015258789,83.44999694824219,84.5,51771,37.69968658547822
2023-02-28,83.0,89.0,83.0,85.0,66993,28.57143655614199
2023-03-01,86.25,86.5999984741211,85.0,85.5,51535,34.509815889246326
2023-03-02,85.0,86.5,85.0,85.55000305175781,20629,35.45819518357352
2023-03-03,86.0999984741211,86.5999984741211,84.44999694824219,85.1500015258789,38102,36.77687878474525
2023-03-06,87.55000305175781,90.0999984741211,86.0999984741211,86.94999694824219,63404,51.020408163265316
2023-03-08,86.94999694824219,87.94999694824219,85.0999984741211,86.0,49644,55.06608669816566
2023-03-09,86.4000015258789,87.9000015258789,85.30000305175781,86.05000305175781,59908,36.25001907348633
2023-03-10,86.0,88.3499984741211,85.0,85.30000305175781,63923,33.72095395837012
2023-03-13,86.3499984741211,86.3499984741211,81.8499984741211,83.05000305175781,166336,26.72812842136203
2023-03-14,83.0,84.0,78.6500015258789,80.6500015258789,127946,22.307704045222366
2023-03-15,80.25,82.30000305175781,79.1500015258789,80.44999694824219,77642,25.663723386586042
2023-03-16,79.80000305175781,94.0999984741211,79.75,80.8499984741211,125530,28.820975829154932
2023-03-17,82.30000305175781,82.94999694824219,80.44999694824219,81.5999984741211,70656,33.33333333333333
2023-03-20,76.05000305175781,85.1500015258789,76.05000305175781,79.9000015258789,61356,31.889776314643328
2023-03-21,79.9000015258789,81.6500015258789,78.75,79.6500015258789,84095,28.514070252909733
2023-03-22,80.4000015258789,81.25,79.19999694824219,81.0,38826,33.08271064868195
2023-03-23,80.55000305175781,82.6500015258789,80.55000305175781,81.0,59098,32.830177163178064
2023-03-24,82.19999694824219,82.9000015258789,77.3499984741211,78.9000015258789,81693,29.096985699602854
2023-03-27,78.9000015258789,80.3499984741211,78.9000015258789,78.94999694824219,79734,19.69696269109616
2023-03-28,78.94999694824219,79.94999694824219,76.0,76.8499984741211,58562,18.118458192242684
2023-03-29,77.8499984741211,79.55000305175781,77.25,77.8499984741211,70836,23.202591401919122
2023-03-31,80.4000015258789,82.69999694824219,78.4000015258789,81.44999694824219,95928,39.393919013214195
2023-04-03,82.94999694824219,82.94999694824219,79.8499984741211,80.6500015258789,62743,42.81436209312344
2023-04-05,81.80000305175781,84.9000015258789,81.19999694824219,82.75,76747,56.40243973354783
2023-04-06,83.25,83.4000015258789,81.0,81.94999694824219,50032,54.41176866577927
2023-04-10,83.0,83.0,81.5,81.69999694824219,22696,52.52225317752148
2023-04-11,81.80000305175781,82.8499984741211,81.80000305175781,82.44999694824219,17298,52.52225317752148
2023-04-12,82.5,83.75,79.80000305175781,82.1500015258789,58695,57.28156202779177
2023-04-13,82.9000015258789,83.6500015258789,82.19999694824219,82.80000305175781,35884,59.936923853748446
2023-04-17,82.80000305175781,83.5,81.0999984741211,82.4000015258789,54007,54.69799602759078
2023-04-18,83.0999984741211,83.3499984741211,82.0,82.30000305175781,31833,54.33334791396883
2023-04-19,83.05000305175781,83.69999694824219,82.25,83.0999984741211,39125,65.3284765025472
2023-04-20,84.5999984741211,85.55000305175781,83.0,85.05000305175781,61242,69.55131308803837
2023-04-21,85.80000305175781,87.0,84.0,86.05000305175781,55733,81.72417040814125
2023-04-24,93.5,93.5,88.6500015258789,91.5999984741211,282434,86.08926197074797
2023-04-25,91.5999984741211,92.9499969482422,90.0999984741211,91.8499984741211,80251,83.12104650094832
2023-04-26,91.8499984741211,92.3000030517578,90.1999969482422,91.6500015258789,64494,86.42386314373687
2023-04-27,92.3000030517578,94.5,91.5,92.3000030517578,80645,84.98171180214761
2023-04-28,93.1999969482422,95.9000015258789,93.1999969482422,94.9499969482422,116737,91.93552515389243
2023-05-02,96.0,96.8499984741211,93.5,95.75,135489,93.76951320147701
2023-05-03,95.9499969482422,97.0,94.6999969482422,95.0,151764,89.09661245118134
2023-05-04,94.8000030517578,98.0,94.8000030517578,95.4499969482422,96115,91.04939565265511
2023-05-05,96.0999984741211,96.1500015258789,94.25,94.4499969482422,53512,85.19638214305472
2023-05-08,94.25,95.5,92.4000015258789,93.0,102006,80.11366074737788
2023-05-09,93.0500030517578,99.3499984741211,93.0500030517578,97.0500030517578,262296,84.22275720455988
2023-05-10,96.75,98.9499969482422,95.8000030517578,96.1999969482422,65998,80.3240726841166
2023-05-11,97.0,97.0,95.0,95.6500015258789,62064,76.23763385911977
2023-05-12,95.5999984741211,96.0,91.1500015258789,93.6999969482422,122693,68.08509717290273
2023-05-15,92.5500030517578,98.75,92.0500030517578,96.8000030517578,146418,63.90375215163152
2023-05-16,96.8000030517578,97.6500015258789,95.0,95.4499969482422,83387,59.09090033357397
2023-05-17,95.4499969482422,97.1999969482422,92.0,94.1500015258789,144518,55.980858624095895
2023-05-18,95.25,96.9499969482422,94.0500030517578,94.5,95453,55.33979683595033
2023-05-19,95.4499969482422,95.5,93.0500030517578,93.4499969482422,59075,46.05263474905333
2023-05-22,95.0999984741211,95.0999984741211,90.5999984741211,91.8000030517578,111023,40.050388580125855
2023-05-23,92.8000030517578,92.8000030517578,90.6999969482422,91.25,83506,40.4580197129485
2023-05-24,91.25,91.8499984741211,90.5,90.9000015258789,40273,38.363189420786746
2023-05-25,91.75,91.9000015258789,89.44999694824219,90.3000030517578,70835,39.16451197794438
2023-05-26,90.0,93.4000015258789,89.0,92.0999984741211,108541,47.69230468268577
2023-05-29,93.5,97.0,91.8000030517578,96.5500030517578,183022,48.74371917093439
2023-05-30,95.0999984741211,100.9000015258789,95.0999984741211,99.6500015258789,248276,57.78782018052212
2023-05-31,97.5999984741211,103.0,97.5999984741211,102.0500030517578,218353,63.33333227369553
2023-06-01,102.5999984741211,106.0,101.4000015258789,104.6999969482422,249176,72.26720922891214
2023-06-02,106.25,107.3000030517578,102.3499984741211,103.9499969482422,156991,65.99551862494704
2023-06-05,104.75,104.75,102.0,103.0,72611,67.19819897477527
2023-06-06,103.4499969482422,107.5999984741211,102.3499984741211,105.0999984741211,124032,74.06594350018742
2023-06-07,105.6500015258789,106.3499984741211,103.5,104.5,68658,71.73914485708802
2023-06-08,104.9000015258789,105.0,102.0500030517578,103.9000015258789,64583,73.17076223977557
2023-06-09,104.8000030517578,104.8000030517578,102.1999969482422,103.0500030517578,60120,75.86208710915542
2023-06-12,104.0999984741211,121.1999969482422,103.6500015258789,119.0,1321401,87.34860828673881
2023-06-13,119.0,119.0,115.3000030517578,116.75,378488,83.09860640881182
2023-06-14,117.4000015258789,119.5,115.5,118.5999984741211,165293,85.1116741342005
2023-06-15,118.5999984741211,120.4499969482422,116.0,116.4000015258789,156826,79.85259703207042
2023-06-16,117.0,120.6500015258789,117.0,117.5500030517578,112267,78.07488234610132
2023-06-19,118.1999969482422,124.0,117.8000030517578,119.3499984741211,194387,77.28533278553817
2023-06-20,119.3499984741211,120.0,116.5500030517578,116.9499969482422,67530,70.63712461662796
2023-06-21,118.6999969482422,124.1999969482422,117.0500030517578,121.1500015258789,259598,71.84596358274874
2023-06-22,122.0999984741211,124.4000015258789,120.1999969482422,121.4499969482422,156168,73.52151695408166
2023-06-23,121.6500015258789,121.6500015258789,116.8000030517578,117.3499984741211,76557,67.7819138084157
2023-06-26,117.1999969482422,121.75,116.0999984741211,121.25,128028,69.15777792137574
2023-06-27,120.0,121.5500030517578,118.1999969482422,118.8499984741211,60564,66.32537196996222
2023-06-28,120.0500030517578,123.0,118.5,119.0,123794,67.35632312929405
2023-06-30,119.0,120.8499984741211,117.0,119.0,96073,68.69870953200412
2023-07-03,118.9000015258789,129.5,117.0,125.0,430389,59.17431278280675
2023-07-04,125.9499969482422,128.35000610351562,122.3499984741211,122.9000015258789,126135,59.44700828076551
2023-07-05,123.5,127.0500030517578,122.9499969482422,125.3499984741211,107220,60.1809973496192
2023-07-06,126.4499969482422,131.64999389648438,124.9000015258789,128.64999389648438,350326,67.88320452462179
2023-07-07,128.5,142.89999389648438,128.5,140.60000610351562,952175,75.58268755861764
2023-07-10,143.9499969482422,155.60000610351562,140.0500030517578,153.9499969482422,1225450,80.56537050079697
2023-07-11,154.25,154.25,142.64999389648438,143.75,623348,70.80745775755486
2023-07-12,145.1999969482422,154.25,145.1999969482422,149.3000030517578,436172,71.406847750802
2023-07-13,150.0500030517578,153.10000610351562,143.9499969482422,146.14999389648438,205339,68.00291162581715
2023-07-14,152.0,153.0,148.0500030517578,151.14999389648438,146872,74.31654079996663
2023-07-17,149.10000610351562,151.0,147.5500030517578,150.25,133309,71.80451127819549
2023-07-18,151.10000610351562,151.10000610351562,143.85000610351562,144.75,138561,68.60632334317445
2023-07-19,146.85000610351562,148.75,145.10000610351562,146.64999389648438,105713,69.37631215444506
2023-07-20,146.64999389648438,159.0,143.0,149.8000030517578,530075,70.67114298775692
2023-07-21,149.6999969482422,167.0,147.0,158.14999389648438,1333302,71.56798818848469
2023-07-24,158.14999389648438,164.75,157.0,158.25,234616,73.61389391767531
2023-07-25,159.75,162.4499969482422,154.9499969482422,158.1999969482422,147601,72.67080496794128
2023-07-26,159.75,161.1999969482422,155.0500030517578,157.5,90746,70.65139841273655
2023-07-27,157.9499969482422,163.5,157.3000030517578,161.5500030517578,163825,66.90879578714542
2023-07-28,163.0,163.6999969482422,158.35000610351562,160.0500030517578,73008,56.08782970097041
2023-07-31,162.1999969482422,174.8000030517578,159.9499969482422,173.5,439879,77.88190871269606
2023-08-01,175.6999969482422,195.0,173.5,183.8500061035156,1058612,79.70765056932461
2023-08-02,182.8000030517578,182.8000030517578,168.60000610351562,176.0500030517578,497659,73.80573861647014
2023-08-03,175.64999389648438,181.0,171.75,177.10000610351562,213577,72.04758667432071
2023-08-04,178.5500030517578,190.8999938964844,173.8000030517578,176.8000030517578,634862,72.7896962205103
2023-08-07,175.0,178.14999389648438,170.8000030517578,173.6999969482422,278858,75.91762388096566
2023-08-08,174.4499969482422,175.25,167.64999389648438,168.85000610351562,173639,68.87755552199317
2023-08-09,170.0,176.1999969482422,168.5500030517578,170.8000030517578,160351,68.22916473503489
2023-08-10,170.9499969482422,176.5,170.75,174.8000030517578,170104,65.63380693353446
2023-08-11,175.6999969482422,180.9499969482422,171.0500030517578,172.60000610351562,172949,62.9629670470842
2023-08-14,162.25,165.8000030517578,150.39999389648438,159.35000610351562,939946,50.83881043331621
2023-08-16,162.89999389648438,166.60000610351562,160.6999969482422,161.64999389648438,151571,52.95794316290906
2023-08-17,162.75,162.75,154.10000610351562,155.5500030517578,145276,45.84487429248443
2023-08-18,156.25,161.0,156.25,159.60000610351562,106210,49.69899863538428
2023-08-21,161.6999969482422,164.6999969482422,157.1999969482422,158.89999389648438,143175,38.22580152942287
2023-08-22,158.89999389648438,162.0,154.1999969482422,155.75,121571,24.361302588537214
2023-08-23,158.8000030517578,160.75,155.75,156.60000610351562,127625,29.676070355627118
2023-08-24,157.6999969482422,160.0,156.10000610351562,156.5,68535,28.038370165907637
2023-08-25,158.0,159.89999389648438,150.14999389648438,152.60000610351562,171756,26.039599742201915
2023-08-28,151.1999969482422,154.89999389648438,150.89999389648438,151.35000610351562,67995,27.02980405071628
2023-08-29,152.8000030517578,155.89999389648438,151.35000610351562,153.9499969482422,57790,33.94394825952712
2023-08-30,155.64999389648438,157.9499969482422,154.5,156.5,79442,34.78722585709782
2023-08-31,156.5500030517578,157.89999389648438,151.8000030517578,152.89999389648438,100317,26.502131482981042
2023-09-01,153.9499969482422,155.64999389648438,150.9499969482422,152.8000030517578,82615,27.752797931387548
2023-09-04,154.39999389648438,155.9499969482422,151.85000610351562,152.8000030517578,65960,39.51998999999511
2023-09-05,153.89999389648438,156.5,152.5,153.14999389648438,73990,35.4948745029174
2023-09-06,155.4499969482422,162.9499969482422,153.10000610351562,161.3000030517578,850494,59.1706521220664
2023-09-07,164.0,169.1999969482422,161.25,164.0,275388,57.33332316080729
2023-09-08,163.5,163.75,155.6999969482422,157.14999389648438,220136,47.57952932853719
2023-09-11,157.9499969482422,159.4499969482422,152.0500030517578,153.9499969482422,178048,47.513807729968306
2023-09-12,155.89999389648438,155.89999389648438,137.5,142.35000610351562,340386,34.824275231611935
2023-09-13,143.8000030517578,152.14999389648438,143.39999389648438,146.5,210861,40.196072564860366
2023-09-14,147.3000030517578,150.39999389648438,146.8000030517578,148.75,70855,46.099282666501765
2023-09-15,149.0,154.4499969482422,147.10000610351562,147.9499969482422,113004,46.523506502462475
2023-09-18,146.1999969482422,150.0,146.1999969482422,149.0,41289,44.77296947693763
2023-09-20,145.10000610351562,145.3000030517578,138.6999969482422,141.75,363343,35.8309284733468
2023-09-21,143.14999389648438,144.4499969482422,139.0,139.64999389648438,80846,36.89416102901313
2023-09-22,140.6999969482422,141.8000030517578,135.14999389648438,137.10000610351562,114048,35.1886778600953
2023-09-25,140.9499969482422,141.10000610351562,136.0,140.4499969482422,83929,39.0416934744887
2023-09-26,141.0,141.0,138.0,138.85000610351562,33819,37.58681089054146
2023-09-27,139.8000030517578,140.89999389648438,137.10000610351562,139.25,74018,27.883630290725307
2023-09-28,140.0500030517578,142.9499969482422,138.10000610351562,139.5500030517578,46152,24.23602292325161
2023-09-29,140.5,145.0,139.6999969482422,141.60000610351562,99609,31.77022140110506
2023-10-03,142.89999389648438,143.64999389648438,140.14999389648438,141.0500030517578,61520,33.87499532699229
2023-10-04,140.89999389648438,142.5,140.0,141.89999389648438,52305,49.23074756146038
2023-10-05,143.0,143.0,141.0,141.14999389648438,28774,39.65181594518401
2023-10-06,142.39999389648438,142.60000610351562,141.5,142.4499969482422,46610,37.34938060906521
2023-10-09,140.39999389648438,141.9499969482422,137.0,137.5,57934,32.01375761036107
2023-10-10,139.89999389648438,140.60000610351562,137.1999969482422,138.14999389648438,48428,31.064537570222484
2023-10-11,138.1999969482422,143.39999389648438,137.9499969482422,141.9499969482422,36430,50.39681987036067
2023-10-12,142.85000610351562,154.89999389648438,141.0,152.14999389648438,203522,68.76879284952982
2023-10-13,154.0,155.0,152.10000610351562,153.85000610351562,144877,75.80895138909135
2023-10-16,152.64999389648438,156.4499969482422,149.85000610351562,151.6999969482422,57274,68.0
2023-10-17,152.89999389648438,153.4499969482422,147.5500030517578,151.5500030517578,88290,71.30871752963303
2023-10-18,150.0,154.9499969482422,144.10000610351562,145.75,107552,59.23295134355325
2023-10-19,147.0500030517578,147.39999389648438,139.25,144.10000610351562,140965,56.22435386026457
2023-10-20,142.8000030517578,150.0,142.0,146.85000610351562,50924,57.04697986577181
2023-10-23,143.0,147.9499969482422,129.3000030517578,135.1999969482422,245111,43.950356396035424
2023-10-25,134.1999969482422,141.0,130.75,136.6999969482422,74818,44.69388231740451
2023-10-26,135.0,135.9499969482422,129.5,133.60000610351562,75634,42.648503509669645
2023-10-27,130.0,145.75,129.35000610351562,142.9499969482422,251805,50.42087546412154
2023-10-30,144.0,144.6999969482422,138.5,142.8000030517578,88858,54.85348346195712
2023-10-31,144.8000030517578,144.8000030517578,140.8000030517578,141.6999969482422,31473,53.22434410078062
2023-11-01,141.6999969482422,142.60000610351562,138.5500030517578,139.9499969482422,26770,48.11320754716981
2023-11-02,140.9499969482422,142.9499969482422,139.10000610351562,140.4499969482422,26699,36.48961186647398
2023-11-03,141.85000610351562,144.5,140.0500030517578,141.3000030517578,33431,35.21789875855633
2023-11-06,142.64999389648438,145.0,142.0500030517578,142.64999389648438,32007,39.13564502579708
2023-11-07,142.64999389648438,147.4499969482422,141.0,142.25,37022,38.902138671508695
2023-11-08,143.60000610351562,145.89999389648438,141.8000030517578,144.4499969482422,28459,48.302866861591525
2023-11-09,144.5,149.5500030517578,142.0500030517578,145.75,69817,52.17390605084657
2023-11-10,145.75,150.9499969482422,143.8000030517578,144.5500030517578,54418,46.84065329453797
2023-11-13,147.75,154.39999389648438,145.5,152.89999389648438,119367,76.73718755747984
2023-11-15,153.85000610351562,154.35000610351562,146.8000030517578,147.89999389648438,101397,65.30055886417787
2023-11-16,148.0500030517578,150.39999389648438,145.35000610351562,147.1999969482422,78626,69.88304706716417
2023-11-17,149.6999969482422,149.6999969482422,143.0,145.0,60621,53.78928860124993
2023-11-20,142.39999389648438,148.1999969482422,142.39999389648438,146.39999389648438,51706,56.36041402580625
2023-11-21,147.89999389648438,148.0,145.0,145.5,35208,56.76158081277873
2023-11-22,146.9499969482422,147.0,143.85000610351562,145.25,38674,59.96242660999108
2023-11-23,145.1999969482422,145.39999389648438,141.85000610351562,143.9499969482422,22037,56.38686985015181
2023-11-24,145.0500030517578,148.14999389648438,142.75,143.9499969482422,78969,54.990580340670974
2023-11-28,141.25,144.5,141.25,143.0500030517578,40309,50.76630222854661
2023-11-29,145.89999389648438,145.89999389648438,143.0,144.0500030517578,27499,53.370796469786136
2023-11-30,145.0,147.35000610351562,143.14999389648438,146.25,54931,53.370796469786136
2023-12-01,147.0,147.0,141.5,143.9499969482422,71065,46.75089308092952
2023-12-04,147.0,149.0,143.0,146.25,82193,52.95138640535965
2023-12-05,146.25,146.3000030517578,143.0,143.5,33746,29.741376475401097
2023-12-06,143.5500030517578,145.0500030517578,141.89999389648438,143.0500030517578,60339,36.997328686147206
2023-12-07,143.75,144.6999969482422,140.5,141.35000610351562,58406,35.114510930041675
2023-12-08,142.75,146.89999389648438,141.85000610351562,145.0,91227,50.0
2023-12-11,146.3000030517578,147.35000610351562,143.3000030517578,145.14999389648438,54977,46.85138151785549
2023-12-12,146.5500030517578,149.6999969482422,142.6999969482422,144.6999969482422,91369,47.938134194118746
2023-12-13,146.14999389648438,148.35000610351562,144.64999389648438,147.10000610351562,85732,54.29235998017419
2023-12-14,148.5500030517578,148.5500030517578,144.60000610351562,145.5,66422,53.54691922475542
2023-12-15,147.6999969482422,148.14999389648438,144.85000610351562,147.8000030517578,56705,57.97102914397856
2023-12-18,151.0,151.1999969482422,147.0,147.85000610351562,49229,60.30043438426865
2023-12-19,149.35000610351562,149.35000610351562,145.0,145.1999969482422,42796,52.30459585939659
2023-12-20,146.60000610351562,147.9499969482422,141.1999969482422,142.0500030517578,102598,41.89190064941147
2023-12-21,142.0500030517578,145.75,137.4499969482422,144.10000610351562,66234,50.29241540298358
2023-12-22,142.5,147.0,140.5500030517578,145.0,64931,47.42268041237113
2023-12-26,146.4499969482422,163.0,146.4499969482422,160.39999389648438,969457,72.89972451471667
2023-12-27,161.89999389648438,162.89999389648438,157.14999389648438,159.3000030517578,194158,71.63782327919002
2023-12-28,163.0,170.0,158.85000610351562,166.75,417841,79.33025526234553
2023-12-29,167.0,168.25,160.60000610351562,163.1999969482422,183998,71.06481277075963
2024-01-01,179.6999969482422,195.8000030517578,172.64999389648438,187.5,2914371,81.44023924691595
2024-01-02,188.5,212.8999938964844,179.39999389648438,206.1999969482422,1926115,85.92289463486041
2024-01-03,202.9499969482422,233.3000030517578,201.1499938964844,226.5,2142180,88.35748497414704
2024-01-04,226.5,231.8999938964844,212.1000061035156,216.9499969482422,461781,82.05473257277156
2024-01-05,216.9499969482422,220.0,210.0,216.1999969482422,241339,81.11919822348254
2024-01-08,217.6000061035156,220.1499938964844,208.0,211.25,179257,77.61324069599226
2024-01-09,212.8000030517578,218.0,212.25,213.3000030517578,114266,79.81611953699856
2024-01-10,213.8999938964844,216.75,208.5500030517578,213.0,120526,81.85900439236647
2024-01-11,214.8999938964844,229.5,214.8999938964844,219.8000030517578,221822,82.60120711356653
2024-01-12,222.0,222.1999969482422,212.5500030517578,215.75,82525,79.66457023060796
2024-01-15,217.3999938964844,221.4499969482422,212.8500061035156,215.25,131035,76.28174551763044
2024-01-16,216.6499938964844,217.4499969482422,210.5,211.9499969482422,84459,74.7067033545844
2024-01-17,209.8999938964844,214.0,206.1000061035156,209.3500061035156,94142,70.94395328920636
2024-01-18,207.5,217.8999938964844,199.6999969482422,214.6999969482422,139591,74.87922705314008
2024-01-19,216.8999938964844,216.8999938964844,209.3999938964844,211.4499969482422,72836,64.52395259837107
2024-01-23,215.8500061035156,219.6499938964844,203.0,211.5,131994,54.15360720865341
2024-01-24,214.25,223.9499969482422,211.5500030517578,218.8999938964844,115050,42.53437424867697
2024-01-25,224.0,224.0,213.0,214.3000030517578,91718,47.11643639556377
2024-01-29,222.6999969482422,222.6999969482422,203.0,211.8500061035156,95466,45.43547450692312
2024-01-30,214.4499969482422,222.0,213.1000061035156,218.6499938964844,125615,57.47474591788609
2024-01-31,222.8000030517578,222.8000030517578,216.0,217.8000030517578,22996,54.6583892138273
2024-02-01,220.9499969482422,220.9499969482422,207.0,211.25,75739,48.39596574643929
2024-02-02,210.8999938964844,217.8999938964844,207.8999938964844,211.5,44278,41.35415524243223
2024-02-05,211.5,217.0,208.0,208.6499938964844,43287,42.414516468747884
2024-02-06,208.0,211.0,203.5,209.25,30009,43.60340651918447
2024-02-07,211.0,217.0,210.3000030517578,212.1999969482422,49046,50.268528710478726
2024-02-08,214.25,216.5,210.3000030517578,210.5500030517578,24567,51.31578727221807
2024-02-09,205.0,205.0,200.0500030517578,200.3999938964844,145636,35.813483022924885
2024-02-12,199.0,200.0,190.3999938964844,190.9499969482422,87022,31.890451552515103
2024-02-13,181.5500030517578,199.0,181.3999938964844,195.5,71237,36.906705079205906
2024-02-14,191.8999938964844,195.0,185.9499969482422,193.3500061035156,34338,27.12623190528126
2024-02-15,195.8999938964844,201.0,192.0,198.4499969482422,46197,35.93610206685604
2024-02-16,198.4499969482422,199.5,189.0,191.1499938964844,36729,33.08822026118473
2024-02-19,197.3999938964844,199.0,191.0,195.3500061035156,19722,30.11946641113832
2024-02-20,194.1999969482422,194.1999969482422,185.6000061035156,192.1499938964844,99645,28.958164399796587
2024-02-21,190.6499938964844,191.5,185.1999969482422,188.9499969482422,28614,30.642365641246357
2024-02-22,188.8999938964844,188.8999938964844,179.5500030517578,184.1000061035156,62849,27.97428575634018
2024-02-23,183.6000061035156,189.8999938964844,180.0,189.3500061035156,26513,35.06193036418421
2024-02-26,189.0,198.8000030517578,189.0,198.8000030517578,59081,42.88631900447459
2024-02-27,208.6999969482422,208.6999969482422,200.0,208.6999969482422,140258,47.823382919340595
2024-02-28,219.0,219.1000061035156,211.0,216.9499969482422,166453,53.678157411772624
2024-02-29,218.0,224.0,206.1000061035156,214.3999938964844,75036,58.81612158450046
2024-03-01,214.3999938964844,217.0,207.0,211.3500061035156,51533,63.97261193107956
2024-03-04,215.0,219.0,203.25,208.3999938964844,19775,59.03360994343137
2024-03-05,203.0,213.8999938964844,201.25,208.8000030517578,35630,61.091166487716436
2024-03-06,212.8999938964844,212.8999938964844,198.8999938964844,204.6999969482422,29969,54.55207412768213
2024-03-07,207.6000061035156,208.0,200.0,202.0,46026,58.46994769846067
2024-03-11,204.0,212.1000061035156,204.0,212.1000061035156,36799,61.97283565185449
2024-03-12,222.0,222.6999969482422,213.0,214.8999938964844,113257,66.3551430574801
2024-03-13,215.0,224.8999938964844,204.1499938964844,204.1999969482422,54677,59.89617288517704
2024-03-14,194.0,214.3500061035156,194.0,209.9499969482422,48541,66.58113653416218
2024-03-15,209.9499969482422,209.9499969482422,199.5500030517578,207.1999969482422,37290,61.82902025627083
2024-03-18,212.8500061035156,216.9499969482422,201.0,209.75,25593,57.98686831565458
2024-03-19,209.6999969482422,214.0,201.0,203.8500061035156,27878,46.24322957751238
2024-03-20,203.8500061035156,210.0,198.0,207.5500030517578,34634,42.1666717529297
2024-03-21,209.0500030517578,209.0500030517578,204.0,207.6499938964844,12902,44.135533074062025
2024-03-22,207.6499938964844,210.0,201.5,204.5500030517578,23772,44.0972186349051
2024-03-26,207.8000030517578,208.0,195.8500061035156,198.1499938964844,51106,41.605239926697834
2024-03-27,204.4499969482422,208.0,199.25,202.8999938964844,30430,45.48928816325886
2024-03-28,197.4499969482422,204.9499969482422,197.4499969482422,202.1000061035156,27020,47.90660828845173
2024-04-01,202.9499969482422,212.1999969482422,200.0,212.1999969482422,49853,57.33813213417466
2024-04-02,216.5,222.6999969482422,212.1999969482422,216.8999938964844,72138,53.74414345273607
2024-04-03,216.8999938964844,219.8000030517578,209.0,210.4499969482422,56559,46.7158671919147
2024-04-04,208.0,214.6499938964844,206.1000061035156,209.8999938964844,28071,54.94791742552263
2024-04-05,209.0,219.3000030517578,204.0,217.0,49613,55.97964975947007
2024-04-08,217.8500061035156,227.0,211.0,218.3500061035156,76398,59.687241074399516
2024-04-09,221.6999969482422,229.25,212.0500030517578,228.8000030517578,82509,64.55310376051821
2024-04-10,233.3999938964844,240.0,230.0,237.5,127509,74.65202120357802
2024-04-12,237.3999938964844,237.3999938964844,225.6499938964844,225.6499938964844,54414,61.845547058697825
2024-04-15,217.0,229.0,214.3999938964844,222.8500061035156,50300,59.60810170574405
2024-04-16,222.5,224.6999969482422,215.0,216.8999938964844,33751,57.53507706200805
2024-04-18,220.0,225.0,215.0,223.8000030517578,30318,65.5548878742683
2024-04-19,216.0,224.0,214.6000061035156,220.8500061035156,27944,61.12834071014954
2024-04-22,223.4499969482422,231.6999969482422,222.0,227.3000030517578,23400,64.60022946530412
2024-04-23,221.1000061035156,235.8000030517578,221.1000061035156,234.0,77121,63.148371920518095
2024-04-24,235.3999938964844,238.8500061035156,226.0,229.8999938964844,53246,57.897932629216704
2024-04-25,230.0,237.75,225.8500061035156,235.1000061035156,61142,65.20666190359199
2024-04-26,233.1000061035156,246.8500061035156,231.6499938964844,246.8500061035156,245548,70.02710026203756
2024-04-29,247.0,259.1499938964844,247.0,259.1499938964844,116375,71.62646927479973
2024-04-30,268.1000061035156,272.1000061035156,246.9499969482422,266.25,236288,73.20735863886888
2024-05-02,274.70001220703125,274.70001220703125,265.54998779296875,269.95001220703125,74228,71.33229519807865
2024-05-03,273.79998779296875,283.3999938964844,258.20001220703125,263.95001220703125,205228,64.10666858506883
2024-05-06,264.0,272.75,258.54998779296875,262.1499938964844,62402,71.80405099677942
2024-05-07,268.6499938964844,268.6499938964844,252.1000061035156,255.25,49814,68.45101131999925
2024-05-08,244.3999938964844,268.0,244.3999938964844,263.54998779296875,99177,75.87353370101108
2024-05-09,263.54998779296875,263.54998779296875,252.0,254.3999938964844,49036,66.55843496362911
2024-05-10,254.3999938964844,260.0,248.25,253.6000061035156,43791,68.14404432132964
2024-05-13,259.8999938964844,259.8999938964844,240.9499969482422,250.3000030517578,68619,63.20321377053937
2024-05-14,254.4499969482422,260.0,250.0500030517578,256.70001220703125,30539,63.076041139655516
2024-05-15,257.95001220703125,269.5,257.8999938964844,269.1000061035156,72314,70.60988942753711
2024-05-16,266.20001220703125,278.0,266.0,269.0,50960,68.83332994249133
2024-05-17,271.3999938964844,271.3999938964844,261.3999938964844,265.6000061035156,30025,61.481935947093405
2024-05-21,282.0,282.0,264.1499938964844,266.95001220703125,36180,55.51627790933475
2024-05-22,267.8999938964844,274.0,263.54998779296875,271.3500061035156,28539,53.75000448787914
2024-05-23,280.0,280.45001220703125,270.54998779296875,275.1000061035156,45547,53.7839785601082
2024-05-24,276.0,277.8999938964844,261.3500061035156,264.8999938964844,114347,50.65742677470805
2024-05-27,265.20001220703125,275.0,264.6000061035156,270.95001220703125,74079,55.7516459546058
2024-05-28,271.0,276.1499938964844,270.54998779296875,271.8500061035156,46143,61.77305397412456
2024-05-29,276.0,277.6499938964844,270.04998779296875,271.1499938964844,36346,56.041337959971045
2024-05-30,270.1000061035156,275.0,268.04998779296875,268.75,26503,62.778272363423675
2024-05-31,276.0,276.0,261.3500061035156,265.0,40571,59.64465891076586
2024-06-03,271.1499938964844,278.25,252.5500030517578,257.79998779296875,66017,55.952364517189245
2024-06-04,257.0,268.8999938964844,244.9499969482422,263.54998779296875,92701,55.49316083610773
2024-06-05,263.54998779296875,263.54998779296875,250.3999938964844,253.3999938964844,101005,36.938433743382376
2024-06-06,258.95001220703125,266.0,255.8000030517578,264.54998779296875,39217,46.87279643002362
2024-06-07,259.5,276.0,259.5,272.8999938964844,105245,54.79631030226423
2024-06-10,275.79998779296875,286.5,273.0,286.5,130480,61.06393870373403
2024-06-11,285.0,300.79998779296875,283.1499938964844,289.20001220703125,232767,60.30005469563623
2024-06-12,296.8500061035156,296.8500061035156,284.3500061035156,288.5,72892,58.014343980284785
2024-06-13,295.70001220703125,295.70001220703125,286.0,289.6000061035156,48290,66.57717581961137
2024-06-14,294.79998779296875,304.0,286.5,297.6000061035156,89447,67.42967887701764
2024-06-18,309.0,312.45001220703125,298.04998779296875,312.45001220703125,167395,72.45574194297606
2024-06-19,316.95001220703125,317.20001220703125,298.54998779296875,303.6499938964844,63307,66.49745170634984
2024-06-20,307.0,307.0,293.04998779296875,297.20001220703125,58268,63.87128164839482
2024-06-21,297.0,297.0,288.0,290.20001220703125,48676,61.90926303255746
2024-06-24,297.0,301.79998779296875,277.25,297.0,81447,68.59582691035942
2024-06-25,299.0,300.3500061035156,291.25,296.79998779296875,30898,66.64996885588313
2024-06-26,295.04998779296875,300.0,294.8500061035156,297.3500061035156,39326,74.34902076681745
2024-06-27,300.0,302.0,294.54998779296875,298.04998779296875,50697,70.98996209397879
2024-06-28,302.3500061035156,304.25,292.1499938964844,293.3500061035156,16942,63.42744954081379
2024-07-01,287.54998779296875,308.0,284.04998779296875,301.1499938964844,58044,60.41221935000817
2024-07-02,303.0,307.0,303.0,305.5,199245,61.31943596733941
2024-07-03,305.54998779296875,320.75,305.54998779296875,320.75,132993,68.63085184780347
2024-07-04,330.0,335.8999938964844,319.95001220703125,326.1000061035156,77696,70.09912164483046
2024-07-05,321.0,330.54998779296875,312.0,316.75,46841,60.39066476661751
2024-07-08,323.79998779296875,325.0,307.95001220703125,320.8500061035156,46899,55.15970179750048
2024-07-09,320.8500061035156,324.8500061035156,318.0,321.95001220703125,26983,62.41521225042971
2024-07-10,328.3999938964844,338.0,323.29998779296875,329.6000061035156,268618,71.62883613933455
2024-07-11,330.0,333.70001220703125,321.75,324.20001220703125,72463,73.19236402605611
2024-07-12,325.0,326.0,315.0,317.45001220703125,44890,63.959052701045216
2024-07-15,318.70001220703125,331.3999938964844,316.0,320.25,41232,65.45815409028216
2024-07-16,318.8999938964844,330.0,311.0,313.6499938964844,56395,59.951156948360065
2024-07-18,318.45001220703125,319.5,304.3999938964844,309.3500061035156,47077,56.608200201094846
2024-07-19,310.0,315.8999938964844,293.8999938964844,309.29998779296875,53995,59.863933509808085
2024-07-22,310.0,312.0,298.8500061035156,304.29998779296875,49199,52.01793283631985
2024-07-23,303.0,306.8500061035156,289.1000061035156,301.0,34379,47.07792207792208
2024-07-24,306.0,316.04998779296875,302.1000061035156,315.79998779296875,70570,46.76681058368116
2024-07-25,317.79998779296875,317.95001220703125,310.1000061035156,314.20001220703125,26150,41.82692247231094
2024-07-26,314.20001220703125,326.3999938964844,312.45001220703125,318.6000061035156,45820,51.36330700168713
2024-07-29,322.79998779296875,322.79998779296875,313.04998779296875,316.1499938964844,50126,46.450139219265736
2024-07-30,324.8999938964844,327.8999938964844,316.29998779296875,318.3500061035156,40389,47.32540238563269
2024-07-31,324.75,324.75,313.0,315.54998779296875,32386,38.75098284222579
2024-08-01,311.0,323.70001220703125,311.0,315.25,45212,42.19702178109922
2024-08-02,301.29998779296875,322.0,301.29998779296875,319.75,53305,52.087104185174766
2024-08-05,307.75,318.20001220703125,303.79998779296875,303.79998779296875,75993,37.94870900583791
2024-08-06,308.75,314.79998779296875,293.54998779296875,305.0,70233,43.11854172119124
2024-08-07,314.0,320.25,300.04998779296875,316.20001220703125,53065,54.91039649207703
2024-08-08,316.3999938964844,324.95001220703125,305.75,306.8500061035156,32882,48.45035982165848
2024-08-09,309.95001220703125,314.0,305.0,309.79998779296875,62511,53.57142857142858
2024-08-12,314.0,325.25,313.79998779296875,320.8500061035156,73457,61.71091383819532
2024-08-13,321.0,326.8500061035156,318.1499938964844,322.25,43853,54.51997820357417
2024-08-14,322.25,323.04998779296875,309.95001220703125,315.95001220703125,35037,51.15055810414734
2024-08-16,310.0,311.0,300.1499938964844,300.1499938964844,110606,39.451116778407325
2024-08-19,298.0,298.1000061035156,285.1499938964844,285.1499938964844,196679,34.50000946044344
2024-08-20,278.0,290.0,270.8999938964844,271.04998779296875,328123,28.86506028105066
2024-08-21,270.95001220703125,277.29998779296875,264.29998779296875,269.5,152780,29.191153351830494
2024-08-22,268.0,274.5,259.8500061035156,271.20001220703125,144489,30.34361062147434
2024-08-23,271.0,275.0,265.0,265.8500061035156,52738,26.12933229788061
2024-08-26,270.0,270.0,258.1000061035156,259.6000061035156,75810,28.58528905486922
2024-08-27,266.75,271.70001220703125,256.04998779296875,258.04998779296875,94251,27.3297971665083
2024-08-28,258.3999938964844,265.3999938964844,255.0,256.29998779296875,98700,18.1721566935952
2024-08-29,258.20001220703125,259.6000061035156,243.5,246.6000061035156,86823,18.10482148592314
2024-08-30,246.6499938964844,258.8999938964844,244.0,258.25,221996,25.012130105739033
2024-09-02,261.79998779296875,261.79998779296875,250.0,254.0,92590,15.308769139207996
2024-09-03,251.1999969482422,258.20001220703125,251.1999969482422,253.0,69156,13.913501203845968
2024-09-04,250.1000061035156,258.0,250.0,257.1499938964844,43435,18.656712775963612
2024-09-05,254.3999938964844,270.0,254.3999938964844,261.5,102118,26.533095912646004
2024-09-06,260.0,264.3500061035156,260.0,260.1499938964844,65423,31.804952286863426
2024-09-09,263.70001220703125,263.70001220703125,248.1000061035156,250.6499938964844,76988,34.08736977065165
2024-09-10,250.6499938964844,253.1499938964844,243.0,246.3999938964844,93050,32.70958100930012
2024-09-11,246.3999938964844,251.0500030517578,239.1999969482422,241.6499938964844,63348,28.847519163595635
2024-09-12,246.3000030517578,248.8500061035156,238.8000030517578,246.3000030517578,53904,35.864063294728496
2024-09-13,248.3000030517578,249.0,239.3000030517578,244.5500030517578,61001,38.36040145360892
2024-09-16,246.6999969482422,252.0,240.9499969482422,248.3500061035156,96327,42.75038671568332
2024-09-17,254.3999938964844,254.3999938964844,241.0,242.3500061035156,53750,40.19677941944107
2024-09-18,246.8000030517578,249.8999938964844,242.0,244.6499938964844,31455,48.470578661152004
2024-09-19,247.5,249.25,233.0,235.25,99285,31.300813008130078
2024-09-20,237.9499969482422,241.5,233.5,240.25,50325,38.955823293172685
2024-09-23,240.0,249.8000030517578,240.0,247.5500030517578,52649,46.0248018193907
2024-09-24,250.8000030517578,259.8999938964844,247.0,256.75,85481,49.72826503850978
2024-09-25,259.45001220703125,263.6499938964844,251.0500030517578,256.25,58181,46.236559139784944
2024-09-26,254.3000030517578,258.5,249.0,251.0,50710,43.78819100151945
2024-09-27,251.8999938964844,263.3999938964844,248.0,255.3999938964844,62673,53.464624978742314
2024-09-30,255.3999938964844,268.1000061035156,252.1000061035156,256.5,77678,57.72171792515911
2024-10-01,253.1000061035156,265.70001220703125,253.1000061035156,264.54998779296875,43495,66.66666666666663
2024-10-03,264.3500061035156,264.3500061035156,253.0,254.3500061035156,48889,55.42088081799487
2024-10-04,254.0,255.3999938964844,245.0,245.9499969482422,29025,50.86526237961772
2024-10-07,245.25,258.0,233.6499938964844,253.25,106684,52.90284124560949
2024-10-08,253.0,266.75,246.4499969482422,264.5,73574,62.35359896515923
2024-10-09,266.0,268.5,255.0,258.75,43181,57.572507948995295
2024-10-10,259.25,268.3999938964844,255.25,265.1000061035156,36316,66.57413112156266
2024-10-11,261.3500061035156,267.0,260.29998779296875,264.3999938964844,31021,64.08162909415998
2024-10-14,272.0,272.0,253.1499938964844,258.1499938964844,36291,56.25737380557636
2024-10-15,259.1499938964844,262.8999938964844,256.6499938964844,259.3500061035156,11308,51.694918963309675
2024-10-16,261.20001220703125,271.70001220703125,255.8999938964844,268.70001220703125,109456,57.276452099541146
2024-10-17,268.70001220703125,278.0,266.0,272.0,76264,62.559807695466716
2024-10-18,272.79998779296875,273.6000061035156,261.6000061035156,268.20001220703125,32810,57.710854403943884
2024-10-21,264.0,272.45001220703125,264.0,265.45001220703125,45697,55.28648130676531
2024-10-22,264.0,270.8999938964844,252.0,253.25,62850,43.63739557268388
2024-10-23,256.95001220703125,275.0,252.1499938964844,270.29998779296875,166267,58.337677793163316
2024-10-24,266.1000061035156,271.3500061035156,245.1499938964844,258.3500061035156,188804,56.25000480682633
2024-10-25,259.8999938964844,270.70001220703125,250.5,260.6499938964844,120713,53.92781068730978
2024-10-28,262.5,262.75,252.6000061035156,260.04998779296875,58233,47.33691630329254
2024-10-29,259.0,271.5,256.8500061035156,267.3500061035156,96702,55.05288218960559
2024-10-30,271.0,275.54998779296875,261.20001220703125,269.95001220703125,82922,52.98095005508919
2024-10-31,273.0,274.0,263.29998779296875,269.95001220703125,59462,53.44080516464168
2024-11-01,275.04998779296875,284.95001220703125,273.75,276.79998779296875,33135,61.476923631657016
2024-11-04,277.04998779296875,278.70001220703125,267.29998779296875,269.95001220703125,49908,56.09897255066396
2024-11-05,266.1499938964844,277.0,266.1499938964844,275.25,57581,53.95292368645357
2024-11-06,275.25,277.0,268.45001220703125,269.6499938964844,54687,48.62007753585505
2024-11-07,269.6499938964844,272.20001220703125,265.04998779296875,266.8999938964844,30790,49.22709919162838
2024-11-08,267.45001220703125,270.0,259.29998779296875,265.8500061035156,44434,50.242714940774
2024-11-11,265.3999938964844,265.3999938964844,254.5,256.25,43496,51.879700973351014
2024-11-12,256.3500061035156,260.25,250.1000061035156,251.6000061035156,25969,36.12759620404415
2024-11-13,251.25,252.5,243.1999969482422,245.6999969482422,63264,39.69028742005919
2024-11-14,245.6999969482422,248.6499938964844,237.1499938964844,244.0500030517578,76766,36.32619437797524
2024-11-18,251.9499969482422,251.9499969482422,240.0,246.1999969482422,55893,38.87550118111694
2024-11-19,246.0,250.3000030517578,238.0,241.0,50870,28.096396080554314
2024-11-21,247.3999938964844,247.3999938964844,234.0,234.6999969482422,49273,22.39619889644301
2024-11-22,234.6499938964844,239.1499938964844,231.1499938964844,236.3999938964844,38732,24.40880564634024
2024-11-25,240.8999938964844,252.0,230.8500061035156,246.6999969482422,71198,28.188397960982144
2024-11-26,251.9499969482422,254.0,243.0,245.0,25664,30.462003330408223
2024-11-27,245.0,245.6999969482422,238.5500030517578,243.6999969482422,44391,23.642432850482464
2024-11-28,245.0,248.5,240.0500030517578,244.3500061035156,29003,26.958114202459925
2024-11-29,247.75,247.75,241.0,244.3000030517578,55545,28.352497925301464
2024-12-02,244.3000030517578,266.3999938964844,241.27999877929688,262.239990234375,120362,47.3874540016723
2024-12-03,267.70001220703125,271.3299865722656,258.2300109863281,260.32000732421875,72416,53.31379995447954
2024-12-04,265.010009765625,265.1400146484375,256.0,258.8900146484375,44863,56.26397324479267
2024-12-05,258.79998779296875,264.8999938964844,257.54998779296875,261.760009765625,24538,64.55767320440073
2024-12-06,263.0,277.739990234375,256.0,275.44000244140625,85668,73.35914543458964
2024-12-09,277.8999938964844,308.0,276.3999938964844,303.67999267578125,264144,80.81047635483574
2024-12-10,301.5,308.7900085449219,296.7900085449219,302.7300109863281,138616,84.66811982039762
2024-12-11,300.3999938964844,309.8999938964844,296.1199951171875,300.0199890136719,44659,88.22567017532081
2024-12-12,299.29998779296875,320.69000244140625,287.95001220703125,308.6300048828125,105171,89.10667573437178
2024-12-13,313.25,313.25,302.7200012207031,308.6300048828125,67464,87.73920089295099
2024-12-16,309.0,318.6300048828125,306.0299987792969,308.7900085449219,40621,89.61621226381662
2024-12-17,310.3999938964844,314.7900085449219,305.0,311.2300109863281,41550,91.35335683168779
2024-12-18,312.79998779296875,312.79998779296875,296.82000732421875,304.29998779296875,31434,84.0896091681157
2024-12-19,303.0199890136719,303.0400085449219,286.0,294.94000244140625,35008,76.03867360227244
2024-12-20,296.3999938964844,296.3999938964844,281.010009765625,286.0299987792969,57828,63.484871811282964
2024-12-23,287.0,295.0,276.5,279.6700134277344,25933,60.442529615886926
2024-12-24,280.0,282.7900085449219,277.5,279.8299865722656,19140,61.45763722811613
2024-12-26,285.5,294.6000061035156,271.0,272.1700134277344,84794,55.41229531840383
2024-12-27,276.25,276.25,268.0,270.54998779296875,22725,47.09308316485954
2024-12-30,270.0,276.0,264.010009765625,266.2699890136719,57615,18.90273694250874
2024-12-31,265.8999938964844,278.0,263.79998779296875,271.6199951171875,30653,25.902395782854853
2025-01-01,269.29998779296875,282.95001220703125,269.29998779296875,277.70001220703125,34770,33.56892491607893
2025-01-02,280.0,280.0,270.1499938964844,273.04998779296875,22580,22.1857372836311
2025-01-03,273.8500061035156,280.79998779296875,272.45001220703125,278.25,19929,28.03644457152741
2025-01-06,279.70001220703125,279.70001220703125,257.95001220703125,264.20001220703125,61661,23.15473419213687
2025-01-07,265.0,270.0,261.79998779296875,265.95001220703125,54934,22.510933672450392
2025-01-08,265.95001220703125,272.0,258.0,259.04998779296875,72277,22.519136033568216
2025-01-09,257.1000061035156,262.70001220703125,256.8500061035156,260.1000061035156,34792,26.465838435053712
2025-01-10,258.20001220703125,260.3500061035156,250.0,254.0,41581,27.510198589104107
2025-01-13,250.3999938964844,254.6499938964844,243.1000061035156,246.6499938964844,69884,27.13297366022897
2025-01-14,243.1000061035156,259.45001220703125,243.1000061035156,257.25,26433,36.33836062764798
2025-01-15,258.5,258.54998779296875,248.25,251.6000061035156,17402,37.24421745225744
2025-01-16,252.8999938964844,258.6000061035156,250.75,256.25,26358,41.4535192936097
2025-01-17,257.6000061035156,263.95001220703125,254.0500030517578,259.75,23503,46.06661352117136
2025-01-20,258.1499938964844,268.20001220703125,253.5500030517578,267.04998779296875,21868,47.30637562452513
2025-01-21,268.8999938964844,268.8999938964844,260.0,261.75,18189,40.51159848839134
2025-01-22,265.0,265.0,251.0,251.8500061035156,34193,38.12991190229729
2025-01-23,259.75,259.75,251.1000061035156,253.4499969482422,19319,35.530919524573875
2025-01-24,251.1499938964844,253.8500061035156,249.5,250.8000030517578,13776,40.982497574099085
2025-01-27,250.0,254.4499969482422,239.6000061035156,249.9499969482422,48626,39.10080840389137
2025-01-28,251.3000030517578,260.6499938964844,240.1000061035156,243.0500030517578,35123,39.10082466087124
2025-01-29,243.6000061035156,265.1499938964844,242.25,262.04998779296875,19926,51.067314100733114
2025-01-30,260.29998779296875,261.8500061035156,253.0,256.3500061035156,16156,51.29192311912402
2025-01-31,257.6499938964844,259.8999938964844,251.0,257.3999938964844,15418,56.349682458194636
2025-02-01,254.25,262.95001220703125,254.25,257.04998779296875,18039,49.86558301776585
2025-02-03,257.0,259.0,243.6000061035156,245.5500030517578,29787,46.230522676492164
2025-02-04,249.9499969482422,253.3000030517578,242.6499938964844,249.4499969482422,19707,45.72326277493448
2025-02-05,255.9499969482422,264.0,250.0,255.6999969482422,25926,47.53798886858297
2025-02-06,255.6999969482422,261.3500061035156,245.3500061035156,252.6999969482422,19189,40.79537635618893
2025-02-07,243.0,245.4499969482422,236.1499938964844,239.3999938964844,68052,36.99823924596128
2025-02-10,236.1000061035156,243.6999969482422,235.1499938964844,239.1499938964844,22087,41.677572478317735
2025-02-11,243.6999969482422,243.6999969482422,225.0,232.25,38509,37.00979461764453
2025-02-12,236.5500030517578,237.0,222.3500061035156,227.6499938964844,44441,36.14600525355633
2025-02-13,232.3000030517578,240.0,226.1000061035156,231.4499969482422,20255,39.30635083597054
2025-02-14,227.1999969482422,229.8999938964844,217.8500061035156,223.0,44555,38.61441439224488
2025-02-17,223.0,226.6000061035156,212.3500061035156,218.8000030517578,38760,20.47780766581208
2025-02-18,217.25,228.8000030517578,210.0500030517578,216.3000030517578,29262,21.413262844452845
2025-02-19,216.0500030517578,231.8999938964844,207.1499938964844,211.25,122511,18.8386215366355
2025-02-20,211.8999938964844,226.0,206.5500030517578,216.8000030517578,43827,24.605682971014815
2025-02-21,217.8000030517578,225.1999969482422,215.5500030517578,218.0500030517578,29009,30.072463768115924
2025-02-24,217.0500030517578,217.3500061035156,206.0500030517578,208.4499969482422,45515,22.556898728230166
2025-02-25,207.0,212.5500030517578,202.3500061035156,207.9499969482422,39437,15.373465158624967
2025-02-27,205.6000061035156,207.3999938964844,198.0,199.0,56365,14.152209356264535
2025-02-28,198.0,198.0,191.0,193.3999938964844,50425,15.773815741072909
2025-03-03,193.8999938964844,195.58999633789065,177.3000030517578,185.25,124387,14.114520961429577
2025-03-04,184.0399932861328,196.5500030517578,181.72999572753903,190.91000366210935,45299,22.014630750192595
2025-03-05,188.1000061035156,197.08999633789065,186.1000061035156,190.1699981689453,65643,23.22858031603556
2025-03-06,190.00999450683597,202.0,189.4900054931641,194.97999572753903,81321,24.320520908900207
2025-03-07,195.0,197.9900054931641,192.8000030517578,194.22000122070312,73801,27.27416657429137
2025-03-10,193.92999267578125,195.6499938964844,188.0,188.6199951171875,40958,26.684177804455985
2025-03-11,187.6999969482422,187.6999969482422,175.0,179.8300018310547,61915,24.32052090890022
2025-03-12,178.6699981689453,183.7400054931641,177.0,177.61000061035156,57991,25.330012118851997
2025-03-13,177.60000610351562,181.0,172.8000030517578,175.42999267578125,54889,18.08362737672479
2025-03-17,175.85000610351562,181.0,169.0,171.0,78912,15.399323981163334
2025-03-18,171.0,171.0,171.0,171.0,0,17.931154872659988
2025-03-19,176.10000610351562,193.97999572753903,176.10000610351562,191.1699981689453,119601,39.25185799121925
2025-03-20,191.0,194.25,185.8999938964844,190.1699981689453,88235,43.70275156597918
2025-03-21,189.3000030517578,195.0,187.1999969482422,192.55999755859372,46122,49.372199989143176
2025-03-24,196.0,197.17999267578125,187.0500030517578,188.3699951171875,47617,52.478547025869645
2025-03-25,189.0,197.8999938964844,187.1999969482422,191.8500061035156,96106,50.77353710527056
2025-03-26,192.3500061035156,192.5500030517578,177.60000610351562,180.91000366210935,90239,43.47520178219884
2025-03-27,180.2400054931641,183.7700042724609,178.89999389648438,181.41000366210935,82249,39.81996233952802
2025-03-28,181.0500030517578,189.63999938964844,180.17999267578125,184.47999572753903,58761,42.93793173949511
2025-04-01,185.0,190.9900054931641,184.75,185.6999969482422,24462,47.739239635991176
2025-04-02,185.00999450683597,188.69000244140625,179.3800048828125,182.32000732421875,67680,52.10411151784598
2025-04-03,182.32000732421875,191.1699981689453,180.0500030517578,188.75999450683597,39286,58.79475996828369
2025-04-04,188.0,188.0,182.80999755859372,184.57000732421875,35125,56.98778269605689
2025-04-07,179.00999450683594,191.0,174.99000549316406,184.38999938964844,57182,60.948490651961
2025-04-08,184.9499969482422,193.3300018310547,183.0,184.5800018310547,24243,61.06945387996001
2025-04-09,183.2700042724609,184.0,178.36000061035156,181.1000061035156,26233,38.72340774545386
2025-04-11,184.00999450683597,187.8999938964844,183.0,185.1999969482422,15986,44.795806914041364
2025-04-15,187.9499969482422,203.97999572753903,187.9499969482422,200.41000366210935,84648,56.480113182621345
2025-04-16,204.0,240.4900054931641,203.9900054931641,216.0500030517578,1017885,69.21689671033351
2025-04-17,214.7100067138672,220.8000030517578,210.0200042724609,215.02999877929688,137348,66.66187727066725
2025-04-21,203.0998992919922,205.11199951171875,194.59803771972656,196.1756134033203,109148,59.85204118913003
2025-04-22,198.89620971679688,204.0445556640625,197.5264587402344,201.68292236328125,82621,62.28934951284965
2025-04-23,204.4224090576172,219.88633728027344,201.21060180664065,211.5734100341797,181343,65.1695188351793
2025-04-24,211.6962127685547,218.61106872558597,211.6017608642578,212.8109130859375,154160,65.17634372929176
2025-04-25,217.2224273681641,219.68795776367188,204.26182556152344,208.7866973876953,80943,64.70961976284087
2025-04-28,212.53695678710935,221.59616088867188,208.5316467285156,216.88235473632807,129701,65.34735732038229
2025-04-29,216.0,216.0,202.3000030517578,205.47999572753903,235536,60.578559773131246
2025-04-30,203.0200042724609,207.0,189.8000030517578,193.30999755859372,80647,54.024473947809554
2025-05-02,193.25,195.7899932861328,187.58999633789065,192.6000061035156,93188,53.6015210836707
2025-05-05,186.3300018310547,188.3800048828125,180.8000030517578,181.77999877929688,59035,50.28647695571758
2025-05-06,183.3999938964844,185.0,173.80999755859375,175.5399932861328,98818,46.002379838008345
2025-05-07,171.0,178.55999755859375,171.0,174.24000549316406,82782,37.76095295578627
2025-05-08,173.0,178.75999450683594,173.0,175.00999450683594,52110,27.70580123732229
2025-05-09,172.99000549316406,187.0,169.27999877929688,180.6100006103516,108504,32.188304467964045
2025-05-12,185.0,191.9900054931641,181.8300018310547,186.9199981689453,77735,44.49578447158166
2025-05-13,186.9199981689453,198.8000030517578,185.2100067138672,196.5800018310547,78325,47.10817838369287
2025-05-14,199.5,200.0,191.0,191.97999572753903,134746,38.18816095113305
2025-05-15,190.1499938964844,194.9900054931641,189.1000061035156,191.8600006103516,54147,37.19729645911334
2025-05-16,190.9499969482422,195.0,190.0500030517578,194.66000366210935,35541,41.23632567604635
2025-05-19,196.9900054931641,196.9900054931641,186.3500061035156,188.2899932861328,69160,31.87428310310412
2025-05-20,188.97999572753903,190.0,185.1999969482422,186.7400054931641,34556,36.4242297759111
2025-05-21,187.47999572753903,187.5,185.0,186.30999755859372,16920,43.88966467425094
2025-05-22,188.1499938964844,191.9900054931641,184.0,187.2400054931641,47431,45.33913114089807
2025-05-23,189.8999938964844,191.3000030517578,182.97999572753903,183.8500061035156,57259,52.06711306313057
2025-05-26,183.8500061035156,187.0,180.0,183.1100006103516,85633,58.49226618828189
2025-05-27,183.0,187.1499938964844,180.88999938964844,184.22999572753903,48240,61.25251964151653
2025-05-28,184.5,188.9900054931641,182.6499938964844,183.9199981689453,62860,60.14113243565993
2025-05-29,185.8999938964844,185.8999938964844,180.02999877929688,182.0399932861328,39972,51.77815455653526
2025-05-30,182.1000061035156,183.2100067138672,179.0,180.8600006103516,57386,41.36260745957816
2025-06-02,181.1999969482422,190.0,179.0,182.63999938964844,120260,24.375007012307847
2025-06-03,181.1999969482422,183.52999877929688,180.25,181.47000122070312,32235,27.89231674852391
2025-06-04,180.75999450683597,186.4499969482422,179.99000549316406,181.6999969482422,68208,28.72696485622984
2025-06-05,182.1000061035156,184.1000061035156,180.6100006103516,183.3300018310547,30416,25.055045175005674
2025-06-06,185.0,185.0,180.00999450683594,181.00999450683597,39636,30.493040325389913
2025-06-09,180.3999938964844,184.1000061035156,176.9600067138672,179.86000061035156,150323,31.1610043720668
2025-06-10,182.8600006103516,185.9600067138672,178.1699981689453,179.69000244140625,157081,31.61112467447917
2025-06-11,180.1699981689453,197.3500061035156,180.1699981689453,195.3000030517578,285962,62.33170037483963
2025-06-12,196.2700042724609,196.2700042724609,186.0,190.2700042724609,105014,59.353146347915626
2025-06-13,190.2700042724609,196.0,184.1999969482422,192.9199981689453,102807,63.538507931373736
2025-06-16,191.0,194.0,186.00999450683597,191.19000244140625,49144,59.446268035429945
2025-06-17,190.4499969482422,194.1999969482422,188.0200042724609,192.83999633789065,57780,61.681513154818475
2025-06-18,193.3999938964844,193.4499969482422,185.1499938964844,186.47999572753903,38105,55.20394425280527
2025-06-19,185.1000061035156,187.17999267578125,182.0,184.47999572753903,41440,54.16282974159706
2025-06-20,181.5,186.8000030517578,180.32000732421875,185.4199981689453,32270,53.259849687989124
2025-06-23,181.5,185.4900054931641,177.22000122070312,182.8000030517578,54600,51.50828124497097
2025-06-24,182.3500061035156,193.8999938964844,182.3500061035156,185.08999633789065,57525,53.67280710600319
2025-06-25,184.8000030517578,190.8000030517578,184.8000030517578,190.25,24966,56.96457459195465
2025-06-26,190.97999572753903,195.0,188.72000122070312,189.72999572753903,33886,59.10610472990835
2025-06-27,191.6499938964844,191.6499938964844,185.5,189.3300018310547,22170,60.046686157004025
2025-06-30,190.0,193.13999938964844,187.02999877929688,188.3800048828125,36885,59.069095504594486
2025-07-01,189.0,192.16000366210935,185.17999267578125,188.58999633789065,86777,39.68007667420934
2025-07-02,189.7400054931641,190.9900054931641,185.1999969482422,187.1100006103516,34030,44.544185213286255
2025-07-03,188.6999969482422,190.3000030517578,185.7700042724609,188.8699951171875,46982,42.78587709346581
2025-07-04,188.8699951171875,192.19000244140625,188.0,191.33999633789065,34124,50.26031598070011
2025-07-07,193.5399932861328,194.38999938964844,188.0500030517578,189.4600067138672,22122,44.180451175227745
2025-07-08,189.0,190.5,185.5500030517578,186.0500030517578,25167,49.175942431771134
2025-07-09,185.5,187.8999938964844,184.94000244140625,185.6499938964844,32876,52.38872879639881
2025-07-10,185.1000061035156,187.17999267578125,184.5200042724609,184.9499969482422,27064,49.0309240985977
2025-07-11,185.0,187.0,184.6100006103516,186.0399932861328,27522,57.1302693931937
2025-07-14,187.6999969482422,187.6999969482422,183.8000030517578,184.4499969482422,28941,48.546775312330816
2025-07-15,183.5,188.6000061035156,183.5,184.3600006103516,39370,32.62533612163135
2025-07-16,184.0500030517578,200.0,183.6199951171875,196.44000244140625,228239,61.76782741008629
2025-07-17,197.4199981689453,204.0500030517578,196.3600006103516,202.8500061035156,145908,69.58287159843007
2025-07-18,204.8999938964844,205.8999938964844,199.97999572753903,202.8699951171875,66505,71.56892673229906
2025-07-21,205.8999938964844,234.4499969482422,205.8999938964844,217.42999267578125,1057938,80.07927954538074
2025-07-22,221.8999938964844,224.00999450683597,215.1499938964844,217.57000732421875,283028,82.68241705815072
2025-07-23,217.6000061035156,226.5,214.4199981689453,221.5200042724609,127948,83.45973934019096
2025-07-24,221.5200042724609,228.8000030517578,217.6999969482422,219.44000244140625,172547,79.02893558583355
2025-07-25,219.4499969482422,224.97000122070312,215.27999877929688,223.1100006103516,102911,83.5226063554876
2025-07-28,221.1999969482422,224.0,208.80999755859372,211.4499969482422,153659,71.73168449295602
2025-07-29,212.0,215.97999572753903,209.0200042724609,210.47000122070312,104950,71.02678070515162
2025-07-30,210.47000122070312,215.8000030517578,210.4600067138672,212.5200042724609,63760,72.83419707977541
2025-07-31,208.3000030517578,220.97999572753903,208.3000030517578,217.92999267578125,73101,74.64832718209102
2025-08-01,217.92999267578125,225.8000030517578,208.25,210.4600067138672,69896,68.42852367437472
2025-08-04,210.0,214.75999450683597,207.75999450683597,210.72000122070312,51874,68.6316157303201
2025-08-05,211.7700042724609,227.00999450683597,211.7700042724609,218.16000366210935,301372,66.42965903403748
2025-08-06,220.3500061035156,223.9900054931641,203.1999969482422,207.47999572753903,154654,53.28974772576325
2025-08-07,206.0,207.82000732421875,200.0,204.7400054931641,117307,51.27925219596977
2025-08-08,204.0,211.8999938964844,203.52999877929688,204.47999572753903,62178,38.986223484314614
2025-08-11,204.47999572753903,207.75,202.3999938964844,205.9600067138672,31134,40.345915006018
2025-08-12,203.0,216.6100006103516,202.9600067138672,206.4900054931641,74891,36.74836797391993
2025-08-13,207.5200042724609,210.97999572753903,204.3999938964844,207.1199951171875,62733,38.852685531315885
2025-08-14,205.8000030517578,207.33999633789065,200.8600006103516,202.30999755859372,13843,31.560273998174864
2025-08-18,202.41000366210935,210.8999938964844,202.41000366210935,209.42999267578125,27863,48.05244365852188
2025-08-19,211.00999450683597,214.3999938964844,207.3600006103516,209.8699951171875,39170,49.415426369173666
2025-08-20,211.69000244140625,213.27999877929688,205.3699951171875,209.32000732421875,47159,46.788438962193304
2025-08-21,211.3999938964844,221.0,211.0,214.80999755859372,69866,46.87375009326519
2025-08-22,215.00999450683597,222.0,212.0,219.5,63171,59.592526687510414
2025-08-25,221.5,223.38999938964844,216.0,217.9499969482422,62592,57.46746277576382
2025-08-26,220.0,220.0,213.32000732421875,216.4900054931641,25260,48.03205390314861
2025-08-28,216.5,222.0,214.3999938964844,220.47999572753903,35926,68.1869259269063
2025-08-29,220.47999572753903,226.3600006103516,217.0,219.5399932861328,72013,71.80318213901958
2025-09-01,218.6000061035156,222.0,218.02999877929688,220.27999877929688,46090,72.95179822914544
2025-09-02,222.0,223.0,218.25,220.94000244140625,31813,72.29168662951575
2025-09-03,218.75,223.1300048828125,217.0200042724609,219.83999633789065,62252,69.53468464023035
2025-09-04,225.8999938964844,226.0,219.9600067138672,220.7700042724609,30777,69.79984727924662
2025-09-05,221.7899932861328,221.7899932861328,215.16000366210935,219.07000732421875,36007,76.7219668276887
2025-09-08,219.47999572753903,223.58999633789065,215.5,216.55999755859372,57189,63.3271119304907
2025-09-09,215.1000061035156,224.9900054931641,215.1000061035156,218.3999938964844,32452,65.150978026255
2025-09-10,219.2100067138672,224.0,216.0,216.83999633789065,29640,62.89435539996767
2025-09-11,216.83999633789065,221.8500061035156,215.1199951171875,216.6000061035156,24120,53.743220976077346
2025-09-12,216.1999969482422,220.0,215.83999633789065,217.6199951171875,14869,45.35571692218615
2025-09-15,220.8000030517578,221.50999450683597,216.69000244140625,218.4499969482422,31004,51.280738425748595
2025-09-16,216.5,221.0800018310547,214.25,216.33999633789065,32338,49.628137905574036
2025-09-17,215.0,217.3600006103516,212.1000061035156,213.41000366210935,35589,31.501852852898466
2025-09-18,212.1000061035156,218.6999969482422,206.0,206.97999572753903,68744,24.47155601152724
2025-09-19,209.9900054931641,209.9900054931641,205.5500030517578,206.19000244140625,23051,21.41987864771818
2025-09-22,206.25,213.00999450683597,203.69000244140625,207.30999755859372,45064,22.859393002464714
2025-09-23,209.3999938964844,213.0,204.5,205.42999267578125,34284,22.170698156331653
2025-09-24,207.9900054931641,207.9900054931641,200.0,201.30999755859372,33656,16.540533166123282
2025-09-25,203.8000030517578,241.57000732421875,203.8000030517578,224.1100006103516,4753055,55.02191665437673
2025-09-26,221.8999938964844,223.8699951171875,212.22000122070312,215.58999633789065,359151,49.13685557449823
2025-09-29,214.0,221.69000244140625,211.3300018310547,214.9600067138672,149434,46.871599345797726
2025-09-30,217.1000061035156,219.9900054931641,211.25,213.80999755859372,184438,47.22374925132073
2025-10-01,212.0,228.8000030517578,209.22000122070312,218.00999450683597,334202,51.20450093995527
2025-10-03,216.00999450683597,220.83999633789065,215.6499938964844,218.7700042724609,57770,50.98679343654769
2025-10-06,218.25999450683597,219.1000061035156,210.8000030517578,211.8800048828125,71428,44.893524111281714
2025-10-07,212.16000366210935,214.13999938964844,210.1999969482422,212.16000366210935,25066,46.656005859374964
2025-10-08,213.0,215.0,210.0,212.83999633789065,22039,49.52696487616706
2025-10-09,212.83999633789065,215.19000244140625,208.9900054931641,211.0,50304,53.61121551385479
2025-10-10,211.0,217.97999572753903,208.4600067138672,213.4199981689453,73365,56.309998756178146
2025-10-13,213.4199981689453,213.4199981689453,208.7400054931641,210.6000061035156,28042,52.78861594301866
2025-10-14,214.5,214.5,207.9600067138672,209.57000732421875,21431,53.560385086379874
2025-10-15,211.6999969482422,211.6999969482422,208.6499938964844,209.75,14463,57.785982742360055
2025-10-16,209.75,216.0,209.75,213.82000732421875,38894,35.49478804815189
2025-10-17,215.9499969482422,215.9499969482422,208.6000061035156,209.55999755859372,27162,40.33963404319392
2025-10-20,208.1999969482422,225.00999450683597,208.1999969482422,215.55999755859372,108371,50.82010772921445
2025-10-21,216.5,220.9900054931641,212.00999450683597,218.82000732421875,29193,56.474553436914846
2025-10-23,218.82000732421875,220.0,214.1100006103516,216.42999267578125,27719,47.85791625792466
2025-10-24,218.6000061035156,219.97999572753903,212.0,213.19000244140625,26869,42.91158314973816
2025-10-27,216.3999938964844,218.5500030517578,214.0,216.88999938964844,25833,56.925621731351626
2025-10-28,216.0,219.1000061035156,207.4499969482422,211.83999633789065,35818,49.60917525020096
2025-10-29,215.0,217.0,210.50999450683597,212.1499938964844,15655,49.14961508893499
2025-10-30,212.1499938964844,214.9499969482422,210.6999969482422,212.8999938964844,15460,52.40627326211024
2025-10-31,212.5,217.3600006103516,211.0,214.0399932861328,19805,50.81151167416824
2025-11-03,214.0,215.0,211.6000061035156,213.6000061035156,23504,54.18760383386581
2025-11-04,214.0,220.0,211.6000061035156,212.6000061035156,22797,54.233023268901626
2025-11-06,214.6999969482422,215.9499969482422,209.0,210.4600067138672,32701,50.94040586341469
2025-11-07,206.5,215.0,206.5,212.4900054931641,13938,48.13777431951843
2025-11-10,211.00999450683597,214.5,208.13999938964844,208.25,20769,48.16475557721746
2025-11-11,210.8000030517578,210.8000030517578,205.13999938964844,206.8500061035156,17145,35.99229256829648
2025-11-12,209.92999267578125,210.2899932861328,205.8800048828125,207.0500030517578,15064,29.004617923072402
2025-11-13,210.3500061035156,212.0,208.1999969482422,210.9199981689453,30266,40.664179548233825
2025-11-14,206.3500061035156,212.0,204.0200042724609,207.57000732421875,32307,40.513163683420466
2025-11-17,208.0,209.9499969482422,202.5200042724609,203.7899932861328,26516,27.946104074253356
2025-11-18,204.9900054931641,204.9900054931641,199.5200042724609,201.57000732421875,42176,30.889463073908985
2025-11-19,201.9900054931641,203.4900054931641,198.0,199.44000244140625,22855,27.84941810186649
2025-11-20,199.0,205.8999938964844,194.57000732421875,197.72999572753903,55964,24.418197135462634
2025-11-21,195.0,200.8800048828125,192.72999572753903,193.3300018310547,40226,18.535386880861836
2025-11-24,192.0,198.33999633789065,191.4199981689453,194.69000244140625,25532,22.051417132970386
2025-11-25,193.0,201.8999938964844,193.0,196.97999572753903,25160,27.761931471835354
2025-11-26,199.0,208.0,196.83999633789065,205.13999938964844,40153,43.53426181777722
2025-11-27,205.13999938964844,208.66000366210935,204.5,205.41000366210935,20022,41.01066061894587
2025-11-28,202.1999969482422,205.0,199.72000122070312,200.38999938964844,41578,40.214139840610954
2025-12-01,202.5,210.9900054931641,196.22000122070312,197.3999938964844,103302,38.68262011133987
2025-12-02,199.0,199.3000030517578,195.3800048828125,196.41000366210935,14648,37.49412192183291
2025-12-03,198.2400054931641,198.2400054931641,192.0500030517578,194.0500030517578,15337,29.44187713978208
2025-12-04,196.5500030517578,197.0,192.8300018310547,193.22000122070312,12087,31.368472520714832
2025-12-05,194.8999938964844,195.52999877929688,193.0500030517578,194.1100006103516,16187,36.41213643638261
2025-12-08,197.8999938964844,197.8999938964844,190.4499969482422,192.91000366210935,33541,37.48554604845941
2025-12-09,190.9600067138672,201.0,190.8000030517578,195.0800018310547,30995,43.70669646770481
2025-12-10,198.6999969482422,201.0,192.5,194.08999633789065,8610,44.634434572315364
2025-12-11,197.5,197.5,191.5500030517578,193.1300048828125,27604,49.67192097067539
2025-12-12,195.00999450683597,196.7899932861328,187.22000122070312,191.3999938964844,98073,44.66773436951295
2025-12-15,192.0,193.97999572753903,190.0,190.1699981689453,18892,38.56999730576686
2025-12-16,190.1699981689453,191.5399932861328,186.3500061035156,187.2899932861328,29270,13.586293367067512
2025-12-17,186.0,188.0,185.0,186.00999450683597,33032,11.990584037228757
2025-12-18,188.66000366210935,188.66000366210935,183.8999938964844,185.3800048828125,25710,14.481775017602331
2025-12-19,184.1000061035156,189.6499938964844,184.1000061035156,187.77999877929688,22210,26.582265316007422
2025-12-22,189.0,189.8000030517578,186.25,187.0,29463,26.856837488160153
2025-12-23,189.8999938964844,189.8999938964844,184.8500061035156,186.92999267578125,70601,30.266039285475756
2025-12-24,186.0500030517578,189.05999755859372,185.2100067138672,186.5500030517578,24066,31.04034865372934
2025-12-26,189.19000244140625,189.19000244140625,185.82000732421875,186.25,16361,26.88233039616344
2025-12-29,184.57000732421875,188.4900054931641,184.57000732421875,186.77999877929688,22783,31.23083305768455
2025-12-30,185.1999969482422,187.97999572753903,180.6100006103516,183.02999877929688,27032,16.359545354245242
2025-12-31,183.47999572753903,186.0,182.5200042724609,184.3800048828125,23805,23.426389452637565
2026-01-01,182.3300018310547,184.9900054931641,182.3300018310547,183.55999755859372,23566,23.607267659118875
2026-01-02,181.6000061035156,190.05999755859372,181.6000061035156,187.83999633789065,21656,41.39265275765085
2026-01-05,187.0,188.8999938964844,185.1000061035156,186.2899932861328,17420,40.761893136160765
2026-01-06,186.2899932861328,187.07000732421875,183.02999877929688,183.6199951171875,28392,41.173642726971856
2026-01-07,184.8999938964844,186.5,181.50999450683597,183.5800018310547,44718,43.785181091889946
2026-01-08,182.6000061035156,184.47000122070312,181.0,181.27999877929688,12989,40.339288718995306
2026-01-09,180.10000610351562,181.4900054931641,172.80999755859375,175.0800018310547,76140,24.620314189512783
2026-01-12,174.14999389648438,174.2100067138672,165.1999969482422,170.89999389648438,52345,21.674879492132874
2026-01-13,169.02000427246094,174.8000030517578,169.02000427246094,170.5399932861328,17379,21.45594643533842
2026-01-14,170.00999450683594,172.9499969482422,167.39999389648438,169.6199951171875,18360,21.05983059362147
2026-01-16,171.97999572753906,173.6999969482422,168.36000061035156,170.0500030517578,27795,22.430248736788243
2026-01-19,167.10000610351562,169.67999267578125,163.10000610351562,165.19000244140625,54240,17.97688777034439
2026-01-20,164.85000610351562,165.17999267578125,157.0,158.72000122070312,49165,16.63466637179495
2026-01-21,156.3000030517578,160.58999633789062,151.3000030517578,153.6300048828125,86066,11.725180830074905
2026-01-22,156.89999389648438,160.17999267578125,153.36000061035156,154.07000732421875,28489,12.942970719544476
2026-01-23,155.5,158.10000610351562,150.99000549316406,152.22999572753906,36925,2.329343717202306
2026-01-27,157.9499969482422,157.9499969482422,144.10000610351562,146.49000549316406,60244,2.0943914227550664
2026-01-28,148.60000610351562,159.85000610351562,148.3800048828125,158.1999969482422,61627,24.871493427528762
2026-01-29,157.88999938964844,162.49000549316406,154.52999877929688,156.38999938964844,19458,24.03056421078405
2026-01-30,157.9499969482422,164.0,154.13999938964844,160.7100067138672,28849,31.083328913140548
2026-02-02,155.0,161.0,148.10000610351562,154.02999877929688,37062,30.811308246614203
2026-02-03,167.5,167.5,156.0,161.30999755859375,42053,41.72563044194921
2026-02-04,160.0,173.0,160.0,171.83999633789062,38525,50.95420056792614
2026-02-05,171.83999633789062,177.9600067138672,166.50999450683594,167.9499969482422,26910,48.82543402973414
2026-02-06,170.9499969482422,170.9499969482422,160.50999450683594,163.07000732421875,70489,45.37993357962053
2026-02-09,158.10000610351562,173.4600067138672,158.10000610351562,169.5399932861328,34371,52.81917825613056
2026-02-10,169.5399932861328,174.0,169.10000610351562,169.57000732421875,22659,57.6721873954748
2026-02-11,171.1699981689453,172.0,164.00999450683594,168.25999450683594,27272,60.92932010281955
2026-02-12,166.5,172.5800018310547,166.5,170.9199981689453,23310,62.18365047999532
2026-02-13,171.69000244140625,172.57000732421875,165.64999389648438,170.0399932861328,22135,63.05909731701313
2026-02-16,170.0,170.0,159.35000610351562,160.3000030517578,49770,59.56503469424508
2026-02-17,164.89999389648438,166.19000244140625,161.2100067138672,163.02999877929688,20582,53.8205990492286
2026-02-18,164.0,167.2899932861328,162.6199951171875,163.02999877929688,10619,55.40716482049429
2026-02-19,163.02999877929688,168.00999450683594,155.10000610351562,157.00999450683594,28526,47.06813641114284
2026-02-20,164.0,164.0,157.0,160.6699981689453,17644,55.52596470313047
2026-02-23,164.6699981689453,164.6699981689453,156.25,158.69000244140625,24211,47.60862068677366
2026-02-24,158.0,163.0,153.2899932861328,155.72000122070312,35172,32.93096706854821
2026-02-25,151.5,163.0,151.5,157.44000244140625,33192,38.33519001678975
2026-02-26,158.94000244140625,159.57000732421875,155.0500030517578,155.67999267578125,14017,41.18768118209879
2026-02-27,155.0,157.5500030517578,151.77000427246094,152.6199951171875,41291,28.037405390245553
2026-03-02,145.02000427246094,153.91000366210938,143.9600067138672,149.52999877929688,40582,25.901875531195003
2026-03-04,147.7100067138672,152.67999267578125,146.0,148.86000061035156,43585,26.306799292147275
