Date,Open,High,Low,Close,Volume,RSI
2021-02-19,411.12329138561046,411.73379483552776,397.1255741739442,399.4803161621094,7299,
2021-02-22,399.48028235297033,405.58520987396986,399.00062012246906,403.1432495117188,10652,
2021-02-23,405.5852592223944,414.8298702020796,402.18394736992417,411.4285583496094,4402,
2021-02-24,411.4285546875,412.6059390223993,402.1403478061831,403.361328125,6926,59.695029632532204
2021-02-25,409.9022975087698,427.3449484665898,401.18097202985984,420.1934509277344,13956,78.1064946638375
2021-02-26,420.9784317323753,427.3449892940756,396.3406849006251,413.6524963378906,23504,66.33170529964353
2021-03-01,410.77443500219954,426.47282105323904,410.77443500219954,418.7980651855469,12722,69.90120513139743
2021-03-02,422.11220271304114,435.15059648018337,414.7426711724171,429.612548828125,16195,75.38579806503199
2021-03-03,434.3220296460529,457.6951724025421,424.9466043073078,450.0204162597656,52429,81.68401276468742
2021-03-04,450.0204290028266,477.1437320167045,448.1017266051141,461.1837158203125,54948,83.9328839822251
2021-03-05,461.1836871264362,461.1836871264362,437.24366432134593,440.1653137207031,10205,68.17297757082217
2021-03-08,445.6597684401677,457.8696251097613,437.156475402415,440.078125,26662,68.11991891789552
2021-03-09,451.7210694099259,451.7210694099259,433.88594793894936,439.5548095703125,12630,67.80318303034576
2021-03-10,438.6826747269783,447.05512595431975,427.4757660833436,430.1793823242188,57081,62.58941647358126
2021-03-12,430.0049477259961,444.7876052525995,414.524594798087,416.7921447753906,20438,56.397035374419076
2021-03-15,433.449840752794,433.449840752794,408.1579989382447,413.2599792480469,8945,53.741931828109855
2021-03-16,415.2659165388501,419.3213276531541,396.6022849243102,415.2223205566406,16227,51.4720753996655
2021-03-17,412.5623209685001,422.0685877202647,398.82623234587936,400.8321533203125,8063,49.06451965371108
2021-03-18,405.0619708406815,410.3383620874743,396.82030765101126,399.7855529785156,5983,41.45362259274254
2021-03-19,399.8728021027476,429.6561254422873,394.029502963493,400.3088684082031,24171,44.11539237985007
2021-03-22,396.8203118970182,405.45441885477976,395.07604678977856,397.2563781738281,4077,40.321327145224934
2021-03-23,402.0095226731712,408.1580467049487,394.421958594686,400.6141052246094,10135,36.035284010062846
2021-03-24,400.657675308776,405.2799936448884,394.683562209628,396.6022644042969,5847,19.451433111014623
2021-03-25,395.2940870236436,400.09081615465306,380.2498002036593,382.3865356445313,11848,6.45792312792878
2021-03-26,384.6540727774122,397.16918091678485,376.935720555828,382.9534301757813,8344,9.153298533263794
2021-03-30,383.7383304330541,388.0989932788842,379.5521047472066,381.8632507324219,8260,9.024057767167363
2021-03-31,386.0494894392608,414.2629843264644,376.8048785712163,403.7101745605469,417704,30.59495027294615
2021-04-01,414.262982410408,476.14080063975456,410.8616706147448,470.6899719238281,155043,63.50682468318584
2021-04-05,469.9922784251455,469.9922784251455,430.6590663109836,435.2377624511719,100939,55.36121351932739
2021-04-06,437.025610025365,515.4303180583789,435.1069078399125,502.69720458984375,187472,68.95212560602033
2021-04-07,505.35726315792095,519.7038555692255,486.65000759611365,489.8333129882813,67449,65.11217617666028
2021-04-08,491.4467210078273,520.0526596945199,491.4467210078273,507.2322998046875,49734,71.29143913791694
2021-04-09,511.8981874271608,547.6992163190655,507.7555580043653,540.4169311523438,64832,74.9342826400009
2021-04-12,529.2972634891455,529.2972634891455,489.3535502955263,508.54046630859375,30527,67.26968377465369
2021-04-13,498.9034435690117,527.5530314395793,490.400150712447,521.49169921875,23093,69.21624655143555
2021-04-15,510.2848121856559,521.4917491150363,501.476293368357,508.8458251953125,59417,66.2732883629651
2021-04-16,518.8317053144876,559.0369969040551,507.4503322936978,543.905517578125,50776,70.25667144052957
2021-04-19,538.1058099148469,538.1058099148469,512.813964716256,532.0880737304688,19935,70.72316775989442
2021-04-20,532.0444795851771,555.6793048770714,523.7156239388769,541.4635009765625,23652,71.42015263317296
2021-04-22,527.6402359271225,548.1353525292503,527.6402359271225,545.4317626953125,14910,71.93311378175186
2021-04-23,545.4317926522978,557.2927756620364,537.5389494108224,541.6815795898438,21168,69.44444850637996
2021-04-26,537.3645228455723,553.8042010652082,516.6077243785287,539.71923828125,20552,61.91120535900003
2021-04-27,551.5802410967111,552.9320359011087,529.3408611038432,534.093994140625,8489,69.01526647205199
2021-04-28,542.2048319089015,543.3385936089664,532.0008701468211,532.8294067382812,3922,57.776282437799004
2021-04-29,535.0968627929688,538.6289886270233,518.918816227324,535.0968627929688,15028,62.35710805566978
2021-04-30,526.4191591929606,535.489358545309,472.6958181295724,515.9099731445312,20667,52.34613217812486
2021-05-03,514.5582328684545,545.0828738013289,507.1015098010022,540.5913696289062,17682,50.04943490609443
2021-05-04,546.0421805589091,556.4205794299166,533.6142914415482,546.7399291992188,23239,62.67362292357189
2021-05-05,553.8042172985269,553.8042172985269,536.6231939267373,549.748779296875,13121,60.037168595918565
2021-05-06,550.3156117740133,576.4795869772151,545.0828167333729,560.2142944335938,31070,68.53362107882538
2021-05-07,560.2143470678006,593.0501603251626,557.29272418791,570.5055541992188,42037,61.68580896102844
2021-05-10,569.5897473312448,576.6104569460357,559.9090973148291,566.5809326171875,23903,66.28241394073883
2021-05-11,558.208447632737,566.0140448761775,546.8707240835994,552.6268310546875,8079,55.05131405972095
2021-05-12,550.3591749845729,560.7375724895394,532.9601218642422,538.4109497070312,12235,47.09275611542538
2021-05-14,554.6327547990968,555.9409537396258,527.9018684886537,529.4281005859375,8011,45.136719137966196
2021-05-17,540.0681567638,550.6645900135987,519.2241646250635,540.8094482421875,15940,50.40259289478311
2021-05-18,541.8559920351287,551.6238881311909,530.43107588155,538.8035278320312,7588,51.78690279291417
2021-05-19,532.4368807657514,548.0480735006478,532.4368807657514,540.4605102539062,5416,52.886815977834225
2021-05-20,540.7222292212851,564.880313656838,540.7222292212851,550.9697875976562,35384,55.65220944354659
2021-05-21,549.6615251918921,557.3362807840432,540.7221667893267,541.5942993164062,5246,59.83304856938832
2021-05-24,549.443507427074,564.8802642342697,535.5765785663777,561.5225219726562,21894,58.315986940251456
2021-05-25,563.9645153689927,564.0081113488452,545.9113615582453,556.2025146484375,7366,53.78441884205352
2021-05-26,550.4901132362032,588.5150736817459,550.3156760683199,572.0317993164062,50635,58.08288496681032
2021-05-27,549.4436226624669,549.4436226624669,469.2946030801944,488.43792724609375,401345,32.988892289870904
2021-05-28,496.679552675409,496.8539898545449,481.6788601925296,485.9523315429688,55336,29.19083827280292
2021-05-31,485.9522533380025,492.7548763835198,477.4489612234196,488.5250549316406,36238,30.66119700388373
2021-06-01,495.37134513406426,495.37134513406426,470.9516309373146,472.1726379394531,51534,30.301100686851413
2021-06-02,476.8820886913479,479.6293276371096,467.4630673827703,469.7305908203125,20056,32.155016124980634
2021-06-03,476.8820426871876,481.3735463764615,468.6840290855216,470.55908203125,22660,34.027435761811375
2021-06-04,469.38182985140753,479.6729850666872,469.38182985140753,473.3064270019531,32018,30.784538876156404
2021-06-07,476.1843933395921,485.1237523720662,469.2073326313197,470.7771606445313,46978,30.69308817323808
2021-06-08,476.18445015350864,483.9464524098514,472.6959193831533,476.9693908691406,32542,32.4325077435457
2021-06-09,484.9057082150678,499.8191538480883,475.3994419235885,489.3099670410156,69847,33.110375161897935
2021-06-10,490.13850872607975,499.3394967757666,483.37948124809554,487.9145812988281,18311,34.62405542475486
2021-06-11,489.6152534600727,495.3713072164148,482.7689807440728,493.2781677246094,15418,28.67268334972134
2021-06-14,493.2781548980663,494.4991617749948,479.2804379489976,481.6788024902344,29547,27.589844150776514
2021-06-15,485.2546081138736,488.48145620367984,482.7689982235156,484.2080383300781,8382,21.29419695323233
2021-06-16,486.606405541068,486.606405541068,479.6729405721029,481.4172058105469,11113,45.13592268727188
2021-06-17,481.4172122476914,486.7372000037802,475.5739129746217,478.1031188964844,25543,44.62364939579466
2021-06-18,479.1059943941556,479.5857098805959,463.1459793971592,476.40240478515625,23926,41.59615064836373
2021-06-21,479.6729075480345,479.6729075480345,464.0181174646356,474.5709533691406,10995,52.08170427021151
2021-06-22,477.75421194519697,484.03357710514297,474.222085677336,476.2715759277344,7919,55.7515109003254
2021-06-23,477.8850820829834,506.1421471689938,473.87324007315874,487.8273620605469,95970,62.774194567919096
2021-06-24,494.6736351284184,497.4644701722119,484.9929310606428,488.8739318847656,47483,61.81330514841087
2021-06-25,493.1473530998272,503.5693475505947,489.3971938413856,492.7548828125,12650,66.34240521093633
2021-06-28,494.4991037971703,501.4761634627389,489.5279381393045,493.7578125,15624,63.52768350134239
2021-06-29,490.79258502982793,502.4791823139515,488.65584966875554,501.3453674316406,18261,60.50226462204459
2021-06-30,505.7933642918987,542.9897915878472,501.9559591629879,516.4769897460938,101795,70.10437408841833
2021-07-01,521.535247217538,523.8900156688496,505.4879875493159,512.9447631835938,30027,64.20915695591299
2021-07-02,516.7386083901961,531.1287974846066,511.4622163683964,520.3143310546875,19368,79.73146059341319
2021-07-05,525.8959523831877,540.809398397277,509.3254331538668,532.960205078125,25871,82.46214807514504
2021-07-06,538.9779968985887,543.4258522797218,515.5176064856201,521.0120849609375,24794,73.49898085263531
2021-07-07,514.5582057259081,525.9831208658288,514.5582057259081,517.0437622070312,8320,72.93261621974071
2021-07-08,516.9130491615693,536.3615972447822,516.1281084586655,527.9454956054688,30630,77.38643225499729
2021-07-09,532.0008475839932,579.9681371202549,531.7392184690354,549.39990234375,208018,82.89870371866131
2021-07-12,556.4206409029812,597.4108762046114,545.3009494115814,574.3429565429688,159366,85.80064885830393
2021-07-13,579.9680740649784,581.1018355936943,553.9785379334777,560.51953125,27904,76.10387469843816
2021-07-14,571.2032860109375,576.0872075265498,555.5920903861995,564.4878540039062,17674,76.59500793969907
2021-07-15,571.2467914292265,579.0959839832159,556.5077307855489,573.252685546875,28721,77.37238578477927
2021-07-16,573.8632314619825,585.8986502902636,549.6615526275297,553.8477783203125,17927,68.16021639217983
2021-07-19,553.804180387078,567.1913940064981,539.0215227211474,546.5654907226562,20563,63.691558258558764
2021-07-20,546.8271226484959,554.5891238316588,523.2359472218515,533.7015380859375,14047,55.2877875373949
2021-07-22,544.2108018411824,557.5980174210952,531.8701029109752,555.0252685546875,15346,61.64616255204858
2021-07-23,559.4730358820431,562.5690958163789,546.2602063378145,550.9261474609375,11335,58.6282923982725
2021-07-26,541.594296875,594.9688179378156,541.594296875,588.689453125,82640,63.75966118491246
2021-07-27,593.0502189338554,623.5748625554509,568.6305040365789,593.6171264648438,66579,68.57010209207738
2021-07-28,593.6170412349896,606.3065591867485,561.8713951341787,574.5609130859375,30311,63.65703765086912
2021-07-29,613.9813455317454,654.0558488301448,610.492815159406,617.5570678710938,248365,68.46356372650611
2021-07-30,621.3944323369011,655.8436675331222,621.3944323369011,640.276123046875,98392,68.62705947584075
2021-08-02,652.3550752538398,662.8206646964147,641.3225784241624,652.2678833007812,43856,66.86798148425109
2021-08-03,652.2679747799964,658.4164987936787,623.7492289031372,627.324951171875,25504,63.7968293536387
2021-08-04,629.0256578336882,636.6568183273379,610.5364354772098,614.3738403320312,20969,59.93400278573876
2021-08-05,614.0248924003637,619.301283520327,595.666513430535,598.7625732421875,28865,54.94505182464099
2021-08-06,597.4107997830097,613.240026938172,596.6695084040447,604.2570190429688,8169,60.32878839380872
2021-08-09,604.2570216393331,611.844585541606,585.2009465355055,591.39306640625,16230,58.97971474912844
2021-08-10,593.0501877589779,621.6997233312104,581.9740927237997,591.9600219726562,39580,62.27488388135026
2021-08-11,591.9600221490415,612.2371057806661,559.2986445349625,601.1610107421875,27215,60.24396722528954
2021-08-12,612.2370748774347,622.7026659009806,603.9518153171275,612.8911743164062,12790,63.307726368392665
2021-08-13,619.1705289828885,623.5747878171256,597.8032810087353,611.7138061523438,14065,55.86667384129494
2021-08-16,606.132177639713,635.7846870494255,585.8550939992477,614.5482788085938,33515,55.390824393584126
2021-08-17,613.9812878995848,625.1445733970647,597.4107701863858,603.8209228515625,95944,57.873722439277884
2021-08-18,608.748508557986,695.9617619330556,602.6435808217311,674.3328857421875,292700,63.307427519179015
2021-08-20,667.0942545275584,704.4651155651458,657.5007958197693,683.18505859375,138771,60.75644251265797
2021-08-23,674.2893016565679,682.879785973256,616.5977122389426,664.5650024414062,74616,52.98350362801718
2021-08-24,666.3093181630002,674.4637368246582,640.5378100241809,660.2479858398438,22607,58.87608130811748
2021-08-25,662.8208111702128,690.4238307171679,661.0765458776596,666.09130859375,18038,64.49874765195436
2021-08-26,677.865069630338,677.908665614592,647.2095871640188,652.4423828125,5516,65.2163005716342
2021-08-27,651.0905769278985,662.3411086745618,639.2731909339996,642.0640258789062,10381,60.428191723979104
2021-08-30,650.6108413253955,653.2272388106182,634.1711650855431,636.7003173828125,10425,63.0363451294548
2021-08-31,634.040391352869,640.8430148917982,617.4698721840871,620.1734619140625,16033,57.43504833877579
2021-09-01,627.8482579884243,634.0403779387179,614.1557660030204,618.647216796875,20113,54.80237277384826
2021-09-02,618.647206289178,631.9036317647325,607.091449941177,617.4698486328125,16370,51.3348500911585
2021-09-03,631.2495027730617,635.6974105314005,606.6553552404501,615.1150512695312,18764,50.9848255639693
2021-09-06,615.8563794022335,624.6648962631763,601.1609150002143,603.1668090820312,11810,46.869720589064755
2021-09-07,603.515733800397,622.7026501928951,601.8150646558215,614.15576171875,10519,52.83833718089953
2021-09-08,618.3419462414527,623.1822709995917,605.3471506205266,610.4491577148438,12179,22.28534781832751
2021-09-09,610.4491510797548,629.2435957180468,607.8327535923617,624.70849609375,22670,25.76799923111554
2021-09-13,629.6797128953677,634.8253163290555,604.6930935775116,609.2717895507812,17185,26.466254557772658
2021-09-14,613.9813590512541,614.3738293729341,594.7944415809023,599.8092041015625,15262,25.355655116700078
2021-09-15,599.8091631115237,607.8327932424073,590.3901421886371,605.129150390625,20127,25.03569171952107
2021-09-16,608.6613159368484,636.656748947588,600.0271825697815,628.8075561523438,37527,41.05609466427875
2021-09-17,632.2961023122548,636.656765086822,598.2393366890337,607.396728515625,34673,37.892163989319315
2021-09-20,607.3967659207909,607.440361905072,585.2009803852166,601.553466796875,37996,37.76565819665165
2021-09-21,600.0272060182859,608.6176905098243,588.6894826487544,599.1986694335938,10534,41.89962780589335
2021-09-22,591.305859603719,632.1216516558796,588.8203031675945,628.10986328125,41853,53.01640543527324
2021-09-23,634.868959760709,634.868959760709,611.3649746951105,613.6761474609375,13276,48.88492295857444
2021-09-24,626.888834478166,627.0196756463241,588.7766333312763,596.3641967773438,18927,44.93402327736607
2021-09-27,609.3590463564741,610.4928080681653,586.509162036916,590.3029174804688,11044,46.41033519343742
2021-09-28,600.0271612555617,600.0271612555617,582.5845112190628,588.0353393554688,12875,42.33817330143688
2021-09-29,585.2009992778561,598.2829888295221,577.6134346917396,596.6259155273438,12860,46.05820929084665
2021-09-30,597.7160891637952,601.9895604323635,577.3518131202096,581.1455688476562,16502,37.6636427336594
2021-10-01,587.8172929614893,595.6664853007377,581.9303987070531,586.5090942382812,7543,43.163944787174295
2021-10-04,593.5298331315414,601.7714968872339,584.3724407876052,592.0036010742188,13287,47.59859979817925
2021-10-05,586.1166516849336,593.0501158918773,586.073055704914,589.7360229492188,8120,45.173646607462096
2021-10-06,593.0502021129727,598.2829980139695,580.8403450106467,582.3665771484375,12579,33.78010976562783
2021-10-07,582.3665160055326,589.5616096139873,572.9910910005764,581.3199462890625,13405,39.38210523804411
2021-10-08,582.5845666345709,595.8409925694115,582.5845666345709,589.4307861328125,11933,45.1534078264638
2021-10-11,595.8409827253947,616.6849192188752,593.0065518716805,611.7138061523438,27832,54.315796917937384
2021-10-12,616.5977568881202,619.2141547249863,592.3960768971084,599.8092041015625,17077,38.94381081550239
2021-10-13,602.3819821000361,607.8764066937295,589.5616225609198,595.012451171875,20972,42.11495061432968
2021-10-14,597.4979478943026,613.109140765114,594.7071665095535,603.1668090820312,13467,53.11500481278221
2021-10-18,603.1668865953442,614.9406767290677,591.3495004776457,594.9688720703125,18918,52.09559466511111
2021-10-19,593.1373351413415,651.1341506138266,554.7199063654915,601.989501953125,288037,56.010541220810914
2021-10-20,626.1912000519159,644.3315472902784,606.2193424348407,610.2747802734375,87411,55.89454178341633
2021-10-21,611.3648925862219,621.6560456098554,603.7773290648946,618.2547607421875,18734,67.13653318331276
2021-10-22,623.1387007801119,623.5747670507768,600.6376918599533,604.3006591796875,15309,57.61197288177375
2021-10-25,610.5364067772564,623.5747995967936,585.8114692323962,609.9259033203125,24971,57.65933926627224
2021-10-26,612.978346705017,628.7639779331449,604.0389879912481,624.7521362304688,16200,63.51398972029982
2021-10-27,632.2961115474365,645.2472588847643,627.8918527269452,633.7787475585938,57383,69.59122812974903
2021-10-28,633.2991128965693,636.656802136083,597.410834881119,613.5452880859375,46777,60.71327985689113
2021-10-29,613.545269890207,619.2141316589153,601.8586720285704,613.4144287109375,14420,58.42009536323484
2021-11-01,620.9583558390502,624.4468859280337,610.4927655721,611.8009643554688,21360,50.03579406680757
2021-11-02,614.1993656396123,619.6501942306633,612.3242593119917,616.0308227539062,10752,57.110081803059494
2021-11-03,619.126975307543,679.3913187461246,615.4204116301732,624.7958374023438,82361,62.615478560943366
2021-11-04,626.2347545344202,636.5695569866057,625.3190260211242,628.8075561523438,10078,61.25577661745288
2021-11-08,627.0633220452657,632.0344883738327,618.8216585572139,627.324951171875,12087,65.09355852675216
2021-11-09,629.6796956345325,636.2206897027584,626.4091986004197,632.601318359375,14678,64.51611596129067
2021-11-10,632.9502406780942,635.5230425195599,627.93547817875,631.0751342773438,8942,60.539113966406504
2021-11-11,633.9530940437348,633.9530940437348,627.9353588953584,629.3307495117188,10066,55.990511257812926
2021-11-12,629.6796442517475,629.6796442517475,620.9583195391194,627.7173461914062,9844,64.61617116729286
2021-11-15,630.8570825849085,631.7728643816052,623.5747968095716,625.9295654296875,11547,60.49173558348686
2021-11-16,623.9236097527635,636.1334647128508,619.0832318089914,622.789794921875,13704,48.48072446633267
2021-11-17,625.9295702568531,626.8888948131975,619.2577346535296,620.347900390625,4836,38.42103767657771
2021-11-18,622.4410279688325,625.755121099937,613.2400399702374,617.9495239257812,13414,55.48313168968813
2021-11-22,617.9495440413501,627.8918769890554,602.6436275337838,605.0419921875,14192,42.09227732543795
2021-11-23,601.8150926089687,627.8482827709753,601.8150926089687,613.370849609375,18004,51.31583120772442
2021-11-24,616.4668182329054,634.9124413586294,615.6383349668248,625.9730834960938,29068,57.30767850413624
2021-11-25,629.1128342350338,630.5954703118298,617.5570772020579,622.7462768554688,10650,48.360034459788125
2021-11-26,610.4927832505197,627.8482422380829,604.3878554180144,607.7455444335938,15133,35.66760200224945
2021-11-29,602.7307779806102,607.6583481310939,588.9946904555801,593.1809692382812,30119,30.27702387777019
2021-11-30,596.1897788758697,607.6583429888399,589.2999637965748,594.5763549804688,11186,27.004159914956134
2021-12-01,597.5853245605358,599.591219083683,591.3059586017994,597.2364501953125,6148,29.812703861785806
2021-12-02,599.8527975639125,608.6613688494425,594.7944390800561,601.553466796875,5379,33.92229194325253
2021-12-03,604.5622855155477,608.5304779141992,600.8993182126596,602.9052124023438,7917,35.594910406254684
2021-12-06,612.236927398925,627.9353101527437,602.6870672442049,610.0130004882812,34035,41.296983912017026
2021-12-07,613.1091945285984,618.0803608060609,607.1787037198483,613.4580688476562,23457,44.9144858205922
2021-12-08,616.3360061834375,617.4697677096377,602.7307081768151,610.2310791015625,13705,44.53341019904173
2021-12-09,613.2836590015482,618.3856134528193,608.7485588055575,614.5918579101562,9469,48.223374516217376
2021-12-10,614.8534414194421,626.1911644527083,610.4927787143397,613.3272094726562,14488,54.999966849827516
2021-12-13,623.5311852232313,631.7728485720221,608.7485276659951,611.88818359375,70861,49.02408531098141
2021-12-14,611.8881720002034,618.341974122554,608.8357080940978,612.6295166015625,22433,39.591924566316315
2021-12-15,634.9125517227991,635.7410883636426,611.0160964782945,614.1994018554688,91534,43.156485192063336
2021-12-16,600.7685112235732,601.7714849908575,589.5616287736517,591.6983642578125,23880,38.528776554666955
2021-12-17,590.5209434769555,590.5209434769555,545.9549903198248,551.9290771484375,32332,28.322724622323264
2021-12-20,552.9320007640129,552.9320007640129,528.2070658707268,533.1345825195312,33261,22.704481438780576
2021-12-21,535.8383005543269,542.3792951742247,516.2589126792827,523.5411987304688,24413,19.160646117365076
2021-12-22,523.2795542387987,536.3615430947686,523.2795542387987,526.89892578125,7311,18.506357743304946
2021-12-23,529.5588860935657,565.7523863094217,529.5588860935657,561.3917236328125,21403,36.31401600166125
2021-12-24,561.4790110670933,562.7436141044902,541.6815885028146,545.82421875,11571,29.956534682487444
2021-12-27,558.1648458187068,559.9091109618902,540.8093863517322,545.8677978515625,9818,28.43631814890989
2021-12-28,548.5714162860157,556.4206098417775,545.0828858167883,547.176025390625,12370,29.633868810678848
2021-12-29,549.8795479659467,560.7812043490939,545.8241104991182,559.5166015625,8051,33.08328130946421
2021-12-30,560.7812888981712,562.0894878613861,544.6468350185193,546.9580078125,10881,30.936876004747404
2021-12-31,549.7051858756956,555.1124188262016,533.3962950535046,548.0045166015625,15613,31.609324253756782
2022-01-03,550.7080838452599,565.5779324881203,547.5247788928518,563.5284423828125,10600,36.973598475574605
2022-01-04,566.0140550304927,573.3835861157914,559.9527228397174,567.0170288085938,6429,37.60877482297242
2022-01-05,571.2468603055765,591.741976667685,571.2468603055765,580.3606567382812,13952,46.871991036129295
2022-01-06,578.2238735093979,584.1543641300118,570.069455559897,581.8868408203125,12061,60.475788819462174
2022-01-07,584.8085545098738,622.7027298805482,575.6075654358008,593.6171264648438,48256,72.24907024802667
2022-01-10,605.2599181916243,636.6130903060559,596.1461234747234,630.7261962890625,69681,82.79088266103508
2022-01-11,633.9094786439392,635.7845847884932,620.6967033676447,628.197021484375,17899,81.14782034246934
2022-01-12,631.3804465139503,631.424042500569,614.8535220482061,621.7869873046875,15124,72.44745180738198
2022-01-13,624.9265239388448,624.9265239388448,608.9665100467121,617.0773315429688,20746,78.80821863045529
2022-01-14,604.3878488422339,631.7728318281053,604.3878488422339,617.1646118164062,47827,78.81570462772332
2022-01-17,634.9124936877497,640.7557923939373,621.0019689285241,622.8770751953125,84730,79.54395603348559
2022-01-18,623.1823598125366,634.0404216968236,604.3879122914701,610.3619995117188,48315,69.81651459077003
2022-01-19,608.7485883886164,618.3420475179499,604.8675874583264,613.9813842773438,16002,78.0782029311908
2022-01-20,617.0773294627813,620.9583296693634,613.7196406859392,619.8681640625,11579,78.93258841117894
2022-01-21,621.4816684368853,622.6590793833822,610.7544481208279,617.0338134765625,9048,73.99301967103995
2022-01-24,620.129907494008,627.4122470289299,606.0885931811383,606.6990966796875,30162,66.76498118890261
2022-01-25,603.1231816031058,638.924207818836,591.1313604861551,618.5599365234375,18694,66.34329492390796
2022-01-27,618.7344630385521,619.9554166992991,593.050148180751,600.5941162109375,15286,57.016722922546364
2022-01-28,603.6028740486429,615.1586295222269,590.4336947634971,596.0589599609375,9185,50.96813786581343
2022-01-31,599.0678394835771,617.2081849567742,590.7389314691864,596.3641967773438,11447,30.76164459956985
2022-02-01,593.3990439769433,602.6872242542364,585.3754133885553,593.9223022460938,16412,30.791737899339083
2022-02-02,593.0501460719718,602.6436043172537,568.194367891014,576.9592895507812,40124,27.534855893492164
2022-02-03,579.8809264528444,595.6665035714445,576.9592506096186,593.5733642578125,10121,39.47672324603856
2022-02-04,594.314772618439,597.410832711157,591.3059044936707,594.9688720703125,7382,40.17751271517205
2022-02-07,597.9777217343668,600.8557485876102,571.4212741619998,576.6104736328125,18881,31.586201602661575
2022-02-08,577.5697835672952,585.2881353736309,566.8861597866997,573.8632202148438,36450,34.24908733649758
2022-02-09,574.735313916607,574.735313916607,563.4411874658755,567.3657836914062,17776,30.370804813708332
2022-02-10,566.101155251668,575.6074203035225,565.1418308434585,574.3864135742188,12581,31.029403453425402
2022-02-11,566.8861463423365,574.6917431573531,558.1648210139929,559.1241455078125,11077,28.11463158088982
2022-02-14,559.1240732588118,570.3746027709002,549.4434246875644,560.9119873046875,73794,31.500960737973017
2022-02-15,554.7199202099806,558.1648545679168,547.350389218364,556.94384765625,11647,23.40986169687099
2022-02-16,559.7346417367576,595.971737364385,552.3215153028923,554.2838134765625,16864,26.973082030974965
2022-02-17,556.9001989017831,558.1648016767307,550.882516572152,551.8854370117188,4643,27.55868937653294
2022-02-18,550.3157063289109,551.1878389855335,545.0829103891748,546.9143676757812,6299,26.015240147783246
2022-02-21,546.9142909558672,547.0015361477427,529.3408523285347,536.0126342773438,8177,24.042196013714417
2022-02-22,530.2129310049938,545.0827785579055,523.2794674155892,530.77978515625,14208,26.86759460651018
2022-02-23,530.7798313857074,549.2690514908995,530.7798313857074,545.2572631835938,9778,25.26792191570341
2022-02-24,524.1516739937549,532.7858077195617,502.5227969276829,513.2064208984375,22149,18.14475204862481
2022-02-25,515.7791423109662,558.1647572741783,515.7791423109662,552.8883666992188,15604,42.0745556169568
2022-02-28,531.695672971568,557.2927440712738,524.1517045177395,556.5514526367188,5609,44.25139845966761
2022-03-02,554.6763389466889,554.6763389466889,531.8700499445526,538.3238525390625,8631,41.05322416212173
2022-03-03,541.0274684259373,558.1213003135748,533.745182086825,539.283203125,8411,38.76644169509574
2022-03-04,528.5995138830999,541.7687472423503,525.6342951705059,533.7451171875,4215,41.339305278189485
2022-03-07,523.6719934401898,543.469412712244,523.2795231516768,536.3615112304688,7506,41.66916238666221
2022-03-08,526.3319682336071,537.2336245764739,524.4132660711138,530.1693725585938,5598,41.049575792743816
2022-03-09,532.8293704877377,548.4841597723292,528.3378667448562,533.6142578125,5036,43.12645376568443
2022-03-10,536.5795645810465,549.4435200098485,536.5795645810465,544.8212280273438,5333,47.780845556514244
2022-03-11,547.5684235815011,548.3097682190706,532.0444741754828,536.797607421875,4847,46.881719701869585
2022-03-14,539.501232396478,545.0829026115209,532.0009129488444,541.8995971679688,9304,51.88181399595746
2022-03-15,541.8995592701532,548.9202691493971,536.3615386592231,538.5418701171875,4228,52.511317060147285
2022-03-16,540.6350825271144,546.0422626875587,536.3616110008218,539.8937377929688,2196,48.103642346376816
2022-03-17,542.5973395713789,568.4560402327426,536.8848282336988,556.5078125,14302,67.18585578270316
2022-03-21,570.2002832488789,577.3081852313661,559.0369966147346,563.1796264648438,14659,55.53474429725567
2022-03-22,564.2697936937916,564.2697936937916,536.84121270503,540.9402465820312,23161,43.002339721422125
2022-03-23,543.6874616223048,549.0074489697445,532.0008639738588,536.1434936523438,16748,48.888876447340834
2022-03-24,531.2159258879107,544.5159475501963,530.5618264618965,535.44580078125,7163,48.03920834814718
2022-03-25,537.7568706381159,542.0739370984966,530.518181636158,535.7509765625,7881,51.082837889309616
2022-03-28,538.4547104532644,538.4547104532644,524.3261511119284,525.9395751953125,5658,44.779399490148144
2022-03-29,528.5995364746686,536.7976040349263,523.2795490186121,526.201171875,6504,47.88666834393981
2022-03-30,528.8612201540551,532.3061012757622,524.1952788918752,526.3756103515625,4679,46.00580077972395
2022-03-31,526.7244426012364,529.0355618254374,510.5463951088525,514.5145874023438,12842,33.39699761392697
2022-04-01,512.8139544029541,549.4435225745937,510.2411526590346,544.12353515625,13884,53.245757972696566
2022-04-04,546.8707144111106,549.3563241605999,537.2772561930581,545.344482421875,12439,51.58061645189819
2022-04-05,542.5100204860817,550.7516834016616,540.7221594758989,544.7339477539062,6644,52.914586925656785
2022-04-06,543.6002984189366,556.2462225027547,540.2426088338112,552.93212890625,15110,55.765528014850716
2022-04-07,555.7229010529327,558.164861676618,542.4664749419632,544.6032104492188,6430,44.31960820746645
2022-04-08,547.3504456215743,556.4206467352659,543.5130937894387,549.312744140625,5792,43.25701603334051
2022-04-11,557.2927583295977,562.3511170078788,540.8966753034533,546.9580078125,15551,53.62778509176996
2022-04-12,546.9580288132365,553.6298118433484,532.5241904469677,540.1117553710938,14666,52.33456328556676
2022-04-13,542.8153253822421,547.3067761174174,536.3615231608534,538.7598876953125,6335,51.93481396595172
2022-04-18,538.7598699210365,545.2136719295073,532.9601673094752,541.7687377929688,3578,53.40574418593405
2022-04-19,540.9402725516734,548.5714331882347,538.1930334302104,541.8995971679688,4790,60.144079138783816
2022-04-20,541.8123709468518,550.054034559517,498.16214551108624,514.5582275390625,61918,44.49487749271305
2022-04-21,515.4303011592991,536.3614809018087,512.5958705691676,533.832275390625,15404,52.98634353437192
2022-04-22,536.5359703830244,536.5359703830244,516.3024840120771,519.6165771484375,19121,52.0054873739058
2022-04-25,519.6165300146345,522.1893315217252,493.1909260551743,498.6417541503906,22887,30.820157876408132
2022-04-26,501.5633844292714,518.8752466643151,498.2492915425703,501.99945068359375,16895,32.04481281388995
2022-04-27,502.2175105861073,504.5286831495318,493.1473639510807,497.0719604492188,15709,30.938304465143133
2022-04-28,499.5139145570392,503.22047786889846,466.634507003338,476.0535278320313,78922,22.11321832463979
2022-04-29,478.4519802464225,504.921239758154,478.4519802464225,498.2929992675781,34413,34.74139486113951
2022-05-02,497.1155073511319,504.6158252925541,493.01647410050936,498.4237060546875,14779,32.71106814621831
2022-05-04,500.953000669266,501.6071001374636,480.19620162719343,488.8739318847656,21334,31.1864103201287
2022-05-05,491.3595632093686,502.3484134615385,490.3565893554688,496.02545166015625,12413,35.74850956294719
2022-05-06,490.1384851784237,505.7060296520238,473.1754967089288,502.8280029296875,10547,38.77993184573044
2022-05-09,505.3572627024043,505.3572627024043,486.3011328134329,500.5169372558594,8320,37.06235864668346
2022-05-10,500.516901962522,500.6040939270047,490.1385031131997,490.7926025390625,5110,34.881285508811715
2022-05-11,489.96408757454833,492.3188562577148,459.6574795055393,467.3758850097656,10081,35.71048970102652
2022-05-12,462.75357348195047,462.75357348195047,449.1483251201277,450.7617492675781,9718,24.42951829830659
2022-05-13,453.0293066912956,469.9486478268187,450.4565047787421,457.7824401855469,5170,30.084265714676064
2022-05-16,488.39425237214107,488.39425237214107,449.40991479557215,461.4889831542969,7392,36.536034423953076
2022-05-17,463.8001095253096,513.9913303869962,457.041081824428,498.9906921386719,40820,49.12594601044812
2022-05-18,513.6860980747161,515.866429560602,488.3942528384398,501.69427490234375,20611,51.36037460777768
2022-05-19,488.6559110601527,504.9648021915929,485.77788397360496,501.0838012695313,8419,58.37226546199596
2022-05-20,503.612989859026,530.5182597758646,503.612989859026,526.680908203125,23845,59.28675070997272
2022-05-23,533.7451016358717,536.0998700833554,527.6401740027817,533.963134765625,15548,61.10659683914493
2022-05-24,536.361597171785,536.7976635109491,522.7999446699338,530.0386352539062,12335,63.333374849233046
2022-05-25,532.6985574873493,532.6985574873493,506.5345806635036,516.6949462890625,9468,56.43671567442306
2022-05-26,510.24109549588553,535.8382156580188,507.58110208471714,531.0850830078125,14173,58.40249749629663
2022-05-27,533.7450916931684,536.099860096787,525.0237666655022,528.77392578125,8510,58.402465697286004
2022-05-30,531.4339756590366,543.5130440425112,528.5995447242834,533.30908203125,12950,63.04524025422666
2022-05-31,540.7221606351541,572.1189312526791,537.6261008454081,570.113037109375,66417,79.12958003625526
2022-06-01,570.1131240138178,597.1492361667897,554.7635574336791,593.6607055664062,47883,88.98408221693059
2022-06-02,596.6694943541063,602.6435809189643,581.3635257997157,594.5763549804688,18858,88.60449602049601
2022-06-03,597.5852611601301,625.3190668688322,593.0501610471491,621.3944702148438,39989,89.91946143673655
2022-06-06,623.5747502012836,641.0174005565642,616.2052197800285,634.5635986328125,57978,88.52541785236022
2022-06-07,632.296142197175,634.0404074170293,619.2141530482679,623.0951538085938,15654,82.86124484124757
2022-06-08,620.0862315905199,626.0167221747723,612.2370387855766,614.7225952148438,11300,79.51971471189604
2022-06-09,617.8186852809998,649.7387135397844,614.7225723164503,633.2117919921875,33380,78.73441619846118
2022-06-10,621.8304997614871,645.3780782938295,619.3012941083076,639.4039916992188,12071,78.60863010218699
2022-06-13,639.4040106074908,641.8895671226642,623.5747832781317,633.4298706054688,21313,77.74394418330412
2022-06-14,633.1682165792282,644.5059394656331,624.0108250171319,631.598388671875,22363,82.86355095289002
2022-06-15,636.6568056303879,643.6338665140086,626.7581217940511,632.296142578125,19323,81.40731194917379
2022-06-16,636.6567464556618,643.6338066907924,604.5622800202104,610.4055786132812,34110,72.58686919623722
2022-06-17,605.9407792768958,624.0734654439428,593.0930346237708,617.2850952148438,22959,72.93795432425159
2022-06-20,612.3646595719093,619.6086244661561,593.4574846341553,601.7037353515625,8816,59.760593138833805
2022-06-21,597.7855259891,637.832293237419,597.7855259891,632.5929565429688,7355,61.50688934829904
2022-06-22,619.6541388441103,633.2764270672477,615.0526449933701,623.8456420898438,4683,58.26811458270115
2022-06-23,615.0526217052055,626.8980796047131,611.2256164916819,622.2510375976562,3865,50.282178707551545
2022-06-24,619.7452829452111,636.9667234090339,616.875015060623,631.4540405273438,7418,48.94813276894598
2022-06-27,634.6431959697043,645.7597138992659,625.3490562051668,636.2833251953125,9461,54.67095265168302
2022-06-28,621.7498387170979,642.2060444302035,621.7498387170979,639.8369750976562,5239,59.2093059482223
2022-06-29,641.1126319534754,670.1340383129046,638.6980141942635,665.669189453125,16885,61.293749362873356
2022-06-30,677.4235748599358,677.4235748599358,639.9281196357249,655.4183349609375,24250,55.41922417101334
2022-07-01,658.6985823460344,663.8467670774004,642.023778344306,648.5843505859375,18820,55.09857674118703
2022-07-04,651.8190741125486,669.6328647897144,642.5705384898334,662.9811401367188,16033,59.73530497675871
2022-07-05,666.3069771987185,696.6495607297779,649.5410768257727,660.2931518554688,34582,58.57907378030009
2022-07-06,657.9696249318421,690.6813357716018,654.9627120335866,685.3052978515625,12943,72.52055127367062
2022-07-07,688.7678595400381,697.0141097314684,677.9246870576699,684.2119140625,18962,70.84872308038058
2022-07-08,687.6744545406294,703.52911219543,678.6081114818384,684.6675415039062,15493,78.53341881106189
2022-07-11,684.6675198514854,698.5631537861225,678.1524954658113,696.0117797851562,11531,75.19918202710214
2022-07-12,697.0596456748879,716.6046625490777,695.966207656798,708.130615234375,29150,82.61635649133814
2022-07-13,710.7274891201595,710.7274891201595,671.500809978172,677.3779907226562,13071,67.40507182868106
2022-07-14,680.6582071583414,680.6582071583414,665.1679936085532,675.6466674804688,7238,64.64370224453226
2022-07-15,674.5988716195077,693.3694016636426,670.4985204040097,673.1409912109375,7268,62.404196930357905
2022-07-18,676.5123420661225,683.3918084819271,662.7533536199458,679.6103515625,12336,63.12782265099231
2022-07-19,683.0272991110056,699.9754490448965,672.7764221562772,685.943115234375,19269,57.680355448352145
2022-07-20,689.405685271181,690.134681079272,678.8359134287236,685.5787353515625,6875,62.35078521468933
2022-07-21,687.036557042661,690.3624193855776,674.7810529592385,683.3462524414062,3915,64.7925983374206
2022-07-22,686.7632774753736,697.0597038073918,674.2344265899466,693.1416015625,7733,63.3576094601747
2022-07-25,693.1415549784973,705.5792527437493,693.1415549784973,698.8364868164062,19302,66.62739947634384
2022-07-26,701.615599697975,710.7274906031435,689.9068421306608,698.1075439453125,8342,56.986609819465734
2022-07-27,704.9414426563072,704.9414426563072,683.391799014878,686.1253662109375,11508,50.93331237473965
2022-07-28,686.1253334292549,698.8819797347124,646.9442054910637,654.0059204101562,34738,38.57380445274992
2022-07-29,656.0561198924977,664.803512578571,638.8346244994931,640.9759521484375,13433,29.745123435408857
2022-08-01,639.6547529589728,643.4362099979342,608.7198716609064,612.7291259765625,30311,18.61508299526693
2022-08-02,615.0526564614651,622.7977639872761,601.8859625446722,611.5901489257812,17127,23.11985523842965
2022-08-03,613.549163625675,619.1529988857001,604.3461758807072,616.2371826171875,10669,26.29088289067741
2022-08-04,618.6973539988201,624.2100365308302,605.4851130076818,612.3190307617188,7162,25.997788873553915
2022-08-05,607.7631921040986,635.1444162476427,607.7631921040986,627.353759765625,13008,30.683783052071107
2022-08-08,627.3537383931622,631.9096842057487,609.5855497240748,620.0186767578125,16256,25.810817953061473
2022-08-10,611.8179308084086,636.5111331116567,609.5855063960028,623.4811401367188,8021,27.72147968297888
2022-08-11,626.6247751666564,629.8139371183113,610.4056197925826,621.93212890625,8055,27.858099457658128
2022-08-12,622.6610709806907,628.7205009530961,614.1414748440388,616.191650390625,3876,21.421304700264955
2022-08-16,615.9638215373292,645.1218722609898,609.4944012788443,633.5042114257812,7107,27.663545473212224
2022-08-17,624.6201407192424,648.766652359009,624.6201407192424,643.4362182617188,13167,32.41501840490798
2022-08-18,646.670953415974,660.1109934312237,623.2989293809145,634.2787475585938,9690,33.0149424436984
2022-08-19,642.3427807560195,652.2291604543282,633.2764378963165,641.0215454101562,9120,44.89798659263324
2022-08-22,643.9373301999344,645.4407588044174,628.7660098606698,634.825439453125,3391,47.44609089959845
2022-08-23,628.7660031023588,637.558999824345,628.7660031023588,633.7319946289062,4411,61.26034619631054
2022-08-24,633.2764380029625,650.1789850454513,633.2764380029625,643.98291015625,11752,65.82106486325671
2022-08-25,647.2176526671027,654.4160693152143,637.6046181008934,652.7759399414062,8426,67.15140714934435
2022-08-26,656.0561195675377,656.0561195675377,635.2354719076445,638.0145874023438,5974,60.94718776815664
2022-08-29,620.519770542672,689.6790447476606,620.519770542672,657.3773803710938,8351,62.336157643769745
2022-08-30,657.4685226187406,665.0313814702643,643.3450907387661,655.00830078125,8087,64.98825035374436
2022-09-01,645.6230629831553,653.3226224459135,640.5659743088942,645.5775146484375,13180,59.00482692371789
2022-09-02,645.5774226147121,648.8121325225434,636.4199840590394,639.9280395507812,5821,57.09661036938622
2022-09-05,640.6115057702827,645.577497644307,627.8548579692662,636.1922607421875,7135,58.01386144425098
2022-09-06,637.7867431640625,649.6322000060297,634.6431300330895,637.7867431640625,6218,51.96321198436482
2022-09-07,640.5658584540731,640.5658584540731,633.2307982248443,637.7867431640625,3795,47.15068747849032
2022-09-08,638.1512914138394,643.2539839622698,634.0509402873048,637.8323974609375,3415,51.97368644070669
2022-09-09,635.2355286418298,649.5867575391073,629.6316932075405,637.650146484375,4847,47.9803552924951
2022-09-12,637.8323244168591,650.315625317645,633.5497248300044,638.2423706054688,8424,52.19424322262889
2022-09-13,639.1991278391563,646.488640344806,637.8323442443469,642.433837890625,4804,55.37420925381303
2022-09-14,643.9372844219831,663.6189447900814,635.0987399030028,646.4430541992188,11232,51.64629509064486
2022-09-15,648.3565485164128,678.3346900962756,644.2106495186612,647.6731567382812,5089,46.200723100497875
2022-09-16,650.9534723128314,650.9534723128314,633.276382693965,639.5180053710938,10299,51.24149971875736
2022-09-19,639.3357896492842,650.2700577442624,627.900323108302,637.5589599609375,5663,27.032620674142677
2022-09-20,638.9258545307094,638.9258545307094,621.6588087064575,626.6703491210938,8346,22.574890692726356
2022-09-21,628.720455609159,645.1218587989631,626.8980774769585,642.6160888671875,7719,47.45491015602051
2022-09-22,643.3450276863693,654.2337481269952,619.6996603463313,622.4332275390625,9510,37.96988725979436
2022-09-23,619.6085718023835,643.2994877830629,611.4534184476593,623.1622314453125,9505,40.65355585520901
2022-09-26,615.0526500618439,617.4673234523591,598.6512460601947,605.1206665039062,13094,31.041799353750434
2022-09-27,606.8519388070773,608.1731741210875,581.3386440824554,585.1656494140625,24307,25.203972223883966
2022-09-28,581.3386892503489,598.9701774073319,574.960365073621,591.6806640625,21227,29.50219738395829
2022-09-29,594.6419727389315,594.6419727389315,573.7757761273613,580.3818969726562,21325,26.850797814466503
2022-09-30,581.2475333886224,583.1610082009548,574.0491174478149,577.0560302734375,5752,25.801793677376565
2022-10-03,576.7827213327594,576.8738180002537,565.0283592683013,566.0307006835938,7006,21.333334554696364
2022-10-04,566.03076130442,591.2707141208765,565.4384660585603,578.4229125976562,41646,25.989098116947474
2022-10-06,589.9493732122987,605.9407302331318,580.3363396676039,599.6535034179688,8573,35.14654952371028
2022-10-07,599.4713556702619,604.0273013567221,583.1610478669058,595.8265991210938,3758,36.11353596583321
2022-10-10,579.5162925953387,605.9407776350632,576.1448816570113,596.9199829101562,4887,37.01222373893561
2022-10-11,583.1610094790274,603.207169179869,583.1610094790274,600.2002563476562,6498,41.10802104127061
2022-10-12,583.3432201494417,606.6696367525368,583.3432201494417,601.612548828125,7879,34.735380728191515
2022-10-13,597.7400067201631,603.2071409279695,574.9602808543033,600.6558227539062,7584,40.53838757392527
2022-10-14,586.1679528245941,598.6057066231714,585.8946072100852,592.13623046875,7219,37.37482366031513
2022-10-17,595.09757386567,606.8519354007921,575.8715062662171,596.6466064453125,11894,46.12498709157031
2022-10-18,585.0745227601516,601.384830562135,583.2521444857209,592.865234375,13867,54.132066275526114
2022-10-19,584.9834246296059,595.8721459150182,577.7850082177745,587.3069458007812,9084,47.628443454829586
2022-10-20,580.4274277245329,600.2457896601821,577.6938605609951,591.5439453125,9844,56.55432832461593
2022-10-21,587.716963875381,591.5439691816692,581.6575341725438,587.7625122070312,7444,56.2533643717047
2022-10-24,584.5733256840624,615.0526106222565,584.163279487401,605.621826171875,4186,71.4145548495807
2022-10-25,605.7129647055114,605.7129647055114,585.2567579336485,596.0543823242188,5958,59.83734399816925
2022-10-27,587.7625543866678,608.6743566551446,587.7625543866678,604.8473510742188,7219,53.36487741147703
2022-10-28,596.82877953285,605.4850748085173,591.4527423263478,596.32763671875,7148,50.30599517952288
2022-10-31,590.4505985345423,624.1645987595085,585.5301546342579,616.0549926757812,15029,59.519512224745846
2022-11-01,618.6973773177663,642.3882930913479,612.5923994378145,636.8756103515625,23926,65.53454657889878
2022-11-02,639.6547716738936,646.0330956079638,621.8410352380834,637.4678955078125,8001,65.29345425350124
2022-11-03,638.7435200307731,658.7896790046348,628.7204405438423,648.5843505859375,26745,68.81258495790496
2022-11-04,662.434472684059,679.747065505238,642.3883125753254,667.537109375,75513,77.355358724535
2022-11-07,683.3462380311131,736.2407511725122,683.3006897016022,698.1986083984375,87271,80.96692301392912
2022-11-09,707.0827241161282,828.0430741501694,699.1098196882724,772.1871948242188,409744,88.2879062536245
2022-11-10,772.6882975144288,851.8706464748818,760.2049966793134,807.677978515625,286896,91.71983677936674
2022-11-11,821.8925743034773,823.760500849435,781.8913502705956,786.1739501953125,45794,84.58548840663836
2022-11-14,783.6226023515292,838.2939467016358,774.5107116265114,800.7073974609375,60930,86.44728097140683
2022-11-15,800.0240378410317,814.9675614770565,794.6024515186256,800.6163330078125,9836,85.53637762736207
2022-11-16,804.579893560057,810.8215160151223,770.1825085296016,778.6565551757812,22690,81.83981129529298
2022-11-17,775.8774232502693,787.6317834408135,770.9569804694456,775.74072265625,15829,80.42169191778163
2022-11-18,782.0279908246233,838.2939138463774,776.3330593446886,817.4732666015625,66993,85.20451410629067
2022-11-21,819.1589485284519,852.7818464146562,802.757545777048,815.423095703125,43310,83.630478593207
2022-11-22,821.8925004402662,835.6058841417723,796.9258989127737,798.97607421875,7981,77.75348285647526
2022-11-23,798.976157973195,827.9064125457603,797.2449320131852,814.2841796875,14828,78.8207152416339
2022-11-24,815.5142291226815,823.2137879954126,799.0672773007186,804.9444580078125,15226,75.63487698720519
2022-11-25,810.2749259763168,831.7789669894609,801.8919749388881,814.8308715820312,13324,74.88835485037353
2022-11-28,837.2461327637236,847.4059140870478,796.3793214108384,805.6734619140625,50293,69.58326011766407
2022-11-29,819.0679259498688,819.1590226164562,783.8504440554021,815.559814453125,25344,60.3119515648803
2022-11-30,817.5644477879018,907.9999690394474,817.5644477879018,875.6983032226562,632396,64.47546608884906
2022-12-01,883.58006870348,919.344240364857,879.3885655349344,911.1890869140624,145069,75.10978069360311
2022-12-02,920.3010026732176,929.412893788794,875.7438328722211,892.2363891601562,78060,68.06328898328135
2022-12-05,896.9746032929543,933.968859785965,882.0310792905503,896.4278564453125,82168,68.60730193078899
2022-12-06,900.2548657657068,901.7583500849296,878.3407781824822,884.9468994140625,25994,71.51818355032404
2022-12-07,885.6757989218627,891.0973851513454,865.6751871957238,868.5910034179688,22814,67.8271605922063
2022-12-08,870.1856472824824,902.0772678635158,865.4019041953273,898.386962890625,42801,66.28163748550769
2022-12-09,901.8493812077578,906.4964232146812,867.6797911140059,878.295166015625,34411,61.79486451368238
2022-12-12,883.6256399853048,909.2300317467852,858.3401421666998,871.5068359375,56673,64.11849353184749
2022-12-13,870.6411533383458,916.56510455147,870.6411533383458,904.0362548828124,149848,66.37299526568714
2022-12-14,914.8338735649762,935.7456193106868,906.8609687903812,910.915771484375,70926,69.5068795176608
2022-12-15,916.56514297941,919.5720559030424,876.5639190234676,885.7669067382812,33489,62.36302148000202
2022-12-16,891.7807510448135,899.8447520423798,872.0534854973528,878.1129150390625,21676,62.6915525670803
2022-12-19,883.7623139015369,907.0887321819353,883.7623139015369,895.6533203125,34228,63.666034595088185
2022-12-20,895.6534199023706,903.8996708980316,878.6141710316804,885.721435546875,12719,52.063799983863504
2022-12-21,888.500431791922,913.0114397967636,824.8994464100308,839.9796142578125,62946,35.931597448650834
2022-12-22,842.8499437705834,851.2784432082892,718.017033179697,730.2269897460938,165706,26.44410595476394
2022-12-23,717.9259653960254,764.396612814048,711.6842862466256,736.7875366210938,100249,26.947380333450084
2022-12-26,741.9356688671814,765.3076897699841,731.7303405919045,756.5602416992188,30459,31.894102872429883
2022-12-27,758.5649689241408,769.9548333224011,747.2662011952375,754.601318359375,23295,33.24404513575807
2022-12-28,756.2413961518597,758.3371199353459,743.0747026822164,748.0862426757812,11111,26.28322935950878
2022-12-29,748.9974652725342,755.3757891860473,743.120284257883,746.127197265625,11467,27.878590499758502
2022-12-30,748.9063914730036,773.5995954177773,747.2206581613591,753.0978393554688,11568,30.193564748538577
2023-01-02,754.9201689508376,818.2478113673532,753.0977907518012,805.2633666992188,25229,34.496562562210826
2023-01-03,806.2656638669825,808.6347889279812,783.6681850022176,790.0465087890625,20527,31.512180931589754
2023-01-04,797.2449226912809,798.2016601335955,780.5701731059245,783.9415283203125,14349,33.461584901500544
2023-01-05,790.4565706818647,803.5777164064468,774.6018575658755,798.33837890625,20928,37.320787209208476
2023-01-06,802.7575148004805,820.0701059255761,788.26958734997,816.0608520507812,25767,37.357041847005476
2023-01-09,809.864856378981,893.9220503788121,809.8193080471524,878.0217895507812,60609,48.95042710580592
2023-01-10,892.9652492547175,899.9814159074889,858.5678633778139,866.17626953125,44058,53.93458125896773
2023-01-11,874.8326395097962,883.8534339162121,856.6088573671939,858.9324340820312,12875,77.93160597164228
2023-01-12,862.9416219341888,862.9416219341888,825.5373206797265,836.3804931640625,16135,70.2108142213454
2023-01-13,840.1163635615436,855.7888274537186,834.0569337043445,848.7271118164062,8679,69.2850618680251
2023-01-16,848.7270913469499,861.3470380324692,840.9819840605638,853.7841796875,3697,70.48746957790829
2023-01-17,849.5927460545489,869.09215958575,831.1411666282012,839.2962646484375,38691,68.23980012181146
2023-01-18,845.5378960798761,855.4242750968149,833.7379866755978,839.0684204101562,9179,68.71558462596214
2023-01-19,838.9317927473594,842.5765490485409,811.9150144190247,821.983642578125,8405,63.328618150752476
2023-01-20,818.2478125712083,831.9156490840904,804.6255243904553,814.6941528320312,8358,52.20823119700725
2023-01-23,826.9040975472067,827.3141437598132,798.2016412687085,805.8556518554688,13569,53.815707248690295
2023-01-24,805.4911263934354,858.841234558232,797.7460194088831,824.44384765625,33268,59.220077507618214
2023-01-25,824.5350858437856,856.5178028313397,817.2911209628828,849.364990234375,19279,61.08472879128432
2023-01-27,870.8234547739164,920.3010129617164,832.1434654329579,849.820556640625,139260,57.9285596949437
2023-01-30,865.5840201988716,906.6330744045256,827.5418786346617,881.3931274414062,35032,50.92359861684269
2023-01-31,888.136084824901,911.0980627655954,879.3430871905173,901.3483276367188,38363,59.22566759170051
2023-02-01,906.5876404040762,938.4337117746176,892.9653517217334,906.0408935546876,61673,62.52422250269286
2023-02-02,906.633210101892,959.4821811430076,906.633210101892,956.338623046875,111135,77.79186496511795
2023-02-03,974.9723287202116,979.5282741815212,920.5287804575644,940.6205444335938,48077,70.96237031327534
2023-02-06,954.743936926046,960.2565639748116,920.5742917273128,925.540283203125,12637,65.65292831020292
2023-02-07,933.0576306508444,933.5132251970608,874.7415287351668,883.215576171875,33112,58.543063057586785
2023-02-08,891.917465283154,947.6367033050436,884.4913071788814,943.8097534179688,37882,66.49922103554007
2023-02-09,969.4595671700484,1005.9527339391128,950.3702006326946,997.8887329101562,111168,74.81680781909297
2023-02-10,988.8679578466924,1007.775131424503,984.0842151342345,984.8587036132812,54275,73.62427253900411
2023-02-13,984.0843660192752,1025.0878812700782,984.0387620662236,1016.7960815429688,69478,77.5201971234149
2023-02-14,1025.087758988561,1029.5526079179838,1007.7751657256432,1020.3040161132812,29964,76.59941409510586
2023-02-15,1020.5318283386364,1023.2197917876928,996.8409108950608,1000.4400634765624,14953,70.80298461300546
2023-02-16,1006.8639620376812,1024.1309511031425,984.0842343897698,994.4262084960938,18895,69.61193805485107
2023-02-17,989.5058164729754,1015.5659152390516,984.0842855028352,986.68115234375,20553,65.26621824233781
2023-02-20,996.4308175714148,999.4832786046496,984.0841616077396,985.0409545898438,6671,62.81565760412009
2023-02-21,984.8586790564342,1047.9130291173326,975.0179038879476,1042.9014892578125,81938,68.02253954740866
2023-02-22,1047.8674997664175,1061.5353367198925,994.1073410827491,1007.1373901367188,49884,56.95570061287675
2023-02-23,1017.1149004323642,1035.293079693114,993.65177954893,1011.10107421875,12856,59.971641666026215
2023-02-24,1012.331128677746,1027.50245001672,985.0865513036864,987.86572265625,18960,58.61896371213198
2023-02-27,985.0864748180306,1002.262366428141,953.5593554503068,964.94921875,25620,61.94406378806004
2023-02-28,966.2248708754028,982.6262734360708,944.9486292439176,960.4388427734376,22641,52.90649308919665
2023-03-01,959.7555559002118,959.9833531828968,938.5704086105044,949.5501708984376,10716,40.04878236336127
2023-03-02,949.9602816389544,1002.3080531984334,949.049092499683,959.7099609375,33772,44.760839828079426
2023-03-03,969.3230513420672,980.3484176870356,934.6522600834818,948.4111938476562,17469,34.413258478110734
2023-03-06,948.4110502410956,989.4601592622514,944.0829024827126,964.0379638671876,15512,37.8468544646245
2023-03-08,953.149435595108,997.2509005809228,936.8391278937546,988.0479125976562,21963,47.370461902372725
2023-03-09,987.728978585468,992.0571267849894,958.3887342298426,979.1182861328124,12689,46.79145623277902
2023-03-10,953.149481452996,977.979386483536,948.0467330872552,964.5848388671876,12965,45.49675665374836
2023-03-13,956.7484966653868,977.2046462214848,920.300934887658,931.873046875,20011,40.38239747423703
2023-03-14,945.7686649136213,1001.3968029639173,900.2548146754779,983.947509765625,101595,39.107741009478794
2023-03-15,992.10266658149,1000.5311651618824,967.9105531915231,982.8084716796876,21245,44.84552946455475
2023-03-16,996.4762895992894,996.4762895992894,944.6296121376746,964.7213745117188,9100,40.728571278672256
2023-03-17,979.4826188778724,983.9930713855538,949.595684956232,960.2110595703124,3062,44.024401759652974
2023-03-20,959.0265535016482,972.4665930875384,938.6158948677564,952.921630859375,6384,47.2128623024422
2023-03-21,967.2272528897112,981.259587612696,956.7485779879386,973.8333740234376,6826,52.88462751795006
2023-03-22,983.4920133764645,1033.2885240150845,965.8605250934652,1027.3201904296875,28185,64.15188892660206
2023-03-23,1027.4112657347769,1045.953940799311,994.2894545287865,1016.6135864257812,17620,60.334244115479045
2023-03-24,1016.6136890975082,1032.3317019185292,1010.7365635778276,1024.2677001953125,8503,63.9610870307102
2023-03-27,1034.5184812723014,1034.5184812723014,972.238731011444,975.7012939453124,10732,51.914464055860165
2023-03-28,976.7946740732132,988.2756340039932,934.4699866518996,946.6343383789062,11577,43.31322662930725
2023-03-29,958.8442998832144,984.0841925523952,944.0374775415696,951.0535888671876,5984,45.401604096245805
2023-03-31,951.053571295142,986.7266448618832,951.053571295142,967.5916748046876,15758,50.489454240241116
2023-04-03,975.3368832022794,1001.123469272218,965.9060977959228,982.444091796875,8904,58.740160204694746
2023-04-05,975.0178897302386,1028.504642598994,969.6873447919348,1009.7796630859376,20739,54.882026404196566
2023-04-06,1016.7502500696078,1021.3517991319392,834.0113024499834,859.3423461914062,129560,35.08366445613348
2023-04-10,877.4750212237967,911.6446092776828,809.1358451160245,820.1156616210938,156534,33.37871899075469
2023-04-11,832.7812669948437,845.5834623876045,813.7373930637785,827.9063720703125,67479,34.90644653934778
2023-04-12,845.5834103006946,863.8071906951061,822.8036848076802,855.1053466796875,54981,39.32583296789722
2023-04-13,861.0736399509574,861.0736399509574,824.6260784715518,829.6831665039062,29677,34.42300008534593
2023-04-17,829.6831865797639,829.6831865797639,799.6594959617067,816.2886962890625,39373,25.03234384328914
2023-04-18,816.2887219877907,853.7841751932802,815.5142335090563,847.4969482421875,35744,30.91714156748192
2023-04-19,843.8066414979648,877.5206376612092,840.3441340960047,855.652099609375,27115,30.995167130654792
2023-04-20,855.652152315778,856.4722447890651,827.3597405913771,829.7744140625,28860,32.66587533753051
2023-04-21,831.9156044028853,860.6180595383627,831.9156044028853,849.4559936523438,19858,38.19328144864241
2023-04-24,849.4560585439266,853.6475062571245,838.2939918052158,843.8978271484375,7901,37.01700145415735
2023-04-25,843.897749321226,849.5015285330771,761.0706435671627,775.057373046875,128374,29.29647925908209
2023-04-26,768.13242788719,806.4023709135981,763.6220306218779,796.5159912109375,46749,30.286928221480935
2023-04-27,799.1128256418448,813.9651965690589,793.6912394760931,796.6070556640625,21305,26.012515233332337
2023-04-28,798.2016859444002,804.2155120173309,768.5880389202073,773.8729248046875,31476,36.50361164725156
2023-05-02,773.872868242633,774.5107117163717,741.7079051025019,748.3140258789062,74149,38.150385203790755
2023-05-03,753.0066877051429,792.4156159252728,744.4870363281193,783.075927734375,45824,43.20630468008025
2023-05-04,784.3060371260513,796.7437908929605,783.5770969510265,788.36083984375,22950,39.16581892166837
2023-05-05,788.3608966804927,789.2720858686083,771.5949933733367,775.604248046875,13672,40.84531170280102
2023-05-08,774.5107426134505,795.4680921194615,771.3671290646349,783.3948364257812,19537,44.32390816437225
2023-05-09,775.4675010745839,790.1376794951798,765.4444206043736,772.9617309570312,13491,36.14498702636591
2023-05-10,774.5562664453269,779.0666635149057,761.7996193234453,766.993408203125,13874,33.384555129889236
2023-05-11,767.2212299113311,807.3135507142986,767.2212299113311,800.6163330078125,31744,44.68967231381183
2023-05-12,800.069626960043,831.870150736645,792.9623626692031,821.0269775390625,24807,44.83616402466592
2023-05-15,825.810651215777,832.9179149094163,814.1929904579504,821.8014526367188,14361,45.91544058165204
2023-05-16,832.3712909405048,986.1344604492188,822.5760075495793,986.1344604492188,342714,78.83730754279
2023-05-17,1010.8731895498986,1030.919349348609,945.8142668664378,957.2952270507812,351724,71.53140681892006
2023-05-18,957.295200832849,976.7490649497958,914.1504212389884,937.3857421875,31666,67.90265564205959
2023-05-19,949.459070547154,949.459070547154,900.2548576781076,913.2848510742188,22414,67.66743113056863
2023-05-22,913.4670925675898,965.8604669542596,903.3529155839911,928.8662109375,28086,73.4747100862389
2023-05-23,929.4128976709214,953.9239071200316,923.9457629787396,933.8777465820312,8832,71.25064270469747
2023-05-24,933.33103317156,938.6158631775544,903.8995809533006,912.2825317382812,13293,66.69530442224726
2023-05-25,912.2825144440388,923.0345344229922,902.1227339960236,905.858642578125,8510,67.85311059637974
2023-05-26,911.1890845347162,983.3552155382112,911.09798787209,959.5277099609376,96254,71.44441031087459
2023-05-29,961.304528392762,961.3501323407404,929.9596001974446,934.3788452148438,16050,68.97288671384698
2023-05-30,937.2036199976078,1030.5549014605326,934.9256471827084,1006.2261962890624,87519,74.34850378944589
2023-05-31,1007.137308703136,1010.5086637207404,959.3909798937686,967.1815795898438,41075,66.76753795852743
2023-06-01,977.842537016171,997.8430918808148,970.4619280644572,986.3165283203124,20371,66.68196403979763
2023-06-02,988.6403250595172,1029.643840845396,980.5307185804792,996.567626953125,37716,67.3073322012585
2023-06-05,996.5674517812854,1023.2197323572966,996.5674517812854,1002.6724853515624,20756,52.38532131090332
2023-06-06,1010.7364466068288,1074.2462784536897,1002.9913397362784,1064.63330078125,114690,64.13146350247598
2023-06-07,1075.2030808371426,1164.4996078897188,1064.5877061406782,1136.7994384765625,243774,73.07811736690856
2023-06-08,1143.4512912893508,1143.4512912893508,1053.3346617374384,1067.1846923828125,50196,66.11332736812064
2023-06-09,1078.9388239964942,1135.2503461486233,1068.4601509690583,1101.03515625,89380,67.36191484191565
2023-06-12,1092.060274945522,1108.73508208341,1067.9593646834833,1077.162353515625,29947,63.91964420925131
2023-06-13,1085.6819230204812,1128.7812163236129,1077.6634136336638,1084.634033203125,20816,67.21582227569951
2023-06-14,1095.1582090688614,1108.5982483863088,1075.2031453957732,1094.201416015625,19436,68.69574805821125
2023-06-15,1103.6776650065883,1111.604964734181,1052.195487031049,1064.0865478515625,34145,60.88812867462553
2023-06-16,1075.749843566646,1091.422363033229,1057.9816558795858,1071.239501953125,9643,64.80680057945497
2023-06-19,1071.2393875665452,1136.11600093296,1063.3119763997825,1095.2947998046875,50673,60.747662587764374
2023-06-20,1078.8477876080435,1091.0121386431026,1066.0911414707862,1069.9180908203125,21198,62.819797096199636
2023-06-21,1075.2031275581205,1087.0029817968705,1038.7555639120826,1043.539306640625,34235,57.01365089159154
2023-06-22,1046.9563459108492,1057.845011892328,1026.5001937395843,1032.3773193359375,17868,54.37932460413311
2023-06-23,1042.7192301368411,1042.7192301368411,965.814847423414,976.6580200195312,26101,47.162866724010065
2023-06-26,977.6603120255676,1029.643695292849,974.3345607541723,1010.1442260742188,16764,43.66390369264771
2023-06-27,1010.1898426425108,1010.5087365894746,975.109061435392,985.6788330078124,18485,30.234747300833916
2023-06-28,1024.1309827339878,1024.1309827339878,976.7947517112782,984.357666015625,18319,36.810772837911756
2023-06-30,988.6858248740408,997.2509138415984,950.1424796034562,957.6597900390624,26436,26.636970178461382
2023-07-03,968.2295713539306,1001.3968787560096,964.4937180739182,989.0958251953124,18549,35.99476007828821
2023-07-04,993.1960813299826,997.7520266571844,967.8649808190872,974.3800048828124,12314,32.861168407050585
2023-07-05,979.6650336362184,995.61084370861,958.7987799242312,966.3616943359376,10118,30.031327878761317
2023-07-06,959.4820750050612,988.138926295848,959.4820750050612,976.8402709960938,11566,35.4814294034158
2023-07-07,985.5420827536168,985.5420827536168,947.7733400298245,961.21337890625,16664,32.192867695607305
2023-07-10,962.2157318525784,1042.400376173627,962.2157318525784,1015.9758911132812,80415,38.32328227326531
2023-07-11,1025.0877665270275,1033.5618698886408,994.1529401977128,1000.303466796875,14648,39.45045264697383
2023-07-12,1011.3289082583788,1021.443086061868,1002.3081129955888,1014.882568359375,9443,45.49622901555358
2023-07-13,1015.0646409293242,1079.6223653709678,1015.0646409293242,1032.650634765625,50838,50.04208119810565
2023-07-14,1043.31157640653,1063.9044289439216,1038.1178427448974,1051.4666748046875,23150,62.99463342467404
2023-07-17,1043.3115291395106,1057.8905548742114,1028.049111573496,1050.692138671875,20132,57.9464342317579
2023-07-18,1043.3114200777047,1064.9977630827614,1032.513852517486,1038.6187744140625,10360,60.904627131974785
2023-07-19,1043.174870619071,1111.650757125543,1012.3767442493086,1067.7769775390625,59340,65.41503483079512
2023-07-20,1078.7567130008997,1108.9170475960173,1069.2803248594298,1102.0831298828125,43651,75.95804993637286
2023-07-21,1102.1743442664658,1102.3110448811572,1059.9407505335864,1069.6904296875,38666,64.43609387524674
2023-07-24,1088.2301295516413,1110.4776905172243,1069.9222408403805,1073.4912109375,23328,68.47520230316832
2023-07-25,1077.1990558056298,1091.520876824759,1067.9755206295931,1082.89990234375,12748,71.61172285554787
2023-07-26,1093.3747503749507,1093.3747503749507,1057.3151450478588,1061.0230712890625,12143,64.97827730551276
2023-07-27,1061.069513921814,1079.933566901103,1048.508867945298,1055.27587890625,10104,67.3459616207993
2023-07-28,1055.8319987127738,1063.201456865074,1005.8213887248394,1015.50830078125,35835,49.90872427248087
2023-07-31,1010.4099374739044,1015.9718270379808,1000.0277888837346,1006.0067749023438,36242,51.14079502949685
2023-08-01,1016.620665125568,1167.0698225393648,1015.0448416843562,1078.07958984375,278650,60.27712566833774
2023-08-02,1101.6712226716309,1293.695481200709,1091.613495076177,1274.7850341796875,692221,74.89036551687445
2023-08-03,1307.0440114636635,1464.5844837528416,1276.036523262989,1426.6246337890625,1171358,80.28273863776776
2023-08-04,1405.303973489225,1435.8016878935618,1328.6889288203176,1411.282958984375,262306,78.43809585789771
2023-08-07,1403.4967006874542,1421.0165644484305,1354.8301610026383,1376.197021484375,32986,75.69068590346005
2023-08-08,1373.5549554350205,1436.8214482363974,1373.5549554350205,1402.80126953125,28799,75.5958203140155
2023-08-09,1399.7422361414667,1409.012052274854,1326.464294344267,1343.93798828125,42311,67.80941839151049
2023-08-10,1360.1138869828037,1371.8865092031958,1279.1883400443749,1298.4696044921875,34682,66.52828124691334
2023-08-11,1291.3318241284412,1358.9550897793083,1291.3318241284412,1320.4853515625,18600,67.38663280841703
2023-08-14,1353.3931453115235,1418.1891822287157,1322.8027523010576,1387.9696044921875,31005,69.85162817712666
2023-08-16,1436.8214778279023,1436.8214778279023,1362.6629499400103,1368.781005859375,41032,70.09686884117374
2023-08-17,1383.8445132366646,1392.4190933731682,1359.233218684971,1374.1112060546875,14515,70.83157736231406
2023-08-18,1389.5454522847342,1389.5454522847342,1369.105462243522,1378.74609375,6311,74.87464637580022
2023-08-21,1402.430552225274,1528.5927313770364,1380.7855534633,1498.41943359375,122471,79.2995198223541
2023-08-22,1498.0022091657718,1503.1006077736995,1440.8537730473377,1452.950927734375,28726,73.03486839815514
2023-08-23,1474.5961552475162,1482.2437543553533,1450.7263762139637,1456.56640625,11491,64.6452813109809
2023-08-24,1465.7897084875951,1510.98006313662,1414.5739732187003,1464.6309814453125,12428,53.98523807646484
2023-08-25,1505.4181397985594,1528.5926801279709,1321.1341498363065,1384.8641357421875,59782,47.559526454109424
2023-08-28,1384.8640541639704,1428.4321874167947,1367.2977988918265,1381.1561279296875,13434,50.48629527154608
2023-08-29,1395.8952533355352,1429.405661613703,1374.250255085807,1406.5555419921875,13867,50.3690199391954
2023-08-30,1473.900831528901,1487.8055563546457,1431.2596753966186,1455.4075927734375,36503,61.17668398893836
2023-08-31,1473.7154426580144,1473.7154426580144,1392.3264101696122,1422.68505859375,13894,62.78135490478668
2023-09-01,1429.4056200036343,1435.1992549744662,1381.2952525744602,1388.015869140625,16590,56.772313832066295
2023-09-04,1399.1397771006405,1408.5022694441045,1371.9328874041164,1379.9049072265625,10140,49.08189742865687
2023-09-05,1392.1410983737185,1427.5053580786778,1375.4554285401875,1409.3829345703125,9142,54.51640367112
2023-09-06,1400.6692264239769,1421.2481731046917,1385.8375205187594,1392.4190673828125,7920,51.98511842836034
2023-09-07,1382.1295587926656,1413.1370478971726,1381.2025771972312,1399.1396484375,8805,52.20131321936919
2023-09-08,1389.545469957858,1426.6247353336514,1383.056598517094,1388.2940673828125,11738,34.46249509580532
2023-09-11,1388.6185159888337,1403.1258014875282,1361.4579082971704,1368.4566650390625,23350,37.14933811879516
2023-09-12,1383.102871479866,1387.6913849046553,1320.9487130855937,1328.08642578125,13162,32.42452539064848
2023-09-13,1325.5838227508416,1422.8242251071,1325.5838227508416,1409.1512451171875,23390,43.67405568066988
2023-09-14,1410.81962723116,1427.7834360910556,1391.2140565501993,1401.0400390625,9159,52.20467931801068
2023-09-15,1413.6471079090134,1413.6471079090134,1373.9259642624347,1386.3011474609375,10050,50.680765672405514
2023-09-18,1390.472497835061,1390.472497835061,1344.1234145738922,1361.3189697265625,12685,44.007885612056604
2023-09-20,1381.2025276884708,1457.168621448565,1360.855327660798,1413.5078125,46501,44.49851565082004
2023-09-21,1413.507936623987,1424.7707862252098,1380.553807087893,1393.2998046875,13243,46.010579941200454
2023-09-22,1415.4545825876294,1447.8989402776415,1394.643889846383,1436.218994140625,34173,56.400800878164986
2023-09-25,1455.3611347539147,1518.3958845394347,1453.64624139849,1468.8023681640625,78498,61.08413402120854
2023-09-26,1478.4430733011484,1505.5108925311658,1425.6977941752405,1433.1136474609375,22932,52.91372524333253
2023-09-27,1438.6754531636284,1464.5845438002898,1410.8660049710325,1428.895751953125,14530,54.623424326678645
2023-09-28,1427.4127582894414,1445.8133225342274,1397.4249227120515,1411.6077880859375,14702,51.53910810419023
2023-09-29,1418.1891388911597,1448.872206493252,1403.4965035104424,1413.4151611328125,11643,53.171806384672145
2023-10-03,1411.7931134549583,1455.1759017969828,1399.9740969109332,1443.542236328125,12005,59.24025988658129
2023-10-04,1439.787836568716,1598.1163457877226,1421.7116946064996,1558.1170654296875,274875,73.93657277125311
2023-10-05,1578.6497191865571,1653.7352313733518,1544.351398804935,1629.9581298828125,212120,73.42646329756951
2023-10-06,1661.1510770193945,1663.9320219027973,1584.860443788597,1613.31884765625,69859,72.12137710657007
2023-10-09,1564.7914209988571,1598.0236905508395,1534.0619566414236,1570.1678466796875,36361,68.0893961346159
2023-10-10,1604.1416326501603,1621.244397628587,1550.1449553303846,1576.193115234375,28818,71.95910097187712
2023-10-11,1590.0978584982313,1609.6571475477465,1571.2338056459046,1595.3353271484375,14876,69.92790782862168
2023-10-12,1611.6967108409035,1649.100398771879,1602.7513150514778,1617.02685546875,23537,74.4405315763477
2023-10-13,1624.0717571256382,1686.921154633342,1608.3130699845788,1634.2685546875,38174,72.92137949118167
2023-10-16,1632.4145896438667,1652.252018418569,1577.629999982265,1591.302978515625,22514,63.844959084232926
2023-10-17,1607.2006501385767,1621.5688641053405,1547.6420857924754,1563.3079833984375,15084,64.97492646988621
2023-10-18,1571.2338108895726,1655.5891364299566,1549.078928033843,1620.5955810546875,33082,69.65033673492627
2023-10-19,1612.948083990092,1614.5703018906568,1588.475745601613,1598.95068359375,10740,69.03371271454138
2023-10-20,1599.0432482074646,1625.4158292702002,1577.7690659071295,1581.1988525390625,13701,66.51157974350954
2023-10-23,1597.003904243813,1597.374606348633,1443.3103136948455,1466.0213623046875,68145,51.894960088826416
2023-10-25,1485.256332667273,1531.559020321789,1391.4458359634837,1403.40380859375,49615,35.70572224048058
2023-10-26,1391.3994414919975,1452.5802297254895,1361.3189325399726,1444.37646484375,39849,31.816543221748503
2023-10-27,1459.996023643508,1514.2708417217275,1397.0539502150457,1432.9744873046875,26852,32.14646611736596
2023-10-30,1405.2114602533218,1418.2818784626688,1367.4832404288131,1394.45849609375,33913,32.44420766950773
2023-10-31,1409.0120796195415,1436.7751342150596,1355.4324960659708,1368.595703125,57875,30.04902344932313
2023-11-01,1374.6210770985483,1435.8945400024495,1371.9328077492742,1380.229248046875,29725,29.02468759306859
2023-11-02,1390.47249499445,1422.916853210987,1387.3671290536838,1407.8070068359375,18301,29.83020186403016
2023-11-03,1438.6755457811234,1454.4342341047568,1402.291515386852,1421.9434814453125,20661,29.407552790901363
2023-11-06,1446.1477302254702,1446.1477302254702,1418.2089674019944,1425.820068359375,14571,32.633837343483236
2023-11-07,1420.147036504052,1431.4453868861494,1385.117233677813,1414.5687255859375,13464,33.822437579860704
2023-11-08,1425.7726184581447,1432.3909263687594,1399.1575428490607,1409.6995849609375,16667,24.10985098246077
2023-11-09,1418.2087387133777,1421.659736393738,1397.2664999222188,1403.790283203125,17400,25.078765711834407
2023-11-10,1403.8376271198847,1464.2532280960847,1399.299312912357,1411.1650390625,24769,27.696234394039593
2023-11-13,1446.809354620945,1549.0149131323192,1426.7180631419742,1527.410888671875,96592,58.03011282329035
2023-11-15,1540.1748501994248,1569.1062883910622,1529.8691758783084,1555.3497314453125,33251,71.85850722218379
2023-11-16,1553.175080251374,1562.8188543983454,1542.0657774402623,1548.9677734375,15666,66.70914098900816
2023-11-17,1559.084340718576,1655.522547360962,1550.5750871913065,1627.77294921875,147913,75.60580333747424
2023-11-20,1646.0676357874506,1736.83299652013,1632.9255448485396,1719.436279296875,109200,87.48069803562036
2023-11-21,1753.8516062741717,1782.2157831950478,1708.6107671682007,1727.3310546875,62630,93.16300350913474
2023-11-22,1712.770917042494,1736.265887827509,1657.6498188649607,1672.25732421875,40646,81.81140495516101
2023-11-23,1673.4865398479212,1769.0265944043294,1673.4865398479212,1733.8077392578125,55520,83.0648540123573
2023-11-24,1719.6255274225548,1735.4148729090855,1680.1047284987444,1691.1195068359375,16368,75.806704553966
2023-11-28,1707.9489873674852,1711.4473053491597,1656.7989411352792,1682.7994384765625,20580,74.42923317615599
2023-11-29,1682.7992455960168,1747.2332210683487,1656.798751234881,1672.3990478515625,29955,74.54984599290987
2023-11-30,1669.5626669082988,1692.8685881751612,1657.5552117783209,1685.1629638671875,12346,75.84032150794334
2023-12-01,1687.6684824531048,1700.71604965957,1661.3370953195051,1681.901123046875,10461,76.21890029681896
2023-12-04,1688.6140415268455,1716.032746568435,1645.2168266712963,1655.2861328125,15919,72.20883662583468
2023-12-05,1655.2861445740857,1673.5338118108689,1634.4857474981866,1644.5550537109375,12830,63.18927425284671
2023-12-06,1652.780608933764,1692.3014093001464,1599.4559318576098,1612.172607421875,22727,56.33431191192412
2023-12-07,1618.6490035231525,1630.9401466573818,1566.3643254095855,1574.3536376953125,21351,52.64452966739566
2023-12-08,1582.248403388108,1626.7801399704017,1571.375468438025,1579.2701416015625,20588,44.02793471918736
2023-12-11,1583.6664928406433,1621.5799183326892,1565.9388828461583,1594.3975830078125,13393,31.02857390510036
2023-12-12,1602.33971609382,1620.9654804648503,1574.211905765576,1585.7939453125,14427,28.571454973279742
2023-12-13,1586.5029337577218,1606.7360693449668,1577.048208288367,1587.921142578125,11220,34.793722762688745
2023-12-14,1595.8632150390288,1718.8691764775017,1592.6959049308768,1673.3919677734375,132537,39.97173836223526
2023-12-15,1677.5046119160272,1699.9122643849605,1645.1694980267089,1668.2862548828125,14874,45.669697839594775
2023-12-18,1654.5769767994457,1667.8135926138414,1646.0677237759055,1652.40234375,9284,44.395998997183746
2023-12-19,1652.4023522716109,1664.0317109627415,1626.2128084408612,1639.2603759765625,8972,43.95170309981009
2023-12-20,1639.2603317255032,1657.8860945490833,1579.8372904107905,1596.0994873046875,31233,35.368123233705575
2023-12-21,1562.0152235733149,1642.1913443812057,1562.0152235733149,1635.19482421875,9209,43.135079350156204
2023-12-22,1626.2600548191754,1642.285767873709,1608.2960769322435,1629.1436767578125,7425,45.91034727455149
2023-12-26,1629.143703649111,1651.7405203416477,1597.8485857912906,1610.2342529296875,6892,44.764905224742115
2023-12-27,1618.3181694444145,1635.620248461302,1602.576027857851,1609.1943359375,8002,49.49768214838368
2023-12-28,1614.867075298194,1625.2199532979505,1597.8485698208126,1605.128662109375,7304,55.857455849928094
2023-12-29,1613.1653452201558,1621.5800746582372,1596.146837984811,1605.743408203125,7078,55.122579182207055
2024-01-01,1622.194505040074,1636.4711172631526,1601.6777971568429,1609.808837890625,8040,53.115451528125654
2024-01-02,1617.8925681779676,1673.4390800367144,1599.7395415319097,1656.893310546875,17352,62.43793269867302
2024-01-03,1671.595528990964,1697.1232887662784,1635.9039389347372,1667.5772705078125,16137,63.52977619389038
2024-01-04,1663.748078364216,1680.9557488324754,1645.122314418352,1659.540771484375,7669,46.80758398910624
2024-01-05,1675.424775862153,1688.4722285627197,1626.2128806060648,1667.0572509765625,10313,49.71985303692887
2024-01-08,1683.555686460591,1683.555686460591,1628.1510191921757,1649.944091796875,8528,49.44277315128413
2024-01-09,1649.849604727049,1739.5276532822518,1635.2420999511348,1647.296875,65403,51.91268388174161
2024-01-10,1647.0131323423238,1676.3701002985767,1615.5761710045615,1657.413330078125,14166,67.316389381312
2024-01-11,1656.467876174133,1662.093391574256,1628.103700212247,1635.66748046875,8780,50.147991414051845
2024-01-12,1635.6674884448512,1667.7662348992594,1586.975652806175,1596.52490234375,29388,41.53997830641899
2024-01-15,1620.4925813893308,1629.994626392128,1578.9391102522354,1616.0015869140625,17742,51.49143010109122
2024-01-16,1618.64906735481,1625.220055662355,1578.9392187397973,1581.91748046875,12147,43.97578148337066
2024-01-17,1581.917479387297,1614.8671759065444,1571.4699611526928,1597.32861328125,5332,48.35953369248433
2024-01-18,1597.3284726102097,1597.9430528194391,1525.283514111193,1549.109375,16317,40.076157246189574
2024-01-19,1560.0769730552838,1640.347497428283,1560.0769730552838,1612.73974609375,15870,50.42488235660531
2024-01-23,1615.907133221002,1664.0317097271884,1380.43726081746,1410.6923828125,113528,25.37355822204161
2024-01-24,1482.5009754162402,1482.5009754162402,1390.8846611868364,1439.8128662109375,52086,28.02806704512696
2024-01-25,1460.4242387456422,1494.0830393947913,1426.0090138694472,1434.470947265625,19275,28.174540981301178
2024-01-29,1441.8456755501898,1443.831144873039,1362.2841353542167,1374.38623046875,44143,24.2449255469014
2024-01-30,1385.2118658743766,1422.888925430922,1385.2118658743766,1410.8814697265625,15546,29.656438727622245
2024-01-31,1404.0267971547269,1424.8271941496116,1389.844708294578,1397.31396484375,14507,29.115309728484547
2024-02-01,1404.310444745029,1448.4639672952298,1380.7681548308378,1441.2310791015625,23293,32.90466405890875
2024-02-02,1448.4638328075075,1486.2354120469895,1410.5030898244083,1463.9696044921875,21621,36.44369825003059
2024-02-05,1475.693523987234,1475.693523987234,1394.9028296235276,1408.4703369140625,18998,35.526106867245446
2024-02-06,1408.8014679183889,1447.423999836132,1399.299422297271,1435.7474365234375,11610,36.291085652747086
2024-02-07,1442.932872907714,1456.0276438949838,1408.6594949264197,1419.0596923828125,12215,37.27748513357044
2024-02-08,1418.2087904914574,1446.4784421314123,1408.7540652215143,1421.5179443359375,9778,35.98190722782344
2024-02-09,1436.3617728826198,1436.5981410071342,1362.0949774087126,1406.626708984375,31521,38.001597843445886
2024-02-12,1428.6090048699868,1431.8236345819046,1356.753091984402,1385.779052734375,16145,29.40368842470943
2024-02-13,1392.6810714350618,1392.728391228393,1348.2438614164275,1378.1680908203125,6520,45.43887081328574
2024-02-14,1344.650978221308,1415.325049429946,1338.836414526748,1405.255859375,7377,45.12601989253144
2024-02-15,1412.2996663534946,1452.1513586827143,1406.1067747889356,1434.3292236328125,8186,49.98126520689118
2024-02-16,1434.3291582159236,1457.9186518450415,1429.6489999099676,1440.3328857421875,7423,60.172074287106554
2024-02-19,1440.3329436394672,1446.7148835198382,1399.2994108072917,1418.2088623046875,8292,51.18266087466387
2024-02-20,1414.6632927035116,1425.2998588140642,1391.1683230888054,1416.7432861328125,12850,53.263432943234534
2024-02-21,1416.7433571365962,1452.7659551676709,1408.9905280597804,1440.0020751953125,15001,49.778177299526746
2024-02-22,1455.0349367227386,1463.4024611334228,1418.303351185912,1447.5657958984375,8484,46.86769836667182
2024-02-23,1454.8458367163005,1460.660515783402,1429.6017666575317,1445.249267578125,8776,58.812854840455245
2024-02-26,1446.5730451388115,1470.6352760965456,1409.6996145764497,1419.20166015625,13907,46.01185295555936
2024-02-27,1430.405377236205,1455.8858151041552,1411.8268194127402,1424.5906982421875,8721,51.40997682298085
2024-02-28,1431.729135857233,1449.1257385337374,1400.2448536176655,1408.1395263671875,9143,46.816649761762854
2024-02-29,1413.38700172685,1423.83440462635,1361.4805333115212,1399.724853515625,17844,48.305499245356756
2024-03-01,1474.937264485243,1550.5750729203835,1474.937264485243,1535.0220947265625,146942,73.45820594656222
2024-03-04,1573.786449533994,1649.8496734118853,1553.364149210883,1614.8671875,61910,80.31974095984833
2024-03-05,1625.1253673280507,1626.3545277314363,1561.9678742066567,1568.586181640625,23852,69.94111864441135
2024-03-06,1555.3497095888658,1581.5865736112323,1496.4940416468005,1548.1168212890625,30452,64.19054572557894
2024-03-07,1555.869580099654,1564.0006208156674,1512.7560555979385,1523.43994140625,6809,59.90311194404791
2024-03-11,1528.8291963952531,1529.1128843413146,1452.293235481009,1476.213623046875,18654,56.521741517378366
2024-03-12,1479.6645815389782,1512.4724337627197,1435.3692144332415,1491.4356689453125,12597,58.1460180525601
2024-03-13,1491.4355330780706,1495.7374790729116,1414.8995811836994,1429.3653564453125,27012,48.9304907350765
2024-03-14,1409.0849871946143,1460.9914531024351,1408.6595707141594,1431.02001953125,19238,48.31633516237678
2024-03-15,1431.445410302926,1445.3438103271385,1404.924859672944,1423.50341796875,14138,47.810359119689195
2024-03-18,1423.5033671955864,1472.951624912485,1404.0266568566954,1460.8968505859375,14222,54.104601996596315
2024-03-19,1472.809924656729,1472.809924656729,1429.5545537351786,1440.28564453125,14892,51.50009998877606
2024-03-20,1446.5729834864958,1516.679795278814,1446.5729834864958,1511.716064453125,17389,58.95821486691677
2024-03-21,1511.716125162423,1554.356915266031,1508.0287590324324,1519.705322265625,17345,60.38461359660857
2024-03-22,1522.4471091027008,1542.963816402369,1498.999344690973,1523.67626953125,13061,48.729065370439606
2024-03-26,1531.3346360270443,1542.0184065749854,1489.1192636601388,1504.10498046875,10842,35.65567576557214
2024-03-27,1504.10503436902,1504.10503436902,1437.685585466866,1466.144287109375,8488,36.440998914897314
2024-03-28,1473.5189774627304,1486.2828569595204,1439.907381955532,1449.693115234375,11835,36.83278130175807
2024-04-01,1449.6930128697502,1473.0934569615304,1429.554402697842,1457.7767333984375,17780,40.80738563170481
2024-04-02,1465.1043181209811,1479.1445631504905,1456.1223284194864,1461.0860595703125,10122,47.58526917745412
2024-04-03,1475.8826773388926,1514.5525284186187,1461.275172341902,1500.3231201171875,16280,51.3176354591364
2024-04-04,1507.8397224920734,1558.9897661820453,1506.8942499084726,1537.8111572265625,25823,67.34202033752197
2024-04-05,1559.0842014166926,1559.0842014166926,1512.756047463134,1520.603515625,8790,63.646838124594616
2024-04-08,1520.6035360105773,1536.3928813019986,1505.712343468727,1527.694580078125,21146,65.89272401051952
2024-04-09,1535.3528538840092,1554.8768845757047,1523.3926033797695,1533.036376953125,9809,62.19629830963488
2024-04-10,1536.392929658752,1552.8441754960786,1522.210841077287,1530.294677734375,9639,66.19601431066658
2024-04-12,1522.2108470856997,1548.4477110649716,1521.5017426538273,1532.4219970703125,9184,54.96376300543189
2024-04-15,1522.2107879673365,1538.9456057439347,1486.3773556522362,1527.26904296875,14750,51.83822264204232
2024-04-16,1522.2108338904056,1540.3638610233218,1517.1525787363912,1529.1600341796875,9670,51.34633908336375
2024-04-18,1531.618265506276,1578.8446903015404,1522.163539671084,1523.3927001953125,16578,55.07970708378101
2024-04-19,1522.210729168593,1549.629431743679,1490.584720122634,1535.4000244140625,17133,71.12777967701115
2024-04-22,1543.0585580254838,1571.2808912301582,1522.2108416374056,1531.42919921875,8641,76.99039348343447
2024-04-23,1546.6513330299424,1552.891429120844,1527.8837249614792,1534.029296875,9262,76.12579643275083
2024-04-24,1541.7348665178065,1619.4526654632168,1528.12003845202,1558.564208984375,13968,79.15730406823006
2024-04-25,1543.956710563671,1600.6850649015892,1543.956710563671,1589.5284423828125,14521,78.0720745915015
2024-04-26,1597.5177222265895,1605.4597147544532,1569.5317577411884,1591.4666748046875,10525,71.75169145621612
2024-04-29,1592.3177095485512,1593.074018383478,1543.9567627577871,1549.2987060546875,6222,59.67492202721825
2024-04-30,1549.2986216734753,1567.5461726933886,1517.625291155801,1547.785888671875,8834,57.0387888637044
2024-05-02,1555.5386665532749,1577.0481664250797,1541.1202105952516,1559.320556640625,7856,58.82544377243045
2024-05-03,1567.0735545263803,1589.3394809878505,1545.6113721266438,1562.34619140625,5989,60.74146135518668
2024-05-06,1574.2118299445472,1574.2118299445472,1527.8363541940414,1559.4151611328125,4997,58.99777993346311
2024-05-07,1543.8148850496002,1563.9061774511156,1522.2108595971508,1537.8111572265625,7684,53.16674966026407
2024-05-08,1526.9854982961035,1548.5895231258378,1520.7452870928998,1522.778076171875,6190,48.22320810158107
2024-05-09,1530.436461251097,1537.7638739480017,1522.16357594814,1522.305419921875,4194,49.68809639701789
2024-05-10,1522.2109132102578,1548.6841464834797,1514.6471322750515,1543.1058349609375,5044,52.10437115552065
2024-05-13,1550.8587255998689,1550.8587255998689,1490.5848483737936,1538.9456787109375,5584,52.05054651268891
2024-05-14,1546.6512564349705,1548.6840455115998,1525.709016253193,1535.920166015625,2751,50.514647348619256
2024-05-15,1538.142050887779,1544.3821468621525,1522.2108609230572,1522.96728515625,4458,39.65946920428869
2024-05-16,1563.8116597413573,1563.8116597413573,1534.5493293235795,1554.9241943359375,6824,40.005471855904034
2024-05-17,1555.3023550976998,1583.6665317864115,1551.9932011506833,1565.8916015625,5910,42.97947971125898
2024-05-21,1597.9432367203044,1597.9432367203044,1526.9382667191633,1540.1275634765625,11112,47.23329444552466
2024-05-22,1522.210813984531,1547.644048804117,1503.4432068452493,1522.63623046875,74466,43.080096839548375
2024-05-23,1537.905646246204,1544.9021662877385,1498.4794865769736,1510.7706298828125,30421,36.665819564571635
2024-05-24,1518.3344459174257,1529.2545850155047,1455.1768311327105,1465.29345703125,18728,28.384903230998276
2024-05-27,1465.4825252669443,1553.789688904567,1448.0386020189374,1545.0440673828125,30960,47.61532440889505
2024-05-28,1543.9567674371217,1545.044084018144,1501.4105001164414,1522.447265625,21070,47.4589561896517
2024-05-29,1522.447231896498,1593.263151684214,1517.4835008190526,1568.0662841796875,46040,56.80206342146168
2024-05-30,1568.538989975289,1582.7210784922447,1523.2036265150737,1570.713623046875,16894,57.223483534770935
2024-05-31,1570.7137091901643,1659.1153991274373,1551.5678886422522,1645.7369384765625,69098,63.18155735263222
2024-06-03,1665.922641915895,1795.4523819513531,1620.0199032048304,1677.9774169921875,83859,66.65535785940656
2024-06-04,1673.4864278411042,1758.5316382767555,1474.88987084606,1678.97021484375,88740,67.22060054453885
2024-06-05,1687.6685386616664,1856.9081288131724,1628.3401348515715,1845.0897216796875,116746,78.33029470376636
2024-06-06,1871.941251833432,1950.51000298626,1848.919016761768,1874.44677734375,86409,78.23074210168132
2024-06-07,1874.115743538772,1974.1467908903453,1862.581023972213,1879.6468505859373,53961,78.006602728567
2024-06-10,1886.17038616498,1967.9064405908136,1876.762980614202,1945.6407470703125,71868,83.7716580132209
2024-06-11,1945.6407591195848,1965.0229461930644,1899.0761211020967,1936.6114501953125,29357,84.96926448627755
2024-06-12,1936.5642511101885,1976.0377321226872,1909.854650185564,1922.6185302734373,19322,84.66498081324546
2024-06-13,1942.095346528656,1961.8556314003688,1938.266136359546,1948.3353271484373,19158,92.05630947894363
2024-06-14,1948.4299753432504,2003.4564343591453,1922.7130514394748,1937.8878173828125,27120,88.89720724139848
2024-06-18,1953.3937110285108,1994.9471856250464,1897.75255619766,1922.193115234375,23554,90.12910553037722
2024-06-19,1924.0839504714677,1961.8555325100451,1897.8470873258511,1926.4476318359373,19405,89.23509302742043
2024-06-20,1926.4476978575992,1938.2187852904167,1895.672519271847,1907.1600341796875,9589,85.53882765679647
2024-06-21,1907.1599684097607,1952.2117582897156,1888.6759339779207,1912.596435546875,14049,83.0465066992056
2024-06-24,1913.0692077796955,1917.938414563811,1880.544928517383,1883.8067626953125,5416,75.70856770310814
2024-06-25,1890.9450782983813,1908.3417961015523,1814.1254344925096,1823.249267578125,15283,65.68668516259322
2024-06-26,1861.682804085604,1914.723792007734,1837.8096217705397,1871.0902099609373,17492,53.80570459030193
2024-06-27,1876.7156134745524,1895.672383474952,1854.1661171828748,1874.6356201171875,7492,50.02990031809919
2024-06-28,1879.315810907152,1882.4832363979876,1840.2678623978688,1854.449951171875,9247,46.191207779780086
2024-07-01,1854.402587225791,2010.9255006864623,1848.3988595372305,1998.16162109375,69345,56.42865147302066
2024-07-02,2010.9254913593604,2023.216634613852,1961.8555579285012,1993.05615234375,39671,56.97594389735597
2024-07-03,2013.0057015199848,2013.903854278164,1956.7027649183808,1972.114013671875,12173,56.01379830377808
2024-07-04,1981.9942626953125,2012.911170629987,1966.5830131096163,1981.9942626953125,15704,54.253308595097344
2024-07-05,1991.9217796957169,1998.2090803433189,1961.8557039466853,1972.30322265625,9617,54.357230089308
2024-07-08,1976.0375754752624,1992.63066443976,1942.284252528728,1953.3935546875,21385,53.918295188846024
2024-07-09,1953.393621330743,1985.492368455115,1929.378595315174,1979.488525390625,22317,56.314716943620695
2024-07-10,1982.655963612028,2010.074667925213,1882.483191778303,1941.1968994140625,23423,53.87679136319347
2024-07-11,1960.862763673316,1975.092171823624,1939.8733190709047,1965.7791748046875,10624,55.80434997509983
2024-07-12,1966.535666484846,1988.328855839804,1928.7640826976703,1945.4989013671875,15295,56.860492202869295
2024-07-15,1945.7825505076053,2044.11169786076,1926.16399466551,1975.7066650390625,45127,68.18132719666295
2024-07-16,1985.5869726726928,1985.5869726726928,1942.426012744576,1950.32080078125,9463,59.983338978269636
2024-07-18,1970.6485376666108,2003.4563899105356,1939.2588942876528,1977.266845703125,34206,62.211759880246305
2024-07-19,1986.3904442718103,1994.947016741494,1919.970999757076,1952.1170654296875,17956,61.48541586217886
2024-07-22,1952.1171489323303,1960.579082180698,1909.8072518622307,1951.9281005859373,11650,41.79255909543811
2024-07-23,1953.3935703342815,1957.6955165192776,1872.082932606007,1903.803466796875,16640,36.2550850835044
2024-07-24,1900.3997925906065,1994.9470459533231,1897.7997431231315,1933.3494873046875,18925,44.18437614802894
2024-07-25,1928.763991959252,2008.1836857458093,1919.3092665084716,1985.397705078125,49727,50.453251867971225
2024-07-26,1995.3250802448067,2052.006341526026,1933.0658543491584,1968.899169921875,34620,49.55474016663314
2024-07-29,1983.3649654443916,2064.911969744036,1975.612136998365,1987.005126953125,74255,54.405753115513534
2024-07-30,2004.685504538629,2028.0386304815524,1971.262957387967,2020.191162109375,32933,55.23786843342122
2024-07-31,2039.38418775173,2039.38418775173,1990.6923538763408,2007.7581787109373,22612,59.17622484855784
2024-08-01,2018.8183475807668,2027.4634794638928,1941.5430041326997,1999.49951171875,24789,54.86781991408268
2024-08-02,1969.5068891001213,1983.6580772696589,1951.2023400553207,1971.052490234375,15632,53.603904029947515
2024-08-05,1902.905273363914,1966.6574297304207,1834.3234081817627,1862.142578125,31636,36.89328485782932
2024-08-06,1862.1425907247165,1916.86309764597,1835.2893623629125,1847.460205078125,11106,37.82787290188789
2024-08-07,1856.733180846896,1875.9554452147247,1844.0793675306145,1850.696044921875,6931,34.131637554130705
2024-08-08,1837.1728874284893,1962.6005195788612,1823.6980470110907,1906.8173828125,22759,44.72997840554349
2024-08-09,1916.3802324131727,2133.765486826012,1885.5184383360684,2121.304931640625,186378,63.148637930233924
2024-08-12,2136.6630713576,2163.7094393494685,2068.177898165579,2084.357421875,49081,64.26383982971704
2024-08-13,2081.604470662608,2108.1195245275007,2033.307383176236,2048.762451171875,29448,59.031357373954854
2024-08-14,2059.049723013557,2066.6324603978524,2004.3292149219649,2047.1204833984373,22332,55.24362494184787
2024-08-16,2067.0670579222265,2221.666086451044,2053.5922173021386,2174.479736328125,74347,64.69668446786133
2024-08-19,2192.253276643168,2267.403596440928,2192.253276643168,2218.62353515625,48166,65.96379196618474
2024-08-20,2251.7551271641564,2251.7551271641564,2187.8581715826263,2209.060546875,22501,63.45556722835236
2024-08-21,2219.7340186560955,2228.3791496750346,2186.505718625256,2203.168212890625,18023,64.05250273930925
2024-08-22,2209.736569948865,2284.45225931419,2195.440820580676,2260.25537109375,25826,67.52123025396904
2024-08-23,2271.556893628664,2343.8093859702944,2212.296506894382,2314.251708984375,67022,72.29541185982988
2024-08-26,2323.7178274953294,2341.2981571477653,2274.648172068487,2319.41943359375,21981,84.33415957469037
2024-08-27,2319.4193273855576,2356.897915168943,2295.3674716798632,2351.34375,23535,86.8787157337694
2024-08-28,2384.910126967584,2384.910126967584,2342.408690926039,2348.252685546875,17925,86.42337496242371
2024-08-29,2348.2526772764663,2351.5367848105902,2266.099286415833,2297.83056640625,27260,78.86476908220777
2024-08-30,2308.6008401156982,2345.306627531764,2281.699267376567,2310.43603515625,15240,69.89023770277137
2024-09-02,2310.4360228255805,2332.701027765045,2251.7550603617583,2263.974365234375,15123,68.5190750921283
2024-09-03,2275.3240592714264,2333.5703919876987,2242.095522702102,2309.614990234375,21361,76.3489102627019
2024-09-04,2309.6151382125063,2341.4428726705214,2243.0616081333837,2329.7548828125,16885,77.52067074459373
2024-09-05,2341.443038264092,2367.5234681457464,2313.4307246875,2351.730224609375,32582,71.71597406590725
2024-09-06,2351.8266968396924,2366.5089644058394,2277.7873553704712,2347.624755859375,15238,67.52388690821657
2024-09-09,2356.8978502043688,2358.298418564981,2222.6319480820707,2246.9736328125,22583,54.128520855288556
2024-09-10,2259.3862333589423,2259.3862333589423,2231.3255766690377,2241.854248046875,23794,54.2197942431544
2024-09-11,2236.3000722502225,2264.3123845543214,2200.125598870919,2224.46728515625,27389,45.726157822062994
2024-09-12,2235.6239753337486,2235.6239753337486,2137.9673998230883,2154.48486328125,25247,31.622204386261018
2024-09-13,2154.0502073479447,2165.1585380136407,2078.755091435595,2106.187744140625,25548,27.686232710858675
2024-09-16,2125.071988166437,2125.071988166437,1996.1671004130144,2024.4208984375,31633,19.02059747292752
2024-09-17,2044.898690580095,2070.9791179044514,1999.49942820066,2018.6251220703125,23524,18.923595087175457
2024-09-18,2021.1848883206192,2051.6120552626253,1980.277394260637,1991.482177734375,20583,19.792360287592984
2024-09-19,2002.204146547652,2002.204146547652,1927.102173985421,1949.4154052734373,19573,16.356117128560598
2024-09-20,1998.0021954003248,1998.0021954003248,1935.6507252562335,1974.7230224609373,30502,21.937958478713412
2024-09-23,2027.4634313259212,2082.570456479048,1933.9119944678555,2061.995849609375,36626,27.77248889444077
2024-09-24,2062.28568669474,2082.618808194725,2030.98926755946,2046.4443359375,13588,24.35742188276859
2024-09-25,2064.217632453843,2064.217632453843,2005.536667937432,2040.117431640625,11281,20.973540280857378
2024-09-26,2040.1173984346367,2092.13322217013,2020.7985626942948,2063.637939453125,9407,24.47028267246789
2024-09-27,2063.638016228671,2076.7749193511017,2030.4097118493096,2061.126708984375,11942,29.713197325612654
2024-09-30,2060.353732706706,2088.3660431842,2028.4776552667995,2072.23486328125,10773,31.723529987404646
2024-10-01,2071.4137529616105,2095.1276702533933,1999.547780594372,2010.7525634765625,9514,28.970589471787648
2024-10-03,2010.752659678628,2010.752659678628,1967.7200231070783,1975.0611572265625,7895,31.067134535706288
2024-10-04,1970.714260478746,1973.9502595882327,1927.053741667248,1953.03759765625,6385,32.89086535314527
2024-10-07,1962.8419490638032,1970.5211386891592,1896.481681145556,1910.1497802734373,10009,36.01980655218381
2024-10-08,1883.586501488512,1970.5212630956744,1879.77107856088,1915.0279541015625,8996,37.29716153375011
2024-10-09,1888.416255883149,1981.146670494291,1888.416255883149,1956.3702392578125,10446,45.839532490720444
2024-10-10,1965.64307780467,2009.15879993964,1949.4635538147716,1995.6839599609373,7201,55.51843584333508
2024-10-11,1966.657469532597,2035.1909918484816,1945.7448063550532,2021.0400390625,6014,55.52357735081296
2024-10-14,2021.0399662813304,2038.620058927856,1980.1805831803383,2003.1700439453125,7347,41.593038303496456
2024-10-15,2010.6077444042053,2032.0999482538305,1959.7026615524665,1997.3743896484373,7610,42.786118400107945
2024-10-16,1990.4198323416465,2028.4778461729195,1980.1807545973736,2016.306884765625,5327,46.62466065948002
2024-10-17,2013.9887102177408,2167.4767722681067,1970.5213279828251,2123.14013671875,40962,56.823237659458776
2024-10-18,2091.3123605757346,2124.1060378235725,2052.433202766549,2105.99462890625,16051,54.97801891213253
2024-10-21,2067.1155731686285,2134.731503132088,2067.1155731686285,2120.677001953125,21279,55.33228167015578
2024-10-22,2120.242276981995,2141.299855645167,1978.248830641971,2005.9713134765625,15400,49.52890190652321
2024-10-23,2015.7274442772496,2114.4466514656096,1970.521319776082,2047.5068359375,14958,57.0568263134276
2024-10-24,2047.458490842247,2068.0814430940623,1993.703922721226,2008.724365234375,8645,55.252863716129376
2024-10-25,1995.2011048197453,2012.925995111524,1932.8495153188703,1978.248779296875,15448,56.57772205163494
2024-10-28,1988.10115919594,2051.9499998775914,1943.7161852589877,2028.236083984375,16814,60.058332626553835
2024-10-29,1941.5912864098837,2163.709547478052,1941.5912864098837,2151.490478515625,27010,65.13334155126063
2024-10-30,2173.3206170004264,2251.610243858708,2056.5866967324705,2091.312255859375,25123,57.184322473399504
2024-10-31,2109.906529361392,2109.906529361392,2052.626138656353,2072.7177734375,12678,53.92227203896923
2024-11-01,2081.652986141627,2098.9915948102976,2042.9669687178,2084.309326171875,2006,56.21762186321087
2024-11-04,2097.059630100864,2097.059630100864,2018.8183449612188,2045.1402587890625,27024,53.48214778335646
2024-11-05,2014.471644964488,2043.884525916919,1969.5070065391844,1992.3997802734373,8870,48.33903675377421
2024-11-06,1994.6696989255167,2052.6262034947813,1978.2486892975585,2033.355712890625,14846,43.13363274045645
2024-11-07,2053.9302904967653,2069.723296275984,2028.815805534116,2036.4949951171875,5139,44.568578939967516
2024-11-08,2036.4466067610665,2046.8304801265028,1995.683913831173,2041.66259765625,6529,43.73177740927489
2024-11-11,2028.187838396805,2052.626211753632,1980.1805807505625,2032.2930908203125,6133,52.50711574952562
2024-11-12,2023.5995128566717,2042.9666910647477,1992.7377227737936,2016.596435546875,6173,46.90340180910658
2024-11-13,1994.669781437796,2045.8646959250611,1978.24877113056,2014.2301025390625,9253,50.59497505096526
2024-11-14,2014.230143198,2037.364402197406,1956.0321496108145,1987.715087890625,8426,51.03180461760109
2024-11-18,1993.5590410533464,2018.045523730961,1956.0321084934787,1969.6036376953125,5960,43.13196091805118
2024-11-19,1946.4211368548065,2052.626394179085,1946.4211368548065,2035.722412109375,6325,34.343579753689724
2024-11-21,2023.6480286367969,2023.6480286367969,1929.0340784725795,1989.98486328125,6871,35.73953014050983
2024-11-22,1986.0246620199248,2000.465444597305,1973.419074511006,1985.0103759765625,3494,37.16428346589484
2024-11-25,1995.6841183514264,2051.6603989253404,1981.1466469848745,1990.5162353515625,6425,36.024726325067604
2024-11-26,2010.994012116672,2036.156841583032,1978.2486814944484,2001.3345947265625,5694,42.870573014760474
2024-11-27,2007.1786994743527,2057.4560169119045,1994.669800433372,2038.330322265625,5554,57.87905147245749
2024-11-28,2044.2227468570863,2084.5024740987787,1997.1814267893087,2026.9805908203125,12465,48.78275263622332
2024-11-29,2034.901229474863,2034.901229474863,2007.7100617230856,2023.4066162109373,3871,47.50508430404366
2024-12-02,2000.658700458976,2072.9111975672704,2000.658700458976,2024.8555908203125,8388,46.75016416411786
2024-12-03,2042.870247863088,2087.3519155577924,2009.158972888625,2028.28466796875,32059,49.20669893310102
2024-12-04,2046.347541403198,2163.612772315504,2038.137036752772,2101.647705078125,43663,63.704315342837994
2024-12-05,2100.923336221764,2211.0406972926976,2074.263249211182,2176.653076171875,31291,71.20695673240135
2024-12-06,2173.368828628411,2197.372574243729,2100.9232010074643,2107.82958984375,15019,64.12261575062806
2024-12-09,2124.492405537588,2189.7901687734875,2109.230713004183,2132.46142578125,15864,68.85904909402049
2024-12-10,2144.293986661222,2145.259928406792,2028.4776656975932,2048.859130859375,35566,51.46204042239622
2024-12-11,2036.2537051634588,2063.20338766874,2006.599338391276,2034.9012451171875,12244,55.37946378315536
2024-12-12,2018.818308168103,2045.5748481495116,1983.078462521108,1993.0277099609373,9671,50.88222951883712
2024-12-13,1991.144239021757,2017.852435666213,1970.5212871034344,1990.5162353515625,7315,50.0
2024-12-16,1975.3509093399769,2019.3979481523315,1970.5212005151843,2003.84619140625,7620,50.276670721366294
2024-12-17,1985.5899991066688,2033.30742827124,1985.5899991066688,2024.1309814453125,9001,48.376050525168345
2024-12-18,2018.238708085717,2075.712245342226,2011.911977938996,2032.341552734375,16882,50.61755650845246
2024-12-19,2032.3414375768568,2047.6998170381823,1987.4734905521311,2029.346923828125,8292,50.68520887725888
2024-12-20,2010.897650927891,2034.1767064018095,1951.2024015759368,1965.6915283203125,13352,44.03195030434256
2024-12-23,1951.202377900332,2008.144598149674,1912.5647070508203,1928.019775390625,63565,40.53954875662048
2024-12-24,1928.0198393818644,1977.2828713500385,1924.5424724725567,1954.6798095703125,6422,34.79263889355538
2024-12-26,1936.906320571985,1970.3762252846536,1925.170222817649,1938.3070068359373,5393,21.931577099750626
2024-12-27,1945.889687957284,1978.2003928706752,1925.17028423798,1966.947265625,5938,31.674903190936007
2024-12-30,1972.839444108508,1977.765723426789,1922.224073074144,1935.2159423828125,6794,24.808793875916294
2024-12-31,1927.1504522979008,1955.1145380206492,1903.8712786127987,1914.06201171875,6162,29.51712517306214
2025-01-01,1917.3945586133536,2027.5119287301911,1914.1103327641465,2020.9918212890625,8389,48.35204313329612
2025-01-02,2013.9886769470263,2040.02076160143,1973.998662368968,1997.2294921875,12385,50.52013963877793
2025-01-03,1989.743359099685,2028.4777184343247,1973.4673817590528,1981.4364013671875,5697,48.91178847539198
2025-01-06,1989.3088029033,1995.5874246350456,1898.8966735487172,1909.0390625,7826,40.046664031786705
2025-01-07,1912.564784732108,1949.270573529997,1900.9734830064588,1935.1678466796875,4786,40.77341253563851
2025-01-08,1955.404231920424,1968.541016634272,1871.995182238639,1899.62109375,10224,36.97384191667159
2025-01-09,1883.5864908725785,1922.9486188228643,1840.1191103139804,1861.7078857421875,8319,34.60209971316584
2025-01-10,1883.5864741999285,1926.087912592132,1806.3111316686493,1814.2801513671875,11822,35.66530773380573
2025-01-13,1797.810824398445,1823.84302656062,1694.4550521776723,1781.0517578125,21476,35.96792006776637
2025-01-14,1764.8721640320962,1941.542935310308,1764.8721640320962,1930.144775390625,27558,48.10135263427864
2025-01-15,1908.7008986583396,1989.7916614336843,1896.4817119340623,1917.6842041015625,18368,48.39437927251246
2025-01-16,1927.7299081427789,1936.713213605425,1873.9269996980167,1897.2545166015625,7161,44.50369149516866
2025-01-17,1894.2117485801843,1929.8550223017617,1878.5635395867164,1913.9652099609373,4504,48.28339426574048
2025-01-20,1932.897865346888,1933.3808362417135,1866.1511933517293,1895.7091064453125,8382,48.51050356188453
2025-01-21,1885.5183529859264,1936.1337257982343,1885.5183529859264,1904.595703125,4569,38.76559739682264
2025-01-22,1887.25704049508,1962.793638267207,1869.870088974996,1939.9974365234373,8657,44.59742337500951
2025-01-23,1912.5648162967263,2210.0748988317728,1910.8744181005045,2111.50048828125,173178,59.48841453173593
2025-01-24,2110.582636980267,2438.906129977067,2110.582636980267,2379.694091796875,640925,76.70595484514644
2025-01-27,2279.622477691381,2549.1685640089536,2274.3097981882865,2443.4462890625,168802,77.6598058387607
2025-01-28,2381.094908979306,2445.764666077159,2276.531707911829,2416.49658203125,111633,78.39331528175089
2025-01-29,2407.980439567073,2508.2149769074504,2304.172942334041,2391.241943359375,71084,79.49893583468739
2025-01-30,2354.192531411934,2535.231505609575,2290.5180398171447,2455.50390625,40693,85.06323310883471
2025-01-31,2496.0773090012417,2619.412893681303,2459.859716674557,2571.35107421875,95417,89.63383830654197
2025-02-01,2583.4890477299277,2686.9538532261327,2504.936025244901,2674.669189453125,44909,89.13499773241817
2025-02-03,2672.221980778511,2682.0595096221755,2576.832722292108,2598.85693359375,24353,83.56927980649274
2025-02-04,2604.730293997723,2689.8905854587533,2456.8253703632813,2605.80712890625,45589,85.38877294767283
2025-02-05,2631.599590510499,2725.1291238610256,2611.8757809846697,2702.175048828125,33388,86.4656956132949
2025-02-06,2690.8693656967557,2784.69260741456,2680.7381322608976,2754.6416015625,46580,88.51833722200368
2025-02-07,2748.6216247921225,2775.050678876662,2682.059562653282,2701.2939453125,17191,84.35742002757627
2025-02-10,2672.3690793359287,2728.9956330333507,2601.6468863482883,2676.920654296875,24358,82.08482666128384
2025-02-11,2676.9206882885333,2702.175166565108,2585.348858652036,2611.826904296875,19422,74.00823854430672
2025-02-12,2625.2861560155347,2688.422232474521,2432.2072245188665,2629.593017578125,32821,65.78518651942672
2025-02-13,2640.947795449457,2721.2138144364308,2586.621404549737,2606.34521484375,18963,60.844642804900644
2025-02-14,2620.0002894602158,2651.7150583543203,2557.7450895089846,2629.0546875,33899,64.23093846867009
2025-02-17,2610.4566044119733,2721.2138269950497,2505.8169796921616,2680.640380859375,26740,68.715592390333
2025-02-18,2726.107962024036,2816.456219835726,2648.9252406498613,2678.046142578125,23957,65.63938312201915
2025-02-19,2653.672971124109,2828.887822408217,2604.094115779334,2794.04052734375,43785,65.64649142007104
2025-02-20,2779.015192895793,2836.6206011157437,2683.234243868389,2774.46337890625,37058,57.94683382176767
2025-02-21,2755.473578516062,2779.504488248629,2585.0062767010154,2628.02685546875,32046,52.08800810876936
2025-02-24,2592.934891673573,2612.5609594153225,2491.183080446608,2549.326904296875,21073,46.333693292555566
2025-02-25,2518.5911506361085,2537.0426427253656,2295.461446085227,2381.01318359375,48548,30.933301871450567
2025-02-27,2359.3314931881528,2466.711713226253,2359.3314931881528,2388.15869140625,24207,27.00528976036459
2025-02-28,2368.826299755436,2447.3303301583446,2254.6430945753623,2314.891357421875,34708,26.34670329949519
2025-03-03,2305.200845957574,2395.010687832991,2178.928697707669,2217.69140625,32127,24.189920171375363
2025-03-04,2249.406288970073,2660.524931862776,2249.406288970073,2633.459716796875,269685,50.872075513739944
2025-03-05,2628.271640022559,2731.491733155558,2545.020070311575,2691.40771484375,91064,52.41371631261656
2025-03-06,2672.4178676385163,2773.973959312997,2672.4178676385163,2736.728759765625,33200,55.004891017191
2025-03-07,2716.319486719527,2861.1408688555152,2696.742409337765,2836.278076171875,49329,57.51135348556741
2025-03-10,2836.27804851969,2851.205569877748,2613.539804984668,2637.66845703125,52226,48.59239980826063
2025-03-11,2571.6939456646987,2613.539950489959,2415.371023387923,2470.67626953125,47246,43.867782929188486
2025-03-12,2495.8816491748503,2559.702873796667,2437.444120845914,2503.908203125,32159,40.97881218519494
2025-03-13,2478.507041976336,2540.125846606113,2456.874275398625,2469.01220703125,15565,40.59211996579521
2025-03-17,2469.109889189054,2690.820290079864,2469.109889189054,2636.34716796875,59339,50.25300810902868
2025-03-18,2636.34716796875,2636.34716796875,2636.34716796875,2636.34716796875,0,52.779173899164576
2025-03-19,2882.675630473135,2896.428575017295,2813.2259968231515,2844.402587890625,36962,64.43293316942922
2025-03-20,2840.731917440894,2956.0407123767886,2818.560733853932,2835.39697265625,28182,63.9137610040881
2025-03-21,2838.6761558424005,2868.0417712476665,2739.8119173113373,2772.01611328125,30807,64.30935635894036
2025-03-24,2770.1563851203928,3013.8909928571343,2746.7128832963326,2822.623046875,63903,69.50511267276565
2025-03-25,2825.853156723286,2825.853156723286,2666.789402003308,2678.388916015625,20508,51.756191091302476
2025-03-26,2703.8391952405154,2766.387864089849,2687.981809797671,2722.535400390625,13762,51.229988888530876
2025-03-27,2765.262262943343,2863.2943852756025,2722.926831838104,2829.52392578125,38122,53.496342486270414
2025-03-28,2858.2532653712738,2887.276186669891,2723.7098503842417,2788.4609375,19961,48.11527718730869
2025-04-01,2783.8603569388097,2887.52088434333,2763.108703058212,2833.439208984375,21036,58.77963224559412
2025-04-02,2829.8666365812387,2867.943957857214,2775.0508179549674,2828.349365234375,22954,68.76540429871677
2025-04-03,2828.349357332187,2936.4637229358023,2433.0881041893404,2448.16259765625,128966,47.855883488610736
2025-04-04,2447.1345877193803,2534.790996447085,2215.3909422623547,2304.0751953125,134900,44.14767584814182
2025-04-07,2153.42959861296,2194.2967491107247,2009.636055686278,2110.4580078125,87753,31.681958049950637
2025-04-08,2161.505057583083,2256.25815954074,2116.380037779065,2179.369140625,36276,34.8114616710896
2025-04-09,2175.992270598084,2195.324635575282,2053.9782247002854,2063.7177734375,43083,22.354325884865432
2025-04-11,2152.98915727504,2281.757435868336,2152.98915727504,2235.80029296875,106254,30.965479825771553
2025-04-15,2291.692594461927,2390.3611107094125,2263.01212875323,2363.14892578125,31449,37.52687198211554
2025-04-16,2349.2492209861502,2403.3798862486374,2316.359636301149,2384.292236328125,25683,36.38325469247549
2025-04-17,2427.5576320431346,2454.9655407920086,2361.289271899492,2445.177001953125,24314,42.35961562764449
2025-04-21,2504.887051607279,2504.887051607279,2312.248562328165,2322.918212890625,43011,37.54536857774968
2025-04-22,2324.875939853043,2396.7237188645217,2322.9182320982018,2358.744140625,24363,34.646438298924025
2025-04-23,2396.234349237179,2514.675671237873,2384.5860834084774,2448.015625,53467,39.23552582783993
2025-04-24,2474.5425040642303,2496.0772885141564,2387.522493400952,2416.398681640625,27032,36.70131087454437
2025-04-25,2394.472278177768,2405.924820609415,2322.9182039909188,2379.887451171875,25595,35.98028554454406
2025-04-28,2390.752510839677,2394.178499261929,2314.891338632671,2360.60400390625,28224,46.46511877295544
2025-04-29,2396.234363317133,2398.0940901484405,2262.229359097013,2291.007568359375,21132,49.43867734869877
2025-04-30,2333.587749766381,2334.468622704871,2202.4213242342103,2225.913818359375,23407,55.57499130578299
2025-05-02,2203.3022230437728,2260.173732164096,2192.632810761184,2198.995361328125,11365,50.98774415302005
2025-05-05,2192.632747310057,2259.0968318716914,2175.111358000879,2228.850341796875,18962,59.09630191874393
2025-05-06,2232.667765315181,2235.7023079969213,2110.898435724764,2129.6923828125,22117,43.64445271148063
2025-05-07,2151.912222227301,2161.798741767718,2093.8663797276363,2137.03369140625,14041,34.18240965797848
2025-05-08,2140.75339433766,2437.3461142664714,2130.279705818941,2286.504638671875,112678,44.20061842618124
2025-05-09,2192.6328138408044,2341.6143349142067,2169.5317653894917,2236.289794921875,41081,37.452963387257896
2025-05-12,2334.1750986927964,2419.726833710956,2323.7991517919936,2361.5830078125,27727,52.314007540019645
2025-05-13,2380.572751104344,2407.882680083786,2333.098335632074,2380.866455078125,15657,51.350719639478164
2025-05-14,2393.39570294481,2465.7329086433065,2368.82637511584,2447.232666015625,24757,49.95081935536704
2025-05-15,2460.153435527201,2593.962709381589,2437.346092966097,2545.313720703125,51924,57.473619074093044
2025-05-16,2569.4914027578675,2584.174210773627,2465.439188823921,2523.583251953125,40234,58.47576296238268
2025-05-19,2498.3288614903595,2636.249280669989,2498.0351575242034,2548.0546875,55429,60.98934726141547
2025-05-20,2574.385626395863,2613.539780409488,2462.894268433261,2476.7939453125,27192,60.87056392065462
2025-05-21,2486.5826146681457,2563.6183689482323,2479.926360339957,2548.0546875,17630,68.71376172864124
2025-05-22,2545.020140250992,2593.962835255819,2527.0093240804167,2567.142333984375,21743,71.58270395170746
2025-05-23,2640.947782941502,2728.848909650425,2586.3276883378458,2607.373046875,46109,71.92426202849366
2025-05-26,2639.088120317327,2639.088120317327,2559.702972686034,2589.949462890625,18131,79.4464137383161
2025-05-27,2589.9494353809537,2602.674536066028,2554.808676003373,2592.298828125,9526,79.31428352245646
2025-05-28,2618.923534758748,2654.651701089786,2580.2588068114587,2585.153076171875,17204,73.54531736010594
2025-05-29,2593.9627979355737,2627.4395530416327,2566.652870106999,2588.5791015625,10451,79.98664191222647
2025-05-30,2613.539869140097,2615.497576907243,2540.1258278721166,2557.647216796875,17604,69.88282911510555
2025-06-02,2584.1743037903043,2662.482616026374,2554.8086867017782,2647.506103515625,23353,73.65401458715779
2025-06-03,2672.2711920818456,2681.9617502641263,2629.2996007381057,2650.93212890625,9827,70.34210501935095
2025-06-04,2667.3768675759384,2728.8489400628305,2645.940062836896,2655.043212890625,16906,63.489749096885646
2025-06-05,2672.2709816560327,2689.8903507658524,2606.7857553890635,2617.063720703125,15933,61.05065750511701
2025-06-06,2641.9267299020626,2648.8766883247977,2576.2455362832834,2594.256591796875,13918,55.48326679767112
2025-06-09,2593.9628189297755,2624.992439571939,2546.0969591075173,2555.885498046875,13926,60.181466756761004
2025-06-10,2582.216573342443,2618.4341674340544,2555.2980912473267,2574.3857421875,9415,53.9224100935542
2025-06-11,2587.8940553147822,2613.539980360168,2543.356201716884,2561.8564453125,11122,49.196894555085294
2025-06-12,2575.364582656317,2603.751345445004,2546.7820968853785,2562.835205078125,9439,42.31678626390797
2025-06-13,2555.8853868442384,2587.110729111022,2505.8658594491926,2576.832763671875,11587,47.710174181218704
2025-06-16,2583.195403764941,2603.751335359888,2546.09693709669,2594.941650390625,11699,50.43730412209126
2025-06-17,2618.434082257143,2675.207606283653,2594.550143602705,2630.865478515625,12849,56.9062358915646
2025-06-18,2657.196857515542,2691.8481895277173,2559.4092108073537,2575.85400390625,8038,48.336743537737114
2025-06-19,2579.2800667271085,2589.460051854677,2472.1935439881613,2495.392333984375,12117,42.7956648999288
2025-06-20,2505.67030571566,2542.768773596279,2472.780718497723,2494.804931640625,6096,27.726973599870092
2025-06-23,2512.717959150491,2512.717959150491,2451.148144484362,2498.62255859375,5689,27.80944277819829
2025-06-24,2522.506480021649,2618.14045748725,2496.175405914525,2599.8359375,12913,43.7305473658645
2025-06-25,2599.835837933046,2807.352855117461,2599.835837933046,2726.597412109375,65219,60.35153456048951
2025-06-26,2741.965335259143,2789.2440236378998,2599.150655258561,2634.9765625,22669,53.40534298434705
2025-06-27,2648.0934280489764,2691.750167358849,2576.832818362849,2597.58447265625,12362,53.4929349455463
2025-06-30,2595.9205689474265,2657.588365268576,2592.984007217848,2615.106201171875,11055,53.41656994739264
2025-07-01,2628.124762752625,2685.9751243232377,2582.118629063415,2665.12548828125,15833,58.15175496208863
2025-07-02,2686.953857624678,2710.446350368938,2627.0480489224155,2699.38525390625,10834,60.24078737625838
2025-07-03,2705.356319107027,2739.8119268401074,2656.7073305453714,2677.458984375,11408,57.45792932785721
2025-07-04,2672.271028664772,2705.062632862673,2647.799682248428,2669.921875,6239,55.645642499076274
2025-07-07,2669.9220449005743,2696.6445657053164,2613.637944561342,2625.48193359375,6922,49.599778136499054
2025-07-08,2639.2837155766388,2666.3979197550543,2584.859345265037,2612.365234375,7126,52.8946139856599
2025-07-09,2637.032426142754,2703.496510854111,2612.9525244331,2665.419189453125,20029,64.09215923696794
2025-07-10,2669.334512490637,2782.8815617935024,2665.4190969974347,2760.07421875,39176,69.02021331904905
2025-07-11,2750.5794746850997,2838.676326187469,2727.8701118712,2771.820556640625,27260,69.36849396679061
2025-07-14,2759.0952934895063,2818.707636217934,2749.0130510597733,2797.1728515625,16663,65.67651939423607
2025-07-15,2810.9745451477224,2912.090195356889,2791.98487610365,2853.5546875,28679,61.35527800087258
2025-07-16,2848.4648896906647,2884.7804654906386,2803.5355906300456,2826.14697265625,11557,69.3175549724632
2025-07-17,2840.2424427621404,2875.7746465350488,2813.030257783142,2839.067626953125,16311,75.67120181759007
2025-07-18,2854.044164969011,2866.573542230394,2291.4968968281896,2392.612548828125,418472,37.629234585919924
2025-07-21,2432.451921791456,2432.451921791456,2349.249340965591,2368.53271484375,63778,33.019481880928225
2025-07-22,2366.966763102981,2407.001792899988,2353.1648272190205,2394.1787109375,39546,32.35226523255393
2025-07-23,2406.903731110719,2406.903731110719,2354.241583085928,2369.413818359375,18256,32.24640954097562
2025-07-24,2369.413868573708,2372.4481723059025,2330.455435185814,2340.439697265625,17095,31.46882683509638
2025-07-25,2350.228141992036,2359.0378268224936,2270.940978517919,2353.849853515625,22947,34.16997156981786
2025-07-28,2366.281298662665,2387.424638282939,2183.03989820629,2200.267822265625,73950,29.36272746590167
2025-07-29,2192.632579277445,2243.826682383851,2131.454214900285,2223.270751953125,43643,27.170690385429907
2025-07-30,2236.6810940932232,2377.6360514452685,2236.6810940932232,2322.62451171875,58239,27.52236355434367
2025-07-31,2300.20871667219,2334.8602886109,2236.5832122689726,2308.333251953125,15162,26.246587340315045
2025-08-01,2308.3330572462582,2308.3330572462582,2251.3638120584637,2254.202392578125,14041,22.970437481329114
2025-08-04,2270.7451657143897,2288.0708307333293,2238.638712251176,2254.202392578125,14807,18.389235162642507
2025-08-05,2265.8508959289748,2275.4437112689416,2236.681003967845,2241.77099609375,10670,18.684401676302755
2025-08-06,2253.6152225939068,2269.962033773739,2236.6810035243616,2260.56494140625,9822,19.193062771578667
2025-08-07,2261.152436386197,2270.842994093797,2223.3685814683727,2254.104736328125,13681,36.11927488106668
2025-08-08,2265.06798265028,2265.06798265028,2190.9687883168303,2218.9638671875,23967,35.33588205782215
2025-08-11,2249.406238480669,2299.327786854261,2235.800265005341,2287.875244140625,16831,40.39278002809229
2025-08-12,2290.5180799323325,2339.4607739479807,2285.6238105307675,2314.5,25656,45.053768690177904
2025-08-13,2330.0,2344.0,2205.10009765625,2218.10009765625,52903,40.17405408924361
2025-08-14,2180.0,2197.89990234375,2110.0,2125.0,47420,33.70533812976153
2025-08-18,2178.0,2210.0,2140.199951171875,2201.10009765625,18132,50.066609585762244
2025-08-19,2222.0,2283.699951171875,2157.0,2172.5,33473,45.97273988164379
2025-08-20,2172.5,2194.0,2139.5,2143.60009765625,18475,34.01238745417061
2025-08-21,2150.0,2197.300048828125,2134.60009765625,2178.199951171875,26058,38.785350721573835
2025-08-22,2199.0,2259.89990234375,2157.800048828125,2207.0,18165,45.74647877408406
2025-08-25,2225.0,2243.39990234375,2155.699951171875,2178.10009765625,21729,43.48174118007219
2025-08-26,2182.0,2200.5,2140.0,2150.89990234375,12199,42.408826293531035
2025-08-28,2158.0,2181.10009765625,2115.5,2163.699951171875,14765,41.82625452558741
2025-08-29,2175.0,2200.0,2131.699951171875,2150.199951171875,11997,41.33516133603272
2025-09-01,2157.800048828125,2300.800048828125,2150.39990234375,2287.0,26551,54.85115574334393
2025-09-02,2291.0,2322.300048828125,2262.699951171875,2284.10009765625,12650,49.70284959227574
2025-09-03,2284.10009765625,2303.199951171875,2231.39990234375,2245.39990234375,15228,44.6624388705795
2025-09-04,2254.800048828125,2288.5,2250.60009765625,2262.699951171875,6129,53.924658484825436
2025-09-05,2250.39990234375,2278.0,2240.0,2247.5,5547,62.492344156911166
2025-09-08,2260.0,2273.10009765625,2135.0,2146.199951171875,30178,44.675061058807316
2025-09-09,2168.5,2205.0,2106.0,2117.199951171875,20791,44.64043098214164
2025-09-10,2135.0,2230.0,2120.0,2203.0,20843,55.185044689475276
2025-09-11,2214.60009765625,2225.89990234375,2145.0,2161.800048828125,15435,48.58475221892244
2025-09-12,2184.5,2190.0,2145.10009765625,2179.60009765625,12022,47.58973579226241
2025-09-15,2185.800048828125,2219.60009765625,2162.0,2194.800048828125,10839,51.505312596141025
2025-09-16,2203.60009765625,2345.0,2203.60009765625,2257.0,49106,58.996105012312604
2025-09-17,2275.10009765625,2298.0,2236.10009765625,2279.10009765625,12978,59.63272950330243
2025-09-18,2262.699951171875,2286.300048828125,2230.0,2248.39990234375,9272,57.968182500731984
2025-09-19,2271.5,2288.60009765625,2233.89990234375,2276.199951171875,11958,48.93532733924975
2025-09-22,2271.0,2350.10009765625,2231.0,2284.300048828125,16509,50.0195112143027
2025-09-23,2288.89990234375,2303.10009765625,2246.5,2259.0,6544,51.36273390263545
2025-09-24,2259.0,2270.89990234375,2209.0,2220.199951171875,5198,45.91739095765888
2025-09-25,2240.199951171875,2275.0,2200.0,2214.0,12061,46.725320819089816
2025-09-26,2220.0,2220.0,2161.0,2194.5,7467,55.620200073520515
2025-09-29,2200.0,2210.0,2138.0,2148.89990234375,6755,53.55141306541899
2025-09-30,2142.0,2168.800048828125,2110.5,2128.199951171875,9182,40.18888213567722
2025-10-01,2105.5,2249.60009765625,2101.0,2192.89990234375,13336,53.842330089590526
2025-10-03,2204.39990234375,2210.39990234375,2157.199951171875,2187.300048828125,7783,50.98088488947745
2025-10-06,2189.800048828125,2209.0,2132.5,2147.800048828125,8687,44.36180818573418
2025-10-07,2170.0,2195.800048828125,2133.10009765625,2182.300048828125,7885,40.40093991861987
2025-10-08,2166.0,2194.0,2141.10009765625,2180.699951171875,5938,36.65219001090882
2025-10-09,2203.5,2261.699951171875,2170.39990234375,2235.300048828125,20140,48.33122988951166
2025-10-10,2251.0,2260.0,2195.0,2218.300048828125,6388,42.41552623566946
2025-10-13,2218.300048828125,2230.89990234375,2171.0,2206.199951171875,8698,39.8755434135868
2025-10-14,2214.800048828125,2250.89990234375,2174.5,2205.5,16332,42.59208175970511
2025-10-15,2205.5,2350.0,2205.5,2319.39990234375,30144,61.370926441574426
2025-10-16,2302.10009765625,2331.60009765625,2236.10009765625,2295.89990234375,22110,59.0297577005237
2025-10-17,2295.89990234375,2335.0,2282.60009765625,2296.199951171875,13148,61.70848949318481
2025-10-20,2296.199951171875,2339.699951171875,2284.39990234375,2305.89990234375,5813,69.70382009086642
2025-10-21,2350.0,2350.0,2293.60009765625,2320.60009765625,4639,74.51580971721633
2025-10-23,2320.60009765625,2330.0,2294.800048828125,2314.10009765625,11407,68.13287320181988
2025-10-24,2318.699951171875,2324.5,2260.0,2280.10009765625,5769,62.79646461007898
2025-10-27,2275.0,2320.0,2251.0,2261.0,6697,66.54000669209856
2025-10-28,2257.0,2284.5,2232.10009765625,2248.199951171875,6208,60.2807803347121
2025-10-29,2228.0,2250.0,2145.0,2174.5,17432,49.21039916273394
2025-10-30,2181.0,2210.89990234375,2175.0,2194.5,7611,44.301673044097356
2025-10-31,2200.0,2201.39990234375,2165.5,2172.800048828125,5958,43.72760194396952
2025-11-03,2168.89990234375,2200.0,2148.0,2196.699951171875,5496,48.73164218958612
2025-11-04,2200.0,2314.0,2175.0,2288.199951171875,23257,58.88673355828759
2025-11-06,2309.89990234375,2309.89990234375,2235.0,2270.800048828125,7935,43.41108363867457
2025-11-07,2264.60009765625,2280.0,2206.0,2246.5,9249,43.31711454393407
2025-11-10,2246.5,2284.199951171875,2216.5,2251.89990234375,8499,44.08859693074732
2025-11-11,2260.89990234375,2273.5,2218.0,2243.5,5386,41.6443601147082
2025-11-12,2243.5,2460.0,2224.60009765625,2310.89990234375,194086,48.86174557555589
2025-11-13,2274.0,2410.0,2259.89990234375,2304.5,51200,48.873226683110836
2025-11-14,2295.0,2320.89990234375,2230.0,2243.800048828125,28746,45.99071218283118
2025-11-17,2230.0,2277.10009765625,2180.199951171875,2194.89990234375,45633,43.150242015708
2025-11-18,2199.89990234375,2244.10009765625,2132.300048828125,2155.10009765625,33034,40.863592998065556
2025-11-19,2151.199951171875,2209.10009765625,2130.0,2138.10009765625,19795,45.98057008647379
2025-11-20,2149.800048828125,2168.0,2080.0,2099.5,29509,39.923619210586835
2025-11-21,2110.0,2139.0,2064.0,2072.800048828125,42113,39.50460505951832
2025-11-24,2072.800048828125,2132.800048828125,2017.699951171875,2030.9000244140625,34967,33.23219232215531
2025-11-25,2049.89990234375,2109.89990234375,2040.0,2078.10009765625,28775,26.660738074471368
2025-11-26,2099.5,2138.39990234375,2090.0,2112.89990234375,20790,33.11226616003735
2025-11-27,2121.39990234375,2161.10009765625,2106.60009765625,2122.60009765625,17074,36.32148422949559
2025-11-28,2123.0,2177.0,2109.89990234375,2160.5,29308,40.58508789621954
2025-12-01,2180.89990234375,2219.0,2171.300048828125,2183.699951171875,20071,44.022382661612696
2025-12-02,2191.300048828125,2197.0,2102.0,2119.5,25405,30.744467166508414
2025-12-03,2124.800048828125,2165.0,2117.60009765625,2144.39990234375,15498,34.47137017656277
2025-12-04,2122.0,2166.5,2100.0,2143.39990234375,7650,38.986376754460196
2025-12-05,2149.699951171875,2163.5,2069.10009765625,2075.800048828125,17404,37.44994983406653
2025-12-08,2066.10009765625,2104.800048828125,2059.89990234375,2075.10009765625,12920,40.81303826349377
2025-12-09,2075.0,2125.0,2050.199951171875,2110.0,15313,46.90049361372101
2025-12-10,2106.0,2109.89990234375,2025.0,2035.800048828125,11277,43.48537251839172
2025-12-11,2038.800048828125,2038.800048828125,1984.0999755859373,1996.4000244140625,25546,42.38435979823333
2025-12-12,2008.300048828125,2025.800048828125,1986.199951171875,1997.800048828125,12358,46.41075554221278
2025-12-15,2018.5,2044.9000244140625,1991.0999755859373,2007.300048828125,11880,41.63909461413734
2025-12-16,2005.0,2021.0,1994.0,2003.699951171875,9056,36.07852718727629
2025-12-17,1992.0,2025.699951171875,1992.0,2016.800048828125,9757,36.627887601396225
2025-12-18,2016.699951171875,2030.0,2000.0,2010.0999755859373,4509,29.36332119887588
2025-12-19,2019.699951171875,2030.9000244140625,1988.0,1996.9000244140625,18602,23.645592187770717
2025-12-22,1996.9000244140625,2015.0999755859373,1970.0999755859373,1985.199951171875,15937,27.75752032618945
2025-12-23,1995.0,2052.60009765625,1990.0,2009.0,19944,27.493370950029913
2025-12-24,2011.0,2038.0,2002.199951171875,2024.9000244140625,5239,31.232206139087424
2025-12-26,2024.9000244140625,2035.0,1990.0,1996.199951171875,8133,35.621384861533244
2025-12-29,1998.199951171875,2025.0999755859373,1967.5999755859373,1997.699951171875,18713,36.059068590590925
2025-12-30,1984.0,2013.5999755859373,1984.0,2004.4000244140625,5558,28.829238471745484
2025-12-31,1993.0,2046.800048828125,1987.0,2032.199951171875,8602,49.113278572201715
2026-01-01,2051.39990234375,2051.5,1998.0,2004.5999755859373,11178,52.144333767047925
2026-01-02,2009.0,2011.300048828125,1970.0,1985.9000244140625,17607,47.146282131220964
2026-01-05,1985.9000244140625,1992.800048828125,1945.0,1965.4000244140625,21963,40.455591228080905
2026-01-06,1965.4000244140625,1972.300048828125,1936.0,1951.199951171875,10197,38.59193350387431
2026-01-07,1951.199951171875,1983.5999755859373,1937.199951171875,1967.800048828125,12525,39.512001647110715
2026-01-08,1960.0,1999.5999755859373,1932.5,1951.0,15167,37.87445658244648
2026-01-09,1916.4000244140625,1942.800048828125,1782.5999755859375,1878.5,269203,30.462065789775835
2026-01-12,1882.9000244140625,1914.699951171875,1825.0,1865.0,53784,30.282179193279404
2026-01-13,1853.0,1937.0,1848.0,1913.0999755859373,25109,35.42996651692566
2026-01-14,1913.0999755859373,1949.9000244140625,1875.5999755859373,1884.199951171875,13055,29.43583997773402
2026-01-16,1884.199951171875,1926.9000244140625,1861.199951171875,1887.699951171875,19264,32.881042939917066
2026-01-19,1870.0,1887.5,1802.699951171875,1815.0,16284,26.462264210289234
2026-01-20,1823.9000244140625,1836.5999755859373,1780.0,1787.699951171875,21512,23.489107608530375
2026-01-21,1805.5,1834.0,1750.0,1816.699951171875,26707,23.713110150325974
2026-01-22,1810.199951171875,1861.9000244140625,1800.0,1829.300048828125,18170,27.804531837949824
2026-01-23,1838.0,1849.0,1779.4000244140625,1798.800048828125,19362,26.997808018695594
2026-01-27,1804.0,1825.0,1767.5999755859375,1809.0999755859373,9150,30.29004380982282
2026-01-28,1820.0,1889.0,1809.199951171875,1865.0,9860,40.16431849027337
2026-01-29,1874.0,1888.9000244140625,1811.5999755859373,1822.5999755859373,9335,34.353444499720965
2026-01-30,1822.5999755859373,1904.0999755859373,1803.0999755859373,1868.9000244140625,9418,41.681868766160086
2026-02-02,1929.0,1969.5,1829.199951171875,1905.800048828125,12479,52.9810045964963
2026-02-03,1875.0999755859373,1925.0,1750.0,1775.5999755859375,95625,42.22067610271663
2026-02-04,1789.800048828125,1805.0,1737.0999755859375,1746.199951171875,23670,34.98831230573123
2026-02-05,1750.0,1752.0,1648.300048828125,1653.699951171875,52249,31.396294660081125
2026-02-06,1655.0,1725.0,1622.0,1639.199951171875,55614,30.29342555301413
2026-02-09,1640.199951171875,1707.699951171875,1636.0999755859375,1681.800048828125,21137,38.90740635318229
2026-02-10,1690.0999755859375,1739.0,1681.800048828125,1707.300048828125,23465,43.28434209522785
2026-02-11,1720.4000244140625,1720.800048828125,1640.0,1678.9000244140625,18127,38.4782740493168
2026-02-12,1660.0,1673.9000244140625,1527.0,1539.0999755859375,123231,29.99173012709818
2026-02-13,1531.0,1579.9000244140625,1467.0,1493.199951171875,124371,29.36808286404579
2026-02-16,1488.0999755859375,1525.0,1472.0999755859375,1500.699951171875,27643,29.10003721008114
2026-02-17,1500.0,1668.5,1500.0,1629.5,147049,35.47552286027738
2026-02-18,1602.199951171875,1725.0,1602.199951171875,1710.5,73729,43.40045208968952
2026-02-19,1708.699951171875,1708.699951171875,1630.0,1640.5999755859375,19075,36.92290373105108
2026-02-20,1635.0,1635.0,1604.0,1618.9000244140625,11328,33.275042657701846
2026-02-23,1635.0,1652.9000244140625,1572.5,1583.4000244140625,16698,37.40498757059037
2026-02-24,1571.0999755859375,1575.0999755859375,1527.9000244140625,1539.699951171875,15983,36.716845351279055
2026-02-25,1545.5,1553.0999755859375,1471.199951171875,1479.5,37102,38.30873194056341
2026-02-26,1486.5999755859375,1553.5,1486.5999755859375,1508.199951171875,32418,41.37249958516686
2026-02-27,1511.5999755859375,1536.5999755859375,1497.0,1505.0999755859375,35394,37.72404784911521
2026-03-02,1429.0,1489.9000244140625,1428.0,1461.699951171875,25513,33.351405562671914
2026-03-04,1440.0,1477.699951171875,1422.0,1434.0,19845,33.38309022253108
