Date,Open,High,Low,Close,Volume,RSI
2021-03-04,2737.6583122737707,2887.5401329404417,2634.257548680697,2788.6201171875,416546,
2021-03-05,2781.9733488288607,2841.798085445269,2688.518835863631,2709.64208984375,234928,0.0
2021-03-08,2751.986611883958,2791.8204749858337,2668.7736206542218,2680.64013671875,144202,0.0
2021-03-09,2715.993420570961,2723.8715740751554,2534.6973168868253,2594.226806640625,201792,0.0
2021-03-10,2626.871657026298,2682.5111129295733,2603.7788689880417,2650.1123046875,130512,22.32929681936747
2021-03-12,2713.039555642908,2721.5577143402006,2589.9926736084444,2626.33056640625,141021,20.391661143537235
2021-03-15,2644.104912007477,2644.104912007477,2570.2472329011234,2588.2685546875,63457,17.904985239985166
2021-03-16,2588.2688421769026,2637.4087272983083,2580.0952100301615,2622.194091796875,79019,25.953338935088084
2021-03-17,2635.341050422203,2683.4961699265086,2529.872169005945,2551.093994140625,186529,21.529767259204547
2021-03-18,2570.247884209208,2613.134635495682,2418.4457921210555,2453.946533203125,190067,17.46291931613463
2021-03-19,2432.380452338589,2511.9005825111967,2353.0572279643175,2490.334228515625,218584,22.9167507167719
2021-03-22,2497.374558237993,2540.6551141892714,2455.4725829244503,2501.166015625,139196,24.40370857656157
2021-03-23,2521.0094991380142,2539.7694030656494,2502.298881761599,2508.995361328125,81586,25.443271649010413
2021-03-24,2508.995050294256,2520.9599000696726,2445.2312437187456,2449.0224609375,139767,23.018570158328174
2021-03-25,2449.7116891281416,2463.8922678823487,2386.1447961628955,2410.123779296875,93402,21.678596338417094
2021-03-26,2422.72919612601,2450.4996401506455,2379.251731067381,2399.931884765625,114580,24.166271257888667
2021-03-30,2416.6237204159834,2702.206800660741,2412.68464344709,2677.0458984375,607273,49.787961050049375
2021-03-31,2658.8765189002947,2757.353427007713,2601.316814195937,2713.038818359375,565697,57.452565229509254
2021-04-01,2753.4144707783803,2776.9013105552744,2713.137509774552,2734.703857421875,201075,55.54407053410363
2021-04-05,2727.8106666172375,2731.3559318835128,2663.948288235328,2697.873779296875,136395,54.61004332834427
2021-04-06,2693.6392632940706,2929.6883944169444,2673.6484002830266,2882.07470703125,905475,65.93156139177532
2021-04-07,2904.0845904498246,2963.6631315560353,2865.678588744995,2951.353515625,272161,67.18952918404122
2021-04-08,2978.92695853523,3108.5717331402966,2963.6630352766197,3004.03857421875,517615,74.11777124385733
2021-04-09,3019.6963866790043,3052.9816360158084,2987.8392451182895,3022.749267578125,148387,83.04726046361733
2021-04-12,2969.1776806953567,2983.653739702741,2777.0491155731825,2894.7783203125,265603,71.2379499915515
2021-04-13,2884.389323242808,2991.7291785632133,2880.5488190837086,2916.049560546875,211253,71.54987203454547
2021-04-15,2916.9849394955886,2990.744056305747,2855.83067609044,2922.8935546875,171614,71.5207200116786
2021-04-16,2919.299303749649,3121.7186814802267,2907.0389740472015,3087.744140625,733511,79.94462050671137
2021-04-19,3001.576595512682,3076.419056555649,2966.6172880518225,3029.5439453125,164311,78.52350879591353
2021-04-20,3074.548035737054,3093.061504481245,2949.383773423887,2967.109619140625,192965,74.9188664123251
2021-04-22,2954.3078419043495,3169.9723143633673,2925.897151989161,3148.75048828125,639577,72.62207901386056
2021-04-23,3188.6828753919995,3201.484875818218,3081.3430256644738,3123.885009765625,390027,69.91598679420528
2021-04-26,3135.5051620282793,3234.9668521554327,3123.8848372755247,3155.79150390625,449537,70.21176016186517
2021-04-27,3155.4465345578456,3434.8747796013936,3126.642037051154,3409.320068359375,1059873,78.26815677141556
2021-04-28,3439.5030457866487,3510.701901007929,3283.2695215922795,3299.764404296875,796707,67.64275377010034
2021-04-29,3328.5199403339793,3397.453785252139,3285.1900949568508,3339.943359375,317835,66.82727134712982
2021-04-30,3338.367703190172,3484.1135498191234,3288.883049182707,3375.98583984375,535939,66.3421399839099
2021-05-03,3372.834173888312,3491.006466112136,3354.7635647002276,3440.4384765625,315996,67.64274042307804
2021-05-04,3490.022252794341,3510.357641817399,3310.449482303502,3339.795654296875,299079,69.24125857959795
2021-05-05,3377.7584595380067,3472.2963056358635,3275.834844213755,3424.6826171875,274100,70.84510399034028
2021-05-06,3452.79809642658,3586.2343375369683,3383.962818030025,3565.111083984375,616970,73.7223200686097
2021-05-07,3592.8315568702706,3593.5701337093724,3308.824239176482,3320.00146484375,765035,58.098947310351214
2021-05-10,3302.9158948545505,3303.90066405397,3151.261438143876,3164.408203125,618689,54.40368312333349
2021-05-11,3153.2303948410677,3219.751590074622,3109.605079270241,3114.725830078125,413071,54.86054616231039
2021-05-12,3111.870706927525,3180.804551701236,3111.870706927525,3147.96240234375,252114,49.971240056080106
2021-05-14,3169.9721156932346,3180.80457710132,3076.517612986898,3098.871826171875,228400,49.10304282919275
2021-05-17,3101.0383633839433,3166.9686164835516,3082.3277476633034,3126.691650390625,236904,48.953429992208214
2021-05-18,3167.8059660536783,3204.439336319294,3118.7644063070693,3128.267333984375,355350,37.654671568227926
2021-05-19,3133.4860660207573,3238.905648829165,3107.9313553374413,3141.708984375,377015,42.4170904219171
2021-05-20,3141.413531528121,3172.926143756616,3102.022766242502,3139.690185546875,145587,40.02744820452317
2021-05-21,3151.2618092126704,3190.6525818278287,3143.3836546896387,3150.178466796875,199858,38.4611718689766
2021-05-24,3156.136032611006,3180.7552628696326,3135.8499311312,3161.995361328125,117898,34.96254292025725
2021-05-25,3169.9722437058244,3249.4923613446085,3164.6545858778004,3236.98583984375,366571,44.289482213154656
2021-05-26,3249.7381295357677,3274.3573577898264,3156.185062170344,3163.6201171875,217625,35.311422373531016
2021-05-27,3185.6301528280283,3190.652572490642,3137.4750296157977,3152.640380859375,174542,22.835513914105505
2021-05-28,3153.2309765427162,3210.3475901090737,3152.246207343296,3164.408203125,128567,35.2060443259234
2021-05-31,3166.0818511630005,3200.4994821248074,3153.9198569620717,3175.683349609375,106812,51.47754677901009
2021-06-01,3190.652737426758,3190.652737426758,3097.0996479034425,3151.261962890625,170226,55.12732311057328
2021-06-02,3151.2610030846254,3206.260451447941,3136.686372860932,3163.669189453125,164777,52.341087347466335
2021-06-03,3170.9571426931157,3189.618472824216,3098.1827876678867,3119.946044921875,181339,53.192175472021866
2021-06-04,3131.5660628509036,3149.538100790221,3106.2082558954285,3137.17919921875,100379,51.6412176117699
2021-06-07,3154.215609988844,3193.557089728032,3144.9095895392775,3158.40087890625,130198,54.44249522914157
2021-06-08,3169.972053978648,3414.1455289709484,3143.3832855855376,3359.687744140625,954795,70.68124046536214
2021-06-09,3392.5294180114147,3428.9658732992007,3279.379548975766,3298.631591796875,518466,63.56077377297227
2021-06-10,3300.94633452416,3389.2800830408064,3299.222988436625,3342.306640625,317262,65.51371333428222
2021-06-11,3358.063085378334,3358.456896902763,3291.0494909713193,3296.7119140625,156806,60.31523011529225
2021-06-14,3299.0262055156227,3402.377688071746,3198.9735556251635,3318.57373046875,380591,56.80046852628298
2021-06-15,3338.2689531784763,3365.842490268575,3293.0681439032155,3303.851318359375,122797,62.954950305905236
2021-06-16,3328.520079499276,3362.9870033994166,3284.451655369811,3307.150634765625,191111,64.47956533437295
2021-06-17,3289.1292634672345,3372.736075821827,3254.317574644601,3324.8271484375,273913,64.86862363697419
2021-06-18,3346.1965414720094,3356.8320971911094,3225.956363300075,3298.730712890625,143724,61.09983024374602
2021-06-21,3230.042916723743,3312.2711434147286,3210.347533085184,3266.282470703125,82241,60.227631912580456
2021-06-22,3295.825282041495,3422.0726329630706,3284.2049585415366,3359.539794921875,514128,65.22737642701019
2021-06-23,3397.404527427455,3424.0918694973875,3338.3676606864756,3350.7265625,175215,68.97108129164639
2021-06-24,3351.169813259748,3409.2711999721564,3301.6358710798177,3357.177001953125,175614,68.4110841914239
2021-06-25,3377.758020152595,3622.9655265718357,3364.8084026290303,3592.339111328125,1136102,76.74007227928895
2021-06-28,3643.645845131083,3687.2218799005564,3570.7729282284618,3653.296630859375,654960,71.87613235018051
2021-06-29,3569.7885142160876,3677.0790754071945,3569.7885142160876,3657.6298828125,212049,79.21781009239099
2021-06-30,3678.1125482909083,3810.071606248333,3642.463955345047,3692.1455078125,763695,78.90327546519481
2021-07-01,3722.427804591681,3741.1384205406866,3649.5548793166054,3693.2294921875,222320,85.3605296319939
2021-07-02,3722.427355625561,3835.6758069210478,3695.8385887996646,3741.187255859375,716101,86.01159927054161
2021-07-05,3761.8183765499743,3785.6990298566075,3699.7779164131557,3762.261474609375,183810,88.6435744145574
2021-07-06,3779.544282724533,3796.285359537018,3722.6245734776494,3735.525146484375,134106,84.73890907017464
2021-07-07,3758.9626153850168,3845.2282531870287,3737.1991198620126,3794.414306640625,394121,85.69508608892497
2021-07-08,3811.056915171299,3850.447684320356,3747.046915304081,3784.271240234375,139592,87.82515451305943
2021-07-09,3803.2083669737244,3838.715499030533,3778.3040590727687,3824.46337890625,103943,92.96567007050605
2021-07-12,3846.60583434578,3856.4689262287175,3778.944927709569,3809.76708984375,142110,89.4241026629902
2021-07-13,3827.8660959313493,3841.674425058646,3728.2488643701367,3770.90673828125,110892,84.95371479867258
2021-07-14,3795.3178354588795,3865.3457892836145,3767.7505412325745,3839.3564453125,136420,86.3606321241272
2021-07-15,3871.2633355492367,3895.9210638011427,3770.6598042814603,3795.416259765625,192686,71.52017940468195
2021-07-16,3818.00269340267,3914.6609894381804,3803.2080562543774,3836.1015625,209550,70.24160633311689
2021-07-19,3826.8794941606075,3876.1949515595843,3774.111954743702,3832.0576171875,112511,69.32639902531602
2021-07-20,3832.797253878611,3846.5068543758593,3730.911473262563,3763.755615234375,115173,57.38165667815761
2021-07-22,3799.312096655588,3881.7673946694795,3798.2764239191997,3859.575439453125,142960,64.34535487095658
2021-07-23,3876.1951631642055,3903.811820815248,3828.1619531950564,3886.156982421875,139766,62.98048672999706
2021-07-26,3914.6612671106027,3960.031490916873,3603.973864958967,3656.790771484375,1122759,43.121829253846926
2021-07-27,3674.0013645346985,3728.248364547963,3595.0966372426783,3630.850341796875,494272,43.16663946591321
2021-07-28,3653.289313559229,3657.234550398926,3449.27115716715,3467.71533203125,520552,31.227563080098278
2021-07-29,3486.011434507442,3549.332683132584,3402.7670273178314,3524.7734375,368561,35.85181572511203
2021-07-30,3520.137415274241,3678.9331910823535,3502.9757320962212,3607.17919921875,458620,38.67467671783021
2021-08-02,3614.1330214549557,3675.9745630738953,3563.1408815515547,3635.289306640625,236860,41.03125040002028
2021-08-03,3654.226337233305,3714.440563945477,3635.535825465488,3652.697509765625,211324,43.78661321431459
2021-08-04,3658.9108703160828,3677.9466843669065,3550.7621723363695,3564.126708984375,169829,35.83287192039853
2021-08-05,3580.302276431481,3659.207009796362,3540.8499097490403,3642.883544921875,169831,42.4202381270124
2021-08-06,3659.2069905315425,3698.807207061302,3601.113477216751,3613.984619140625,203561,38.83158407219351
2021-08-09,3649.2944549891263,3703.29488041309,3578.674865032282,3660.587646484375,202652,41.732058035845675
2021-08-10,3678.8842616319303,3826.8800176922655,3656.396361821941,3810.90185546875,1310182,52.106682154789446
2021-08-11,3826.8795192692623,3836.7426108137706,3610.088718961341,3696.242919921875,473763,42.822492705658796
2021-08-12,3727.459762370303,3762.4243761188245,3665.125067720478,3678.884033203125,166442,40.81713531916292
2021-08-13,3712.566661411534,3746.9887571492645,3660.1935450857914,3677.601806640625,136204,51.15552478084314
2021-08-16,3671.0427154848194,3690.6701715670015,3612.6038974051644,3622.269775390625,116283,49.53862617561978
2021-08-17,3621.7273480299623,3678.93328108708,3580.3517256422438,3657.62890625,157613,61.83826859580602
2021-08-18,3683.8648215836038,3698.659459421289,3632.6261073653823,3682.77978515625,138129,60.25735550497974
2021-08-20,3669.070049387436,3728.2485985711046,3618.7189189640385,3668.083740234375,206838,54.33484127042048
2021-08-23,3669.0700534757552,3683.815327170823,3491.583769344263,3569.255615234375,196515,45.72994491494117
2021-08-24,3569.452392178028,3623.502175372563,3521.1232495373197,3599.633544921875,110415,46.625236862257495
2021-08-25,3600.0285730246464,3643.0808732019714,3551.6994223182883,3564.8173828125,97076,50.04714926132824
2021-08-26,3557.3213016158456,3598.0559192560872,3531.2828353615387,3552.784423828125,93072,43.23284970437291
2021-08-27,3549.282950077254,3834.6713670105682,3502.3839003791777,3777.613525390625,588389,59.495205248895246
2021-08-30,3826.8793164485414,3924.52391756411,3817.016225426767,3870.96728515625,536431,61.579803303996194
2021-08-31,3882.1127277907262,4022.7605057621513,3851.833085720886,3972.458740234375,566577,59.39756685220273
2021-09-01,3998.398548581035,4016.102990381078,3916.6336167391996,3968.612060546875,177457,68.1881259981571
2021-09-02,3987.6477678953306,4102.947207580772,3974.8257493490432,4059.25390625,401784,73.13577476434251
2021-09-03,4078.3889284090037,4117.841300146938,3969.894906129683,4035.63232421875,156441,71.20085144991964
2021-09-06,4056.88683819793,4130.761294478214,4013.538360022055,4083.41845703125,174858,77.5532483794352
2021-09-07,4091.9998529536524,4155.074525662479,4068.5258841274053,4081.594482421875,204330,76.3891045900636
2021-09-08,4078.388666412499,4078.388666412499,3905.8339147682923,3953.1767578125,423567,64.91329507788794
2021-09-09,3969.795708112557,3969.795708112557,3872.2498268775116,3906.376220703125,129292,62.693118781185106
2021-09-13,3913.428138262356,3979.3630013997904,3905.7842423335464,3964.81494140625,129882,72.017631379899
2021-09-14,3987.5491961169982,4002.4425607129315,3930.491355840521,3953.225830078125,99835,70.10212664370043
2021-09-15,3981.729660603996,3981.729660603996,3945.236225517955,3962.69384765625,132037,73.29101311280857
2021-09-16,3964.9630042310923,3989.42352067553,3915.6475439794617,3973.39599609375,128585,74.66031015887548
2021-09-17,4003.428688786804,4005.8944615687615,3797.2900842151253,3807.301025390625,511639,51.86930944388659
2021-09-20,3777.564107907412,3807.153382904076,3655.2617712545352,3663.00439453125,230089,37.69478793482029
2021-09-21,3678.933394043461,3836.7428693911697,3602.4450658012383,3806.117919921875,344752,40.61961338045931
2021-09-22,3826.8793758332768,3869.2906678850372,3800.791547835481,3828.408203125,154757,42.25465974721281
2021-09-23,3865.5428996841124,3890.9897247508566,3839.405706349284,3872.151123046875,134072,39.098941120544296
2021-09-24,3881.126495330405,3896.8087144560704,3817.016400744261,3847.148193359375,98294,39.036108099633346
2021-09-27,3846.605941929768,3894.9350935078596,3712.5172521905893,3731.207763671875,155332,31.01744260251914
2021-09-28,3762.7694432471562,3762.7694432471562,3647.4206352107794,3669.316650390625,138904,29.131281784604198
2021-09-29,3669.0703491914114,3683.8649876962154,3595.097156667391,3614.97119140625,245965,31.492866960367493
2021-09-30,3647.223725901731,3696.539187988923,3602.001350848514,3634.302978515625,204915,34.65027690910814
2021-10-01,3609.8913160976963,3685.3933260735166,3589.8691931520657,3671.04248046875,138405,33.01007118506989
2021-10-04,3688.796215329769,3832.4520464871957,3662.9549637991176,3816.967041015625,227472,43.17945070549906
2021-10-05,3816.967172512162,4010.678440426734,3757.2461033544137,3907.609130859375,659322,47.44991940403972
2021-10-06,3915.6471668848485,4099.100661353509,3832.9450516881952,3961.214599609375,720346,49.457621893487136
2021-10-07,3997.067361236984,4022.168881995153,3898.6336557887057,3917.126953125,323107,55.48606078817847
2021-10-08,3940.305082966533,4027.1496524165736,3862.3866595486716,3943.165283203125,261755,65.86961277801302
2021-10-11,3951.1547569662134,3995.4893084884684,3855.3840348602785,3875.75146484375,190921,54.31436560814435
2021-10-12,3856.9615735460666,3895.920781359663,3801.333838961846,3864.60546875,95726,52.27412027081333
2021-10-13,3865.34574491989,3979.7576118274446,3848.430638502384,3895.4775390625,150790,51.48958978713108
2021-10-14,3895.4772966921446,3980.7436733494314,3865.641445324746,3880.38671875,131237,52.149777150795636
2021-10-18,3929.456087108962,3968.8590938388893,3792.408463756598,3813.761962890625,210830,55.703199264360116
2021-10-19,3814.0578282791416,3932.365573370631,3771.4986809236566,3809.816650390625,272180,60.55109587011779
2021-10-20,3639.481176760076,3681.8431114031123,3277.7522549235564,3454.449462890625,1303571,41.69854901337909
2021-10-21,3530.9870010357326,3583.212025978014,3279.5768776443756,3321.593505859375,743127,35.52744688967189
2021-10-22,3358.8756268451116,3432.3556545062365,3203.5319442058208,3310.44775390625,556203,32.90631012319527
2021-10-25,3349.900341427031,3361.0950467347493,3158.655091238511,3342.157958984375,456687,24.758843278371245
2021-10-26,3342.1579077768974,3446.016309101653,3328.7933706772187,3413.122802734375,198228,23.15107919772548
2021-10-27,3447.1507986754887,3447.1507986754887,3329.3855715721884,3351.182861328125,111601,17.17445075083802
2021-10-28,3378.1087922006636,3378.1087922006636,3264.683241513634,3307.291748046875,125850,17.1780840421643
2021-10-29,3324.650650035316,3348.2233404090907,3226.4141706773808,3292.694091796875,130732,14.554506394830923
2021-11-01,3346.528816392013,3355.5672265478106,3270.27158664269,3320.30322265625,154280,18.359929107603563
2021-11-02,3338.5281064467326,3382.8797200882846,3309.684726280507,3345.442626953125,110087,20.890920913041995
2021-11-03,3353.5420943311906,3465.162199385513,3323.908438122078,3376.458740234375,153069,20.903697154424265
2021-11-04,3407.870806316997,3417.699255048276,3388.1150335267535,3397.992919921875,16660,23.15086910096649
2021-11-08,3432.565355881268,3432.565355881268,3322.6244374020403,3388.36181640625,73930,24.719129489307093
2021-11-09,3406.1915956139824,3480.5721280026432,3388.1150153758826,3449.7529296875,125661,29.969612591095
2021-11-10,3449.752984761401,3492.820666364701,3432.8125058778073,3461.80419921875,217759,50.662018945718614
2021-11-11,3540.2344276849126,3605.4284768554494,3506.649614475848,3552.48291015625,795919,72.49066459165584
2021-11-12,3573.819079694311,3574.757430612726,3437.5042557590386,3488.81982421875,197173,65.76232206731993
2021-11-15,3523.3430197260313,3534.307569521703,3462.6928968581137,3496.03076171875,173239,64.21277614837538
2021-11-16,3515.5398930629435,3530.307285517023,3459.235938608156,3481.955078125,126857,57.10446860055548
2021-11-17,3481.9551594802365,3550.6064739721164,3454.6920949592895,3528.72705078125,139328,68.91740522710896
2021-11-18,3531.245135873228,3552.6803400014683,3478.74427172303,3508.08154296875,131796,72.5092657923532
2021-11-22,3496.574219817624,3496.821166973649,3210.3130283218575,3247.3056640625,442256,46.72140890306137
2021-11-23,3244.8858769036397,3501.513429190172,3179.691822755804,3473.6083984375,380999,58.60406853680219
2021-11-24,3465.755384024203,3499.735217416273,3436.7142527657884,3468.71875,246655,57.07964341206567
2021-11-25,3483.930309833111,3570.3618102897026,3459.186157756246,3541.66650390625,204747,59.05178998283789
2021-11-26,3487.387922289275,3556.0392353041752,3407.870933833168,3427.52783203125,148502,51.469144147481074
2021-11-29,3427.5274549504948,3602.4649067718574,3331.218069589854,3506.748291015625,310951,55.50755968962101
2021-11-30,3477.01608861267,3732.853351950932,3477.01608861267,3695.3173828125,663800,60.21532546628664
2021-12-01,3733.3473312041915,3740.755746334243,3654.8181308256403,3686.279296875,271605,59.36149026331705
2021-12-02,3678.129641322486,3752.6088035552743,3664.74505787394,3734.038330078125,109606,57.852685030721155
2021-12-03,3738.7797470714404,3831.6318728903875,3719.0734132810912,3784.810791015625,262418,62.94665063150721
2021-12-06,3784.810716162373,3802.9364914144485,3702.231496667327,3713.986083984375,87876,59.03081124704695
2021-12-07,3732.853493677654,3842.4980392712555,3709.689896917002,3812.222412109375,193820,62.79221067821341
2021-12-08,3848.4243492418664,3862.2039518498177,3798.9360443856785,3855.832763671875,129223,62.70085855746799
2021-12-09,3852.375784095811,3911.5442285211357,3824.767139208326,3864.229248046875,100703,63.96130215051643
2021-12-10,3867.1920772897256,3916.4334317490793,3847.436306779944,3908.08642578125,81093,81.21121600858328
2021-12-13,3919.5453363536376,3931.299924744391,3867.1925382622203,3902.555419921875,79758,75.5998744606368
2021-12-14,3873.1191869899853,3927.4475612017804,3838.2007627373987,3911.39599609375,84533,76.29529876650919
2021-12-15,3916.58230444186,3999.655432886324,3896.826529892342,3951.500732421875,216059,75.33283774757783
2021-12-16,3961.032597613334,3990.666257944606,3863.3403938516462,3961.872314453125,94224,87.88967326253774
2021-12-17,3961.872044989309,4028.1030783975702,3906.703954627737,3956.537841796875,256567,85.62711557621024
2021-12-20,3867.192351439289,3927.0029991295573,3756.2142062695043,3804.961669921875,194141,59.22538506635619
2021-12-21,3792.910784347091,3938.807115021475,3792.910784347091,3907.938720703125,97398,66.10447223764427
2021-12-22,3908.2350379865175,3992.4934538937746,3908.2350379865175,3947.74658203125,98953,65.70827562469785
2021-12-23,3968.539869454599,4017.23765811027,3939.3012282675113,3958.019775390625,78939,63.53741553712398
2021-12-24,3974.861439878866,3983.702099869394,3894.850560994624,3944.73388671875,75172,69.8167864090413
2021-12-27,3951.1052966121815,4216.375995816656,3916.582130353295,4192.1259765625,657369,75.97245334477216
2021-12-28,4208.572528782365,4276.13717774664,4126.487193355646,4185.40869140625,432192,73.72874473858784
2021-12-29,4186.248046892443,4247.441743006543,4146.736503269107,4158.44189453125,173749,70.63098443981448
2021-12-30,4148.71247295348,4173.407190054393,4085.395121842999,4108.70703125,104371,63.95304057840097
2021-12-31,4119.078450015668,4153.65105091508,4108.113900123839,4137.3525390625,62457,65.8213096431569
2022-01-03,4146.638048025886,4229.661976866437,4099.3230662073765,4171.431640625,180417,66.94558605846393
2022-01-04,4181.309155916266,4192.075955223734,4051.1188109864715,4059.6630859375,136231,56.446443647001
2022-01-05,4035.9566584319546,4054.8727160516196,3993.9261999520936,4006.421630859375,80464,52.52604341150002
2022-01-06,4000.54342992881,4039.4622004130388,3929.126273058961,3994.419189453125,104543,52.13183460166423
2022-01-07,3994.6169521214088,4032.5479365086862,3883.885757652536,3941.9677734375,168032,58.67848424029685
2022-01-10,3942.9561961748523,4067.516209411871,3932.584414586489,4003.853515625,118045,56.409255814575694
2022-01-11,4020.2011312024106,4124.116695306205,3965.3296618785203,4095.52001953125,157420,59.2345603972106
2022-01-12,4109.200808665552,4153.651298182367,4066.1331268033027,4137.8466796875,101497,60.80477153741552
2022-01-13,4120.560022275111,4178.345653655452,4090.432470871685,4111.86767578125,132169,59.89124228154251
2022-01-14,4109.2010985717225,4189.903630382215,4075.6654784094985,4148.41650390625,83337,46.552957693762075
2022-01-17,4139.130924950427,4217.117038159626,4130.5866488943875,4181.75439453125,172993,49.72342532779494
2022-01-18,4200.077149318026,4234.649750500089,3980.788078963228,4007.112548828125,144076,40.639149556441474
2022-01-19,4007.45817371318,4008.4459622696777,3901.764798167873,3935.152099609375,129470,39.55162347330427
2022-01-20,3935.3499397921505,4020.299762789672,3935.3499397921505,3982.61572265625,66119,40.89090622693271
2022-01-21,3965.9716675969607,3991.0614043479054,3772.4145182533334,3821.902587890625,103608,32.09357008939013
2022-01-24,3837.5588914060427,3901.765153424419,3606.613857637307,3654.37353515625,150815,30.35908320792042
2022-01-25,3649.878859271199,3807.3322648826593,3457.260083206819,3777.254150390625,178804,39.59641627368893
2022-01-27,3763.474898056588,3763.474898056588,3615.454666822828,3689.538818359375,102255,37.049513813616876
2022-01-28,3703.219606324235,3990.122768190227,3699.268451769608,3814.88916015625,157784,44.916851497540236
2022-01-31,3853.3634264900174,3929.4231506222222,3812.8640928611812,3886.2568359375,179158,45.33154197246897
2022-02-01,3951.2038750824263,4274.852957633197,3875.7366806321056,4204.818359375,1051064,53.676672038810835
2022-02-02,4221.808267362959,4268.234329264236,4163.52874284859,4176.123046875,233523,51.29949097882388
2022-02-03,4173.4074001532545,4173.4074001532545,4050.9707936757095,4071.813232421875,178138,48.70881704588472
2022-02-04,4112.21302151474,4207.930119991273,4061.0949629165043,4086.234375,300633,47.96650576360823
2022-02-07,4105.940984456499,4105.940984456499,3959.254139129914,3984.19580078125,98773,43.81720693010724
2022-02-08,3984.739185523224,4025.8312874697913,3882.1572436414012,3996.246826171875,101908,49.62141859232296
2022-02-09,4049.933446427746,4066.676656895935,3975.849298017482,3988.24609375,128963,51.93618537835622
2022-02-10,3999.5560914465145,4060.305091106668,3957.1800564399928,4041.24072265625,77212,52.12929569231904
2022-02-11,4020.2500281593466,4020.2500281593466,3873.7609355095374,3889.614990234375,101320,52.4756982567014
2022-02-14,3756.2143399271213,3825.211472242669,3655.6082125896896,3668.745849609375,117289,50.5057534187261
2022-02-15,3674.573447062896,3790.589165324994,3641.630602088538,3774.932861328125,164546,49.917344077791846
2022-02-16,3802.097354381883,3809.9007881817306,3709.689678788232,3733.7421875,91710,51.62792086083968
2022-02-17,3747.669771979326,3912.7293357329163,3747.1264400430377,3877.8603515625,257183,52.28748060878396
2022-02-18,3842.4975391027165,3874.106773357546,3797.5037214862436,3810.8388671875,71634,47.251701939125205
2022-02-21,3807.925008007572,3880.2805221026574,3725.9385551762807,3771.327392578125,316001,30.170305541279106
2022-02-22,3664.6959164496516,3820.667648882789,3664.6959164496516,3803.183837890625,119123,32.98939269522022
2022-02-23,3842.448141591515,3867.1922937720356,3752.6088184010123,3764.709228515625,73454,35.09725952158561
2022-02-24,3675.808782413594,3745.595959171893,3587.1547445979086,3634.37109375,223924,30.289975579075787
2022-02-25,3678.1297856801466,3840.472699965835,3678.1297856801466,3739.3232421875,105606,39.34587583661066
2022-02-28,3669.6346778516427,3901.765000676713,3669.6346778516427,3843.43603515625,142857,43.844495456783235
2022-03-02,3802.9862174481814,3826.643706854726,3761.5485327392817,3805.3076171875,114559,42.805520265090706
2022-03-03,3857.314365728785,3867.1922514284747,3739.4217034392623,3755.72021484375,115264,38.74107077529738
2022-03-04,3728.902189413956,3732.359449722022,3563.9414832862394,3581.32666015625,574332,38.0577040093802
2022-03-07,3457.2603480674043,3592.6862713082965,3380.2128317390448,3507.09423828125,213530,42.93545397570297
2022-03-08,3503.6864478608863,3522.404995114488,3318.969964706112,3486.005126953125,673703,36.35855196726739
2022-03-09,3491.783255992698,3661.7323324970525,3491.783255992698,3613.676513671875,188841,44.7591890478881
2022-03-10,3703.7136530729545,3773.303317298477,3669.7830154749167,3710.628173828125,197919,42.38691735410249
2022-03-11,3689.3906581832375,3846.3501803501076,3656.7936322876426,3809.30810546875,194841,49.93226595131445
2022-03-14,3812.8144084335704,3957.8712551042477,3716.060567099408,3829.755126953125,509987,52.629712098609595
2022-03-15,3852.3759377408,3921.5211468797374,3838.6457712469514,3900.184814453125,169565,54.21931124243464
2022-03-16,3928.435203826827,3970.9101129956866,3863.9819986345465,3906.012451171875,186039,56.32602060691009
2022-03-17,3951.10523391201,4079.4683230730084,3942.264573566225,4037.4873046875,220825,68.02880741293639
2022-03-21,4025.2389736689847,4127.672855325171,4003.606497488958,4072.2578125,192196,65.88736965180365
2022-03-22,4074.628024135025,4084.5059102541404,3936.3870561298736,4012.7431640625,132738,58.43836849918474
2022-03-23,4047.957642485484,4049.933219665809,3901.8143688028226,3937.86865234375,153028,56.37346781819565
2022-03-24,3905.6669290795144,4042.6239716631103,3855.339145018608,3919.051513671875,230986,58.092325363722516
2022-03-25,3921.5208908056816,3958.4640893837945,3895.8383862311357,3925.6201171875,122044,70.46079614272789
2022-03-28,3951.1543333647455,3951.1543333647455,3834.5952805304855,3877.020751953125,119464,72.67495577152096
2022-03-29,3890.8994876729207,3998.5684503934963,3877.0704465895437,3991.6044921875,135733,77.8043015181813
2022-03-30,4009.4335848437117,4024.102340764179,3974.070707753165,4007.4580078125,75799,74.69181331616312
2022-03-31,4010.4214843752566,4074.627739666979,3982.8622804906886,4032.350341796875,144591,72.17753417575294
2022-04-01,4030.1774759671666,4062.7744996698425,3981.874710035114,3999.506591796875,60732,64.41995912340016
2022-04-04,4010.4215361893616,4079.5667350891786,4010.4215361893616,4043.611328125,99032,65.65209886487864
2022-04-05,4049.9335926512617,4108.213124838195,4033.042309740124,4050.229736328125,116912,62.11321837630556
2022-04-06,4033.1410900872193,4128.956589900705,3992.6911927792703,4083.22216796875,182744,63.705133380587355
2022-04-07,4108.213126925903,4139.229595065549,4001.5319493091692,4022.028564453125,155290,48.65862478481942
2022-04-08,4050.920995593254,4093.395904837465,4030.671329558223,4045.438720703125,74173,47.62606998761721
2022-04-11,4074.62843485584,4099.323152642845,3994.024779535314,4022.1767578125,84671,50.892294675236144
2022-04-12,4022.176392669227,4028.5478222073425,3884.0837362681755,3939.2021484375,129257,50.12422772748321
2022-04-13,3958.068770144394,3978.0220508760735,3863.488015280075,3885.960205078125,269251,47.1030432771676
2022-04-18,3895.2458179736936,3931.3495427721527,3768.561918666852,3915.84130859375,146408,49.177493373373736
2022-04-19,3952.142162473398,4037.783385295381,3808.4683597850544,3858.30224609375,123623,48.448891782328964
2022-04-20,3911.6430475392413,3960.5385856334815,3809.3080471045296,3851.782958984375,99363,35.885933916551124
2022-04-21,3852.375747029762,4017.3364520948826,3852.375747029762,3995.5556640625,133065,49.045132904212444
2022-04-22,3990.6658548531445,4066.478628209575,3962.069423753821,3981.8251953125,133402,45.87269658892337
2022-04-25,3981.7264979308293,3981.8253732567696,3892.0352428143397,3938.906005859375,77143,45.12982044180467
2022-04-26,3957.328115178345,4121.004880632498,3941.2765502805855,4065.19482421875,250908,51.53217062646967
2022-04-27,4045.191627677149,4059.020908556801,3882.058444868465,3903.493408203125,140331,41.46312778889453
2022-04-28,3931.3988307896984,3946.018151055658,3852.3757387135233,3909.66748046875,85233,39.57765212159171
2022-04-29,3939.1035163662,3982.7637252413947,3870.353331788181,3883.787353515625,61297,41.33061009517044
2022-05-02,3882.799753897708,3888.973433087799,3805.9991847729702,3871.538818359375,54298,38.939541031340966
2022-05-04,3871.5384829908985,3918.557316093409,3769.450677442415,3795.97265625,57758,36.51037784196795
2022-05-05,3837.163398968546,3864.52509286699,3704.20696709908,3744.21240234375,60902,37.92219057303049
2022-05-06,3654.817827271034,3774.8835800717625,3650.916110525137,3699.861083984375,363691,38.344510805909536
2022-05-09,3590.6117590192325,3819.4823420293887,3543.5437260972008,3688.99560546875,512668,35.44586260628644
2022-05-10,3659.756778519272,3817.457132714273,3655.855061764592,3729.642822265625,321867,41.56248709129644
2022-05-11,3707.1706432064675,3921.4713333288896,3704.20727738456,3898.455810546875,385181,52.52362415937278
2022-05-12,3897.8140807531886,3897.8140807531886,3768.3643276853586,3840.472900390625,240679,40.757097920321925
2022-05-13,3882.009356943672,3989.6783187520336,3862.2535841347985,3872.180908203125,173653,43.602319047696376
2022-05-16,3877.07011709616,3926.4101076793168,3795.13310387245,3833.508544921875,70957,43.819488308355005
2022-05-17,3851.486758153931,3884.034345402737,3788.26828559663,3838.34912109375,149163,34.48836443695947
2022-05-18,3843.831392714509,3900.480926110055,3817.8030657764652,3837.953857421875,178824,44.24996101668486
2022-05-19,3806.937523135549,3806.937523135549,3698.181894420327,3756.46142578125,121538,38.127677994396926
2022-05-20,3765.4502069458226,3797.05944268094,3644.4461013973278,3740.113525390625,229902,38.699404560732965
2022-05-23,3753.250670374152,3796.5158571286415,3588.0924729214667,3630.073486328125,208302,33.5398119923604
2022-05-24,3673.437490077678,3708.108722962755,3621.627788486247,3671.758056640625,124229,41.12247244611625
2022-05-25,3679.5128298594636,3699.416675280737,3511.58875440279,3542.111328125,127696,37.002942293984475
2022-05-26,3550.8037602277705,3622.2703644785392,3390.930314248435,3561.768310546875,215248,40.8279773058809
2022-05-27,3605.4287439769496,3674.5739527655487,3591.7477740600366,3641.43359375,98573,47.10550135116423
2022-05-30,3612.343157993543,3847.4368609201124,3612.343157993543,3812.666748046875,137010,54.359679661631446
2022-05-31,3802.9865227306254,3907.988510538149,3776.4151029706118,3876.52734375,256680,48.705867978621654
2022-06-01,3843.584439040328,3908.5315415369005,3789.651083317084,3836.47216796875,114807,49.75878832162773
2022-06-02,3836.4719572683935,3836.4719572683935,3690.427560872739,3734.038330078125,97077,42.32562467075835
2022-06-03,3763.4750086700387,3801.998768601307,3694.0334136902666,3714.7275390625,90738,43.25616261047012
2022-06-06,3716.1105459012642,3726.877346322093,3649.286495311969,3676.154541015625,85561,41.1310513127559
2022-06-07,3666.671468304351,3691.316746886652,3601.5762927418855,3657.139404296875,82937,40.310213018940594
2022-06-08,3657.1393986573808,3709.146374528918,3585.672793486011,3600.440185546875,55106,41.41062595713693
2022-06-09,3565.9169715174157,3646.1747980924265,3547.297059288279,3616.985595703125,130668,43.222961830616775
2022-06-10,3570.8558631779647,3635.062123511732,3561.7188184381594,3605.132080078125,62391,48.4608505217078
2022-06-13,3561.9660261199706,3577.770645204252,3484.474051404222,3496.574462890625,98682,40.013549969548755
2022-06-14,3492.820351352563,3560.3849924545934,3449.0612698727027,3473.904296875,84517,45.57171895467105
2022-06-15,3475.1396043161826,3564.534483785398,3465.212279413973,3550.359619140625,74566,49.31017644012662
2022-06-16,3560.978200056335,3620.2455210004073,3446.3947128977957,3487.980712890625,196851,40.52340972284415
2022-06-17,3481.7576577470745,3560.879387915901,3439.7272003331595,3502.3037109375,105807,26.225833514425744
2022-06-20,3524.4299105525365,3540.333404314449,3391.226514358417,3407.870849609375,112930,15.706587042435487
2022-06-21,3449.061483319506,3600.0945083238958,3429.2562732158854,3578.51123046875,104432,34.15257567440284
2022-06-22,3537.2710349276376,3604.4406608352274,3493.215566177457,3518.651123046875,108914,36.037670274629754
2022-06-23,3547.1492138442977,3595.550860037105,3484.770454041185,3501.1181640625,88568,36.12092666748307
2022-06-24,3531.7390871077173,3592.488082965424,3522.552846515223,3575.44873046875,64971,43.74727337274734
2022-06-27,3595.55061112173,3664.695815181763,3583.746585231919,3640.050537109375,115817,48.995814314882416
2022-06-28,3625.1843289322046,3672.3512367541425,3618.319246077947,3653.978271484375,68469,53.31254796043528
2022-06-29,3615.9482708995597,3720.505791505289,3615.9482708995597,3704.99755859375,130966,55.22273975182725
2022-06-30,3696.305278467795,3696.305278467795,3583.598492460182,3607.00927734375,177695,50.10106379203335
2022-07-01,3620.2453141708106,3651.7064783716082,3514.502493529126,3637.28466796875,112850,58.27281994632239
2022-07-04,3652.8424169502905,3678.524921774711,3559.200004973997,3655.06494140625,102006,60.712631664048786
2022-07-05,3654.91672467928,3727.2228025481627,3642.76687656983,3705.195068359375,96724,59.45015574281515
2022-07-06,3706.182963142299,3738.6319163062526,3647.7553617729127,3729.39599609375,128712,65.45465912092412
2022-07-07,3739.78385545331,3772.4327621279026,3701.4461241308722,3754.624267578125,84820,65.93035439973144
2022-07-08,3759.076789498031,3791.231019175274,3689.326845121241,3774.708740234375,138113,75.56003282423114
2022-07-11,3742.505003974165,3776.3906153378857,3683.984402426067,3747.89697265625,97218,64.7607194373173
2022-07-12,3719.9973328047804,3759.5717725154695,3671.6176768757473,3691.25634765625,79196,65.12614768699643
2022-07-13,3742.75217052087,3749.677696609595,3652.720331367447,3670.82568359375,116398,64.79705830763284
2022-07-14,3650.7417791062144,3726.9225696187286,3628.0359943984604,3646.685302734375,70284,56.806995655709756
2022-07-15,3669.539683743217,3747.649680738306,3642.1344343328788,3739.9326171875,218188,59.04883869583585
2022-07-18,3749.282176907594,3807.060757060678,3706.145944893269,3729.59375,145635,56.895238222453756
2022-07-19,3739.6848480492354,3769.415188849001,3682.400953477267,3701.841796875,115232,49.69947949457873
2022-07-20,3748.688440009754,3748.688440009754,3628.827463914656,3659.05224609375,162575,55.53824665836671
2022-07-21,3640.8478041318926,3749.7765266282145,3638.8690824992123,3724.795166015625,157379,58.65895120406343
2022-07-22,3747.698844617421,3816.9541030976793,3709.3611122444204,3747.550537109375,211679,59.062005271364264
2022-07-25,3779.359061560657,4220.564797597056,3760.561202353942,4163.42919921875,2558020,76.15366972413145
2022-07-26,4110.794560360428,4290.759212366392,4104.116374251539,4197.21533203125,1325373,76.4117602951652
2022-07-27,4187.025134716028,4254.252409633061,4155.316307083454,4238.17529296875,357065,76.8234530934069
2022-07-28,4254.251633804199,4303.620643355959,4219.920619245704,4233.42578125,285434,75.88627429044739
2022-07-29,4254.252001843357,4384.501271747631,4212.797875465929,4336.71533203125,420294,80.58792016854682
2022-08-01,4382.868827615409,4384.105528751869,4290.314307797271,4303.42333984375,236581,82.5914468502146
2022-08-02,4303.423182979249,4313.217759005715,4223.581567285132,4240.20263671875,279358,78.9923665564572
2022-08-03,4240.401718028572,4254.252773570429,4176.291311326568,4210.37451171875,219114,78.53745116288268
2022-08-04,4231.842773766191,4308.666547975627,4192.120031829795,4274.97900390625,142418,77.89641279282608
2022-08-05,4278.985637631772,4505.252655219233,4269.33936943133,4428.62646484375,598049,81.70801987860038
2022-08-08,4449.155590594194,4463.649629934722,4397.708828150143,4414.67626953125,141291,82.74405099143787
2022-08-10,4414.676629323731,4482.992289104004,4355.3149755119,4365.3076171875,129367,82.24693239565865
2022-08-11,4390.784181239095,4416.21095253988,4327.46507632713,4363.13134765625,84024,80.94191954515126
2022-08-12,4365.407248388013,4407.2077520113235,4333.104707294033,4351.60546875,76046,79.60247969817115
2022-08-16,4353.18838337963,4405.822581613244,4333.401163455178,4353.6337890625,86557,65.6823915044168
2022-08-17,4372.974842380226,4424.668945437775,4310.00212254557,4372.1337890625,178342,64.794983219855
2022-08-18,4372.926119606575,4418.83237102121,4339.337122154698,4373.86572265625,99369,62.292735318733314
2022-08-19,4379.900635761589,4406.465072128174,4231.743843305006,4249.10693359375,105937,51.16688721797956
2022-08-22,4254.152208219797,4274.03845598644,4155.315165542372,4183.21533203125,148705,37.904326721077084
2022-08-23,4155.266013290299,4244.357758554092,4145.421680266118,4220.95947265625,71988,43.54719155387644
2022-08-24,4244.259300851679,4260.386173649206,4177.62574648025,4214.97412109375,83669,47.83163757778625
2022-08-25,4223.581520529799,4239.362019515677,4156.304981903417,4172.6787109375,77514,46.828066156150804
2022-08-26,4192.862445997714,4224.027316032055,4137.606540129068,4173.66845703125,155699,40.45309647211261
2022-08-29,4145.323293863901,4192.911651557136,4083.636542816564,4178.56591796875,108148,17.25616867174074
2022-08-30,4210.027472364336,4272.060597385857,4194.593827958233,4228.97412109375,90942,27.802848664965524
2022-09-01,4213.688436708917,4310.101857968205,4194.890577986806,4280.5693359375,561313,39.924783045880254
2022-09-02,4303.719368406206,4319.450108101048,4204.78329097158,4226.4501953125,137592,35.53550408682739
2022-09-05,4212.798023791759,4279.184241193759,4189.943688871542,4206.9111328125,75436,34.94286771161913
2022-09-06,4238.422073940437,4252.273126469655,4167.188089504464,4227.58837890625,221774,37.37357235442295
2022-09-07,4212.4022210931635,4317.5710946226745,4190.932895696987,4248.216796875,210537,37.63949175128386
2022-09-08,4278.985920807224,4351.209266985011,4244.358289078148,4276.314453125,163571,40.75566755291828
2022-09-09,4303.719951407555,4422.443260411901,4298.87217957382,4324.9912109375,227470,58.40272934204906
2022-09-12,4343.294898520028,4630.209595688777,4334.341374480889,4612.6484375,616082,81.88965300183256
2022-09-13,4658.356998235264,4739.039194629511,4603.5460123125795,4668.94287109375,425004,82.37523042743052
2022-09-14,4628.23079668669,4742.452718326025,4605.475493496482,4703.27392578125,180641,83.89996094872893
2022-09-15,4713.513230028564,4796.767850267473,4654.002787482241,4756.154296875,177118,89.92077035429509
2022-09-16,4748.932471406672,4788.506908668394,4541.166675782631,4575.1015625,228866,72.03606029920164
2022-09-19,4605.475054462201,4649.996295590192,4526.326181345772,4583.857421875,136298,72.15401639751181
2022-09-20,4590.78241232674,4764.860638049164,4589.644744025784,4686.107421875,187013,73.64755330246703
2022-09-21,4679.677795413417,4765.900514836355,4610.422521485523,4629.96240234375,257573,67.9894590921364
2022-09-22,4599.043790669988,4681.655419479484,4541.265215161812,4653.06298828125,161342,72.69008365981975
2022-09-23,4659.8900223829205,4709.35806932966,4563.625396259123,4579.009765625,172528,68.7059327167882
2022-09-26,4570.649985577846,4570.649985577846,4286.555056686242,4373.81689453125,283242,56.20076775590828
2022-09-27,4392.761949563872,4437.629558436255,4287.69163942761,4395.2353515625,120615,56.230094750642266
2022-09-28,4376.932460188838,4413.489537330249,4308.71583541496,4387.8154296875,109937,54.80927509371973
2022-09-29,4432.2876573567,4469.932647217905,4364.071028525493,4415.76513671875,162204,53.98655287605221
2022-09-30,4432.337114277827,4459.989946428475,4317.670275282429,4443.07177734375,91320,40.34467400593732
2022-10-03,4449.007513048838,4530.431719198821,4384.798089373814,4426.548828125,149091,35.543893101984224
2022-10-04,4469.141130273395,4516.432386784369,4442.230321284077,4470.82275390625,127339,36.29935925919957
2022-10-06,4486.751366076606,4583.362354552476,4481.853836731358,4539.7314453125,163720,37.4806094261068
2022-10-07,4550.071166747611,4609.432825804984,4469.932927020158,4567.63232421875,140217,49.47488388538552
2022-10-10,4550.071376375808,4575.7947631524485,4479.826743254981,4556.2548828125,73482,48.06656251026059
2022-10-11,4572.380783370656,4635.056894499935,4505.500371402335,4528.6015625,150757,37.67990955825624
2022-10-12,4543.145182306444,4659.494118958395,4474.137260602203,4639.55859375,213733,50.69133274939583
2022-10-13,4634.116548289554,4656.377165501253,4527.314860477122,4551.55419921875,106791,43.312458019903396
2022-10-14,4587.172014521656,4689.570872173547,4541.117455836452,4559.12353515625,259293,48.56407895080136
2022-10-17,4547.1025696035085,4556.303432482391,4350.021690584582,4372.92578125,177719,49.93384071163468
2022-10-18,4407.603090018118,4416.507338684821,4224.620586682802,4241.1923828125,407048,40.17301572666356
2022-10-19,4259.149516772522,4340.326387614503,4251.778584630346,4304.06640625,206664,45.01036223004965
2022-10-20,4134.539016089109,4390.783477722773,4107.084252342645,4371.73828125,1037194,47.49549051076805
2022-10-21,4392.762135386982,4465.678222625579,4336.4676001340895,4376.09130859375,329581,46.08758051525198
2022-10-24,4421.453597451959,4421.453597451959,4366.049390368202,4379.40576171875,14070,47.20315312627279
2022-10-25,4401.319871013948,4425.2128379594005,4357.540655169212,4401.36962890625,120480,45.76752827698171
2022-10-27,4417.495802900336,4463.006397958211,4358.134157172672,4450.3427734375,100892,44.41700406339928
2022-10-28,4448.462851256561,4469.289186320324,4413.5386076273335,4445.09912109375,72446,42.12396868518975
2022-10-31,4466.914956197017,4516.432273430205,4452.123818277311,4503.3232421875,92168,46.7909847760936
2022-11-01,4495.655220685112,4531.22293266603,4439.608031155406,4505.548828125,148022,48.557952519826166
2022-11-02,4489.422467543178,4531.272234024648,4459.048899290195,4500.60205078125,95223,39.978547316689074
2022-11-03,4497.631397126125,4522.7887189198245,4447.118470181965,4454.6953125,109666,42.563020515831326
2022-11-04,4455.042340245338,4488.271731172366,4392.644014892858,4448.951171875,107648,41.51701424527132
2022-11-07,4452.071098349788,4516.400995431647,4410.3730720954845,4455.19091796875,180968,58.76252521165306
2022-11-09,4447.2177247283535,4481.734989073148,4370.903294953169,4397.9921875,139938,69.85411406257342
2022-11-10,4397.497885736827,4441.176817800537,4347.183230311554,4431.916015625,113794,67.46914964025706
2022-11-11,4447.118857464198,4497.631788807333,4398.933579484981,4416.95947265625,113224,57.21888869662008
2022-11-14,4422.704184419155,4438.65051958137,4354.3133498889465,4415.57275390625,70142,56.36288378124862
2022-11-15,4412.551811602023,4427.160942215131,4366.000683546697,4412.30419921875,51530,55.302741722729955
2022-11-16,4399.5771536874045,4476.832223022752,4396.457334149379,4455.73583984375,153540,58.19583075700026
2022-11-17,4459.94518493447,4595.339354026243,4409.630055476656,4433.54931640625,281721,47.245920490197804
2022-11-18,4436.916877657727,4444.741332088295,4225.554564649911,4257.595703125,265784,30.287418571582577
2022-11-21,4249.573093616366,4298.3527336130755,4219.364382552415,4261.50830078125,75469,21.300092143465648
2022-11-22,4281.36694170115,4304.790978427809,4229.219866071428,4246.552734375,78381,20.162546014202533
2022-11-23,4246.553064527572,4318.36066736798,4198.516254351574,4280.97119140625,142771,26.30650201113764
2022-11-24,4288.646347105133,4303.453760619097,4233.181174948578,4273.5419921875,87759,28.688138490737728
2022-11-25,4287.556642496692,4357.878555334743,4278.7417388786025,4310.0400390625,75955,34.76048751012432
2022-11-28,4307.415643271353,4385.71048455868,4296.5700275554545,4324.84716796875,145227,35.9642333601839
2022-11-29,4324.84754876598,4348.32139795751,4249.028824608557,4257.94287109375,72081,35.22788490954544
2022-11-30,4242.6894904248,4327.224450289758,4242.6894904248,4300.9775390625,94140,36.44931974232879
2022-12-01,4333.365893323958,4381.749457726115,4320.3415765373675,4325.83837890625,101640,40.75940667206728
2022-12-02,4326.33290953254,4382.64006247215,4293.598745760022,4376.251953125,99209,46.3731197682515
2022-12-05,4407.500982047353,4500.504108293247,4313.507406142572,4355.79931640625,299103,44.94823470658185
2022-12-06,4355.997062484562,4397.496801349447,4314.695123356258,4374.0234375,134608,42.34976050001052
2022-12-07,4395.515862441913,4395.515862441913,4252.791988770727,4266.31201171875,104453,36.503894736510276
2022-12-08,4283.347002408531,4359.116383302617,4253.980273726753,4347.08251953125,93101,58.53241796459262
2022-12-09,4347.380086338483,4397.5960727788815,4288.646620525351,4326.234375,94332,55.97844568259698
2022-12-12,4308.455057881592,4308.455057881592,4143.941309407639,4166.8701171875,159461,44.190004201112224
2022-12-13,4188.5618571741525,4308.455582878098,4178.359936542774,4294.88623046875,170822,50.892750855534636
2022-12-14,4295.6294424595535,4337.822694090203,4280.723368738883,4315.63671875,62359,52.65529519022275
2022-12-15,4308.455331562994,4340.595611334121,4234.220947977746,4248.830078125,89635,46.28113148439095
2022-12-16,4244.02705183201,4244.02705183201,4092.8843516732513,4103.779296875,135127,38.40401276322617
2022-12-19,4081.989558007663,4134.136632753759,3979.626495065789,4116.55615234375,193769,42.13715392995669
2022-12-20,4128.144271577734,4184.649223263625,4047.075881617668,4176.52734375,95148,43.20699742644472
2022-12-21,4181.677312755333,4266.8066310322565,4135.126191556968,4208.3701171875,144501,43.63660217436041
2022-12-22,4214.363012382973,4229.418039622925,4075.4031281245575,4118.98291015625,153222,36.62805482505897
2022-12-23,4061.8335600196247,4125.222330524686,4031.1296243062357,4046.92724609375,95281,34.763253178045716
2022-12-26,4036.180714502111,4138.097867801698,4004.832843826524,4096.6474609375,71887,36.7293398893991
2022-12-27,4110.365480626068,4148.151032838841,4047.1251824716464,4060.892333984375,67131,39.44526219158966
2022-12-28,4060.892746827786,4083.6237589184834,4012.360957546062,4047.76953125,108258,33.47192270919042
2022-12-29,4012.310938513015,4045.8870799566957,4006.36824149226,4023.998291015625,77354,33.364214029834145
2022-12-30,4035.9829063071893,4091.4480829175905,4026.1775521657282,4030.386962890625,83592,40.96635525435955
2023-01-02,4030.386756848392,4114.327354659513,4021.225098680217,4083.029052734375,70637,34.4232226666346
2023-01-03,4073.719150163067,4103.481966796699,3981.7064802807395,3995.4736328125,90524,28.565675215195128
2023-01-04,4001.3662732196017,4009.834664518686,3884.493236190281,3904.4013671875,205531,27.66676080489451
2023-01-05,3917.12920752485,3941.8904486703177,3886.5244101926496,3905.64013671875,93908,34.20699285675923
2023-01-06,3925.449101308001,3941.9399910682814,3810.6065140658557,3826.0078125,104555,29.071819621265988
2023-01-09,3862.2580437737734,3932.0847374745176,3842.993848270611,3917.37646484375,161126,32.14115306679372
2023-01-10,3925.151292501317,3960.757902975111,3862.752975209472,3891.773193359375,80461,27.99312631499275
2023-01-11,3912.226383086062,3980.1217521166654,3845.371034506275,3869.240966796875,147264,30.861476139497867
2023-01-12,3912.276094152501,4096.6481986761155,3912.276094152501,4084.267578125,989712,52.347179934194365
2023-01-13,4056.980508043394,4076.393415992751,4021.225182480508,4043.312255859375,140966,46.6100424588454
2023-01-16,4051.1365855669355,4070.7475344597024,3977.9424626319883,4020.2841796875,72813,47.37652320200729
2023-01-17,4040.39069509088,4060.843382721726,4002.4068559947546,4041.182861328125,37853,49.57870313835633
2023-01-18,4021.225611601959,4059.8531482651306,4020.878857498049,4051.434326171875,27431,51.785749471956656
2023-01-19,4034.1503179566184,4105.413109947229,4021.2249038325085,4096.30078125,50675,54.08554211142611
2023-01-20,4095.5089389903696,4103.234252127017,3995.7211456159366,4026.276611328125,70720,46.55650835297589
2023-01-23,4047.472283544751,4056.435900771366,3893.5565126890338,3925.597412109375,104181,45.82667824217523
2023-01-24,3941.8901043446226,3963.679994649279,3866.071384027192,3876.8671875,68392,48.267932078610514
2023-01-25,3882.5623306336092,3906.0855080194633,3764.748402151306,3784.458251953125,59786,43.16133652642998
2023-01-27,3788.469602589087,3809.021431152152,3728.844586878761,3780.05078125,61151,47.165878038806866
2023-01-30,3800.552849798289,3902.371108816513,3780.0505930959953,3849.481201171875,81011,45.69652616648391
2023-01-31,3852.7991858910837,3939.017867742181,3845.2223435429537,3908.46240234375,55837,51.01488650653317
2023-02-01,3922.576382542123,4007.3093916657563,3883.552766185452,3945.208251953125,95408,54.54113998868663
2023-02-02,3964.9674150777714,4041.033985519939,3922.4276571459163,3956.4990234375,76170,39.90288369968035
2023-02-03,3961.798077448153,3983.4394961697994,3918.7135233559043,3971.999755859375,45064,44.128180696104565
2023-02-06,3981.557627603223,4135.126878979576,3962.7886569574334,4073.669677734375,130644,53.89172086294981
2023-02-07,4100.659571337634,4268.837717672536,4052.9692786638616,4240.41162109375,260084,61.9767867484687
2023-02-08,4287.656473202253,4352.035699526612,4100.709104452675,4145.0810546875,745369,55.107216706233544
2023-02-09,4209.411159944078,4234.073260369324,4141.169273392351,4162.1171875,219315,53.7018036653327
2023-02-10,4167.812057973815,4328.264898608739,4140.128797268929,4304.642578125,328872,64.47592908161232
2023-02-13,4313.011757134447,4335.197730587957,4189.601645050733,4216.1953125,295368,65.30676175987594
2023-02-14,4214.363163623676,4218.126678759743,4041.034478868296,4050.889404296875,242673,58.1637521821125
2023-02-15,4039.1029816550413,4097.3414656607465,4022.2653386967686,4043.8076171875,213847,63.22542540553556
2023-02-16,4050.344024672115,4275.473482640888,4050.344024672115,4260.41845703125,350896,70.1378463609355
2023-02-17,4254.030022147196,4254.030022147196,4122.547848221362,4142.802734375,136222,61.81905501862116
2023-02-20,4142.803124639132,4270.670266581999,4080.751553020454,4246.60205078125,188751,63.149999354377584
2023-02-21,4229.219365499572,4277.355307928841,4181.182564743897,4203.91357421875,80925,60.014569299341076
2023-02-22,4206.68695400787,4234.1719296918345,4153.945514181884,4193.46435546875,102302,59.17898746578957
2023-02-23,4215.452859974959,4230.309604752754,4121.3103303955395,4138.04931640625,103835,56.23909871521014
2023-02-24,4158.601327652231,4219.315700505729,4131.660902502265,4179.89599609375,109493,54.179195682789036
2023-02-27,4177.716294867927,4177.716294867927,3994.483124040386,4051.92919921875,136024,42.35129072910145
2023-02-28,4056.0395413934284,4109.226877818743,4032.467034600773,4088.675048828125,110008,47.59674685658663
2023-03-01,4088.1792161387802,4192.572490668803,4072.133741720956,4169.04931640625,124584,50.28022809860586
2023-03-02,4158.897962573566,4177.765834424546,4121.2608769394155,4143.10009765625,54701,42.79019006113669
2023-03-03,4149.983658591948,4200.942481928043,4127.203318699916,4180.24169921875,129669,48.31833838595382
2023-03-06,4201.189679026004,4209.410216118557,4159.88774298775,4184.4013671875,113583,57.35323976053984
2023-03-08,4146.318736562481,4196.782334324683,4146.318736562481,4189.55224609375,110640,58.044069161450565
2023-03-09,4200.00160703313,4272.750324955403,4160.3836222951695,4176.87451171875,164810,44.04941098565999
2023-03-10,4159.888503530935,4184.649744623382,4100.560666597033,4144.9326171875,76777,50.17279408269397
2023-03-13,4125.222366611661,4166.375351875819,4030.436393248428,4082.732177734375,99709,35.74319998742568
2023-03-14,4060.7938088740466,4108.4838577821865,4019.9375232995762,4089.516845703125,79733,39.38419740264919
2023-03-15,4089.51722638763,4167.613793451838,4089.51722638763,4136.068359375,74985,45.00822994238191
2023-03-16,4130.126047814898,4130.175376854218,4051.8307064353667,4079.266357421875,54551,44.89990879039456
2023-03-17,4093.180885215591,4204.210366976709,4090.605619882754,4161.86865234375,96067,48.53922875076362
2023-03-20,4209.361737752659,4209.361737752659,4124.3315374799295,4171.5263671875,120295,61.989937528085925
2023-03-21,4172.269331196344,4333.1680772495665,4165.979878923044,4182.173828125,336799,59.89109160980796
2023-03-22,4192.5728904018215,4207.974187256028,4159.888055678633,4171.72412109375,57400,50.33209499929677
2023-03-23,4159.888170357426,4234.171887685237,4142.060078198751,4222.880859375,58950,59.32183083082969
2023-03-24,4229.219436076235,4257.893143030293,4177.61691953542,4201.33837890625,107127,52.55825740548196
2023-03-27,4208.123195845502,4228.17979922973,4127.252603206843,4142.25830078125,56969,45.49026615627864
2023-03-28,4142.109445674156,4163.602394867667,4085.6044909495395,4132.79931640625,87283,43.98234725216466
2023-03-29,4110.018914264629,4179.449525048507,4090.7549605199547,4157.80810546875,84199,48.02986086724871
2023-03-31,4178.60752942078,4235.16229571531,4167.960196708213,4229.81396484375,104076,58.100157775008924
2023-04-03,4230.209597325103,4242.094990714918,4154.3908854397305,4193.662109375,80034,61.139776963703525
2023-04-05,4188.611517155654,4222.385946519357,4155.926679116841,4203.46826171875,68397,61.37417601832559
2023-04-06,4212.876936801492,4224.4653893671675,4171.178916241222,4215.20458984375,57829,58.489072749862245
2023-04-10,4225.257924165983,4253.980962093975,4185.689269849031,4226.9912109375,133286,67.54072527132305
2023-04-11,4209.410472701831,4446.722275133502,4209.410472701831,4434.9853515625,486593,74.98858556625866
2023-04-12,4446.1278413947275,4506.545261382493,4396.456895292305,4410.57080078125,260728,71.29610698970524
2023-04-13,4402.548326009968,4496.641034889822,4368.526286654557,4483.517578125,137512,74.16398331098944
2023-04-17,4471.880150056064,4506.050662830579,4422.3576677741585,4488.61865234375,84737,75.63081827473394
2023-04-18,4506.54557002048,4580.82928820763,4479.011265259625,4564.2392578125,163275,76.55847787040442
2023-04-19,4574.83685722777,4623.418211179568,4551.759093980654,4597.5673828125,166263,80.27237327957394
2023-04-20,4622.427678297073,4662.986777556591,4599.7464821487865,4642.93017578125,143506,89.07087334247828
2023-04-21,4638.2754384028185,4693.542332178113,4619.65517952415,4687.5009765625,172058,91.03827805469078
2023-04-24,4714.539828034766,4714.5891570647755,4641.890257280433,4681.8056640625,114136,89.90714399931576
2023-04-25,4669.969884550525,4682.548787973067,4626.39010195875,4660.263671875,136421,85.51230457498963
2023-04-26,4626.389888329708,4690.026272471258,4605.590447598617,4638.7705078125,63367,87.63185444986064
2023-04-27,4635.2049960568465,4714.5401059071555,4625.399641719835,4698.49462890625,89405,88.59455039378233
2023-04-28,4716.5210569392975,4818.537367074692,4701.961254181522,4803.87890625,184155,90.04781402159304
2023-05-02,4819.824731630769,4833.344755667805,4731.773858245774,4754.55419921875,215613,84.14636381736759
2023-05-03,4753.16737288308,4778.869732057767,4723.255603136452,4753.66259765625,54071,78.18157951325588
2023-05-04,4759.109897037363,4809.028455633379,4739.300906831172,4770.203125,58655,82.25252296129051
2023-05-05,4761.090865361406,4799.669067796685,4722.463333897063,4738.40966796875,50389,74.68102589900438
2023-05-08,4747.125968679212,4777.037741165228,4706.616675247585,4742.6689453125,65169,74.6396831996757
2023-05-09,4754.059276729853,4807.49422990076,4724.444928305376,4753.16796875,132614,70.97300848403904
2023-05-10,4746.333071909173,4783.574069253981,4671.009098434057,4719.0458984375,95820,63.461621705855876
2023-05-11,4736.3791181086735,4752.176982015032,4630.35168631102,4679.23046875,270091,54.07268300860192
2023-05-12,4674.922195858783,4728.258004499115,4584.791280642014,4702.65478515625,594553,51.78486188671432
2023-05-15,4843.694808123743,4902.725703213303,4601.9757676579675,4650.55712890625,914785,46.68212316743517
2023-05-16,4679.825102869975,4716.5210676666,4615.594348599513,4635.30419921875,195950,47.314005508923884
2023-05-17,4635.30378083289,4704.63524764022,4566.516867817588,4608.01708984375,176775,46.73125648086542
2023-05-18,4618.070221750607,4639.810299452772,4559.88131001781,4575.77783203125,97729,36.14720809944396
2023-05-19,4585.7815372546165,4586.475045405055,4485.300234314025,4512.53759765625,123842,13.653901680407103
2023-05-22,4518.430665232291,4559.534319902861,4480.842912875528,4547.64892578125,58538,23.238609379262954
2023-05-23,4565.478086754886,4565.9239825861,4496.691158710615,4515.80712890625,95077,21.515980773953615
2023-05-24,4521.402301516829,4622.4281579800745,4468.165636958991,4557.5537109375,176185,25.984325783710815
2023-05-25,4561.020002686035,4581.819442437698,4507.585058067331,4558.8408203125,79951,28.219512339573697
2023-05-26,4560.921373343348,4593.160798750662,4533.387067264413,4576.71923828125,85723,30.51516579580725
2023-05-29,4576.91664894765,4630.351595026197,4563.100168048763,4596.47802734375,81574,31.993926546222553
2023-05-30,4600.687401413822,4639.463887454316,4587.762228478947,4628.123046875,73873,39.491748474635955
2023-05-31,4633.274250045792,4654.766717819855,4605.5909881857315,4620.546875,52508,42.67163582083728
2023-06-01,4613.16739573887,4641.642821201989,4526.354586659249,4548.39208984375,100445,32.82600848887574
2023-06-02,4517.639174532495,4585.237363706193,4517.639174532495,4571.4697265625,62450,40.58701077108509
2023-06-05,4617.228528993027,4625.399738380959,4585.781753469773,4601.4306640625,98067,46.10474563747008
2023-06-06,4601.628512654171,4621.932728002731,4558.048733369456,4583.2060546875,58389,47.086146566030635
2023-06-07,4601.233129597969,4678.834958740571,4575.877521069308,4660.85791015625,199220,59.02887889848548
2023-06-08,4666.107043069941,4699.63385757363,4528.43455351503,4537.4970703125,153899,52.349012410241045
2023-06-09,4566.319734592974,4566.319734592974,4401.954418345026,4416.216796875,157390,39.35677134612389
2023-06-12,4437.26379969827,4445.682621796625,4324.303209578714,4367.041015625,507385,38.28205106509327
2023-06-13,4402.548699652792,4531.3071543108035,4379.817686710198,4526.70166015625,174163,47.95055513569444
2023-06-14,4554.978621423884,4619.853070974573,4500.206951357287,4583.70166015625,136491,51.53764613149797
2023-06-15,4584.790337319535,4623.6161477947535,4565.971798453889,4587.91015625,90604,50.70406526343082
2023-06-16,4588.653717236925,4639.265786999732,4580.878591386958,4609.3046875,78435,50.80531880127703
2023-06-19,4600.638382160409,4651.151311652375,4585.880779875565,4597.46875,49050,48.02628269617706
2023-06-20,4610.54277920482,4631.936586783583,4546.16355672398,4573.20263671875,72347,47.01581515479992
2023-06-21,4573.202655898901,4635.304038061134,4553.146051888059,4624.80517578125,92610,54.944549412634515
2023-06-22,4624.805120373087,4654.122524336594,4498.1760462635775,4510.4580078125,121683,46.46910552104939
2023-06-23,4514.420336524508,4533.684292732633,4398.735523111579,4415.919921875,119027,40.010695895804936
2023-06-26,4402.5974620841,4440.086073281507,4361.791231876486,4414.73046875,66389,40.758452004954
2023-06-27,4447.1189363242775,4455.042533538218,4372.389316653101,4380.65966796875,76029,33.85825885699305
2023-06-28,4406.46062791593,4455.091312922237,4361.692115733327,4443.85009765625,111104,44.20329409602773
2023-06-30,4465.68992977405,4483.963919551571,4407.600153610209,4459.00439453125,96878,53.049138207602645
2023-07-03,4476.832065627653,4476.832065627653,4406.6092876935,4429.48876953125,85012,54.578454810433
2023-07-04,4456.973514342974,4539.230153594032,4428.29980727011,4509.2197265625,136140,48.54811932323698
2023-07-05,4546.163079589314,4587.761957441766,4505.603980236012,4570.92431640625,145504,48.947065157384955
2023-07-06,4578.996602622094,4606.779001834662,4552.452748927714,4572.16259765625,58771,48.6959165865371
2023-07-07,4553.068048129034,4579.106835985981,4463.792204048073,4495.78271484375,156429,41.38371669845214
2023-07-10,4495.782585600072,4502.428869764903,4396.835194588189,4426.841796875,99707,38.082531887320094
2023-07-11,4438.893982837036,4438.893982837036,4215.803669077964,4234.7001953125,399943,30.848401770475746
2023-07-12,4215.803904293891,4270.361366584752,4172.455326878163,4258.50732421875,258551,28.60282809198486
2023-07-13,4295.060701243667,4324.075350160463,4245.760887541807,4297.78857421875,132186,36.382764660162366
2023-07-14,4300.119325915564,4376.499761462392,4298.135418498763,4367.62158203125,82153,46.80641822280395
2023-07-17,4384.435605946346,4433.884597603352,4344.856747912473,4399.6123046875,74730,49.03948170107474
2023-07-18,4404.274653680285,4426.544209127361,4338.508313741297,4348.923828125,154109,48.02538877009929
2023-07-19,4361.124338973452,4394.35478713804,4286.23183639356,4382.35205078125,117697,46.02641067027424
2023-07-20,4384.435792646959,4451.888650995374,4349.320725024302,4438.94384765625,151403,48.76970290079884
2023-07-21,4428.08122968092,4437.653485827114,4334.886987658488,4351.353515625,52083,45.526678463503885
2023-07-24,4389.940792587156,4391.776003923573,4320.950601946722,4386.91552734375,330161,42.624975193695285
2023-07-25,4383.3946758646725,4383.3946758646725,4232.667094043102,4273.73388671875,566511,33.12674444522068
2023-07-26,4304.533617190675,4304.533617190675,4219.7709809665075,4272.7412109375,299832,32.99533742004648
2023-07-27,4272.344703077412,4283.256194076681,4215.803340626655,4231.22802734375,122429,34.35592883640781
2023-07-28,4245.562320822733,4255.432455005812,4169.6778541070935,4236.93212890625,197155,37.862190051823696
2023-07-31,4247.595175696088,4314.998623801952,4172.801963087332,4230.4345703125,613254,49.64254266083125
2023-08-01,4191.103822596734,4577.866487000699,4191.004530352752,4517.70458984375,1142911,65.06741843482052
2023-08-02,4513.389628603606,4571.9149007107735,4434.777292764741,4551.43115234375,451482,64.84035745303287
2023-08-03,4526.830532915735,4634.408115379507,4429.12308442154,4467.41259765625,274815,55.743329069273365
2023-08-04,4487.499787546263,4512.3979252883155,4430.561735172623,4469.59521484375,98925,54.170874159350234
2023-08-07,4334.838285318883,4420.146315647813,4310.088843244099,4369.25927734375,272418,51.144247058674836
2023-08-08,4392.272394967493,4467.016215106351,4374.516517763617,4441.32470703125,117440,53.18003635651289
2023-08-09,4435.025440726459,4464.784054732676,4409.234641921072,4425.701171875,75190,49.25289341617316
2023-08-10,4424.858028646364,4443.7545552877655,4354.825991671086,4374.36767578125,153363,51.35376246183541
2023-08-11,4384.4360031414435,4456.303253087767,4368.068764668177,4434.876953125,73883,52.74079514171215
2023-08-14,4434.877027375726,4458.187943167326,4372.532630185997,4446.3837890625,122038,61.16348219996881
2023-08-16,4446.383276333995,4493.798471799366,4402.538726883403,4455.40966796875,99653,61.689838756750234
2023-08-17,4463.593216763064,4463.593216763064,4382.054910471663,4409.53173828125,102032,61.34712765402084
2023-08-18,4410.523887745417,4432.148770709258,4333.746762227164,4379.27734375,98941,58.78426875150284
2023-08-21,4364.596383590493,4451.045053726811,4349.816369980179,4426.7421875,82346,61.53129101539196
2023-08-22,4426.742554256124,4473.711663827776,4418.261542958138,4453.5751953125,110271,44.57228155351842
2023-08-23,4460.965110027701,4518.250444227888,4425.106075619635,4477.431640625,135623,43.63048571061119
2023-08-24,4487.102964918271,4528.269047165228,4473.711588765646,4507.9833984375,142725,53.84614672469516
2023-08-25,4497.518307255631,4513.389567272413,4460.369445537883,4471.18212890625,62971,50.14117446731616
2023-08-28,4503.470008837777,4512.348188609381,4453.872321515775,4473.166015625,53979,61.20438106089405
2023-08-29,4497.518508582587,4610.601241264196,4483.631155446249,4587.68701171875,452419,64.45857635961265
2023-08-30,4602.665506119991,4629.100977296509,4571.815646913227,4589.720703125,161993,66.64991325898389
2023-08-31,4597.706140127178,4613.874794300768,4550.935612508568,4567.798828125,215937,70.88248472612452
2023-09-01,4572.857434198853,4587.8355485078055,4509.421797442823,4562.14404296875,95140,65.58547094919354
2023-09-04,4572.113940205066,4587.786617503331,4499.602015931438,4520.18505859375,101519,58.41059764795963
2023-09-05,4537.245989695475,4601.673581391038,4523.30923283965,4568.29443359375,94875,61.812397939058755
2023-09-06,4592.745829405511,4686.18806572315,4515.472729707811,4648.39453125,250304,73.32437594703381
2023-09-07,4647.303343684831,4684.948182440279,4623.545857503895,4648.642578125,69512,77.94018735514821
2023-09-08,4657.668549599498,4686.236618463585,4612.584066435026,4624.93408203125,73909,71.62332203592086
2023-09-11,4626.47210719103,4671.110024177221,4601.871848904043,4647.3525390625,84625,71.34731614743922
2023-09-12,4653.304502292574,4671.110266064518,4453.921796096149,4469.74365234375,121853,49.36736935745299
2023-09-13,4493.550191102855,4515.670564527815,4421.186976072508,4440.083984375,138105,44.40446490366818
2023-09-14,4453.872327204796,4533.228627021363,4434.033252250654,4503.86669921875,82502,52.57882724962592
2023-09-15,4523.012141299284,4543.1486106140765,4476.687702991557,4506.99169921875,50181,52.664064452862114
2023-09-18,4487.598491545207,4514.7285218250045,4434.330384675168,4453.02880859375,101940,38.27617518824098
2023-09-20,4413.202806247828,4485.615439391477,4388.354555327884,4479.01904296875,107901,40.74786874140457
2023-09-21,4473.711446174428,4473.711446174428,4424.064354354192,4457.6416015625,84700,40.78498488685564
2023-09-22,4485.614940913201,4485.614940913201,4424.113807269544,4433.388671875,102180,39.554218900655925
2023-09-25,4419.154739873296,4488.392930159939,4407.251292762527,4415.236328125,108295,41.14351595844187
2023-09-26,4438.993117257203,4441.919574617371,4379.475891104034,4405.21728515625,90454,35.292630770531545
2023-09-27,4413.202448892695,4422.7747061763575,4395.1486960216125,4409.0859375,71124,24.976871281790494
2023-09-28,4433.93421697705,4433.93421697705,4294.168022695361,4322.58740234375,422876,21.11617960401162
2023-09-29,3967.8152042048678,3967.8648503301647,3696.6645358170294,3736.392333984375,3246796,10.57625376665652
2023-10-03,3769.424482913448,3831.9175730249076,3751.569314310174,3789.61083984375,828923,12.95530482152212
2023-10-04,3789.2636049930134,3813.0208506257213,3738.673960004887,3794.3720703125,415070,15.712453433362995
2023-10-05,3721.314621622339,3734.2100208176184,3620.6809586451914,3665.864501953125,1819526,14.279284099497957
2023-10-06,3697.5078921504582,3714.867084132385,3666.310992709612,3688.72900390625,441921,10.915687179780136
2023-10-09,3682.1820581735656,3704.947348869933,3644.4381686072647,3689.96875,295898,10.754341088507687
2023-10-10,3708.9153153347966,3729.746345455693,3665.864616622101,3673.4033203125,194379,11.155118915954773
2023-10-11,3696.267742448031,3717.793090862469,3668.2450483925713,3672.510498046875,273902,8.78489603334478
2023-10-12,3692.5478388523557,3697.457961485568,3661.9459687572667,3689.17529296875,234432,10.538903988686855
2023-10-13,3688.580274948284,3695.970282462579,3651.382006745901,3661.84716796875,251564,10.50572424639003
2023-10-16,3670.229041526272,3681.9341447426,3650.38996562613,3665.41796875,153337,11.036042779391806
2023-10-17,3685.1084427364167,3693.9863809936323,3653.3162743577795,3667.054931640625,180414,11.304650307398589
2023-10-18,3675.188587577962,3680.1483562521566,3620.680778283808,3645.82666015625,211278,10.70423200857131
2023-10-19,3640.4701716211607,3645.380294125845,3611.7035135892766,3618.94482421875,121817,11.404300040817063
2023-10-20,3611.0094591345664,3668.145852591101,3572.0256264396503,3577.382080078125,169108,28.331951576865805
2023-10-23,3571.0337496016573,3595.2373259229116,3486.717674958285,3501.844970703125,377393,13.03508986505345
2023-10-25,3470.052793278578,3514.1450919973495,3426.2084830139916,3448.3291015625,237988,10.497069732234735
2023-10-26,3415.296866468149,3427.2003118348694,3381.5704379291083,3402.203125,264742,12.928815686403738
2023-10-27,3407.361200793867,3427.20027619878,3376.1643031548833,3404.335693359375,264861,7.538414543906342
2023-10-30,3397.441646242887,3407.361183896151,3329.5424594415385,3396.598388671875,484497,7.031777986762435
2023-10-31,3426.2084776673723,3461.918815014224,3387.52227887495,3410.585205078125,208068,11.213612416797758
2023-11-01,3362.723129692327,3493.661021467957,3347.8438238087324,3451.7509765625,765465,20.881810997809595
2023-11-02,3476.7980582357936,3504.5727645498027,3441.9803830931014,3449.072998046875,140765,17.11721471364538
2023-11-03,3451.9989154978257,3546.234518076071,3451.9989154978257,3510.37548828125,169256,31.021559318715745
2023-11-06,3521.5353195930347,3613.489389392876,3508.738970131609,3606.793701171875,202226,44.04115813333214
2023-11-07,3616.217296776316,3616.217296776316,3556.154444542727,3575.646240234375,103360,41.23464582266177
2023-11-08,3606.7437356447153,3619.936768591527,3568.1568327031555,3574.157958984375,93643,42.85713590506126
2023-11-09,3588.888704587706,3605.702272388716,3546.2346928969177,3568.3056640625,60709,44.73223056707163
2023-11-10,3551.156276178518,3592.911193199654,3535.6472099128437,3588.3876953125,77028,51.19842446754266
2023-11-13,3618.5111243493843,3667.4737379558705,3600.864700156184,3616.870849609375,145731,63.95551495591305
2023-11-15,3636.6544494118752,3649.777374825002,3618.7594849259776,3624.326904296875,58681,74.03971142488797
2023-11-16,3637.5491466947483,3647.3915229164436,3613.589922903172,3628.45263671875,95145,84.90899803666598
2023-11-17,3638.592853604639,3638.592853604639,3593.9052012361976,3598.92578125,106571,77.68385895226325
2023-11-20,3602.803246102947,3623.3328935287755,3564.180091743032,3585.75341796875,196698,76.5008007234901
2023-11-21,3601.809039566743,3644.60787949352,3591.0224979370655,3605.5869140625,79702,76.87957134136204
2023-11-22,3613.738624905859,3633.1248349313773,3579.8872711642607,3589.381591796875,73308,70.37331777872706
2023-11-23,3588.934505712197,3717.181749822134,3588.934505712197,3686.462158203125,367164,77.46451502836425
2023-11-24,3690.339101533722,3722.599695190088,3680.3974552472628,3710.968017578125,157927,75.36720414803142
2023-11-28,3718.1761405179495,3721.5562035592925,3650.0260988109776,3671.152099609375,187097,59.49868264025413
2023-11-29,3678.409577497469,3702.0209903259997,3663.0497806427406,3682.1376953125,348892,66.7116971803951
2023-11-30,3698.242787947168,3698.2925447234925,3653.654648460938,3679.5029296875,109143,66.47250554882393
2023-12-01,3698.2928758115604,3745.8637562602153,3688.898067452498,3708.135009765625,116640,70.41067166152428
2023-12-04,3744.0241585696613,3747.0066525887023,3710.4213440786007,3718.275390625,146820,69.52622067323291
2023-12-05,3723.1464976640564,3817.0950541471684,3712.3597144629402,3781.25537109375,247849,72.38991740604847
2023-12-06,3802.6801309632756,3812.6217783644865,3760.9252118781887,3772.308349609375,130672,70.07421204349393
2023-12-07,3772.3082655615162,3796.317489130111,3742.8811355391745,3773.749755859375,97569,69.85467057841524
2023-12-08,3797.709298478148,3805.5631028205376,3733.08859051975,3780.708984375,130517,76.4732318089506
2023-12-11,3777.8259036478885,3789.9049078060493,3743.7757622794834,3778.820068359375,57768,79.07187744241327
2023-12-12,3792.7385510583204,3809.2417831244256,3727.7202729837227,3747.404541015625,113701,70.63506780370282
2023-12-13,3752.922151249549,3782.100983567918,3702.9653728711373,3767.7353515625,68326,75.64336847987633
2023-12-14,3777.8257872526437,3860.3414557636884,3762.7642894240707,3840.110107421875,248411,73.78066567817041
2023-12-15,3849.4057918362078,3956.228742345901,3804.5688659244443,3848.1630859375,421049,72.37367129812849
2023-12-18,3847.21870492952,3892.1549019981508,3819.8791749665697,3859.148681640625,140390,83.84044888911546
2023-12-19,3859.0491234909127,3861.3357508773192,3803.5251698191455,3844.83251953125,86789,78.93899863121253
2023-12-20,3858.353261632238,3898.0203367022755,3677.415283374813,3699.585205078125,215895,52.369801645035366
2023-12-21,3664.789480036382,3804.4696241171114,3658.7249781180085,3722.05322265625,194924,51.666659845159586
2023-12-22,3740.047571321368,3794.7266293816224,3715.8395639846603,3741.538818359375,174458,52.72473556736849
2023-12-26,3755.9542103191866,3812.6215978226787,3734.1821006279247,3775.6884765625,151623,49.30075205493399
2023-12-27,3797.709214124578,3858.3532617846827,3748.9951430533465,3828.5283203125,194880,56.360361076999816
2023-12-28,3838.0226989070416,3846.224557933735,3793.7326116196964,3818.139404296875,98788,54.92230223617955
2023-12-29,3829.522627011957,3861.3358990951297,3797.709354928784,3830.715576171875,85727,55.47693013609768
2024-01-01,3829.52262029268,3860.7890531638627,3809.6890820563276,3835.040283203125,70286,56.12479280636464
2024-01-02,3837.475760014554,3874.657422882702,3789.010230662039,3834.34423828125,90311,60.15089589448917
2024-01-03,3842.048994024131,3859.347362705658,3812.770649456778,3845.280029296875,74420,59.2570420995876
2024-01-04,3847.417501246846,3860.192615100951,3757.545106831252,3774.048095703125,296664,42.09214597748312
2024-01-05,3777.776258923078,3807.5514443720654,3760.52764629677,3800.34375,150782,44.51539412729277
2024-01-08,3802.7299521043724,3805.6129328131174,3578.993125010187,3588.636474609375,637074,28.75546635211974
2024-01-09,3588.9346121428935,3611.8004005305074,3455.5177562679273,3480.421630859375,726913,25.05954288574884
2024-01-10,3499.4597303470136,3514.720255518872,3440.903526831865,3470.6787109375,349077,30.766014798829048
2024-01-11,3499.4100753322114,3530.8755345090635,3474.804498387676,3510.793212890625,274714,32.76002287185189
2024-01-12,3544.197359011616,3544.197359011616,3501.498031237973,3514.223388671875,235308,30.95063898600253
2024-01-15,3523.31971879849,3530.229114963432,3487.927358171115,3515.565185546875,219075,26.932904263320367
2024-01-16,3504.43053582702,3521.3313355742707,3461.8802385083904,3469.38623046875,154577,17.771430123809935
2024-01-17,3461.8802672232086,3489.5180944058607,3414.955741961291,3425.841796875,185354,16.77331759589383
2024-01-18,3425.8414224498156,3439.759726718276,3368.2296329674873,3382.64501953125,187213,13.920898312714897
2024-01-19,3416.9439846498462,3439.760015375696,3379.662809373626,3391.095703125,144779,14.489080530477452
2024-01-23,3422.3121754896574,3432.452848741064,3319.018569020198,3342.7294921875,154574,13.462406626234952
2024-01-24,3342.7299972423607,3405.0143227308745,3312.5569995151163,3400.341796875,104919,19.076965052350374
2024-01-25,3407.996689460327,3407.996689460327,3310.5685460626864,3325.03369140625,210184,18.96948683555624
2024-01-29,3340.3932954716215,3360.276588897048,3276.965540901315,3304.702880859375,220222,15.462482175320332
2024-01-30,3320.510095630384,3344.3202916351943,3283.7260017566346,3288.74658203125,137530,21.263288707388526
2024-01-31,3290.685156107123,3405.0140965761016,3267.6205836165796,3397.557861328125,282092,42.068710888025834
2024-02-01,3395.6689853596945,3402.6281381345843,3295.904462421846,3303.211669921875,119362,36.20509004615431
2024-02-02,3332.5890766364896,3346.408111490834,3300.6267788613213,3305.79638671875,62110,32.00073054568419
2024-02-05,3305.598022861974,3310.5688469565034,3198.7253048295947,3216.272216796875,189760,27.274812821956658
2024-02-06,3202.4036157444616,3275.773026768861,3184.309864868183,3242.468505859375,208032,29.931380133393233
2024-02-07,3201.2597793570762,3224.0758084593162,3012.418261505929,3075.14990234375,2573353,25.407780853427937
2024-02-08,3081.9104532767064,3086.881276588443,3027.5296947895044,3055.465576171875,528933,26.18731370108354
2024-02-09,3068.4890886453645,3071.9686648029083,2983.5875274876857,3010.72802734375,328102,26.135533361990852
2024-02-12,3046.120804558912,3108.2561016492946,3022.55914844544,3056.0126953125,263915,29.469500877762982
2024-02-13,3081.9105602797245,3096.2761916062173,3012.3190314992144,3085.39013671875,129061,33.857222931809204
2024-02-14,3047.1149083732084,3096.8231450514013,3033.246358883193,3084.744140625,92609,28.67890097101214
2024-02-15,3097.7177242180715,3121.677190826417,3091.90200629151,3107.8583984375,111368,34.214906536914995
2024-02-16,3114.718001099546,3165.8677263056525,3106.615655891349,3155.727294921875,173996,39.58868938462767
2024-02-19,3167.3588727498422,3175.2624333104545,3141.759132570839,3153.83837890625,94090,40.38270493646415
2024-02-20,3138.5777411272584,3200.215948270081,3122.671107025885,3184.806396484375,156900,32.9400317930165
2024-02-21,3214.830266842881,3214.830266842881,3132.662653391297,3146.4814453125,216846,36.19162704979917
2024-02-22,3146.5313256729496,3191.1692243283255,3115.4139215235696,3175.660400390625,128532,39.04787656560319
2024-02-23,3186.2981378068353,3194.997079680723,3124.361623121553,3132.31494140625,247817,42.338746508437445
2024-02-26,3132.3149254313075,3143.54903599435,3082.656443187692,3090.7587890625,112245,36.53370479960368
2024-02-27,3096.822913769475,3110.641705447575,3057.2551117855,3102.340576171875,132308,53.33580933953533
2024-02-28,3102.3405061614517,3102.3405061614517,2982.4939106422808,3000.090576171875,148318,44.35090837361472
2024-02-29,3000.090641796703,3016.7926566048395,2971.5084078611653,3003.470947265625,156302,49.19144028354673
2024-03-01,3003.470945104621,3048.4071390990516,3001.0350475199516,3035.830810546875,77396,47.68471968205333
2024-03-04,3076.939750203684,3079.922244307274,3019.1291699154945,3032.401123046875,109680,43.53624317494012
2024-03-05,3032.948125079867,3108.7531876177154,3017.2900301950003,3025.690673828125,330334,42.90150684103364
2024-03-06,3036.129199576636,3036.1789563542206,2982.4940632163266,3007.89501953125,223179,37.82831880084044
2024-03-07,3013.909915444278,3086.881510094079,3003.1231309554555,3041.9453125,295715,35.6632953462489
2024-03-11,3043.138306698283,3065.904582438863,3002.42730863603,3032.053466796875,102055,34.958269934632256
2024-03-12,3051.0417314841498,3051.0417314841498,2976.578891955728,3001.33349609375,120796,27.325254761061373
2024-03-13,2997.4064789248846,3013.2136000855576,2897.1448749066253,2907.18603515625,309551,24.012111634911633
2024-03-14,2901.0224844152144,2987.713601687555,2882.332138654902,2980.5556640625,140637,30.66695052000803
2024-03-15,2992.485663102562,2992.485663102562,2947.002625655977,2983.637451171875,109494,33.98993098915544
2024-03-18,2983.090656044357,3013.313165434107,2945.8094802925325,2993.877197265625,94195,38.812969982572206
2024-03-19,3002.377447301193,3002.377447301193,2948.8913369484562,2979.958984375,115608,35.944297048014974
2024-03-20,2977.4734374257228,2977.4734374257228,2914.9903333873235,2949.2392578125,152712,43.01137107137704
2024-03-21,2956.297500077988,3080.9161312233787,2956.297500077988,3068.041748046875,162769,56.73683642102667
2024-03-22,3076.8899406964442,3106.7646379986368,3056.062239106499,3074.901611328125,118363,54.30544749384721
2024-03-26,3004.3660413376965,3130.6249715990757,3004.3660413376965,3109.69775390625,263767,57.96702840436984
2024-03-27,3111.735255515633,3169.396803381418,3076.442411563299,3117.75,566381,59.462458575473065
2024-03-28,3109.746960001248,3119.688606292812,3068.53888466591,3096.126953125,294812,58.99825511563842
2024-04-01,3141.560470912937,3147.6744867683483,3078.0829573493907,3112.431396484375,117937,57.45842480556392
2024-04-02,3132.314887464508,3189.429604869713,3102.8379991658767,3132.513671875,191518,60.40570319070974
2024-04-03,3111.735514572802,3137.4842832459694,3101.6448399426126,3127.19482421875,98215,63.760873302206
2024-04-04,3151.5020631498164,3155.428965126948,3108.7529815361127,3114.668212890625,85870,77.61310903553115
2024-04-05,3126.6479848470863,3161.443749384335,3106.764690825801,3129.23291015625,261433,73.45879989090758
2024-04-08,3151.4524066928225,3151.4524066928225,3073.5099897047076,3078.33154296875,151617,62.982118029174266
2024-04-09,3110.641804944357,3110.641804944357,3033.2462293706217,3039.758056640625,186296,55.83661406318133
2024-04-10,3059.0447209036415,3243.263484683577,3019.3278904737804,3226.76025390625,884498,71.79732437260066
2024-04-12,3225.070649817768,3300.6271755225,3210.3569620583794,3277.413330078125,568001,77.99829619184297
2024-04-15,3217.0674635233154,3283.6267468402634,3194.5497283971367,3225.816162109375,297843,65.20408124854134
2024-04-16,3181.327169453476,3246.5939875778945,3173.423608310065,3210.655029296875,318346,62.876001396791644
2024-04-18,3221.0936283824194,3305.5976278924522,3195.2453461793507,3210.0087890625,258712,60.17339191306536
2024-04-19,3191.2688835599224,3233.421372349825,3151.5022931105773,3203.844970703125,204308,58.765194835408856
2024-04-22,3237.1493140116727,3262.997596396867,3213.885956951395,3259.468505859375,252822,65.55281611725766
2024-04-23,3279.69955717708,3369.2241360996745,3264.687815980145,3354.460693359375,537626,70.04195387984434
2024-04-24,3380.1597803173063,3399.0489085014324,3260.1143998839784,3264.339599609375,308350,59.781614313544836
2024-04-25,3265.831114656204,3331.644770767568,3237.050094472068,3287.5537109375,219631,61.590967646301046
2024-04-26,3290.6850646055213,3320.5100047681094,3253.602673793507,3290.4365234375,314560,62.884408682010495
2024-04-29,3303.4601932064484,3434.739444597755,3297.6442327611,3404.864990234375,584654,67.62442041005824
2024-04-30,3404.865026757758,3445.476508608807,3388.113254688528,3399.297607421875,319818,71.7862087091342
2024-05-02,3403.970256149932,3449.751590205805,3385.3296675861397,3408.3447265625,183341,76.0632507251536
2024-05-03,3429.8681669722523,3444.780637263436,3361.817642753348,3415.601806640625,498125,67.9045872612957
2024-05-06,3449.751579510209,3477.5881916791673,3411.0786689761617,3420.8212890625,363090,64.87876345461463
2024-05-07,3439.809957663786,3446.172514834337,3312.109546940537,3357.393798828125,390962,63.32426493566086
2024-05-08,3357.3939943721457,3415.304093130517,3163.034778796841,3391.49365234375,1104255,67.6362309944709
2024-05-09,3405.0141114677526,3405.0141114677526,3191.4674844885617,3203.3974609375,417648,49.527857126916466
2024-05-10,3228.9974223379804,3275.723166617115,3192.859678509148,3228.599853515625,206898,51.72105108430495
2024-05-13,3211.152085210598,3247.936180304342,3151.6512288982376,3217.76318359375,190352,46.90793324864578
2024-05-14,3240.8774104436357,3332.539590012996,3205.385779174931,3316.781982421875,164996,47.223049916438875
2024-05-15,3414.955995638342,3437.821785419909,3281.7379160413875,3304.802490234375,574233,53.37034964306863
2024-05-16,3325.480892225004,3335.372782359725,3267.719826577092,3299.930908203125,120387,51.063452207895175
2024-05-17,3306.591724761732,3414.9059180744553,3295.705670061953,3408.44384765625,376376,58.5815402380315
2024-05-21,3415.005642540659,3440.9036825901353,3358.2884955163436,3363.5576171875,152043,46.658102306965134
2024-05-22,3365.148013115013,3400.04329134947,3320.808412898355,3330.302734375,79344,44.657442881940575
2024-05-23,3340.343627308783,3355.3058545515373,3277.164412230252,3311.1650390625,109024,42.590761533192364
2024-05-24,3317.726462681463,3367.235914394682,3294.81091728949,3335.969482421875,107938,44.086838668413804
2024-05-27,3330.451840519402,3382.0986496224664,3310.6183027287625,3347.20361328125,118079,44.58185843093145
2024-05-28,3350.235365562951,3365.1975921271187,3286.857368962489,3317.37841796875,103479,46.901685610965444
2024-05-29,3287.7026584160853,3329.407818981008,3280.7932623037073,3294.860595703125,146910,42.381241109564805
2024-05-30,3275.772976869277,3295.4077314347305,3193.3070562375765,3212.34521484375,179964,50.8463671566128
2024-05-31,3236.4034888411693,3245.947566521314,3157.168615163309,3168.80029296875,132888,44.53326322264266
2024-06-03,3255.889355087081,3373.697870683362,3141.560415900817,3284.12353515625,410020,55.09346221709859
2024-06-04,3231.035323808182,3231.035323808182,2859.167963612537,3030.661376953125,454767,32.24772209774227
2024-06-05,3068.986412050129,3295.655962405629,3057.0564357156286,3281.340087890625,244470,48.87693418059738
2024-06-06,3294.661887051922,3332.291118847106,3266.029894529515,3299.78173828125,87870,49.99295131051403
2024-06-07,3257.927406262947,3320.4602674166076,3257.877649485855,3309.82275390625,63466,44.861704926073536
2024-06-10,3320.51033541925,3427.88013069628,3295.7059729239163,3415.65185546875,261418,52.55211198874754
2024-06-11,3416.695661820002,3534.255642036839,3412.4704616853587,3464.7138671875,470032,56.484410739179566
2024-06-12,3464.6639011685024,3516.310707622638,3447.812858427681,3493.54443359375,309078,58.71702465513523
2024-06-13,3527.2963417734295,3571.0395884019613,3499.509487060549,3541.264404296875,241256,59.601962212787726
2024-06-14,3567.062795014015,3586.896331409651,3512.383738791671,3524.562255859375,138042,58.25312471101153
2024-06-18,3515.1675535795266,3584.9578661578716,3515.117796801912,3578.694580078125,157434,61.890968249528015
2024-06-19,3595.8936396934523,3649.429504680729,3553.1943153240604,3616.6220703125,365745,64.43898701237805
2024-06-20,3643.6136756048586,3816.5983357836435,3636.405981430743,3748.24951171875,1034470,73.03334543554314
2024-06-21,3767.834567326837,3825.247580444818,3653.9034349768567,3669.31298828125,444435,70.87706270593455
2024-06-24,3669.312708839423,3698.0937270180525,3591.0717564280317,3636.40576171875,128573,65.77903567480936
2024-06-25,3634.7655632049073,3668.4676485810874,3508.40713600072,3516.21142578125,237521,74.69659080495111
2024-06-26,3519.293318845973,3617.7653819769193,3516.360581492818,3571.3876953125,276820,68.41506456708048
2024-06-27,3578.9930825809465,3647.5406932166225,3539.5247907412404,3592.414306640625,200761,68.51839892618213
2024-06-28,3603.7971665562886,3650.77144714318,3540.2203845485506,3553.39306640625,162417,64.86828935626345
2024-07-01,3583.416887079326,3633.323906235292,3548.223553955555,3599.870361328125,266306,62.12376293461778
2024-07-02,3607.823683617708,3673.4385535870574,3575.0162486330332,3583.566162109375,414904,58.174344507971696
2024-07-03,3610.4085738039835,3638.592997046222,3580.1360649170038,3603.151123046875,166954,57.63556365875188
2024-07-04,3628.502313253385,3678.409331861388,3567.5599695634032,3637.797607421875,334561,56.849585594874554
2024-07-05,3644.7699772325063,3708.219840073637,3611.7503491671737,3651.19482421875,199447,59.027648933833525
2024-07-08,3651.194824466797,3701.1974971599884,3606.869702969594,3649.15283203125,121947,55.42596526218063
2024-07-09,3685.4599162613913,3713.349883195261,3652.58959808933,3677.342041015625,298779,54.74722649463508
2024-07-10,3695.3704051860673,3705.3809588320532,3594.8171721572257,3660.109619140625,231028,41.607898251801416
2024-07-11,3660.1097750952126,3674.4530885971158,3621.063872178965,3631.6220703125,87835,46.02991897415957
2024-07-12,3632.2198305191655,3702.3430752122576,3618.8227349872673,3642.827880859375,120592,50.70886571245787
2024-07-15,3621.7109216590165,3676.3454644906187,3617.52747583129,3645.71630859375,59153,69.28994926338818
2024-07-16,3670.51872729426,3728.240947381683,3641.433525771208,3650.946044921875,300978,63.92179178596726
2024-07-18,3664.542055540025,3681.6744133607835,3612.6965559685177,3646.61279296875,290141,60.07257798866956
2024-07-19,3643.624681954695,3655.527671850266,3521.1080510415113,3531.16845703125,134381,46.78335792669482
2024-07-22,3494.4133222905944,3600.7936650990546,3480.2691745106767,3576.589111328125,152745,46.62008892115053
2024-07-23,3576.5892458762855,3593.572291552501,3411.4407568161228,3543.021728515625,123236,44.39482164819988
2024-07-24,3536.0490767204583,3554.7752444108783,3504.7725708918024,3517.671630859375,188739,38.368066168243175
2024-07-25,3503.1788903132115,3513.189444450631,3437.5875704285263,3500.439697265625,245304,30.37856372612616
2024-07-26,3513.139439420134,3556.7673608793384,3484.3032570466717,3516.675537109375,158228,30.938643570336865
2024-07-29,3539.0374796330125,3591.779348966534,3501.1868114016434,3556.767578125,255792,38.183269400597815
2024-07-30,3574.6968210972886,3784.0707307678113,3574.6968210972886,3756.330078125,741208,57.023881217850494
2024-07-31,3745.173820162367,3805.93409782476,3612.746345598355,3786.0126953125,983055,60.95319533597298
2024-08-01,3775.1060010232686,3775.1060010232686,3645.965598814833,3671.7138671875,355652,53.0347584589808
2024-08-02,3626.6916120410306,3684.463683861514,3573.899891239554,3592.0283203125,266577,46.51591602231555
2024-08-05,3501.186892778822,3570.7624962989876,3437.0400666103515,3442.368896484375,186557,38.3906850171984
2024-08-06,3462.838131877637,3577.8343905404818,3438.03608058583,3452.37939453125,285809,38.725170405632646
2024-08-07,3501.1867622691193,3605.7741335460064,3488.237849634838,3587.695556640625,246049,47.08779702177542
2024-08-08,3570.911563927262,3629.679704030946,3523.3492132501274,3535.501220703125,94435,50.228447102916924
2024-08-09,3577.884073018279,3615.7347397150206,3521.1080729731675,3536.248291015625,86254,47.76785690162825
2024-08-12,3518.2694632166317,3536.04941458782,3438.4345293400434,3453.27587890625,155475,45.29159768206619
2024-08-13,3436.442166263857,3453.275655255104,3249.330283213793,3264.171875,449800,38.65055083907455
2024-08-14,3264.1718735903733,3296.145580866996,3213.7207724219147,3224.876953125,340278,37.901776191890036
2024-08-16,3237.228178861705,3319.752692939938,3234.090654976213,3311.833740234375,156142,41.532503853118875
2024-08-19,3311.9332942708334,3337.681805274709,3259.3905931361605,3268.355224609375,237931,38.11125296605539
2024-08-20,3286.931780260041,3295.647394044825,3249.379984360694,3276.32373046875,91501,26.501829794455873
2024-08-21,3286.932193470608,3342.214093569472,3282.997764532248,3289.67138671875,276233,25.3072543459176
2024-08-22,3299.13387864746,3371.0999519714987,3299.13387864746,3321.495849609375,205883,31.01923437741064
2024-08-23,3326.8744104032,3326.8744104032,3263.723658088983,3279.26220703125,116336,32.33176219808881
2024-08-26,3277.070969072369,3305.9071528235586,3277.070969072369,3292.460205078125,122169,39.98802527215439
2024-08-27,3292.460095522071,3346.795771943887,3262.627842560179,3277.51904296875,266780,38.397986946382716
2024-08-28,3287.0316093263145,3295.0001708034692,3250.177012494474,3277.46923828125,208936,24.91341911859064
2024-08-29,3278.017313657895,3286.035727740731,3237.2282858918998,3266.8115234375,86797,26.707567379720118
2024-08-30,3297.1914207566947,3309.891315395919,3265.217714279599,3285.437744140625,143368,28.911213276500987
2024-09-02,3287.778696708309,3327.8705220639126,3271.0945209392066,3283.04736328125,114522,33.443117952848496
2024-09-03,3275.0789223848237,3334.1957879187244,3275.0789223848237,3315.071044921875,107633,57.128905916072426
2024-09-04,3306.9531257888575,3345.7998643146907,3291.2650198457327,3323.53759765625,87645,65.12443449074975
2024-09-05,3336.835068898351,3361.7368231438613,3317.162683044398,3335.191650390625,83812,54.655560356741056
2024-09-06,3341.3675275123264,3364.67547424148,3277.0711438202784,3285.388427734375,174090,53.31146825133136
2024-09-09,3287.0317760525027,3345.550902368589,3204.955685947191,3338.279541015625,114550,60.25392889958487
2024-09-10,3320.051485509955,3397.9939832531486,3320.051485509955,3351.9755859375,124014,60.2997110246517
2024-09-11,3362.832632615461,3370.7014897664917,3284.043384089871,3289.222900390625,135118,45.159797355189376
2024-09-12,3311.933427959807,3318.8560672406556,3244.0513408366605,3265.666015625,201149,47.83986867766916
2024-09-13,3282.0512517602633,3303.865091487344,3249.529657569928,3256.5517578125,218548,44.21994553235638
2024-09-16,3276.9710518623892,3289.0235978124924,3248.7824614836272,3260.784912109375,98504,47.21019491963482
2024-09-17,3269.1023538432987,3282.0512662747315,3234.488914843891,3246.840087890625,159586,45.11980606347282
2024-09-18,3246.840070291275,3263.9726719603395,3178.4599495945695,3200.67236328125,164839,40.53317752502415
2024-09-19,3217.306512583295,3251.02358367959,3147.9799344204816,3232.49658203125,356393,42.69814940900829
2024-09-20,3252.169437748129,3319.852364087378,3234.2900250037974,3291.71337890625,219300,51.03327942209011
2024-09-23,3295.0002629284895,3366.219283121775,3284.441821403577,3353.668701171875,150812,54.29553133888116
2024-09-24,3366.7173083183466,3407.5561869103735,3353.7185434473263,3369.75537109375,175787,55.05778941462503
2024-09-25,3376.628075622166,3395.304391594332,3342.911245762467,3366.26904296875,94054,53.46282226012584
2024-09-26,3366.269131238871,3376.6780163107264,3318.905944055263,3370.00439453125,75857,60.50708754799761
2024-09-27,3391.618979656289,3460.3478224158434,3371.6975759578672,3415.773681640625,197341,59.796004024368415
2024-09-30,3461.343835774846,3463.3359761119827,3377.524628362301,3427.826171875,172555,59.62825043789568
2024-10-01,3431.4618130410295,3598.6522921187156,3420.106710119411,3588.2431640625,403892,80.4154202453424
2024-10-03,3551.986529067851,3590.584251446252,3413.5826157820584,3446.652099609375,457118,64.84479348183487
2024-10-04,3419.508858062934,3476.235005018506,3391.618893592861,3405.91259765625,138117,61.64661922087574
2024-10-07,3406.5102211777,3432.258733039484,3295.050063419498,3308.048828125,82660,53.21588719004022
2024-10-08,3308.048827265163,3361.4878960413134,3295.0999147091106,3330.759033203125,46394,55.64262849450892
2024-10-09,3343.8076505016907,3389.6268795523542,3320.44985302406,3351.427490234375,64554,60.49656541686711
2024-10-10,3355.7604688554106,3421.5011013708327,3355.7604688554106,3377.225830078125,80486,60.162278008573324
2024-10-11,3384.646487297541,3415.922993821749,3359.595419427132,3372.394775390625,234791,56.13355659830013
2024-10-14,3387.8837667716507,3402.924524059788,3298.735483897395,3339.425048828125,302222,48.8672485684796
2024-10-15,3336.8351314233537,3371.946605567435,3306.4549906745738,3346.0986328125,396102,48.090061095653446
2024-10-16,3345.7997721706843,3464.8301600165896,3328.3685438250495,3447.64794921875,286789,55.672038399860604
2024-10-17,3446.4029464034347,3482.1121609096053,3289.023852319116,3316.913818359375,231234,46.85619414716827
2024-10-18,3315.917458964427,3370.7013160515535,3270.0483808943327,3362.384033203125,199530,46.83736412108156
2024-10-21,3381.6583698577033,3382.305718223044,3274.082786957959,3297.789306640625,187400,42.74842417425206
2024-10-22,3296.992286793455,3315.917620161756,3190.8111086230365,3208.342041015625,309824,26.99357477481847
2024-10-23,3191.4087406988024,3374.6357950124852,3168.797997071038,3294.4521484375,196614,40.11894463187933
2024-10-24,3354.7644519227247,3531.068878285647,3354.7644519227247,3398.093505859375,1122637,49.53070183279346
2024-10-25,3403.0739619466713,3446.4030172209814,3264.4210337051213,3288.77490234375,234141,48.85887887805704
2024-10-28,3289.023674809259,3386.6385506818533,3276.7719631808477,3369.157470703125,82763,52.12806951838084
2024-10-29,3369.1577416291207,3395.454141928306,3278.1668709254095,3322.691162109375,92570,48.451685277382275
2024-10-30,3316.9138293294104,3359.6949965999856,3295.7473371752812,3321.495849609375,76519,46.915488687017294
2024-10-31,3327.3226023539382,3335.291163837547,3267.1600604251703,3316.764404296875,136983,46.92066227478166
2024-11-01,3365.7210645219106,3376.677836261994,3323.8861178779566,3345.948974609375,13038,50.36264198569625
2024-11-04,3316.963764163758,3327.820832549221,3253.812764795039,3304.313720703125,67333,47.764224296828814
2024-11-05,3304.363235708387,3372.594045471813,3265.9649234448825,3362.334716796875,84009,45.21214021140171
2024-11-06,3362.334902130745,3504.3743767851097,3347.842031059767,3482.0625,185776,59.384231471300396
2024-11-07,3441.3643681082167,3551.338403349936,3441.264521004579,3531.987060546875,251994,59.588800206712406
2024-11-08,3520.316062187747,3549.044021409345,3490.291551828982,3534.480712890625,204063,64.39238872964776
2024-11-11,3519.1689851821434,3530.1414508388907,3438.3717380733697,3452.735595703125,53500,65.00124381464464
2024-11-12,3461.214134405271,3483.3587587358697,3297.7245022586344,3313.734375,60245,51.11140756151158
2024-11-13,3310.692400971871,3312.039119275913,3245.705571621611,3259.62060546875,126831,41.535277425486235
2024-11-14,3261.814718953188,3336.5271360519646,3196.5785219859263,3301.61474609375,63191,50.85528631080043
2024-11-18,3301.7147962662493,3308.797121790895,3216.478733388785,3251.590576171875,75198,41.838560249584944
2024-11-19,3266.802112216261,3385.155013465365,3256.8770674819925,3329.6943359375,125094,50.46570111680599
2024-11-21,3316.6771707989114,3329.49510329185,3241.9647508895628,3254.28369140625,86698,45.93201450106701
2024-11-22,3251.939669005867,3325.903965089262,3249.8947517003,3318.572265625,82728,50.10206199690879
2024-11-25,3341.5146468832745,3444.9053429416294,3334.3327181692757,3422.36181640625,151165,53.97870326513832
2024-11-26,3432.1375282357667,3457.5237761493786,3393.534446129283,3443.259521484375,61888,57.39438687558109
2024-11-27,3474.2317943530916,3501.3636614459233,3413.0355053879935,3489.742919921875,86627,56.86468056447115
2024-11-28,3496.226633207531,3526.5504415445143,3443.708518853752,3459.867919921875,74236,48.67597056022893
2024-11-29,3461.31434851498,3511.189195035369,3444.6062749306498,3499.119384765625,85469,48.01397091929192
2024-12-02,3471.2893105245257,3592.9839357785463,3471.2893105245257,3574.031494140625,146051,52.197532686263955
2024-12-03,3600.9637818207757,3600.9637818207757,3540.21631848109,3577.871826171875,86740,57.61182397573522
2024-12-04,3576.92387864364,3606.9486314220917,3559.4180036438324,3583.656982421875,74134,69.59454501823868
2024-12-05,3607.9463953529967,3626.8988370205957,3554.2810118198895,3587.946533203125,121634,75.69279372256766
2024-12-06,3602.759238703922,3635.7762389367717,3538.221240011609,3546.8994140625,87813,69.22298049702248
2024-12-09,3546.1014320622116,3570.988930678377,3515.927151240867,3524.25634765625,88735,72.32705433513162
2024-12-10,3537.1241769833787,3654.7788932732965,3405.9034047912455,3638.3701171875,246107,73.86813190132395
2024-12-11,3660.214770331266,3660.214770331266,3579.01862578681,3584.10595703125,83644,76.36549217984597
2024-12-12,3603.3576247246465,3616.3250841388235,3545.1039044604545,3565.203369140625,55015,71.25782121647141
2024-12-13,3570.1909317277787,3570.1909317277787,3471.438738641482,3548.695068359375,119782,62.817546128066226
2024-12-16,3530.1416210948173,3572.8844617854943,3475.179443060707,3502.810302734375,144750,55.75035645043265
2024-12-17,3511.189082107313,3520.9146768659907,3439.5188325507875,3457.822998046875,129290,46.908809599467375
2024-12-18,3458.371506267935,3493.9820951458482,3441.663434012223,3459.11962890625,69498,49.92328781660356
2024-12-19,3441.364262495389,3441.364262495389,3377.0756367903273,3380.267578125,46059,38.730727972328744
2024-12-20,3408.44687736185,3409.843275597778,3284.4080415245403,3297.5751953125,84513,24.16813768050811
2024-12-23,3281.8646105907305,3336.327794590517,3255.6303937146795,3307.30078125,106283,24.993084089796284
2024-12-24,3307.6995669233047,3411.4392397098018,3306.7020700695884,3368.546875,183863,31.967567076382892
2024-12-26,3363.559435062874,3376.327443664625,3290.9915379985723,3317.973876953125,175779,28.998195734336136
2024-12-27,3317.973888554246,3359.2202380255517,3287.3507833403737,3304.35791015625,225643,30.29097422044748
2024-12-30,3304.357770718876,3310.6919729901174,3202.0147422572486,3209.446044921875,111594,27.10718476869515
2024-12-31,3209.8951506002604,3253.7350913315777,3172.0401913620794,3237.675537109375,222385,16.702583015049967
2025-01-01,3238.174092938429,3282.862000801407,3194.134460620169,3272.0390625,153236,23.18043147112266
2025-01-02,3274.333335458264,3301.614728202933,3231.540574452235,3293.435302734375,143643,26.743464046825537
2025-01-03,3293.4353399388942,3360.5669274447455,3279.8695287359546,3351.240234375,88157,34.21825454900238
2025-01-06,3366.551976591561,3376.4770218610915,3310.74207475219,3338.522216796875,114664,36.13399249296524
2025-01-07,3341.6146052566287,3498.421068773514,3325.405280678891,3469.593505859375,292488,50.86739562538411
2025-01-08,3471.28901976259,3509.3933505264977,3418.621137653395,3484.406005859375,149010,51.827016195181834
2025-01-09,3581.312929299684,4007.044626457643,3581.312929299684,3814.9765625,3487405,73.03139238043795
2025-01-10,3640.8636928167,3737.8203429989567,3582.111222692369,3621.861328125,784351,65.3813409371775
2025-01-13,3615.826347642739,3664.703694826847,3571.6871106448457,3608.794189453125,654796,64.25506342717529
2025-01-14,3610.4900165522245,3662.8086811707776,3561.1139191344814,3622.75927734375,145782,62.58209597277806
2025-01-15,3622.7591227179296,3730.538465233233,3581.1136281885492,3705.102294921875,250630,68.57648952546526
2025-01-16,3730.039583759058,3781.460594534905,3706.9975528871228,3758.169189453125,176708,70.98188736987706
2025-01-17,3770.139357493635,3812.5826555043127,3710.688445207007,3745.70068359375,102757,76.83977484149679
2025-01-20,3785.600576650464,3785.600576650464,3695.1773366899088,3767.6953125,99349,76.69432056139004
2025-01-21,3788.493102336137,3841.3604363076524,3746.9474552212687,3787.49560546875,487645,76.34734858052195
2025-01-22,3805.1012717116514,3805.1012717116514,3602.160585737263,3678.1201171875,201921,68.04044014181665
2025-01-23,3677.870866948734,3782.5081929115117,3592.684486739612,3763.007080078125,91974,68.83213952735332
2025-01-24,3753.630725710178,3762.608197732351,3680.8633761919114,3700.164794921875,65845,65.81462922171707
2025-01-27,3675.5266454141533,3675.5765689642844,3568.4452574439088,3595.17822265625,69312,55.62003312180797
2025-01-28,3590.988765563463,3611.1880773697576,3515.8272782946565,3553.43310546875,77697,53.01631810652867
2025-01-29,3493.2339469965095,3765.351134691744,3493.2339469965095,3730.837646484375,195692,45.755112407310556
2025-01-30,3766.5483192605384,3920.1628428744484,3737.3216111917286,3898.46728515625,403921,64.3233628318584
2025-01-31,4184.848560927178,4288.288693368268,4055.8222443070345,4138.3154296875,2487440,72.20480784292046
2025-02-01,4110.684435127233,4173.526735397317,4028.540473790966,4122.30517578125,179862,70.9119607413488
2025-02-03,4121.657313383656,4243.252091698243,4049.3387859828063,4162.5546875,484432,69.84938314868438
2025-02-04,4164.549401612958,4204.399596099902,4074.774683973397,4195.521484375,192534,69.31411935714875
2025-02-05,4219.4116650120595,4255.321551522801,4160.609031027118,4241.8056640625,174008,71.27335304842761
2025-02-06,4266.294070878611,4278.2640332004585,4211.730797804582,4236.76806640625,127885,70.41102031623812
2025-02-07,4153.826285751134,4259.311578353207,4153.826285751134,4210.88330078125,209986,68.32606221026643
2025-02-10,4210.883248497124,4239.860337002525,4149.137804183303,4198.21484375,194503,74.56881618493377
2025-02-11,4198.214847669345,4205.646393990455,4041.8572171680867,4054.325927734375,183277,63.03502115549232
2025-02-12,3989.9875579685554,4124.649638049994,3921.1103490432206,4090.784423828125,298036,67.90087433547684
2025-02-13,4139.611813780335,4149.586782006312,4011.283944964944,4098.166015625,254086,75.31500018185375
2025-02-14,4089.8371021654993,4098.166298621156,3949.98784315651,4006.04736328125,194278,71.68042635142183
2025-02-17,4006.047184608174,4113.726677005336,3945.598778268781,4097.81689453125,256946,69.14947692516229
2025-02-18,4137.7169344638305,4152.529860647898,4044.9497239708726,4074.82470703125,291049,60.83863641683406
2025-02-19,4034.1269409135684,4078.5654776500596,4007.9925701716306,4033.927490234375,166712,41.50776484795039
2025-02-20,4034.4260870963676,4097.567688813141,4012.032330666503,4035.423583984375,144501,42.761001389349396
2025-02-21,4013.927368722135,4049.837255718655,3930.436930161127,4023.802490234375,158392,37.85996890704283
2025-02-24,3976.371697155521,4007.9423752982702,3887.893531030533,3901.31005859375,92708,27.744679436511504
2025-02-25,3905.300129755822,3949.838268007005,3782.9569913858118,3800.064208984375,163002,19.150102828841725
2025-02-27,3770.5381852646765,3890.237810193714,3595.9762322431634,3764.25390625,365198,18.36092340648692
2025-02-28,3764.254054628153,3805.2013516425773,3615.6769380343226,3752.832763671875,126348,18.723587983376362
2025-03-03,3740.6132641878567,3849.091048849304,3557.073840025039,3817.27099609375,289860,25.70609523465511
2025-03-04,3800.463215253739,3900.2129059428134,3719.017690217917,3890.587158203125,80965,38.52500472226252
2025-03-05,3870.288060354127,4053.6779670175097,3870.288060354127,4045.59814453125,118051,47.284515858504854
2025-03-06,4064.7999255579953,4126.195665806304,4054.8249564155217,4110.18603515625,124932,50.6758760278027
2025-03-07,4138.614489233229,4184.499344982742,4053.37843090009,4067.393310546875,76960,53.65201469567005
2025-03-10,4104.998830384884,4238.3643617988755,4039.862477120604,4070.2861328125,202492,48.16709674860654
2025-03-11,4070.286157293251,4159.562131090028,3965.0502328735874,4112.13134765625,111902,52.422923973640984
2025-03-12,4159.561838915799,4179.511775793093,4073.777110343435,4097.6171875,66835,54.28318581164838
2025-03-13,4113.677180645136,4143.252866067019,4012.7804674792856,4116.56982421875,71524,55.33196206257858
2025-03-17,4119.163153542951,4189.88558127613,4050.435719466892,4128.140625,90146,56.856309626064984
2025-03-18,4128.140625,4128.140625,4128.140625,4128.140625,0,67.76558177386207
2025-03-19,4134.6246715486,4135.1234200011395,4004.950073888451,4062.206298828125,113928,71.73334153764443
2025-03-20,4062.306091693251,4177.018234245669,4033.9273538285775,4158.01611328125,117476,79.69159839234405
2025-03-21,4159.562104860369,4277.266739961933,4153.776817619669,4236.0703125,182555,83.11116374973946
2025-03-24,4264.299134487172,4300.059494816254,4173.526918992825,4186.39453125,114781,75.81436834165055
2025-03-25,4187.4918550728335,4229.386723560938,4109.6870993092125,4195.9208984375,115109,73.44509169412072
2025-03-26,4213.426505425179,4249.685611708237,4170.384615689936,4185.6962890625,218241,63.83326471044838
2025-03-27,4155.772062633693,4256.319562177898,4154.525191423775,4204.6494140625,63404,60.251120962178184
2025-03-28,4242.453810841148,4370.033556355124,4169.686223199448,4200.3095703125,187128,65.73741917021012
2025-04-01,4193.476817907759,4233.775593817429,4169.586573181942,4187.7412109375,75004,63.59530583616771
2025-04-02,4169.537196643021,4248.3394546657,4114.824392236984,4236.1201171875,84544,64.13773559273719
2025-04-03,4236.967846046745,4326.593038150811,3945.1001614679317,4182.9033203125,526968,58.93599517863703
2025-04-04,4159.561890158155,4189.437115823543,4021.0096742503006,4060.959228515625,222093,45.2076110662503
2025-04-07,3690.7385136522043,3908.1429133383276,3661.412202333909,3870.138427734375,165150,33.013812025929894
2025-04-08,3900.212763163554,3960.2620260541853,3715.6758421443064,3838.966552734375,298834,31.712170455861354
2025-04-09,3863.8543044457006,3990.6360188705185,3832.782128777239,3969.439208984375,118907,44.57602140505504
2025-04-11,3999.962546919084,4179.511987927921,3949.5390301965326,4089.138671875,179175,46.08226572637267
2025-04-15,4106.495161390006,4234.274615372687,4099.712377098231,4166.44482421875,172555,46.0363440066357
2025-04-16,4181.905964906046,4279.26176112575,4159.562131443911,4260.20947265625,148210,54.00129694820148
2025-04-17,4275.870506502349,4303.999628146529,4209.437112481237,4234.7734375,85788,52.070374520004606
2025-04-21,4221.905590362161,4244.848018850838,4188.489444519956,4203.35205078125,154047,50.920055734120965
2025-04-22,4219.411955180921,4338.114088199013,4196.469526110197,4264.29931640625,346774,52.978062921979394
2025-04-23,4304.298818932694,4313.17644361807,4254.324128591829,4300.208984375,218096,54.835130450729615
2025-04-24,4314.174027749261,4463.798560503571,4274.274152348112,4329.236328125,221267,56.7409629893957
2025-04-25,4358.861561627817,4550.680499056507,4319.161381627227,4437.564453125,1179134,59.07843412536028
2025-04-28,4459.708829981851,4523.648479216766,4414.422567756074,4437.46484375,194051,62.04911891127081
2025-04-29,4437.564755959071,4537.613502507513,4327.241498868798,4501.70361328125,114200,72.06714672853442
2025-04-30,4489.733692345023,4537.613545096092,4400.6574111130085,4510.2822265625,145845,89.20520182381419
2025-05-02,4472.776165503152,4598.460776755025,4442.152815398325,4501.10498046875,116812,91.67501308433503
2025-05-05,4538.510819485879,4692.723929876512,4537.613169732863,4638.3603515625,281315,91.74549079082529
2025-05-06,4628.385719182617,4654.819387621915,4518.661057736478,4612.22607421875,71732,86.96080291744151
2025-05-07,4538.611005916912,4688.235544573514,4491.528956262684,4655.81689453125,177812,86.3084585477399
2025-05-08,4668.28532148169,4713.871122970192,4487.738389176522,4536.8154296875,90736,69.78170214638254
2025-05-09,4513.673032957469,4658.310069372681,4438.960619834788,4583.59765625,196080,74.20735608253906
2025-05-12,4733.122590521918,4736.115081095483,4407.938614861192,4422.00341796875,483660,62.85178990243158
2025-05-13,4423.898540027865,4458.312181432817,4305.296261699123,4319.0615234375,217491,53.06736200795661
2025-05-14,4340.807446239876,4352.477867712105,4237.366823084378,4266.99267578125,264259,48.1725561326434
2025-05-15,4289.236786932868,4349.086602564489,4269.286848388994,4280.85791015625,175662,47.29323263080883
2025-05-16,4329.136288604473,4332.527680451026,4209.4366677214,4231.4814453125,117848,37.65533999892364
2025-05-19,4243.850537000581,4312.577975609304,4178.913391766766,4298.31396484375,165422,42.281727599944745
2025-05-20,4333.12645229475,4377.016315071216,4258.7130875392095,4305.29638671875,208328,38.36700437970391
2025-05-21,4324.647441259812,4339.111145076734,4230.48383933937,4257.31640625,60663,35.68522605823014
2025-05-22,4268.2892251569465,4339.111504891965,4214.723446928116,4310.3837890625,97820,39.71823645079009
2025-05-23,4309.186237431972,4329.136173716379,4258.313899906733,4276.96728515625,121818,28.061071743410466
2025-05-26,4263.999736585839,4292.727449405533,4234.373887005108,4263.7001953125,85974,28.506411812212463
2025-05-27,4264.298986821265,4318.163816128482,4229.386597455477,4239.26171875,64784,23.6895265129436
2025-05-28,4276.967679711866,4293.126837357544,4230.384379366811,4283.3515625,223355,32.31737393446555
2025-05-29,4290.13423019819,4314.074155298202,4255.321686527061,4301.20654296875,75430,29.470702452495985
2025-05-30,4305.495377151358,4422.9009489926475,4232.1793600672445,4250.53369140625,368490,35.137523510281895
2025-06-02,4251.431802044861,4438.861379511761,4214.424568188132,4384.39794921875,144525,55.37503404360956
2025-06-03,4389.983789411559,4464.6962086611775,4353.475306021007,4400.2578125,139776,61.65785757549094
2025-06-04,4413.923824308709,4448.8362161394,4392.876542107542,4417.81396484375,93928,61.903864598983134
2025-06-05,4423.599408693933,4483.449218789818,4420.008322676379,4467.6884765625,106419,70.51274222957215
2025-06-06,4473.673344641644,4481.5534720268815,4413.923383149341,4422.501953125,29862,61.2060601734726
2025-06-09,4428.7862340789,4448.337270047252,4362.053791213506,4398.861328125,40092,58.196392442693565
2025-06-10,4398.961115306574,4458.711079302225,4359.061241244837,4366.3427734375,35925,59.81675415688447
2025-06-11,4366.343133969529,4416.816576237056,4337.316362840062,4395.869140625,91760,58.03786391542048
2025-06-12,4407.440039925498,4586.889634305612,4399.061163401496,4519.55859375,343524,69.49966913591489
2025-06-13,4468.785927046122,4573.523097211266,4430.681352219579,4532.52587890625,109580,71.61882727320562
2025-06-16,4553.473630873203,4563.54844726148,4453.823785141532,4502.1025390625,43761,70.93599775976602
2025-06-17,4568.535929637834,4782.299326456439,4556.665813608008,4691.626953125,882796,76.40306170781152
2025-06-18,4710.080462803368,4783.496331246291,4668.285440565664,4728.13525390625,210529,76.95895246270425
2025-06-19,4728.135077782028,4747.287212161205,4604.046566823348,4626.689453125,78257,72.32152015368433
2025-06-20,4594.670388781223,4703.098008942833,4588.485713213714,4673.27294921875,53264,69.1230774004696
2025-06-23,4648.335441982337,4700.205279532354,4618.011634364901,4628.4853515625,46695,64.55101400403959
2025-06-24,4683.247869472144,4683.247869472144,4503.898124587321,4601.453125,93900,61.56842600652716
2025-06-25,4602.450628539743,4762.050130179613,4602.450628539743,4692.3251953125,143837,63.456037457048296
2025-06-26,4708.0857083163555,4735.117972794255,4648.136044828089,4672.7744140625,60967,65.46666940257433
2025-06-27,4686.240369373228,4886.737243414101,4671.377763186979,4814.7177734375,389456,72.42120615397576
2025-06-30,4823.196817686551,4909.679998257622,4775.017909723534,4808.03515625,134056,74.49662793796186
2025-07-01,4837.760145045493,4982.497043459497,4832.074704919009,4875.4658203125,265681,75.52563025734209
2025-07-02,4948.582196929153,4956.562172251755,4815.0174573788945,4864.3935546875,131800,70.85297897168667
2025-07-03,4871.375720344706,4937.609413858194,4822.8972759604785,4863.2958984375,77774,70.29376996297843
2025-07-04,4870.488706113225,4943.710162845532,4834.826669665059,4927.92724609375,49601,75.0732137877102
2025-07-07,4944.709150791181,4984.66639645414,4764.9015453078655,4880.9775390625,68058,63.39894077225221
2025-07-08,4920.73475103237,5048.597935793259,4897.159878790212,5034.712890625,346234,68.60719084527787
2025-07-09,5084.35948196176,5114.527397260274,4876.182331547018,5104.5380859375,190797,80.15981124423236
2025-07-10,5104.537895438746,5128.112766832559,4954.8982125118055,4998.95068359375,136373,69.1305455200447
2025-07-11,4924.0307713123575,5085.458131188047,4896.860138626313,5067.77734375,131069,75.09559349417513
2025-07-14,5064.580957796182,5094.848376700571,4944.709219150118,4973.67822265625,108994,69.75079268270565
2025-07-15,5019.628766998086,5089.55394385179,4977.673660885863,5075.16943359375,51083,70.0878823234629
2025-07-16,5064.78059982213,5064.78059982213,4938.815292015249,4957.3955078125,99268,63.53860275331808
2025-07-17,4934.919790106647,5002.447144650842,4934.919790106647,4963.08935546875,36373,58.10864974230256
2025-07-18,4954.698464530742,4980.2711993189,4845.814970048111,4864.09521484375,45821,52.78294210241312
2025-07-21,4859.799690710994,5004.6446969089575,4829.032808636118,4964.18798828125,51600,54.26601961350548
2025-07-22,5006.44273484589,5017.6309583656475,4940.713263005473,4988.0625,35375,55.874044587021324
2025-07-23,4978.672705934145,5061.5839889583285,4915.740045325427,5047.8984375,50856,58.304871780227316
2025-07-24,5054.591565955135,5174.463302697154,5026.222019144726,5072.1728515625,130031,56.73381447801455
2025-07-25,5071.573184171739,5137.003171085911,4976.275254981437,4998.0517578125,109229,55.330153488003994
2025-07-28,5013.93463645479,5141.498332044647,4971.680046354422,5097.0458984375,162442,52.98677245706242
2025-07-29,5128.0129355938725,5158.97980050152,5064.580809089497,5143.29638671875,66154,51.90008497803736
2025-07-30,5144.495451342599,5239.393911124647,5059.586303116556,5184.05322265625,107294,59.690429764386735
2025-07-31,5036.610691500609,5438.18100050165,5005.843808203269,5042.404296875,1101250,48.765783970867524
2025-08-01,5046.599774814801,5134.006243598707,4934.719494771401,5006.14306640625,144099,51.67333605142222
2025-08-04,5006.143467332017,5127.51360227781,4969.6824802906885,5095.04833984375,64754,51.038087340903274
2025-08-05,5119.521845645586,5183.453435522916,5075.069412059004,5170.966796875,124379,61.66263330620725
2025-08-06,5169.468458219236,5176.960441492017,5025.1229138303115,5050.09619140625,83144,54.22035966492916
2025-08-07,4999.650335303223,5044.602236419835,4904.751877390374,4946.20751953125,55070,53.96412238932629
2025-08-08,4919.735801144405,4948.205338267779,4769.896132074017,4808.35498046875,78915,42.74150849332615
2025-08-11,4794.869448906622,4868.7903529106,4775.390291770439,4819.34326171875,45471,42.045799319626106
2025-08-12,4842.817863663058,4908.747314777283,4803.360086102271,4890.26708984375,65184,42.64542323518543
2025-08-13,4932.721832470837,5013.635252566046,4900.7560368776685,4913.24267578125,65358,42.575826072755255
2025-08-14,4895.761396648503,5047.099460633863,4895.761396648503,4992.65771484375,90321,49.74926586443244
2025-08-18,5054.092181205844,5160.478349265618,4995.654708609631,5037.1103515625,120060,47.06517217140152
2025-08-19,5036.610754864079,5144.495316848474,4996.653509684674,5025.123046875,110837,44.01256964789251
2025-08-20,5060.085744545829,5101.041921729991,4951.202249105004,5005.14453125,50691,40.740356986714716
2025-08-21,5021.626465039454,5022.62539610471,4955.197549199962,4984.666015625,32447,46.583115072806166
2025-08-22,4971.680231447544,5044.60220389996,4953.699471116813,5025.123046875,44428,51.11766299144134
2025-08-25,5025.123068998565,5254.37776422472,4973.178650036648,4993.65673828125,202878,43.59621194271778
2025-08-26,4996.653340878141,4996.653340878141,4711.458513045132,4790.87353515625,165411,29.30942919795335
2025-08-28,4769.896065700022,4821.840483588273,4662.011505470576,4701.96875,64298,30.366219648072686
2025-08-29,4701.9689034375,4720.449129635416,4647.027690416667,4682.48974609375,92859,33.56166468223532
2025-09-01,4626.050081470739,4681.890234308466,4562.118488895891,4669.2041015625,148945,39.73170951411534
2025-09-02,4670.002825794492,4783.880969567877,4642.732202257752,4750.216796875,161392,45.37677529333774
2025-09-03,4729.93858045046,4892.764343621194,4729.93858045046,4837.72314453125,147645,46.56208188129934
2025-09-04,4874.783599648699,4900.555826034922,4744.922561133468,4762.9033203125,63663,40.788332855639254
2025-09-05,4754.911877661012,4804.358965464419,4648.026253520313,4658.4150390625,27788,30.130624362508883
2025-09-08,4674.897594564611,4707.462846235795,4621.554770951704,4670.0029296875,43550,27.28957158547327
2025-09-09,4706.963620095566,4774.890938891513,4646.028819410967,4765.60107421875,87317,35.4502954008785
2025-09-10,4793.870298822757,4832.628629994153,4729.938709090593,4772.59326171875,86038,36.76971840180454
2025-09-11,4771.8940015054,4785.47956240675,4738.030333796429,4757.708984375,48862,37.00526937322193
2025-09-12,4843.816910124452,4843.816910124452,4724.944109071696,4785.87890625,52133,36.10626535487193
2025-09-15,4809.853399221691,4829.6320405259685,4759.007902169118,4776.888671875,30323,37.07409449859747
2025-09-16,4772.493593418121,4869.5894092266335,4772.493593418121,4859.60009765625,63062,54.783103362499375
2025-09-17,4859.799645497396,4989.660684328776,4837.223705810233,4963.6884765625,100100,67.8376935682043
2025-09-18,4969.682295431767,4971.080701440424,4834.826594952714,4889.068359375,51401,63.09522704072316
2025-09-19,4879.878484653043,4900.056600508927,4756.210520031031,4788.67578125,147072,56.8202318474093
2025-09-22,4797.866032766737,4827.4344906288015,4695.07612099699,4708.26171875,55767,47.60328918741004
2025-09-23,4714.954612544052,4793.870166440446,4646.028369267454,4686.68505859375,86124,40.66898901730059
2025-09-24,4714.455390204212,4714.655371530646,4608.568692172292,4624.85107421875,81231,41.33216752988035
2025-09-25,4624.851149348137,4791.772638678896,4593.085334526268,4744.02392578125,194099,55.27777025216812
2025-09-26,4743.923908227216,4743.923908227216,4533.648906609648,4568.31201171875,58281,44.7859193308768
2025-09-29,4570.10990725424,4594.084254308688,4493.691676018186,4547.33447265625,59950,37.88129684031539
2025-09-30,4527.1557255321595,4630.045628385164,4527.1557255321595,4616.56005859375,51732,41.89664826002459
2025-10-01,4642.632172760314,4642.632172760314,4575.104334377895,4625.15087890625,33040,43.07049548641226
2025-10-03,4634.041212365037,4653.020902607532,4509.6742947234225,4594.98291015625,45252,40.041671867159465
2025-10-06,4594.58379800217,4642.732474259013,4555.126017804086,4569.31103515625,25355,39.35669331672273
2025-10-07,4585.09365941377,4585.09365941377,4516.06742420058,4567.212890625,55518,33.65716478450325
2025-10-08,4570.109926169765,4699.970973252184,4553.028106270902,4653.22119140625,144276,32.28861361730813
2025-10-09,4655.019203464747,4671.002102017415,4516.966722112329,4581.69775390625,68050,32.40309886825449
2025-10-10,4593.085091896587,4756.510313640334,4564.216081324089,4736.0322265625,112044,47.16148375621207
2025-10-13,4743.923769469779,4814.747886543184,4711.9579744343955,4804.55908203125,65265,55.25973433697055
2025-10-14,4804.858422968917,4923.731219711806,4767.0990238131335,4890.66650390625,98693,60.40773515899827
2025-10-15,4890.966665432863,4966.085991781546,4864.794475410088,4878.9794921875,73968,63.6656953250091
2025-10-16,4904.751628907423,5079.464578177536,4904.751628907423,5052.2939453125,139192,65.6649898442823
2025-10-17,5039.807241195114,5120.4206860761105,4978.872445783321,5103.3388671875,78213,81.1323199244461
2025-10-20,5124.516756548226,5185.351565521461,5019.628986677356,5148.39111328125,115192,84.02129668322732
2025-10-21,5159.579027093251,5203.432004023366,5149.489725617287,5180.9560546875,15245,83.32944066038188
2025-10-23,5184.352446379577,5199.236422298217,5025.322907055003,5046.00048828125,78264,71.6251125288661
2025-10-24,5083.360494957944,5083.360494957944,4972.179656261202,5051.09521484375,83158,74.0569526627219
2025-10-27,5094.548495390997,5224.409535469591,5010.7382755382905,5041.3056640625,137969,75.31882793899248
2025-10-28,5049.5967884224,5114.327329597553,4979.671610343356,4992.65771484375,99497,71.73627024980055
2025-10-29,5022.126290492621,5022.425774729937,4954.698438755525,4972.67919921875,58761,67.50220700355796
2025-10-30,5008.6404115737805,5008.6404115737805,4885.472405092535,4971.47998046875,124188,73.13802806450454
2025-10-31,5519.094483118908,5832.758857363132,5422.597638586173,5681.32080078125,5251693,83.81334004959649
2025-11-03,5693.907162814326,6092.480664211328,5693.907162814326,5899.1875,2486305,85.3757758672655
2025-11-04,5863.226112321622,6092.480800587711,5811.781160488491,6048.52783203125,808707,85.95000927820422
2025-11-06,6016.561996382174,6131.439072520967,5973.607959217234,6074.5,454757,86.79289684032858
2025-11-07,6039.5,6120.0,5952.0,5969.0,324340,79.44109691810124
2025-11-10,5950.0,6045.0,5950.0,5993.5,177911,79.08447828056897
2025-11-11,5993.5,6122.5,5980.5,6024.0,207081,78.88367490191695
2025-11-12,6083.0,6083.0,5982.5,6022.5,179442,78.34081422439253
2025-11-13,6048.0,6096.0,6013.0,6038.0,120754,86.33085728816724
2025-11-14,6033.5,6070.0,6002.0,6021.5,98666,85.24553008513668
2025-11-17,6061.0,6168.5,5980.0,6003.0,198064,84.70954339296514
2025-11-18,6030.0,6060.0,5955.0,6026.5,191163,88.00338157401143
2025-11-19,6010.0,6084.5,5979.5,6023.0,75432,89.08259891123961
2025-11-20,6050.0,6065.0,5961.0,5979.0,84783,86.33268922694202
2025-11-21,5980.0,5995.0,5853.0,5973.0,123829,71.3628304152627
2025-11-24,6014.0,6041.5,5825.5,5849.0,213604,45.73824434773378
2025-11-25,5845.0,5875.5,5759.0,5782.5,76706,23.711218830550337
2025-11-26,5800.0,5878.5,5776.5,5822.0,47401,25.697786333012502
2025-11-27,5869.0,5869.0,5701.0,5735.0,64599,26.64670658682634
2025-11-28,5755.0,5825.0,5667.0,5735.5,179874,22.95597484276729
2025-12-01,5788.0,5823.0,5735.5,5750.0,84074,20.281995661605208
2025-12-02,5725.0,5895.0,5701.5,5786.5,130383,26.209677419354847
2025-12-03,5800.0,5849.0,5727.0,5828.5,100426,29.952153110047846
2025-12-04,5823.0,5835.0,5718.0,5765.0,74509,27.480245829675155
2025-12-05,5774.0,5798.0,5723.0,5772.0,72734,29.301075268817215
2025-12-08,5750.5,5767.0,5541.5,5563.0,74187,18.829858776059183
2025-12-09,5519.5,5740.0,5440.0,5707.0,204296,32.126696832579185
2025-12-10,5730.0,6039.0,5665.5,5950.0,530118,48.661126500461684
2025-12-11,5900.0,6098.0,5860.0,6043.0,169017,52.99145299145299
2025-12-12,6040.0,6223.0,6040.0,6122.5,259808,62.150155486450466
2025-12-15,6115.0,6205.0,6050.0,6144.0,89002,66.72836649699212
2025-12-16,6144.0,6156.0,6010.0,6030.0,78794,59.00432900432901
2025-12-17,6030.0,6044.0,5878.0,5912.5,77124,57.48629270350063
2025-12-18,5907.5,5918.5,5785.0,5807.5,51396,52.7906976744186
2025-12-19,5824.5,5967.5,5780.0,5845.0,148636,53.61766945925362
2025-12-22,5844.5,5927.5,5770.5,5883.5,152624,53.68821292775666
2025-12-23,5890.0,6089.0,5860.0,6063.5,168685,58.08671713695802
2025-12-24,6080.0,6083.0,5850.5,5874.0,106978,53.45155161494616
2025-12-26,5899.0,5916.0,5750.0,5774.5,113505,50.074783128926114
2025-12-29,5774.0,5924.5,5711.5,5881.0,169627,60.133843212237096
2025-12-30,5866.0,6207.0,5765.5,6136.5,543744,62.77893484082119
2025-12-31,6136.0,6165.0,5870.0,5920.0,258489,49.09310761789601
2026-01-01,5950.0,6036.0,5870.5,5932.5,101811,46.488719415316176
2026-01-02,5915.0,5997.0,5881.5,5903.0,110033,42.79619297669839
2026-01-05,5903.0,5987.5,5888.5,5937.5,91016,43.28018223234625
2026-01-06,5974.5,5974.5,5718.0,5751.0,122700,41.33001864512119
2026-01-07,5779.5,5861.0,5727.5,5837.0,112630,47.60697305863708
2026-01-08,5828.0,5845.0,5724.0,5772.5,115437,48.86141834743005
2026-01-09,5750.0,5895.0,5659.5,5698.5,149473,45.34477279949157
2026-01-12,5743.0,5842.5,5709.0,5788.0,133708,47.06063404124345
2026-01-13,5788.0,6009.0,5770.0,5988.0,172579,47.704469443599876
2026-01-14,5960.0,6087.5,5934.0,6032.0,185693,55.27018012008005
2026-01-16,6032.0,6181.0,5961.0,6156.5,202662,62.53280839895013
2026-01-19,6180.0,6273.5,6072.5,6112.5,270837,57.919945261717416
2026-01-20,6097.0,6113.0,5910.0,5938.5,101814,42.82608695652174
2026-01-21,5890.0,5894.5,5606.5,5801.5,203759,45.44405997693195
2026-01-22,5786.0,5935.0,5705.0,5917.5,167468,49.46581196581196
2026-01-23,5910.5,6010.0,5846.5,5919.0,112538,50.581395348837205
2026-01-27,5948.5,5959.5,5715.5,5870.5,130270,47.589928057553955
2026-01-28,5870.5,6015.5,5840.5,5970.0,96526,58.40368380660016
2026-01-29,5965.0,6103.0,5964.5,6069.0,127967,58.81458966565349
2026-01-30,6042.5,6189.0,5885.0,6099.0,200809,62.73897776043699
2026-02-02,5948.0,5987.0,5801.5,5901.0,159782,57.203842049092856
2026-02-03,6400.0,6443.0,6192.0,6280.5,437271,64.52373930993807
2026-02-04,6300.0,6435.0,6251.0,6334.5,281371,61.18102613746369
2026-02-05,6340.0,6435.0,6240.5,6273.0,142551,57.68985322271857
2026-02-06,6297.5,6473.0,6227.0,6417.5,216269,58.22306238185256
2026-02-09,6500.0,6634.5,6434.0,6598.0,395796,64.08471134319697
2026-02-10,6899.0,6965.0,6290.5,6338.0,1756061,61.038961038961034
2026-02-11,6389.5,6570.0,6356.5,6432.0,616518,67.84602320973677
2026-02-12,6459.0,6662.0,6435.5,6587.0,542974,68.54057047909166
2026-02-13,6580.5,6580.5,6286.0,6304.0,141665,59.22376617153809
2026-02-16,6335.0,6348.0,6210.0,6248.5,104884,59.025787965616054
2026-02-17,6249.0,6319.5,6229.0,6241.5,73284,56.78241319010742
2026-02-18,6242.5,6491.0,6232.5,6386.5,221167,57.753357753357754
2026-02-19,6365.0,6496.0,6350.0,6388.0,124042,57.15700842000991
2026-02-20,6380.0,6546.0,6350.0,6526.0,156288,65.95201633486474
2026-02-23,6560.0,6666.0,6478.5,6649.5,194977,60.83382266588374
2026-02-24,6606.0,6637.5,6285.0,6328.0,175938,49.835067241816795
2026-02-25,6378.5,6497.0,6262.0,6430.5,126588,53.914988814317674
2026-02-26,6438.0,6506.5,6409.0,6484.5,58540,51.74388339406559
2026-02-27,6470.0,6470.5,6170.0,6256.5,265078,41.3258826517653
2026-03-02,5960.0,6315.0,5900.0,6269.0,169116,47.99535153980244
2026-03-04,6200.0,6223.5,6026.5,6076.0,244261,40.21978021978022
