Date,Open,High,Low,Close,Volume,RSI
2021-03-04,2514.330459359841,2549.3056898609825,2479.3552288586993,2527.8154296875,42301,
2021-03-05,2549.0336658940373,2549.0336658940373,2483.2414449820853,2490.275390625,93581,0.0
2021-03-08,2549.3055418205795,2549.3055418205795,2467.6966753903475,2500.184814453125,118220,20.884164381306178
2021-03-09,2508.889785972622,2519.9652752694346,2487.127421038535,2503.760009765625,70687,26.42765207156083
2021-03-10,2507.491099803226,2542.077720480817,2480.9099596150513,2488.33251953125,30154,20.29222449189531
2021-03-12,2483.241257682111,2518.2164866635494,2452.1521652541664,2482.5029296875,44753,18.655637594320183
2021-03-15,2487.2052492252537,2499.873902874491,2421.45174134914,2448.07177734375,51716,12.636354485055904
2021-03-16,2448.071553182679,2560.614097967375,2448.071553182679,2531.856689453125,240323,51.06071033566199
2021-03-17,2553.347171915381,2673.6619998596166,2449.0433027783874,2492.490234375,487790,42.316074789384025
2021-03-18,2533.7612369645576,2545.419647564088,2375.3622603350523,2424.560791015625,96127,32.663394446298184
2021-03-19,2428.8354317019407,2549.305669114357,2349.169629542117,2491.130126953125,119891,44.965830916136156
2021-03-22,2506.5582218050367,2530.3025554691244,2473.4482605554335,2504.654052734375,57361,46.935409364753774
2021-03-23,2505.0036343593024,2562.1298419687996,2481.0260958084973,2488.99267578125,68753,45.06760034591128
2021-03-24,2487.1275792677247,2529.8361852174075,2475.469168739907,2481.997802734375,46789,44.28056380952381
2021-03-25,2495.054988230715,2495.054988230715,2424.171897906476,2447.605224609375,36078,40.77907512614391
2021-03-26,2455.261007486568,2478.383519348779,2387.5644346712265,2428.174560546875,75736,42.550756418974515
2021-03-30,2428.835335212515,2912.270720333214,2413.6405034048735,2608.957763671875,381370,59.254118859098874
2021-03-31,2603.711758748961,2615.642275096878,2479.3553762415477,2486.3115234375,248064,48.76561995347046
2021-04-01,2510.4444156533004,2541.5335105839913,2475.469183856273,2494.200439453125,110273,50.419597096007514
2021-04-05,2510.444367089836,2518.216640672157,2465.7148946730213,2484.096435546875,103398,50.11325442945066
2021-04-06,2498.008485804749,2578.6847156739473,2472.2821868544447,2555.79541015625,156186,57.271009889216785
2021-04-07,2581.0555805634185,2704.751240262232,2546.0803490083035,2578.1796875,131841,53.409239962238345
2021-04-08,2588.167223857123,2741.2421212635218,2580.783563608882,2713.184326171875,296046,64.23809975331167
2021-04-09,2720.2954531188752,2774.701362181253,2697.056433577618,2729.777587890625,142455,71.08793736408542
2021-04-12,2708.637369255981,2719.091039373286,2560.5366567826923,2593.4912109375,138072,56.45084112908759
2021-04-13,2627.0284605446795,2649.2183394859294,2528.514893274254,2560.6533203125,86785,53.44522986774106
2021-04-15,2560.6534470583574,2595.9005955092384,2471.5831118436345,2551.71533203125,63872,53.891061427130445
2021-04-16,2565.1610561136063,2659.6330779438076,2565.1610561136063,2616.341552734375,87205,57.77798634464947
2021-04-19,2494.8995833814697,2645.681676582717,2494.8995833814697,2627.999755859375,73169,60.72652143515798
2021-04-20,2615.370068331381,2644.7104011930483,2522.8800124230797,2562.402099609375,47588,57.56596945847191
2021-04-22,2561.7409442074654,2617.0405855941,2513.5139567459723,2549.033203125,53040,45.83645308297985
2021-04-23,2553.1918333523026,2579.4621556155835,2517.439375411905,2539.162841796875,43420,54.35450693952461
2021-04-26,2571.0679760624016,2581.1719312283058,2528.398272070573,2570.71826171875,59514,56.06779453633838
2021-04-27,2572.6225474416033,2669.6205593863306,2568.7364106629907,2643.699951171875,163311,61.508731507294975
2021-04-28,2673.661870954408,2790.245964164629,2660.7598220713744,2761.682861328125,221627,63.9172236152584
2021-04-29,2790.1684305000967,2805.2467551721693,2677.7036691870912,2696.59033203125,93539,57.56720003145394
2021-04-30,2696.978935708174,2773.885544930047,2672.1076602203752,2703.624267578125,80880,49.26958147641613
2021-05-03,2696.9788663549243,2759.1570534754987,2686.486297278327,2704.7900390625,73296,48.04478003703779
2021-05-04,2719.051993143743,2743.5735531553423,2685.3204031985915,2699.543701171875,85717,60.439145298898815
2021-05-05,2716.409519514479,2774.6626699723984,2716.409519514479,2755.115478515625,57520,68.32164438136729
2021-05-06,2770.038295940487,2794.13234396915,2700.0878339217875,2710.54150390625,189190,64.02251182280239
2021-05-07,2739.7264178077266,2790.2461957247488,2702.1473994098797,2770.893310546875,153900,63.74890211896469
2021-05-10,2806.567912970216,2891.285692674939,2798.717840968029,2837.34619140625,268752,66.96910196742581
2021-05-11,2821.335331360199,2948.800619058015,2802.098954100925,2922.102783203125,267788,78.27813852647677
2021-05-12,2930.1468831998427,2949.5775654491786,2864.1214628671505,2873.681396484375,141366,74.18930231593608
2021-05-14,2912.2706591387328,2912.2706591387328,2843.8746575363284,2871.388427734375,159660,75.03659460099925
2021-05-17,2908.8586803069056,2925.292910139148,2867.9374079019904,2892.465576171875,232739,74.63602392048439
2021-05-18,2912.145543109594,2940.7822690030994,2872.580214804991,2910.9541015625,92059,72.32667792784065
2021-05-19,2880.098601325185,2933.5098450016862,2880.098601325185,2910.25537109375,52782,65.43692719021661
2021-05-20,2922.006011989343,2991.029776052083,2896.0809747693374,2977.101806640625,97218,79.03976132790167
2021-05-21,3015.4346442773913,3032.0743021129365,2982.8127379273737,3007.217529296875,130557,79.99577387735175
2021-05-24,3015.6809215393882,3058.697594766276,2975.006206112631,3044.974853515625,74666,81.34467928884722
2021-05-25,3046.9062486121234,3048.54967161569,2925.292946348209,2954.176025390625,79118,70.26668749737674
2021-05-26,2974.5955669382283,2974.5955669382283,2876.8119005112535,2884.453857421875,67978,60.06752349981985
2021-05-27,2877.0585474792956,2933.510088042524,2810.4999152295914,2865.92431640625,523243,62.60589619894739
2021-05-28,2892.4244300182504,2921.6774391580157,2867.279978307489,2896.779541015625,59521,60.726255914075125
2021-05-31,2896.779281927914,2933.1400119224913,2843.12148658165,2853.885986328125,80168,51.46823551237078
2021-06-01,2859.555992018769,2899.03926933005,2853.8040115750528,2884.86474609375,58779,46.34545946813685
2021-06-02,2898.998319461702,2925.0054095143264,2874.511275393502,2899.244873046875,52655,52.688429902299596
2021-06-03,2912.844046358312,2924.265755787922,2892.4655613481386,2902.9423828125,35957,53.308655059686096
2021-06-04,2915.39113640189,2920.691135199928,2879.7289392584707,2888.274658203125,36178,49.55456535480637
2021-06-07,2888.3159207300437,2937.5774850022244,2863.8700036200244,2923.27978515625,71579,51.2656089091487
2021-06-08,2936.796806800795,2978.704091956598,2911.0360718568195,2937.577392578125,62264,52.729223723134176
2021-06-09,2953.231057982177,2953.231057982177,2866.9513526154187,2878.126708984375,75148,39.96500889629504
2021-06-10,2900.6413455730785,2918.7189970185764,2884.207116986262,2912.884765625,43502,40.52488600789521
2021-06-11,2925.2928397021146,3073.1186532384295,2914.1997348324576,3031.581298828125,403564,48.84285234576568
2021-06-14,3032.1153990607895,3054.507037170385,2937.659703377991,3020.5703125,133568,56.65348614969224
2021-06-15,3047.2347874381867,3117.5733707234936,3027.1028560774257,3080.884033203125,186676,70.06292839986914
2021-06-16,3080.555216662846,3080.555216662846,3020.2827998976177,3041.359619140625,54121,67.18168302224969
2021-06-17,3036.2238624515776,3036.2238624515776,2921.061080904527,2943.1650390625,159299,54.01349329707857
2021-06-18,2966.1321312875066,3015.681377697653,2895.711491827392,2905.900634765625,118288,54.54482622095861
2021-06-21,2905.900348644381,2982.812622121196,2868.3481747639976,2956.9287109375,38584,56.08350803662627
2021-06-22,2973.362908578896,2979.813423764696,2921.1842310344,2924.347900390625,55314,52.055972882960994
2021-06-23,2954.0528811624863,2960.626573248522,2909.844761761261,2945.219482421875,52020,53.367811357288254
2021-06-24,2970.075946233624,2986.9210304493636,2911.5290071911163,2956.39453125,61577,55.45682226482209
2021-06-25,2958.1612438917805,2994.316547983791,2945.8355720422314,2985.31884765625,52475,55.01860410001185
2021-06-28,2987.7429493562827,2997.1103800083424,2941.7271063518956,2953.18994140625,47391,51.22755195630115
2021-06-29,2962.2699644809372,2967.1591077948274,2927.3472256486375,2937.207763671875,55797,54.98613337509118
2021-06-30,2951.9165032916767,3018.4751390968463,2937.618802512131,3000.479736328125,73686,57.05310395233623
2021-07-01,3006.6422344191,3006.6422344191,2959.3115740419626,2974.842041015625,33174,44.62603488670008
2021-07-02,3001.8762873713704,3036.223866771689,2960.2155561691497,2978.12890625,81776,45.92054352703086
2021-07-05,3007.4641185150317,3019.7486654338745,2948.30088995408,2955.860595703125,100997,37.03450706436262
2021-07-06,2966.2961415447526,3088.813401398559,2956.9287110754763,3074.063720703125,189068,52.91575066061268
2021-07-07,3081.417987342664,3148.798327332557,3040.3324141780954,3057.506103515625,131335,61.93088690468608
2021-07-08,3060.83416150681,3159.4806655834846,3041.3596393994467,3094.81201171875,214221,69.7101984568711
2021-07-09,3112.642958437564,3270.6581096762293,3107.9592433165044,3240.788818359375,443417,74.71911999506762
2021-07-12,3257.017848754456,3273.493204534677,3171.8064058999316,3205.332275390625,128747,74.34675475887465
2021-07-13,3224.3549752329395,3348.3513676779976,3209.2766887577945,3295.720703125,403314,77.10492481096543
2021-07-14,3336.1486758323044,3427.3586519449614,3311.497330936992,3410.718994140625,306261,80.27267832189446
2021-07-15,3434.7540792578325,3449.544886297699,3342.9689445830722,3364.004638671875,252444,74.64834211729843
2021-07-16,3389.559923666116,3418.3198260487375,3290.13283257191,3302.787109375,101916,71.92476114649682
2021-07-19,3327.9314951755823,3386.273010276191,3291.7761900428104,3346.13232421875,155649,74.7944668513497
2021-07-20,3373.577708949087,3432.9463687064917,3241.6520794873572,3251.964599609375,473056,64.69770231845645
2021-07-22,3309.0321356722197,3364.9085164086764,3282.737368266828,3329.328369140625,120814,69.53629855832651
2021-07-23,3348.474391918198,3368.195468091458,3287.256884630368,3296.788818359375,44992,67.01328521967498
2021-07-26,3320.9879946842034,3426.5367917065882,3299.171515276247,3399.954345703125,211537,71.82492527485607
2021-07-27,3426.290301113874,3467.581300362339,3386.067366231075,3426.947509765625,126597,69.05028262824764
2021-07-28,3451.1886092340796,3655.7947910672433,3377.4809205891816,3593.591064453125,507343,74.90461452472401
2021-07-29,3714.135834130469,3820.9583249351062,3576.3346605019656,3603.040283203125,791581,74.23782585722978
2021-07-30,3640.099819472341,3660.519431198675,3484.1800569559373,3546.05517578125,255026,65.9087687798185
2021-08-02,3590.016548850841,3594.9877428389855,3498.0257877178424,3521.69091796875,90971,66.6796760257678
2021-08-03,3548.971959776673,3559.654209250416,3496.3824239059372,3517.212890625,95784,62.841239079245426
2021-08-04,3510.3517600350037,3548.150491533508,3499.3409054524473,3522.184326171875,75884,57.40733409824831
2021-08-05,3548.9715942560183,3624.8153972176565,3496.3820638016573,3616.8037109375,210048,65.79395084201153
2021-08-06,3624.5693923274507,3670.5852358936118,3599.630368292313,3631.80029296875,120053,71.8154628354381
2021-08-09,3644.2900907602907,3695.0307701525,3586.7702922590006,3663.189453125,110691,71.3613948515503
2021-08-10,3689.4839133483283,3722.3523669193605,3656.5745347008287,3698.93359375,166547,82.68737098041848
2021-08-11,3682.0889864520577,3705.877693284415,3586.770458795633,3654.4384765625,119334,74.97641436002546
2021-08-12,3671.407289645772,3870.179237906614,3660.1496806619125,3838.420166015625,277121,83.75590817631958
2021-08-13,3855.4704125965554,3935.1764292252565,3773.0115821586082,3795.03369140625,288057,76.60476597104696
2021-08-16,3824.409674791116,3876.999208742222,3774.1207724598494,3794.909912109375,114044,75.70905823256729
2021-08-17,3806.989063675193,3853.8266152895867,3763.5615342576425,3784.35107421875,156584,67.04604804159364
2021-08-18,3815.1659974833933,3824.2457500866294,3701.810722849219,3717.957275390625,100904,59.320297457481466
2021-08-20,3689.8550126102873,3708.9184809836165,3587.2642391634085,3647.536865234375,157011,58.055085624368985
2021-08-23,3689.4848937691145,3717.4230867286133,3553.9847381608142,3627.56884765625,125872,58.46310024596453
2021-08-24,3648.399231978371,3788.0901935631287,3631.6363968334676,3768.286865234375,205106,66.47971265916863
2021-08-25,3771.6559449991046,3900.6646559718406,3771.6559449991046,3871.493896484375,216114,70.3086382953355
2021-08-26,3868.7820239073617,3964.7577611372226,3825.1490655032662,3894.090576171875,253529,67.59479669658086
2021-08-27,3903.5402537734158,3964.2237247651574,3873.547785767368,3914.263427734375,249784,67.80627850504514
2021-08-30,3949.145438584043,3993.5178592422903,3864.509154735904,3873.4248046875,163009,63.097054514836934
2021-08-31,3873.42478730819,3913.072366699937,3785.624834358095,3861.674072265625,192573,60.45067799240874
2021-09-01,3896.2680125109705,3899.8016124779956,3805.6743252446445,3823.834228515625,124401,60.971841609647264
2021-09-02,3823.8340773232717,3908.6757810911085,3820.9580873650402,3876.505859375,129169,52.97244110241687
2021-09-03,3898.980090288143,3949.967127690945,3848.9788659363703,3902.307861328125,176060,58.608623689932415
2021-09-06,3919.481699156806,3984.8900163966423,3876.8758765978655,3959.006103515625,258567,62.0723459223965
2021-09-07,3984.478606270507,4003.706572918783,3881.7646805572026,3897.377197265625,111882,57.734027180313895
2021-09-08,3901.4863827037834,3938.052546147406,3855.018755717086,3871.24755859375,138138,61.10087045751972
2021-09-09,3888.708784177048,3950.049467966945,3857.196067619012,3917.550537109375,200165,70.26140342392173
2021-09-13,3941.9966631749735,4026.0166692658577,3906.704392794853,3990.272216796875,219792,75.21999954504511
2021-09-14,4017.3473611100026,4026.345262161815,3964.757827235787,3971.249267578125,114390,66.98760546065935
2021-09-15,3997.6267260300647,4052.3114696746343,3949.2689206405266,3999.14697265625,178264,62.22556217987418
2021-09-16,4015.0879079336946,4035.26076522567,3945.037000970001,3950.213623046875,131055,55.11687705783576
2021-09-17,3984.6842237364344,3984.6842237364344,3879.8750894416576,3936.655029296875,300913,52.066420331651045
2021-09-20,3933.1629095657445,3956.540761575859,3853.8268269555097,3857.647705078125,90924,48.63982447772906
2021-09-21,3857.648086294627,3872.726573632226,3785.2965440887265,3836.489013671875,99480,47.86340435297344
2021-09-22,3862.0438513749964,3889.1603294803954,3807.0714350974927,3839.775390625,114862,51.4366064800534
2021-09-23,3874.3700661822986,3886.6957397756673,3831.681989480056,3860.44189453125,96759,48.463704499287864
2021-09-24,3874.3697969679165,3984.47914008429,3845.6098939151325,3870.58984375,254974,46.87298268788171
2021-09-27,3874.328819263749,3894.8302805685703,3738.0478859749664,3767.424072265625,143564,32.69759779014686
2021-09-28,3759.3299260387084,3794.334914447739,3681.2673374105825,3762.00048828125,73541,36.392197089982794
2021-09-29,3738.7873583118426,3772.929310950513,3638.4563030226495,3725.352294921875,647138,35.638580380278285
2021-09-30,3756.0431107435265,3819.684824269945,3722.3529406405987,3743.676513671875,148890,31.886722199388785
2021-10-01,3738.787186097568,3738.787186097568,3685.4168656648403,3707.767578125,56021,18.125403893797895
2021-10-04,3725.640204986749,3807.729109408038,3692.032282500664,3798.15625,116287,33.17903995194209
2021-10-05,3798.1556812162485,3878.477974004152,3756.2074729413157,3864.5498046875,106387,37.83053202986487
2021-10-06,3894.830345709074,3911.346827473714,3801.894692735389,3829.381103515625,142811,38.79618210431573
2021-10-07,3837.4745308452207,3921.412271016828,3804.0720423195953,3897.130859375,188073,46.66990027247037
2021-10-08,3915.414172798655,3990.14858917773,3887.311480440868,3935.710205078125,235977,57.0579613532115
2021-10-11,3927.780989275213,3928.5617756945717,3833.8181985438355,3899.06201171875,86184,55.50334432002405
2021-10-12,3894.9120981441715,3919.1116597507885,3839.364326372641,3892.81689453125,78441,54.640888556983526
2021-10-13,3927.78053734202,3928.9308530700455,3862.043624583158,3898.034423828125,97935,53.380565246123346
2021-10-14,3943.8870050352252,4024.4969917981016,3871.617310617838,3925.8916015625,437602,54.81958780434664
2021-10-18,3925.3981254581377,3965.949668626777,3873.2194446955373,3886.24365234375,88730,61.644390829095656
2021-10-19,3911.347063675668,4227.706017355317,3898.939138753611,4062.5419921875,1105420,72.06373763928987
2021-10-20,4067.389258504461,4089.6577181271014,3834.557248496032,3849.30712890625,315975,57.22631892820493
2021-10-21,3890.804088641036,3890.804088641036,3702.2212927924365,3734.185791015625,318021,49.50282212455614
2021-10-22,3730.570124846204,3845.938336567552,3690.347187348804,3737.801025390625,147504,51.628419108273846
2021-10-25,3774.367234532434,3774.367234532434,3565.7760933345335,3657.232421875,154946,42.27684047602228
2021-10-26,3668.941886919809,3800.415728332389,3661.0947025010246,3734.144775390625,102115,42.934768374940774
2021-10-27,3755.221729002493,3873.5481904852845,3702.18040971029,3832.0517578125,164552,50.13548329724656
2021-10-28,3685.3764219337304,3754.0715899992156,3498.8888190891503,3641.044921875,533554,38.45273663607001
2021-10-29,3646.7554582217977,3687.6356033426932,3583.483675823628,3635.662353515625,161515,36.05288888848539
2021-11-01,3685.3756121925694,3685.3756121925694,3574.444573698479,3623.254150390625,80040,36.88406872289208
2021-11-02,3654.233234977484,3679.91171895252,3599.0963139410246,3617.37939453125,129909,36.89706562802547
2021-11-03,3638.497497715704,3645.9338260974328,3599.09627187441,3623.377685546875,85117,36.943906079181865
2021-11-04,3625.391214654052,3656.616252314264,3625.391214654052,3637.7578125,8606,36.12548752582817
2021-11-08,3615.5300155290342,3733.2401688755194,3615.5300155290342,3679.212646484375,91560,40.048149176542054
2021-11-09,3681.2673022399676,3730.5699893235387,3636.1554238037593,3648.6865234375,49611,26.863842752658314
2021-11-10,3646.755493225351,3710.027276230838,3619.5980897115687,3689.607666015625,133754,38.94166577349627
2021-11-11,3680.1991849612705,3693.182065216203,3656.9445104852325,3669.557861328125,84528,44.846305762443656
2021-11-12,3636.2788361261873,3708.466272058404,3636.2788361261873,3656.862548828125,98135,43.637771895994796
2021-11-15,3664.8330693274547,3678.802163986326,3644.7420638716776,3662.12158203125,52209,50.43592779959424
2021-11-16,3683.691654794985,3703.9467626144133,3657.067881753248,3670.256591796875,94444,43.507285527989886
2021-11-17,3673.009193461647,3722.1883019201687,3660.1904148161057,3678.26806640625,56975,30.87759924615183
2021-11-18,3693.5935063517736,3697.7020642008856,3545.685423783738,3595.5634765625,123300,42.25982832118729
2021-11-22,3582.6623913246144,3626.993890350007,3450.3668305440497,3490.343017578125,100904,31.541554976413252
2021-11-23,3484.015552362481,3512.8163776112115,3405.1721798411368,3484.6318359375,78585,32.08746210364593
2021-11-24,3492.314725801597,3523.4988370538263,3386.23209438907,3417.82666015625,81572,27.722152145069515
2021-11-25,3430.5223197506293,3458.7891149713073,3394.6546931909993,3435.2880859375,73837,29.52591075235499
2021-11-26,3431.4671440578045,3471.7310066197856,3373.7419125276174,3436.23291015625,116337,27.40247524101953
2021-11-29,3391.2035175552983,3492.274036736132,3332.040286815298,3459.03564453125,158414,24.233132515318488
2021-11-30,3451.18814483801,3506.9822729342977,3442.1083936617542,3480.112548828125,96075,29.825951539906683
2021-12-01,3480.0302429312705,3500.408526405385,3389.6006571024395,3397.4482421875,72456,18.211907336030407
2021-12-02,3400.2423586836717,3457.392235903733,3397.818149145742,3440.054443359375,40469,26.197462267227635
2021-12-03,3438.8625702028,3470.744815381061,3405.377827135712,3416.71728515625,77115,25.631668784822608
2021-12-06,3437.2190887248576,3442.971069031115,3364.6619255961537,3372.920166015625,39760,22.78250663911912
2021-12-07,3393.6682472975285,3452.913722368489,3380.561789338636,3428.015625,64232,29.053560805364825
2021-12-08,3442.149393834074,3506.242889350679,3440.9577516961263,3473.662109375,36850,33.3889765402637
2021-12-09,3500.4910472329248,3509.7762268442098,3455.3378390791436,3471.238037109375,52465,38.393675605378995
2021-12-10,3483.2351967992035,3594.9879655570926,3480.8109872804653,3539.440185546875,135380,54.923747554065194
2021-12-13,3615.530664371471,3615.530664371471,3509.8175582596023,3524.197509765625,106583,53.89344153987714
2021-12-14,3511.9946643317103,3557.8460017985453,3492.4380927185525,3532.00341796875,152238,62.71151981143153
2021-12-15,3532.1267927672857,3557.9284529647116,3421.113491700142,3438.533935546875,56435,50.30906055355197
2021-12-16,3451.1884611336204,3474.196384207845,3428.3859659439877,3442.0673828125,55514,50.55281668637543
2021-12-17,3463.0208196458243,3471.854218154231,3375.631722529022,3395.1064453125,108030,44.20786682875986
2021-12-20,3386.2732287936906,3386.2732287936906,3211.2486721974624,3270.987060546875,77115,34.033901337936015
2021-12-21,3286.8457711973383,3352.2129565946548,3286.8457711973383,3310.63427734375,37798,42.906054043184106
2021-12-22,3336.148612339971,3342.640052793597,3270.247391696674,3283.394775390625,55108,36.8688890253136
2021-12-23,3283.3948638547126,3311.3741806548755,3270.8226377360097,3281.669189453125,81378,38.25483718775333
2021-12-24,3297.9799215725407,3303.2799201277294,3194.81401230264,3209.317138671875,93348,36.44468178931058
2021-12-27,3212.8094244356757,3234.2150472066933,3136.4725132016465,3221.642822265625,129840,31.59668292980291
2021-12-28,3234.2154637651106,3265.3993762771756,3233.434877932462,3255.456787109375,78311,30.122025372986272
2021-12-29,3266.303157003418,3280.9707872744693,3222.1361646288437,3234.913818359375,93844,29.1594218624723
2021-12-30,3253.977279901164,3267.782072120343,3230.0244718360377,3250.854736328125,60421,21.96673895266879
2021-12-31,3244.1168278112737,3299.171495355183,3244.1168278112737,3254.96337890625,102073,23.268290341675694
2022-01-03,3258.085851568867,3312.277680780656,3258.085851568867,3303.978515625,79157,29.072409342678398
2022-01-04,3311.373998470325,3368.606121261004,3291.3241185320567,3357.06103515625,121982,41.9239081244207
2022-01-05,3371.893272563326,3392.9291680340393,3311.4974749433904,3322.7548828125,91269,38.85306327266091
2022-01-06,3311.4975246583062,3319.5914636176894,3267.741384909409,3295.720703125,42911,40.35565369015579
2022-01-07,3297.5279802314635,3333.1081253987027,3266.9192293559036,3287.09228515625,39877,52.01434688160524
2022-01-10,3319.7967453790607,3381.2606057177213,3264.166715769065,3356.486083984375,106736,55.33769385160103
2022-01-11,3359.1566639634884,3415.854758340563,3334.4230671856153,3403.93994140625,110401,63.402130973378306
2022-01-12,3442.9713441014233,3464.04816480513,3404.3509018167533,3449.668212890625,119184,67.01336693197462
2022-01-13,3471.731266650091,3475.839824362103,3375.303336903903,3414.622314453125,79394,72.49079699470126
2022-01-14,3424.605657625396,3424.605657625396,3360.799843530762,3367.37353515625,52848,64.82981978521701
2022-01-17,3369.0171686243348,3389.395453446461,3338.819270832397,3347.364990234375,63285,59.62312806365657
2022-01-18,3343.6674371396393,3373.7012347019095,3258.086260381445,3269.63134765625,86962,53.24627473862561
2022-01-19,3266.3030119933555,3330.191077196496,3244.4454071898517,3283.68212890625,92557,53.08042540069746
2022-01-20,3163.589259700046,3202.004272139261,3033.553415453934,3039.22314453125,523089,36.04867346893667
2022-01-21,3036.2238285482435,3081.335707217003,3007.463927601237,3019.091064453125,186782,30.862206786747166
2022-01-24,3036.6347704786513,3036.6347704786513,2852.1605434532266,2883.097900390625,241332,21.35193117213784
2022-01-25,2888.3160709323884,2889.959494016845,2803.0223727264593,2862.6787109375,197396,21.716498599086634
2022-01-27,2834.9457451810836,2855.447406581969,2749.775229506077,2809.883544921875,182500,21.049778653239898
2022-01-28,2843.1214833098466,2882.563631055186,2785.683935900952,2805.487060546875,326583,21.156480867100385
2022-01-31,2846.3674017690882,2905.4895018171037,2824.592047849392,2888.521240234375,150517,22.423960969681062
2022-02-01,2928.9082001242905,2945.7123596983997,2888.562288462623,2934.742431640625,87745,22.31109758722546
2022-02-02,2949.122542626997,3089.6352076560347,2927.6757924562494,3075.132080078125,255051,30.118637601162845
2022-02-03,3075.1318777766255,3150.4416507636283,2974.5954031727533,3051.30224609375,217010,30.4815991836724
2022-02-04,3040.3326036781946,3066.5451207457227,2967.364581067285,2978.90966796875,118473,29.679780056314087
2022-02-07,2978.704001447545,3015.681016637928,2922.0470371840206,2950.272705078125,89772,29.414260278251547
2022-02-08,2973.4039672839003,2977.8822545031708,2885.028861909667,2948.09521484375,98169,31.91438289195858
2022-02-09,2946.45184921963,3085.526512952579,2941.8501848272244,3059.724853515625,114845,38.64897217854889
2022-02-10,3089.635236648018,3114.2865816212734,3029.034013588765,3048.179931640625,174699,50.594272551887684
2022-02-11,3016.502881003581,3044.317895196534,2976.2390179773824,3017.201416015625,69983,49.876402922639734
2022-02-14,2958.202617195384,2997.480468232887,2880.0988965819897,2892.753173828125,74736,50.641210640970684
2022-02-15,2924.4711333720575,3051.8364117290876,2887.2475635102437,3027.513671875,113018,59.50347334437627
2022-02-16,3028.8283991691014,3066.2985214659366,3000.890209920119,3017.2421875,49341,62.5715841148318
2022-02-17,3028.0066797969494,3033.1012506416855,2945.8355351620253,2966.912353515625,40528,59.27044256542468
2022-02-18,2948.87602739327,2995.343852958548,2939.262042941561,2960.174560546875,39396,54.510193468754494
2022-02-21,2958.0789942216647,2960.174398559937,2886.9189024034276,2897.149169921875,39843,47.68272634735117
2022-02-22,2876.072404962441,2897.1492239854856,2779.5213069497363,2855.07763671875,85029,34.56483402294221
2022-02-23,2855.0777347346584,2911.899004759911,2844.3954852261018,2886.8779296875,49314,38.59439957350213
2022-02-24,2826.687572893528,2826.687572893528,2716.57823139128,2735.970703125,111434,34.80339424327447
2022-02-25,2781.493551180125,2870.156145727276,2773.7284172824775,2801.461181640625,80980,41.10163429359591
2022-02-28,2801.460979409474,2816.744692517878,2752.7334486876853,2785.232177734375,71307,40.42235495493063
2022-03-02,2785.3555357092528,2813.540281337103,2752.815879458885,2769.208984375,63625,30.750809549399094
2022-03-03,2802.036278160343,2824.263614858998,2763.210408910174,2777.8369140625,61376,32.017925480899606
2022-03-04,2764.2373635469116,2796.90039422497,2734.162643733929,2749.52880859375,48268,32.13207428477743
2022-03-07,2744.516391196632,2779.8088597572028,2688.927688847748,2754.294677734375,79976,38.999857243274526
2022-03-08,2774.0981161105033,2833.220220375948,2745.338212655566,2816.416259765625,71432,31.040620835220892
2022-03-09,2834.8635934117365,2850.517237852933,2802.2416864767843,2811.1162109375,57674,31.320312223441533
2022-03-10,2842.9983936435115,2885.028853372623,2802.857709727718,2851.99609375,97853,39.404505556198345
2022-03-11,2852.160613988095,2885.850785458424,2825.0441345119766,2850.1474609375,131900,39.763000599222146
2022-03-14,2851.3387348156925,2908.0368249316243,2843.121620306137,2895.464599609375,74228,49.83792575026284
2022-03-15,2912.9672940270025,2914.610717041968,2828.3310087562604,2840.16357421875,54540,48.600723277268806
2022-03-16,2862.0211430767135,2912.515274427543,2843.820313669623,2903.353271484375,83723,51.459778066490074
2022-03-17,2933.5097886061208,2935.3997650071224,2877.63341168029,2919.99267578125,114134,71.39581436224206
2022-03-21,2935.1532784828946,2954.05264169821,2904.7499550495613,2913.213623046875,49645,65.04756832810641
2022-03-22,2916.2539239600337,2966.5426243689217,2907.6670794657616,2955.942626953125,129177,71.45517006911263
2022-03-23,2965.556823598595,3009.395212665967,2917.9386819735028,2924.96435546875,118421,68.86637449209532
2022-03-24,2925.2928334860176,2988.564616682204,2925.2928334860176,2981.25146484375,80582,72.08891707343972
2022-03-25,2991.029781352698,2996.9460638745013,2926.1557002561544,2942.466552734375,91414,70.48512231096042
2022-03-28,2942.46659799618,2957.257404834781,2866.1296807244416,2877.099609375,109741,61.55218116435635
2022-03-29,2900.600406735289,2912.1043674871444,2855.5296523003785,2861.487060546875,92908,54.64634332956142
2022-03-30,2919.0067789952154,2927.3470700512953,2867.772989327444,2918.513671875,99049,60.00460316362883
2022-03-31,2924.471010975934,2959.886854236944,2918.51360304405,2948.09521484375,73869,59.14460020165319
2022-04-01,2941.726946726367,3010.7095817930335,2937.6183895382014,2947.930908203125,103160,59.33480040889177
2022-04-04,2973.773929453852,3044.1125143582067,2952.8202861266695,3014.736328125,106382,60.93742653897078
2022-04-05,3040.3323255517294,3056.7665543384956,3003.026706451028,3021.063232421875,57256,68.22586778660609
2022-04-06,3015.681297127693,3047.728046606707,2987.2911238127544,3028.048095703125,48463,64.16771242830846
2022-04-07,3031.211359357775,3081.418010385585,3021.7616774592593,3048.220947265625,124440,64.45313037462569
2022-04-08,3048.549638925631,3068.147538278273,3032.1154090661935,3040.496826171875,69148,64.3161081204575
2022-04-11,3041.9759279373548,3054.3427259517894,3019.7897177660125,3033.841064453125,45065,59.53534213694085
2022-04-12,3039.5105501812477,3041.9756844474123,2954.052562287533,2961.037109375,80560,54.00543260211883
2022-04-13,2978.7043721504724,2984.620655194592,2924.4714097885603,2931.989990234375,38516,44.17792705060175
2022-04-18,2876.0313444181697,2970.9390216359625,2876.0313444181697,2947.602294921875,67614,50.64215198451705
2022-04-19,2967.200011860029,2999.0824558763634,2884.2071563635286,2929.68896484375,78505,57.46092992324532
2022-04-20,2932.6883250197616,2945.0962488368373,2884.330523304223,2891.19189453125,31572,53.95730812888873
2022-04-21,2892.5883654313097,2921.964547323973,2892.5883654313097,2903.065185546875,26777,47.66047471543916
2022-04-22,2904.667775959539,2912.8848906055114,2859.5558967984107,2864.198486328125,42995,37.642182455287376
2022-04-25,2859.5560046035203,2877.099625279325,2802.857911408795,2862.390869140625,110774,37.460829855916856
2022-04-26,2884.1660802948795,2924.7996716070697,2884.1660802948795,2913.788818359375,59907,34.50222301182683
2022-04-27,2907.3795928219715,2925.292943667059,2867.8142642926373,2879.277099609375,72240,29.96627677057303
2022-04-28,2884.207280046032,2914.7749068230346,2865.0613625373408,2897.970947265625,52029,32.209367399355955
2022-04-29,2900.6415840810373,2945.712539931639,2899.039286784701,2926.320068359375,41186,33.692360552251756
2022-05-02,2908.8585691647445,2922.8687896840574,2865.718717503403,2878.9072265625,47471,30.458038301443025
2022-05-04,2876.8530608919277,2912.0223528929746,2792.9973629610654,2819.49755859375,66527,27.01146505888063
2022-05-05,2858.20027325854,2898.998168945287,2818.840172082119,2867.11572265625,143921,39.351576080337466
2022-05-06,2834.9045837850535,2912.88492238072,2818.4703543138357,2890.04150390625,147407,45.17710871848592
2022-05-09,2889.9592605504104,2998.425175362084,2840.4511441306886,2928.53857421875,201931,47.91778108555377
2022-05-10,2945.8357767562243,2977.8414000937464,2917.0758737753404,2934.578369140625,120733,50.54826164347635
2022-05-11,2962.2699142318734,2962.2699142318734,2863.6645356721438,2904.708984375,139456,51.54561239929203
2022-05-12,2876.442239819069,2913.419257426685,2851.462089778473,2876.072509765625,125825,47.02747492649479
2022-05-13,2949.5794568196566,2949.840162588122,2797.7865459598684,2807.08349609375,259290,44.101622045743234
2022-05-16,2849.832299344414,2849.832299344414,2694.390140977184,2738.659423828125,151483,38.76751239154353
2022-05-17,2774.326583334529,2849.9189456114173,2724.6268197574636,2838.62353515625,81976,43.72933979822404
2022-05-18,2838.710794304995,2898.663363541413,2793.4421752910753,2800.82763671875,88759,43.491024176849905
2022-05-19,2754.3427056287005,2760.8592893170967,2676.143701367949,2685.788330078125,79353,34.82178035224787
2022-05-20,2716.1119693747664,2806.171067385126,2703.0788025351562,2795.57080078125,64394,41.62297612883951
2022-05-23,2801.2620827587357,2845.5748514376114,2784.362451639231,2801.1318359375,46212,44.73460469206078
2022-05-24,2814.2517118177143,2814.2517118177143,2737.964198445416,2758.9912109375,37132,45.8056455914887
2022-05-25,2737.83396417877,2762.987934213577,2663.9793507369436,2678.706787109375,80312,37.50520128865671
2022-05-26,2709.9866148056517,2713.331879486867,2621.925969158978,2690.610595703125,57140,36.578036832355636
2022-05-27,2736.9649995958384,2770.8077466096124,2704.8165218228078,2755.515625,45155,38.75503855993816
2022-05-30,2767.8103174738203,2867.253342332678,2767.8103174738203,2855.176025390625,43495,45.39939818958952
2022-05-31,2871.641272242527,2875.1167836158916,2837.711550034379,2861.953369140625,105704,47.454610833517684
2022-06-01,2873.7699251265585,2919.3425247054834,2841.273979263475,2853.698974609375,98099,48.63489759572043
2022-06-02,2867.0795036807986,2901.1829571301423,2844.6189278316037,2882.9365234375,42896,54.8640543356829
2022-06-03,2919.3857166597145,2949.3185123419,2839.275231551442,2853.1337890625,59291,57.72317871064635
2022-06-06,2864.6900830312,2873.3788609597145,2799.524248567342,2857.08740234375,44612,51.43108869313528
2022-06-07,2841.2301096589654,2873.3785849058713,2808.429976130028,2850.005859375,45245,54.00223642350263
2022-06-08,2875.7684303434808,2875.7684303434808,2802.131033418755,2815.90283203125,52567,62.19561254606973
2022-06-09,2811.601630102549,2821.2027723614196,2775.673659813719,2787.7509765625,61587,49.13462556818059
2022-06-10,2771.93727429453,2776.064443655207,2720.4562670060886,2760.03369140625,84560,45.66451151645517
2022-06-13,2702.209933547017,2729.6230703146225,2663.544871796907,2672.537841796875,68591,41.67643315934638
2022-06-14,2678.3157433709894,2780.4088820071906,2648.643652184664,2658.896240234375,76300,47.81188888804996
2022-06-15,2684.7456207246087,2706.250347807364,2671.799425433213,2679.706298828125,57478,48.81883891632755
2022-06-16,2710.8552234888425,2723.8449040476467,2624.0109306437084,2628.529052734375,62985,35.82310367177574
2022-06-17,2628.3118468636712,2628.3118468636712,2563.1894984722285,2599.378173828125,77717,16.10646939855569
2022-06-20,2635.3062464746176,2635.3062464746176,2569.6190029574377,2597.16259765625,61270,14.485569703482938
2022-06-21,2616.190856717058,2710.8985297101367,2611.1078371225103,2695.345703125,56267,32.88893789878061
2022-06-22,2671.7991287953546,2698.9950452799844,2631.2660658879013,2637.5654296875,62663,25.02658755006908
2022-06-23,2643.6908363212274,2710.029738266725,2642.3875196789063,2692.26123046875,47978,34.41633690949975
2022-06-24,2728.2762632918916,2734.9665798558194,2692.4350544190283,2712.07177734375,73362,36.371087203528745
2022-06-27,2745.65418256005,2780.670004592428,2734.5759892601636,2743.134521484375,88214,40.389196433236926
2022-06-28,2727.4074795019,2738.6594048556294,2703.12238683612,2723.541015625,111940,41.471454438557075
2022-06-29,2702.210077323717,2745.5669966069167,2700.4723216469815,2724.670654296875,77347,43.86931752121846
2022-06-30,2723.9319629897223,2738.8331327365463,2678.750316394677,2692.044189453125,61852,43.45465938187033
2022-07-01,2685.049280610534,2714.2869300177667,2645.080906884109,2658.027099609375,61691,48.44270095330723
2022-07-04,2671.799094670861,2672.016314109452,2625.3576211257496,2647.383544921875,28635,48.75645034029105
2022-07-05,2661.285766729359,2677.4904652075247,2641.0410834032828,2651.337158203125,58897,46.819888559261734
2022-07-06,2651.815012873586,2702.6878498614315,2643.8213796379105,2689.1767578125,46283,57.00801591560127
2022-07-07,2702.2101169351627,2761.293810810272,2693.868804713206,2723.71484375,50719,64.19078083943792
2022-07-08,2723.9754098633857,2797.78653710449,2723.9754098633857,2783.927978515625,84113,68.82384756096661
2022-07-11,2764.8124251948484,2822.723041090374,2749.172626043407,2791.052490234375,53375,61.81481943608095
2022-07-12,2780.2351097253886,2822.983853258572,2739.875780041531,2746.348876953125,70484,63.87714233214051
2022-07-13,2745.6540184673513,2795.1365698238633,2733.5332148304897,2781.060791015625,47687,61.936451032140724
2022-07-14,2787.924781396318,2792.5733626665447,2736.965181207099,2755.55908203125,42210,55.75748016021804
2022-07-15,2755.5588660230114,2777.454755458952,2701.3844645155746,2710.0732421875,41657,45.783884994044094
2022-07-18,2727.103133251421,2792.095232999218,2719.6743980061938,2785.83935546875,69415,56.9489861942908
2022-07-19,2793.4420433091586,2839.6662984586173,2780.408876699629,2811.6884765625,88982,59.198999846694086
2022-07-20,2845.5750467577836,2846.443924634656,2809.6903480172673,2831.499267578125,117834,65.15293318689947
2022-07-21,2845.5746717144225,2847.9640855609005,2755.732795938203,2778.758056640625,133142,62.60548028451637
2022-07-22,2793.3552037750683,2819.1610445941947,2769.7217696227344,2809.429443359375,94180,66.23997204847672
2022-07-25,2810.2546795455282,2826.763355879008,2791.7910283830843,2805.128173828125,60053,65.40194878926846
2022-07-26,2802.1307433751363,2818.1614954348206,2676.1434696419906,2686.352783203125,83574,49.756635352780904
2022-07-27,2692.652073612667,2693.520951338906,2636.3487545267517,2650.468017578125,145075,43.70234816168491
2022-07-28,2673.5804038286983,2701.036814281108,2664.0227482899736,2695.7802734375,139828,42.221893813629464
2022-07-29,2713.505246726809,2776.0644454986086,2709.8125162437514,2731.795166015625,83924,45.02482687599517
2022-08-01,2754.3422944638337,2771.7198483721227,2725.4086247808636,2746.30517578125,90086,49.9961349427518
2022-08-02,2745.6538538506807,2910.2192246700033,2737.573247867788,2864.168701171875,451603,56.407818965984596
2022-08-03,2864.1686381044055,2904.5281808144073,2828.2841553807925,2889.5400390625,210211,60.332329947124535
2022-08-04,2891.6250282400783,2922.0357481885167,2808.2562541213865,2884.456787109375,125559,64.3418059300815
2022-08-05,2875.9853007161632,2975.8627538546384,2862.952134700833,2924.51220703125,194240,62.116570829817135
2022-08-08,2932.375778624776,2954.1846975669914,2903.920028964388,2930.2470703125,68196,60.73646732339138
2022-08-10,2935.894521528475,2943.5406883900805,2889.1923410249055,2899.966552734375,39199,56.084898086711995
2022-08-11,2917.8653777196128,2971.084142827081,2906.3962332160036,2961.396240234375,99926,65.98475725192927
2022-08-12,2964.610899021103,2964.610899021103,2915.953744758154,2934.808349609375,48279,61.05234341910891
2022-08-16,2954.0976115105877,2954.0976115105877,2897.6640396009266,2903.659423828125,51581,58.29314001084973
2022-08-17,2918.8212690163123,2944.626897542843,2896.708371181596,2929.247802734375,55222,74.2475187005312
2022-08-18,2932.462594019521,2936.7200104157864,2889.9310678593415,2908.7421875,62023,76.59951733748107
2022-08-19,2911.6095620242672,2932.462629612624,2889.1057114365153,2900.401123046875,52683,72.8109066424113
2022-08-22,2897.6206844303024,2897.6206844303024,2842.968352001433,2857.131103515625,53666,63.74989554518983
2022-08-23,2837.7546883882937,2856.2183402952905,2820.377133652297,2823.114013671875,57951,58.08041866980491
2022-08-24,2823.8528601541066,2838.015610770707,2781.277847801014,2817.510009765625,28565,43.57350284682048
2022-08-25,2832.3676958772357,2834.27918447727,2794.3108084852543,2799.350341796875,40800,37.32601519298633
2022-08-26,2803.781294792496,2831.6723531126613,2796.048368308237,2805.8232421875,53770,38.9929429455086
2022-08-29,2770.895009818895,2789.010986105667,2728.2765079301685,2740.571044921875,170257,25.948664383977075
2022-08-30,2752.257427277309,2766.7676442336633,2744.3505543794663,2754.21240234375,109110,27.448760403986824
2022-09-01,2753.473606849796,2761.8581923380234,2691.0881415866943,2697.0400390625,111906,25.679432823330785
2022-09-02,2724.8876977373984,2745.6537918816125,2707.7706357245584,2734.966552734375,42039,21.242494787745585
2022-09-05,2735.2271729828394,2757.817994614845,2706.5542070652937,2713.983154296875,61418,21.549267421158916
2022-09-06,2731.7516158582594,2731.795102170951,2673.6670540603127,2686.396240234375,102043,21.748888888888885
2022-09-07,2684.832231280143,2695.085031093874,2662.4586293528087,2671.494873046875,160666,15.525794363470837
2022-09-08,2686.569991229598,2752.6046999402865,2686.569991229598,2728.276123046875,100885,27.997852139318056
2022-09-09,2752.6045965508665,2771.7199062491363,2701.2105646452665,2756.03662109375,103349,33.19504385987349
2022-09-12,2771.719951489939,2797.786283322133,2763.031174212541,2787.794189453125,84569,41.70644983816124
2022-09-13,2814.0343410105947,2814.0343410105947,2774.065964304488,2784.709716796875,51166,45.03928734063367
2022-09-14,2745.65377357119,2758.6869402178886,2715.2430513955596,2728.449951171875,92285,39.827293495089755
2022-09-15,2742.786227013352,2742.786227013352,2690.653564369977,2701.948974609375,60425,39.08256027146102
2022-09-16,2706.5543186960986,2706.5978050113176,2628.3553175138677,2638.347412109375,164868,33.35925738507987
2022-09-19,2648.2524492099897,2656.984713154516,2599.9429728603086,2606.068603515625,104666,35.698435690959414
2022-09-20,2630.961953545587,2649.208387173215,2615.322153293335,2622.88134765625,88726,36.12919528848732
2022-09-21,2628.702710392702,2641.822849520567,2606.6767862849642,2617.9287109375,62697,40.608559762762084
2022-09-22,2615.322207055186,2632.699763248244,2598.335603450798,2615.4091796875,48473,34.50452200756759
2022-09-23,2615.409147005391,2646.601775130798,2595.4249576330967,2601.159423828125,64776,35.117481868889215
2022-09-26,2601.1593799305524,2601.1593799305524,2538.122254266096,2567.9248046875,65619,34.60192306593903
2022-09-27,2597.9444086658636,2624.010740525387,2573.833051695804,2604.113525390625,71022,41.701455163430765
2022-09-28,2597.8574036343493,2600.551009410906,2554.587462989998,2563.102294921875,87997,28.835421369544875
2022-09-29,2593.599987668411,2593.599987668411,2543.9437109468026,2563.102294921875,86801,23.384873417508373
2022-09-30,2553.1973562005583,2597.944561864784,2541.945431376683,2591.427978515625,50552,22.65250777261265
2022-10-03,2593.600321554532,2603.9833691933713,2528.3475116952263,2538.643798828125,66371,19.89800002150386
2022-10-04,2597.770791391771,2623.9238849134294,2565.796047125858,2602.462646484375,106794,34.867454899476854
2022-10-06,2623.1420588192045,2654.4216593880988,2604.939111469369,2640.128662109375,91589,42.76861250665406
2022-10-07,2640.1289677018667,2645.559454540318,2568.8374940609997,2578.82958984375,135898,43.00023946511418
2022-10-10,2556.238166660491,2592.6875433685436,2542.118904183186,2576.309326171875,83613,46.23665474933467
2022-10-11,2589.212142186324,2591.601555937455,2523.2209211943928,2527.695556640625,105554,38.858932177051884
2022-10-12,2520.614473456835,2560.5828518708354,2520.614473456835,2534.907470703125,99300,40.33385995801026
2022-10-13,2550.1561855917075,2550.1561855917075,2524.2635863242535,2545.768310546875,52621,42.04622324635686
2022-10-14,2584.8678914602883,2593.6001555150824,2556.455630674791,2560.843505859375,77922,45.40413058821696
2022-10-17,2568.837282193598,2568.837282193598,2546.0292393532186,2554.718017578125,58493,48.39529186732317
2022-10-18,2567.5339184695135,2588.169766375994,2554.7179708223307,2562.494384765625,98240,44.567952218169026
2022-10-19,2574.572062422632,2586.910085563933,2559.0625078268736,2567.968505859375,84685,50.70006996484899
2022-10-20,2515.4010739495134,2551.806966645143,2508.102585736546,2537.16650390625,127944,46.57254747095797
2022-10-21,2549.8956009850535,2549.8956009850535,2530.3893370780283,2534.3427734375,62441,41.91088099822802
2022-10-24,2562.3206119516462,2563.18948974478,2541.5110312317647,2550.677734375,10019,51.90168096081359
2022-10-25,2547.9841702233866,2547.9841702233866,2530.389394623379,2532.77880859375,91366,37.1186130118594
2022-10-27,2537.557569271018,2538.3829607405028,2505.1918718030006,2523.959716796875,102897,25.961969810253194
2022-10-28,2527.956385534992,2540.555113200162,2507.146805368883,2513.576416015625,43795,32.89293628046478
2022-10-31,2519.745480567736,2540.5550603005463,2513.5330894928516,2530.91064453125,64732,38.95591583943782
2022-11-01,2530.25926662281,2541.4677060133627,2528.0000993661124,2538.29638671875,126806,53.225943057695645
2022-11-02,2545.724849851565,2605.7643875811536,2540.8157753865253,2589.429443359375,184041,63.09195237883076
2022-11-03,2580.5669952180324,2601.072595586935,2579.6981174418647,2585.215576171875,56876,59.78451491633482
2022-11-04,2586.649183873258,2627.4864400513043,2572.0954808736356,2612.802490234375,112898,62.134744332436256
2022-11-07,2625.4444452251105,2631.8307817257405,2595.555134602251,2626.2265625,56218,66.14987621510451
2022-11-09,2633.568540246011,2645.6458564865225,2619.0148374914343,2630.65771484375,58542,65.63055290875846
2022-11-10,2616.191028441076,2649.990289656271,2616.191028441076,2638.347412109375,55235,65.97627102111755
2022-11-11,2663.4148159934284,2694.086034552851,2663.4148159934284,2675.839599609375,82452,80.55133924489373
2022-11-14,2689.2201311064873,2708.161708542334,2677.186089379414,2695.2587890625,49664,83.03600964748198
2022-11-15,2706.424233870986,2709.3783336855627,2665.369755793012,2694.042724609375,50639,81.38085308543145
2022-11-16,2693.520961206997,2712.332079197634,2673.753992862655,2677.794189453125,49164,81.97310952233822
2022-11-17,2667.4545407378737,2687.3084810471464,2666.802882462449,2682.09521484375,17143,85.57459414987044
2022-11-18,2691.78344740747,2691.78344740747,2663.32769921425,2671.88623046875,38611,85.6417624626371
2022-11-21,2665.7172177076063,2677.6208017104163,2645.950246813588,2662.5458984375,50953,80.74285336337802
2022-11-22,2661.155564034584,2687.4391182953127,2647.68795771917,2680.401123046875,27919,81.64066279698065
2022-11-23,2682.8341207636818,2693.5213608469126,2652.9013209696245,2655.030029296875,63300,66.49927911597759
2022-11-24,2668.32368562046,2668.32368562046,2638.1301825024816,2646.384521484375,55421,65.04919332556491
2022-11-25,2658.5924262087847,2663.5884737304373,2640.736944379638,2649.5126953125,81318,60.26736879768712
2022-11-28,2663.1103290479737,2727.407283158757,2650.120648987751,2687.52587890625,133579,65.07159973300168
2022-11-29,2693.520865712714,2719.587196671224,2680.487700233459,2688.915771484375,70957,64.54131408994684
2022-11-30,2706.293726856905,2726.538622663093,2687.8735593397955,2700.342041015625,73155,65.1906170287098
2022-12-01,2714.3739859014654,2736.9648065267656,2698.777673318514,2712.63623046875,201602,60.286567995402685
2022-12-02,2718.674904216922,2862.952092295288,2715.2863659544682,2796.74365234375,539699,70.83485370362203
2022-12-05,2813.035130645301,2815.16383865318,2745.65362041483,2759.5556640625,113358,61.71891991038558
2022-12-06,2750.0415415886328,2752.604688503582,2711.1157762952344,2722.063720703125,89589,57.35958075131624
2022-12-07,2723.93200799444,2735.705345063919,2689.394114113171,2701.2109375,64361,53.01212420578681
2022-12-08,2712.6800009588064,2712.6800009588064,2687.439058228721,2691.783447265625,29490,53.14300743609975
2022-12-09,2706.293718729399,2709.2045442940985,2630.0931759130603,2647.42724609375,101440,47.84969908426613
2022-12-12,2650.0775190620448,2657.767173108055,2627.7039137781603,2638.912353515625,38694,43.93806004223504
2022-12-13,2660.4601744157007,2696.2146209738985,2641.3883502989174,2688.7421875,48387,54.597123705690855
2022-12-14,2696.9099773481876,2715.199899218854,2671.799491370082,2688.525390625,42703,55.88170150183428
2022-12-15,2695.171952288393,2695.171952288393,2637.2613319992256,2643.386962890625,45147,49.234756586656324
2022-12-16,2632.6998659949973,2650.0774228662513,2619.6666983415566,2623.011962890625,64718,41.56921374684383
2022-12-19,2640.4762578040595,2640.4762578040595,2598.1619496082412,2606.372802734375,62592,39.62658962658963
2022-12-20,2605.7645999280253,2637.86959317002,2596.424163299407,2624.83642578125,46391,40.675919064332845
2022-12-21,2630.092907199598,2652.944434084915,2621.621349272543,2627.833740234375,90372,39.28175796560422
2022-12-22,2630.092959973634,2640.2587872644117,2605.112724559283,2613.23681640625,54368,21.862407891840576
2022-12-23,2601.4199104178815,2630.918266776008,2587.7350862398316,2595.20751953125,76114,23.227069386820062
2022-12-26,2595.3814143501913,2613.584361409736,2586.8663696832236,2609.84814453125,29909,30.24918678051023
2022-12-27,2619.622952894828,2628.355216784528,2600.594614854409,2620.92626953125,33573,35.36573426324465
2022-12-28,2611.021261424765,2617.6680917080553,2597.2929498321273,2609.196533203125,24164,35.07137826153729
2022-12-29,2597.944334829715,2609.2397449811483,2593.8171657359217,2602.114990234375,35704,40.533570811414044
2022-12-30,2615.3220280431233,2640.519482798356,2610.7169335414956,2626.921630859375,35457,47.654608455137954
2023-01-02,2615.40901219561,2633.7856918415696,2614.4531618148562,2627.486328125,19052,35.15786011580116
2023-01-03,2619.666305745564,2637.521785180544,2602.2887514785953,2606.2421875,92085,31.906653639262586
2023-01-04,2616.1911638811816,2630.614620808397,2594.686437442769,2619.145263671875,53699,43.788954304458464
2023-01-05,2632.265447678145,2632.265447678145,2599.4218225087043,2612.58544921875,26234,47.125064120083955
2023-01-06,2600.638090643806,2618.8410371665,2592.9484376686905,2603.41845703125,67998,49.150378927768514
2023-01-09,2623.9674059881727,2637.174305801904,2600.768411716996,2612.541748046875,82557,46.263520522108436
2023-01-10,2612.715390019491,2629.962698180407,2602.288857036374,2623.923828125,177423,48.8693596827006
2023-01-11,2625.531386996753,2661.198861683935,2617.146801413906,2648.86083984375,61076,59.720216366010284
2023-01-12,2654.3782865716166,2658.7226757252806,2629.6587547129425,2653.94384765625,32402,67.24487923480973
2023-01-13,2660.5038827668996,2702.2100180944017,2645.77644615505,2679.271728515625,84766,69.17905323831454
2023-01-16,2684.7889002559978,2736.9650542718373,2669.149099945873,2688.568603515625,94826,68.87270428633123
2023-01-17,2695.2589551763895,2723.8449501526698,2674.1016957413713,2720.02197265625,41330,77.85532737945482
2023-01-18,2726.538380319944,2736.8346665118834,2695.9104396232333,2706.25,49938,75.32209402972848
2023-01-19,2710.8988645207023,2735.574910359219,2682.31286839682,2689.56787109375,93054,65.86010173744816
2023-01-20,2690.0891191453616,2702.2099218676153,2633.9595291645464,2643.69091796875,82127,53.336906160009015
2023-01-23,2658.7663231194956,2697.735581040103,2643.1265212187927,2688.525390625,51064,65.44360640413501
2023-01-24,2702.6444622098325,2775.195760263046,2690.1759806271816,2710.7685546875,156333,66.6141326531064
2023-01-25,2704.382271764343,2708.683174638341,2666.195133195949,2679.184814453125,55872,61.071737321671364
2023-01-27,2681.5740892639974,2715.069370617537,2634.915394194822,2651.424072265625,43453,57.51598711092934
2023-01-30,2637.174314893504,2676.1000819484602,2623.5764624580574,2654.117431640625,40027,56.64303747694555
2023-01-31,2665.7169503903096,2665.7169503903096,2618.6238185294246,2647.383544921875,53244,53.804954268956664
2023-02-01,2649.208519028921,2681.7914378428222,2617.277258591298,2628.963623046875,39909,46.70315489698749
2023-02-02,2630.8750164924472,2719.5875250853987,2627.3995052782807,2703.9912109375,77350,56.73211569331656
2023-02-03,2717.545550254664,2753.4737319236324,2681.5306080832297,2714.113525390625,55908,54.88664083504882
2023-02-06,2714.1133541296354,2732.359786670424,2695.345722221837,2714.634765625,38093,53.7481016737568
2023-02-07,2719.5876245010218,2762.16263843091,2719.5876245010218,2755.55908203125,87963,54.97445788798106
2023-02-08,2763.0311163748756,2774.5872323375843,2750.6496090137616,2753.994873046875,62686,56.91978676230706
2023-02-09,2757.818246713868,2788.7503824735413,2746.827026958751,2772.502197265625,103972,61.95662656709
2023-02-10,2768.4617338825765,2790.8353359688776,2747.825887298124,2760.0771484375,49742,68.5706116267039
2023-02-13,2760.424742532704,2760.424742532704,2695.7803197213398,2713.548828125,63299,53.97127859238445
2023-02-14,2724.670422343331,2752.604757617429,2708.900163642465,2732.35986328125,25373,53.46433115430175
2023-02-15,2729.2754411631017,2758.3828477248653,2719.2400721855483,2750.041748046875,23904,61.89988076748347
2023-02-16,2755.8631730293537,2810.7762077804605,2754.342636873351,2799.08984375,74927,73.14448528652082
2023-02-17,2797.78610722591,2813.4259053408373,2769.5910691610557,2807.908447265625,78707,73.65042034979591
2023-02-20,2818.5091881166163,2850.8313981506667,2802.1742439102254,2814.42529296875,163396,75.7053151385684
2023-02-21,2823.80916491597,2836.190672694434,2776.064375592407,2780.93017578125,44319,72.34855203226753
2023-02-22,2750.128413552524,2782.1466445158017,2730.274683606811,2749.867919921875,121696,57.74874744850621
2023-02-23,2755.037911092924,2764.8995473485606,2733.3594513036232,2739.7890625,56707,54.337330813702685
2023-02-24,2740.353403127918,2758.9040276185497,2727.4941823546524,2735.14013671875,34721,53.416299641896636
2023-02-27,2719.587615649882,2758.6871181113024,2719.587615649882,2745.176025390625,109019,48.07165819530531
2023-02-28,2752.8221600154507,2771.633280013571,2734.401992611621,2753.560791015625,67186,49.92137419163117
2023-03-01,2753.5606716734724,2769.9823769489567,2730.1877319937157,2748.043212890625,26858,45.350943788481494
2023-03-02,2744.8283344612864,2745.61023959517,2714.374126499821,2734.749267578125,36718,45.201637334936756
2023-03-03,2741.787308953421,2766.941278147269,2731.7082418987443,2739.745361328125,95563,55.889776036903804
2023-03-06,2762.162572536884,2823.7659247389684,2745.7841408807785,2812.123046875,98909,64.45212763133915
2023-03-08,2793.4853814535063,2831.411809424226,2793.4853814535063,2811.862060546875,72077,61.95585866159503
2023-03-09,2822.72319916195,2831.672682714336,2793.52903305474,2803.95556640625,47498,51.119102112873776
2023-03-10,2797.7429092354323,2822.114972901836,2765.4206988926476,2817.075439453125,58113,52.06747542023469
2023-03-13,2821.680585445078,2844.7058465734212,2754.6467496907,2765.594482421875,51761,40.84397433890264
2023-03-14,2746.6098286255997,2805.606549190803,2737.138932879641,2749.30322265625,60663,43.660804290593774
2023-03-15,2754.2992385642747,2785.6223268044546,2742.4826273370772,2780.539306640625,50536,56.14338443121737
2023-03-16,2784.7531196974587,2816.2934236660362,2775.369197804477,2785.1005859375,54494,59.280895145627184
2023-03-17,2790.835352870967,2838.2761632100924,2780.3653334832484,2813.25244140625,119929,64.59417050586143
2023-03-20,2810.8194603975185,2830.803648214873,2770.199426464417,2805.302001953125,59504,61.32191009996249
2023-03-21,2805.1719183872524,2805.1719183872524,2759.773054290695,2764.68212890625,69046,51.86747269487874
2023-03-22,2778.497147728295,2803.433895258904,2768.244348456491,2790.574462890625,32319,56.68437830462482
2023-03-23,2771.7639108385606,2786.6650815610305,2765.8554988559144,2767.2890625,25051,54.95836008758779
2023-03-24,2767.2886953721327,2799.350412020948,2767.2454211867826,2781.407958984375,84758,56.176749505932435
2023-03-27,2780.4089876753396,2806.475321934796,2779.757329318853,2797.004638671875,52315,47.30483150028508
2023-03-28,2806.4750771536333,2806.4750771536333,2780.625964600902,2791.356689453125,41047,46.41338138835747
2023-03-29,2794.2674371910125,2815.077017469928,2783.232731877718,2808.994873046875,36645,50.85241187008617
2023-03-31,2823.852735422252,2887.9759568861277,2813.513174873127,2835.7998046875,102810,53.02712751471232
2023-04-03,2893.319528014447,2893.319528014447,2837.363883699786,2845.53125,72954,64.93996563206969
2023-04-05,2833.6714726310006,2846.617668192382,2824.9392075108253,2837.711669921875,56625,67.06364876084852
2023-04-06,2828.4143243492413,2841.2302712916116,2802.174258459009,2827.80615234375,41000,59.941523170442395
2023-04-10,2841.186762634269,2875.681166961875,2821.4632800901827,2870.641845703125,30292,65.4966735692721
2023-04-11,2870.6419644684524,2870.6419644684524,2831.8899302759064,2853.52490234375,48645,57.599613744503785
2023-04-12,2853.524702291201,2888.6709760512226,2840.578509010171,2878.157470703125,32989,62.93387262032104
2023-04-13,2856.21865424408,2882.067769755149,2854.4808985794702,2868.8173828125,44906,70.79658703071672
2023-04-17,2845.4446963089936,2893.3632246221796,2804.607437583095,2850.91845703125,95981,62.44859024194189
2023-04-18,2843.4459961535767,2875.9419399861094,2830.1521238117725,2866.6884765625,41355,71.16165060250984
2023-04-19,2843.011715569413,2883.805486824488,2843.011715569413,2858.477783203125,61477,66.83120489327942
2023-04-20,2857.7390902895218,2880.3299131376602,2837.1032424955492,2864.168701171875,45575,65.33121861074764
2023-04-21,2856.913603160523,2910.393072499786,2850.0928277929847,2875.290283203125,76393,68.69202781142687
2023-04-24,2877.028019253492,2976.8622019445384,2870.772141757658,2969.259521484375,138882,76.63547230567228
2023-04-25,2980.250741390456,2985.4640079934716,2948.971141772364,2970.736572265625,98058,74.48763037967056
2023-04-26,2970.7800752061266,3019.3502578113735,2955.0533026810017,3012.616455078125,96144,77.15342906862422
2023-04-27,3041.07202864892,3066.9646272042296,2994.3698510660975,3041.376220703125,184059,80.98889881142541
2023-04-28,3067.9205621855494,3120.096716892672,3062.7942679784373,3094.8125,180372,85.87448270794681
2023-05-02,3149.4646951808645,3161.8027170828195,3120.14007045851,3156.76318359375,208187,86.56459369553701
2023-05-03,3158.370734911607,3183.8288963284517,3141.210398731551,3168.62353515625,132572,90.81609160506196
2023-05-04,3171.404179843103,3221.3646566488505,3162.063742875072,3208.678955078125,143850,91.16894332875162
2023-05-05,3221.799080764803,3222.1465470548487,3170.7525068718874,3185.21923828125,96134,88.0711187776651
2023-05-08,3204.3778399692164,3234.397610383812,3191.6488650510214,3221.451416015625,175952,92.7005475630322
2023-05-09,3174.969478305864,3249.4791186659613,3161.001687196569,3179.501953125,357783,83.99753128087889
2023-05-10,3194.9497593027436,3237.546668493446,3162.8518417846326,3230.70166015625,146223,86.99727876431537
2023-05-11,3247.675537023272,3298.5975664960547,3237.639277796273,3283.65869140625,130052,88.1140855424183
2023-05-12,3269.9683000002738,3291.243605826549,3253.8268631378737,3285.138427734375,61128,87.90212095350338
2023-05-15,3284.028545434624,3293.9724386431085,3246.7967592354144,3270.939697265625,98438,82.72757610589936
2023-05-16,3268.9967777136912,3297.6258922160273,3256.0465924029972,3283.47314453125,68414,83.1322160014112
2023-05-17,3287.6822662135637,3297.6724551433563,3237.5465899023134,3293.833740234375,66501,81.92508483858772
2023-05-18,3297.857378521603,3312.426338025443,3238.471569710711,3245.2705078125,48639,72.1510305130312
2023-05-19,3271.217029369911,3299.5225274237837,3255.1218878621517,3283.889892578125,78456,71.22463398337791
2023-05-22,3294.8974209264816,3311.131449736398,3260.6719283452685,3307.431396484375,45194,68.50913104374924
2023-05-23,3313.3976415388966,3343.7844187858373,3275.47209622815,3297.441162109375,108752,65.89790021422695
2023-05-24,3279.1720755772058,3330.0478059458223,3277.414640679618,3305.1650390625,58951,62.940423372243416
2023-05-25,3297.7189000131266,3312.472817830092,3268.534683552815,3298.320068359375,54613,65.87629226351999
2023-05-26,3283.9358845760075,3351.276898144966,3283.9358845760075,3327.087890625,108661,65.1458943136957
2023-05-29,3334.6265803783695,3343.923009014077,3296.747331708484,3306.5986328125,30589,69.41773791193707
2023-05-30,3303.2225009342933,3327.272846782597,3294.9436770493307,3319.96533203125,24968,65.42025014930006
2023-05-31,3319.9653261094986,3368.8984393571664,3305.3037749678733,3361.12841796875,73757,63.951341160580505
2023-06-01,3376.2985836664384,3381.8486635299996,3339.2980512426966,3345.35693359375,28380,60.31370764942552
2023-06-02,3340.7320045526617,3382.7738160830063,3332.0830394092704,3342.58203125,26268,62.76999158377365
2023-06-05,3376.021060252936,3380.923676003136,3331.3428718438754,3357.15087890625,58938,63.038188623944535
2023-06-06,3355.9482407706632,3367.048400332198,3280.2821079262035,3285.138427734375,54025,48.73687256797609
2023-06-07,3311.4549792853268,3342.9517269075113,3296.0998942049496,3323.43408203125,38921,61.703580551814696
2023-06-08,3307.0153145959994,3320.751627329697,3269.9221889649293,3275.6572265625,47318,48.800209494573
2023-06-09,3255.3532805627738,3304.980157197454,3255.3532805627738,3275.426025390625,43799,44.99567875597034
2023-06-12,3265.3432178248977,3333.5166523043886,3259.0530822702567,3326.162841796875,45035,53.98332504912962
2023-06-13,3354.28321228324,3552.0511026991444,3342.350630943441,3512.738037109375,411994,69.24198415683654
2023-06-14,3512.7381052268765,3607.5519711349093,3487.8553370926375,3593.16796875,334785,74.05114540454099
2023-06-15,3607.5518232365803,3632.4345903507037,3550.432252702001,3563.05859375,117884,69.20641607516156
2023-06-16,3616.80186245632,3675.0314022619395,3554.0859179867057,3579.708740234375,264914,72.36910882219436
2023-06-19,3584.4725475260316,3606.6265691279295,3538.545505343,3574.574951171875,101423,71.1389112644133
2023-06-20,3579.570158701865,3646.4023685258094,3571.5688841220153,3618.328125,92030,71.26250634752893
2023-06-21,3636.227147042482,3648.252319495179,3593.722832655189,3615.04443359375,59057,72.76489247347283
2023-06-22,3617.6806720512404,3617.6806720512404,3554.733472662027,3564.862548828125,47769,67.37274988923325
2023-06-23,3570.5512555419423,3570.5512555419423,3465.192333438424,3527.306884765625,80101,62.83758668643686
2023-06-26,3524.2544860981443,3564.307608392796,3504.551657032492,3540.349853515625,50325,71.1352995932852
2023-06-27,3542.7548190641965,3556.3064000820204,3510.7955627957717,3519.67578125,54750,66.74032242478366
2023-06-28,3533.2271720279687,3561.301417692988,3498.6780587095736,3547.657470703125,77611,74.0138818059194
2023-06-30,3561.301215499116,3604.6381790652085,3538.222178762742,3569.302490234375,46432,74.99997923103315
2023-07-03,3596.358995370674,3596.358995370674,3514.1254061548652,3530.914306640625,35091,67.79195013021574
2023-07-04,3542.7082053969975,3557.1847984619835,3491.6475184494243,3545.529541015625,45135,54.06393909870439
2023-07-05,3554.5486626999723,3597.977993189573,3528.5559237390316,3573.23388671875,43576,47.15811397616226
2023-07-06,3573.2335527720024,3603.8515813348395,3547.4257737215376,3578.228759765625,73895,52.32953706182232
2023-07-07,3546.500915848065,3618.651951694739,3510.425397924728,3520.970458984375,49379,41.980309438349664
2023-07-10,3547.42572936774,3547.42572936774,3457.005686331053,3471.667236328125,29984,37.461970366333794
2023-07-11,3472.4998518256643,3561.1161691832976,3472.4998518256643,3546.593505859375,56127,41.87705371691314
2023-07-12,3561.254929956852,3561.254929956852,3488.225174662212,3523.60693359375,41533,40.0882542552482
2023-07-13,3528.879600348936,3617.7271769253916,3515.328245235592,3555.65869140625,75040,48.96149038072166
2023-07-14,3570.551272748819,3727.7572350442433,3560.191169144813,3719.94091796875,256422,66.90202966850532
2023-07-17,3738.903685348708,3744.6387225296844,3644.552330597207,3654.820068359375,80778,59.20278271956587
2023-07-18,3654.8201044293696,3674.060200215648,3594.8329021742647,3622.99951171875,46590,58.160412357139656
2023-07-19,3639.9272334970483,3676.9277644601693,3605.701742356161,3660.3701171875,66658,58.771848823639615
2023-07-20,3660.3704100604104,3660.3704100604104,3618.652217728215,3633.72998046875,20815,54.97537904283131
2023-07-21,3607.552137258364,3628.0410930379176,3540.0261613558355,3567.3603515625,32657,52.69793007426748
2023-07-24,3542.8010283595813,3596.451801112807,3510.4255620429794,3562.087646484375,59290,51.24291056072636
2023-07-25,3552.0973203458975,3591.086540086345,3534.6144337096202,3555.93603515625,40059,48.658143673245526
2023-07-26,3596.3589499988125,3596.3589499988125,3496.5501099450817,3513.154052734375,49789,45.23147932804981
2023-07-27,3505.800397273717,3545.853518219261,3495.8565043263047,3505.337890625,55924,48.76499372187622
2023-07-28,3531.654657176574,3580.541702818082,3505.846875171251,3532.4873046875,34614,54.97920724914084
2023-07-31,3538.1759934123497,3606.534388285075,3538.1759934123497,3594.601806640625,76102,54.01455055620068
2023-08-01,3613.055697036606,3613.055697036606,3565.047596527671,3579.801513671875,28963,54.764332449489466
2023-08-02,3572.6328449992734,3622.398608869019,3527.1685287479204,3563.19775390625,89352,50.65637607288155
2023-08-03,3552.1435839976652,3575.176324317769,3510.70294392041,3530.54443359375,32590,28.607269747038046
2023-08-04,3535.308054776975,3659.6299712505165,3535.261984781061,3592.10400390625,80029,42.85863610610869
2023-08-07,3579.801333551577,3666.7525804130364,3570.643792566516,3656.20751953125,65975,53.522370496819455
2023-08-08,3666.7528554497558,3680.3968021242977,3630.7699270956537,3654.542724609375,37790,49.33123233799426
2023-08-09,3667.5390266428026,3688.9529939347467,3630.260945955684,3681.506591796875,38219,55.47890476219807
2023-08-10,3690.7568312431117,3690.7568312431117,3641.083661391242,3673.274169921875,32249,64.01466131092485
2023-08-11,3673.27406336163,3694.503073159666,3645.477368883887,3661.572509765625,53114,62.943751270583455
2023-08-14,3636.227337023457,3694.50317580048,3616.7094657663924,3686.733154296875,29656,66.21562150222073
2023-08-16,3695.428323113183,3833.995141896415,3684.4668246124165,3791.67578125,334662,79.91855449972228
2023-08-17,3801.6193721880622,3801.8045555094864,3716.379489336426,3750.60498046875,44321,74.58959976737378
2023-08-18,3755.4614134050526,3772.851708644449,3669.7590213320773,3697.324462890625,56735,65.70319495579812
2023-08-21,3700.053151575788,3740.7537362431217,3681.6454774800272,3698.203125,39955,61.17317097188849
2023-08-22,3718.5532573007035,3722.253310293043,3651.258543502538,3659.028564453125,40271,58.11768001961167
2023-08-23,3661.2027512480468,3685.1605061035275,3651.2588579746975,3660.87890625,17865,60.32052538717898
2023-08-24,3672.3026292782765,3737.8859788481823,3654.9586307143045,3713.28076171875,58226,68.53362848950363
2023-08-25,3700.978360781215,3723.1786808658812,3659.3064647889564,3666.845458984375,40961,57.820408609522914
2023-08-28,3698.0183514301402,3713.0035222726456,3629.0585622212648,3701.533447265625,62216,55.05366568036868
2023-08-29,3701.487076199625,3727.7573640150945,3691.959393887443,3704.2158203125,35715,55.52581934956108
2023-08-30,3723.132218875108,3755.1840650669237,3702.0881664006797,3736.40625,33692,56.03704015923445
2023-08-31,3755.554248497418,3826.5029540063933,3736.498882913085,3801.1572265625,101611,62.50790983952995
2023-09-01,3801.804583026405,3854.3451566945173,3784.229330696113,3826.086181640625,68916,65.68481767523707
2023-09-04,3851.7554329116015,3859.3407227400976,3789.8256109785048,3829.647705078125,59674,64.21082529787049
2023-09-05,3827.7049310918637,3917.431218746748,3811.1933538034878,3888.987060546875,94411,60.64130788235338
2023-09-06,3894.3058638901334,3916.4601123573025,3875.851668500294,3891.438232421875,41809,66.8213733121122
2023-09-07,3894.2133193948157,3965.439341996081,3863.595289475749,3950.22314453125,113060,79.8146315685858
2023-09-08,3968.30680369426,4036.3413468998056,3935.4688336403797,4021.726318359375,98861,82.69609127609776
2023-09-11,4042.1230808485443,4188.876807424997,4021.8193091943585,4066.8671875,221371,90.72609409016995
2023-09-12,4093.1839871285542,4093.1839871285542,3910.262601037103,3966.781005859375,98548,75.53674082727647
2023-09-13,3884.0850396909036,3917.0616757354032,3790.0110000445425,3893.84375,170029,64.5737434342033
2023-09-14,3914.3786568776927,3975.70685321622,3903.5558214454277,3952.30419921875,42072,72.60144117075117
2023-09-15,3949.8068654343074,4068.485893394159,3949.8068654343074,3976.586181640625,132363,72.14240117231599
2023-09-18,3995.9185498458182,4007.7124686992006,3923.6288552072338,3934.86767578125,51861,67.47003235307605
2023-09-20,3934.0816169520244,3934.0816169520244,3865.861885174406,3904.342529296875,43088,62.75199798301506
2023-09-21,3885.0560730383563,3962.895856168397,3880.66225962242,3935.376708984375,61231,60.741792370508534
2023-09-22,3935.376382640171,3960.768177678564,3873.2618316233265,3880.7080078125,32518,54.17283241414426
2023-09-25,3880.7546964176827,3901.151059320486,3808.5110662759475,3823.311279296875,83454,49.552719905532456
2023-09-26,3822.201166536148,3902.4925949367616,3815.9112565308774,3822.571533203125,40156,44.88898241078575
2023-09-27,3831.404802793674,3868.405332033594,3818.6398008725487,3854.067626953125,50810,47.24719792191947
2023-09-28,3875.7131357161074,3884.0382554169223,3754.860238392606,3762.306640625,53648,36.79898110950123
2023-09-29,3756.7100726438384,3834.179932559855,3754.860046138381,3802.5908203125,30688,33.89966833545296
2023-10-03,3811.0549916892487,3846.2054988941495,3759.9480042400182,3780.668212890625,151067,28.229619221550806
2023-10-04,3778.679370705107,3800.602366815028,3703.059532625513,3738.76513671875,63830,30.971074169683803
2023-10-05,3757.4041220836853,3778.6331327027947,3700.9783093197498,3716.1484375,55061,33.8108261763531
2023-10-06,3741.6789008756496,3800.64850036411,3718.6461594087837,3794.58984375,35954,36.1359777213486
2023-10-09,3787.0043068237346,3858.924088175846,3764.1102285155057,3786.310546875,73679,32.78943670151756
2023-10-10,3792.4618996954837,3871.180621056753,3758.5602529292355,3849.535400390625,38847,42.57067636154635
2023-10-11,3866.5558203246032,3943.8870270644306,3830.7115528514983,3849.81298828125,72167,44.988518735081875
2023-10-12,3849.905351796666,3931.3065221373927,3774.1005570835287,3791.814697265625,65810,37.42912139172194
2023-10-13,3771.510401424562,3827.704958267175,3767.810348299123,3792.693115234375,34317,41.491541552574354
2023-10-16,3806.429751767872,3836.4466141951325,3782.6106591535286,3798.567138671875,44509,47.34332339360082
2023-10-17,3833.25497073942,3871.1805146101524,3810.777329063176,3857.767822265625,57563,53.35741087830562
2023-10-18,3875.805490927607,3889.5880979247886,3798.058308464789,3822.247314453125,69555,46.987754664339505
2023-10-19,3765.729118047649,3765.729118047649,3671.6090154287967,3710.64453125,145790,45.28651388064728
2023-10-20,3711.4309226012715,3727.7110212420052,3604.7768435467588,3632.34228515625,62782,35.47472744466616
2023-10-23,3630.677140073631,3681.552870698867,3608.6617787455016,3638.90966796875,110883,37.58001484469751
2023-10-25,3642.7023927328587,3686.1780180397263,3619.623355954708,3662.636474609375,59838,43.110665308638424
2023-10-26,3653.802571778005,3653.802571778005,3578.6915362286263,3609.95703125,46324,40.88601144403162
2023-10-27,3658.4276364291045,3658.4276364291045,3605.008117844078,3637.6611328125,70373,35.24652474612124
2023-10-30,3652.8774016696675,3671.2390054046514,3586.831544553206,3593.9541015625,39290,33.04524956595915
2023-10-31,3611.2518760167413,3626.5608910983847,3579.1076642617254,3586.877685546875,26556,24.305455379192082
2023-11-01,3589.005366493992,3652.9701727284923,3580.9577958198743,3622.3984375,55212,29.188171336699014
2023-11-02,3641.8700187492664,3649.08494195135,3598.3018012085,3616.06201171875,67360,32.23633073234238
2023-11-03,3626.23703114331,3688.351808670295,3626.23703114331,3638.90966796875,21661,35.11771918923198
2023-11-06,3670.406635540007,3700.330907408103,3649.1776245637743,3683.033203125,28210,39.589957477886514
2023-11-07,3699.1281978218635,3700.0532111246443,3637.19860236733,3663.931396484375,131536,31.174236137127792
2023-11-08,3687.1031380679033,3782.749426178178,3635.3023915220424,3774.28564453125,50869,45.93304347574061
2023-11-09,3792.5544731115833,3801.804605972831,3743.3438114564096,3756.062744140625,44854,54.575951001734126
2023-11-10,3729.699896835051,3768.5041593474793,3704.724537899758,3717.76708984375,32003,59.361331893594915
2023-11-13,3732.382514573825,3740.6613387635757,3688.0744661169456,3698.4345703125,17715,56.3455420312064
2023-11-15,3723.1321675364097,3760.1789946801814,3711.1532906905013,3747.64501953125,55792,58.5951790276595
2023-11-16,3748.523897972547,3838.9904719180363,3714.1134475403137,3829.27783203125,81374,70.94889367096401
2023-11-17,3838.712430512078,3934.867739384682,3829.554889587694,3866.555419921875,110286,71.47065653352607
2023-11-20,3866.601535022131,3926.4500742024547,3861.930398679604,3880.4306640625,52712,78.46502420990326
2023-11-21,3922.056247382969,3933.8501665230947,3833.717480490263,3842.227783203125,63142,73.89421895118141
2023-11-22,3829.5550940319745,3871.1806928801484,3742.9276880957173,3776.690673828125,72957,63.669886540856666
2023-11-23,3792.554600831976,3824.3749686129418,3758.606657254609,3787.975830078125,31868,65.09871342551475
2023-11-24,3792.5544420616066,3811.0547076326384,3718.0908731382015,3728.8671875,38581,57.42762387638003
2023-11-28,3746.2113057200313,3746.2113057200313,3660.971419721522,3724.010986328125,139291,53.618071192656124
2023-11-29,3724.6125079667427,3740.5689880758437,3691.774534408882,3721.097412109375,79365,55.195918747753225
2023-11-30,3736.128643362102,3823.0798918087567,3689.8779792947325,3710.228271484375,797448,42.8923049250192
2023-12-01,3728.728492779909,3774.0541430270478,3703.7531344804656,3740.106201171875,47294,48.27412835005213
2023-12-04,3769.429114022589,3769.429114022589,3723.2247458774914,3748.15380859375,83675,53.51676271571478
2023-12-05,3766.561260812693,3766.561260812693,3670.4524770616645,3729.005859375,153560,53.53963589409021
2023-12-06,3764.8041387959865,3841.071666205578,3735.9437689428887,3802.9609375,192204,56.05754526302281
2023-12-07,3815.680017123476,3849.9055106104015,3776.8757527826688,3824.143798828125,103999,49.351987609832996
2023-12-08,3829.5549854893125,3866.555516750079,3801.8045870437377,3821.5537109375,102079,43.77482696689018
2023-12-11,3806.429679888625,3924.3228041037164,3806.429679888625,3897.034912109375,136966,51.9624199649707
2023-12-12,3884.2693750576227,3946.060532377005,3789.0395300908012,3800.6943359375,143663,45.68432652601489
2023-12-13,3772.666721334044,3824.9299724693565,3741.077607662578,3764.7578125,162177,48.67880217740711
2023-12-14,3806.2446063742636,3903.463596075244,3801.804723130701,3853.60546875,160580,56.201362080889766
2023-12-15,3892.1790765984742,4046.8875682553394,3864.9372512125433,4033.752197265625,399090,73.44572732485203
2023-12-18,4051.4195306696715,4067.653333170909,4002.9024031565145,4047.21044921875,179741,74.52958670335474
2023-12-19,4042.308227064782,4058.9123969021134,4014.0027290087532,4045.73095703125,56375,74.69217853255147
2023-12-20,4054.9809967042465,4067.792069616453,3854.6230249571013,3873.123291015625,190164,59.943541522107694
2023-12-21,3820.305111793952,3903.5563127773557,3811.054978351352,3882.281005859375,70907,58.90396255598347
2023-12-22,3903.5561224661315,3917.385251955272,3839.7302048239126,3896.294677734375,74717,59.20878383074845
2023-12-26,3921.964085913561,3925.7106610513574,3838.435559508111,3846.853271484375,145162,57.059784168221604
2023-12-27,3854.5306386735047,3885.056079296549,3845.743011827477,3879.968505859375,125786,54.8505705694253
2023-12-28,3895.18509082631,3895.18509082631,3861.930680705425,3882.78955078125,50195,53.78146339436136
2023-12-29,3880.3383477345246,3938.1982028250027,3862.0693343726234,3896.89599609375,180409,54.786958461382866
2024-01-01,3977.5570407941063,4031.207810181562,3959.056775488087,4013.493896484375,363086,57.03195022312795
2024-01-02,4023.7154479988035,4169.960147773805,4014.5579062418624,4131.6181640625,339737,69.46945161192093
2024-01-03,4160.709813863455,4160.709813863455,4001.607526628125,4012.152587890625,139559,63.252585507660335
2024-01-04,4005.307636760281,4049.662205690836,3984.2635839343466,4012.430419921875,154455,59.40000375683997
2024-01-05,4051.4654731889154,4224.119107240033,4028.155410117165,4123.38525390625,496114,55.77814535662405
2024-01-08,4151.459888316876,4154.234928349173,4008.082819981511,4025.334228515625,99905,48.728443278537405
2024-01-09,4083.008913994304,4105.070572655406,4005.307792839904,4022.744384765625,96627,48.66562641281071
2024-01-10,4051.326936378275,4051.326936378275,3969.2320073061655,4009.146240234375,93121,59.683899715018896
2024-01-11,4046.748108690212,4063.953446847911,3997.213825862532,4002.625244140625,94549,58.5999702709323
2024-01-12,4056.091169109857,4347.562981911338,4051.604763784545,4307.55615234375,639005,70.75829597639323
2024-01-15,4347.562662225169,4722.655568508639,4330.866352242227,4690.326171875,1316780,81.85503300605426
2024-01-16,4671.316966981159,4680.567099589042,4500.652020365708,4544.49755859375,315994,73.12793155267929
2024-01-17,4502.9646556274265,4726.725278152823,4460.922621304593,4704.802734375,676853,75.78263768772048
2024-01-18,5175.264026105891,6126.17766101012,5175.264026105891,6054.67431640625,5287747,86.8235793299389
2024-01-19,6013.511580446911,6635.490445150112,5940.528119988478,6361.4091796875,5015168,87.62656189148704
2024-01-23,6188.339196671064,6188.339196671064,5930.2604768098945,6002.8740234375,493230,77.84246829125117
2024-01-24,5999.681920096775,6224.783981463436,5975.585505959977,6107.26123046875,438774,81.31368554780819
2024-01-25,6161.51385988476,6529.669169332911,6151.338713141218,6204.341796875,809697,81.839194790186
2024-01-29,6218.124471368468,6251.101104572601,6088.992526734171,6134.2255859375,200607,79.5597025167157
2024-01-30,6149.673396363636,6242.914553223268,5930.260068264094,5958.51904296875,221779,77.78382071153557
2024-01-31,5960.785874399757,6066.14480192709,5921.981384696613,6032.1044921875,151480,78.30107430304339
2024-02-01,6032.011395187067,6032.103986845269,5902.509540360171,5959.9990234375,103305,77.03151262735761
2024-02-02,6002.411293764162,6204.94313613057,5957.316895463807,6071.8798828125,200406,77.85870427743889
2024-02-05,6092.137374797955,6308.590479216831,6075.255882679816,6120.44287109375,232016,76.21694982276264
2024-02-06,6195.73908599529,6567.5018410876855,6123.588048565068,6507.3759765625,508020,76.24555217869542
2024-02-07,6558.34431456888,6595.344846667998,6336.803628625404,6497.01611328125,199421,79.35089708052836
2024-02-08,6539.751346542692,6809.947817972145,6475.5094447692245,6690.759765625,390965,79.55641970865935
2024-02-09,6724.892860341761,7020.851050715461,6544.469194178114,6961.4189453125,416579,69.88134017066785
2024-02-12,6960.724861091347,7029.175843114039,6600.987290497309,6658.9853515625,253151,56.537004079433096
2024-02-13,6660.049606076964,7171.720616190959,6658.985479462053,7123.388671875,467045,73.52087326397786
2024-02-14,7014.6992438569805,7259.503907488597,6896.390140794816,7183.51416015625,296784,73.0195200018715
2024-02-15,7247.47953316566,7520.358469002785,7048.601664674196,7226.01904296875,444322,72.37457897858155
2024-02-16,7289.104969213768,7393.122897823082,7178.103370697821,7323.79296875,219218,75.73953919239705
2024-02-19,7326.059287219449,7425.081780604579,7164.042845921896,7231.15283203125,176152,78.56369759996704
2024-02-20,7260.42921601932,7327.955185285393,7122.602237654321,7211.634765625,126862,77.13254758263501
2024-02-21,7216.860978274443,7298.354738117037,7129.863660446814,7171.4892578125,111685,78.28358225969353
2024-02-22,7186.289662398641,7339.240701809505,7061.551528623488,7316.06884765625,227277,78.61015728912001
2024-02-23,7401.030982960065,7575.349909875787,7283.184385725696,7298.6318359375,372633,77.48594281074527
2024-02-26,7312.229636100997,7376.0555494331875,7181.664108074338,7295.34814453125,132941,72.3905610852471
2024-02-27,7352.190785612276,7413.888900831796,7228.053821877289,7261.123046875,132516,71.42187943610948
2024-02-28,7270.558377160577,7305.986205441268,7051.237636137523,7075.75048828125,162364,60.84418561982984
2024-02-29,7057.851381772937,7134.627484615291,7014.005842290272,7097.626953125,184882,54.461976095219875
2024-03-01,7145.681985889053,7252.104590054757,7062.476855238275,7131.89892578125,81008,68.7938908071426
2024-03-04,7193.782321867976,7261.3543623696105,7124.035958124127,7197.34326171875,122205,54.303695246581825
2024-03-05,7191.608221968058,7214.178455305645,7058.591043432118,7155.39404296875,74394,48.32821841903282
2024-03-06,7113.352544889272,7464.857612126973,7032.459948091192,7405.93408203125,229935,58.575079009713896
2024-03-07,7477.807670423499,7756.23667942863,7357.648530624717,7679.275390625,457762,64.51392964683066
2024-03-11,7837.036185777261,7837.036185777261,7453.803350637458,7495.79931640625,216571,60.05907803229619
2024-03-12,7700.6897643311095,7972.874931808784,7575.859037016658,7650.23046875,1196903,65.12008957818665
2024-03-13,7742.361328554875,7785.7448137005285,7363.105875184804,7430.7705078125,484645,57.95493291291173
2024-03-14,7400.106877454679,7861.688543935916,7312.230608284905,7835.04833984375,411117,63.73407272945296
2024-03-15,7835.04763648983,7847.766569043674,7534.233138258809,7819.41455078125,503281,63.79495836664923
2024-03-18,7844.112334905141,8045.765222760014,7682.235016673018,7968.15625,435341,66.54683645601992
2024-03-19,7955.114486087194,7996.740085142301,7630.989460111432,7654.25390625,405472,58.49932269920413
2024-03-20,7677.610368639378,7743.008989434086,7519.201841455102,7623.7744140625,291971,62.69852170979223
2024-03-21,7697.081579681785,7816.362222909889,7643.476879391741,7779.546875,247898,64.8778956868791
2024-03-22,7670.302675259134,7814.512614793979,7529.608509046281,7750.640625,288085,63.531176047105184
2024-03-26,7723.860926835752,8149.367037775207,7677.610262603203,8107.09375,505302,67.64885023860256
2024-03-27,8135.492383705604,8221.518624943195,8074.487572827976,8142.19873046875,304430,69.19464724169359
2024-03-28,8142.198666524276,8227.068640412042,8068.197599374179,8116.1591796875,243381,65.13680812063483
2024-04-01,8139.191319013204,8346.39428019731,8121.662137835671,8278.544921875,238495,63.406090603161786
2024-04-02,8195.617807820709,8278.869004514148,8093.866345195396,8164.3525390625,205259,65.43446212269635
2024-04-03,8164.352622205555,8276.09404890536,8110.100230474524,8175.544921875,148508,62.98649064281827
2024-04-04,8241.821697929015,8269.57209445401,8049.465018683287,8134.6123046875,150707,69.08449581654328
2024-04-05,8107.741633403111,8160.004885232806,8093.958573799657,8117.408203125,104436,59.690161756006994
2024-04-08,8186.367631760277,8199.317817844418,7904.469831107288,7920.98095703125,210012,53.100820493250005
2024-04-09,7948.63976642764,8100.34195677957,7742.407858084366,7761.232421875,230661,43.72479359549278
2024-04-10,7793.236551978962,7839.209890702981,7666.0933013930835,7705.9619140625,175896,51.85985393460496
2024-04-12,7687.785378368859,7723.721783002293,7575.858771368181,7588.994140625,280609,48.822283331878346
2024-04-15,7585.109147076857,7600.6031200297275,7434.33197744594,7453.3408203125,202507,38.801549381333665
2024-04-16,7412.131659910838,7475.356410041361,7252.752047116544,7269.12451171875,200925,35.06267754396244
2024-04-18,7305.754797555367,7390.717356634637,7125.007295150999,7146.6064453125,324760,15.145521864426229
2024-04-19,7086.527045428155,7132.592528103394,6961.881500542182,7032.64501953125,310748,11.915764267053518
2024-04-22,7085.602008647278,7104.888626641223,6783.122653970037,6973.212890625,377745,11.64873694592903
2024-04-23,7048.601693563481,7068.905917166333,6771.097689879879,6795.841796875,423409,0.7436364934045372
2024-04-24,6828.355690850999,6936.67484023101,6788.950033349533,6806.98779296875,334626,1.593275152269939
2024-04-25,6615.046886439807,7010.21271629861,6577.769034188746,6607.41552734375,1100513,0.7008203100654669
2024-04-26,6613.845161667138,6960.725152663666,6604.595028573898,6928.90478515625,771387,17.77868307617146
2024-04-29,7020.851172785179,7020.851172785179,6826.598373538159,6892.87548828125,252212,17.601581472525368
2024-04-30,6938.478524568979,7084.95401572861,6847.086941751486,7028.85205078125,424873,25.616266214406252
2024-05-02,7043.976290619161,7191.978418852787,7025.52209458837,7178.33447265625,301938,33.97827775092075
2024-05-03,7255.804628514791,7255.804628514791,7131.852841133227,7197.25146484375,339722,35.73228647093961
2024-05-06,7279.854520699821,7314.0800120932,7216.028604317573,7271.06689453125,314006,40.86195683507355
2024-05-07,7370.775524797357,7447.107180717589,7213.532499958262,7316.05517578125,381686,45.83709285725496
2024-05-08,7275.40831015564,7377.7884208622045,7270.590060841974,7292.296875,135120,50.778401901874474
2024-05-09,7292.296901406668,7346.921741628516,7194.401461385381,7213.484375,145232,52.31451252039643
2024-05-10,7222.883070271535,7259.57015940909,7093.119252892813,7233.14013671875,119050,57.4232910561251
2024-05-13,7232.424152253956,7407.93943396767,7172.456003934618,7396.34619140625,136013,64.54846028346242
2024-05-14,7427.68991019431,7509.126335357702,7314.528141873276,7470.62646484375,136326,74.97113417486023
2024-05-15,7489.900526815914,7599.722787285513,7400.830934796237,7423.58740234375,115498,72.22745581777512
2024-05-16,7423.20560932102,7617.898842145278,7414.570311684783,7529.87890625,154700,85.65098734404621
2024-05-17,7532.932382218059,7550.822613146995,7413.711696951058,7428.97802734375,97219,73.2992449784286
2024-05-21,7466.189927642301,7468.098218997609,7299.166913125551,7317.67724609375,69252,68.49497485941596
2024-05-22,7318.2500225935155,7400.30655306847,7260.0946556270665,7302.88818359375,90367,63.33850180294346
2024-05-23,7303.985295741559,7347.017359767393,7256.278010988185,7277.841796875,91772,55.51103147376033
2024-05-24,7277.8412449741045,7323.974279010499,7185.67068464187,7196.5478515625,73891,49.96355008511725
2024-05-27,7236.861047315195,7337.38038939106,7132.239065110296,7249.16943359375,112088,48.840157659521644
2024-05-28,7227.5579070737285,7280.03591866647,7180.18466796875,7209.76318359375,65923,44.33654482560536
2024-05-29,7162.055605970363,7234.904717701965,7156.330732213718,7206.56640625,116498,45.329774681365166
2024-05-30,7203.5137127755215,7218.5415069979545,7043.5032984124755,7081.14453125,218846,43.139104310766434
2024-05-31,7108.385191047947,7153.23003721966,7030.192767589845,7113.1083984375,162147,43.85560695080636
2024-06-03,7180.9002990257095,7272.45076224802,7085.247195786628,7216.48974609375,88251,40.19250431337465
2024-06-04,7232.424133319617,7232.424133319617,6700.535446551562,6956.4375,279924,26.685119740552906
2024-06-05,6985.300681264513,7449.922117005299,6956.437773791728,7374.6396484375,165910,48.339480460880516
2024-06-06,7394.486251083052,7823.040705131212,7387.425665981314,7797.1357421875,312109,57.46496929954965
2024-06-07,7823.994885718033,8117.538188503296,7823.040740000262,8020.8349609375,319142,65.47037812557355
2024-06-10,7929.0456296799675,8085.812510073751,7763.88338545539,8020.787109375,184342,69.51328219117195
2024-06-11,8014.82375177762,8147.4500019558445,7983.861537951376,8051.31982421875,118275,70.59115121664458
2024-06-12,8229.45893233739,8525.291612744253,8229.45893233739,8341.9521484375,639358,75.54336996979285
2024-06-13,8429.877696618898,9312.462514884035,8398.390886886196,9215.1396484375,2375475,85.10787618068657
2024-06-14,9215.139226099878,9344.425969228532,9012.288221771336,9074.59375,770138,80.80608199586501
2024-06-18,9112.090613692304,9426.00452069804,9085.613072903827,9199.728515625,623177,82.63849168639042
2024-06-19,9250.441594541851,9517.602362615264,9096.490574652675,9382.447265625,602326,83.70306178601713
2024-06-20,9379.346842777682,9469.895638268836,9256.167011269117,9289.37109375,239347,84.55028118789855
2024-06-21,9365.226251693784,9508.348108968401,9245.719500869478,9292.330078125,301582,84.40877043765839
2024-06-24,9217.094234057739,9360.598108391496,9164.568703896915,9333.5,178150,84.0963314591888
2024-06-25,9333.54799375925,9369.185893633892,9248.390492639075,9281.0224609375,122156,90.12221864512769
2024-06-26,9322.003156407827,9322.385187387361,9026.790114647329,9056.845703125,177017,81.11906429942592
2024-06-27,9041.483888274224,9454.819956901832,9015.721956553729,9402.9140625,501309,80.56963830299082
2024-06-28,9422.188888913044,9589.164388210238,9244.240713947751,9429.1064453125,498811,78.98966474135318
2024-07-01,9451.003227516409,9942.197198328715,9436.643522526057,9726.798828125,883013,81.2850062428322
2024-07-02,9790.489354202771,9868.538288709042,9619.697268207032,9765.3955078125,236562,81.34019364990995
2024-07-03,9780.087786382877,9969.581668288116,9761.86397749401,9952.931640625,220559,80.60915378360917
2024-07-04,9952.931886385548,10047.106249105094,9899.261193169568,9958.1796875,220337,71.06608878914281
2024-07-05,10007.080064456899,10007.080064456899,9894.538393203035,9947.3984375,85779,76.7104193563812
2024-07-08,9998.396935527076,10018.52903544708,9847.593474476771,9885.2822265625,83115,71.82166838979452
2024-07-09,9909.756924487043,9946.92108467462,9763.772637037928,9893.44140625,100783,68.29880539391226
2024-07-10,9827.699934987928,9897.87715933217,9590.117674423656,9780.4697265625,174464,67.33927163922206
2024-07-11,9865.866362460954,9875.407819291186,9572.323070365677,9686.439453125,154221,63.074077193709954
2024-07-12,9818.159058645831,10218.852723785532,9663.778473798437,10072.7724609375,485528,69.95466663714383
2024-07-15,10201.67789878233,10657.043916043467,10097.246469703428,10421.89453125,813652,76.54395322005216
2024-07-16,10447.895252694338,10724.59750139583,10424.041610564898,10583.9560546875,504778,86.58784882510254
2024-07-18,10537.631762407673,10690.438556369767,10330.868219918419,10440.2138671875,486345,77.52067169202405
2024-07-19,10705.514710971405,10710.285439452231,10208.976917973972,10326.05078125,552895,72.73561249470887
2024-07-22,10209.35805412232,10548.079746572172,10129.209822669396,10308.63671875,249350,67.19099308092262
2024-07-23,10352.433734769225,10558.052141276437,9894.491301530334,10486.4912109375,270163,69.68557550293522
2024-07-24,10532.814143768941,10873.396630027533,10496.556607990047,10599.0322265625,541750,68.3913059190135
2024-07-25,10304.773289581659,10848.63632430958,10228.823666567896,10575.845703125,807903,67.4041750868434
2024-07-26,10686.431022532068,10800.928497773484,10544.26332410731,10584.9580078125,341053,67.98163444615517
2024-07-29,10689.914540510408,10918.861049288129,10588.631604622604,10776.55078125,386712,73.42627258861802
2024-07-30,10781.846101352394,10781.846101352394,10557.621868271171,10595.5966796875,141253,66.91875921522194
2024-07-31,10602.466762735672,10688.434915519501,10440.261997647023,10538.3955078125,221107,68.76696270188395
2024-08-01,10667.5401221934,10708.329851559334,10307.206619771569,10410.5888671875,237189,67.63564167680211
2024-08-02,10305.536289179076,10351.144265507728,9854.702463472591,9913.19140625,245538,46.3130767762486
2024-08-05,9456.20398410517,9758.477140474753,9164.616513617793,9429.439453125,318616,28.413432740712423
2024-08-06,9679.616964669009,9805.516674237266,9311.316730036895,9349.912109375,192285,22.159127712404185
2024-08-07,9531.915027015837,9634.96275703763,9494.70334673019,9578.2861328125,136542,31.26958216508821
2024-08-08,9655.0000346507,9942.197881318341,9503.911440520595,9599.9931640625,236879,33.561611427848746
2024-08-09,9792.827077989492,10104.40317655296,9792.827077989492,10079.6904296875,340538,45.71374663092488
2024-08-12,10118.905849009996,10290.652069663789,9975.64050390147,10242.32421875,319404,45.40258861472888
2024-08-13,10332.44373400301,10443.124634653519,10113.944369787785,10239.8916015625,440334,42.94523154741442
2024-08-14,10291.892126594585,10397.32522166608,10120.52793935442,10144.6201171875,415397,41.76251800652097
2024-08-16,10304.582142033185,10502.28130970815,10266.70237286609,10398.708984375,435583,46.74666980538256
2024-08-19,10466.30968056363,10625.27090474679,10400.187573448644,10442.3134765625,201063,43.84336567017857
2024-08-20,10524.226273820641,10614.297993791135,10448.657753748153,10549.7021484375,222688,49.131075960039404
2024-08-21,10589.108681481337,10684.52324880411,10496.890129450723,10646.357421875,223275,52.013961631018724
2024-08-22,10709.330727771454,10788.524816367768,10514.685016040754,10596.7890625,258898,53.57788503795577
2024-08-23,10649.79270234514,10649.79270234514,10400.18854986164,10430.244140625,197480,61.382578396014026
2024-08-26,10542.355503716455,10674.171100688674,10491.594767735685,10502.7109375,235922,78.85198991914314
2024-08-27,10538.252974742672,10542.308093881322,10336.97575725713,10447.990234375,186166,79.91786921867732
2024-08-28,10452.236017559213,10631.806414794091,10395.369309675401,10515.162109375,335216,77.98395334768077
2024-08-29,10494.64832997444,10504.189786770488,10268.515803908076,10312.16796875,349528,69.19361078870281
2024-08-30,10389.500790970193,10750.311335104987,10235.883343928315,10484.8203125,3031738,63.083947971143296
2024-09-02,10375.427764379545,10518.502097094923,10229.157416312626,10436.20703125,248927,56.75939027396272
2024-09-03,10476.519794758407,11044.23648673302,10427.09523381367,10929.9775390625,498450,67.91954654911135
2024-09-04,10828.599264045655,10829.553409720522,10622.503798274764,10709.3310546875,207209,63.76748243423672
2024-09-05,10781.750824370392,10799.974633608119,10648.40896952043,10750.4541015625,140806,59.569103803284854
2024-09-06,10734.1859420319,10813.33250901343,10309.973164342908,10350.380859375,158478,47.90528046710027
2024-09-09,10352.481329443577,10518.693704518055,10266.036097691542,10421.609375,138898,47.03245706952901
2024-09-10,10781.845720767124,10924.776551133644,10524.22639823552,10741.103515625,359537,51.989571054878695
2024-09-11,10879.169284063039,11036.221293752678,10700.696517026883,10841.6240234375,286214,55.03357106058531
2024-09-12,10979.449613290868,11179.725168462015,10950.968736855053,11044.80859375,341188,62.447327988202105
2024-09-13,11105.301913256144,11748.920715265134,11058.88235177419,11699.6396484375,700341,69.61519392340367
2024-09-16,11688.284349482536,11793.240372212582,11432.716806848019,11677.8837890625,377298,70.37556791100967
2024-09-17,11688.284943970191,12040.364710853864,11658.94496339655,11717.3388671875,450197,70.10098588849326
2024-09-18,11735.037544684488,11735.037544684488,10567.401786061215,10743.203125,856150,55.729588551727005
2024-09-19,11018.09201019764,11020.334811560118,10162.84392371389,10537.537109375,888273,50.69464783251656
2024-09-20,10605.32966714466,10887.99533641066,10507.243673583795,10850.1630859375,561495,55.099851657216284
2024-09-23,10872.489938268684,11004.44809842045,10754.74798956761,10906.744140625,255526,49.67921379266082
2024-09-24,10877.261325773861,11137.743110154235,10830.794242350152,11096.71484375,256723,55.39434745395547
2024-09-25,11093.899230843053,11128.487011395599,10582.47715150057,10674.88671875,327212,49.048593404469464
2024-09-26,10715.962606547391,10832.415900384767,10706.277655186397,10762.4296875,249828,55.630897296558615
2024-09-27,10893.481136617691,11111.026349821585,10807.417010651505,10870.390625,223731,56.07190970143062
2024-09-30,10869.6278266318,10960.271668233803,10748.975916374446,10933.26953125,105479,52.79397365647093
2024-10-01,10877.356408283837,10969.813502611614,10797.256619349553,10917.9560546875,54125,51.138016784015
2024-10-03,10762.763724969236,10965.901721533999,10552.851666503524,10661.3857421875,149736,44.373205552372426
2024-10-04,10659.429155097423,10913.231898250666,10401.141741028136,10449.0400390625,191185,28.908004593215196
2024-10-07,10543.309163165453,10642.492787305826,10289.506426748982,10442.5517578125,252254,29.057648830454667
2024-10-08,10476.519324673667,10733.184506671592,10231.30389057156,10685.572265625,123076,33.637964950122324
2024-10-09,10745.588552755311,11216.554483508684,10745.54103182831,11118.70703125,181836,57.18825221134713
2024-10-10,11195.8014621553,11301.855122915043,10794.297162591849,10940.8544921875,188860,57.80378386120426
2024-10-11,10942.143378001605,11162.551044579768,10878.406628741654,11026.490234375,87217,53.74030273087527
2024-10-14,11053.730351053091,11258.919196320987,10987.4647462063,11193.5126953125,69155,55.8107588807446
2024-10-15,11292.265847527644,11337.014717860598,11187.357350663153,11275.4248046875,128502,53.7870193511538
2024-10-16,11192.12870865594,11275.044340088803,10990.135883968378,11041.326171875,208236,58.43639552138136
2024-10-17,11058.501422743977,11162.55082761324,10857.176674934217,10975.013671875,95010,54.94255639917173
2024-10-18,10947.581356225142,11067.13562227577,10782.847733646837,11052.44140625,77607,54.293622811615855
2024-10-21,11093.85150022468,11124.384161100847,10640.63231534408,10683.091796875,108502,44.844851733796965
2024-10-22,10734.138744501734,10867.719137766644,10318.226275901621,10391.1708984375,156820,40.25587742045965
2024-10-23,10399.233248398325,10880.075126243135,10373.566358171478,10699.9326171875,192175,50.69950840182746
2024-10-24,10760.855212894896,10843.865888858883,10085.606114127806,10192.56640625,204311,45.7959328460825
2024-10-25,9994.67642904801,10643.209462070365,9950.642231303756,10388.7861328125,432097,49.170292567716636
2024-10-28,10370.80001496964,10621.167272761157,10292.655114051717,10486.3466796875,102138,46.781051140084166
2024-10-29,10567.830817749196,10571.933457553956,10191.229355607744,10486.4423828125,72733,38.12218551830493
2024-10-30,10578.518110770092,10972.675318407739,10490.83175007766,10750.359375,123787,46.53342778127081
2024-10-31,10750.359061215438,10776.789082132735,10155.926320012171,10387.306640625,218143,39.435043313927025
2024-11-01,10387.306471543354,10590.062419295427,10280.919233075794,10326.09765625,14599,35.14295320087045
2024-11-04,10326.95699030994,10438.735526829229,10233.355673997203,10345.6103515625,98808,33.72632092782857
2024-11-05,10342.93943952568,10447.847946119888,10280.919968716717,10436.779296875,79690,38.86192483073097
2024-11-06,10575.320899845994,11068.089610273766,10531.95479342158,11030.8779296875,145380,50.86166097447748
2024-11-07,11068.089915938153,11130.300400787764,10734.138927095193,10899.4921875,73472,47.679507063413375
2024-11-08,10886.801938618279,11211.163940841046,10886.801938618279,10989.9931640625,97671,55.08658789909144
2024-11-11,10972.67580077136,11435.43647584737,10875.209442575684,11385.6298828125,160844,65.93435893969352
2024-11-12,11439.252212715217,11585.188976428934,11242.841703120628,11312.1123046875,150298,60.60880937746236
2024-11-13,11297.132074947023,11428.327102495829,11145.947509571479,11222.8046875,94042,70.8788329303878
2024-11-14,11192.081481697754,11454.041995909882,11163.59967363156,11228.9111328125,108716,68.44749798432059
2024-11-18,11259.349098551427,11301.761062352693,10504.572309708616,10755.369140625,179726,55.07005677792194
2024-11-19,10757.992309593676,11032.356707593968,10587.724830319408,10656.900390625,127844,53.09763158931505
2024-11-21,10615.82480476902,10763.192790972495,10514.685362983515,10630.99609375,86133,47.62547333951372
2024-11-22,10734.09190353574,11067.088762125824,10734.09190353574,10988.32421875,146976,61.98350229294918
2024-11-25,11239.83564889825,11470.738893977485,11096.713802774759,11409.912109375,254970,68.89451462426368
2024-11-26,11409.674379489792,11444.167119556912,11143.276711384291,11203.9609375,65699,64.05056824049264
2024-11-27,11235.065443572275,11401.89744392142,11191.31823661768,11324.5166015625,70895,64.39313405564766
2024-11-28,11316.167776326378,11316.167776326378,10945.338684703504,11123.525390625,95980,51.72156989841265
2024-11-29,11163.504218235284,11293.268027951523,11082.449358089045,11160.1171875,72200,55.01976079395281
2024-12-02,11158.734048510552,11735.0380558043,11135.739509674417,11704.0283203125,115769,61.70779603828366
2024-12-03,11780.073681874786,12021.28152549237,11713.139989135174,11950.53125,120278,59.73878344292837
2024-12-04,11988.840667015738,12109.158066535818,11766.715735403259,11848.19921875,102920,59.15111094663262
2024-12-05,11888.654472764276,11974.766115313792,11726.735774045905,11870.4306640625,118244,61.31420111216016
2024-12-06,11870.431560514993,12260.724671055768,11870.431560514993,12002.67578125,125428,62.947246915625854
2024-12-09,12060.400861640843,12132.724914628605,11929.921445673328,12007.9228515625,71243,74.85374904324067
2024-12-10,11592.869580487843,11807.552350496877,11330.145949992151,11683.751953125,261653,68.70028355535447
2024-12-11,11640.57734315108,11781.695862507848,11549.93350318392,11685.3271484375,73779,69.37238451680602
2024-12-12,11698.303117812744,11827.3513211229,11504.945122912502,11540.7255859375,75811,61.01061276545053
2024-12-13,11538.292360062105,11743.624690834306,11502.225840754594,11720.5341796875,102224,56.851808848929196
2024-12-16,11736.229709710995,11988.792242699583,11735.037027681188,11884.837890625,99486,65.30013561732216
2024-12-17,11890.469202534374,12001.101655963545,11803.545966312908,11860.0791015625,81786,62.576191057130565
2024-12-18,11848.676463806647,11974.290119190098,11673.01861138044,11808.984375,74827,67.31503591727187
2024-12-19,11502.655896895896,12331.378953337296,11444.977603317924,12242.0712890625,556116,72.7696390837074
2024-12-20,12355.37543157576,12388.197482640679,11610.091710408335,11685.9462890625,132859,49.62141132036585
2024-12-23,11830.357784979105,11830.357784979105,11585.380870446423,11706.9384765625,314554,44.36798789780874
2024-12-24,11735.9917212717,11882.26206588024,11664.430796141993,11735.5146484375,183934,47.302670610659725
2024-12-26,11735.897247181829,11853.638269288298,11516.586295621353,11716.52734375,132983,46.31028733013771
2024-12-27,11769.386824506155,12198.513839043782,11733.701403780313,12066.6982421875,131029,51.38967849098455
2024-12-30,12079.436149322713,12613.80522280202,12008.876893660079,12351.8447265625,296573,56.656384667725106
2024-12-31,12271.314501454131,12297.028912608559,11764.663170557551,12202.998046875,202577,60.781355693005466
2025-01-01,12202.998874294059,12289.349059896907,11946.428723585252,12051.2421875,71597,57.151653291485545
2025-01-02,12108.108704430466,12179.192557738588,12031.87209172645,12068.3681640625,116848,60.85336251636122
2025-01-03,12127.19240724507,12211.967883893314,11860.270135338948,11944.0439453125,112999,54.70488450858487
2025-01-06,11873.389753814292,11984.070661194752,11402.041751694052,11450.8466796875,91120,41.975573916186875
2025-01-07,11480.089014691739,11659.659405642571,11480.089014691739,11589.86328125,56206,45.2062982118708
2025-01-08,11563.291225353512,11563.291225353512,11027.394944007656,11430.521484375,230698,43.53429204647149
2025-01-09,11430.522306374362,11440.159737279646,11115.797711270992,11189.314453125,92192,30.752675731641602
2025-01-10,11125.33873003165,11343.74305088411,10879.36015784602,10926.255859375,96024,34.44371165785256
2025-01-13,10819.773383805818,10877.213139615435,10290.46107227635,10349.474609375,122849,27.35700577003834
2025-01-14,10409.68201365737,10502.329187947715,10098.773079808094,10254.298828125,147770,25.82979435409976
2025-01-15,10257.065866633937,10332.34833207987,9966.623554404194,10066.5703125,186595,24.48159866314893
2025-01-16,9541.456408730885,10452.23594386972,9426.958931826115,9722.6005859375,929106,13.67627528815575
2025-01-17,9603.046794336075,9792.349671480075,9517.603234363109,9567.3623046875,191124,5.042114856405846
2025-01-20,9540.550122819162,9612.111048425913,9298.149600503806,9558.154296875,227279,5.280208711733422
2025-01-21,9558.154480543648,9794.305539583784,9282.21535974502,9318.091796875,155630,5.127101714079018
2025-01-22,9442.178152225348,9574.804402080668,9045.30106926934,9153.310546875,268514,4.35366888652716
2025-01-23,9226.588335415763,9760.909893619779,9207.552943548175,9595.556640625,320690,16.555414228166555
2025-01-24,9597.273906715935,9661.201664507847,9318.615859294467,9356.0185546875,112936,17.844630388573933
2025-01-27,9259.983727984023,9341.086109939577,8837.011138800639,8872.6005859375,194147,12.278628283684412
2025-01-28,8811.535137450657,8942.253092386309,8531.016314450062,8822.5078125,231027,12.662715870980435
2025-01-29,8874.413619258898,9183.651850681428,8874.413619258898,9099.2099609375,182919,20.378345895130835
2025-01-30,9098.780558437122,9170.771035028614,8549.145135915973,8582.158203125,278975,19.009766156556992
2025-01-31,8643.653468977616,8862.105314657061,8606.250770957105,8703.7646484375,155215,25.266015452658507
2025-02-01,8682.725673702667,8760.250010075013,7833.392525336058,8485.4560546875,134594,24.36424191798403
2025-02-03,8432.834721966296,8817.26039645771,8234.372416754391,8786.345703125,146156,32.03502796119527
2025-02-04,8798.08275507432,8940.345511037309,8641.22082398179,8800.658203125,108194,35.743700127361066
2025-02-05,8821.077179701168,9014.91225539501,8821.077179701168,8885.1484375,117659,39.21471938758969
2025-02-06,8954.466803006964,9041.867112335207,8808.19644662749,8848.4140625,102307,38.87636218929839
2025-02-07,8905.948131770445,9078.600976510947,8799.70345271702,9019.2529296875,111132,45.212466539316594
2025-02-10,8997.688608412833,9037.381626906617,8818.214182624397,8862.2958984375,77774,45.32609681034837
2025-02-11,8825.847850814176,8911.005355753114,8609.065758327322,8716.12109375,79790,34.39120387863527
2025-02-12,8753.332966216743,8753.332966216743,8492.851180760326,8629.580078125,106087,36.36624894567819
2025-02-13,8587.310985024593,8772.892316867623,8510.025186159372,8589.83984375,61745,43.63277801991529
2025-02-14,8682.725436233208,8703.90765607158,8406.023197056546,8551.9599609375,73852,43.874094793751176
2025-02-17,8501.438647235955,8551.054226321956,8276.403744421574,8393.763671875,116078,33.12104679011625
2025-02-18,8396.481310460818,8480.446123565427,8231.27062650834,8355.1669921875,126590,42.95612499143907
2025-02-19,8325.923272032058,8514.653113588358,8301.067961790413,8390.185546875,53084,39.71655145070907
2025-02-20,8376.44440064063,8429.733060821423,8229.505975113958,8281.79296875,117119,42.802217410301665
2025-02-21,8287.709167603918,8324.348733505643,7902.234322599085,8019.59423828125,185897,22.13984482975806
2025-02-24,7965.733008682397,7994.786932009944,7814.453392190171,7951.134765625,101181,20.300926431708433
2025-02-25,7943.262756732938,7972.984767268584,7805.86577931918,7832.48681640625,80633,14.057684401324025
2025-02-27,7833.583676426132,7879.3351488553235,7657.496274780625,7711.64404296875,110023,13.294119093859706
2025-02-28,7633.165491302866,7635.550855518898,7199.029203985016,7407.8916015625,240082,2.082704129282263
2025-03-03,7444.006110509649,7525.347030293152,7211.48062032621,7477.44873046875,146378,6.560588437648676
2025-03-04,7432.795109084194,7556.88157278363,7271.067410625944,7284.3779296875,138586,6.373089897135941
2025-03-05,7285.617727673777,7633.165284535274,7285.617727673777,7557.26318359375,199318,20.657450126062713
2025-03-06,7680.873020602612,7709.497392107964,7421.34538562076,7466.0947265625,156271,20.091955576463747
2025-03-07,7396.537071823357,7413.664172581275,7181.854300775853,7222.02392578125,307003,18.10487590838798
2025-03-10,7219.781638736368,7257.804436286234,7022.512024462242,7049.51416015625,186586,17.98142542758339
2025-03-11,6903.243909854075,7217.157834711295,6871.184522222284,7187.19775390625,190559,23.434212943352478
2025-03-12,7182.808471179548,7196.596062213132,6804.871285090234,6961.6376953125,230330,20.099046208073077
2025-03-13,7032.053610456042,7121.790824650808,6947.516210644591,6991.9794921875,145595,22.0910089438498
2025-03-17,7006.291645330971,7146.551058631209,7003.906281159198,7138.6318359375,219002,29.934371715666373
2025-03-18,7138.6318359375,7138.6318359375,7138.6318359375,7138.6318359375,0,30.897953654745535
2025-03-19,7251.459872493445,7341.197090130463,7039.448509450224,7322.92529296875,151859,38.37885065786016
2025-03-20,7436.134566496721,7478.594050452467,7186.291419974339,7231.279296875,326426,38.89685313383069
2025-03-21,7156.092551666862,7352.455544928024,7109.339413662639,7293.87109375,228080,47.03385395496301
2025-03-24,7413.711828714088,7678.964324001414,7261.048522073902,7596.0966796875,234142,52.753236305541236
2025-03-25,7679.0598192142525,7777.241314958704,7437.947023326323,7598.7685546875,267380,58.00260907089633
2025-03-26,7633.117862211918,7686.16798891158,7469.529400237943,7527.302734375,112028,49.150242038167164
2025-03-27,7417.528402217742,7650.626001899473,7417.528402217742,7505.54833984375,286752,51.16487674805037
2025-03-28,7566.375361403322,7573.0068603402,7337.380394601708,7490.90234375,152932,59.182739625241666
2025-04-01,7355.508825187738,7442.336079447964,7220.020142715736,7237.52880859375,141821,56.08498568885652
2025-04-02,7266.773093706482,7430.218053220702,7241.96530740969,7410.7060546875,156132,57.0712577383036
2025-04-03,7327.791396041157,7327.791396041157,7156.092692352727,7233.66455078125,174309,58.87884873998061
2025-04-04,7208.57065642249,7288.67137310424,7109.482533771074,7176.654296875,179350,55.92457180810236
2025-04-07,6903.244016652632,7012.0166245169585,6715.2773170976125,6959.681640625,182758,44.506922515667306
2025-04-08,7084.531924719554,7230.516218925896,6908.014967672669,7199.93603515625,147706,51.63991748100232
2025-04-09,7158.430294904495,7202.511544871984,6974.423211152,7061.7275390625,111108,42.83620166676265
2025-04-11,7251.507192338239,7299.166955570778,7166.731255207416,7232.28125,116992,50.02634019205235
2025-04-15,7301.122556840046,7459.987808501555,7271.544041515681,7438.51953125,138731,53.53561007653646
2025-04-16,7466.189846785304,7587.843419368707,7409.418179579716,7521.05322265625,115104,47.945030374812106
2025-04-17,7471.915155083038,7631.257490787146,7458.557114964131,7585.45849609375,174520,49.647440929962336
2025-04-21,7604.064095882646,7930.381922696357,7595.476784650707,7759.58984375,410248,55.835477520867805
2025-04-22,7794.416374004223,7866.931448606295,7645.092569067063,7807.7744140625,103304,57.49296957943376
2025-04-23,7914.638597081702,8258.131049757942,7887.445444578166,8222.3505859375,296818,65.1334465609633
2025-04-24,8300.112792495258,8414.610267503815,8277.690370306083,8363.5634765625,337156,74.43120914260628
2025-04-25,8415.565200869509,8458.5017580168,8072.072743691161,8209.4697265625,279186,67.47522825387017
2025-04-28,8367.857106207168,8427.96828040227,8091.154875785265,8353.544921875,255169,74.85915405941316
2025-04-29,8425.106602501768,8491.41972921455,8348.77494585396,8432.2626953125,146372,77.60600376684711
2025-04-30,8434.648300894341,8487.126316341082,8262.90206852319,8321.58203125,146668,81.41108025379579
2025-05-02,8396.482033771323,8476.153198523585,8253.837253765776,8278.16796875,150654,77.35204913169572
2025-05-05,8396.482407058891,8397.436552786967,8177.028889601671,8238.5712890625,156874,81.42584147303155
2025-05-06,8294.86520755564,8377.398806273482,7978.088851783112,7999.55712890625,167625,69.76624130703807
2025-05-07,7882.674609294874,8152.220766424427,7860.252185604451,8140.2939453125,173152,68.71026181249356
2025-05-08,8192.977141061794,8269.293935344522,7967.473323116705,8031.48095703125,190579,63.42063748015193
2025-05-09,7828.6260357536585,7991.106953476848,7812.37794398134,7871.4619140625,108057,57.15987258950894
2025-05-12,8113.706184406468,8610.996265494552,8054.129847959282,8580.9619140625,268271,66.21576236457062
2025-05-13,8538.617878396659,8541.572076716944,8326.900332109579,8348.564453125,139262,59.95252784635226
2025-05-14,8390.41606041091,8452.454228570747,8281.110716510246,8374.16796875,102099,53.2608577095527
2025-05-15,8429.312790536194,8444.083782575686,8311.144854220267,8420.4501953125,88914,51.27380512434754
2025-05-16,8453.930812009501,8596.717063348042,8378.106388884897,8563.728515625,123530,57.97115748024576
2025-05-19,8611.488708418216,8611.488708418216,8469.194812664478,8489.3818359375,80085,53.155475037408266
2025-05-20,8555.358540641855,8606.564646087685,8286.034120652726,8307.6982421875,117869,47.23848720174757
2025-05-21,8361.858959842995,8369.736822609142,8182.145215490248,8255.5078125,81061,48.49617776663506
2025-05-22,8178.6984508874075,8212.179366826264,8071.362573318721,8167.3740234375,123383,47.52868135056552
2025-05-23,8179.190269835431,8417.49559674371,8179.190269835431,8238.7666015625,122684,50.00429561937033
2025-05-26,8242.213998855603,8355.458277215028,8241.229266000304,8322.4697265625,50840,57.62276475167647
2025-05-27,8340.687240823043,8368.259760627418,8237.290291556643,8274.2177734375,95286,53.305788709918474
2025-05-28,8348.072162877232,8477.072157372886,8306.221019624823,8385.984375,136774,58.73785554784498
2025-05-29,8468.701973277839,8528.770673320856,8349.0569395856,8369.736328125,129537,63.21838246685385
2025-05-30,8399.771225304652,8458.85519640879,8289.481145910266,8333.3017578125,159983,39.78057598602185
2025-06-02,8320.007063489997,8320.007063489997,8198.392568006386,8268.30859375,76519,46.15746438096378
2025-06-03,8283.572826277705,8340.687332212572,8140.786561440536,8241.7216796875,98051,43.66462720214055
2025-06-04,8285.541847204791,8608.041841851758,8262.892992618898,8533.2021484375,334256,54.368570568052654
2025-06-05,8547.480486627574,8749.350705493778,8511.04537395416,8606.564453125,224359,51.754745301103796
2025-06-06,8642.507343169798,8675.49589167959,8534.18673612272,8651.8623046875,95387,56.8181706419522
2025-06-09,8714.393237783028,9059.542097022868,8694.69858105037,9021.6298828125,313597,75.87441248088793
2025-06-10,9059.541999183522,9374.656503502949,9010.305357883612,9347.083984375,393134,83.02056906121089
2025-06-11,9401.736558193783,9470.175488887104,9158.999919116039,9285.5380859375,261322,84.37785981759617
2025-06-12,9399.274968005042,9423.400922611238,9171.309315297534,9263.3818359375,229439,82.48520959218477
2025-06-13,9157.030497783635,9537.137366494731,9082.19080342601,9333.7900390625,302596,82.33630011915437
2025-06-16,9359.393159040006,9583.419877297842,9269.782471736871,9535.16796875,236103,86.72214369612391
2025-06-17,9551.908292929618,9625.763253957424,9484.94646159774,9583.912109375,165669,86.21617312745417
2025-06-18,9590.3129019117,9617.393054371149,9453.435040389395,9508.580078125,110969,83.24234401260624
2025-06-19,9512.51855123231,9521.381146155818,9158.014754291975,9184.6025390625,165782,71.27736641907038
2025-06-20,9230.884886298627,9304.24747687141,9156.045196586798,9252.056640625,147147,74.55753636246621
2025-06-23,9206.7592071933,9206.7592071933,8991.595092880048,9020.15234375,158976,67.62540900851339
2025-06-24,9113.702056508171,9155.060834074171,9000.950151000858,9017.1982421875,145896,62.605796084056955
2025-06-25,9086.130018323516,9196.42009766157,9024.09184869586,9037.3857421875,120007,61.540505995995524
2025-06-26,9089.08396188323,9089.08396188323,8852.748084217794,8935.9580078125,149946,57.387969338228274
2025-06-27,8955.652264569257,9067.419435060061,8804.495782892267,8853.732421875,562109,44.86599024243412
2025-06-30,8950.728434552708,8951.220800933397,8793.663559112787,8848.80859375,138155,31.048678844425297
2025-07-01,8921.679253593358,9008.335740824728,8785.786125889617,8820.744140625,140579,31.860109689492603
2025-07-02,8820.743647566047,8936.942112585617,8714.884876467711,8805.97265625,155550,32.04482325313592
2025-07-03,8823.206395348838,8980.76365240864,8822.714028920525,8892.1376953125,114608,32.875184216385534
2025-07-04,8950.236008965207,8984.70165538547,8823.20548358766,8969.9306640625,96079,25.760130395416056
2025-07-07,8960.575801041521,8960.575801041521,8854.717028734036,8867.5185546875,61737,20.629804870510227
2025-07-08,8863.08769686303,8933.988459506676,8776.431209187462,8868.99609375,82817,22.088565301439772
2025-07-09,8890.167765756978,8891.644864964846,8773.969294738,8802.0341796875,60569,28.476504639295342
2025-07-10,8770.522900763359,8809.912213740457,8580.961832061068,8643.0,146167,18.935277885697772
2025-07-11,8575.05310437413,8730.640884632641,8401.247767566365,8504.15234375,183731,20.921258282519204
2025-07-14,8508.091544054503,8625.767115757571,8375.64498008745,8600.1640625,113607,28.729337906480268
2025-07-15,8591.793633702813,8728.671492165242,8552.404321915064,8641.0302734375,75259,30.201676868232965
2025-07-16,8641.0307866743,8722.763613488429,8606.565136812922,8679.927734375,76256,36.35890631910299
2025-07-17,8719.808888561322,8757.228734723414,8601.148586915737,8611.48828125,69691,36.900992545872775
2025-07-18,8643.000052102589,8709.469518152142,8558.805395106489,8656.2939453125,92192,40.02047186535951
2025-07-21,8655.80140786192,8729.656368679854,8530.740340876884,8686.328125,62012,43.04637501338771
2025-07-22,8706.514737317866,8724.732293461097,8542.556732028783,8574.560546875,69573,39.120398002640854
2025-07-23,8601.641480980003,8680.420109311817,8531.233081908444,8644.9697265625,79754,38.20490929290972
2025-07-24,8810.89659586197,8849.793540878629,8624.289733060536,8802.5263671875,475675,42.576447580163205
2025-07-25,8813.358329128674,8896.568248548938,8444.083538802053,8477.564453125,173750,35.55801813127634
2025-07-28,8513.015437922078,8635.614677022286,8379.091771113819,8548.4658203125,147286,38.70970848872735
2025-07-29,8548.46586545224,8586.87044657799,8449.007847665041,8532.2177734375,67051,40.14391794707883
2025-07-30,8566.190688356914,8566.68305476043,8412.080004056666,8439.16015625,72342,42.17688400626053
2025-07-31,8370.228671183628,8438.667599730365,8316.560734409568,8345.6103515625,150964,43.69617772020685
2025-08-01,8345.610702103972,8362.843526562592,8212.671770566032,8250.583984375,124824,36.08937123351764
2025-08-04,8227.935143577879,8458.854991722095,8192.484761773223,8438.66796875,77907,42.7920265974876
2025-08-05,8453.931312636661,8476.087801225402,8357.919862085459,8444.083984375,49503,41.39418334825221
2025-08-06,8445.068965011154,8468.210187105109,8291.943006049023,8386.9697265625,81885,41.73915792998727
2025-08-07,8345.610974482113,8458.855253191901,8301.790362285717,8440.6376953125,65889,42.11664531900827
2025-08-08,8495.782786312266,8495.782786312266,8259.446898892395,8295.3896484375,47453,36.819414711303374
2025-08-11,8280.61817887915,8329.854819257787,8235.320469730805,8275.2021484375,28768,39.24276910184633
2025-08-12,8282.587351729055,8507.106423919548,8280.617886183525,8383.5224609375,102518,40.85426510818205
2025-08-13,8456.885369549567,8485.442621030346,8336.255600363515,8463.2861328125,70550,37.44992716678806
2025-08-14,8453.93110392222,8585.392932969815,8439.160111894398,8455.408203125,83210,48.92909401580304
2025-08-18,8527.786516186789,8533.202546884135,8386.96971805576,8421.927734375,39039,43.65432514733523
2025-08-19,8487.412168897945,8504.152626824764,8361.36636803718,8465.748046875,53315,46.75635362012191
2025-08-20,8419.465772504065,8712.916158493095,8419.465772504065,8629.2138671875,146307,58.67807363397761
2025-08-21,8675.495767967222,8724.732406831963,8548.465239696194,8566.1904296875,100872,60.3607744274543
2025-08-22,8610.503877261131,8610.503877261131,8478.549677861201,8492.3359375,34763,61.58565807159358
2025-08-25,8538.125673510622,8795.633298632936,8538.125673510622,8616.904296875,203962,59.09546666879294
2025-08-26,8587.362915489823,8625.767497073919,8375.152983916169,8400.263671875,80298,48.160407603036354
2025-08-28,8409.618267371274,8434.728954235205,8208.240406050732,8242.7060546875,101080,44.4147777797942
2025-08-29,8183.6218049915315,8325.915692341423,8147.679058359898,8166.88134765625,79570,39.58018392600734
2025-09-01,8203.80874981558,8384.014847668928,8197.90035316465,8343.1484375,138605,51.775878697734946
2025-09-02,8350.534455553588,8411.587891431458,8261.908500247006,8347.087890625,65922,52.70571776817523
2025-09-03,8370.22857076523,8416.018644711181,8252.553004388,8284.064453125,102667,46.124330429514536
2025-09-04,8345.61034802999,8387.953857760407,8144.232493614399,8166.88134765625,119181,38.777025475523764
2025-09-05,8219.564498473826,8266.831671820746,8017.2019125823235,8153.58740234375,84450,38.61863480844078
2025-09-08,8212.671849352073,8269.786353819989,8140.293985931524,8173.77490234375,62155,40.54763834636446
2025-09-09,8231.873438405408,8299.327631901522,8202.823822228249,8284.556640625,80671,43.43324447414282
2025-09-10,8776.923076031153,9158.999386308287,8685.342929495655,9123.056640625,1529853,62.01771233917803
2025-09-11,9798.091505642955,9798.091505642955,8905.923575581395,8997.99609375,1573471,60.200056932395775
2025-09-12,9020.15265654583,9046.740442760538,8789.725176018348,8841.916015625,368777,57.94894660969
2025-09-15,8837.977196196038,8862.595517076808,8730.641317155887,8833.5458984375,120921,55.20095466065237
2025-09-16,8834.038241087299,9029.015341938406,8831.576409005846,9002.919921875,162517,64.8040535548248
2025-09-17,9025.075834225172,9069.388808861302,8962.545303349743,8985.6865234375,115640,69.60247387150997
2025-09-18,9009.320774225136,9059.542149182562,8916.755887048705,9034.923828125,108710,73.22792978799521
2025-09-19,9054.618016571025,9074.312672398259,8864.072221442531,8880.3203125,193760,64.54277802424184
2025-09-22,8764.12174180837,8976.33165589373,8725.22479699922,8918.232421875,145431,65.1832235105123
2025-09-23,8959.099415435523,9070.866593238548,8897.061246258512,8965.0078125,130689,68.2598412123961
2025-09-24,8949.2516691497,8968.946325111736,8818.282207002152,8923.15625,122602,71.13371958955432
2025-09-25,8923.156124600124,8985.1942900087,8748.858421785553,8772.984375,89964,66.07871812870478
2025-09-26,8752.30534351145,8772.984732824427,8370.229007633587,8385.0,133987,54.60398839416336
2025-09-29,8439.652210726788,8467.224728304567,8296.865958984721,8324.4384765625,108039,50.88874525856722
2025-09-30,8331.824465011565,8380.568740040295,8183.129807853222,8274.7099609375,111001,20.846077793730032
2025-10-01,8271.755179676753,8621.335309294045,8249.106326208592,8590.80859375,176760,37.630867298808774
2025-10-03,8590.809363493083,8846.8399038998,8509.076537132476,8825.17578125,209851,49.514570255067255
2025-10-06,8802.52674686933,8970.916060407159,8764.122166588772,8954.66796875,110924,53.28174437907774
2025-10-07,8951.220858516943,9222.022369638193,8944.820095526806,9190.0185546875,204283,54.89436405634258
2025-10-08,9128.473139563157,9172.786115968802,8964.022760457758,9049.2021484375,165216,51.56061791255357
2025-10-09,9079.23678884981,9238.763509000966,9044.278773014217,9169.33984375,187532,53.19148837502644
2025-10-10,9236.794136003473,9236.794136003473,9040.832298789754,9072.34375,133863,54.68751340944654
2025-10-13,9049.694760774573,9132.412318979696,8937.927583914083,9056.587890625,215451,53.41435012247471
2025-10-14,9057.07976196971,9138.320216480446,8784.801147760998,8813.3583984375,134209,46.58837910384672
2025-10-15,8837.48506133709,8934.481248148802,8597.210243245136,8623.3056640625,152247,43.67602128980356
2025-10-16,8656.293751587546,8712.915888066276,8618.381538467005,8662.2021484375,103843,47.54848845677585
2025-10-17,8675.98827285293,8702.08369186781,8587.854687878147,8646.4462890625,121533,56.92668637482516
2025-10-20,8611.488716668002,8620.351312259769,8419.465812179693,8454.423828125,225848,53.21953086110386
2025-10-21,8488.396305499971,8537.63294300287,8469.686383248869,8488.888671875,15929,55.3452831779769
2025-10-23,8597.209694820785,8606.564656403832,8390.41580719552,8401.740234375,209610,44.672589008482866
2025-10-24,8439.15999206436,8478.05693718531,8375.152360852671,8434.236328125,108451,37.57040359969647
2025-10-27,8507.106736916725,8581.454063995925,8449.007501185959,8562.744140625,203519,37.53130145711001
2025-10-28,8586.87053130268,8586.87053130268,8390.908692342906,8470.1796875,148260,24.81045862417531
2025-10-29,8489.381731340038,8573.576388343816,8478.54967020505,8527.2939453125,91011,30.600264551416913
2025-10-30,8532.71019366836,8562.252179335994,8459.839962354863,8481.01171875,75010,22.927904329243106
2025-10-31,8501.690839694656,8505.137404580153,8370.229007633587,8385.0,111369,22.945671476564243
2025-11-03,8459.0,8470.0,8310.0,8407.0,155670,24.556833620974544
2025-11-04,8420.0,8425.0,8290.0,8325.0,85461,28.106752124404053
2025-11-06,8325.5,8357.5,8199.5,8212.5,76986,30.207185478854697
2025-11-07,8210.0,8210.0,8036.0,8076.5,91422,24.19514587752397
2025-11-10,8141.5,8254.5,8087.0,8176.5,78362,30.7258819693825
2025-11-11,8176.5,8264.0,8168.5,8242.0,74067,40.278885103127244
2025-11-12,8300.0,8430.0,8271.5,8394.0,104111,46.07938552318976
2025-11-13,8380.5,8410.0,8286.5,8303.5,57121,45.95211652985675
2025-11-14,8296.0,8296.0,8159.0,8223.5,71224,41.64394955562233
2025-11-17,8276.5,8349.0,8240.0,8286.5,63753,38.446237595616275
2025-11-18,8282.0,8290.0,8157.5,8177.5,63320,37.92484089367071
2025-11-19,8189.0,8372.0,8165.0,8333.0,144973,42.585864186903436
2025-11-20,8400.0,8514.5,8345.0,8372.5,133670,45.83771602552001
2025-11-21,8330.5,8371.5,8150.0,8169.5,84765,42.36086494151011
2025-11-24,8175.0,8275.0,8113.0,8146.5,272790,40.77222812610698
2025-11-25,8200.0,8222.0,8060.0,8084.0,79913,41.343390804597696
2025-11-26,8120.0,8220.0,8076.0,8177.5,167920,48.72541879096868
2025-11-27,8199.0,8276.0,8115.0,8150.5,197830,52.927215189873415
2025-11-28,8122.5,8265.0,8087.5,8107.0,91091,47.12215320910973
2025-12-01,8149.5,8190.0,8110.0,8149.5,82563,46.0953989024905
2025-12-02,8149.5,8196.5,8065.0,8099.0,93379,36.38042474607571
2025-12-03,8124.0,8190.0,8042.5,8075.5,120259,38.779527559055126
2025-12-04,8091.0,8225.0,8058.5,8191.5,76182,48.47908745247148
2025-12-05,8220.0,8279.0,8158.0,8219.0,89963,46.67978357107723
2025-12-08,8255.0,8264.0,7879.0,8026.0,149195,43.11676510676965
2025-12-09,7970.5,8088.5,7915.5,8062.0,82888,36.18756371049948
2025-12-10,8064.0,8117.0,7832.0,7870.0,106562,27.834142037935607
2025-12-11,7712.5,8036.5,7524.5,8005.0,264718,42.28061942749883
2025-12-12,7975.5,8023.5,7891.5,7990.0,96155,42.600472813238774
2025-12-15,7995.0,8010.0,7933.5,7967.5,49684,44.27518427518427
2025-12-16,7949.0,7958.5,7785.0,7828.5,107137,33.584195672624645
2025-12-17,7800.0,7861.5,7667.5,7712.5,81864,30.989583333333343
2025-12-18,7668.0,7763.0,7595.5,7662.5,119072,30.815709969788514
2025-12-19,7720.0,7843.5,7640.0,7823.5,102445,37.235708692247464
2025-12-22,7900.0,7930.5,7813.5,7860.5,78936,40.561931143648586
2025-12-23,7896.0,7896.0,7755.0,7817.0,101671,39.92987923646279
2025-12-24,7820.0,7851.0,7764.0,7782.0,54134,32.97297297297297
2025-12-26,7750.0,7800.5,7726.5,7777.0,89564,31.271186440677965
2025-12-29,7780.5,7790.0,7624.5,7691.0,122553,34.38956197576887
2025-12-30,7660.0,7717.5,7601.0,7626.5,139152,30.231502496595553
2025-12-31,7659.5,7715.0,7611.0,7687.0,54251,40.56701030927835
2026-01-01,7699.5,7714.0,7642.0,7687.5,48035,30.99940155595452
2026-01-02,7686.0,7741.0,7655.0,7731.5,54875,35.04916136495085
2026-01-05,7735.0,7743.5,7630.0,7677.0,104098,33.798103736754044
2026-01-06,7641.0,7701.0,7574.5,7593.0,160627,36.007130124777184
2026-01-07,7582.5,7841.0,7553.5,7832.5,123199,56.21761658031088
2026-01-08,7833.0,7869.0,7570.0,7594.0,151580,47.03077589943649
2026-01-09,7594.0,7644.5,7521.0,7597.5,123509,38.654618473895574
2026-01-12,7599.0,7603.5,7454.5,7584.0,85550,35.7840616966581
2026-01-13,7609.5,7705.5,7582.0,7696.0,105308,44.18828049951969
2026-01-14,7700.5,7700.5,7510.0,7531.0,100564,39.282664389410755
2026-01-15,7531.0,7531.0,7531.0,7531.0,0,39.451114922813034
2026-01-16,7584.5,8011.0,7546.5,7959.5,381617,58.89956910838581
2026-01-19,7965.0,8022.5,7886.5,7990.5,148585,62.33898305084746
2026-01-20,7975.0,8008.0,7794.0,7825.0,167450,54.36708860759494
2026-01-21,7750.0,7806.0,7538.5,7673.5,161634,49.59560947429232
2026-01-22,7845.0,8013.5,7841.0,7897.0,326204,54.33132687778068
2026-01-23,7882.5,8044.0,7845.0,7956.0,174884,57.284595300261095
2026-01-27,7979.0,8089.5,7925.0,8006.0,133152,60.97820308346624
2026-01-28,8049.0,8073.5,7935.5,8012.5,83252,55.4611650485437
2026-01-29,8020.0,8020.0,7753.0,7837.5,128041,57.68381192805301
2026-01-30,7830.5,7830.5,7688.0,7760.0,100253,54.89900512511306
2026-02-02,7850.0,7850.5,7637.5,7734.5,99623,54.50463932954205
2026-02-03,7920.0,8015.5,7805.5,7826.5,87430,53.95334747046349
2026-02-04,7690.0,7690.0,7465.5,7517.5,217399,49.62385065477849
2026-02-05,7497.0,7542.0,7410.0,7450.5,92851,47.83776524308353
2026-02-06,7350.0,7400.0,7145.0,7264.0,266523,28.52732324791603
2026-02-09,7398.0,7399.0,7252.5,7269.5,78522,27.383939774153077
2026-02-10,7299.5,7369.5,7256.0,7342.0,125045,33.91072618254498
2026-02-11,7350.0,7379.5,7200.0,7217.5,74734,34.53188602442333
2026-02-12,7165.0,7184.5,6731.5,6764.0,370703,16.754694835680752
2026-02-13,6648.0,6711.0,6400.0,6639.0,437097,12.79661016949153
2026-02-16,6639.0,6758.5,6609.0,6699.0,155949,13.286516853932582
2026-02-17,6698.0,6912.0,6672.5,6845.0,215007,19.588434488147954
2026-02-18,6877.5,6877.5,6674.0,6714.5,151155,20.053333333333327
2026-02-19,6750.0,6799.5,6625.0,6652.0,140373,20.215053763440864
2026-02-20,6650.0,6694.0,6593.0,6642.5,91354,20.39045553145337
2026-02-23,6645.0,6699.0,6566.5,6669.5,123441,17.481731309724566
2026-02-24,6605.0,6646.5,6399.5,6454.0,212873,18.45149807178879
2026-02-25,6519.0,6670.0,6519.0,6612.0,148595,26.40022516183508
2026-02-26,6651.0,6880.0,6631.0,6856.5,254463,38.89343145271191
2026-02-27,6904.0,6985.0,6835.0,6932.0,257521,41.13940666841691
2026-03-02,6755.0,6980.5,6755.0,6848.0,106501,37.10855949895616
2026-03-04,6799.5,6890.5,6771.5,6832.0,122557,39.336099585062236
