Date,Open,High,Low,Close,Volume,RSI
2021-02-19,10.300000190734863,10.949999809265137,10.300000190734863,10.449999809265137,51269,
2021-02-22,10.449999809265137,10.600000381469728,10.399999618530272,10.399999618530272,41605,0.0
2021-02-23,10.449999809265137,10.75,10.399999618530272,10.449999809265137,24057,50.0
2021-02-24,10.300000190734863,11.0,9.699999809265137,10.5,44026,66.66666666666627
2021-02-25,10.899999618530272,11.199999809265137,10.449999809265137,10.899999618530272,221269,90.90905938267787
2021-02-26,10.899999618530272,11.300000190734863,10.550000190734863,10.899999618530272,118457,90.90905938267787
2021-03-01,11.149999618530272,11.300000190734863,10.75,11.0,162309,92.30766973553878
2021-03-02,11.350000381469728,11.550000190734863,10.949999809265137,11.050000190734863,208471,92.8571233944227
2021-03-03,11.050000190734863,11.399999618530272,10.899999618530272,10.949999809265137,65002,81.24995529658023
2021-03-04,11.149999618530272,11.5,10.5,11.300000190734863,182682,86.9564892890076
2021-03-05,11.5,11.699999809265137,11.0,11.25,147627,83.33329359696023
2021-03-08,11.550000190734863,11.550000190734863,11.149999618530272,11.350000381469728,95542,84.61535075717943
2021-03-09,11.350000381469728,11.550000190734863,10.899999618530272,11.149999618530272,101605,73.33328247079994
2021-03-10,11.449999809265137,11.550000190734863,11.0,11.0,61981,66.66664740054773
2021-03-12,11.25,11.25,10.800000190734863,10.899999618530272,82328,62.85711638785805
2021-03-15,10.899999618530272,11.25,10.449999809265137,10.649999618530272,69040,56.41024763220106
2021-03-16,11.149999618530272,11.149999618530272,10.5,10.600000381469728,32096,53.84616513223053
2021-03-17,10.800000190734863,12.699999809265137,10.449999809265137,12.0,2826563,72.72726484566954
2021-03-18,12.300000190734863,12.5,10.199999809265137,10.600000381469728,813813,46.51163770676434
2021-03-19,10.949999809265137,10.949999809265137,10.25,10.550000190734863,148101,45.97701930608926
2021-03-22,10.550000190734863,11.149999618530272,10.5,10.699999809265137,148229,46.59090736680802
2021-03-23,10.649999618530272,10.949999809265137,10.550000190734863,10.649999618530272,72481,45.45453954334176
2021-03-24,10.550000190734863,10.75,10.300000190734863,10.350000381469728,51993,43.47826627792686
2021-03-25,10.149999618530272,10.75,9.699999809265137,9.899999618530272,125140,35.10637628702918
2021-03-26,9.800000190734863,10.300000190734863,9.75,9.800000190734863,184334,34.736841048560095
2021-03-30,10.0,10.449999809265137,9.850000381469728,10.149999618530272,118430,37.99998779296405
2021-03-31,10.050000190734863,10.550000190734863,9.949999809265137,10.199999809265137,116217,40.20618252627866
2021-04-01,10.399999618530272,10.399999618530272,9.100000381469728,10.149999618530272,189436,41.05262397068382
2021-04-05,10.350000381469728,10.350000381469728,9.75,10.0,150305,40.62499875823589
2021-04-06,9.800000190734863,10.5,9.800000190734863,10.100000381469728,153767,44.08602679805642
2021-04-07,10.300000190734863,10.300000190734863,9.800000190734863,10.050000190734863,105766,44.08601775639539
2021-04-08,10.100000381469728,10.199999809265137,9.899999618530272,9.949999809265137,40639,19.402977001641773
2021-04-09,10.25,10.25,9.0,9.699999809265137,209159,29.545439767442176
2021-04-12,9.800000190734863,9.899999618530272,9.0,9.199999809265137,89310,24.528291022576568
2021-04-13,9.600000381469728,9.600000381469728,9.149999618530272,9.5,51136,28.571433437113555
2021-04-15,9.5,9.600000381469728,8.25,9.050000190734863,90865,25.00000745058108
2021-04-16,9.050000190734863,9.350000381469728,8.800000190734863,9.149999618530272,36498,29.99998728434241
2021-04-19,9.149999618530272,9.149999618530272,8.350000381469727,8.75,52940,30.5084734804083
2021-04-20,9.199999809265137,9.25,8.199999809265137,8.899999618530273,57595,34.999985694880706
2021-04-22,9.050000190734863,9.050000190734863,8.550000190734863,8.949999809265137,39013,27.777779740070784
2021-04-23,9.0,9.199999809265137,8.800000190734863,8.850000381469727,26455,25.45454734613152
2021-04-26,9.050000190734863,9.100000381469728,8.850000381469727,8.899999618530273,23272,27.272711509504518
2021-04-27,9.100000381469728,9.949999809265137,8.75,9.550000190734863,180356,43.07692397981027
2021-04-28,10.0,10.0,9.600000381469728,9.699999809265137,91602,43.939382116978884
2021-04-29,9.699999809265137,9.949999809265137,9.600000381469728,9.699999809265137,33789,44.61537558651004
2021-04-30,9.699999809265137,9.899999618530272,9.300000190734863,9.550000190734863,51771,43.93939481512864
2021-05-03,9.449999809265137,10.75,9.399999618530272,9.949999809265137,256269,53.62319161075458
2021-05-04,10.449999809265137,10.449999809265137,9.899999618530272,9.949999809265137,98728,62.71187755714294
2021-05-05,10.149999618530272,10.399999618530272,9.699999809265137,10.0,103976,59.259269724832876
2021-05-06,10.199999809265137,10.199999809265137,8.949999809265137,9.449999809265137,509586,57.14285714285715
2021-05-07,9.800000190734863,9.800000190734863,8.899999618530273,9.300000190734863,403167,52.63159127557902
2021-05-10,9.5,9.5,9.0,9.300000190734863,191409,61.2245033006891
2021-05-11,9.300000190734863,9.949999809265137,9.0,9.449999809265137,336749,61.2245033006891
2021-05-12,9.649999618530272,10.0,9.199999809265137,9.5,319361,61.2245033006891
2021-05-14,9.699999809265137,9.850000381469728,8.649999618530273,9.350000381469728,312891,60.00000762940039
2021-05-17,9.600000381469728,9.600000381469728,8.899999618530273,9.25,346885,56.86275463111866
2021-05-18,9.5,9.5,8.949999809265137,9.100000381469728,255992,39.02438570529395
2021-05-19,9.449999809265137,9.449999809265137,9.100000381469728,9.399999618530272,231200,43.181807344599655
2021-05-20,9.399999618530272,9.850000381469728,9.149999618530272,9.5,320737,45.652174814437636
2021-05-21,9.5,9.600000381469728,9.300000190734863,9.5,114896,48.837204144538084
2021-05-24,9.5,9.699999809265137,9.5,9.649999618530272,154831,42.10525259085881
2021-05-25,9.600000381469728,11.550000190734863,9.600000381469728,11.550000190734863,2786433,71.05264082509913
2021-05-26,12.0,13.850000381469728,12.0,13.850000381469728,2040848,81.81818898327904
2021-05-27,14.850000381469728,15.199999809265137,12.699999809265137,13.149999618530272,1563369,79.83870905718368
2021-05-28,13.399999618530272,13.449999809265137,12.0,12.100000381469728,590529,69.71831279150032
2021-05-31,12.100000381469728,12.100000381469728,11.199999809265137,11.699999809265137,380819,65.99999745686848
2021-06-01,11.699999809265137,12.800000190734863,11.699999809265137,12.449999809265137,466410,68.5185176463884
2021-06-02,12.100000381469728,13.0,12.100000381469728,12.75,280414,69.46107695523213
2021-06-03,12.949999809265137,13.050000190734863,12.550000190734863,12.649999618530272,138021,69.87951073526898
2021-06-04,12.5,12.800000190734863,12.449999809265137,12.550000190734863,130581,69.87951876446095
2021-06-07,12.75,13.0,12.300000190734863,12.600000381469728,171368,71.34146142899476
2021-06-08,12.600000381469728,12.850000381469728,12.25,12.449999809265137,171358,68.9440956261427
2021-06-09,12.649999618530272,13.649999618530272,12.5,12.850000381469728,1332957,70.05987702515826
2021-06-10,12.949999809265137,13.75,12.949999809265137,13.550000190734863,596658,72.37568647410879
2021-06-11,13.850000381469728,14.149999618530272,13.600000381469728,13.899999618530272,456007,72.9729682359503
2021-06-14,14.100000381469728,15.100000381469728,13.25,14.5,587689,68.55345391372859
2021-06-15,14.649999618530272,14.949999809265137,14.25,14.399999618530272,404213,54.78260047494621
2021-06-16,14.649999618530272,14.649999618530272,13.649999618530272,13.899999618530272,263099,56.7567553635148
2021-06-17,13.899999618530272,14.050000190734863,13.600000381469728,13.800000190734863,124892,68.47825343307102
2021-06-18,13.800000190734863,14.0,12.699999809265137,13.649999618530272,231727,72.41378403163826
2021-06-21,13.899999618530272,14.399999618530272,12.800000190734863,14.25,362602,71.42856494099365
2021-06-22,14.649999618530272,14.649999618530272,14.100000381469728,14.199999809265137,142948,68.3544199888118
2021-06-23,14.5,14.5,13.75,13.949999809265137,149932,65.85365569995834
2021-06-24,13.949999809265137,14.149999618530272,13.350000381469728,13.550000190734863,93988,61.363632422834755
2021-06-25,14.0,14.5,13.300000190734863,14.050000190734863,357317,64.94844752678887
2021-06-28,14.949999809265137,14.949999809265137,14.149999618530272,14.399999618530272,311848,69.30692807539651
2021-06-29,14.800000190734863,14.800000190734863,13.850000381469728,14.050000190734863,164350,62.00000038146978
2021-06-30,14.25,15.25,14.0,14.600000381469728,779854,60.82474551148707
2021-07-01,15.0,15.0,14.0,14.25,254648,53.60825107155626
2021-07-02,14.550000190734863,14.600000381469728,13.899999618530272,14.0,203081,44.44444444444445
2021-07-05,14.649999618530272,15.399999618530272,14.100000381469728,15.399999618530272,725386,58.62069078914916
2021-07-06,16.200000762939453,16.899999618530273,16.200000762939453,16.899999618530273,406339,72.05882600434539
2021-07-07,18.299999237060547,18.549999237060547,17.950000762939453,18.549999237060547,1139700,78.44311001096553
2021-07-08,19.450000762939453,19.450000762939453,19.450000762939453,19.450000762939453,181093,81.86813682019006
2021-07-09,19.299999237060547,19.299999237060547,18.5,18.5,214227,72.48677067131804
2021-07-12,17.600000381469727,18.75,17.600000381469727,17.600000381469727,739830,66.50485684098814
2021-07-13,17.75,18.450000762939453,17.049999237060547,18.450000762939453,375320,70.64220512588544
2021-07-14,19.350000381469727,19.350000381469727,19.0,19.299999237060547,527477,75.33039355158164
2021-07-15,19.700000762939453,20.0,18.600000381469727,18.850000381469727,509888,71.23894212352245
2021-07-16,19.0,19.450000762939453,18.549999237060547,18.899999618530277,230967,70.45454900126876
2021-07-19,19.299999237060547,19.299999237060547,18.0,18.350000381469727,370549,69.19643301896984
2021-07-20,18.100000381469727,18.399999618530277,17.549999237060547,17.700000762939453,357011,63.71681908861457
2021-07-22,18.549999237060547,18.549999237060547,17.799999237060547,18.399999618530277,131076,67.81116357640605
2021-07-23,19.0,19.0,17.700000762939453,17.850000381469727,95944,66.10879489194265
2021-07-26,18.450000762939453,18.549999237060547,17.0,17.200000762939453,510159,58.03572295272004
2021-07-27,17.200000762939453,17.600000381469727,16.850000381469727,16.950000762939453,66019,50.25126215743666
2021-07-28,16.899999618530273,17.100000381469727,16.149999618530273,16.149999618530273,151283,36.81318393408203
2021-07-29,15.850000381469728,16.850000381469727,15.550000190734863,16.350000381469727,147798,31.547607559189743
2021-07-30,16.799999237060547,16.799999237060547,16.0,16.350000381469727,250072,35.57046275380878
2021-08-02,16.799999237060547,16.950000762939453,15.600000381469728,16.350000381469727,115217,40.45800859850839
2021-08-03,16.600000381469727,16.899999618530273,16.200000762939453,16.350000381469727,128928,31.578927995518768
2021-08-04,16.149999618530273,16.600000381469727,16.149999618530273,16.25,145674,19.19190790467421
2021-08-05,16.799999237060547,16.799999237060547,15.75,16.25,93051,21.111094627844423
2021-08-06,16.399999618530273,17.049999237060547,15.850000381469728,16.75,125593,28.282827115182698
2021-08-09,17.100000381469727,17.549999237060547,16.899999618530273,17.399999618530273,249664,40.594050431060865
2021-08-10,17.5,17.700000762939453,16.549999237060547,16.600000381469727,140516,39.423070927342124
2021-08-11,16.549999237060547,16.75,15.800000190734863,15.800000190734863,66426,25.47170439408123
2021-08-12,15.75,16.549999237060547,15.149999618530272,16.450000762939453,99201,37.03704423210873
2021-08-13,17.0,17.25,16.25,17.0,193661,48.11320075703731
2021-08-16,17.5,17.5,16.149999618530273,16.149999618530273,94039,43.22033103804998
2021-08-17,16.149999618530273,16.149999618530273,15.600000381469728,16.0,85703,48.57143220447359
2021-08-18,16.0,16.0,15.5,15.550000190734863,98809,42.727269732261966
2021-08-20,14.899999618530272,15.300000190734863,14.800000190734863,14.850000381469728,44499,37.90322357360292
2021-08-23,14.850000381469728,15.300000190734863,14.149999618530272,14.149999618530272,58937,34.05796460458309
2021-08-24,13.850000381469728,14.850000381469728,13.449999809265137,14.850000381469728,113757,40.13157944269787
2021-08-25,15.300000190734863,15.550000190734863,14.550000190734863,15.300000190734863,78166,44.02515828894749
2021-08-26,15.649999618530272,15.649999618530272,14.899999618530272,15.050000190734863,30753,42.682927822088104
2021-08-27,14.850000381469728,15.350000381469728,14.850000381469728,15.0,15899,38.70967741935485
2021-08-30,14.949999809265137,15.350000381469728,14.550000190734863,14.699999809265137,49745,31.756759456163408
2021-08-31,15.25,15.25,14.550000190734863,14.899999618530272,43055,37.499996493845
2021-09-01,15.199999809265137,15.25,14.5,15.0,69923,43.44262282267212
2021-09-02,15.350000381469728,15.649999618530272,14.75,15.399999618530272,78341,41.02563182957106
2021-09-03,15.75,16.149999618530273,15.300000190734863,16.149999618530273,147056,42.975204787727904
2021-09-06,16.200000762939453,16.950000762939453,16.200000762939453,16.950000762939453,168575,56.66667408413121
2021-09-07,17.399999618530273,17.549999237060547,16.549999237060547,17.049999237060547,229421,58.82352186911166
2021-09-08,16.700000762939453,17.649999618530273,16.649999618530273,17.049999237060547,142498,63.63635260211725
2021-09-09,16.950000762939453,17.600000381469727,16.799999237060547,17.350000381469727,90781,74.50979292186976
2021-09-13,17.600000381469727,17.700000762939453,16.850000381469727,17.299999237060547,123741,85.39323290255855
2021-09-14,17.600000381469727,18.149999618530277,17.200000762939453,18.149999618530277,515830,85.869539076993
2021-09-15,18.049999237060547,19.049999237060547,18.049999237060547,19.049999237060547,353453,87.12868800340527
2021-09-16,19.450000762939453,19.549999237060547,18.399999618530277,18.649999618530277,228382,84.61536768626038
2021-09-17,19.399999618530277,19.399999618530277,17.850000381469727,18.049999237060547,101601,76.52172369858329
2021-09-20,18.200000762939453,18.950000762939453,17.549999237060547,17.950000762939453,103031,79.27928686470902
2021-09-21,18.350000381469727,18.450000762939453,17.100000381469727,17.299999237060547,78684,69.99999046325988
2021-09-22,17.450000762939453,18.149999618530277,17.100000381469727,17.850000381469727,102041,72.09301706647535
2021-09-23,18.149999618530277,18.25,17.700000762939453,17.899999618530273,68867,70.49179558983641
2021-09-24,17.899999618530273,18.049999237060547,17.299999237060547,17.399999618530273,115837,60.68375650373025
2021-09-27,17.399999618530273,17.799999237060547,17.100000381469727,17.200000762939453,45250,52.38095238095237
2021-09-28,17.350000381469727,17.700000762939453,16.950000762939453,17.25,69237,51.92308397688
2021-09-29,17.25,17.450000762939453,16.899999618530273,17.149999618530273,45886,50.943399621481355
2021-09-30,17.299999237060547,17.5,17.0,17.149999618530273,29694,47.99999237060547
2021-10-01,17.450000762939453,17.450000762939453,16.950000762939453,17.0,36803,47.058830129236
2021-10-04,17.049999237060547,17.649999618530273,17.0,17.5,107769,43.15789600488599
2021-10-05,17.75,18.25,17.149999618530273,17.649999618530273,83964,32.49999642371961
2021-10-06,18.0,18.0,17.100000381469727,17.450000762939453,93651,34.210530278427896
2021-10-07,17.799999237060547,17.950000762939453,17.450000762939453,17.549999237060547,49199,42.42423191541995
2021-10-08,17.549999237060547,17.899999618530273,17.399999618530273,17.600000381469727,122630,44.61537558651005
2021-10-11,17.600000381469727,17.850000381469727,17.5,17.5,88028,53.703722018457505
2021-10-12,17.75,17.75,17.5,17.5,28277,41.86044035886612
2021-10-13,17.5,18.149999618530277,17.450000762939453,17.549999237060547,109617,41.86044035886612
2021-10-14,17.600000381469727,17.899999618530273,17.5,17.5,56692,52.94119627011277
2021-10-18,17.799999237060547,18.049999237060547,17.399999618530273,17.600000381469727,163311,62.50001490119317
2021-10-19,17.649999618530273,17.75,16.75,17.0,87324,44.186040322280164
2021-10-20,17.25,17.350000381469727,16.200000762939453,16.549999237060547,51744,37.999983215319226
2021-10-21,16.700000762939453,17.200000762939453,16.399999618530273,16.75,50384,42.59259651717992
2021-10-22,17.200000762939453,17.200000762939453,16.399999618530273,16.5,112344,41.07142613858527
2021-10-25,16.899999618530273,16.899999618530273,16.200000762939453,16.399999618530273,46772,27.083321743539457
2021-10-26,16.649999618530273,16.799999237060547,16.299999237060547,16.450000762939453,41254,23.91308133676877
2021-10-27,16.5,16.700000762939453,16.399999618530273,16.399999618530273,56168,25.58140772749975
2021-10-28,16.399999618530273,16.399999618530273,15.800000190734863,15.949999809265137,36742,18.000072479109804
2021-10-29,16.25,16.450000762939453,15.5,15.949999809265137,55265,16.3265687432732
2021-11-01,15.949999809265137,16.700000762939453,15.850000381469728,16.700000762939453,73694,37.09680396481869
2021-11-02,17.149999618530273,17.149999618530273,16.049999237060547,16.299999237060547,61358,32.85715998432707
2021-11-03,16.649999618530273,16.799999237060547,16.0,16.25,57747,31.42861268951522
2021-11-04,16.5,17.049999237060547,16.450000762939453,16.799999237060547,51641,41.25000298022797
2021-11-08,17.5,17.600000381469727,17.0,17.600000381469727,139664,50.0
2021-11-09,18.399999618530277,18.450000762939453,18.399999618530277,18.450000762939453,132021,64.64645316463402
2021-11-10,19.350000381469727,19.350000381469727,19.350000381469727,19.350000381469727,98978,75.92591088169576
2021-11-11,20.299999237060547,20.299999237060547,19.799999237060547,20.299999237060547,583004,78.86176630309211
2021-11-12,21.299999237060547,21.299999237060547,19.299999237060547,20.950000762939453,1000566,83.96944575402676
2021-11-15,19.950000762939453,21.450000762939453,19.950000762939453,20.850000381469727,281783,83.96944575402676
2021-11-16,20.399999618530277,21.850000381469727,20.399999618530277,21.850000381469727,162002,85.99997914633222
2021-11-17,22.899999618530277,22.899999618530277,22.049999237060547,22.899999618530277,534943,88.23528553788006
2021-11-18,24.0,24.0,24.0,24.0,395993,93.98906015994834
2021-11-22,25.200000762939453,25.200000762939453,22.799999237060547,22.899999618530277,1215103,83.90242863098837
2021-11-23,21.850000381469727,24.0,21.799999237060547,24.0,584126,84.43395123018564
2021-11-24,25.200000762939453,25.200000762939453,25.200000762939453,25.200000762939453,163107,89.03508918694091
2021-11-25,26.450000762939453,26.450000762939453,25.5,26.450000762939453,249722,90.4761861511377
2021-11-26,27.75,27.75,27.75,27.75,247501,91.0112317812519
2021-11-29,29.100000381469727,29.100000381469727,29.100000381469727,29.100000381469727,240969,91.36690193374945
2021-11-30,30.549999237060547,30.549999237060547,27.649999618530277,27.649999618530277,620194,81.72412981176316
2021-12-01,26.450000762939453,26.950000762939453,26.299999237060547,26.299999237060547,199785,73.24413917799286
2021-12-02,25.399999618530277,27.5,25.049999237060547,27.100000381469727,343304,72.9729691415581
2021-12-03,27.100000381469727,28.299999237060547,26.5,26.649999618530277,511598,69.52053841562345
2021-12-06,27.399999618530277,27.950000762939453,26.700000762939453,27.950000762939453,208617,72.46834858547813
2021-12-07,28.899999618530277,29.299999237060547,28.549999237060547,29.299999237060547,103878,73.06500703356805
2021-12-08,30.0,30.75,29.5,30.75,193416,73.71600613071224
2021-12-09,32.20000076293945,32.25,30.75,32.25,247319,74.33627661341399
2021-12-10,33.849998474121094,33.849998474121094,33.849998474121094,33.849998474121094,101929,81.37535008586347
2021-12-13,35.5,35.5,35.5,35.5,80343,81.94443767453562
2021-12-14,37.25,37.25,33.75,35.25,760133,79.47213324992461
2021-12-15,35.75,37.0,35.0,36.95000076293945,245457,79.99999346052041
2021-12-16,37.400001525878906,38.70000076293945,35.150001525878906,35.29999923706055,396889,71.14845001530153
2021-12-17,36.0,36.70000076293945,33.54999923706055,35.599998474121094,381170,69.34522670818632
2021-12-20,34.70000076293945,35.79999923706055,33.849998474121094,33.849998474121094,79146,68.12864717594795
2021-12-21,32.20000076293945,33.20000076293945,32.20000076293945,32.20000076293945,174537,66.95402588644569
2021-12-22,31.899999618530277,32.849998474121094,30.799999237060547,31.799999237060547,222359,63.82352449489768
2021-12-23,32.70000076293945,33.349998474121094,32.29999923706055,33.349998474121094,163093,68.50828374139176
2021-12-24,34.400001525878906,35.0,34.20000076293945,35.0,209841,69.10568819927067
2021-12-27,36.45000076293945,36.45000076293945,34.0,34.849998474121094,324014,66.08695075282205
2021-12-28,34.849998474121094,36.54999923706055,34.849998474121094,36.54999923706055,167706,66.57142277931807
2021-12-29,36.70000076293945,38.34999847412109,35.5,38.34999847412109,256008,67.13482423678207
2021-12-30,40.25,40.25,37.25,37.70000076293945,578869,61.424337584135586
2021-12-31,37.54999923706055,39.54999923706055,37.5,39.54999923706055,261408,61.87683113867041
2022-01-03,40.45000076293945,41.5,40.34999847412109,41.5,249911,66.66666666666669
2022-01-04,43.54999923706055,43.54999923706055,39.45000076293945,39.45000076293945,427769,56.544503140634525
2022-01-05,37.900001525878906,38.95000076293945,37.5,37.5,135671,55.67010572808324
2022-01-06,36.0,39.34999847412109,35.650001525878906,39.34999847412109,352216,58.949881971974804
2022-01-07,41.29999923706055,41.29999923706055,41.29999923706055,41.29999923706055,125683,67.61229685382133
2022-01-10,43.34999847412109,43.34999847412109,43.34999847412109,43.34999847412109,178649,75.8700652109687
2022-01-11,45.5,45.5,41.20000076293945,41.20000076293945,622935,70.17168105719202
2022-01-12,40.5,42.54999923706055,39.150001525878906,40.09999847412109,296776,64.77024168654705
2022-01-13,41.0,41.400001525878906,38.09999847412109,38.09999847412109,237260,56.68103207305803
2022-01-14,36.84999847412109,38.400001525878906,36.20000076293945,36.45000076293945,236463,53.23887193038408
2022-01-17,37.25,37.75,36.09999847412109,36.34999847412109,203065,49.567097815631165
2022-01-18,35.650001525878906,36.70000076293945,35.29999923706055,36.0,133912,44.57275026183104
2022-01-19,36.0,36.0,34.20000076293945,34.29999923706055,263679,42.51100884808226
2022-01-20,35.5,35.54999923706055,32.599998474121094,33.900001525878906,335834,36.70588535190094
2022-01-21,32.900001525878906,34.20000076293945,32.25,32.75,166442,28.60635377563682
2022-01-24,31.399999618530277,32.5,31.149999618530277,31.149999618530277,80412,29.249995160102372
2022-01-25,30.549999237060547,30.75,29.600000381469727,29.700000762939453,242749,29.999998043744597
2022-01-27,30.0,31.149999618530277,29.049999237060547,31.149999618530277,101029,28.534030550937274
2022-01-28,32.70000076293945,32.70000076293945,32.0,32.70000076293945,66002,27.00534792084683
2022-01-31,33.25,33.349998474121094,31.299999237060547,32.29999923706055,129036,17.595308705229044
2022-02-01,33.45000076293945,33.900001525878906,31.850000381469727,33.900001525878906,184334,27.878795305010414
2022-02-02,34.29999923706055,35.54999923706055,34.04999923706055,35.54999923706055,114288,36.65689313589385
2022-02-03,37.29999923706055,37.29999923706055,35.0,35.150001525878906,111391,40.45308242414308
2022-02-04,35.400001525878906,36.45000076293945,33.5,33.650001525878906,82277,40.849675239596664
2022-02-07,34.400001525878906,34.400001525878906,32.400001525878906,33.25,68412,40.06410648288304
2022-02-08,32.650001525878906,33.5,32.54999923706055,32.75,150715,39.682539682539684
2022-02-09,33.45000076293945,33.45000076293945,32.20000076293945,32.75,94918,44.48398818068254
2022-02-10,33.349998474121094,33.95000076293945,31.549999237060547,33.45000076293945,49147,48.43205334089007
2022-02-11,33.849998474121094,33.900001525878906,31.799999237060547,32.0,129971,47.44027330415242
2022-02-14,30.799999237060547,30.950000762939453,30.399999618530277,30.399999618530277,51986,47.44027330415242
2022-02-15,30.049999237060547,30.049999237060547,28.899999618530277,29.25,81447,48.43205334089007
2022-02-16,28.950000762939453,30.700000762939453,28.950000762939453,30.200000762939453,89712,46.5704022824277
2022-02-17,30.450000762939453,30.850000381469727,29.5,29.799999237060547,51780,38.58267527326139
2022-02-18,30.399999618530277,30.950000762939453,29.100000381469727,30.5,48471,43.076928042799715
2022-02-21,30.0,30.450000762939453,29.0,29.25,83439,31.62054954552336
2022-02-22,28.350000381469727,28.350000381469727,27.799999237060547,27.850000381469727,51502,18.951626114241236
2022-02-23,27.850000381469727,29.200000762939453,27.850000381469727,28.299999237060547,41994,22.489960762252835
2022-02-24,27.0,27.799999237060547,26.899999618530277,26.899999618530277,49885,22.672066340497295
2022-02-25,26.899999618530277,28.200000762939453,26.0,27.799999237060547,51976,28.793775127643897
2022-02-28,27.799999237060547,28.950000762939453,27.350000381469727,28.100000381469727,32765,31.6205598556748
2022-03-02,28.149999618530277,28.149999618530277,27.0,27.5,48479,30.18868494899391
2022-03-03,28.0,28.0,26.649999618530277,27.5,72103,26.294823441871316
2022-03-04,27.75,27.75,26.299999237060547,26.850000381469727,46541,28.085111563644148
2022-03-07,27.399999618530277,27.399999618530277,25.549999237060547,25.549999237060547,57834,28.820963972108387
2022-03-08,25.100000381469727,26.200000762939453,24.5,24.600000381469727,71318,29.33333853262353
2022-03-09,25.450000762939453,25.799999237060547,24.799999237060547,25.799999237060547,23856,30.869558583135188
2022-03-10,26.799999237060547,27.049999237060547,25.200000762939453,27.049999237060547,53861,38.866395385543925
2022-03-11,27.799999237060547,28.399999618530277,27.149999618530277,28.399999618530277,59447,41.9230742708462
2022-03-14,29.799999237060547,29.799999237060547,28.350000381469727,29.799999237060547,71715,52.09125221593337
2022-03-15,30.399999618530277,31.049999237060547,29.049999237060547,29.549999237060547,73710,57.083329690826695
2022-03-16,29.649999618530277,30.950000762939453,29.649999618530277,30.25,35271,57.959186787507974
2022-03-17,30.950000762939453,30.950000762939453,30.0,30.100000381469727,41294,64.54545801336114
2022-03-21,30.549999237060547,30.549999237060547,28.600000381469727,28.649999618530277,64913,53.679654966446364
2022-03-22,28.200000762939453,29.100000381469727,28.049999237060547,28.399999618530277,41005,51.30434450895891
2022-03-23,27.899999618530277,29.0,27.75,28.049999237060547,39125,52.444441053602425
2022-03-24,28.049999237060547,28.350000381469727,27.100000381469727,27.299999237060547,29882,49.16666348775228
2022-03-25,27.600000381469727,28.0,25.950000762939453,26.399999618530277,93150,48.163262192083884
2022-03-28,26.950000762939453,26.950000762939453,25.5,25.600000381469727,54129,50.212770861811684
2022-03-29,25.75,26.850000381469727,24.600000381469727,26.850000381469727,190365,59.33610017617254
2022-03-30,27.850000381469727,28.149999618530277,27.0,28.149999618530277,51591,59.670783766468944
2022-03-31,28.950000762939453,29.0,27.0,27.100000381469727,95526,50.20920982927872
2022-04-01,27.450000762939453,28.25,26.700000762939453,27.450000762939453,54300,45.66210522887052
2022-04-04,28.450000762939453,28.700000762939453,27.549999237060547,28.549999237060547,62508,44.131454137837046
2022-04-05,29.549999237060547,29.950000762939453,28.899999618530277,29.899999618530277,176592,51.489363567167835
2022-04-06,29.950000762939453,30.850000381469727,29.200000762939453,29.850000381469727,122005,48.19819935923377
2022-04-07,30.0,32.70000076293945,29.399999618530277,31.950000762939453,212548,57.08812551730447
2022-04-08,32.900001525878906,34.25,31.399999618530277,33.0,226140,67.19368310047837
2022-04-11,33.099998474121094,33.599998474121094,31.5,32.45000076293945,195514,65.63707604373616
2022-04-12,32.349998474121094,32.349998474121094,31.0,31.350000381469727,65350,62.043804156712824
2022-04-13,32.900001525878906,32.900001525878906,31.100000381469727,31.450000762939453,57130,65.90039456553066
2022-04-18,31.299999237060547,31.700000762939453,29.600000381469727,30.25,68730,64.4194807924228
2022-04-19,30.399999618530277,30.899999618530277,28.049999237060547,28.850000381469727,66089,61.64874806803998
2022-04-20,29.75,29.799999237060547,28.399999618530277,28.75,85107,57.42187505820766
2022-04-21,28.700000762939453,31.600000381469727,28.549999237060547,31.600000381469727,160510,62.02090985989025
2022-04-22,31.899999618530277,32.70000076293945,30.549999237060547,31.5,163772,66.41790949174992
2022-04-25,31.5,33.70000076293945,30.299999237060547,33.150001525878906,397044,69.38775669083591
2022-04-26,35.0,35.0,29.850000381469727,32.25,375950,62.758619963910334
2022-04-27,32.75,34.5,32.0,32.650001525878906,195131,60.14760480032318
2022-04-28,33.349998474121094,35.900001525878906,30.600000381469727,31.5,465198,55.63139522939144
2022-04-29,32.400001525878906,33.0,31.0,31.399999618530277,117545,47.82608367872911
2022-05-02,31.149999618530277,31.899999618530277,30.5,31.450000762939453,57298,43.347647987216675
2022-05-04,31.950000762939453,32.0,29.350000381469727,29.700000762939453,68022,39.29961915398095
2022-05-05,29.850000381469727,30.5,28.600000381469727,28.799999237060547,111669,39.92095290752805
2022-05-06,28.399999618530277,29.100000381469727,27.399999618530277,28.350000381469727,68447,38.076930356443576
2022-05-09,28.299999237060547,30.950000762939453,26.799999237060547,30.5,151785,50.89605680860158
2022-05-10,31.5,32.79999923706055,27.649999618530277,29.100000381469727,130055,50.89605680860158
2022-05-11,30.049999237060547,30.049999237060547,26.299999237060547,26.799999237060547,135518,43.962849357572274
2022-05-12,27.5,27.899999618530277,24.649999618530277,26.799999237060547,91892,31.954894819830955
2022-05-13,26.799999237060547,29.450000762939453,26.799999237060547,29.450000762939453,148687,43.533129481815216
2022-05-16,29.600000381469727,29.75,28.5,29.100000381469727,38688,36.082478686538906
2022-05-17,29.600000381469727,30.399999618530277,28.950000762939453,29.399999618530277,39307,39.78494961799039
2022-05-18,30.25,30.600000381469727,27.649999618530277,29.600000381469727,73323,38.90909136307121
2022-05-19,29.399999618530277,32.54999923706055,28.799999237060547,32.54999923706055,277150,53.376202672004794
2022-05-20,35.20000076293945,35.400001525878906,33.04999923706055,33.54999923706055,274856,56.53495218700964
2022-05-23,34.150001525878906,35.0,32.79999923706055,32.95000076293945,67829,54.41176470588235
2022-05-24,33.70000076293945,33.70000076293945,30.399999618530277,31.200000762939453,64814,54.41176470588235
2022-05-25,30.600000381469727,31.25,28.350000381469727,28.850000381469727,93504,50.13550446479846
2022-05-26,29.450000762939453,31.700000762939453,28.549999237060547,31.600000381469727,207725,57.83132530120482
2022-05-27,32.25,32.29999923706055,30.700000762939453,31.049999237060547,86794,51.43602922516035
2022-05-30,31.899999618530277,32.45000076293945,30.799999237060547,31.0,42176,55.337077237006376
2022-05-31,31.399999618530277,31.649999618530277,29.799999237060547,30.600000381469727,52484,61.949689420056835
2022-06-01,31.0,31.75,30.5,30.649999618530277,27976,62.06896757901716
2022-06-02,30.399999618530277,33.150001525878906,30.399999618530277,32.400001525878906,235324,59.800667483341435
2022-06-03,33.0,35.349998474121094,32.25,33.599998474121094,376785,64.15094113284783
2022-06-06,34.099998474121094,35.0,33.45000076293945,34.150001525878906,123495,64.70588860540451
2022-06-07,34.0,36.59999847412109,33.900001525878906,35.650001525878906,323668,67.33524796900149
2022-06-08,36.400001525878906,36.400001525878906,33.5,33.95000076293945,126375,54.32099216032654
2022-06-09,34.349998474121094,38.0,34.0,37.400001525878906,1116906,60.32172110944887
2022-06-10,37.34999847412109,38.400001525878906,36.25,36.70000076293945,408729,59.999997965495204
2022-06-13,34.849998474121094,35.70000076293945,33.04999923706055,33.54999923706055,229742,55.83126017686181
2022-06-14,32.900001525878906,34.900001525878906,31.549999237060547,32.54999923706055,142888,59.840419892545285
2022-06-15,33.5,33.75,32.45000076293945,32.95000076293945,55776,54.10334300689161
2022-06-16,33.349998474121094,33.95000076293945,30.5,31.399999618530277,176410,51.002866049851846
2022-06-17,31.200000762939453,31.700000762939453,27.700000762939453,29.100000381469727,197990,45.17766753026608
2022-06-20,29.850000381469727,31.450000762939453,27.799999237060547,28.350000381469727,214635,44.389029352991415
2022-06-21,30.0,31.600000381469727,28.799999237060547,31.299999237060547,205317,51.416120773115075
2022-06-22,31.600000381469727,33.25,30.25,31.950000762939453,110046,48.97025025803758
2022-06-23,32.75,33.599998474121094,31.299999237060547,31.549999237060547,200833,45.13064561317286
2022-06-24,32.70000076293945,32.900001525878906,31.549999237060547,31.799999237060547,29497,44.337345964419455
2022-06-27,32.45000076293945,32.79999923706055,31.0,31.299999237060547,131239,38.98734023184851
2022-06-28,31.950000762939453,33.25,31.100000381469727,32.349998474121094,128523,45.811513671391296
2022-06-29,32.25,32.29999923706055,30.549999237060547,31.049999237060547,176551,31.268434885273294
2022-06-30,31.649999618530277,31.75,30.200000762939453,30.600000381469727,52096,31.736528724266066
2022-07-01,31.149999618530277,31.5,30.049999237060547,30.649999618530277,61509,39.33823699563428
2022-07-04,31.700000762939453,31.700000762939453,30.149999618530277,30.950000762939453,90369,43.798456260213186
2022-07-05,30.399999618530277,31.950000762939453,30.399999618530277,30.799999237060547,89283,41.50197127849941
2022-07-06,31.450000762939453,31.450000762939453,30.399999618530277,31.149999618530277,62480,48.908297015974085
2022-07-07,30.75,32.95000076293945,30.75,31.600000381469727,75986,63.02083022892549
2022-07-08,30.850000381469727,32.650001525878906,30.850000381469727,31.5,108952,67.59775798161232
2022-07-11,31.200000762939453,34.5,31.200000762939453,33.599998474121094,272061,64.19752214289852
2022-07-12,33.599998474121094,39.20000076293945,33.29999923706055,37.150001525878906,952770,73.63635890740173
2022-07-13,37.84999847412109,43.79999923706055,37.150001525878906,40.150001525878906,1189592,81.61765015248969
2022-07-14,40.59999847412109,45.0,40.0,41.34999847412109,989715,82.81786851485043
2022-07-15,41.650001525878906,44.0,38.20000076293945,40.04999923706055,333355,78.50163149772239
2022-07-18,40.70000076293945,41.900001525878906,38.95000076293945,39.59999847412109,153185,74.57627118644066
2022-07-19,40.09999847412109,40.79999923706055,38.5,39.09999847412109,114542,78.85304228243032
2022-07-20,40.0,40.5,38.25,38.75,147544,79.42238048395427
2022-07-21,38.900001525878906,38.900001525878906,37.29999923706055,37.900001525878906,181635,74.74403445778375
2022-07-22,37.900001525878906,41.70000076293945,36.900001525878906,38.59999847412109,381612,75.41528251833971
2022-07-25,39.650001525878906,39.70000076293945,37.34999847412109,38.900001525878906,172884,76.64474972067379
2022-07-26,38.0,40.79999923706055,38.0,38.84999847412109,184776,75.83892299572534
2022-07-27,39.0,39.900001525878906,38.20000076293945,39.04999923706055,89694,75.42661791665707
2022-07-28,38.20000076293945,39.900001525878906,38.20000076293945,38.54999923706055,85144,73.42192556295936
2022-07-29,39.34999847412109,39.34999847412109,37.84999847412109,38.650001525878906,73420,69.3486661716818
2022-08-01,38.400001525878906,41.04999923706055,38.09999847412109,39.95000076293945,361515,62.96296034657234
2022-08-02,39.900001525878906,40.900001525878906,38.70000076293945,39.0,134099,43.428562709263396
2022-08-03,39.29999923706055,39.5,38.5,38.650001525878906,97767,32.911415020633214
2022-08-04,39.150001525878906,39.150001525878906,37.5,38.150001525878906,98971,36.61973874167686
2022-08-05,38.20000076293945,38.70000076293945,37.54999923706055,37.79999923706055,61521,37.142869599004754
2022-08-08,37.54999923706055,38.5,37.25,37.79999923706055,116970,40.000011737523224
2022-08-10,37.29999923706055,38.04999923706055,37.0,37.0,58320,37.41008023483154
2022-08-11,36.650001525878906,37.400001525878906,36.0,36.25,60897,37.9562039730733
2022-08-12,37.45000076293945,40.0,37.29999923706055,37.650001525878906,217957,43.70863838236861
2022-08-16,38.84999847412109,38.84999847412109,34.150001525878906,35.900001525878906,246301,33.333347461829774
2022-08-17,35.79999923706055,38.70000076293945,35.5,38.29999923706055,341484,47.57709636057792
2022-08-18,38.5,38.650001525878906,37.54999923706055,37.84999847412109,110353,44.82758393894378
2022-08-19,38.900001525878906,38.900001525878906,37.0,37.650001525878906,119609,46.0177089736877
2022-08-22,36.54999923706055,38.400001525878906,36.29999923706055,36.75,65708,42.14875303520682
2022-08-23,36.75,37.59999847412109,36.59999847412109,37.04999923706055,45154,36.936928267872894
2022-08-24,36.650001525878906,37.84999847412109,36.650001525878906,37.150001525878906,86603,40.97561719940929
2022-08-25,38.0,38.0,36.400001525878906,36.59999847412109,95336,40.1913772547771
2022-08-26,36.70000076293945,37.29999923706055,36.5,36.84999847412109,64511,43.62743888072342
2022-08-29,36.84999847412109,37.5,36.09999847412109,36.45000076293945,41480,43.4146415896532
2022-08-30,37.09999847412109,39.20000076293945,36.75,38.400001525878906,258375,52.459025620068054
2022-09-01,39.25,39.70000076293945,37.900001525878906,38.5,107268,56.52173913043478
2022-09-02,38.900001525878906,39.0,38.0,38.34999847412109,117760,59.63301917497555
2022-09-05,38.79999923706055,39.04999923706055,37.09999847412109,38.0,111737,51.776642275837126
2022-09-06,38.09999847412109,38.25,37.09999847412109,37.900001525878906,53718,62.195126489825924
2022-09-07,38.650001525878906,39.70000076293945,37.59999847412109,38.45000076293945,233538,51.18111466081627
2022-09-08,38.84999847412109,38.900001525878906,37.5,37.70000076293945,94792,48.8721972721177
2022-09-09,37.70000076293945,41.54999923706055,37.70000076293945,40.20000076293945,739695,64.24580457925597
2022-09-12,41.650001525878906,48.20000076293945,41.04999923706055,48.20000076293945,1463803,85.66978600379188
2022-09-13,50.45000076293945,54.79999923706055,45.54999923706055,46.400001525878906,2178391,76.6381843170507
2022-09-14,45.79999923706055,48.59999847412109,45.09999847412109,46.54999923706055,354586,76.70454705549714
2022-09-15,46.54999923706055,46.95000076293945,44.0,44.5,221890,70.68064217962721
2022-09-16,44.84999847412109,46.5,41.0,42.20000076293945,243999,62.647765479155986
2022-09-19,43.400001525878906,43.59999847412109,41.0,41.79999923706055,158938,62.64775417975508
2022-09-20,42.0,43.0,41.75,41.900001525878906,86835,59.067359663579204
2022-09-21,42.70000076293945,42.70000076293945,38.900001525878906,40.0,121550,53.554502626717564
2022-09-22,40.5,41.59999847412109,39.29999923706055,40.59999847412109,94286,55.22041874232857
2022-09-23,41.0,42.0,39.45000076293945,39.900001525878906,116128,54.33790423609186
2022-09-26,39.900001525878906,40.0,37.84999847412109,38.29999923706055,100510,50.85469604766351
2022-09-27,39.25,39.25,37.20000076293945,38.04999923706055,82100,49.13419577423993
2022-09-28,38.79999923706055,38.900001525878906,37.54999923706055,37.900001525878906,76322,50.4444462152178
2022-09-29,38.34999847412109,44.84999847412109,36.70000076293945,42.09999847412109,468558,53.92561621959294
2022-09-30,42.54999923706055,44.20000076293945,41.59999847412109,42.34999847412109,201535,32.218830605804285
2022-10-03,42.84999847412109,42.84999847412109,40.59999847412109,41.400001525878906,52048,33.97434956928127
2022-10-04,42.79999923706055,43.0,42.0,42.150001525878906,62302,36.4197543946155
2022-10-06,42.04999923706055,44.25,41.45000076293945,41.84999847412109,298336,40.8304426105734
2022-10-07,42.5,45.84999847412109,41.84999847412109,44.84999847412109,417925,58.745868354903365
2022-10-10,44.45000076293945,44.79999923706055,43.09999847412109,43.400001525878906,95304,54.93828076230871
2022-10-11,43.84999847412109,45.5,41.09999847412109,41.400001525878906,215163,48.618783831745205
2022-10-12,42.20000076293945,42.54999923706055,39.95000076293945,41.75,101464,55.287012963065415
2022-10-13,42.45000076293945,42.45000076293945,40.29999923706055,40.70000076293945,102354,50.29412457687688
2022-10-14,41.95000076293945,42.150001525878906,40.75,40.95000076293945,103727,53.172204741705684
2022-10-17,40.75,41.900001525878906,40.59999847412109,40.84999847412109,72478,58.471762986770194
2022-10-18,41.0,41.45000076293945,40.70000076293945,40.84999847412109,58852,59.4594622459455
2022-10-19,40.5,44.900001525878906,40.5,42.45000076293945,417652,64.00000093900263
2022-10-20,42.900001525878906,45.650001525878906,42.29999923706055,44.09999847412109,339217,57.29927169894959
2022-10-21,44.79999923706055,48.0,43.29999923706055,45.59999847412109,695009,60.86956743620651
2022-10-24,45.70000076293945,46.5,45.04999923706055,45.75,62253,65.37101768563554
2022-10-25,45.900001525878906,46.59999847412109,44.29999923706055,44.75,119251,59.02777152297003
2022-10-27,44.29999923706055,45.79999923706055,44.09999847412109,44.25,81800,58.21918416680995
2022-10-28,43.84999847412109,46.59999847412109,43.84999847412109,45.34999847412109,255897,51.968504410031386
2022-10-31,46.09999847412109,46.79999923706055,45.04999923706055,45.70000076293945,208144,59.913787858807545
2022-11-01,46.20000076293945,48.0,45.54999923706055,46.650001525878906,360838,74.88150939029943
2022-11-02,47.0,47.400001525878906,44.5,45.09999847412109,134015,64.25530339972087
2022-11-03,45.0,46.75,45.0,46.34999847412109,158052,73.6401411851984
2022-11-04,46.84999847412109,47.400001525878906,46.0,46.150001525878906,201778,71.848732895979
2022-11-07,46.650001525878906,47.0,44.70000076293945,45.34999847412109,138848,67.85713420703985
2022-11-09,46.0,46.0,44.04999923706055,44.34999847412109,197796,62.86764128398163
2022-11-10,44.29999923706055,44.29999923706055,43.20000076293945,43.59999847412109,75032,54.50979359651641
2022-11-11,43.75,44.84999847412109,43.150001525878906,43.45000076293945,80920,47.111122263209985
2022-11-14,45.25,45.25,44.20000076293945,44.650001525878906,90729,45.66211620503627
2022-11-15,44.25,45.84999847412109,43.650001525878906,43.95000076293945,167182,42.17391895661763
2022-11-16,43.95000076293945,44.45000076293945,42.150001525878906,43.0,71535,42.35808165781013
2022-11-17,42.5,43.54999923706055,42.5,43.04999923706055,55839,44.54545296913391
2022-11-18,43.04999923706055,51.650001525878906,41.75,45.20000076293945,897888,49.37760321282804
2022-11-21,45.84999847412109,46.5,44.59999847412109,45.59999847412109,149791,49.58676747974346
2022-11-22,45.59999847412109,46.34999847412109,44.79999923706055,45.150001525878906,57525,43.534481908138126
2022-11-23,45.09999847412109,46.45000076293945,44.79999923706055,44.900001525878906,141479,49.0291405964708
2022-11-24,44.25,45.650001525878906,44.25,44.59999847412109,72454,40.641709702714664
2022-11-25,44.59999847412109,45.59999847412109,44.09999847412109,44.59999847412109,70076,41.53003938101019
2022-11-28,44.04999923706055,45.75,44.04999923706055,44.54999923706055,101708,45.23809848188635
2022-11-29,44.70000076293945,47.54999923706055,44.59999847412109,45.84999847412109,562680,58.62069267911109
2022-11-30,46.29999923706055,46.29999923706055,45.0,45.25,95868,59.64913689639642
2022-12-01,45.25,46.0,44.400001525878906,45.09999847412109,150621,59.64911028313086
2022-12-02,45.0,46.5,44.900001525878906,45.900001525878906,218590,57.668710220672025
2022-12-05,45.20000076293945,46.29999923706055,45.20000076293945,45.45000076293945,71484,59.49366905238111
2022-12-06,45.900001525878906,45.900001525878906,44.900001525878906,45.29999923706055,80176,66.19717250431574
2022-12-07,45.0,46.400001525878906,45.0,45.25,92200,65.4929581248459
2022-12-08,45.0,45.84999847412109,44.09999847412109,44.54999923706055,95480,44.24777566075264
2022-12-09,45.75,45.75,43.54999923706055,44.900001525878906,143613,43.75003405975995
2022-12-12,44.650001525878906,44.650001525878906,43.5,43.70000076293945,144846,38.582688990921035
2022-12-13,45.20000076293945,45.29999923706055,43.400001525878906,43.95000076293945,104760,42.5196907156421
2022-12-14,43.54999923706055,44.20000076293945,43.25,43.34999847412109,158340,40.601516698599184
2022-12-15,43.5,45.95000076293945,43.34999847412109,43.75,231382,43.97165116080256
2022-12-16,43.5,45.09999847412109,43.150001525878906,43.29999923706055,118512,41.610752001048674
2022-12-19,43.70000076293945,44.400001525878906,43.150001525878906,43.79999923706055,87386,34.58650196384832
2022-12-20,44.04999923706055,44.29999923706055,42.70000076293945,43.400001525878906,57089,35.658953698534276
2022-12-21,43.09999847412109,44.150001525878906,36.29999923706055,38.29999923706055,285008,20.175475874577003
2022-12-22,39.0,39.400001525878906,37.29999923706055,38.29999923706055,140609,14.150966143153994
2022-12-23,38.5,38.5,33.900001525878906,34.29999923706055,182927,10.600726813934585
2022-12-26,34.95000076293945,40.5,34.95000076293945,39.45000076293945,584979,34.725859850280685
2022-12-27,39.09999847412109,40.5,38.70000076293945,39.650001525878906,89853,35.49223996132335
2022-12-28,39.650001525878906,41.95000076293945,39.400001525878906,39.70000076293945,285631,36.9973295086836
2022-12-29,38.900001525878906,39.70000076293945,38.84999847412109,38.900001525878906,61962,34.29319873647681
2022-12-30,38.900001525878906,40.650001525878906,38.75,40.29999923706055,379472,41.19170728429175
2023-01-02,40.95000076293945,42.20000076293945,40.04999923706055,41.95000076293945,227024,45.16908319392185
2023-01-03,42.04999923706055,42.20000076293945,40.34999847412109,41.09999847412109,81088,44.630072772390264
2023-01-04,41.09999847412109,41.59999847412109,39.79999923706055,39.95000076293945,116117,41.24424169710075
2023-01-05,40.20000076293945,41.20000076293945,39.79999923706055,40.900001525878906,96772,44.59459993535635
2023-01-06,41.400001525878906,41.5,40.20000076293945,40.45000076293945,179768,42.437927215925626
2023-01-09,40.45000076293945,40.95000076293945,39.79999923706055,40.0,45035,42.342340484686396
2023-01-10,40.400001525878906,40.400001525878906,38.95000076293945,39.150001525878906,39963,52.36769429718722
2023-01-11,39.150001525878906,40.45000076293945,39.150001525878906,39.29999923706055,149257,52.76243117210693
2023-01-12,39.5,40.0,39.04999923706055,39.29999923706055,110221,67.7304983726662
2023-01-13,39.5,40.0,39.150001525878906,39.34999847412109,36707,49.444431493306226
2023-01-16,40.0,40.09999847412109,39.09999847412109,39.5,38788,49.162002362981994
2023-01-17,39.900001525878906,39.900001525878906,39.25,39.29999923706055,25574,47.80218904972102
2023-01-18,39.09999847412109,40.0,38.5,38.900001525878906,43528,50.0
2023-01-19,38.84999847412109,39.54999923706055,38.400001525878906,38.59999847412109,51033,38.815787822586486
2023-01-20,39.25,39.25,37.84999847412109,38.09999847412109,31268,20.15502454713041
2023-01-23,38.95000076293945,40.400001525878906,37.79999923706055,38.59999847412109,131003,29.508191595406856
2023-01-24,39.0,40.0,38.45000076293945,38.84999847412109,57931,39.42305646704794
2023-01-25,38.900001525878906,39.25,38.25,38.400001525878906,30913,23.404238050250143
2023-01-27,39.09999847412109,39.09999847412109,37.0,37.45000076293945,50575,21.153829224706342
2023-01-30,36.70000076293945,38.09999847412109,34.650001525878906,35.0,229405,15.277763060575296
2023-01-31,36.0,36.75,35.599998474121094,36.5,77144,33.12100610837631
2023-02-01,37.400001525878906,37.400001525878906,33.25,34.45000076293945,120245,25.12821295322516
2023-02-02,34.5,36.0,33.25,33.79999923706055,110430,23.55769618728401
2023-02-03,34.5,35.849998474121094,32.849998474121094,33.5,92648,22.535222366372835
2023-02-06,34.25,34.25,32.5,33.150001525878906,39950,20.737330105313788
2023-02-07,34.400001525878906,34.400001525878906,32.849998474121094,33.150001525878906,57301,21.126765103786653
2023-02-08,34.0,34.0,32.70000076293945,33.349998474121094,79197,23.444953719860237
2023-02-09,34.0,34.0,32.95000076293945,33.20000076293945,36322,23.786397519185556
2023-02-10,32.75,33.5,32.70000076293945,33.04999923706055,57146,24.623101899260504
2023-02-13,34.0,34.0,30.850000381469727,31.399999618530277,115059,17.567551545271314
2023-02-14,31.5,32.04999923706055,30.899999618530277,31.100000381469727,74103,15.246620355410315
2023-02-15,31.600000381469727,31.850000381469727,29.5,30.100000381469727,60627,14.529894605086554
2023-02-16,30.200000762939453,31.450000762939453,30.0,30.299999237060547,125674,17.351570733066822
2023-02-17,30.850000381469727,30.850000381469727,29.450000762939453,30.149999618530277,37430,21.96528975078097
2023-02-20,30.200000762939453,35.349998474121094,30.149999618530277,33.5,445754,35.71427533414955
2023-02-21,33.150001525878906,33.650001525878906,32.20000076293945,32.650001525878906,63517,40.322576014064346
2023-02-22,32.79999923706055,32.79999923706055,31.200000762939453,31.75,53330,39.267010269333824
2023-02-23,31.75,32.349998474121094,31.049999237060547,31.75,31855,40.54053273837753
2023-02-24,31.549999237060547,32.150001525878906,30.75,30.850000381469727,53383,38.26529251838111
2023-02-27,30.399999618530277,31.25,29.100000381469727,29.299999237060547,145675,33.03962951373845
2023-02-28,30.200000762939453,30.5,28.899999618530277,29.25,86590,31.696430396061047
2023-03-01,30.450000762939453,30.700000762939453,29.700000762939453,30.0,57562,36.440673856617146
2023-03-02,30.0,32.400001525878906,29.700000762939453,29.899999618530277,56963,36.59574412824658
2023-03-03,31.25,31.399999618530277,30.0,30.600000381469727,90945,46.29629956678456
2023-03-06,30.950000762939453,31.25,30.5,30.649999618530277,30902,47.867294808142425
2023-03-08,30.5,31.25,30.350000381469727,31.049999237060547,21899,54.773864145004524
2023-03-09,30.600000381469727,31.350000381469727,29.899999618530277,30.149999618530277,39074,49.295776413600606
2023-03-10,30.049999237060547,30.299999237060547,29.600000381469727,30.100000381469727,36549,49.76303677404587
2023-03-13,30.100000381469727,30.149999618530277,28.350000381469727,28.700000762939453,630753,22.09302274003541
2023-03-14,29.299999237060547,29.600000381469727,28.149999618530277,28.649999618530277,113322,24.35896589441066
2023-03-15,29.799999237060547,29.799999237060547,28.25,28.399999618530277,45381,26.573422655941755
2023-03-16,29.450000762939453,29.450000762939453,27.700000762939453,28.149999618530277,37156,25.6756718442593
2023-03-17,28.850000381469727,28.850000381469727,27.600000381469727,27.899999618530277,67238,28.148142496744782
2023-03-20,27.549999237060547,28.100000381469727,26.0,26.649999618530277,76975,29.45736365338057
2023-03-21,28.0,28.0,26.5,26.899999618530277,56653,32.3308231859034
2023-03-22,27.100000381469727,27.75,26.600000381469727,26.950000762939453,64822,24.369757596856374
2023-03-23,27.850000381469727,28.450000762939453,26.549999237060547,26.850000381469727,102837,24.36975759685636
2023-03-24,27.25,27.799999237060547,25.100000381469727,26.149999618530277,198950,12.60504040052389
2023-03-27,26.0,26.649999618530277,24.100000381469727,24.5,310472,9.271531878611711
2023-03-28,25.75,25.75,23.649999618530277,24.100000381469727,63752,3.973524489215862
2023-03-29,24.200000762939453,25.200000762939453,23.5,24.850000381469727,79547,14.189201728366768
2023-03-31,25.0,25.950000762939453,24.850000381469727,25.700000762939453,68720,23.170742770162448
2023-04-03,26.25,27.799999237060547,25.25,27.049999237060547,95520,39.87729314749441
2023-04-05,27.600000381469727,27.75,27.049999237060547,27.549999237060547,44332,43.604649228621646
2023-04-06,27.899999618530277,28.0,27.100000381469727,27.899999618530277,32859,47.12643703360397
2023-04-10,28.25,28.600000381469727,28.049999237060547,28.200000762939453,46060,50.28572076291311
2023-04-11,28.200000762939453,28.5,27.950000762939453,28.0,16700,50.574714659635916
2023-04-12,28.100000381469727,29.5,27.799999237060547,28.799999237060547,161995,63.030297705841576
2023-04-13,28.299999237060547,29.649999618530277,28.299999237060547,29.100000381469727,41670,63.25301177132413
2023-04-17,29.399999618530277,29.399999618530277,28.549999237060547,28.700000762939453,25322,60.11560515200132
2023-04-18,29.399999618530277,29.850000381469727,28.600000381469727,28.950000762939453,40428,61.93181879756856
2023-04-19,29.100000381469727,29.700000762939453,28.75,28.899999618530277,133978,66.87116248547841
2023-04-20,28.850000381469727,31.399999618530277,28.5,30.700000762939453,198071,87.34938845369697
2023-04-21,31.0,31.0,29.450000762939453,29.799999237060547,55070,82.38633888320902
2023-04-24,30.399999618530277,30.799999237060547,29.5,29.950000762939453,25534,81.097538708098
2023-04-25,30.649999618530277,30.649999618530277,29.5,30.149999618530277,29284,79.47017173957917
2023-04-26,30.600000381469727,30.700000762939453,29.75,29.899999618530277,30560,72.09300400010531
2023-04-27,30.549999237060547,30.549999237060547,29.75,29.950000762939453,40883,69.99998728435864
2023-04-28,30.5,30.649999618530277,29.950000762939453,30.549999237060547,19360,71.19997753908308
2023-05-02,31.200000762939453,31.200000762939453,29.950000762939453,30.149999618530277,48864,65.35431155122615
2023-05-03,30.600000381469727,30.600000381469727,29.850000381469727,30.200000762939453,20073,67.74192853723699
2023-05-04,30.450000762939453,32.400001525878906,30.100000381469727,31.649999618530277,256745,70.8029097490516
2023-05-05,32.25,32.29999923706055,31.200000762939453,31.600000381469727,71676,68.9393873713913
2023-05-08,31.600000381469727,32.79999923706055,30.649999618530277,30.899999618530277,72886,65.94201276043248
2023-05-09,31.200000762939453,32.0,30.5,30.649999618530277,34984,62.31882615742147
2023-05-10,31.350000381469727,32.79999923706055,30.399999618530277,31.350000381469727,144461,66.225164057179
2023-05-11,31.399999618530277,32.70000076293945,31.100000381469727,32.04999923706055,113552,60.46510321268444
2023-05-12,32.0,34.25,31.5,33.70000076293945,169367,77.08334105986057
2023-05-15,34.75,35.900001525878906,34.04999923706055,35.5,255246,81.35593329925251
2023-05-16,35.5,37.20000076293945,35.45000076293945,36.5,169016,82.90155768128858
2023-05-17,37.25,37.29999923706055,35.599998474121094,36.09999847412109,65254,81.63264352845438
2023-05-18,36.09999847412109,36.70000076293945,34.5,34.70000076293945,79995,71.30045280294777
2023-05-19,35.20000076293945,35.29999923706055,33.20000076293945,33.45000076293945,78246,62.288142853309694
2023-05-22,33.54999923706055,35.20000076293945,33.45000076293945,34.20000076293945,57641,66.6666718994477
2023-05-23,34.900001525878906,34.95000076293945,33.79999923706055,34.099998474121094,46189,65.98359617742344
2023-05-24,33.70000076293945,34.5,33.349998474121094,33.45000076293945,27710,57.89474212561965
2023-05-25,32.849998474121094,34.150001525878906,32.849998474121094,33.599998474121094,21470,58.69564532332136
2023-05-26,33.75,34.54999923706055,33.400001525878906,34.0,54455,63.83928883136566
2023-05-29,33.29999923706055,34.5,32.45000076293945,32.599998474121094,77257,57.89473196501535
2023-05-30,32.45000076293945,33.0,30.75,31.399999618530277,88343,50.19454958364877
2023-05-31,31.899999618530277,32.099998474121094,31.399999618530277,31.75,29561,48.80000305175782
2023-06-01,31.950000762939453,32.70000076293945,31.399999618530277,32.0,29388,42.342337853005596
2023-06-02,32.95000076293945,32.95000076293945,31.25,31.649999618530277,34316,30.05181070641278
2023-06-05,32.900001525878906,33.45000076293945,31.25,31.549999237060547,68833,21.714281354631666
2023-06-06,31.600000381469727,32.150001525878906,31.549999237060547,31.799999237060547,34434,25.0
2023-06-07,32.04999923706055,32.400001525878906,31.5,31.75,79063,29.655167152141686
2023-06-08,32.150001525878906,33.95000076293945,31.600000381469727,32.400001525878906,172008,42.10527070577046
2023-06-09,33.0,33.0,31.5,31.899999618530277,65570,32.03125069849155
2023-06-12,32.70000076293945,32.70000076293945,31.600000381469727,32.04999923706055,41323,34.108534925767145
2023-06-13,32.04999923706055,32.5,31.5,31.75,110260,36.065572745311485
2023-06-14,32.20000076293945,33.900001525878906,31.350000381469727,32.900001525878906,242355,45.07044826415304
2023-06-15,32.75,32.849998474121094,32.400001525878906,32.650001525878906,47846,40.28778715869458
2023-06-16,32.900001525878906,32.900001525878906,31.549999237060547,31.850000381469727,61747,44.09450710990014
2023-06-19,31.799999237060547,32.70000076293945,31.75,32.0,59553,55.66037566095864
2023-06-20,32.0,32.5,31.799999237060547,32.04999923706055,32059,52.999990081794685
2023-06-21,32.150001525878906,32.79999923706055,31.700000762939453,32.0,62620,50.0
2023-06-22,31.799999237060547,32.400001525878906,31.100000381469727,31.25,78881,46.153851796886514
2023-06-23,31.899999618530277,31.899999618530277,30.350000381469727,30.600000381469727,54503,41.73914312639878
2023-06-26,31.049999237060547,31.450000762939453,30.450000762939453,30.600000381469727,37395,39.09092327779482
2023-06-27,31.450000762939453,31.649999618530277,29.850000381469727,30.0,72652,35.5371973780117
2023-06-28,30.950000762939453,31.100000381469727,29.5,30.049999237060547,73646,28.440348992255096
2023-06-30,30.200000762939453,30.549999237060547,29.700000762939453,29.899999618530277,64422,30.392150996234648
2023-07-03,30.049999237060547,32.95000076293945,29.850000381469727,32.099998474121094,207568,50.349645126335886
2023-07-04,32.25,32.45000076293945,29.899999618530277,30.149999618530277,167897,40.90908598308572
2023-07-05,30.450000762939453,30.899999618530277,30.149999618530277,30.5,47500,34.999983310691476
2023-07-06,30.75,30.950000762939453,30.25,30.649999618530277,60821,37.341753356512875
2023-07-07,30.700000762939453,30.850000381469727,29.799999237060547,30.200000762939453,142153,39.07284082265153
2023-07-10,30.200000762939453,30.549999237060547,29.75,29.899999618530277,48109,36.36362510419208
2023-07-11,30.399999618530277,30.399999618530277,29.799999237060547,30.049999237060547,39167,37.17947965542502
2023-07-12,30.350000381469727,30.399999618530277,29.899999618530277,30.0,32816,37.17947965542502
2023-07-13,30.450000762939453,30.600000381469727,29.399999618530277,29.450000762939453,90905,38.157891434643375
2023-07-14,29.600000381469727,29.950000762939453,29.450000762939453,29.75,23906,44.137923777026806
2023-07-17,30.0,32.54999923706055,29.850000381469727,30.299999237060547,338955,48.076914142097095
2023-07-18,30.5,30.899999618530277,30.049999237060547,30.200000762939453,71335,51.36986981416132
2023-07-19,31.350000381469727,31.350000381469727,28.350000381469727,28.799999237060547,163243,42.774561375655765
2023-07-20,28.899999618530277,29.899999618530277,28.649999618530277,28.950000762939453,103668,44.50867447143812
2023-07-21,29.0,29.350000381469727,27.549999237060547,28.049999237060547,230157,22.448979062238195
2023-07-24,28.5,28.700000762939453,27.649999618530277,27.850000381469727,107087,29.46428693070733
2023-07-25,28.450000762939453,28.5,27.100000381469727,27.399999618530277,176596,22.807008738000874
2023-07-26,27.700000762939453,27.899999618530277,26.049999237060547,26.700000762939453,178218,18.399999511718562
2023-07-27,27.100000381469727,27.450000762939453,26.850000381469727,27.049999237060547,83153,24.390221965841363
2023-07-28,27.100000381469727,27.399999618530277,26.75,27.100000381469727,94538,26.27118370102069
2023-07-31,27.100000381469727,27.950000762939453,27.0,27.600000381469727,99578,30.40000317382909
2023-08-01,27.700000762939453,28.200000762939453,27.149999618530277,27.450000762939453,99555,29.921261025078493
2023-08-02,27.649999618530277,27.649999618530277,26.5,26.850000381469727,110220,29.68749580904816
2023-08-03,27.25,27.299999237060547,26.450000762939453,26.75,58644,25.806454590033923
2023-08-04,27.350000381469727,27.700000762939453,26.549999237060547,27.100000381469727,219939,23.333351347175807
2023-08-07,27.450000762939453,28.149999618530277,27.299999237060547,27.899999618530277,91802,32.83581919594758
2023-08-08,28.149999618530277,28.149999618530277,27.5,27.549999237060547,40096,38.93805608481185
2023-08-09,27.950000762939453,30.5,27.549999237060547,29.5,527985,53.69126966937075
2023-08-10,29.350000381469727,29.399999618530277,28.549999237060547,29.0,131860,56.73759479253184
2023-08-11,29.399999618530277,29.799999237060547,28.549999237060547,29.299999237060547,166604,60.1398526779843
2023-08-14,29.450000762939453,29.450000762939453,28.600000381469727,28.799999237060547,45875,59.72222111843229
2023-08-16,28.5,29.350000381469727,28.5,28.850000381469727,27030,66.41220796095146
2023-08-17,29.75,30.0,28.399999618530277,29.049999237060547,144344,65.62499627471058
2023-08-18,29.5,30.100000381469727,28.700000762939453,29.100000381469727,321625,65.62499627471058
2023-08-21,29.200000762939453,30.25,29.149999618530277,29.350000381469727,120764,64.22763874639773
2023-08-22,29.850000381469727,29.850000381469727,28.950000762939453,29.049999237060547,76622,62.69839443708415
2023-08-23,29.149999618530277,29.899999618530277,28.850000381469727,29.049999237060547,120846,69.2982265346871
2023-08-24,29.549999237060547,29.75,29.049999237060547,29.149999618530277,108061,71.052618370168
2023-08-25,29.549999237060547,31.149999618530277,28.75,30.450000762939453,258035,75.18795978909608
2023-08-28,30.75,31.700000762939453,30.0,31.149999618530277,275355,74.80914874633379
2023-08-29,30.899999618530277,31.5,30.0,30.450000762939453,154214,71.01449916353104
2023-08-30,30.700000762939453,30.850000381469727,30.149999618530277,30.299999237060547,59009,57.84312625520312
2023-08-31,30.799999237060547,33.70000076293945,30.75,31.899999618530277,753014,73.38708362520369
2023-09-01,32.150001525878906,32.5,31.25,31.450000762939453,395191,66.92913977105815
2023-09-04,31.700000762939453,31.950000762939453,29.75,29.899999618530277,430624,57.43243156165644
2023-09-05,30.450000762939453,30.450000762939453,29.450000762939453,29.649999618530277,183595,55.26315129034607
2023-09-06,30.100000381469727,30.299999237060547,29.549999237060547,29.799999237060547,366267,54.96688540957201
2023-09-07,29.549999237060547,31.100000381469727,29.549999237060547,29.850000381469727,242209,54.96688540957201
2023-09-08,30.299999237060547,30.700000762939453,29.75,29.850000381469727,188808,53.424656102572456
2023-09-11,30.25,30.899999618530277,29.149999618530277,29.399999618530277,324234,52.34899500684472
2023-09-12,30.100000381469727,30.100000381469727,27.649999618530277,27.799999237060547,287032,43.09392498073684
2023-09-13,28.399999618530277,28.950000762939453,27.0,27.450000762939453,372884,40.86022233119402
2023-09-14,28.200000762939453,28.799999237060547,27.299999237060547,28.0,303176,35.67250887976833
2023-09-15,28.399999618530277,30.700000762939453,28.200000762939453,30.350000381469727,660784,46.07843540577342
2023-09-18,30.950000762939453,32.70000076293945,29.799999237060547,31.350000381469727,731069,54.285711690682604
2023-09-20,31.049999237060547,32.29999923706055,29.5,31.549999237060547,569525,55.92417104452927
2023-09-21,31.549999237060547,31.600000381469727,30.149999618530277,30.350000381469727,140455,42.36453405623426
2023-09-22,30.799999237060547,35.25,30.149999618530277,33.400001525878906,2303344,57.64706181544884
2023-09-25,34.5,37.900001525878906,34.5,35.849998474121094,2912832,71.7948743028918
2023-09-26,36.20000076293945,36.79999923706055,35.0,36.09999847412109,678630,73.62637669741852
2023-09-27,36.0,36.34999847412109,35.400001525878906,35.599998474121094,193815,70.7142886336977
2023-09-28,35.70000076293945,36.20000076293945,34.04999923706055,34.849998474121094,189677,67.0068019708238
2023-09-29,35.0,36.400001525878906,34.849998474121094,35.5,366966,68.40391166849058
2023-10-03,35.5,35.5,33.099998474121094,33.599998474121094,216635,62.49999858084156
2023-10-04,33.29999923706055,34.5,33.0,33.20000076293945,226116,67.307703123529
2023-10-05,33.70000076293945,35.5,33.70000076293945,34.95000076293945,334765,72.05882847927958
2023-10-06,35.29999923706055,35.45000076293945,34.79999923706055,35.0,110071,71.21212611623271
2023-10-09,35.25,35.25,33.400001525878906,33.70000076293945,226671,60.84142866260746
2023-10-10,34.25,34.599998474121094,33.70000076293945,33.95000076293945,121980,58.84354169588782
2023-10-11,34.400001525878906,36.59999847412109,34.400001525878906,35.849998474121094,759807,63.10975865052709
2023-10-12,36.0,36.84999847412109,35.20000076293945,35.599998474121094,285493,66.9902905429921
2023-10-13,35.599998474121094,36.25,35.150001525878906,35.45000076293945,169657,58.167333099284036
2023-10-16,35.54999923706055,36.400001525878906,35.099998474121094,35.54999923706055,284238,48.52941451463367
2023-10-17,36.0,36.34999847412109,35.400001525878906,35.599998474121094,173161,47.499998092649946
2023-10-18,35.95000076293945,36.45000076293945,34.5,34.75,142875,45.89372354588035
2023-10-19,35.099998474121094,35.599998474121094,34.45000076293945,35.20000076293945,113770,51.74130637358634
2023-10-20,35.54999923706055,35.54999923706055,33.75,34.0,174392,42.92452219076094
2023-10-23,34.25,34.25,30.850000381469727,31.100000381469727,297651,39.22413587569995
2023-10-25,31.100000381469727,32.0,30.75,31.049999237060547,113586,40.44443118247557
2023-10-26,31.850000381469727,33.900001525878906,29.399999618530277,31.799999237060547,372789,34.63412746085373
2023-10-27,32.70000076293945,32.70000076293945,31.899999618530277,31.950000762939453,68045,35.26569656592298
2023-10-30,31.950000762939453,34.400001525878906,31.549999237060547,33.25,292894,47.82608214908729
2023-10-31,33.5,34.75,33.099998474121094,33.349998474121094,153279,47.05881032975836
2023-11-01,33.54999923706055,33.900001525878906,32.79999923706055,33.04999923706055,94487,33.72092455899188
2023-11-02,33.599998474121094,33.79999923706055,32.599998474121094,33.25,112221,36.257311507006996
2023-11-03,33.04999923706055,34.5,33.04999923706055,33.75,98247,40.449431459945025
2023-11-06,33.79999923706055,34.400001525878906,33.5,33.70000076293945,64889,39.548029417571065
2023-11-07,34.04999923706055,34.29999923706055,33.20000076293945,33.5,99330,38.33334181043837
2023-11-08,33.849998474121094,33.849998474121094,33.150001525878906,33.349998474121094,51048,41.5662589691313
2023-11-09,33.150001525878906,33.95000076293945,32.5,32.70000076293945,136213,35.294117647058826
2023-11-10,32.20000076293945,33.20000076293945,32.20000076293945,32.5,54653,39.99999999999999
2023-11-13,33.400001525878906,34.20000076293945,32.45000076293945,33.5,223696,71.42856656288647
2023-11-15,34.25,35.599998474121094,33.75,34.25,439525,75.39683452749519
2023-11-16,34.54999923706055,34.75,33.599998474121094,34.04999923706055,166514,69.56521739130434
2023-11-17,34.04999923706055,34.599998474121094,33.0,33.349998474121094,287337,61.111094291456226
2023-11-20,33.5,33.849998474121094,32.849998474121094,33.04999923706055,54747,48.113200078021364
2023-11-21,33.25,33.75,32.900001525878906,33.0,73133,46.666681198846724
2023-11-22,33.5,33.5,32.54999923706055,32.849998474121094,65743,48.039209086455216
2023-11-23,33.0,35.95000076293945,32.849998474121094,35.099998474121094,753723,62.937049505690034
2023-11-24,35.45000076293945,36.650001525878906,34.599998474121094,34.849998474121094,319413,57.971001672937874
2023-11-28,34.849998474121094,35.0,33.29999923706055,33.75,163379,50.31446058026578
2023-11-29,34.75,34.75,33.5,33.599998474121094,87650,50.63290161269917
2023-11-30,34.0,34.0,33.0,33.54999923706055,118779,51.28205629809026
2023-12-01,33.650001525878906,34.900001525878906,33.599998474121094,33.79999923706055,154538,57.43242058987579
2023-12-04,34.70000076293945,34.75,33.70000076293945,33.75,139995,58.62068965517242
2023-12-05,33.29999923706055,34.20000076293945,32.75,33.099998474121094,214379,47.101438859262025
2023-12-06,33.79999923706055,34.400001525878906,33.150001525878906,33.75,169850,46.32353106171953
2023-12-07,33.75,34.45000076293945,33.599998474121094,34.0,126305,49.63504218719632
2023-12-08,34.04999923706055,34.5,33.20000076293945,33.349998474121094,133084,50.0
2023-12-11,33.75,34.25,30.299999237060547,33.20000076293945,780620,51.12783076285898
2023-12-12,33.20000076293945,35.79999923706055,33.04999923706055,33.95000076293945,505999,56.462588211603006
2023-12-13,34.45000076293945,35.29999923706055,33.70000076293945,34.70000076293945,392461,61.6352334042691
2023-12-14,35.349998474121094,35.79999923706055,34.0,34.349998474121094,333553,43.80165601914788
2023-12-15,34.349998474121094,37.25,34.349998474121094,35.650001525878906,1082064,55.63381946504021
2023-12-18,35.70000076293945,36.0,34.099998474121094,34.599998474121094,245931,56.02834883919749
2023-12-19,35.0,35.45000076293945,33.95000076293945,34.45000076293945,210590,56.0283791556487
2023-12-20,34.70000076293945,35.150001525878906,32.5,32.849998474121094,211583,45.93023281602845
2023-12-21,33.5,33.5,32.20000076293945,33.29999923706055,99948,47.15909435728931
2023-12-22,33.79999923706055,34.099998474121094,33.20000076293945,33.54999923706055,136118,48.8888860631908
2023-12-26,33.54999923706055,33.95000076293945,33.20000076293945,33.45000076293945,80526,52.07101740357967
2023-12-27,33.150001525878906,34.0,33.099998474121094,33.25,117570,46.8750029802294
2023-12-28,33.099998474121094,33.650001525878906,32.900001525878906,33.04999923706055,121515,44.025158741621475
2023-12-29,33.25,34.5,32.900001525878906,33.900001525878906,310600,53.3742480608254
2024-01-01,34.54999923706055,34.54999923706055,33.75,34.0,168532,54.93826084867962
2024-01-02,34.0,37.0,33.20000076293945,36.34999847412109,1277199,62.37111151923527
2024-01-03,36.95000076293945,37.45000076293945,35.70000076293945,36.0,343755,56.98923804964928
2024-01-04,36.650001525878906,39.34999847412109,36.0,38.75,1589802,68.80341796741274
2024-01-05,39.34999847412109,40.75,37.95000076293945,38.79999923706055,1314815,65.07175828327686
2024-01-08,38.79999923706055,39.29999923706055,37.75,37.84999847412109,282154,65.70048540647721
2024-01-09,38.34999847412109,40.45000076293945,38.0,38.5,422876,68.6635870170937
2024-01-10,38.900001525878906,38.900001525878906,37.400001525878906,37.59999847412109,233873,73.39901126068392
2024-01-11,38.150001525878906,38.45000076293945,37.45000076293945,38.0,176848,73.26732523686051
2024-01-12,38.400001525878906,38.95000076293945,37.34999847412109,37.650001525878906,314387,70.0980489320905
2024-01-15,37.70000076293945,38.5,36.5,36.95000076293945,156820,66.2036991250217
2024-01-16,37.5,37.75,36.25,36.400001525878906,162518,64.12556544753747
2024-01-17,35.79999923706055,36.95000076293945,35.25,36.29999923706055,117192,64.70587829151319
2024-01-18,36.84999847412109,36.84999847412109,31.600000381469727,35.349998474121094,555544,56.502227577623074
2024-01-19,35.849998474121094,38.5,35.849998474121094,38.04999923706055,534491,64.72726586712483
2024-01-23,38.09999847412109,38.59999847412109,35.650001525878906,35.79999923706055,145093,47.98535156823124
2024-01-24,35.650001525878906,36.79999923706055,34.95000076293945,35.79999923706055,195835,49.24811782073628
2024-01-25,36.04999923706055,42.95000076293945,36.04999923706055,42.95000076293945,2885171,61.86440330943148
2024-01-29,44.400001525878906,51.5,40.5,51.5,5188241,74.23663491393272
2024-01-30,55.34999847412109,59.0,52.59999847412109,57.04999923706055,4410044,81.16882545868937
2024-01-31,56.70000076293945,57.400001525878906,53.150001525878906,55.84999847412109,993734,77.67144353470385
2024-02-01,55.09999847412109,58.400001525878906,53.70000076293945,54.84999847412109,548529,77.42447931512547
2024-02-02,55.95000076293945,57.0,50.54999923706055,51.0,484666,68.62464101951441
2024-02-05,52.0,52.95000076293945,46.5,47.150001525878906,429088,62.369791175135326
2024-02-06,46.75,51.84999847412109,46.75,51.84999847412109,309500,67.57075296639962
2024-02-07,55.0,55.75,50.95000076293945,52.75,389572,69.12280523289017
2024-02-08,53.70000076293945,53.75,49.150001525878906,50.5,238111,65.81291925033125
2024-02-09,51.5,51.79999923706055,47.45000076293945,48.900001525878906,246116,64.87376993797159
2024-02-12,49.5,50.0,44.09999847412109,44.650001525878906,250216,57.006372650933855
2024-02-13,44.900001525878906,47.0,41.54999923706055,45.84999847412109,332356,60.91205327753795
2024-02-14,45.0,48.400001525878906,43.79999923706055,47.54999923706055,298491,62.30366688731998
2024-02-15,48.20000076293945,50.75,47.5,50.0,271443,58.1881540202265
2024-02-16,50.04999923706055,51.59999847412109,48.150001525878906,49.04999923706055,166413,46.54442702751737
2024-02-19,49.79999923706055,51.0,48.34999847412109,48.79999923706055,136783,36.31840519051981
2024-02-20,48.79999923706055,49.84999847412109,48.150001525878906,48.70000076293945,106310,37.69363205376139
2024-02-21,48.20000076293945,49.45000076293945,46.79999923706055,47.04999923706055,91646,36.8686851172185
2024-02-22,47.0,51.5,46.54999923706055,50.04999923706055,254767,48.35355123258379
2024-02-23,49.09999847412109,50.400001525878906,48.29999923706055,48.70000076293945,104837,52.9411756189981
2024-02-26,49.34999847412109,49.34999847412109,46.95000076293945,47.34999847412109,83297,40.21739130434783
2024-02-27,47.25,48.400001525878906,45.20000076293945,46.04999923706055,115138,35.68375765323714
2024-02-28,46.84999847412109,46.900001525878906,43.29999923706055,43.79999923706055,185347,35.68375765323714
2024-02-29,44.0,44.79999923706055,43.400001525878906,44.20000076293945,104673,39.41441305987339
2024-03-01,45.0,46.20000076293945,44.25,44.70000076293945,95705,50.135499281823826
2024-03-04,46.400001525878906,46.400001525878906,43.400001525878906,43.70000076293945,67419,44.10959654306982
2024-03-05,44.400001525878906,47.5,43.0,46.20000076293945,245223,46.456697485944694
2024-03-06,45.04999923706055,45.84999847412109,44.0,44.59999847412109,89060,35.16483470417867
2024-03-07,45.54999923706055,46.400001525878906,44.70000076293945,44.95000076293945,141802,38.35228110147613
2024-03-11,43.29999923706055,44.79999923706055,41.25,41.95000076293945,111258,33.16954196653117
2024-03-12,42.0,42.5,37.75,38.79999923706055,356553,28.84615886219038
2024-03-13,39.54999923706055,40.20000076293945,35.04999923706055,35.349998474121094,489084,26.78572050297676
2024-03-14,34.75,37.09999847412109,34.75,37.09999847412109,54055,22.964517275316396
2024-03-15,37.34999847412109,38.95000076293945,37.20000076293945,38.95000076293945,67752,30.06135964791845
2024-03-18,40.09999847412109,40.84999847412109,37.59999847412109,37.900001525878906,107243,30.43479634421037
2024-03-19,38.70000076293945,38.95000076293945,36.0,38.0,157954,32.461881713843965
2024-03-20,38.45000076293945,39.79999923706055,38.09999847412109,39.25,98183,39.63554100815373
2024-03-21,39.400001525878906,41.20000076293945,39.400001525878906,40.54999923706055,213430,42.01312789733275
2024-03-22,40.04999923706055,40.79999923706055,39.5,40.04999923706055,146569,39.824944674383545
2024-03-26,40.04999923706055,41.75,38.29999923706055,39.0,121188,39.73799199380188
2024-03-27,39.79999923706055,40.95000076293945,39.79999923706055,40.95000076293945,173413,38.25503676445489
2024-03-28,42.34999847412109,42.95000076293945,41.25,42.84999847412109,121471,46.13686560241392
2024-04-01,42.84999847412109,44.25,41.650001525878906,44.0,131684,47.97441208522083
2024-04-02,44.900001525878906,44.900001525878906,42.900001525878906,44.04999923706055,200369,55.121947497856326
2024-04-03,43.34999847412109,45.0,43.34999847412109,44.09999847412109,80441,65.22988486847512
2024-04-04,44.25,44.95000076293945,44.0,44.650001525878906,161938,82.06897604054419
2024-04-05,44.95000076293945,46.84999847412109,44.34999847412109,46.79999923706055,445035,82.55034313079166
2024-04-08,47.900001525878906,47.900001525878906,44.5,44.75,116049,69.20530227949715
2024-04-09,44.84999847412109,46.09999847412109,42.70000076293945,43.09999847412109,107548,66.56050305418812
2024-04-10,43.95000076293945,44.400001525878906,42.54999923706055,43.20000076293945,166586,66.5605111791277
2024-04-12,44.400001525878906,45.34999847412109,41.70000076293945,44.650001525878906,331997,66.98113524420057
2024-04-15,44.54999923706055,44.95000076293945,42.54999923706055,44.0,172042,61.311475081778326
2024-04-16,43.79999923706055,46.20000076293945,43.79999923706055,46.150001525878906,275838,68.0473383466114
2024-04-18,46.25,47.20000076293945,44.04999923706055,44.79999923706055,124925,66.86045467177095
2024-04-19,44.79999923706055,44.79999923706055,42.59999847412109,42.75,390285,55.20230786887942
2024-04-22,43.79999923706055,44.650001525878906,43.09999847412109,43.650001525878906,84728,52.45399548321419
2024-04-23,44.45000076293945,45.400001525878906,44.09999847412109,44.70000076293945,85256,52.16049506267756
2024-04-24,45.0,45.75,44.29999923706055,45.20000076293945,101365,53.45345613673334
2024-04-25,44.25,46.20000076293945,44.25,45.84999847412109,100007,55.07246152464868
2024-04-26,46.04999923706055,47.20000076293945,45.59999847412109,46.04999923706055,131630,54.14200375375121
2024-04-29,46.0,46.75,45.25,46.400001525878906,80805,48.675505137585425
2024-04-30,47.70000076293945,47.79999923706055,45.84999847412109,46.45000076293945,77272,56.48854761772335
2024-05-02,46.45000076293945,47.04999923706055,45.650001525878906,46.34999847412109,74308,64.06925105837107
2024-05-03,46.400001525878906,47.20000076293945,45.20000076293945,46.84999847412109,103939,65.27194622525593
2024-05-06,47.0,47.0,45.45000076293945,46.04999923706055,54898,56.19467637377123
2024-05-07,46.75,46.75,44.0,45.70000076293945,151347,57.72727351543305
2024-05-08,46.04999923706055,46.45000076293945,45.04999923706055,45.95000076293945,44715,48.90109498551883
2024-05-09,46.5,46.54999923706055,44.25,44.25,81877,47.08995136160461
2024-05-10,43.59999847412109,45.0,43.59999847412109,44.5,46297,61.437906215312445
2024-05-13,44.54999923706055,44.79999923706055,43.04999923706055,44.34999847412109,66803,55.07244053219985
2024-05-14,44.34999847412109,45.400001525878906,44.29999923706055,45.09999847412109,69062,53.03028463989554
2024-05-15,45.400001525878906,45.59999847412109,44.400001525878906,45.0,68167,48.38709081993216
2024-05-16,45.09999847412109,45.25,44.150001525878906,44.29999923706055,43728,37.600013671866726
2024-05-17,44.95000076293945,45.0,44.0,44.29999923706055,42587,35.537197378011726
2024-05-21,45.400001525878906,45.70000076293945,44.59999847412109,45.5,105225,43.47825125470341
2024-05-22,46.0,46.59999847412109,45.150001525878906,45.45000076293945,56741,42.75362479088277
2024-05-23,45.45000076293945,46.84999847412109,44.45000076293945,44.650001525878906,70372,38.81580730554831
2024-05-24,43.34999847412109,45.5,43.34999847412109,44.59999847412109,112683,34.26573762357749
2024-05-27,44.5,45.25,44.25,44.54999923706055,157767,38.28125279396705
2024-05-28,44.54999923706055,45.04999923706055,44.0,44.34999847412109,36075,39.1999882812571
2024-05-29,44.09999847412109,44.09999847412109,42.79999923706055,42.900001525878906,65130,29.53020855895089
2024-05-30,42.900001525878906,43.5,42.54999923706055,42.84999847412109,44996,37.93102767890259
2024-05-31,41.5,43.54999923706055,41.5,42.34999847412109,27850,32.2314013109941
2024-06-03,42.70000076293945,44.45000076293945,42.0,44.45000076293945,107336,50.625014007084886
2024-06-04,44.04999923706055,44.70000076293945,42.25,42.95000076293945,54867,37.71430414938615
2024-06-05,43.5,45.04999923706055,41.70000076293945,44.95000076293945,140213,49.76526191555017
2024-06-06,44.5,46.25,44.5,45.45000076293945,72013,55.50239723502102
2024-06-07,45.150001525878906,46.0,44.650001525878906,44.79999923706055,45142,52.252251013815375
2024-06-10,44.79999923706055,46.0,44.709999084472656,45.33000183105469,82070,49.185052542568776
2024-06-11,45.59000015258789,47.25,45.119998931884766,46.09000015258789,99071,52.87252686894366
2024-06-12,46.95000076293945,47.900001525878906,45.59999847412109,45.97999954223633,103154,56.36362176193606
2024-06-13,46.79999923706055,46.79999923706055,43.75,44.93000030517578,90572,51.44105545468177
2024-06-14,45.59999847412109,45.59999847412109,44.18999862670898,44.709999084472656,62093,50.688467113027585
2024-06-18,44.709999084472656,45.43999862670898,43.18999862670898,44.40999984741211,74469,50.25597844501682
2024-06-19,44.5,48.0,44.41999816894531,47.36000061035156,705527,66.8683664853965
2024-06-20,47.900001525878906,49.95000076293945,46.54999923706055,47.790000915527344,767859,68.16176553085978
2024-06-21,47.790000915527344,48.18999862670898,46.400001525878906,46.459999084472656,135238,64.24115852530178
2024-06-24,46.459999084472656,48.0099983215332,45.119998931884766,46.52000045776367,161077,58.353504932009756
2024-06-25,47.4900016784668,47.70000076293945,46.27000045776367,46.54999923706055,48834,66.4835007444245
2024-06-26,47.63999938964844,47.63999938964844,45.40999984741211,45.709999084472656,60413,53.89343165032068
2024-06-27,45.709999084472656,46.40999984741211,43.650001525878906,44.290000915527344,79530,44.56929119880387
2024-06-28,44.45000076293945,44.84000015258789,43.16999816894531,43.70000076293945,55907,44.821100802091976
2024-07-01,45.70000076293945,45.70000076293945,44.060001373291016,45.29999923706055,86511,49.87167409102345
2024-07-02,45.45000076293945,45.540000915527344,44.0,44.400001525878906,74507,42.85714746370959
2024-07-03,45.45000076293945,45.45000076293945,44.18999862670898,44.7400016784668,76277,44.85904595857098
2024-07-04,44.7400016784668,46.59999847412109,44.68999862670898,46.08000183105469,150145,54.655877198238876
2024-07-05,46.5,46.5099983215332,45.11000061035156,45.58000183105469,59167,53.44419214480268
2024-07-08,45.47999954223633,45.86000061035156,44.59999847412109,44.75,71447,51.29179390778925
2024-07-09,44.31999969482422,45.43999862670898,44.29999923706055,44.33000183105469,65389,35.7478854083306
2024-07-10,44.13999938964844,46.0,44.0,44.5099983215332,125593,34.20036287422552
2024-07-11,44.5099983215332,45.5099983215332,44.29999923706055,44.56999969482422,56453,39.6267791116899
2024-07-12,44.56999969482422,45.790000915527344,44.0,44.09999847412109,68323,37.28989597328745
2024-07-15,44.70000076293945,44.84000015258789,43.88999938964844,44.09999847412109,46430,37.09166333366158
2024-07-16,44.95000076293945,45.0,44.09999847412109,44.56999969482422,38371,43.750000000000014
2024-07-18,44.29999923706055,45.09999847412109,43.70000076293945,44.0099983215332,56789,48.305068699201826
2024-07-19,44.0,44.18999862670898,42.400001525878906,42.540000915527344,70367,43.65426472091971
2024-07-22,42.9900016784668,43.900001525878906,41.5,42.77999877929688,143149,33.80461382539373
2024-07-23,42.93000030517578,43.75,41.79999923706055,42.2599983215332,87490,35.54051441724043
2024-07-24,42.93999862670898,45.59999847412109,42.4900016784668,44.18000030517578,144019,46.88195210558132
2024-07-25,43.93999862670898,48.59000015258789,43.380001068115234,47.95000076293945,908823,58.194561599003414
2024-07-26,48.0,48.0,45.25,45.77000045776367,189267,50.72573958935906
2024-07-29,46.04999923706055,46.97999954223633,45.220001220703125,45.45000076293945,79851,52.78219742971843
2024-07-30,45.150001525878906,45.88999938964844,44.400001525878906,44.88999938964844,97673,52.20124805366486
2024-07-31,44.95000076293945,47.79999923706055,44.95000076293945,45.630001068115234,355807,54.2168757759372
2024-08-01,46.29999923706055,47.900001525878906,45.7599983215332,46.18000030517578,249276,55.84604252291864
2024-08-02,46.70000076293945,47.9900016784668,45.400001525878906,47.68000030517578,223061,62.09459828668579
2024-08-05,47.09999847412109,49.79999923706055,44.5,46.68999862670898,661645,58.20139131317108
2024-08-06,47.79999923706055,49.84999847412109,46.29999923706055,46.93999862670898,358205,57.610784835197485
2024-08-07,48.7400016784668,52.79999923706055,48.0,51.970001220703125,1407188,69.8602819867715
2024-08-08,53.0099983215332,62.36000061035156,51.209999084472656,62.060001373291016,4632697,84.05442317759405
2024-08-09,62.70000076293945,63.95000076293945,58.5099983215332,60.709999084472656,3312091,80.1141974082621
2024-08-12,60.79999923706055,66.98999786376953,59.0,64.83000183105469,1679468,83.8177912969382
2024-08-13,65.01000213623047,69.44999694824219,60.310001373291016,61.130001068115234,1013475,74.11094524690523
2024-08-14,61.95000076293945,61.95000076293945,57.59999847412109,58.47999954223633,339340,65.47163449229235
2024-08-16,58.95000076293945,60.9900016784668,58.02000045776367,59.34000015258789,476122,70.74288251973763
2024-08-19,59.54999923706055,62.95000076293945,59.34000015258789,61.86000061035156,413542,73.50328379619799
2024-08-20,63.20000076293945,63.22999954223633,61.25,62.470001220703125,239664,75.14301289816704
2024-08-21,63.0,67.5,62.08000183105469,66.55000305175781,988715,77.31069721384776
2024-08-22,66.19999694824219,69.25,65.0,65.5,576022,74.89689507385171
2024-08-23,65.94999694824219,66.69999694824219,63.81999969482422,64.87999725341797,205305,72.67930827666116
2024-08-26,65.9000015258789,67.5,62.310001373291016,62.810001373291016,250902,70.66666210207345
2024-08-27,62.79999923706055,65.88999938964844,62.79999923706055,63.369998931884766,346503,70.89798390743653
2024-08-28,62.45000076293945,64.30000305175781,60.18999862670898,60.93999862670898,187120,62.21737242356033
2024-08-29,61.25,62.15999984741211,58.04999923706055,58.7599983215332,217581,44.27083015993907
2024-08-30,59.0,67.5,59.0,66.12000274658203,3570646,57.77075792889082
2024-09-02,65.91999816894531,68.9000015258789,64.0,64.18000030517578,815157,49.003982107521814
2024-09-03,64.5999984741211,66.31999969482422,63.25,65.66000366210938,331949,57.4482083915019
2024-09-04,65.6500015258789,65.6500015258789,62.369998931884766,62.77000045776367,115033,56.99836633967738
2024-09-05,63.0,64.0,62.0,63.06999969482422,91057,56.19806851415906
2024-09-06,63.45000076293945,66.22000122070312,62.79999923706055,65.91999816894531,347176,56.673234330153505
2024-09-09,68.0,69.20999908447266,67.0,69.20999908447266,285364,60.1812614311217
2024-09-10,72.5999984741211,72.66999816894531,70.0,71.37000274658203,433577,57.72930931502606
2024-09-11,71.0999984741211,71.0999984741211,67.80000305175781,68.11000061035156,226917,53.90835499449788
2024-09-12,68.0,68.0,66.5,66.9000015258789,100228,52.97234199434734
2024-09-13,67.0,69.66999816894531,65.5,68.55999755859375,142958,58.56418569762858
2024-09-16,69.93000030517578,71.9800033569336,68.93000030517578,71.9800033569336,266694,61.81718342715445
2024-09-17,75.56999969482422,75.56999969482422,75.56999969482422,75.56999969482422,54127,69.45995619848475
2024-09-18,79.33999633789062,79.33999633789062,79.33999633789062,79.33999633789062,108811,76.26338928642886
2024-09-19,83.30000305175781,83.30000305175781,83.30000305175781,83.30000305175781,75114,74.00781660802113
2024-09-20,84.95999908447266,84.95999908447266,84.95999908447266,84.95999908447266,74454,79.26759762452943
2024-09-23,86.6500015258789,86.6500015258789,86.6500015258789,86.6500015258789,51689,79.38951822657951
2024-09-24,88.37999725341797,88.37999725341797,88.37999725341797,88.37999725341797,134618,87.0622248352807
2024-09-25,90.13999938964844,90.13999938964844,90.13999938964844,90.13999938964844,33493,87.58677879608966
2024-09-26,91.94000244140624,91.94000244140624,91.94000244140624,91.94000244140624,159712,87.21395777384086
2024-09-27,92.0,93.7699966430664,90.0999984741211,92.0,511543,85.91238339807377
2024-09-30,90.16000366210938,91.0,90.16000366210938,90.16000366210938,15351,79.9108616504707
2024-10-01,88.3499984741211,88.3499984741211,88.3499984741211,88.3499984741211,20560,83.77836862862138
2024-10-03,86.58000183105469,86.58000183105469,86.58000183105469,86.58000183105469,2439,82.24115738827697
2024-10-04,84.83999633789062,84.83999633789062,84.83999633789062,84.83999633789062,804,76.60129988899982
2024-10-07,83.13999938964844,83.13999938964844,83.13999938964844,83.13999938964844,2334,69.32132460884159
2024-10-08,81.47000122070312,81.47000122070312,81.47000122070312,81.47000122070312,1392,60.94213969999159
2024-10-09,79.83999633789062,79.83999633789062,79.83999633789062,79.83999633789062,5168,51.00725191872146
2024-10-10,78.23999786376953,78.23999786376953,78.23999786376953,78.23999786376953,5000,38.73551782224597
2024-10-11,76.66999816894531,76.66999816894531,76.66999816894531,76.66999816894531,5494,31.470719942593675
2024-10-14,75.12999725341797,75.12999725341797,75.12999725341797,75.12999725341797,1598,24.077399550888956
2024-10-15,76.62999725341797,76.62999725341797,73.62000274658203,76.62999725341797,132047,23.283317269628085
2024-10-16,78.16000366210938,78.16000366210938,78.16000366210938,78.16000366210938,146186,22.47244864185619
2024-10-17,76.58999633789062,78.0,76.58999633789062,76.58999633789062,91391,14.352075952291742
2024-10-18,75.05000305175781,75.05000305175781,75.05000305175781,75.05000305175781,888,13.168210007533233
2024-10-21,73.54000091552734,73.54000091552734,73.54000091552734,73.54000091552734,8497,13.359807448746338
2024-10-22,72.05999755859375,73.54000091552734,72.05999755859375,72.05999755859375,180011,13.557067323988946
2024-10-23,70.61000061035156,70.61000061035156,70.61000061035156,70.61000061035156,583,13.753992182905876
2024-10-24,72.0199966430664,72.0199966430664,72.0199966430664,72.0199966430664,275565,20.460836427573682
2024-10-25,70.56999969482422,70.56999969482422,70.56999969482422,70.56999969482422,2857,20.699307663716283
2024-10-28,68.0999984741211,72.80000305175781,67.04000091552734,68.12999725341797,152224,19.982001228531175
2024-10-29,70.48999786376953,71.0,68.0,70.8499984741211,155145,30.716439590493735
2024-10-30,68.75,73.9000015258789,68.75,73.4000015258789,68073,40.02474363231994
2024-10-31,73.81999969482422,74.0,72.01000213623047,73.41999816894531,19165,42.84456398241511
2024-11-01,73.41999816894531,74.9000015258789,71.25,73.48999786376953,19715,46.13936213393104
2024-11-04,73.69999694824219,74.0,72.0,73.94000244140625,56259,43.33830245111653
2024-11-05,75.3499984741211,75.62999725341797,72.01000213623047,73.66000366210938,12861,38.120381679143314
2024-11-06,74.0,75.98999786376953,73.05000305175781,74.06999969482422,9534,42.91339173956718
2024-11-07,72.7699966430664,77.7699966430664,72.7699966430664,77.37999725341797,111474,55.959065849690354
2024-11-08,76.25,81.23999786376953,76.25,81.23999786376953,86745,67.57990660782393
2024-11-11,83.5,85.0,77.16999816894531,77.5,39565,61.258288602196984
2024-11-12,76.3499984741211,80.19999694824219,74.25,74.87999725341797,15430,58.428735926805984
2024-11-13,74.87999725341797,77.0,72.4000015258789,72.55999755859375,16459,51.02896524292966
2024-11-14,72.55999755859375,74.6500015258789,70.56999969482422,71.18000030517578,11285,51.16545787740142
2024-11-18,71.18000030517578,74.72000122070312,70.01000213623047,70.31999969482422,11676,54.453035314266565
2024-11-19,70.31999969482422,72.5,69.0,71.0,10576,50.3325976858739
2024-11-21,72.33000183105469,72.33000183105469,68.5,70.0,18994,41.904755330678064
2024-11-22,70.0,71.9800033569336,70.0,70.33000183105469,17165,42.749890446034996
2024-11-25,70.33000183105469,72.75,68.05000305175781,70.26000213623047,28075,42.421407560798876
2024-11-26,70.16000366210938,72.4000015258789,69.5999984741211,72.0199966430664,26000,45.75595300533215
2024-11-27,72.8499984741211,72.8499984741211,71.01000213623047,71.4000015258789,30909,45.07838909341396
2024-11-28,72.83000183105469,72.98999786376953,71.0,71.52999877929688,10332,44.40034702330634
2024-11-29,72.98999786376953,72.98999786376953,70.25,71.55999755859375,19200,34.99999016829905
2024-12-02,72.69999694824219,72.69999694824219,69.80000305175781,71.91999816894531,12778,20.691799545402844
2024-12-03,72.0,75.51000213623047,72.0,75.41000366210938,53265,43.32269280194377
2024-12-04,77.5,77.5,73.55000305175781,74.37000274658203,16619,48.18765176105178
2024-12-05,74.37000274658203,76.0,73.31999969482422,74.91000366210938,26877,59.560648443019126
2024-12-06,74.91000366210938,75.29000091552734,73.05999755859375,74.37000274658203,11685,63.930145378318116
2024-12-09,75.37000274658203,75.37000274658203,73.5,74.05000305175781,57283,67.09443040010629
2024-12-10,72.5,75.4800033569336,72.5,75.02999877929688,40625,67.97503055843671
2024-12-11,75.38999938964844,76.94000244140625,74.25,75.80999755859375,12504,76.43313339997779
2024-12-12,79.0,79.0,75.0,75.87999725341797,8137,75.86207632104926
2024-12-13,73.0999984741211,76.69999694824219,73.0999984741211,75.44999694824219,12675,73.39945940628252
2024-12-16,76.69999694824219,76.8499984741211,73.19999694824219,75.12999725341797,16236,66.11400299167329
2024-12-17,75.88999938964844,76.68000030517578,74.94999694824219,75.02999877929688,17247,69.87950901112822
2024-12-18,76.94999694824219,76.94999694824219,74.0999984741211,75.3499984741211,41607,70.49356126559545
2024-12-19,78.0,78.0,72.16000366210938,74.4800033569336,6624,64.37011288654801
2024-12-20,75.68000030517578,75.68000030517578,71.0199966430664,71.94000244140625,11322,50.08105461263191
2024-12-23,72.0,73.69000244140625,69.51000213623047,71.41999816894531,30955,28.708604202764505
2024-12-24,74.88999938964844,74.88999938964844,69.11000061035156,69.37999725341797,23767,25.940174335793586
2024-12-26,67.05000305175781,71.0,67.05000305175781,68.27999877929688,13348,19.670588629472235
2024-12-27,68.0999984741211,71.69000244140625,68.0999984741211,70.56999969482422,9602,35.01575218171929
2024-12-30,70.5999984741211,73.9800033569336,70.5999984741211,71.9800033569336,26142,42.48365940645845
2024-12-31,71.9800033569336,71.9800033569336,68.37999725341797,69.41000366210938,21822,31.70574578818696
2025-01-01,71.69999694824219,71.69999694824219,68.41999816894531,69.56999969482422,26994,28.833111370025165
2025-01-02,70.69999694824219,70.69999694824219,68.80999755859375,69.5,19786,28.358215135499407
2025-01-03,67.75,70.4000015258789,66.5999984741211,66.93000030517578,31949,24.763039012517538
2025-01-06,66.93000030517578,67.7699966430664,63.59999847412109,64.2300033569336,22351,21.70301919708325
2025-01-07,64.2300033569336,67.44000244140625,64.12000274658203,67.41999816894531,48416,32.97538315961519
2025-01-08,68.4000015258789,70.37999725341797,66.72000122070312,69.98999786376953,45195,39.105685761869765
2025-01-09,69.98999786376953,69.98999786376953,67.12000274658203,67.94000244140625,15583,37.31574251228531
2025-01-10,67.94000244140625,68.05000305175781,66.11000061035156,67.0,34836,39.78493809397599
2025-01-13,67.19999694824219,67.19999694824219,63.65999984741211,64.04000091552734,47796,36.13824056678804
2025-01-14,61.70000076293945,66.98999786376953,61.70000076293945,66.02999877929688,18175,43.695896807568865
2025-01-15,67.23999786376953,67.23999786376953,63.0099983215332,65.41999816894531,10014,44.51686717240685
2025-01-16,64.55000305175781,66.47000122070312,64.0,64.16000366210938,18354,37.205586609533974
2025-01-17,64.0,65.76000213623047,63.810001373291016,65.2699966430664,12092,36.44441416658549
2025-01-20,66.68000030517578,67.55000305175781,65.30000305175781,66.93000030517578,30711,44.7986448848917
2025-01-21,69.94999694824219,69.94999694824219,63.58000183105469,63.68000030517578,50256,39.06423258652273
2025-01-22,63.81999969482422,63.9900016784668,61.79999923706055,62.34000015258789,19702,37.304954849234804
2025-01-23,62.33000183105469,64.77999877929688,62.0,62.810001373291016,84809,42.107275510369625
2025-01-24,62.209999084472656,63.369998931884766,61.61000061035156,62.72999954223633,11941,46.80578190217375
2025-01-27,63.0,63.0,59.59000015258789,60.5099983215332,27464,34.65126009619955
2025-01-28,61.11000061035156,61.5,57.5,57.83000183105469,43453,23.121125643245676
2025-01-29,60.720001220703125,60.720001220703125,60.720001220703125,60.720001220703125,5453,34.61209750538872
2025-01-30,63.75,63.75,63.75,63.75,11559,43.63991868345553
2025-01-31,66.93000030517578,66.93000030517578,66.93000030517578,66.93000030517578,104778,55.60729651090497
2025-02-01,70.2699966430664,70.2699966430664,66.02999877929688,69.13999938964844,268855,55.98307383401437
2025-02-03,68.0,70.94999694824219,65.68000030517578,66.26000213623047,55032,51.4862072847523
2025-02-04,68.33000183105469,69.56999969482422,67.0999984741211,69.56999969482422,93470,58.92444379782374
2025-02-05,73.04000091552734,73.04000091552734,73.04000091552734,73.04000091552734,9389,61.8916509151304
2025-02-06,79.69999694824219,79.69999694824219,75.0,77.8499984741211,281479,65.24288189260145
2025-02-07,77.80000305175781,78.48999786376953,73.5999984741211,74.69000244140625,138839,65.40722894447623
2025-02-10,75.5,75.5,72.30000305175781,73.75,59578,66.14775396545609
2025-02-11,74.1500015258789,76.5,71.41000366210938,72.38999938964844,61925,63.224738708434984
2025-02-12,73.0999984741211,74.88999938964844,67.0,71.31999969482422,52135,61.54260011533287
2025-02-13,71.80999755859375,73.0,68.26000213623047,69.95999908447266,56460,62.99863017163205
2025-02-14,71.0,72.88999938964844,62.5099983215332,64.23999786376953,110041,58.136579555194004
2025-02-17,63.0099983215332,68.41000366210938,63.0,65.6500015258789,119885,56.50224323542712
2025-02-18,67.25,67.25,62.5,62.720001220703125,44861,48.63792800078777
2025-02-19,63.970001220703125,66.0,62.18999862670898,65.06999969482422,52142,47.48512597992755
2025-02-20,65.0,67.3499984741211,63.709999084472656,66.86000061035156,38659,46.88183953562527
2025-02-21,67.0,67.87999725341797,66.01000213623047,66.8499984741211,36977,50.875625252501465
2025-02-24,67.73999786376953,67.73999786376953,64.0999984741211,64.80999755859375,23111,42.65885057849955
2025-02-25,65.0,66.08000183105469,62.59999847412109,64.29000091552734,21400,35.15439491422043
2025-02-27,66.75,66.75,62.369998931884766,62.72999954223633,17483,21.167055628954273
2025-02-28,62.56999969482422,62.56999969482422,60.61000061035156,61.90999984741211,44102,23.24121034485458
2025-03-03,61.90999984741211,63.209999084472656,57.91999816894531,59.0099983215332,40686,21.478333515161268
2025-03-04,59.0099983215332,60.709999084472656,58.70000076293945,59.27999877929688,24165,23.51515844629202
2025-03-05,60.95000076293945,60.95000076293945,58.560001373291016,59.619998931884766,46700,25.64530219872279
2025-03-06,59.150001525878906,61.0099983215332,59.150001525878906,60.02999877929688,58917,28.47854973424451
2025-03-07,58.4900016784668,62.88999938964844,58.4900016784668,62.2400016784668,56598,44.887537666705214
2025-03-10,63.900001525878906,67.0,61.08000183105469,61.790000915527344,27804,39.62365767820373
2025-03-11,60.15999984741211,67.80000305175781,60.0,65.83999633789062,77344,57.9107376370544
2025-03-12,66.5,71.30000305175781,65.80000305175781,69.33999633789062,128546,60.22998581963704
2025-03-13,69.33000183105469,72.25,67.0,67.31999969482422,67312,51.09004530269715
2025-03-17,67.0999984741211,68.29000091552734,64.91000366210938,65.94999694824219,21641,47.99643463364807
2025-03-18,65.94999694824219,65.94999694824219,65.94999694824219,65.94999694824219,0,52.79137975482815
2025-03-19,67.0,70.0,67.0,69.13999938964844,56430,60.50237687484326
2025-03-20,69.94999694824219,71.75,69.63999938964844,70.16000366210938,42667,66.47450522714865
2025-03-21,72.0,73.4800033569336,70.51000213623047,72.83000183105469,67881,72.37704834736876
2025-03-24,72.83000183105469,78.48999786376953,70.6500015258789,76.22000122070312,116071,84.57211868933211
2025-03-25,77.44999694824219,79.69999694824219,73.22000122070312,73.54000091552734,70714,76.11721711018689
2025-03-26,76.0,76.0,69.91999816894531,70.1500015258789,63142,67.34761416784741
2025-03-27,68.19999694824219,71.80000305175781,67.30000305175781,69.73999786376953,79105,65.99670038179643
2025-03-28,71.2699966430664,72.5,69.0999984741211,71.05999755859375,49655,64.96944163636772
2025-04-01,72.0,76.08999633789062,69.7699966430664,74.5,101229,69.58397117335369
2025-04-02,75.30000305175781,87.01000213623047,73.13999938964844,82.95999908447266,385022,73.22300450291485
2025-04-03,80.5,87.25,80.19999694824219,84.72000122070312,221152,71.89635583555096
2025-04-04,84.70999908447266,85.12999725341797,79.11000061035156,79.79000091552734,110591,66.39494690721753
2025-04-07,68.80999755859375,82.0,68.80999755859375,75.91999816894531,165486,62.299528457274086
2025-04-08,79.79000091552734,79.9000015258789,76.05999755859375,76.70999908447266,57069,63.02032701138888
2025-04-09,77.69999694824219,82.0,75.0,79.98999786376953,118482,63.10069489928778
2025-04-11,83.36000061035156,84.48999786376953,81.11000061035156,82.66000366210938,121324,64.51462642732179
2025-04-15,82.91999816894531,86.0,82.62000274658203,84.16999816894531,76867,63.532212243518565
2025-04-16,85.0,88.87999725341797,82.80999755859375,85.5199966430664,151876,61.66582225275341
2025-04-17,86.0,98.0999984741211,85.55999755859375,96.7300033569336,2115450,73.96155757534478
2025-04-21,99.3000030517578,102.9000015258789,97.25,100.36000061035156,1290604,81.0610644783295
2025-04-22,100.5,105.98999786376952,100.0,101.79000091552734,1018685,82.27592864235525
2025-04-23,102.4000015258789,104.8000030517578,97.11000061035156,97.98999786376952,496195,75.82965072075294
2025-04-24,98.3000030517578,99.23999786376952,94.44000244140624,95.8000030517578,359314,70.93160476381266
2025-04-25,96.0,98.6999969482422,83.05000305175781,87.02999877929688,618170,53.97538473736869
2025-04-28,87.0999984741211,90.4499969482422,85.0,85.6500015258789,230958,50.91517438517762
2025-04-29,85.6500015258789,88.5,84.11000061035156,84.58000183105469,229769,55.10117193663589
2025-04-30,84.0,85.9000015258789,76.19999694824219,78.02999877929688,252502,52.12573081076029
2025-05-02,78.0,81.55000305175781,76.0,77.25,188322,50.54413632168183
2025-05-05,78.83000183105469,81.5,76.12999725341797,79.58000183105469,197451,49.578800098757306
2025-05-06,79.55999755859375,79.77999877929688,75.1500015258789,75.41000366210938,94442,42.774566210281755
2025-05-07,73.1500015258789,79.80000305175781,73.1500015258789,78.29000091552734,168497,44.29569543173358
2025-05-08,78.4000015258789,83.37999725341797,77.5,78.87999725341797,378787,43.46199335440357
2025-05-09,75.25,77.9000015258789,75.25,75.98999786376953,101074,25.57700227624092
2025-05-12,79.0,82.5,79.0,81.97000122070312,169251,29.48002634278032
2025-05-13,82.48999786376953,83.5,79.75,80.91999816894531,150284,26.51361399591211
2025-05-14,81.69999694824219,83.0,81.0,81.6500015258789,127683,30.246619805657048
2025-05-15,81.6500015258789,85.0,81.6500015258789,83.44000244140625,162452,34.91211110303966
2025-05-16,83.44000244140625,87.98999786376953,83.01000213623047,87.43000030517578,273543,50.55279370163755
2025-05-19,88.19000244140625,93.5,88.19000244140625,90.66999816894533,471899,56.59831298928457
2025-05-20,91.66000366210938,93.98999786376952,90.23999786376952,92.29000091552734,257364,59.98963240714984
2025-05-21,92.4000015258789,101.98999786376952,92.33000183105467,98.4800033569336,1402581,76.74601462456816
2025-05-22,99.0,100.8000030517578,92.0999984741211,93.81999969482422,1772850,69.67465738843575
2025-05-23,94.0,95.0,89.11000061035156,89.83999633789062,349346,61.72302584230171
2025-05-26,90.0,91.19000244140624,86.11000061035156,87.56999969482422,370509,64.52459823116915
2025-05-27,87.69000244140625,88.80000305175781,86.4800033569336,87.26000213623047,197650,61.41511742157978
2025-05-28,87.61000061035156,87.97000122070312,85.0,86.37999725341797,194263,59.474477970759274
2025-05-29,87.4000015258789,87.87000274658203,85.70999908447266,87.4800033569336,120567,65.20243219856845
2025-05-30,87.9800033569336,88.0,84.0999984741211,84.45999908447266,143734,53.57449913378068
2025-06-02,84.88999938964844,93.7699966430664,83.55999755859375,92.4000015258789,487588,63.75838533430792
2025-06-03,93.7699966430664,98.0,93.0999984741211,95.16000366210938,930796,65.43999436384223
2025-06-04,95.0999984741211,95.9499969482422,91.5199966430664,92.27999877929688,230304,59.85726030716291
2025-06-05,92.3000030517578,99.9000015258789,92.3000030517578,95.3499984741211,1345072,59.01638546900074
2025-06-06,95.6999969482422,96.61000061035156,93.3000030517578,94.1999969482422,145645,54.2194549957266
2025-06-09,95.4000015258789,98.9000015258789,94.3000030517578,97.5199966430664,440866,56.00734230141504
2025-06-10,100.0,104.4499969482422,99.52999877929688,101.23999786376952,1438281,53.360926229416805
2025-06-11,102.8000030517578,104.5,96.20999908447266,98.23999786376952,943541,55.609131256486904
2025-06-12,99.02999877929688,99.98999786376952,96.3000030517578,97.25,422362,60.175775626768804
2025-06-13,95.0,108.8000030517578,93.0199966430664,103.88999938964844,3555371,70.00979772386735
2025-06-16,104.98999786376952,110.8000030517578,100.5999984741211,101.70999908447266,2197136,66.94019774520666
2025-06-17,101.70999908447266,102.0999984741211,94.02999877929688,95.13999938964844,1050426,59.060817803218214
2025-06-18,94.51000213623048,94.6999969482422,90.0,90.54000091552734,927044,52.95138587390839
2025-06-19,90.0,91.94000244140624,84.63999938964844,86.38999938964844,800815,51.821785900241764
2025-06-20,86.04000091552734,88.9000015258789,86.0,86.47000122070312,786791,43.42717887163795
2025-06-23,86.19999694824219,88.9000015258789,84.98999786376953,85.63999938964844,431233,38.97637503114126
2025-06-24,87.0,92.5,86.61000061035156,91.5199966430664,1016542,49.17713065048931
2025-06-25,93.3499984741211,94.1999969482422,92.01000213623048,93.36000061035156,444655,47.7864319676181
2025-06-26,93.4000015258789,93.83000183105467,89.0,90.06999969482422,356784,45.614783493873546
2025-06-27,91.4000015258789,91.58999633789062,88.0,88.44000244140625,257986,40.000006721933275
2025-06-30,88.58999633789062,91.83999633789062,88.58999633789062,89.5999984741211,302014,36.41456537736301
2025-07-01,90.93000030517578,90.93000030517578,88.0,88.87000274658203,161853,38.45206193031055
2025-07-02,90.0,90.5,86.56999969482422,87.5199966430664,199926,38.11384890741964
2025-07-03,87.6500015258789,88.88999938964844,87.1500015258789,87.47000122070312,92457,26.092021083258615
2025-07-04,87.69999694824219,90.0,87.44000244140625,88.68000030517578,199292,30.476474848829596
2025-07-07,88.69999694824219,89.48999786376953,86.2300033569336,86.93000030517578,178445,35.62171558521206
2025-07-08,87.7699966430664,87.7699966430664,85.01000213623047,85.5,151051,40.070919107667365
2025-07-09,85.6500015258789,87.87999725341797,85.12999725341797,86.6500015258789,175865,50.580880625869526
2025-07-10,87.06999969482422,87.3499984741211,85.30999755859375,86.08999633789062,109024,49.16884323563749
2025-07-11,86.30000305175781,86.31999969482422,82.5,83.25,306447,45.195014356885174
2025-07-14,82.5999984741211,84.20999908447266,79.12000274658203,80.04000091552734,483190,24.14415021248898
2025-07-15,80.5,84.76000213623047,80.5,82.93000030517578,329571,27.569884456473545
2025-07-16,83.75,86.5999984741211,80.55999755859375,84.79000091552734,338363,37.90100664687639
2025-07-17,85.62999725341797,88.98999786376953,85.11000061035156,85.66999816894531,275216,43.42666038065153
2025-07-18,86.29000091552734,86.29000091552734,82.45999908447266,84.4800033569336,148337,37.8673048844779
2025-07-21,84.58999633789062,84.98999786376953,82.51000213623047,82.87999725341797,92376,36.36776249352352
2025-07-22,83.44000244140625,83.98999786376953,81.02999877929688,81.80999755859375,87285,36.837251152059956
2025-07-23,82.44000244140625,84.5999984741211,80.02999877929688,82.70999908447266,187793,39.440989478950286
2025-07-24,82.70999908447266,83.56999969482422,81.0999984741211,81.48999786376953,78009,34.05764641161373
2025-07-25,82.0,84.48999786376953,81.12000274658203,82.7300033569336,196051,40.47187994577732
2025-07-28,81.5,82.97000122070312,80.38999938964844,81.58000183105469,131322,40.992655308597655
2025-07-29,82.0,82.4000015258789,80.1500015258789,80.5999984741211,162348,35.988884200765696
2025-07-30,80.6500015258789,82.3499984741211,78.5999984741211,79.27999877929688,155271,34.76511029336464
2025-07-31,77.98999786376953,79.20999908447266,76.58999633789062,77.54000091552734,151033,36.564712860210506
2025-08-01,77.93000030517578,79.69000244140625,76.6500015258789,77.23999786376953,129732,42.366408720633714
2025-08-04,78.0,78.44000244140625,76.98999786376953,78.0199966430664,81531,34.87368965355145
2025-08-05,78.76000213623047,88.80000305175781,78.61000061035156,86.68000030517578,3077632,54.103339638705485
2025-08-06,88.30000305175781,93.38999938964844,84.75,86.27999877929688,1876229,51.35255014419713
2025-08-07,85.19999694824219,86.80000305175781,83.0,85.37999725341797,416081,52.021547360115925
2025-08-08,88.0,88.48999786376953,75.0999984741211,76.12999725341797,1441786,38.71615558343277
2025-08-11,76.0,77.6500015258789,73.51000213623047,74.25,401805,37.69532307438606
2025-08-12,74.79000091552734,76.26000213623047,73.54000091552734,74.4000015258789,184993,36.13614783248435
2025-08-13,74.76000213623047,75.25,74.0,74.2699966430664,81902,37.50000660438816
2025-08-14,74.5,75.0999984741211,72.52999877929688,73.27999877929688,72058,33.49633173648195
2025-08-18,74.55000305175781,74.5999984741211,73.30000305175781,73.81999969482422,80692,36.15275010693945
2025-08-19,73.5,74.62999725341797,73.3499984741211,73.9000015258789,88257,37.64750297776955
2025-08-20,74.4000015258789,75.37000274658203,73.76000213623047,74.66000366210938,123241,41.30272423256544
2025-08-21,75.0,77.98999786376953,75.0,76.5999984741211,195290,48.24364331396144
2025-08-22,76.5999984741211,83.44000244140625,75.56999969482422,79.29000091552734,520203,53.51629915592489
2025-08-25,80.02999877929688,82.80000305175781,80.01000213623047,81.9000015258789,329883,56.26211024348054
2025-08-26,81.88999938964844,81.88999938964844,77.1500015258789,77.62999725341797,113762,32.98232586538643
2025-08-28,77.51000213623047,79.80000305175781,77.5,78.0,128786,34.41266042259241
2025-08-29,77.19999694824219,79.80000305175781,77.0999984741211,78.12999725341797,143697,35.94416906188357
2025-09-01,78.62999725341797,79.61000061035156,77.80000305175781,78.05999755859375,97406,55.80975119734584
2025-09-02,78.26000213623047,79.5999984741211,77.27999877929688,78.18000030517578,130378,63.232312022938515
2025-09-03,78.75,79.44999694824219,77.91000366210938,78.51000213623047,70142,63.67264395075365
2025-09-04,79.4000015258789,79.98999786376953,76.02999877929688,76.37999725341797,87266,56.19494677348109
2025-09-05,77.1500015258789,77.1500015258789,73.55000305175781,74.76000213623047,149390,54.19026730080748
2025-09-08,75.08999633789062,79.94999694824219,73.77999877929688,78.51000213623047,377796,61.236224508074294
2025-09-09,78.9000015258789,79.0,76.94999694824219,77.5,75812,58.25687318867588
2025-09-10,77.69999694824219,79.29000091552734,76.19999694824219,76.70999908447266,79522,54.69536081987821
2025-09-11,77.66000366210938,78.94999694824219,76.76000213623047,77.73999786376953,68324,52.724662184339465
2025-09-12,78.5,78.5,76.4000015258789,77.56999969482422,64902,45.32608596498939
2025-09-15,77.7699966430664,77.9800033569336,75.63999938964844,76.75,56756,34.497293885876985
2025-09-16,77.5,78.9000015258789,75.91000366210938,76.72000122070312,113335,46.32176301267886
2025-09-17,76.9000015258789,77.5999984741211,76.30000305175781,76.69999694824219,50753,44.592335317482984
2025-09-18,77.4000015258789,77.76000213623047,75.61000061035156,76.05999755859375,69422,41.739829863980084
2025-09-19,76.0999984741211,76.76000213623047,75.4000015258789,75.56999969482422,58775,40.38611203246409
2025-09-22,75.1500015258789,76.25,74.69999694824219,74.87000274658203,56009,37.76793105237161
2025-09-23,75.83999633789062,75.83999633789062,74.01000213623047,74.37000274658203,57559,34.89050981073528
2025-09-24,75.3499984741211,75.3499984741211,74.30000305175781,74.51000213623047,40532,42.01538649980584
2025-09-25,74.12999725341797,75.30000305175781,73.1500015258789,73.5,42406,44.32431392144746
2025-09-26,74.83999633789062,74.83999633789062,71.05000305175781,71.5999984741211,64623,12.648628853462839
2025-09-29,71.9000015258789,72.95999908447266,69.12000274658203,69.77999877929688,67910,11.630203309004216
2025-09-30,69.77999877929688,74.97000122070312,69.77999877929688,73.8499984741211,297285,39.28035458964827
2025-10-01,75.5,75.5,72.0,73.5,79743,33.25434758110151
2025-10-03,73.11000061035156,76.6500015258789,73.11000061035156,75.79000091552734,123803,43.97835275267339
2025-10-06,75.79000091552734,78.0,75.16000366210938,75.75,80597,46.42857142857143
2025-10-07,76.5,76.79000091552734,73.9000015258789,74.93000030517578,49369,43.94861120783264
2025-10-08,75.6500015258789,75.69000244140625,72.4000015258789,73.54000091552734,87147,40.22278215193357
2025-10-09,73.48999786376953,73.58999633789062,71.80000305175781,72.06999969482422,61716,38.25780351544942
2025-10-10,72.06999969482422,72.79000091552734,71.5999984741211,72.08000183105469,42437,39.430655929138595
2025-10-13,71.0999984741211,71.9800033569336,70.5,71.05000305175781,35105,38.65796082279648
2025-10-14,71.69999694824219,71.69999694824219,68.80000305175781,69.83999633789062,84770,37.094006690388056
2025-10-15,70.69999694824219,71.62999725341797,70.0,70.91999816894531,45165,40.29204591827682
2025-10-16,71.69000244140625,73.98999786376953,71.30000305175781,71.95999908447266,50917,45.8423328135846
2025-10-17,73.48999786376953,73.77999877929688,69.80000305175781,70.58000183105469,64201,47.166677192400954
2025-10-20,73.0,73.0,70.80000305175781,71.37999725341797,26633,54.71141978151539
2025-10-21,70.80000305175781,71.94999694824219,70.25,71.37000274658203,16115,40.40249195429448
2025-10-23,71.9000015258789,74.5199966430664,71.69999694824219,72.33999633789062,147883,45.71638021675606
2025-10-24,71.72000122070312,76.5,71.72000122070312,75.05999755859375,186898,47.38724519749328
2025-10-27,75.98999786376953,76.4800033569336,74.5,74.72000122070312,59557,46.39103163180418
2025-10-28,74.98999786376953,74.98999786376953,72.51000213623047,73.13999938964844,51432,44.04523629563491
2025-10-29,73.0,74.41999816894531,73.0,74.11000061035156,32536,51.9507185786029
2025-10-30,74.6500015258789,74.6500015258789,73.5,74.20999908447266,18336,58.08157465287382
2025-10-31,74.98999786376953,78.9000015258789,74.1500015258789,77.54000091552734,305411,66.4855145076066
2025-11-03,78.0,81.0,74.0,79.20999908447266,400323,73.7209334303864
2025-11-04,80.69000244140625,81.0,75.01000213623047,76.30000305175781,164778,67.08998416797928
2025-11-06,72.5999984741211,72.5999984741211,66.55000305175781,67.33000183105469,581570,43.29974004788951
2025-11-07,68.30000305175781,68.33000183105469,67.0999984741211,67.81999969482422,121396,42.111274127547084
2025-11-10,68.0999984741211,68.5,67.3499984741211,67.80000305175781,59773,44.41317997662115
2025-11-11,67.5,68.06999969482422,66.3499984741211,66.87999725341797,77889,40.99999450683258
2025-11-12,67.0999984741211,67.58999633789062,65.8499984741211,66.36000061035156,67045,40.18031220419632
2025-11-13,66.98999786376953,67.1500015258789,64.63999938964844,65.4800033569336,65078,36.506696431921135
2025-11-14,66.0,67.5,65.4000015258789,66.41999816894531,40336,31.725877348686808
2025-11-17,67.4000015258789,67.4000015258789,65.94999694824219,66.16000366210938,56771,31.833607831987408
2025-11-18,66.80000305175781,66.80000305175781,63.5099983215332,64.23999786376953,64366,31.380739247256045
2025-11-19,65.0,66.0,63.70000076293945,65.08000183105469,72755,31.0054628672671
2025-11-20,65.75,65.75,64.0199966430664,64.30000305175781,40208,29.73415058902384
2025-11-21,64.30000305175781,64.7300033569336,63.0099983215332,63.52999877929688,30866,17.999069415666227
2025-11-24,63.52999877929688,63.93999862670898,61.20000076293945,61.59999847412109,83291,10.248294666242316
2025-11-25,63.95000076293945,63.95000076293945,61.63999938964844,62.54999923706055,28661,15.948477588038003
2025-11-26,61.63999938964844,63.5,61.63999938964844,62.59999847412109,27066,29.01506315069038
2025-11-27,62.75,64.80000305175781,62.5,62.90999984741211,54095,27.862940577749498
2025-11-28,62.90999984741211,63.09999847412109,61.70000076293945,61.79999923706055,30502,25.369450799661152
2025-12-01,62.29999923706055,63.54999923706055,60.5,61.0099983215332,59086,25.64315641684358
2025-12-02,61.0099983215332,61.59999847412109,60.02999877929688,60.20000076293945,62085,25.040519565470774
2025-12-03,60.060001373291016,61.75,59.5099983215332,59.900001525878906,58280,26.275506728592802
2025-12-04,58.33000183105469,60.900001525878906,58.33000183105469,59.290000915527344,28703,18.81018239780427
2025-12-05,59.04999923706055,61.4900016784668,57.54999923706055,57.97999954223633,70023,17.227586464076367
2025-12-08,58.0,58.59000015258789,55.619998931884766,56.59000015258789,92943,17.99166385485904
2025-12-09,57.97999954223633,58.97999954223633,55.0,58.06999969482422,78662,22.16044508625336
2025-12-10,58.790000915527344,64.98999786376953,58.11000061035156,62.61000061035156,225992,44.831798744580105
2025-12-11,63.7599983215332,63.7599983215332,60.560001373291016,61.380001068115234,27806,43.6050043559255
2025-12-12,61.060001373291016,63.20000076293945,58.0,59.41999816894531,182781,43.52731653326558
2025-12-15,59.41999816894531,60.68999862670898,58.29999923706055,59.84999847412109,35569,41.72794061789198
2025-12-16,60.5,60.52999877929688,57.25,58.09999847412109,85336,37.513876434321595
2025-12-17,58.59000015258789,59.25,57.34999847412109,57.650001525878906,35344,35.51762564501678
2025-12-18,58.0,60.150001525878906,57.09999847412109,58.20000076293945,52290,39.772730720930156
2025-12-19,57.5,59.68000030517578,57.5,58.81999969482422,50815,43.717730729592176
2025-12-22,60.0,60.0,58.70000076293945,59.060001373291016,67040,46.619219014296746
2025-12-23,59.0099983215332,59.70000076293945,58.0,58.18000030517578,53155,45.068804530039856
2025-12-24,58.34999847412109,59.68999862670898,58.34999847412109,58.7599983215332,32468,48.47787880919217
2025-12-26,58.54999923706055,59.7400016784668,56.86000061035156,57.20000076293945,62148,47.79162243906527
2025-12-29,57.83000183105469,58.29999923706055,56.66999816894531,56.77999877929688,32025,50.56919904835983
2025-12-30,58.25,58.25,56.63999938964844,57.119998931884766,35098,46.94533501752429
2025-12-31,57.9900016784668,59.52000045776367,56.83000183105469,58.93000030517578,58090,35.64742436514446
2026-01-01,59.220001220703125,59.290000915527344,57.720001220703125,58.27999877929688,33040,37.33659369396969
2026-01-02,58.22999954223633,59.08000183105469,57.5,58.869998931884766,41440,47.470104456738966
2026-01-05,58.310001373291016,60.68999862670898,58.29999923706055,58.709999084472656,61183,44.62264361437582
2026-01-06,58.5,60.29999923706055,58.0,58.38999938964844,50308,51.58124849200873
2026-01-07,57.79999923706055,59.72999954223633,57.79999923706055,58.709999084472656,26364,55.862817761296206
2026-01-08,58.709999084472656,59.47999954223633,57.0,57.34999847412109,26774,45.6852685720526
2026-01-09,57.150001525878906,57.91999816894531,54.9900016784668,55.04999923706055,61377,33.65134601215338
2026-01-12,54.150001525878906,55.040000915527344,53.29999923706055,53.5,51999,28.3489045669115
2026-01-13,53.650001525878906,55.43999862670898,52.150001525878906,52.75,41613,28.638864294611054
2026-01-14,52.5,53.880001068115234,52.20000076293945,52.59000015258789,34378,24.898300613020808
2026-01-15,52.59000015258789,52.59000015258789,52.59000015258789,52.59000015258789,0,28.518177222318158
2026-01-16,52.59000015258789,53.70000076293945,52.59000015258789,52.900001525878906,25184,31.73259769322219
2026-01-19,52.5099983215332,55.0,51.29999923706055,51.93000030517578,55697,26.933347258386462
2026-01-20,51.0,54.56999969482422,49.9900016784668,50.20000076293945,66147,10.922121790933403
2026-01-21,51.0099983215332,51.0099983215332,47.15999984741211,47.58000183105469,94617,9.28463681409471
2026-01-22,48.869998931884766,50.2599983215332,47.84999847412109,49.70000076293945,50116,18.745741944408906
2026-01-23,49.70000076293945,51.0,47.900001525878906,49.040000915527344,27877,18.12788616962102
2026-01-27,48.13999938964844,48.9900016784668,46.15999984741211,46.59000015258789,129945,15.895954458245711
2026-01-28,46.59999847412109,48.70000076293945,46.59999847412109,48.400001525878906,72059,22.565202085557218
2026-01-29,49.59999847412109,49.59999847412109,46.400001525878906,46.93000030517578,52040,22.43386950345564
2026-01-30,46.70000076293945,48.59999847412109,46.11000061035156,48.33000183105469,41520,31.333344494852597
2026-02-02,53.09999847412109,54.5,50.310001373291016,51.38999938964844,107073,44.592515686009975
2026-02-03,51.77999877929688,53.5099983215332,51.59999847412109,52.61000061035156,61097,49.6496512359197
2026-02-04,53.5,53.5,51.43999862670898,52.93999862670898,49241,50.86848250029058
2026-02-05,54.70000076293945,54.70000076293945,52.34000015258789,52.63999938964844,52616,50.12224751881467
2026-02-06,52.20000076293945,53.18999862670898,50.5,51.52000045776367,48840,46.754465717155064
2026-02-09,52.400001525878906,54.59999847412109,51.70000076293945,54.25,66545,55.03909650986634
2026-02-10,54.59999847412109,56.0,54.59999847412109,55.52999877929688,58845,61.807707109620104
2026-02-11,54.25,56.0,53.84000015258789,54.59000015258789,27630,66.77836238974308
2026-02-12,54.59999847412109,54.63999938964844,52.95000076293945,53.02999877929688,37335,58.18986311183633
2026-02-13,51.400001525878906,52.68999862670898,49.33000183105469,50.810001373291016,109336,54.04294384551885
2026-02-16,50.810001373291016,51.0,48.5,49.2400016784668,74373,56.30652598461338
2026-02-17,49.2400016784668,51.40999984741211,49.0099983215332,50.02000045776367,73066,54.054053022022345
2026-02-18,50.81999969482422,50.81999969482422,49.5,49.619998931884766,26540,57.11263811136298
2026-02-19,49.5,49.61000061035156,48.0,48.65999984741211,23836,50.89333567681585
2026-02-20,48.099998474121094,49.38999938964844,48.099998474121094,48.59000015258789,33291,40.956070090909606
2026-02-23,49.70000076293945,49.70000076293945,48.0099983215332,48.25,16309,35.06848169728006
2026-02-24,49.36000061035156,49.36000061035156,46.900001525878906,47.61000061035156,30541,32.12608719568438
2026-02-25,48.9900016784668,48.9900016784668,47.40999984741211,47.540000915527344,13741,32.62942432343661
2026-02-26,47.540000915527344,48.400001525878906,47.150001525878906,47.59000015258789,21689,35.56207813378525
2026-02-27,47.0099983215332,47.9900016784668,47.0099983215332,47.29999923706055,25494,18.88986447743237
2026-03-02,45.0,46.689998626708984,43.349998474121094,45.040000915527344,97324,6.831262825552386
2026-03-04,44.130001068115234,44.279998779296875,42.81999969482422,43.36000061035156,82045,6.439086899070304
