Date,Open,High,Low,Close,Volume,RSI
2021-02-19,98.2446562606512,98.801061681038,96.99275467730266,97.33056640625,432086,
2021-02-22,97.29084362758084,97.35045568863488,95.12485182099527,95.48253631591795,640078,0.0
2021-02-23,95.66138105673213,97.90686375564904,95.16459365400262,97.46968841552734,561538,51.81376010821886
2021-02-24,97.3305821329932,98.56261727464592,95.82035333264358,97.9068603515625,173134,56.74445432564381
2021-02-25,98.16519962622588,99.63568925796928,97.01265517374318,98.46327209472656,614588,61.72872861485562
2021-02-26,96.37673720601283,98.36388642675536,96.37673720601283,97.33056640625,668570,50.0
2021-03-01,97.708147765222,104.46445637116685,96.21778557273416,102.91448211669922,4387852,74.18245304726095
2021-03-02,103.72920697094884,108.4983659121419,101.7420574121184,107.40543365478516,4412890,81.41261659010944
2021-03-03,106.59069367070728,108.3195038647866,104.52405354014772,105.95480346679688,1804290,74.65903914919902
2021-03-04,106.11376908550024,106.9483741894201,105.00097036600474,105.99454498291016,1039166,74.71649934421902
2021-03-05,105.71634308682675,107.54452287419802,102.53690419699738,103.31189727783205,1139318,64.7984186530086
2021-03-08,103.33177293660674,105.49777072075554,103.33177293660674,103.94778442382812,575114,65.8722478504722
2021-03-09,104.92147841189556,105.656726046183,100.49013809408208,102.2984390258789,494172,61.04237163679012
2021-03-10,102.5369120671199,104.04714080426628,101.74205228365383,103.33177185058594,525902,62.75336819017255
2021-03-12,104.24586720622766,105.31893288327043,102.93435327081905,103.37152862548828,574588,62.816200252309514
2021-03-15,105.17983305247417,105.17983305247417,102.1394963835098,102.35807800292967,709590,65.12231375724787
2021-03-16,102.85486578673456,104.10677982697987,101.74206678273816,103.11320495605467,538072,63.12380042644405
2021-03-17,103.11319764401082,103.57023962650638,98.42351730864256,98.5427474975586,539674,51.240302302387505
2021-03-18,100.09795808678442,101.3299963187438,99.41125017242952,99.79499816894533,602876,52.52889469950906
2021-03-19,98.60335843900522,99.3304573210129,96.98757218790304,98.54276275634766,529124,52.29150988269073
2021-03-22,99.02747452793837,100.09793637030518,98.2397801451959,98.66392517089844,307658,39.87334616594051
2021-03-23,98.5629620776446,101.7743360437388,98.5629620776446,100.46150970458984,942406,31.020902668301517
2021-03-24,100.46148211355845,100.46148211355845,97.9772138811035,98.23977661132812,361550,29.76621245773056
2021-03-25,98.15900930763934,99.33045180919122,96.68460690081696,97.12894439697266,533756,27.98548066867734
2021-03-26,97.71465733019885,99.18906577525344,97.29051842991124,97.97722625732422,470988,35.425540873251094
2021-03-30,98.17918474351389,98.92648196893109,96.94714685284558,97.5732650756836,390402,32.36111867597084
2021-03-31,97.25011089236098,97.8762291422756,97.00774054925408,97.2703094482422,475690,34.966534104828995
2021-04-01,97.472299092913,99.77479308520932,97.472299092913,98.86591339111328,443800,37.081987313909465
2021-04-05,98.966904732146,99.59302311728008,97.14914525747392,98.48217010498048,376420,36.13292491770959
2021-04-06,98.68413860318071,100.42110991653703,98.34078158686864,99.3102569580078,660492,41.263992386357344
2021-04-07,99.04766674556213,99.6131954648856,97.89642307945404,98.09839630126952,758390,35.99274087100167
2021-04-08,98.15900696237192,99.41124367306486,98.15900696237192,98.86591339111328,359622,51.14615646044978
2021-04-09,98.15898580232074,99.63338785608028,97.8762245245258,98.09839630126952,250286,43.76848421195386
2021-04-12,97.14914621654523,97.35111949350272,94.927440170013,95.23040008544922,599012,39.12470178961297
2021-04-13,95.29097897840587,97.95702840248276,95.27078658394971,97.69446563720705,341174,47.241424076368055
2021-04-15,97.25011555936324,98.5629416261044,95.79590575840248,96.44222259521484,978838,38.19689525936465
2021-04-16,96.40185310718152,97.1491567786656,95.7353436862526,96.05850219726562,865234,42.819268103027355
2021-04-19,94.88703138318782,95.93729475973556,93.79637705445562,95.21018981933594,384016,43.57238406164908
2021-04-20,95.2909769008098,96.28065075696666,94.94762607399171,95.6949234008789,677508,42.163668484297254
2021-04-22,95.33137401631048,96.05847894918178,94.5436795739226,95.6949234008789,217738,43.3666673133006
2021-04-23,95.73531989572436,97.14913263680047,95.51314808937984,96.543212890625,454022,47.52750303283132
2021-04-26,97.0683647420572,98.40138969340909,95.9575116432199,97.9166488647461,411958,46.72249728942608
2021-04-27,98.0176117263012,99.35063635419712,97.69445947058574,98.96688842773438,708700,51.59993976270733
2021-04-28,99.71420273224018,99.71420273224018,96.62400810006932,97.06835174560548,566568,43.08841854804842
2021-04-29,97.47230426193964,98.15901216781516,95.25059822521956,95.87671661376952,606282,43.142219810695146
2021-04-30,95.73534250100823,97.25014222412548,95.4323825563848,96.42205047607422,405162,42.35148380096793
2021-05-03,96.8663785607888,97.1289413382608,95.91710175534116,96.62400817871094,204706,45.216287065847865
2021-05-04,96.9471556978076,97.7146515482549,96.1392627336592,96.44222259521484,579416,54.76184765780985
2021-05-05,96.50280856361324,97.14912537672744,95.836299358123,96.01807403564452,351546,42.15493615495892
2021-05-06,96.92694209527708,96.96733920270744,96.0180626516928,96.68457794189452,2114386,51.19994137414169
2021-05-07,97.29052120093048,97.3107135958168,96.13927116061411,96.28065490722656,313286,51.09771875961324
2021-05-10,97.10874697499564,97.10874697499564,96.03829109599178,96.19986724853516,618946,55.29165085930838
2021-05-11,96.54320027247611,98.15898605109496,96.22004188400564,97.45207977294922,651128,58.68264105135375
2021-05-12,98.15900997999238,102.19847541126778,97.06835554629504,99.370849609375,1622784,65.26856920484194
2021-05-14,100.17874427497752,100.98663737396927,97.3511184285064,98.3609848022461,895694,57.450413236062055
2021-05-17,98.60333028542448,100.44128169028636,98.34076139634875,100.09793090820312,447018,58.68161939887439
2021-05-18,101.4309705831056,101.71373190584386,100.0171578056797,100.29991912841795,681880,55.689712777340986
2021-05-19,100.50188853980151,100.90583503219322,99.39103568572436,100.52208709716795,474516,67.2032615238684
2021-05-20,100.56247580433264,101.06740890855578,98.76491518604512,98.96688842773438,575724,64.85432648968694
2021-05-21,99.00729170924974,100.50189255810992,99.00729170924974,99.9767608642578,447384,66.35684169507354
2021-05-24,100.86543836861505,100.86543836861505,99.37083757282753,99.99695587158205,279896,65.7845033743425
2021-05-25,100.13832951194958,100.96642102526825,99.37083366862056,99.65359497070312,351034,64.8044912805932
2021-05-26,99.77480167566571,100.58269480664276,99.29006702982656,100.34032440185548,429616,69.45466258612555
2021-05-27,102.27925677620266,102.4004419639365,101.0270262729121,101.41077423095705,732738,70.52642810090657
2021-05-28,101.8147187108729,102.03689052331816,99.08807977821132,99.9767608642578,775962,64.73426043414196
2021-05-31,100.94623555877246,100.94623555877246,98.19940408093682,98.86591339111328,740308,59.82141552229072
2021-06-01,99.3708544427846,99.7546024446743,98.40138515761744,98.54276275634766,388602,54.313197555418235
2021-06-02,99.12846402429815,99.85556892322928,98.2599815551828,98.9264907836914,742586,47.99991758326666
2021-06-03,99.57281406464116,100.64326984365564,98.82551056052831,100.1787338256836,1161348,58.007076296021445
2021-06-04,100.64328368397908,100.98664072794826,100.158549041232,100.74427032470705,445368,53.17471678739668
2021-06-07,101.18858671668328,107.85370320700376,101.00681204514856,106.90442657470705,4070290,70.46304026959231
2021-06-08,107.81331236806298,109.79264764211383,106.4398968101992,108.358642578125,3358096,72.558122986927
2021-06-09,109.40892487249248,110.64095691156656,106.11676297536134,106.82366943359376,2776010,72.64270919908707
2021-06-10,107.04582399969694,111.08528905628928,107.04582399969694,110.64094543457033,2272968,76.452970134012
2021-06-11,111.6912073083826,113.9533101750588,110.055228913515,112.09515380859376,2711490,78.0169055333271
2021-06-14,113.50896597679044,113.75133634116702,110.68134048982412,112.49909973144533,1318318,79.66427311443455
2021-06-15,112.8626432025564,114.84197847426196,112.70106707725829,114.0138931274414,2014768,80.41336691965009
2021-06-16,116.61937607683336,117.14450167057528,110.03503979334968,111.69122314453124,5330098,71.65968670040749
2021-06-17,110.13600461344684,111.28725453969597,107.75272286193793,108.358642578125,1509256,66.3514930264707
2021-06-18,109.06557104027225,109.06557104027225,105.30887296876226,106.88426208496094,968928,65.42354464998782
2021-06-21,105.02609982262624,108.25767212486087,105.02609982262624,107.75273895263672,670798,67.35165632517516
2021-06-22,108.25766161490704,110.31779122307256,107.18720585920865,109.32811737060548,1195716,68.75462206883805
2021-06-23,110.5601635849252,112.2163343969768,108.37884259130487,110.19660186767578,1644778,68.31615908332581
2021-06-24,111.0852904713482,111.0852904713482,108.76259803422,110.07542419433594,618232,67.34240014656032
2021-06-25,110.03504047302516,110.03504047302516,107.44978495464808,109.20695495605467,537356,55.32720633792046
2021-06-28,108.86357799775782,113.9129090737206,108.74239898292208,111.75179290771484,1792900,57.473355355025
2021-06-29,113.50897755349544,113.50897755349544,111.22668207173945,111.71141052246094,961668,61.523852626156035
2021-06-30,112.1557626894426,113.08484719687912,111.0853067444899,111.54984283447266,547764,52.589251598897754
2021-07-01,111.08528190265504,112.07495570877506,109.7320587303472,111.12567901611328,297662,47.065986725351046
2021-07-02,111.08529333688917,112.62028518655654,107.97490019246844,110.3379898071289,925238,43.60809448956774
2021-07-05,111.00446249804196,112.74143936302492,109.10592187080783,111.61038208007812,1116722,42.78772916020875
2021-07-06,112.01437042696315,112.903057744491,110.66115938216268,111.71141052246094,790014,50.06989600657651
2021-07-07,111.89318500094944,112.55969428726628,108.6818052657828,109.06555938720705,482404,52.569806650872785
2021-07-08,110.60054003332176,117.95237081657498,109.20693208967528,116.70013427734376,8133120,74.64506959156859
2021-07-09,117.3464359316492,119.56814125909868,114.03407033064704,114.9025650024414,4294058,67.15115768328641
2021-07-12,115.4883301533972,118.29576394658008,114.7208340810256,115.54891967773438,1706410,65.61874219180692
2021-07-13,116.21541634634382,121.18395350923475,114.45824655496608,120.37606048583984,3728208,71.31984578352677
2021-07-14,121.18394491901807,122.39578436820824,117.99277016831094,118.69967651367188,3209692,66.95790998490226
2021-07-15,119.24503026498031,119.36620930282736,113.28681846390856,114.84200286865234,1019186,59.91471112312684
2021-07-16,115.2055667298854,116.86173780541029,113.58978044939596,115.00359344482422,917114,56.24520861710433
2021-07-19,113.50895746742393,115.6902659283506,112.0547477176502,112.6606674194336,747378,51.674948003257796
2021-07-20,112.98385888482056,113.63016352526122,108.92418852002908,110.9237289428711,757760,48.95341654036997
2021-07-22,111.81238287493504,113.36757931822063,111.4892306157319,112.68087768554688,427666,52.48869518547611
2021-07-23,112.70105796819853,115.04394241432831,111.8931650795376,112.741455078125,674418,53.93776366693125
2021-07-26,112.74147800827848,115.6095008118368,111.81239360087442,115.26614379882812,765660,55.753399919696776
2021-07-27,115.12475216721629,115.60949289680262,111.99416680126566,113.1858139038086,442902,52.184317600387196
2021-07-28,114.31684133015938,114.720787765955,111.9133551061887,112.07494354248048,1254758,54.67081464949056
2021-07-29,112.27694140257827,113.91291989562332,112.074968140352,112.70108032226562,502918,42.06736153401913
2021-07-30,112.55970072056115,114.316870632168,111.08529831747774,111.71141052246094,396792,43.46032819139504
2021-08-02,111.71141231254587,115.12476555562172,111.71141231254587,113.02423858642578,562938,44.96371267586256
2021-08-03,113.4080065205444,113.71096646672572,110.4995861062149,110.7621612548828,738724,28.63562735601616
2021-08-04,111.3680446990354,112.07495100877092,108.661598467918,108.90396881103516,590912,28.406093788314465
2021-08-05,108.98476413982364,109.42910776906062,106.35911180861434,107.14681243896484,652894,31.305229443841
2021-08-06,107.51035250996944,115.93263903046363,107.3083792712404,108.358642578125,4522754,34.640476540657346
2021-08-09,109.0655657824348,110.92372233162956,108.37885173355735,109.87345886230467,882560,43.30102962344933
2021-08-10,109.95423725821313,110.11581338541193,105.22805849097104,107.10640716552734,533156,41.258058023359155
2021-08-11,107.42957910564886,109.00496802681108,104.21819942493924,107.30838775634766,585802,36.75304422091832
2021-08-12,107.651729455666,110.03501105692084,107.49015334036298,108.19705963134766,1334928,39.23450493322655
2021-08-13,108.05568011241664,109.57047936632904,107.24778717699672,108.33844757080078,691736,31.49950225361141
2021-08-16,109.46950488580384,109.46950488580384,106.29852229723411,107.14681243896484,424488,33.069142505619
2021-08-17,108.13648549709708,108.64141863384582,106.43990522663368,107.30838775634766,320618,35.8852442127788
2021-08-18,108.06135761627075,109.07888452414524,107.47118704131046,108.08170318603516,253612,36.43927302959133
2021-08-20,107.3694458155934,107.3694458155934,104.60177729903212,105.19194793701172,323772,32.782145895350794
2021-08-23,105.6192945186757,107.69505192404856,101.7933957756062,103.80809783935548,383688,25.751204432310885
2021-08-24,103.0347789985898,105.21228920916576,103.0347789985898,104.37792205810548,317408,31.56021195305584
2021-08-25,104.8052677293301,107.2066286610678,104.56105879605558,106.47401428222656,254628,43.076635473387874
2021-08-26,107.2880392757414,107.2880392757414,105.2529854671006,105.51753997802734,163768,45.13599498548668
2021-08-27,105.31403264718512,109.0788821234613,105.0901817007725,107.81714630126952,804286,48.482016250286016
2021-08-30,109.38414384363296,110.17781980921714,108.020655287339,108.671875,266306,46.50213255890192
2021-08-31,108.67187757777909,112.74198535222772,108.5497793129389,112.02971649169922,819850,63.85541082190148
2021-09-01,112.3349737423778,112.57918269123176,109.91325466613256,110.25921630859376,161308,57.63069331269925
2021-09-02,110.62552493861394,114.3700290797242,109.7911578087388,113.9426727294922,857186,62.98147746574973
2021-09-03,113.47459497229843,113.47459497229843,111.11393753159535,111.50060272216795,294866,56.47167683056312
2021-09-06,111.92796495225694,112.33497573390152,110.25921826331754,110.80868530273438,163670,57.65089577053482
2021-09-07,111.15465124884965,113.14900167181804,109.77081702195224,111.62271118164062,326664,58.774850622384754
2021-09-08,112.90479270919288,112.96584184460322,110.29992609015356,111.62271118164062,378640,57.4359235629604
2021-09-09,112.66059710711276,112.66059710711276,110.70695001639402,111.60237884521484,228658,65.30613806324968
2021-09-13,112.4977834127951,112.4977834127951,110.95114733050646,111.5413055419922,234482,69.70952759295365
2021-09-14,111.88723178395296,113.4542253628466,110.27954707444864,112.05003356933594,440026,69.61489922386873
2021-09-15,112.31460185963084,114.96017127362994,111.74477697213918,113.6780776977539,714204,68.86987126734661
2021-09-16,114.47180309191104,115.79458837208422,114.00374309235455,114.91951751708984,935986,74.26471572736105
2021-09-17,115.40790214582888,115.9166656227916,112.1925194556212,114.04442596435548,529334,67.34690841453286
2021-09-20,114.5811959639648,115.15926073874472,112.764415557142,114.3334503173828,452752,66.28429455219586
2021-09-21,114.37472669418015,114.37472669418015,111.58761692816674,113.67278289794922,336116,55.59384759882225
2021-09-22,113.69343942671048,115.57215288254996,112.92956235314314,113.9205322265625,346064,63.90694930166191
2021-09-23,113.94119287029189,115.1592556272148,112.92957010867924,113.4457015991211,314226,47.50391049806823
2021-09-24,113.54893466365807,114.93216966064335,112.97086988008928,114.04442596435548,370642,65.68006320482347
2021-09-27,114.47797790318806,114.9941094536984,112.35151843525917,114.23023223876952,358580,72.4937880753117
2021-09-28,114.23021878963696,114.76700309948902,112.18634565077652,112.57859802246094,424392,55.6607268718487
2021-09-29,111.48440752153084,113.46634750378898,111.48440752153084,112.908935546875,368378,57.33018075442765
2021-09-30,113.13602837370166,113.4250670631784,112.10376534109488,112.908935546875,291388,57.463350687226466
2021-10-01,112.10373598353416,115.32439076150013,111.52567135683049,113.65213012695312,362494,61.18581709387892
2021-10-04,113.54892262482902,115.4069959041444,113.4044032940424,114.3747329711914,234810,62.046139382778925
2021-10-05,113.54896257508476,121.70384261456812,113.54896257508476,120.36190032958984,2388142,73.8567021696082
2021-10-06,121.76574574223196,123.45865964889526,117.63669358006156,118.9167022705078,2924840,64.06268201775931
2021-10-07,119.45347501938264,120.79541698341347,116.10895282049194,116.97604370117188,920624,59.59449977902235
2021-10-08,117.59540236175188,118.937344335266,115.840555165618,116.39797973632812,337712,56.63126424387979
2021-10-11,116.48056582119904,118.40057258620728,116.1502340825828,116.39797973632812,765498,59.141294584019
2021-10-12,116.0263431148953,119.65990326818311,116.0263431148953,118.07022857666016,845434,62.70538158261727
2021-10-13,119.32960062513652,120.40315664574356,118.19411134583156,119.65991973876952,1433898,67.81055141402453
2021-10-14,119.70121100737404,120.48572834129646,117.01732729599404,117.30636596679688,544044,58.494565889017856
2021-10-18,118.66894924779268,120.52702260532868,116.21217092445936,118.42120361328124,604046,60.410184609985045
2021-10-19,119.74249632403117,124.7799443131814,116.0676429225357,118.64830017089844,2028820,66.22511477956127
2021-10-20,116.4392625552547,118.35926915168405,115.6134521825224,117.30636596679688,384556,61.151793481121025
2021-10-21,117.30636578024014,119.7425038557529,116.29474303490538,117.7812042236328,548084,62.065395396008135
2021-10-22,118.25604035534508,130.89094131124057,117.63668258888812,127.58769989013672,5385446,73.81791457454838
2021-10-25,130.6844865162968,131.2625512350583,114.84957070102102,117.63668060302734,3786298,54.23818868211811
2021-10-26,117.47154327361496,120.32058696991918,116.06766794798794,116.8728256225586,910516,44.75476832986648
2021-10-27,115.6960505151074,118.46250799627454,115.6960505151074,116.4805679321289,368330,46.21795210425415
2021-10-28,116.1502060990914,120.40313642795768,114.89085051385844,117.32698822021484,1319664,50.563996201035174
2021-10-29,114.78764624734526,117.57475636306316,113.54893064035952,116.95539855957033,570014,50.901801826265356
2021-11-01,117.22377758886272,117.88442839425768,115.32441124867697,116.35667419433594,289662,49.93444514242622
2021-11-02,116.4392776489258,118.17348469681016,116.170891763171,116.43927764892578,188394,47.27401729351229
2021-11-03,116.43927452600626,118.09089544126876,115.81991668278282,116.10895538330078,298756,43.804054377865484
2021-11-04,116.7695584074424,117.45086190994688,116.4392393644844,116.93473052978516,46572,49.31502765566524
2021-11-08,117.6573639447132,122.2199622238716,116.19154264806087,119.35026550292967,880260,51.634034463213766
2021-11-09,118.23540951002424,119.99025665410272,117.67798495584944,117.88443756103516,368520,48.71261417205793
2021-11-10,117.96702791801415,119.41219620668002,117.47153660726744,118.02896118164062,265614,51.26905620978928
2021-11-11,118.0908780578071,120.75412143197455,117.7811991817814,118.2147445678711,271970,50.76921410886904
2021-11-12,120.56832896923127,123.04576038640724,119.45347979115496,121.41477966308594,1522664,35.693792628359375
2021-11-15,122.63287958109154,122.63287958109154,118.85479843740367,120.36190032958984,316134,60.74941347685147
2021-11-16,120.77480213062184,121.57997251850728,118.13221068964718,118.40059661865234,286572,55.50604419837246
2021-11-17,118.91670010683538,120.87799984818076,117.90507730516308,118.85476684570312,309178,58.51853190134643
2021-11-18,119.7012241810651,120.5476874667928,115.73733143553147,117.6986312866211,423522,51.30444935270262
2021-11-22,118.5038006700844,119.30897090662188,114.78765361074376,116.10895538330078,337490,47.26305688016355
2021-11-23,115.5721597723787,119.88702403372262,114.06505835411748,117.18248748779295,467830,52.59068882869104
2021-11-24,118.10387443881535,121.03553089651646,117.70600166429566,118.08293914794922,228094,54.90470969422231
2021-11-25,118.52266900056776,119.25558303149,117.68505296522808,117.93634033203124,226126,55.51339568308888
2021-11-26,117.2662488590663,118.94148098562438,112.65936051103154,114.9209213256836,451976,44.63324002218646
2021-11-29,114.33459647932082,115.77948934942944,109.72770797649105,114.60681915283205,452300,35.764341258505624
2021-11-30,115.9260769042077,119.75818124191944,114.941888094553,116.28206634521484,358890,45.250786236763766
2021-12-01,116.76367424398836,117.11966362749578,115.0884421154892,115.73760223388672,209136,43.36599388492688
2021-12-02,115.67477780369488,115.80041509465008,114.33458705547729,114.96279907226562,335462,40.89540672362461
2021-12-03,115.00470191610474,116.36582818311015,113.93673363800318,114.20896911621094,307054,26.623656914643433
2021-12-06,115.13033610985084,115.13033610985084,106.37724998609428,110.75379943847656,448000,23.033530546651292
2021-12-07,111.06789155967178,113.45508959525132,111.06789155967178,113.14098358154295,204844,35.582820546281255
2021-12-08,113.58074958315346,114.6905883722598,112.91065413921892,113.16194152832033,318724,34.01571672534807
2021-12-09,113.70639044433732,114.18801716626092,111.69611683065276,112.2614974975586,198048,34.51124943492019
2021-12-10,112.8268836842124,113.70638312647496,112.2196196933935,112.638427734375,158126,39.37970763021905
2021-12-13,113.83203928495264,116.0098465712572,113.07818979869836,113.99957275390624,443784,40.42833000122516
2021-12-14,114.31367713166624,114.33461242446856,106.12597102753568,112.09398651123048,155612,33.01669460495377
2021-12-15,112.40806787172735,114.66962858046952,111.0260065444422,111.61233520507812,417872,32.40098990981595
2021-12-16,112.15679983322578,113.03629936622292,111.00507760170792,111.90552520751952,248362,40.110021549890476
2021-12-17,112.47091750684145,112.72220493949672,109.1623358564076,111.5914306640625,506096,40.11004162343917
2021-12-20,112.24055152691868,112.24055152691868,108.24093997110468,109.39266204833984,355364,28.1541456919292
2021-12-21,110.56533242549396,110.9003737749861,108.68069607733212,109.99993896484376,294828,31.878429208604345
2021-12-22,110.56531505928348,110.87942106797465,109.7276990361071,109.95803833007812,90458,33.425891208534665
2021-12-23,110.14651895749076,112.19867587996494,109.72771090061818,110.02088165283205,152990,35.465239123838415
2021-12-24,110.41874142825746,110.41874142825746,108.15718048164814,108.596923828125,178180,41.28600649266588
2021-12-27,108.86915172826048,109.62300106443848,107.21485490925023,107.7593002319336,348218,25.145486295606887
2021-12-28,108.05247846762911,110.1674540384103,108.05247846762911,108.596923828125,207944,30.39593047790538
2021-12-29,108.68069055174324,109.9789980817806,108.32470114787704,108.596923828125,315480,32.94371731745893
2021-12-30,108.89007385767634,109.70675452401098,106.58662998761012,106.94261932373048,364572,26.306886595268395
2021-12-31,107.48708490792806,111.40294278378518,107.48708490792806,110.67002868652344,363286,38.4280177680481
2022-01-03,112.11492460690482,113.99956090770893,110.60721301005997,113.72732543945312,345404,55.25596966300019
2022-01-04,114.12519682062732,114.12519682062732,110.98413635767427,111.57046508789062,230734,49.87837752785482
2022-01-05,111.6123503966098,114.12519881079238,111.6123503966098,113.05724334716795,320244,53.12852315834151
2022-01-06,113.07818004910898,115.54914513101753,112.24056390059704,113.76921081542967,305820,55.7905481998638
2022-01-07,114.25082015313568,115.1512676005246,112.68029011374504,114.35552215576172,140398,64.43350300211677
2022-01-10,115.17221653922576,115.17221653922576,113.0991115291166,113.87390899658205,326504,61.34963894858107
2022-01-11,113.28758427242272,116.61711358063285,113.28758427242272,113.95767974853516,390450,61.689143057945714
2022-01-12,116.59615553395932,116.7846242639648,115.13032739704998,116.40769958496094,520466,66.38020536770557
2022-01-13,117.4547271194598,117.4547271194598,115.13033468658637,115.40255737304688,185648,67.83753475410576
2022-01-14,115.96795081785436,116.32394022984484,114.75340998371732,115.40255737304688,177952,70.95294764780076
2022-01-17,115.0884780883789,116.1773818684604,114.5230972930964,115.0884780883789,167686,68.32162438367061
2022-01-18,115.63289070617142,115.63289070617142,111.7379686594632,112.1358413696289,490124,58.56126622864867
2022-01-19,112.9944171597678,115.17222433227238,112.24056771290545,114.48119354248048,409614,67.64710504865343
2022-01-20,115.59100745061215,117.47564344165474,114.669624742589,115.8841781616211,556172,63.696350720721355
2022-01-21,116.34485682459236,116.34485682459236,112.86875555082815,113.37133026123048,215952,49.037349462713905
2022-01-24,113.07817535559887,113.07817535559887,109.3298381341862,110.02088165283205,346742,46.0638407141044
2022-01-25,110.14651435377392,113.91578670808558,107.84307013725014,112.47089385986328,233562,48.580074109437824
2022-01-27,112.47089620328056,113.91578908160832,110.98413274494926,111.86363220214844,197872,45.36185852487465
2022-01-28,112.2405474098157,114.69057684044762,111.86362275456608,112.21961212158205,200218,44.74228445954222
2022-01-31,113.49697879325862,115.38161497248248,112.785000013149,114.9418716430664,257138,52.367694618476044
2022-02-01,115.57007561102876,116.59614756816028,113.49697084663065,114.35552215576172,415178,50.862797551485585
2022-02-02,114.92092769001503,115.381619106533,112.8687707775341,113.16194152832033,329812,42.55523706526952
2022-02-03,113.62261044301796,113.81107916397173,110.3559130071998,110.83753967285156,444814,40.12678588636593
2022-02-04,111.40295033017632,111.77987504952787,110.0208887655512,110.27216339111328,233464,39.1688757327447
2022-02-07,110.90036436969793,112.19867185563692,110.5862583383098,110.96319580078124,159310,41.427280865000974
2022-02-08,111.82175114771364,112.17774055213822,108.05247863711656,110.23028564453124,115480,45.63762327886406
2022-02-09,111.82174103792391,112.49183642431504,110.56531698131803,111.25634765625,342488,42.14276552674084
2022-02-10,110.81661247529074,112.1149199851928,108.76445558854611,109.3507843017578,275642,34.462121539270456
2022-02-11,109.35077446695328,109.72769912147469,107.04733040142617,108.7016143798828,258900,37.81415334039707
2022-02-14,108.42939410199884,108.42939410199884,105.68620667631257,107.2567367553711,254824,41.990231806673556
2022-02-15,107.80119529436342,108.40847211183004,105.7490382955232,107.63367462158205,172618,34.0689802121108
2022-02-16,108.17811030890552,109.28796182626418,107.25674030067314,107.59178161621094,103630,35.386783589101185
2022-02-17,107.59177788476904,108.5550440002948,106.37723718180796,106.6494598388672,223172,31.68042805245068
2022-02-18,106.37725279452263,107.52897501966018,104.70202046704983,104.9742431640625,258032,14.792863052201326
2022-02-21,104.97423175969864,105.9584332013673,102.92207493769176,104.66012573242188,176616,15.082927000829315
2022-02-22,103.86440249743217,105.43493277713122,102.9220843296127,105.1208267211914,224780,19.42677062296623
2022-02-23,105.1208171211828,107.00545328470996,104.49260506667372,106.5238265991211,212200,32.36303132503967
2022-02-24,104.51355871096186,104.61826073203264,101.79130616312136,102.46139526367188,395812,25.166438732644835
2022-02-25,101.77034849883098,105.53962066545436,101.77034849883098,103.04771423339844,308422,24.6648179477463
2022-02-28,103.02678127502485,103.02678127502485,100.5558163128416,101.20496368408205,640000,23.02872805587576
2022-03-02,100.5348749695214,101.56095342707565,100.0323065811789,100.55581665039062,373352,17.285560339800668
2022-03-03,101.35154791936024,104.61825198163868,101.18402725586029,103.4665298461914,325966,33.05186834417637
2022-03-04,102.60795692889909,105.51867116367954,101.8750429508355,104.0947265625,686528,36.714954800828
2022-03-07,103.02678487648978,103.4455929450934,101.39343596513729,102.56609344482422,209450,36.53845311715874
2022-03-08,102.48232088726876,103.44558060828052,101.22589683129776,102.62890625,207716,35.373234100943904
2022-03-09,103.1524131608998,105.09986783269298,102.8383071563846,103.82250213623048,166648,39.678837655204916
2022-03-10,104.34603975568128,106.16785762015807,103.50842352199167,104.57638549804688,283976,44.264249557768665
2022-03-11,103.906280183534,105.07893761589736,103.86439682216228,104.55542755126952,136974,48.72446549306799
2022-03-14,104.70200462842692,105.26739800962172,102.39856052660154,103.04771423339844,218544,45.42210900710049
2022-03-15,105.95843028706592,108.05247041131622,104.8276498980714,105.41397857666016,1156648,50.751039070294006
2022-03-16,107.047345514307,108.89009847068624,106.25160634502652,108.28282165527344,477632,54.191624060472975
2022-03-17,110.33498932896536,110.56532865125236,108.97386312397836,109.68582916259766,588266,69.71428761776991
2022-03-21,110.98413117866538,110.98413117866538,109.43453631018303,110.3349838256836,523074,69.81779341178091
2022-03-22,110.98413290693304,111.27730365342975,109.2670173510394,110.81661224365234,597226,78.22878658732778
2022-03-23,111.73799932622444,112.55468025817584,110.6491084583016,111.29825592041016,697246,81.86334655963127
2022-03-24,111.29826190666184,114.4659014200196,110.37167687747058,113.56085968017578,395968,81.13815803718268
2022-03-25,112.48341453120392,114.5951694915818,111.4275304749204,114.2072982788086,555230,81.1593616900235
2022-03-28,112.26791695862995,113.08675902002118,109.46660617079466,109.74673461914062,313118,68.73949466056976
2022-03-29,110.3070110957053,110.75953189922848,108.6477769175799,108.94945526123048,222468,65.8859033453999
2022-03-30,110.22081008159428,111.38443679787648,108.17369826189702,109.05718994140624,450972,63.91633014422966
2022-03-31,108.604658203125,114.07799346074462,108.604658203125,113.12985229492188,721222,69.32856210890145
2022-04-01,112.13862830021824,113.3237982208877,111.6214579830511,112.72042846679688,196584,68.13238945322077
2022-04-04,113.25915697211587,113.66858462310324,112.13864305777224,112.82818603515624,216268,73.16000297732393
2022-04-05,113.34534679529403,115.414001856158,112.61269100380282,115.02613067626952,417694,72.94432683888395
2022-04-06,116.34060664029566,116.34060664029566,112.31102585502336,113.30225372314452,605678,62.67423272487132
2022-04-07,113.97027567179006,114.6167321120108,109.94069456397622,110.47940826416016,640338,51.86974753662703
2022-04-08,111.03965341812784,113.08676526066884,111.03965341812784,112.39720916748048,275506,54.58471909563494
2022-04-11,113.99181112588636,116.25440851118276,113.77632566062005,114.91839599609376,798622,58.36083062611099
2022-04-12,115.93116227844804,123.62399482215793,115.5001914149594,119.6590576171875,6004568,64.52093773180339
2022-04-13,122.30956652837102,123.68867901167742,115.5433296096394,117.11637115478516,2573542,56.115670029820635
2022-04-18,117.9998288177671,119.98229761607092,116.53453036760804,118.8617706298828,1125836,57.71429915402954
2022-04-19,119.78837628341796,120.62876171282387,115.19852531773762,116.36215209960938,388974,61.72660321568181
2022-04-20,116.94396549054524,119.120363444866,115.09078258431204,116.36215209960938,324826,63.522081727847926
2022-04-21,116.66383659646924,119.91766187339832,116.66383659646924,118.40926361083984,335812,65.93253820224402
2022-04-22,117.95674938586546,119.70217640013124,117.09480752159809,117.84900665283205,269216,59.132702643564066
2022-04-25,116.362152097068,117.6119651743394,115.6079529631055,116.08202362060548,182874,56.180736726547
2022-04-26,116.6638268982703,118.84022466387772,116.64227046214084,117.28872680664062,159488,57.88274283187229
2022-04-27,115.93118451869172,117.65506830335627,115.47867028609308,117.15945434570312,206352,54.06743985442003
2022-04-28,116.44836637941528,117.9998514166069,116.03893867937312,116.46990966796876,111290,56.28750893854198
2022-04-29,116.79311703817898,117.52577284874036,114.8106482144733,115.65104675292967,284684,61.15245996524567
2022-05-02,114.29350361215032,115.4786737496541,113.08677703537796,115.1985321044922,164538,56.44847942861742
2022-05-04,115.1985222893012,116.06046413404628,112.1601825474504,112.95748138427734,222442,45.4271136128864
2022-05-05,113.34535894229758,114.63827178194356,113.00058744593446,113.84097290039062,191734,33.455836411096556
2022-05-06,111.7507455539472,112.48340132151414,111.12584566014029,111.7292022705078,142276,34.296330924467824
2022-05-09,110.1561597530188,111.233586954922,109.2295684137258,110.3931884765625,209830,24.71037527271929
2022-05-10,109.31578054839149,111.6214777974249,109.14339479613072,110.97502136230467,258822,31.831426165965667
2022-05-11,112.91437815017558,114.20729087708598,106.44981451562354,107.1178207397461,424404,25.259528570909282
2022-05-12,105.58787601805456,107.5272451694066,105.58787601805456,106.2558822631836,171126,15.270966031575384
2022-05-13,106.60066116299066,107.89357394082634,105.32929167057668,106.04039764404295,216964,15.577915821929423
2022-05-16,108.38918939213455,108.38918939213455,105.60942819610388,106.492919921875,158542,19.727931134977
2022-05-17,107.03164194191598,109.20804005741589,106.34208576648756,108.77706909179688,289322,24.840878093135018
2022-05-18,108.60468060401868,109.89759346835224,107.82893157019956,108.36764526367188,111484,24.43617429082545
2022-05-19,106.01884694057723,106.98853151625326,106.01884694057723,106.2558822631836,345956,22.569510892303853
2022-05-20,107.26865562313291,108.58311819859036,106.0188426290814,108.216796875,210476,31.188706374382647
2022-05-23,109.94067241368596,110.09150827369082,107.24710445545269,108.8847885131836,123602,34.19631927615356
2022-05-24,109.05717872423354,110.54402689354794,107.89355870373068,109.14337158203124,164896,39.401175972242015
2022-05-25,111.19049652099608,111.19049652099608,106.88078735351564,107.74272918701172,523748,33.527370059760756
2022-05-26,107.7211831323518,108.36763953031682,106.01884926626283,106.492919921875,256568,35.16488457085744
2022-05-27,107.31176355108325,108.00131968225097,106.8376928888936,107.22557067871094,88046,40.708022433989356
2022-05-30,107.65652809519928,108.62621258381,105.63096625643122,106.19122314453124,434106,36.32999073000957
2022-05-31,106.19121511190028,107.26864223996785,106.06192911740682,106.29895782470705,335570,47.02187381379961
2022-06-01,106.29896383020744,107.39794087814316,105.1137939223754,105.28618621826172,451546,46.511580673882484
2022-06-02,105.56631465694818,106.44980626709626,104.12256616942716,105.28618621826172,313110,47.24404487766371
2022-06-03,106.01886377210012,106.40673503351108,104.72595079926964,105.32930755615234,303666,45.61691698705109
2022-06-06,105.3077453995261,105.37238840614738,102.98049851974604,105.1353530883789,285182,33.71865600724762
2022-06-07,104.9414097342054,106.105029800023,104.07946797047477,105.73870849609376,133796,38.44691508693827
2022-06-08,107.65653171332995,107.65653171332995,104.85522087430785,105.8249053955078,271264,47.695821895178156
2022-06-09,106.01885345547552,107.57035150233504,105.20001128280204,107.35486602783205,205838,45.16915545848028
2022-06-10,107.13936894360272,107.13936894360272,104.55354352976931,104.7259292602539,184754,30.891221831632805
2022-06-13,104.25188713318624,104.51047237568817,103.43304482542332,103.60543060302734,200080,26.42221467192725
2022-06-14,103.45456906516716,104.29496103098307,103.00204829092958,103.19598388671876,223776,28.857824206092346
2022-06-15,102.78656281851045,103.43301918843818,102.61417708363408,102.91585540771484,119490,31.71815134006259
2022-06-16,104.29496639335258,104.29496639335258,99.98525703825536,100.4593276977539,232878,20.599399433645857
2022-06-17,101.79533125666508,102.7003728303753,98.19672797550024,98.56304931640624,1105894,19.163924900908043
2022-06-20,98.90782864583818,99.10176424953268,97.4856232585876,98.23982238769533,154824,17.9796697470632
2022-06-21,98.23982323172925,100.30848503313088,98.23982323172925,99.96370697021484,71604,29.983932700970342
2022-06-22,99.94216704138964,100.43778761112011,99.1879678308433,100.20075225830078,64330,31.21038032631614
2022-06-23,100.179187962618,100.20073782360537,99.1233105351795,99.7051239013672,90532,29.89218521470491
2022-06-24,100.22228532683113,100.22228532683113,99.12330820327166,99.46808624267578,123284,29.80038048662695
2022-06-27,100.22227860122072,100.4162141803417,97.85193878151308,98.64923095703124,392668,25.11355455760848
2022-06-28,98.86473315627693,99.55428930571549,98.00279125752614,99.10176849365234,116538,26.991306872568273
2022-06-29,98.56304471125172,102.95894662939538,98.17517352698091,99.46808624267578,115756,20.67315766777874
2022-06-30,99.94216191498528,101.68759559936754,98.47686329723678,101.21353149414062,190818,36.020706420775895
2022-07-01,100.84719721882487,101.3428111559155,100.09299809432513,101.17042541503906,59608,39.399623893085206
2022-07-04,101.6875789834014,103.43301238257612,100.8256372135466,102.9804916381836,158942,49.16385682694836
2022-07-05,103.47612060140897,104.1656701282786,102.01081552663403,102.4848861694336,98012,48.355275417412045
2022-07-06,102.4848750404114,102.4848750404114,100.71789182850507,101.68757629394533,103244,55.367119380225446
2022-07-07,101.70912843671216,103.38991225077964,101.36435041492828,103.0882339477539,158586,70.66912738908121
2022-07-08,103.60540088784056,103.648500607928,102.65726623076227,103.10978698730467,106060,72.87431518532634
2022-07-11,103.10979376512238,103.43302195874344,102.01081659159183,103.04515075683594,140102,67.14618177989743
2022-07-12,102.57107134862564,102.78655679263537,98.69233335645072,99.94214630126952,402590,48.90899774306465
2022-07-13,100.3731337097642,101.88153206610042,99.68358412109605,101.2781753540039,7099240,56.196940707038394
2022-07-14,101.27815241625376,102.14009413894529,98.73542696475116,100.9980239868164,1527772,56.00669287423363
2022-07-15,101.49364872794412,102.14010508926862,100.09299327840776,101.29971313476562,677648,60.846531772416604
2022-07-18,102.14011190236072,105.84646458495176,101.5582985079221,105.3939437866211,513426,69.83686554010632
2022-07-19,104.33806227809924,105.02761180388524,103.67005603742032,103.92863464355467,106868,63.151137090087666
2022-07-20,104.29495835062978,108.23833947601142,104.29495835062978,107.54878997802734,636226,66.81911814449403
2022-07-21,108.13059114293192,108.28143358134344,106.01883646173329,107.01007080078124,197178,65.1058256818811
2022-07-22,106.90234471901442,110.75953337946154,106.25588829851174,109.96223449707033,399212,67.05258603243959
2022-07-25,109.96222337893126,110.22080855142502,107.80736886179685,108.60466766357422,141168,64.3433438882018
2022-07-26,108.60466671414112,110.65177848752276,107.33330387536502,109.98377227783205,182176,68.9281478214158
2022-07-27,110.63024524139306,110.63024524139306,107.78583441511798,108.2814483642578,104938,61.687670137730976
2022-07-28,109.01409472138444,113.84096779086592,109.01409472138444,112.6342544555664,2066418,67.93827602211113
2022-07-29,113.94870329889432,115.06923026903036,112.20327641523932,113.36688995361328,908950,68.96270815456526
2022-08-01,113.92717188769755,116.34061180900233,112.93593082334928,115.04769897460938,414286,79.28148434512092
2022-08-02,118.45236680807294,118.45236680807294,114.37968611885933,115.04769897460938,388208,78.14971075095555
2022-08-03,118.51701156573388,118.51701156573388,113.3453601519564,115.17698669433594,300370,79.1666575118621
2022-08-04,117.60521270262603,117.60521270262603,114.3019464800911,116.97081756591795,249452,80.37160222964869
2022-08-05,116.70828656172372,117.14580591153336,110.3642559894838,116.27076721191406,265982,74.27346314849252
2022-08-08,116.27077962559515,116.57704854397318,115.1113558952196,116.24890899658205,154508,79.38812880786152
2022-08-10,116.57705139894983,117.69272054658958,115.70201258447707,117.51771545410156,216614,76.78384090159037
2022-08-11,117.78021856257264,118.61150268682216,115.92076125873729,117.12393951416016,239562,77.38656426389535
2022-08-12,116.79578593609403,119.00525312574166,116.183248216323,118.480224609375,224934,75.24725562984827
2022-08-16,118.98338500777145,121.10534303872228,117.9114573276174,120.79908752441406,407302,84.19551652474401
2022-08-17,122.067890085981,123.3804480438948,119.85842286430484,120.51470184326172,497904,81.46243772748159
2022-08-18,120.31783221023092,120.7553516000863,118.13023526095398,118.69900512695312,227580,80.91429984187974
2022-08-19,119.1365313513045,120.3178391124949,117.99899155404908,119.7490692138672,309120,76.26100576329449
2022-08-22,119.74906864393589,123.81799384283426,118.17399608718938,122.94295501708984,882796,79.91099769892315
2022-08-23,122.52731453632018,124.7805503469143,119.88032724990047,122.11167907714844,480196,73.301060299034
2022-08-24,121.6303602602086,123.81795666776632,121.23659557725398,122.35226440429688,248046,73.71819898807539
2022-08-25,122.08978484126736,126.6399973429746,122.08978484126736,125.5680694580078,750396,78.10654062424683
2022-08-26,125.76493664552164,128.21503420987537,124.5617584890146,127.05561065673828,695582,77.73766526128311
2022-08-29,128.63070538994444,132.45900019321658,127.20876732015763,130.46829223632812,3505288,83.97917387919189
2022-08-30,131.2558057266138,132.32773348086022,129.06820896450358,130.14013671875,672668,82.76571844838054
2022-09-01,129.85575097926076,132.96214135139405,129.72450050169084,131.23394775390625,608462,82.6222590293892
2022-09-02,132.1308740076805,137.66549238428416,129.92140612419348,130.643310546875,1713518,81.85574757173342
2022-09-05,131.1245366663401,132.13082569339204,129.98698384095806,130.81826782226562,357034,80.78608289618064
2022-09-06,130.81828871730525,132.98401489139755,129.61511047659425,130.9495391845703,790324,78.43143707789005
2022-09-07,131.2558294706805,134.75598492323198,130.94956052776888,131.67147827148438,962122,80.50248531028312
2022-09-08,133.28719195516533,134.57092505152613,132.20265113579782,134.0397186279297,504588,90.7113076774807
2022-09-09,134.72586138417014,135.72186329655807,132.6453186524147,134.0397186279297,401692,90.16306198362346
2022-09-12,134.26103736688728,136.20878502942563,133.17651017798286,134.70370483398438,438400,88.5323268050643
2022-09-13,135.0135727479807,135.0135727479807,131.42796368792793,132.42396545410156,631860,80.85783114046302
2022-09-14,130.5869245928536,132.9109291830654,129.25892196987542,132.13626098632812,280742,79.19468343180179
2022-09-15,132.80027751681172,132.91094441474235,130.58693955819817,131.14027404785156,210058,69.16605260561329
2022-09-16,131.53866389778037,133.4642705023794,125.7839855676612,126.58079528808594,895086,48.6517506768868
2022-09-19,126.51438967571032,132.3576071684074,124.56665501452548,131.1623992919922,583508,51.84824025294916
2022-09-20,132.09200173352895,132.933067424553,130.94106333621818,132.35760498046875,266390,55.643974877002634
2022-09-21,135.01360734736818,135.01360734736818,129.74586602482387,130.7197265625,237004,48.72645837521786
2022-09-22,130.01146990304085,132.62320584794844,127.93092693334007,132.2248077392578,336820,53.74707793358115
2022-09-23,135.4562488557834,135.4562488557834,131.00744608623452,131.49436950683594,1028756,51.56081906982806
2022-09-26,131.4722417409105,132.7781162123632,127.93090189603748,128.3292999267578,514804,44.69422915541472
2022-09-27,129.25895670840617,135.2570980972102,129.25895670840617,134.5709686279297,1151326,54.79856099483883
2022-09-28,135.81039890674418,136.917067781503,131.98132730190702,133.59706115722656,895256,49.23197077200042
2022-09-29,135.4562735106192,146.34589820055618,134.03973191338736,143.38002014160156,8239606,62.098614242751026
2022-09-30,144.7522966007467,145.9475044534006,141.01175019930292,144.5088348388672,2720006,62.549590871647084
2022-10-03,146.08030503096558,158.89553719415738,146.08030503096558,149.26751708984375,9936608,70.2717086495224
2022-10-04,151.56936437104082,155.7304365830121,148.86908965068304,152.7645721435547,2708660,73.04641991253285
2022-10-06,154.0483425785059,159.31608492462016,153.22940472216482,154.02621459960938,3621622,75.4178166531487
2022-10-07,154.51308933925966,166.2880478358494,153.95975495040807,161.21951293945312,10732344,86.34450707283077
2022-10-10,162.4589828512747,168.1472632905385,159.8915165913414,165.6461944580078,5810422,86.29996781088994
2022-10-11,166.44296310074594,166.68642479737085,157.89948662183653,158.76268005371094,2543114,74.82300970007543
2022-10-12,159.36029058549593,160.3120229524426,150.08640160471208,152.36614990234375,2822984,68.67831150233863
2022-10-13,153.11867620198495,171.24591462417527,152.7202781781307,168.3685760498047,11727474,74.94645720241199
2022-10-14,173.1936770606655,179.23608635085787,168.10300029083123,171.40087890625,22493092,76.69526273466819
2022-10-17,171.40087394005698,173.17154406956527,164.05259020076946,167.94805908203125,3758182,76.40113500919303
2022-10-18,169.49742148952632,174.25609819377564,166.3102228721661,171.82142639160156,3216610,75.63198902670834
2022-10-19,172.3304663920742,173.79127736662105,167.3283286380328,168.10299682617188,2273968,72.87933382072302
2022-10-20,167.7488442436061,168.58990974021052,164.67229990357978,165.6904296875,1392102,66.39551894202825
2022-10-21,166.3544806133367,167.1955598704445,159.80300546071004,161.5072784423828,1140448,61.955164885355934
2022-10-24,162.81312091995355,163.34432738828758,162.25978647758132,162.87953186035156,291048,60.05228993259913
2022-10-25,163.54353935584788,170.16141143059062,161.1309956925092,169.2982177734375,2432816,61.70479329308406
2022-10-27,169.29818928931215,169.51952303736505,158.91763110197562,160.1128387451172,2214302,53.87429352877702
2022-10-28,160.6883164123671,166.5093918395268,160.44485466994422,165.93392944335938,2795192,53.054201489279585
2022-10-31,165.55767166216174,172.19768523149978,162.5696655559596,170.95822143554688,2138350,53.41491699039135
2022-11-01,170.42699524112274,172.0206010153354,167.35045057272416,169.4973907470703,1339440,57.418174532877806
2022-11-02,169.541656919744,169.98432443128382,165.1592512573281,166.3765869140625,801778,60.140968147092124
2022-11-03,165.5576499901304,184.592353063862,164.27391690326496,181.3608856201172,10419624,59.54470879056084
2022-11-04,184.2382288356152,191.6750378328645,176.55794459475655,178.48355102539062,16918928,55.21510965021678
2022-11-07,179.19180931126493,184.99075660984573,173.87979899362892,182.46755981445312,6107392,60.60801051670726
2022-11-09,181.67077632743607,186.296658048968,179.2803740420375,181.3387756347656,3476142,57.243927961283866
2022-11-10,177.95236282486528,181.18383067648583,165.11500331759888,168.45713806152344,3686864,50.23655111752542
2022-11-11,171.60006865086106,172.5075452105519,161.1309840639208,162.25978088378906,3047752,47.81876092045687
2022-11-14,163.07871355529423,167.9037868773603,159.36030904604792,161.33018493652344,4631196,49.8825427282958
2022-11-15,162.45898035472024,167.32832309014782,159.82510319871906,166.3323211669922,3531322,52.18486067532724
2022-11-16,166.4430105102191,173.9240899297276,164.6723401856423,171.5779571533203,5073138,51.46431532024406
2022-11-17,171.4211899990251,174.17557085394893,169.74168781092231,172.5856475830078,1990246,58.95192699839101
2022-11-18,172.227337437799,174.64583140855893,171.15245882180747,172.65281677246094,1255826,55.25639314610522
2022-11-21,171.1748547662566,173.8844459455423,168.84593978485367,170.21192932128906,904442,49.39155847564803
2022-11-22,170.2119445849933,174.13078306139397,168.93553384408193,170.99571228027344,1061986,51.235196858634524
2022-11-23,171.57794792152157,174.62343978479686,170.5254571399492,172.56324768066406,2263296,55.23425157053753
2022-11-24,173.41421444862598,182.7298483069484,172.67522251018383,176.4149169921875,5697396,44.84421411004282
2022-11-25,176.50447782497287,178.22876939157968,173.90683969398168,175.00411987304688,1864896,46.258570595057066
2022-11-28,174.26515691175825,177.53458250476933,172.72000936826052,173.4365997314453,1814432,39.75668153124417
2022-11-29,173.6828799950174,176.32530718566073,168.24129670907396,169.20420837402344,1151482,37.14171885696696
2022-11-30,169.51774224781238,170.18954307574293,163.02366757781692,164.45684814453125,2290038,44.87819039800631
2022-12-01,165.57654882905229,168.55486368639004,164.8151689401875,167.3008270263672,1227788,57.06065447781035
2022-12-02,166.83054085729967,169.9208219678032,166.6066072454107,167.56951904296875,824976,58.903859026278624
2022-12-05,168.39807649992815,168.42046439403563,164.81513870205734,165.3525848388672,611152,48.48112524660898
2022-12-06,164.81513448364797,168.26371749296206,164.4120567252688,166.2930908203125,795270,40.54481255825051
2022-12-07,166.31550000508383,168.86833503704815,165.1062530066953,166.49464416503906,629252,38.778870836983
2022-12-08,166.60664012340598,167.52476264620307,164.1881593713088,164.54644775390625,504644,36.03400258573597
2022-12-09,165.37498141517602,167.68149501008293,162.84453419614567,163.44915771484375,733162,37.78321964762483
2022-12-12,163.80742501516366,167.14404105334634,161.56808906143618,165.19581604003906,792632,39.874865611591126
2022-12-13,167.0544434134231,172.04815929664093,166.47222159787714,171.51072692871094,1921270,48.42382546685642
2022-12-14,173.05588367508977,173.9964075304404,167.9502003189579,168.68917846679688,1209896,38.06221341144827
2022-12-15,168.8011390822053,168.91310587831552,163.91938950536402,164.30007934570312,752678,34.85419000251315
2022-12-16,162.66539495235097,166.60662138904823,158.99287793847344,160.26930236816406,948666,32.58289218626754
2022-12-19,161.0082659746939,162.79973485897423,153.19297749989184,155.02923583984375,1898898,31.7368466786957
2022-12-20,155.52187284856458,155.9921279040883,148.02009784435015,152.58834838867188,2828778,33.74227050635916
2022-12-21,153.32733136224184,155.9921328748266,148.28882560184277,149.1397705078125,1423118,25.527940885589402
2022-12-22,149.54289003256125,150.90889351009594,143.11599148829262,146.5645751953125,1014120,23.352231855598973
2022-12-23,145.6688260013108,145.9823385497653,138.63730456732313,139.24192810058594,1007666,20.673988852198747
2022-12-26,136.8682333782795,142.399396610739,136.8682333782795,140.31680297851562,1150636,20.912698900876592
2022-12-27,141.7499935125849,142.78008278504095,137.56243172896416,140.6303253173828,1906994,21.110520269832662
2022-12-28,141.3468978437576,151.8269880936484,141.05578688333733,150.46099853515625,4788798,36.6226737957995
2022-12-29,148.69191456330128,154.24546526523355,147.93053483485411,152.83468627929688,1948382,40.15777442863506
2022-12-30,153.6184207519891,155.6786122186701,150.7968633889784,151.9389190673828,1005094,37.51051567187309
2023-01-02,152.76751171449655,154.24546807567896,152.11809877735172,153.46170043945312,1026404,31.30800847638416
2023-01-03,153.17059258016235,154.91727204268727,149.99073251525516,151.0880126953125,892340,31.601150209236252
2023-01-04,151.58065921462585,152.6779256532629,147.3930981636169,148.42318725585938,1275484,32.78292052372613
2023-01-05,149.18456987341662,151.62543795885998,148.46797960630735,150.237060546875,703558,38.571431054652535
2023-01-06,150.70732384927783,151.78220247451932,148.3784087714019,149.7667999267578,453950,43.27419963172587
2023-01-09,149.9011574168778,151.3343242572337,149.61003280240683,149.99072265625,285772,46.48059175707859
2023-01-10,150.23708250775502,150.48340404128805,145.55686402803158,145.87037658691406,383672,45.64963239847558
2023-01-11,146.25105117436786,148.24406598786007,141.92913476357367,147.05722045898438,1658590,50.6806802839267
2023-01-12,147.84098599803764,150.6625442830018,145.2881371361564,146.16148376464844,893990,61.62528378735893
2023-01-13,146.16146587693532,149.2965363289151,145.82556547136608,147.10198974609375,574582,61.45123758883147
2023-01-16,147.6394198545285,150.8864570569058,146.69889600027545,149.99072265625,769660,64.53403602311826
2023-01-17,150.70732421382084,150.75211367077742,146.22865187462855,146.76609802246094,763604,42.78215582977084
2023-01-18,147.14679031712433,153.17061073874586,147.10201452309798,152.49880981445312,2845012,49.41999504629605
2023-01-19,152.27487669477964,154.49182521967182,151.13282058669873,153.01385498046875,741696,51.88097525444311
2023-01-20,153.08098979183725,156.57436183986732,152.29722226198592,152.99142456054688,1236354,49.13148455834778
2023-01-23,154.0439281708594,157.178998555875,152.81229337674614,156.28326416015625,837182,59.279985870532215
2023-01-24,156.30566397417127,157.35815470297746,153.61846058206515,154.73812866210938,537656,61.75003577342137
2023-01-25,154.96206314603248,155.02924049764673,149.31893325743889,150.6849365234375,496436,50.769246897014426
2023-01-27,151.35672423300448,153.08100200195324,143.76536979981086,150.393798828125,797276,51.08356569613117
2023-01-30,150.0803132537594,156.66395341071046,149.22936824041756,155.38754272460938,810802,58.006669998949604
2023-01-31,155.76823812536082,163.4715609869441,154.87250354461045,161.8816375732422,1432436,72.19115309555372
2023-02-01,161.68008911312063,163.29241406498818,149.78921822026896,152.49880981445312,1422492,56.145666531329425
2023-02-02,152.29723579993075,155.40991830516012,148.04249740252723,148.42318725585938,717436,52.38316658579306
2023-02-03,149.16214388584004,149.1845454432884,145.80314037241183,147.81854248046875,409438,50.76041686907747
2023-02-06,148.33362631798855,149.296538091759,146.8332684218323,147.8633575439453,299926,47.59738484959507
2023-02-07,148.62474712521615,150.70732706882842,147.10200123460845,148.1768798828125,599870,51.705459158959634
2023-02-08,149.0054484843783,150.70733866938414,148.691935923434,149.25177001953125,313780,45.57659464430331
2023-02-09,149.76678219775704,150.19226148571332,147.34830216030124,148.0872802734375,219496,43.40527450584699
2023-02-10,149.47569598929536,151.62545334088824,147.01242609284256,147.88577270507812,566006,43.19817113083017
2023-02-13,151.55825838335156,151.55825838335156,147.3483094192239,149.7220001220703,706362,40.90629357851714
2023-02-14,150.1474882043595,151.0208347661897,147.5274621866919,150.1698760986328,333408,43.469930730684624
2023-02-15,149.8115920918339,150.88647073650657,148.9158576099694,150.0131378173828,283196,48.91931709343009
2023-02-16,150.14750871777272,153.59609231205215,150.03554189546267,152.61077880859375,579754,53.31996135562422
2023-02-17,152.31443996858792,156.59984787009978,152.31443996858792,153.40858459472656,473488,46.6105260737006
2023-02-20,155.0042260079389,156.69104226785302,150.05776483659525,150.6504364013672,672896,27.940628195553174
2023-02-21,151.01513950520228,151.92692902674312,146.34221820730548,146.88929748535156,607622,35.859608850144355
2023-02-22,145.86351155235585,146.43337991455007,141.92001135573034,142.26193237304688,484510,34.88911509127516
2023-02-23,142.85464402153028,151.3570795957803,142.5355120837663,149.98939514160156,1512262,53.945623397347894
2023-02-24,150.74157179138265,155.0041897932575,150.71878262271008,154.16078186035156,1097844,59.95287728318486
2023-02-27,153.18064846024214,153.4997803763229,147.27680540238174,147.9606475830078,363502,49.71186554403145
2023-02-28,148.16578088978477,150.0805442387122,147.25399146892457,148.71286010742188,256612,49.2756613348603
2023-03-01,149.46509165514834,153.40857833041258,148.73565729657386,152.56517028808594,393976,55.61308551289413
2023-03-02,153.3401718751411,158.99326288401247,152.29160580808212,155.6652374267578,1538618,59.091024183887846
2023-03-03,157.28370209900177,162.75443956331486,157.28370209900177,159.8367156982422,2453522,61.208244563930876
2023-03-06,160.7484914967815,163.11913584709689,159.63154379510348,160.4065704345703,694118,61.31282853089986
2023-03-08,159.26681847717109,160.86244994970903,157.5344102450199,159.97344970703125,412444,60.94055826498128
2023-03-09,159.56317064808044,170.27669782016585,159.3580124349826,169.0457763671875,4349866,65.80445906304035
2023-03-10,167.76928093783607,171.64438661167196,165.60378070833954,166.92587280273438,2467382,62.67636127191038
2023-03-13,167.56408967504868,168.33911622209925,157.32926211430436,158.74253845214844,1062666,56.887822029746566
2023-03-14,159.54036851523318,161.06760475142258,154.1380131081295,155.3917236328125,678902,57.2879889275775
2023-03-15,157.71679217885645,161.22717335834813,155.4601076319805,156.00718688964844,901028,62.65214231720099
2023-03-16,156.8277720267596,157.2836667128839,152.77031210281368,156.73658752441406,667454,57.129051792129836
2023-03-17,158.65139187625738,163.66623472292068,158.65139187625738,162.59487915039062,1129494,58.60469171050194
2023-03-20,162.18457798227132,162.20736715755427,158.65139321948118,159.76834106445312,325822,62.93706948407135
2023-03-21,161.24993964921978,164.48678046129538,160.22417670975352,161.3411102294922,717392,63.591720071380735
2023-03-22,161.70586065326933,162.86838660908086,159.88228179690452,160.1558074951172,398834,58.667353838369685
2023-03-23,160.13303079263306,164.0765175940048,159.19845212110002,163.27870178222656,532724,58.688889430662115
2023-03-24,162.34412004626907,163.41547547013758,158.19547512077173,158.83372497558594,350832,48.86243516268084
2023-03-27,160.70287956321357,161.36393243433906,156.69101182292647,157.35205078125,482648,46.60584873534671
2023-03-28,157.3520617869352,158.4006280036879,153.63652255517914,154.7306671142578,313554,44.44444803757436
2023-03-29,155.50569318470386,159.9050744900374,155.02699537668133,159.38079833984375,449390,38.69933645149274
2023-03-31,159.76830922024135,162.45808526936923,159.38079592803078,161.63746643066406,1004678,43.83630490942286
2023-04-03,161.6602615463428,164.23606378920647,161.6602615463428,162.95956420898438,624104,55.850738394614645
2023-04-05,163.52943993259294,164.2360711761409,158.33222904826894,159.6771240234375,619190,55.956903821778184
2023-04-06,159.67714673920145,161.04483107958006,159.24404113295972,159.69993591308594,180804,55.219082058510445
2023-04-10,159.03886576700512,160.52052351302618,158.28664230927788,159.60873413085938,212690,54.1338720155385
2023-04-11,159.6315497454363,160.3153918953492,157.71680007336272,158.42343139648438,194196,43.06289325412172
2023-04-12,158.37782976960608,159.76831707320088,157.28368517702225,157.8763427734375,252032,46.5955018912353
2023-04-13,159.1072618737359,161.38673553954874,156.3718934747605,157.21530151367188,814146,42.32408116592412
2023-04-17,157.21528519638505,159.08445619091196,156.16671907125934,157.60279846191406,569514,45.10490369784364
2023-04-18,157.96751464540927,160.6800936943402,156.05275132701067,158.49179077148438,580594,39.96173032679613
2023-04-19,158.17268127591842,160.88524655694178,158.05870759404004,158.5601806640625,373374,49.297405255331874
2023-04-20,158.62857382530308,161.84262604501967,158.62857382530308,159.335205078125,411194,55.28557252777642
2023-04-21,160.01904563190897,161.38672978260905,157.8079534723833,158.3322296142578,272380,60.50528931917152
2023-04-24,158.19548541448316,160.97644629799026,157.05574848786583,159.42640686035156,881738,50.16785477220833
2023-04-25,160.22423094574268,175.06360092803624,159.99628354870094,173.28561401367188,11472660,73.12218724121408
2023-04-26,175.51949572211967,177.34307489845338,171.1884951783271,173.28561401367188,3964998,71.63325430984878
2023-04-27,172.9664579139835,181.1497738889702,171.66715514991222,177.43423461914062,4492490,85.89857964115302
2023-04-28,177.43420483602588,181.71961179947425,174.24294225921105,175.61062622070312,1545240,79.98268995758752
2023-05-02,176.52244589305226,192.22801107144795,175.74741928310283,188.87718200683597,7653514,86.8541521364467
2023-05-03,186.91681319088508,191.08824660514583,185.00205002722387,186.23297119140625,3840170,83.7761763949315
2023-05-04,187.2587683551029,187.9198213069922,178.98428143432795,180.32916259765625,1769354,74.13030615899484
2023-05-05,180.99021108040063,194.8950005966531,180.60269777033787,189.92575073242188,10296890,79.49031036118375
2023-05-08,190.47282020649783,197.40242594330095,186.5977148473337,192.54714965820312,4066376,80.28444818242765
2023-05-09,193.2993647241856,194.53028605523912,184.204259333009,185.4351806640625,1847484,71.07701092953312
2023-05-10,186.00505171671952,187.6006832878188,181.058591063751,184.1814727783203,1332562,69.67785182988925
2023-05-11,184.66013660860185,187.25874187842612,182.3806631834232,184.3410186767578,1357472,69.38844757877031
2023-05-12,184.77413628707131,187.25876823535205,182.8137944306176,183.6343994140625,1140702,69.7088041928735
2023-05-15,184.1130833454374,186.21020181597424,180.7622544092625,181.3321228027344,829120,66.74797144424397
2023-05-16,182.12996160136697,183.7255933050085,175.56507966037418,177.04673767089844,1086332,53.368715766375345
2023-05-17,177.25187293227765,185.13886044149532,177.25187293227765,180.76226806640625,2241788,56.27870001091747
2023-05-18,181.6740500463174,182.35789214184933,175.7474185517073,177.43423461914062,734598,50.0
2023-05-19,176.4540670691163,176.49965932916953,167.31338239701682,168.1339874267578,3016560,44.352640130855725
2023-05-22,168.1339841033275,171.87232674892985,167.10822088002487,167.86045837402344,1202070,30.24849843777872
2023-05-23,168.49868834128858,172.1914382911264,168.22514873152235,169.02296447753906,700754,33.362697689430334
2023-05-24,169.45606912969504,171.62156900037496,169.18252952136447,170.41343688964844,801784,39.49779091224382
2023-05-25,170.93772813352157,176.2488987552066,168.81780658870943,175.63343811035156,1166232,33.315544389767396
2023-05-26,176.43125908680054,179.80487727902633,174.37973281834937,174.9951934814453,921006,28.515561525711988
2023-05-29,175.99814759874948,176.06654293563457,173.01204280712042,173.673095703125,598602,33.224914627341704
2023-05-30,173.9694266336162,174.49370277513512,170.7325713632609,171.02890014648438,390118,31.957411161966277
2023-05-31,170.96050755798848,173.60469117643134,170.3450469482194,170.7781524658203,550088,31.441012111022857
2023-06-01,171.41642604190244,176.47686055070017,171.41642604190244,173.71868896484375,822386,37.21338958238229
2023-06-02,173.76428917014871,175.5422759943452,170.0943418290149,170.8237762451172,896116,36.65316624281613
2023-06-05,171.64436553449036,171.66715470582793,168.90899715943874,169.4332733154297,489028,39.562463392184746
2023-06-06,169.38767585157484,177.2518596880383,169.38767585157484,174.2429656982422,3256796,41.32280382646461
2023-06-07,174.5848995606513,178.41441266675088,173.74149149308803,174.63047790527344,2111296,45.95127703764812
2023-06-08,175.51949086141144,176.75041233647048,172.23704286979049,173.44517517089844,767314,60.01723288453392
2023-06-09,174.26577944327826,175.3143318708825,170.2311078626192,171.53041076660156,894810,56.518220686246025
2023-06-12,172.39660552110217,175.4511060634407,170.68700012340616,170.91494750976562,1153512,53.42695340462168
2023-06-13,171.41642703248152,175.83861169923887,171.34804560213038,173.7642822265625,1189404,55.76473478928101
2023-06-14,173.87824484365572,176.88715280275804,172.533363756368,173.08042907714844,1418602,44.795547127929865
2023-06-15,173.65028837053617,174.79002512003143,171.6215653041159,172.48776245117188,684344,44.87894417002977
2023-06-16,175.5194703762403,182.35789129998992,173.8326543165942,181.69683837890625,5825194,62.39434574738392
2023-06-19,184.63737618582587,186.00506045386905,178.71074435763887,179.50856018066406,3584530,63.285737441469394
2023-06-20,179.73652921509975,179.75931839052478,175.33714707204078,176.08937072753906,1352690,57.56991727973958
2023-06-21,176.88716014810112,179.8048837184988,176.08934434846404,177.27467346191406,1118910,55.335174261678915
2023-06-22,177.45704368260886,177.82175394265357,172.46499026051958,173.44517517089844,803302,53.825693940921724
2023-06-23,173.46795700644807,175.7702199902951,171.64437795776004,172.98927307128906,870310,55.33519959780993
2023-06-26,173.67311006335126,175.8386101194389,172.62454379377402,174.63047790527344,672354,50.64248387971617
2023-06-27,174.63048463678814,176.63643273841484,173.26280033811767,173.55914306640625,698786,48.26314177617631
2023-06-28,174.44811096367943,175.58784775804924,171.75833491152727,172.4193878173828,672868,48.334524150465114
2023-06-30,171.8951051305285,172.44218438039923,168.93178933813564,169.57005310058594,1651216,46.91089556473524
2023-07-03,170.00314071700203,172.3054174333424,168.17956181113385,169.38768005371094,1266912,47.560049866241656
2023-07-04,169.61564641291153,170.778186443282,166.31040927585806,167.17662048339844,989634,39.25650128380789
2023-07-05,167.76927130746253,169.59285034341323,167.01704773769367,167.2449951171875,740512,40.288310196295335
2023-07-06,167.31337187670948,170.39066141395142,166.33320095481534,169.8435821533203,1158696,45.87481985411218
2023-07-07,170.68697654809912,175.9297657102321,170.276674091884,172.28260803222656,3320694,31.37950828726281
2023-07-10,172.5105492577266,173.0120362031948,169.1825235599137,169.52444458007812,740506,30.68769638622777
2023-07-11,170.3222745840082,175.51947174399712,169.27370835318038,174.6532745361328,2108236,47.394482002558014
2023-07-12,175.5194908202058,181.44612297777115,175.0635960388546,180.14682006835935,4455386,54.506460579333286
2023-07-13,181.05859585140016,181.9247930874836,174.3341483382416,176.40847778320312,1482814,54.66282441784025
2023-07-14,176.90994521293985,178.3916030921531,174.8584189186446,177.52540588378906,842192,56.99225038127147
2023-07-17,177.7989619837113,187.5323181979446,177.1151198222355,186.09625244140625,6526794,64.56285710852613
2023-07-18,187.37275075973216,191.15667179146152,185.79990823567843,186.5293426513672,6199434,66.74513759335252
2023-07-19,187.783020328162,194.66703294071,187.6006652344313,191.0882568359375,5531874,72.14711026427385
2023-07-20,192.0456536966484,195.8979697038744,190.81473236896116,193.3905487060547,4098590,78.6301471359583
2023-07-21,193.2765570553946,211.7174886954045,192.15960951326915,207.2953186035156,19560546,84.26043121297718
2023-07-24,209.32407201006387,228.85916486093336,208.38949333621144,221.51925659179688,21609812,90.35205575279258
2023-07-25,222.86415927943503,229.4290411313326,215.06835599345484,224.8017120361328,5620942,90.79159355360726
2023-07-26,224.80166712870889,232.43790293847968,221.6104044022375,226.7620086669922,5942882,90.70752093757015
2023-07-27,224.75608571439145,225.69066427850896,215.8433499494588,218.05442810058597,3961264,80.04189056775205
2023-07-28,218.05441941687707,218.05441941687707,198.31418537982225,208.5490264892578,2913432,73.52941338825431
2023-07-31,204.21805489762409,216.04851508477503,203.374646843794,211.7631072998047,5003718,72.90377481949375
2023-08-01,212.8344473187241,214.97714409971348,206.9989867057264,212.1961975097656,3069756,71.0984347451539
2023-08-02,212.21899313423933,214.29330855464087,206.06441438598537,210.30422973632807,2441754,72.86988313606174
2023-08-03,207.88800892365103,213.08520636418157,207.88800892365103,209.3924560546875,2000446,71.56078191372835
2023-08-04,210.1674778949784,214.7264253547393,207.20416204613372,208.11595153808597,1584374,66.52977789059182
2023-08-07,210.1614668554217,213.99970629219789,208.57559719938487,210.759033203125,1456668,67.60465505600416
2023-08-08,212.0461140858932,213.97673687189248,207.26554103013095,208.55262756347656,1188746,63.13828972709938
2023-08-09,209.1501953442748,218.29764064273544,207.44940792476535,216.3440399169922,5423302,65.9503899483745
2023-08-10,217.4472435361614,223.6298207593251,213.3331987242156,218.435546875,6289450,59.26199007333114
2023-08-11,219.72261043377551,220.9867049498694,216.52789322734137,218.04481506347656,5271216,46.24841295548959
2023-08-14,218.80328357909,219.05609688797648,212.85054157638464,214.98802185058597,1296638,39.3516096346285
2023-08-16,209.15020868052608,214.7581979091097,209.15020868052608,211.4485626220703,1941602,33.93462703846278
2023-08-17,212.0920790291553,213.40214345857967,209.4489722442617,210.1844482421875,1042102,40.215441014381014
2023-08-18,210.0695505833394,210.66711699785316,203.63415953702267,208.0929718017578,1535940,49.30484552070996
2023-08-21,208.06996886014144,218.80328402274736,205.97847249172764,217.5851593017578,3197282,57.44879313441463
2023-08-22,218.803282071662,225.6293956729927,215.8613920090792,217.7230529785156,6482770,57.12493420105328
2023-08-23,220.6189821268343,224.7789968041207,216.04525255201787,217.05653381347656,3925304,58.98872364792053
2023-08-24,217.42424225717988,220.159288547951,213.1033404597904,215.01097106933597,2384230,57.260254741352696
2023-08-25,214.66625997567616,214.75819974533968,210.09252998168105,211.47154235839844,940724,54.096522895686846
2023-08-28,211.56343080193685,225.58338656393371,210.6670673633161,221.9060211181641,8018094,61.43328407539005
2023-08-29,222.94032687077,224.13547369671596,218.2976492169256,219.4698181152344,1981846,61.14504703865376
2023-08-30,220.18230132207984,235.30546702064,218.48151384261445,232.1107635498047,18021586,64.64565688085983
2023-08-31,232.68532763078156,234.01836993354377,228.1575681639873,230.20309448242188,2872764,60.96829596726344
2023-09-01,230.7547218936908,239.44251049419069,226.61768504699117,234.47805786132807,8847138,64.28289703153864
2023-09-04,242.70619483092324,244.1311631614756,233.6736659539032,236.17886352539065,8435850,68.8625579929095
2023-09-05,237.3739822561938,248.84274481770905,233.85748985946404,236.06390380859372,9688984,73.3333121193598
2023-09-06,236.7304158246216,237.9255484490737,229.37568445919644,231.78895568847656,3323188,69.37344543573501
2023-09-07,232.96115001089152,237.19012687649428,231.99585257743016,234.3171844482422,2091580,73.33331161062479
2023-09-08,237.1080584351876,264.1562965652065,236.3173049408761,254.8766326904297,18363172,77.72103357330144
2023-09-11,258.15587449915284,271.6451003738834,258.15587449915284,263.8306579589844,14455758,80.30277625123851
2023-09-12,266.3192043653619,266.3192043653619,237.224342192192,238.7128143310547,8337216,60.771106121121946
2023-09-13,241.8758172064662,250.22519003616185,233.96833856702403,243.92247009277344,7974086,63.94083050604029
2023-09-14,246.48075234586847,248.5273766786873,243.27123520975672,245.5504608154297,2418090,66.74110502584853
2023-09-15,246.52725183064408,247.0854324184981,239.82914155688368,241.99208068847656,1589768,60.582073532050394
2023-09-18,242.80608781660683,242.829339426663,237.22433867139748,237.80577087402344,1021124,59.48514308798903
2023-09-20,238.36394769024108,241.4106467056841,232.66591219477937,235.014892578125,1499046,51.67276770215814
2023-09-21,235.0148973902768,240.20128401782745,230.34018813755415,231.6193389892578,1973808,50.80200503418771
2023-09-22,232.8287051824646,235.36375526005355,222.8280713127193,227.8516540527344,3595984,46.22585035432522
2023-09-25,228.9912468918893,233.9450604821322,226.68878394802144,229.24708557128903,1694072,46.038139063210465
2023-09-26,229.31682971605017,237.20105499589755,228.9447188347213,230.06106567382807,2106882,46.59627256536955
2023-09-27,230.0611145778794,234.3404474032993,229.29362685004372,230.52626037597656,1412230,49.25169713700366
2023-09-28,230.59601472239837,232.45659779630572,226.2003815322432,227.4330291748047,954566,45.94742685498909
2023-09-29,226.54923945029225,232.20077185825195,225.38637503632887,229.08428955078125,1235346,30.468460586160973
2023-10-03,229.31686624302264,230.27040940026407,227.45628314977293,227.78189086914065,745540,19.12353138602026
2023-10-04,227.8749028945431,228.20051060160492,221.5256661678129,222.96762084960935,1280980,29.321939272197753
2023-10-05,224.08395983503812,227.4562664438685,220.4790803566333,225.33985900878903,3617442,23.63031732916204
2023-10-06,226.47945231900368,228.80518096100437,222.45594460736663,224.2002410888672,2445566,19.27710261371486
2023-10-09,224.2002466458898,224.2002466458898,217.2928295689164,218.71153259277344,1370974,18.262532617088638
2023-10-10,220.47909582898384,225.80502059404097,220.01395005719277,220.9209899902344,1490886,25.670278216414218
2023-10-11,222.03732924588152,224.36305802357984,220.94423388133893,221.64195251464844,730856,29.508206687214326
2023-10-12,222.33965203320824,223.03737060653415,219.3394564898583,220.17672729492188,1163700,31.363618967430796
2023-10-13,223.2234509493001,235.5032963703543,223.2234509493001,231.85191345214844,14105856,55.180721843963134
2023-10-16,234.20087517751784,236.75917669385615,229.87502556430331,233.59619140625,3454168,55.58207315960193
2023-10-17,235.82889874024093,239.36399513646256,233.13105902836196,234.24740600585935,5028854,55.395708072125316
2023-10-18,235.1777093398917,236.2010215393963,229.31686966955604,234.66604614257807,2545304,55.34211553327817
2023-10-19,234.43348306420907,235.1312017638049,231.66585987776284,232.52638244628903,1010066,56.73846601071538
2023-10-20,232.34030589329376,235.8288990748748,227.82838636706688,228.5028533935547,1264346,49.276197545928824
2023-10-23,228.6191339602213,229.22381775144683,214.89733446515203,217.40911865234372,1245880,39.618242595214774
2023-10-25,216.52535477897652,220.4790938028676,204.7106551230794,212.17623901367188,1986470,39.28902240808288
2023-10-26,212.4087951037122,218.1300961088954,201.08249372115213,215.478759765625,2406972,40.389844648037915
2023-10-27,217.6882328419654,219.54881602864887,212.5716290785859,214.1531219482422,1442618,40.24393134978348
2023-10-30,214.6880235355222,216.57187241293565,212.57161596923845,215.3857421875,730624,46.479568449578416
2023-10-31,216.47883160640453,218.45570106577944,207.0363784549685,210.03656005859372,1944262,39.19665450412757
2023-11-01,209.3155985743985,212.94372993830575,204.57110599532984,205.8967742919922,1668264,35.36532924874835
2023-11-02,206.9898799492653,209.24583990683809,203.26871356815488,206.0828399658203,1259466,36.58106838670982
2023-11-03,208.3853105384381,209.05977760104244,203.52453143376695,204.1524810791016,1204124,17.618236578044304
2023-11-06,207.22243645217267,210.2458838976028,204.68738637757087,208.9434814453125,1511596,23.096449405392192
2023-11-07,208.9899846652984,212.57161270177983,207.82712026320985,208.9434814453125,1180548,21.98762556698128
2023-11-08,210.86987894245664,214.25282400434745,210.6584538378172,211.26925659179688,1002044,25.148267724703075
2023-11-09,211.1987772098001,212.72579840208456,205.8424595876941,206.4532623291016,900464,23.795376946566563
2023-11-10,206.73517349982197,206.8526366665832,204.6208364981192,206.1478576660156,829484,25.71743486641789
2023-11-13,210.02414717250664,215.35697793826407,208.2621996291131,214.0413818359375,1301870,46.068552553014754
2023-11-15,216.10875548426696,216.2731924585458,211.43371537545855,211.8800811767578,1014556,49.62756034274658
2023-11-16,212.2793999849578,213.5010196186981,209.7891869282577,211.3162078857422,783082,44.378048262760714
2023-11-17,211.31622005120943,227.40867260652664,210.40000168846663,224.23716735839844,7459308,60.37115107931733
2023-11-20,225.52926523263724,229.0531600018972,219.56213102118457,220.68978881835935,3161926,55.20713118987782
2023-11-21,222.49869836903392,228.81822172718972,221.9818719675605,224.84796142578125,2789828,64.88894492618111
2023-11-22,224.84798429449037,225.4822882520783,218.2700470665728,221.4885406494141,1101340,65.92321491794533
2023-11-23,222.3342810126608,225.24735885639743,220.548832328985,221.84092712402344,990326,66.03858621173775
2023-11-24,220.83074721095295,224.5895684400756,219.89104190367232,220.4078826904297,916384,66.71395399918413
2023-11-28,220.8542292560093,222.71015293262036,217.58876198820963,218.7868804931641,767340,60.8268597328568
2023-11-29,219.65610040338777,221.13613329236367,216.93096093602784,219.3037109375,854472,61.26722606074566
2023-11-30,219.79708311479897,222.21683594446748,217.72973414214744,220.8307647705078,758194,60.58242760017388
2023-12-01,221.27708730696529,223.67332409163868,218.5049455009474,219.82054138183597,804606,66.15553937612816
2023-12-04,224.11973450089155,229.7579668153794,220.29043792172183,225.3413543701172,3098026,70.60007684096514
2023-12-05,225.76421403237148,227.4086984217852,221.79395312813764,224.8245086669922,941610,63.750724328607255
2023-12-06,225.45879543574145,225.45879543574145,222.2403019373941,223.95526123046875,887214,65.92306871983087
2023-12-07,225.0124255146383,231.8252887669763,224.80100043075552,226.6334228515625,3132790,69.13143361157418
2023-12-08,227.4086895191973,228.3953829819717,221.77045754764697,223.67335510253903,1488718,49.062520614397805
2023-12-11,223.9787579799228,234.69139237693787,223.9787579799228,234.1275634765625,4459770,68.170215189184
2023-12-12,234.92631947438957,241.88013279532564,232.10720364069687,237.32257080078125,6772782,67.31896074711241
2023-12-13,238.1682962415441,238.9435502164236,234.4799502133888,236.2418975830078,1387206,71.86617721157144
2023-12-14,237.74545998666335,245.16912671714368,235.88953613466023,241.4337921142578,6264468,75.39575863825806
2023-12-15,243.31319573808491,247.00155643517328,241.5042744143596,242.2560272216797,3154380,78.77461891475414
2023-12-18,243.3836834374284,246.3907520011041,239.1550094008708,244.0414886474609,2169072,83.1175634423508
2023-12-19,244.04147215143,246.55517229890165,240.54106425560627,242.39698791503903,1754850,79.41339608435783
2023-12-20,243.26620939700504,243.99447526857847,225.5762600024746,227.3616943359375,2327630,56.188737769965904
2023-12-21,225.5292875858512,231.16751977549745,221.2771265449993,227.69061279296875,2111200,57.55526929250674
2023-12-22,228.81823992127568,232.5065860813942,225.5292713803128,228.91221618652344,1111586,53.73645252556218
2023-12-26,230.22779620985017,241.83316228491384,230.22779620985017,238.7321319580078,5162194,62.18103711417472
2023-12-27,240.09471667323888,240.846469481438,235.02031352406613,237.2990875244141,1454910,61.572938543730345
2023-12-28,237.674936550588,238.21526416368,230.93254898707832,233.18783569335935,1107738,55.54668304351035
2023-12-29,233.0469312855779,240.75252677490417,232.60056550023015,236.05398559570312,3721146,60.4938102353893
2024-01-01,236.9936662856795,240.7525017053866,234.4564649237961,236.45333862304688,1491912,52.37637760116544
2024-01-02,236.4533430248308,238.09782727835676,231.82529161501213,235.53712463378903,1325270,48.086605502666856
2024-01-03,236.17146053826616,249.02193495511847,234.69142737751267,243.78306579589844,9542230,57.005684859426445
2024-01-04,245.23957463473585,246.20276674623375,241.97409327158476,243.05474853515625,2171180,51.64203356128577
2024-01-05,244.34688461124244,246.6726611518953,238.30928904263277,240.44711303710935,1880996,48.23153418202505
2024-01-08,241.01094891076875,242.91384661587003,237.74546690063875,238.9670867919922,1016750,45.00925945379731
2024-01-09,238.19181393600437,244.7932381348448,237.3225836391736,240.86997985839844,1658418,48.50576229803889
2024-01-10,239.69533306035015,248.08220595910717,238.7791289711468,246.4846954345703,3796482,72.94247342909556
2024-01-11,248.08220533189416,251.18322142753055,245.4745287954457,248.15269470214844,3525056,73.78478805690594
2024-01-12,249.13938270590836,251.84103560653816,243.43066119269525,244.55831909179688,1591534,67.23601017570125
2024-01-15,245.26306026179932,255.6467913804164,245.02813395886665,251.23019409179688,8049610,64.79418053505
2024-01-16,251.6530790906183,254.80109772149964,241.7861730006365,245.80343627929688,3094912,59.19717065478437
2024-01-17,244.3233326701701,253.48545764530144,240.1886358527952,249.51519775390625,4871574,67.81140284002346
2024-01-18,249.53875892218431,251.58263538536096,237.60451748063937,244.46435546875,2678450,58.75738889097202
2024-01-19,245.70949976239925,264.99694928992665,245.568549673816,260.0400085449219,15985004,68.6618143747217
2024-01-23,300.70568647540983,301.786341800675,261.2380651255123,265.1143493652344,14999056,71.95682881160295
2024-01-24,267.18171318375795,276.24986333158284,255.38839480254617,271.3868713378906,8969864,71.11037464481385
2024-01-25,272.7494856467775,325.6548868955357,272.7494856467775,321.73162841796875,61007474,84.20848289658123
2024-01-29,321.8490770288131,358.9674377372456,317.1740372547132,339.0221862792969,46881204,88.00731598720175
2024-01-30,342.9923990871558,356.59463763577503,328.8968210424781,338.8106994628906,19134512,88.87672088439528
2024-01-31,341.5829112402245,350.9799651945636,336.1796052164796,349.218017578125,10570712,89.56763947811952
2024-02-01,354.268860193505,359.9070913902186,326.6415330651137,330.3298645019531,17194542,77.91333049604953
2024-02-02,328.8968475809958,335.850660908631,307.2836261685304,329.2492370605469,21586182,77.10427301294652
2024-02-05,342.9924107261476,370.10291248754186,333.64233216821816,351.84912109375,30969126,81.81691647213822
2024-02-06,355.67845833386394,365.12248518849344,345.4826500278892,358.0512084960937,11581110,81.7661114746243
2024-02-07,358.05121618303707,379.8758781197325,350.04023401261685,375.7411804199219,17557126,86.01379448944454
2024-02-08,377.7615121168004,385.74900677598646,370.7137227116362,376.9392700195313,9921790,85.81615851011962
2024-02-09,379.37348793847946,379.37348793847946,351.1089237912617,371.6692504882813,11184656,85.7105528292576
2024-02-12,372.4490721064315,373.3943743198996,321.4027525791541,329.7450561523437,9825534,67.04663254198152
2024-02-13,329.7450721703626,340.16702381044854,318.1414638577062,333.00634765625,10882178,66.75179540669252
2024-02-14,328.492554921012,356.378973252436,323.0806933904156,352.9049987792969,11637540,68.84663253671695
2024-02-15,355.3863584315108,369.1404933139924,354.9609609203691,367.08447265625,7185710,62.59089097556312
2024-02-16,368.1243051352867,371.0311209983656,355.43363438314765,357.9859619140625,5672288,55.51561926662913
2024-02-19,359.3094470601992,365.7611186141469,354.1575374544771,355.7409362792969,3901670,54.866596465052815
2024-02-20,355.85903515519004,362.0034996352088,350.56533691043,352.66864013671875,2921628,51.03554956387308
2024-02-21,354.2047687291538,357.72599657264186,342.4593708274556,345.9570007324219,3716058,55.05956027365316
2024-02-22,347.2568123538868,355.4336716364951,339.36353222739825,352.52685546875,3528568,57.277849646136055
2024-02-23,356.8516036915504,368.1952308287652,354.9609991686812,359.0257873535156,6156832,52.495016121348826
2024-02-26,362.6179144625805,381.61849365437314,361.7434926552991,367.6989135742188,13264942,53.29743457303871
2024-02-27,369.3059417989282,390.3861991013848,365.1229909180361,375.2140808105469,15412950,49.8063789135068
2024-02-28,375.21407388504105,375.6630982113032,356.14261304688097,359.94744873046875,6637278,44.34302950303742
2024-02-29,360.5383020995399,377.9791415890241,351.4161404047663,369.2823486328125,5655810,49.22628636050499
2024-03-01,375.7576768046592,380.4841884625794,369.1878140608149,372.8508605957031,3244120,68.59708000942697
2024-03-04,373.3943905989556,373.890668512996,358.033228960391,361.0109252929688,2957484,61.24928899262517
2024-03-05,361.0109136268159,366.966334947856,355.57542583804974,363.7759399414063,3062012,55.06383474753968
2024-03-06,361.1054787352536,361.1763879471148,344.6099420547403,348.4856872558594,3007062,41.42516369636797
2024-03-07,350.5417014486232,355.5990451629574,347.39856007999447,348.62744140625,1779684,45.29689698876261
2024-03-11,349.26558041667363,352.00695137473144,337.094813047893,339.45806884765625,1838236,42.34952689710747
2024-03-12,340.37969819572226,343.144695566949,324.23865173405926,327.4290466308594,3167098,39.06184740485518
2024-03-13,327.9489760254625,328.9179339236278,264.77916961458914,276.7608642578125,18769286,28.285366620270224
2024-03-14,278.3679101331537,316.6526545994792,271.3017694280348,304.7890930175781,27358478,36.797384241812466
2024-03-15,305.3089904814494,311.6188712648996,282.47994762261703,294.0835266113281,15853160,32.44762648512737
2024-03-18,295.07608954850525,305.33262466048257,294.93429998164265,298.7391357421875,6351640,30.94803763457176
2024-03-19,299.1881673986532,300.84244636531247,291.2240073413567,293.7763061523437,3866094,27.17881346554107
2024-03-20,295.26512693566207,300.5588246487559,287.9390354068115,297.1557312011719,5254386,31.147999399685233
2024-03-21,301.31507494279884,307.8140275396043,299.7080496704371,303.9855651855469,4054068,30.09651443307237
2024-03-22,305.238089433804,311.94974114941294,300.6061141985252,309.46832275390625,4173398,30.902867109114638
2024-03-26,310.4609024688322,316.6762767534018,304.3873466107325,310.48455810546875,4779450,33.71420938300324
2024-03-27,311.6661556736336,324.14412775672497,311.0516861476281,313.3204345703125,6577706,33.744475391255165
2024-03-28,316.4399671230327,320.6702009819479,311.94978088304947,313.745849609375,3357004,37.62210120745827
2024-04-01,316.3926779648963,328.49253535369826,315.73095484355457,325.609375,3406994,42.43085109372203
2024-04-02,326.9800805867513,336.64580298837734,323.9314747057813,326.5783386230469,4943182,45.52325390216867
2024-04-03,328.2089673174288,336.9766403059465,326.17654431098623,334.06982421875,3582868,52.38338599078781
2024-04-04,340.07247494817216,342.24665852317,324.7113138143075,327.2636413574219,4104932,76.45455914423344
2024-04-05,328.79978728140736,333.69171519284583,324.16778288702966,331.2102966308594,2508700,68.50992703526455
2024-04-08,333.07730151384646,336.3858598652148,325.70392559322204,328.0199279785156,2025500,76.5729499915408
2024-04-09,329.8632764949981,329.91053007458424,320.0321086805798,323.71881103515625,1641936,69.66882770486205
2024-04-10,324.66406934227626,327.0745785407424,320.9537407015629,322.04083251953125,1608840,73.46935258915687
2024-04-12,322.584385781976,331.5411301751864,319.9848046511322,329.2251281738281,3494494,75.04611908495922
2024-04-15,311.9497543485311,319.8666609929825,306.7505917760556,314.1003112792969,3418876,56.99346736213095
2024-04-16,308.16854606462886,318.5432444510425,307.79043091887945,312.9895935058594,1838944,52.591317642968825
2024-04-18,314.3366402974781,317.9996866955239,306.2779439914446,308.1685485839844,1874726,48.38602107225996
2024-04-19,308.0740269599692,308.0740269599692,300.03895706674456,305.0254211425781,1984470,44.24402646031271
2024-04-22,307.79041832652007,315.66004224766573,307.2232312069325,314.0294189453125,1510658,50.17583671936975
2024-04-23,315.3055819740102,319.0395377327358,310.6972330956484,316.6290283203125,2417092,43.70863022648829
2024-04-24,319.48857883841805,321.30827438735025,314.7856937107591,318.77960205078125,1739118,44.62541374275831
2024-04-25,320.50472374374425,327.074586072689,319.5121678975979,324.3568420410156,2258946,43.12479127577002
2024-04-26,325.98750708744694,334.4006918694056,322.8207385820551,328.3743896484375,3759972,50.81854324176139
2024-04-29,330.57220472654444,333.0772498918106,323.7660170621092,324.5222473144531,2222568,45.06450372086612
2024-04-30,333.21909551437767,337.3075399277553,320.97741791288234,323.3170471191406,5115872,46.42472015635237
2024-05-02,325.27847983734915,336.4330338138506,324.2386416890879,334.873291015625,4964012,57.63748773438401
2024-05-03,336.0549554198083,336.50397976563414,324.2859306737888,327.57086181640625,2443666,53.515639247701934
2024-05-06,329.130653529883,329.2724719693948,314.2185138512364,318.8741455078125,2946186,43.54366209837406
2024-05-07,320.197548299741,321.7336646378069,306.7506164322349,309.5628967285156,2286914,46.94852292271255
2024-05-08,308.9957242924242,317.3380295736513,306.15981707138474,313.20233154296875,1239260,50.138363401719104
2024-05-09,313.3440203435088,314.95101660951764,299.6843934166148,301.2677917480469,1372154,45.8919200955168
2024-05-10,302.2131621915679,306.1834146127481,293.5636229150003,304.3164367675781,1187348,49.577460177731545
2024-05-13,304.3164065636031,304.3400621978428,293.8708285400341,301.976806640625,1152122,42.197057586955765
2024-05-14,303.53657008574373,319.0395218208527,302.68580379722204,317.5506591796875,2320380,50.510851016898
2024-05-15,319.03951889718513,320.93012345361285,312.0679145953577,313.8639831542969,1286736,47.32094177774038
2024-05-16,316.3927032939908,320.2211662141906,310.39002769270667,312.800537109375,2033744,43.37578661845117
2024-05-17,314.7856691327132,330.07592245290283,314.2421087652964,328.98883056640625,4276110,50.30907957716858
2024-05-21,341.72678233955463,357.7969214813871,337.9455731297117,349.596435546875,12001258,60.79351404693425
2024-05-22,352.12511198738656,355.3864165102288,341.5613701670998,346.1224365234375,3119052,59.6288033661841
2024-05-23,346.12244143492234,363.1378833294536,345.5080006917318,354.4883728027344,7422618,58.51109274333761
2024-05-24,354.9610618463836,355.1501338713903,345.17717594326643,347.1859436035156,2121508,58.51109274333761
2024-05-27,348.9110655847868,354.48834307957173,344.46813347885546,346.7132263183594,2573206,63.00788859853533
2024-05-28,348.29662212355385,349.3364315096508,329.9104820026943,336.2440185546875,4753260,62.33336728363104
2024-05-29,322.3480777445153,342.3648420006064,322.3480777445153,338.15826416015625,3311342,61.7228700873256
2024-05-30,338.18187500310427,339.29259359131373,329.24875733161286,331.0684814453125,1168978,64.6662038807334
2024-05-31,330.8558004122879,335.2514502766696,322.3953334052677,329.8868713378906,2322664,62.81990395154859
2024-06-03,353.7793754021068,353.7793754021068,338.1346343351489,342.4830017089844,2842144,68.41426196698741
2024-06-04,343.1447267249713,343.1447267249713,275.93372902652874,295.1233825683594,6793348,42.09035479999785
2024-06-05,296.82488200657104,306.2069945242927,272.0106999916905,287.1119079589844,6418368,40.84438168567185
2024-06-06,293.0436992454813,313.0368361824011,292.571048117666,305.7580261230469,4206610,47.84868439820048
2024-06-07,307.34145750933607,311.38261969307774,303.0166872830169,307.6014099121094,2702430,42.83907765279044
2024-06-10,311.4771101661507,315.6600613354205,307.3414125728975,310.13006591796875,2275664,34.96580076977912
2024-06-11,312.3751665549857,324.4277712650766,312.3751665549857,319.3467712402344,4236178,40.22771789142312
2024-06-12,320.9537226048495,329.3669063868599,320.1974923867288,321.9935607910156,2862120,37.62374626488873
2024-06-13,323.7660057818995,325.63298340972466,319.74847140358395,321.1191711425781,1796942,39.560833338221975
2024-06-14,326.6019165921542,341.1595649918627,326.01110270541005,333.3135681152344,10205034,45.094306231129366
2024-06-18,337.9455478426735,343.14471011717615,333.4789890280929,335.5113830566406,4763770,49.71448592362204
2024-06-19,336.50397450128673,336.52760128788987,323.7896476885759,327.09820556640625,2531302,45.89760586516851
2024-06-20,328.9651843420255,332.93546534755654,323.0334184687437,331.0448608398437,1591892,49.99102948587131
2024-06-21,328.492526551542,346.92592012781563,328.492526551542,335.0151062011719,8642134,51.90717900666256
2024-06-24,335.1096537426688,342.5539090973191,331.8483493812972,333.85711669921875,2771868,46.493754073416895
2024-06-25,335.2041581022199,336.6929917236312,328.4925068684779,329.79229736328125,1447268,71.74619059633089
2024-06-26,329.9104786322347,332.3209877820475,325.2312210492631,327.4999694824219,1296212,77.29163934277481
2024-06-27,328.01991363611364,331.3520986317696,322.96254032191223,328.3271484375,1240090,70.08839442242115
2024-06-28,327.12183597498586,330.8557914463576,324.49862796961395,326.8382568359375,1446494,67.23113031412527
2024-07-01,326.29472822943427,329.36696087736215,324.2623339397035,326.9564514160156,1364422,65.7522176987358
2024-07-02,327.54723542585697,336.3385349672166,326.838258725801,331.0212097167969,2435512,62.095951068294184
2024-07-03,332.2737364581657,332.8645503565621,329.2015041865041,330.0758972167969,948742,58.68020231365434
2024-07-04,331.7302314372336,356.3790029270263,330.87946505137285,353.4013061523437,22906882,73.39042033373914
2024-07-05,356.4262409197364,369.84954588147946,352.1487535389537,360.4910583496094,19345542,71.26480091768794
2024-07-08,361.6490220546422,376.6556953655761,361.57811284612256,366.6827392578125,11744780,72.95509003163838
2024-07-09,367.958898797434,371.1256670872588,349.383715456325,351.0379943847656,6604286,65.9326758992328
2024-07-10,352.7868098776454,355.9299225377624,338.4418309802631,344.8699035644531,6348940,58.936749014138435
2024-07-11,346.66591286681097,347.0440279311182,338.7962614704096,341.2776794433594,3570022,54.06811836342745
2024-07-12,343.05019690818983,375.2850109206649,341.3486643174056,364.6503601074219,29479476,65.52296847294369
2024-07-15,367.5571899632534,371.74014123373206,357.44244349397314,359.0494689941406,5035964,64.52370470446117
2024-07-16,360.9636488919981,363.4686939388148,349.7854388979794,351.1088562011719,2959678,61.09748659177071
2024-07-18,352.125124568984,352.38507694497133,338.9381452773338,346.0751953125,4291618,58.02520516732425
2024-07-19,346.0752098490086,356.8516512973262,340.3324863053516,342.9320678710937,7120708,57.16994009663935
2024-07-22,342.3884815789048,348.8165252473817,336.4330601803145,345.1298522949219,3545752,57.949122922236334
2024-07-23,346.8786630092712,348.8165210312219,311.2880111587187,328.4925231933594,4872670,49.00353848462808
2024-07-24,325.1840534081857,335.3460550771915,325.1840534081857,327.02740478515625,2326966,48.803603573391904
2024-07-25,322.30083220996755,332.98273670987066,317.8578998401533,319.1340637207031,4946456,34.69816713622296
2024-07-26,320.5047306034928,325.3021512753296,312.5641971193635,315.3292236328125,6488714,29.223735317332086
2024-07-29,334.63705087525125,362.8543333924511,331.4230284726711,358.81317138671875,48816066,47.30454361105652
2024-07-30,360.16018787460786,364.4140483613159,355.9063273878999,356.8280029296875,10381870,52.18790065922894
2024-07-31,360.16014649120814,362.8542635928959,336.0549398362848,337.9927978515625,12575876,47.628354128344974
2024-08-01,342.5538847730354,346.8313714589685,337.59104822233945,341.1123046875,4830434,49.942782133496806
2024-08-02,337.5201245134914,344.56263714116926,332.60457059304207,341.53765869140625,3209548,40.49375532042282
2024-08-05,333.2190434045356,335.53504545831254,323.7660208966055,324.8767395019531,3231882,37.11687329120001
2024-08-06,330.83216941147094,333.28996109575684,322.7971000752174,326.08203125,2156592,40.06008945542538
2024-08-07,328.96522865398026,331.51755662252793,322.1354131802176,329.5087890625,1757886,43.33524533164659
2024-08-08,330.69463909392607,335.08239682826706,326.4966048632877,327.32672119140625,1618362,43.672959112465236
2024-08-09,329.6747683265366,329.6747683265366,323.5081899261841,325.0024108886719,1284872,41.84788224608929
2024-08-12,324.3857283053165,325.8799492605189,318.3140261619279,320.519775390625,2350566,46.41817413543623
2024-08-13,322.4646396585469,324.8838533990556,316.2506370361438,317.24676513671875,1318698,45.676199860879436
2024-08-14,317.05703305019864,317.9345730697503,308.92188095736645,310.2737731933594,1847532,46.05093063618409
2024-08-16,312.2423344170577,316.86726834879533,310.2263375750182,310.9141540527344,1333048,47.97506471344548
2024-08-19,313.072455571689,319.49992216458463,312.5981033662773,316.6775207519531,1522234,20.450600725347655
2024-08-20,318.4089347550432,318.4089347550432,312.59811993083576,313.95001220703125,1068940,20.2398643725451
2024-08-21,314.89869569707054,316.013440735917,311.1750425161184,313.14361572265625,947928,26.99597020255213
2024-08-22,314.63779320516227,314.63779320516227,310.7243877450181,311.5307922363281,1292824,21.82917791617868
2024-08-23,312.0288512538389,319.23901001944995,308.13915767416574,309.1116027832031,4205140,20.250042138472892
2024-08-26,310.79554571630774,312.5506545252464,305.95714782080285,307.97314453125,1402982,28.31492891533341
2024-08-27,308.5186889078776,311.2462141148738,306.6449918882915,310.08404541015625,1214032,29.94274625157061
2024-08-28,311.2699202688578,316.3929182522248,309.51481133369816,312.1000366210937,1733266,27.373618301329586
2024-08-29,314.305783145224,314.305783145224,307.85460425178377,310.843017578125,888984,28.048060838479813
2024-08-30,311.64940731801534,312.2897712316397,307.1430612456848,308.0443420410156,1338136,27.69810678606339
2024-09-02,310.60583715834315,315.9185879717236,307.57000023081343,308.4475402832031,2031096,32.21528166791495
2024-09-03,309.9891659213768,312.07632720393065,308.8507090486818,309.9654541015625,1170550,38.68828178928759
2024-09-04,307.8545721092244,311.767977686884,306.9770321363102,308.5186767578125,1476996,46.70819839528176
2024-09-05,310.22633323927766,324.45689898419863,310.0840333722605,315.20703125,6914004,56.5627131485665
2024-09-06,316.77241376922166,322.4883523568872,311.6968391119304,313.95001220703125,2964908,45.164030668838215
2024-09-09,315.79995717332514,321.5633476196125,314.9698408758361,319.12042236328125,3982650,58.43649227079797
2024-09-10,321.13640853474453,324.456873615606,320.4248803031314,322.0376892089844,1249494,63.57708078857119
2024-09-11,323.0338069290733,323.9825112078664,319.73705376983565,322.796630859375,1408590,67.65799007560494
2024-09-12,324.4331946206048,325.547910715376,322.4646213997884,323.2236022949219,1232814,73.5924295577039
2024-09-13,324.86009425041084,331.8093655968124,324.4806182789024,329.9119567871094,2685560,80.93651587382882
2024-09-16,332.0465373354877,343.2649783563294,331.80936123739093,337.54901123046875,4438972,83.50697934863393
2024-09-17,339.1618411384094,341.059250039883,333.3984500193184,337.1932678222656,2521224,81.90598955887945
2024-09-18,337.7387517657801,338.64003248759184,280.3421380527753,322.6780700683594,4633000,61.2539270099936
2024-09-19,326.7337563175832,341.5335492418272,313.0724201383416,324.19598388671875,10969874,65.74199823323131
2024-09-20,340.2277880366192,366.9872769833195,338.937592557869,356.665771484375,13384039,78.91901033497047
2024-09-23,358.4816036070507,359.29395110400054,346.00975232754104,347.6822204589844,2289786,70.76152044044755
2024-09-24,349.4502423991198,349.4502423991198,340.80120512098074,344.2894897460937,1161366,69.27736800833627
2024-09-25,342.139208085844,343.33382822580853,336.4050314140142,338.3641967773437,652551,62.583195475704954
2024-09-26,338.0297259742587,351.1227451897275,332.77339736613243,349.2591552734375,3307983,67.3672862596382
2024-09-27,352.6518299567809,354.13314711559144,340.9445537590287,342.664794921875,3896822,61.42064456381687
2024-09-30,337.36065900294165,337.8385069618693,327.5647758449242,330.0495910644531,2540556,53.55212875523008
2024-10-01,331.6265309461481,334.39804367138186,318.10343760666603,319.44140625,2142385,48.63191997582989
2024-10-03,315.76201888665423,317.29113864092204,305.44051158503044,306.6351318359375,1734632,43.85633176312568
2024-10-04,306.82618261720484,309.11987630091164,294.7366343070764,303.1945495605469,1631938,39.861092581474814
2024-10-07,304.5803358591253,305.631578157742,281.0224054311416,282.74267578125,2084982,31.045269439033532
2024-10-08,282.88605101327806,290.34046906971287,279.25441742999567,287.0433349609375,3493876,33.11638475474929
2024-10-09,292.44297779839195,318.48569395854287,291.5350549265977,310.69677734375,25278428,46.20015009582788
2024-10-10,310.6012006399214,310.6012006399214,299.1328486162936,300.040771484375,5096111,42.7589210077084
2024-10-11,301.52211556099644,306.39617143962096,297.9860283715652,299.706298828125,2005612,28.850255866342152
2024-10-14,300.2797223348608,300.70976807488364,293.6853959992106,295.0711669921875,837990,29.81298936222285
2024-10-15,295.6923618921059,297.3170568974673,292.5385764882041,293.6853942871094,1002777,30.279336864241017
2024-10-16,293.6853978446087,299.99299789434804,289.57591630907484,291.00946044921875,2223513,31.066111693004842
2024-10-17,292.44302744268424,304.4370026862938,292.44302744268424,294.9756164550781,3786346,27.02265668980381
2024-10-18,294.3543716557484,294.3543716557484,284.8929869713478,289.4803161621094,1509885,27.276444548755762
2024-10-21,293.8287755397773,298.08160565547746,285.2752838388656,287.1866760253906,1524948,29.914931053082867
2024-10-22,287.1866504292031,288.285695005394,275.7660714663898,277.1996154785156,1666840,30.090086461715046
2024-10-23,280.9746244024531,285.4664072750979,267.0692592487468,279.8755798339844,2514369,36.055760609766374
2024-10-24,280.0667669122415,282.88608244061675,274.810437677703,277.7731018066406,851387,36.565689602452395
2024-10-25,277.9642101480948,278.6809822066688,261.3828773599775,265.5401611328125,1826765,40.04426013514707
2024-10-28,266.54361596070333,275.2404556350555,259.5670466333872,272.6600646972656,1313013,41.9389123036385
2024-10-29,272.27781312403505,282.886045669757,269.5540734052573,281.5002746582031,1419341,30.378950364873077
2024-10-30,282.79048341807413,292.5385957614144,279.9711972901848,281.4525146484375,2275617,35.43073920281674
2024-10-31,281.45249210313875,288.62021261510324,279.5410999666149,287.3300170898437,799917,41.075108472997684
2024-11-01,288.81139191896017,291.1050568754189,287.7123179998677,289.19366455078125,192596,45.585092092438124
2024-11-04,286.70885517829845,288.33355035718864,275.2882741141497,277.8208923339844,1178894,39.63798899073206
2024-11-05,276.48289403789164,282.2170711351078,274.09365358071824,281.6436767578125,841185,43.972966348941014
2024-11-06,283.0771865449529,288.57243892696766,276.7695866733606,282.1214904785156,2583741,41.33933131719048
2024-11-07,282.0737232558562,282.0737232558562,276.72181878511384,278.394287109375,1215148,42.34830769127072
2024-11-08,277.15188022390214,278.3942735380035,269.0762361856482,271.8477783203125,783022,40.00000795821301
2024-11-11,269.5063037112397,269.5063037112397,263.6765515921812,264.3455505371094,783014,41.339365317489296
2024-11-12,264.7278343410656,271.32213196266446,264.7278343410656,267.5471496582031,898291,41.75194207424636
2024-11-13,262.8164231882424,266.1135863453614,256.60439864015666,257.6556701660156,943483,37.8112151730779
2024-11-14,257.51138713918147,265.30307878585626,257.4151872539951,262.5134582519531,696484,47.98620420233349
2024-11-18,262.1767911770582,264.148786211311,256.83803478079057,260.301025390625,594895,41.202495046012025
2024-11-19,259.7719495256835,267.0827012055944,259.7719495256835,264.2449951171875,704188,36.796885544410934
2024-11-21,263.52352398398097,267.9965399485852,259.4833634866119,263.23492431640625,871173,36.26286028827665
2024-11-22,262.6577373331144,266.1688422467509,260.6857718347312,264.7740173339844,450939,31.80069269722992
2024-11-25,278.0007002288688,298.2014431520738,275.6439351453949,281.22320556640625,11811513,44.794287700633674
2024-11-26,282.7141963133497,282.7141963133497,272.7100249041325,275.5477600097656,1467910,48.39598563566655
2024-11-27,275.54782178078847,289.8807269571232,275.54782178078847,279.73223876953125,3531759,48.658061784777395
2024-11-28,276.3172942540093,284.5899850010638,276.3172942540093,279.155029296875,1672738,47.920278000882334
2024-11-29,278.3373860323898,280.79032165270394,273.4795707003574,273.9605407714844,1046585,46.95425800119159
2024-12-02,274.2010458801786,274.5858454501165,269.48754470929504,270.5456848144531,1585320,49.065317579968394
2024-12-03,270.5457165171629,276.7502433583921,270.5457165171629,275.40350341796875,826147,58.25098222454789
2024-12-04,275.451590389216,280.5979764845341,275.1149054379174,276.8945007324219,929645,57.15731158352837
2024-12-05,276.8944937211538,279.010744557285,274.6820136372756,276.46160888671875,750473,66.83890874849504
2024-12-06,282.4256464054827,288.58205776662027,282.04087619967754,284.9266967773437,5740509,68.85112010156091
2024-12-09,291.467860433074,298.0571562183717,288.2934697351471,291.8526306152344,6341544,74.58763487273151
2024-12-10,291.8526172407008,292.0450170010056,285.5038067797064,286.2733764648437,1179267,66.7397021377253
2024-12-11,284.4457408396269,295.3156538141294,284.4457408396269,291.9969482421875,2792778,70.39561442157954
2024-12-12,292.3817084738088,294.73844413205234,286.70623833418017,287.3796081542969,1053253,65.3594459535115
2024-12-13,284.73426000254887,286.89862515459527,279.4916748918262,285.1671447753906,849512,53.322508112488364
2024-12-16,295.84467840591856,296.9990183167083,288.77444185960206,290.65020751953125,2998814,62.764187632219524
2024-12-17,290.40973571579065,290.45785033864763,285.79243457442976,288.8225402832031,896453,58.00165367491372
2024-12-18,291.22736867871254,294.449873922592,283.0989629962792,286.03289794921875,1530961,55.82721327785723
2024-12-19,278.9145544702727,282.8104002827549,277.08684472507537,281.89654541015625,915763,56.84646625591782
2024-12-20,280.2131473503715,283.24328223634444,267.5155552831939,270.30517578125,1110492,49.818163863407634
2024-12-23,271.7480820241144,273.6719622508338,266.4574114006361,270.0166015625,809067,45.62497273632157
2024-12-24,267.611752693233,272.85430872509687,267.611752693233,269.4875183105469,458355,43.88885979365663
2024-12-26,269.5356310460605,271.2190262415685,266.79409585644515,267.9965209960937,532639,43.13571770780126
2024-12-27,267.41934902741235,271.74807949728057,266.6498086863132,269.1989440917969,673562,35.54374321530668
2024-12-30,268.14084302426863,270.3532938431105,255.1065644600527,256.9823303222656,2042678,20.789725288490658
2024-12-31,256.982301838477,291.083091452176,256.9342165740397,280.5498352050781,58433455,46.315791127914174
2025-01-01,280.8865318862158,290.217363352267,278.2892816640121,283.9647521972656,9912081,44.67134936442643
2025-01-02,286.5619589524029,287.0910436377312,279.1550375625554,281.75225830078125,2045223,46.14370495600532
2025-01-03,288.5820533077559,293.29555430723235,282.1370423747822,283.9647521972656,8258039,49.17602802006643
2025-01-06,284.25332355925934,284.34952344860125,268.5255957246113,273.3352966308594,1943189,38.9162705924411
2025-01-07,273.19096799744324,277.1830132430913,269.9684630318912,273.81622314453125,1266003,40.22553386884211
2025-01-08,274.152936394536,275.8363316180112,267.5155553846217,268.9584655761719,1364701,39.170224684520704
2025-01-09,268.9584621696648,268.9584621696648,262.60965153603854,264.10064697265625,691039,38.81498741356175
2025-01-10,262.60967595725623,263.37921637879936,254.62558399842575,256.9342346191406,1070707,41.10116391533434
2025-01-13,254.81793434867572,262.8501402985488,244.57327784412087,247.89198303222656,1617500,36.81192454024616
2025-01-14,247.89198927797813,253.66363019847972,246.7857346166816,250.3449249267578,1380639,38.84529362296311
2025-01-15,252.9902607225925,256.64562156854623,250.8739806395137,252.3650054931641,1008010,40.94707821203681
2025-01-16,255.6836712138584,267.6117521428856,255.63558595046817,260.0605163574219,2899651,45.07771978140294
2025-01-17,261.64774428318884,268.3813259375356,258.8581234690339,263.5716247558594,1779246,53.91652599910249
2025-01-20,264.58160854155136,267.6117432930757,261.8401027851538,264.19683837890625,982644,36.635206008202616
2025-01-21,265.4954664993571,266.21692157136624,254.91412544322336,256.4051208496094,1141568,28.98014333296868
2025-01-22,257.6075704423287,258.5695106297252,249.4310788494591,253.95220947265625,1101047,28.87425134147456
2025-01-23,252.0283416086289,262.4172844057867,251.25880116294545,254.4812774658203,1301645,27.006695589735727
2025-01-24,254.91414998109775,257.4632856096918,248.3248538179166,249.5753936767578,787634,29.653994999766113
2025-01-27,248.1805638511984,249.19058928722887,240.38884260325787,244.90997314453125,913577,26.90238330728998
2025-01-28,248.6134461048701,249.04630156323788,233.89574404260185,239.3788146972656,2166672,26.615951602272418
2025-01-29,239.3788274582776,247.17054904118928,238.51307246126368,242.601318359375,1020266,32.55269680441111
2025-01-30,245.29476719524035,251.78786397393785,242.6013315218015,248.51727294921875,1183667,43.02789831607037
2025-01-31,251.5213382928785,257.5780072902372,249.2440544087349,252.78114318847656,2642625,54.398044313162444
2025-02-01,256.22130660842134,264.1191966735226,245.65848231700147,246.7729034423828,2187814,46.979959800913896
2025-02-03,238.39048358412944,241.87913072202744,223.3699449843164,225.21116638183597,5367975,32.7441940023179
2025-02-04,229.6688930573,232.57609423524048,223.03077778628656,225.4534454345703,2095088,25.706516604658546
2025-02-05,228.69982505065255,230.54104654100547,225.45344450068376,228.79673767089844,1169341,25.53106235662524
2025-02-06,229.08744132235617,230.4441440443956,225.8895319340114,227.14930725097656,724354,24.301625066073157
2025-02-07,225.84107334070555,226.7616840579419,222.88541595438733,225.11427307128903,783158,26.410893327084835
2025-02-10,222.2070683061887,225.1142693356108,220.12356536302937,220.65655517578125,822396,25.635991396251228
2025-02-11,219.0575866203737,219.73593052682543,212.22566167750728,213.2916412353516,1029345,22.600680221565312
2025-02-12,210.91743436743891,213.0978351973716,200.74223049441972,211.45042419433597,1627124,23.561329519452755
2025-02-13,212.22568440984995,216.0050399983232,206.6050925503133,207.18653869628903,1271290,23.69327931479856
2025-02-14,210.0937310269993,212.4194859396229,198.8040914722168,200.40306091308597,1860167,23.28654977365393
2025-02-17,198.2711253335121,202.7288249136692,194.2979444939816,201.42059326171875,1517406,20.895608017171725
2025-02-18,199.14328070543985,201.85667142910063,194.97628939268824,198.07730102539065,944449,13.006401742584629
2025-02-19,196.57525775092245,207.38034948458565,195.41236545709108,206.65354919433597,1470157,18.181852628228526
2025-02-20,207.86488069680425,220.94728577562407,205.9267466110532,214.5514373779297,8488836,28.3387857379374
2025-02-21,214.55143006222949,218.8153337775665,210.335997441531,211.40196228027344,1261215,37.662352534439016
2025-02-24,207.283443934789,209.8030242749783,204.81233469308407,208.05870056152344,812631,35.27483025744651
2025-02-25,209.3184926491616,211.11127269073395,205.5391368910456,209.4154052734375,839583,33.0220877602375
2025-02-27,209.8514753498113,210.72362979137893,203.6009957538037,206.26593017578125,784377,32.17537307504058
2025-02-28,202.0020271553079,203.79480714394296,196.91442505364563,198.22267150878903,1202983,29.182312109395454
2025-03-03,197.2535808808184,199.72470456382,186.44847550249847,192.33071899414065,1676825,28.548373229892533
2025-03-04,189.9371331265139,197.4958587287024,188.88085363907848,196.34266662597656,1128427,36.47751853125156
2025-03-05,194.10413921382167,203.2133638573221,194.10413921382167,202.89356994628903,1195259,43.65023540628242
2025-03-06,205.53912429373332,208.2428148185571,203.93046946480408,206.21746826171875,747168,49.270710103677715
2025-03-07,208.34941200086692,218.04008232648863,207.2834323503328,212.5164031982422,5988786,59.18306723190663
2025-03-10,214.17349964020636,215.1038104980742,204.86076486159956,208.4947662353516,1242154,55.129269227969296
2025-03-11,205.0061279727298,210.57826325440504,201.26552873999452,208.9792938232422,1501842,58.24657653146848
2025-03-12,208.83394847934397,211.4504265470173,204.57005939030523,205.4034576416016,868055,48.97700681529282
2025-03-13,205.4422223819452,207.18654609537631,202.5350211218233,203.46533203125,819983,39.94729983609373
2025-03-17,203.4556249829512,204.42469203672732,196.8175245366582,198.03854370117188,854234,38.36288901875334
2025-03-18,198.03854370117188,198.03854370117188,198.03854370117188,198.03854370117188,0,40.734772036628534
2025-03-19,206.4112994856256,225.64728800498835,205.6360428212792,221.5771942138672,6324349,57.97432280762277
2025-03-20,223.8544902227568,226.2093160741942,218.0885441895286,219.54214477539065,1708796,58.834141473789934
2025-03-21,219.5906019981024,233.54516176564928,217.3617447998274,232.11094665527344,4092832,71.26868873370549
2025-03-24,235.48329937981097,251.4632059935208,231.81054166933407,247.71292114257807,5205799,80.98233077520874
2025-03-25,247.6741539340541,247.9842476953152,235.18288047693915,239.21420288085935,2788585,72.83708699445549
2025-03-26,237.44081374251,239.3595623693804,225.6472694681986,227.3722076416016,1659634,62.34363020754311
2025-03-27,227.566008383778,228.50600456911044,222.88541293767216,223.505615234375,1651364,58.67028968205869
2025-03-28,223.84479572443607,229.22310584282332,215.37514466714973,216.4604949951172,2108675,51.96333229323106
2025-04-01,219.0091562013696,224.4843791916879,217.6524682281125,223.06954956054688,1656096,57.07299265208437
2025-04-02,220.94729457634256,224.8235629022433,215.1522775694222,224.3971710205078,1268096,57.42140883271824
2025-04-03,219.97822338950948,226.54849689634983,219.97822338950948,224.707275390625,847270,59.59352300035565
2025-04-04,221.34459029435612,224.51342864159844,212.95246678048045,215.93719482421875,1021112,55.80407610949461
2025-04-07,198.65874483374276,208.15560486120157,196.16823542280213,206.7213897705078,1255875,53.903119551697436
2025-04-08,211.2372271799288,213.98938878466305,207.4772571563949,211.30506896972656,616090,55.72755083474343
2025-04-09,208.39785575138103,210.27784804714585,206.3143528848548,208.8920745849609,343667,43.3015934712831
2025-04-11,217.35205311936176,218.01102643578503,212.47764679454048,216.3248443603516,632399,48.39272099257362
2025-04-15,219.0091640207729,225.7829483551024,217.74937383674663,224.833251953125,977508,46.21051760113356
2025-04-16,222.89510778797109,228.49631417766747,222.89510778797109,225.5212860107422,692262,36.32020232936881
2025-04-17,225.79260893633025,228.15713476060543,223.8544749540441,226.5194091796875,779832,41.37703585931558
2025-04-21,227.7307569721516,240.32862863444083,225.21117672497783,235.30886840820312,1557467,55.62422268304669
2025-04-22,235.48328497822388,237.51833162731927,231.71361487601112,233.2253570556641,790285,57.06635771072346
2025-04-23,234.13628293744176,236.8109025853283,229.0583664371235,234.33009338378903,693035,64.2196024492012
2025-04-24,234.33009532786076,236.44266913490347,231.23876914723124,231.87835693359372,722381,57.50617611417098
2025-04-25,233.03156971621044,236.3457774664089,220.6371930672437,222.8466796875,1293327,48.8321292547984
2025-04-28,220.26893649016063,228.5060061559276,219.2029568539928,226.81982421875,1051587,51.50801213136767
2025-04-29,225.11427073951705,229.34908886701285,223.7575680452523,224.29055786132807,361620,56.546179571704855
2025-04-30,221.92604234664523,224.3874809625234,216.24730877693884,218.1563720703125,517739,59.415890451440774
2025-05-02,217.9431750541009,224.24211092025163,216.7996830252895,218.01101684570312,819446,55.957305083325906
2025-05-05,218.33079185734024,221.66438460856125,217.4780081897846,220.74375915527344,362675,60.46910348010433
2025-05-06,221.0441983946275,222.8369635518735,213.58237033505412,214.5514373779297,530636,48.39837387170121
2025-05-07,211.2566145740344,217.13885860042907,209.7545577057143,215.8306121826172,602564,40.6482536713716
2025-05-08,216.10195793894343,221.91636039469972,210.9562141314855,212.68115234375,703541,37.31084053348418
2025-05-09,205.44220480510424,210.7817586727853,205.44220480510424,209.61888122558597,588322,33.95287191221949
2025-05-12,214.16380363132643,226.0833305011969,212.22566966181216,222.88540649414065,1270014,39.12818683114735
2025-05-13,213.194731957256,227.7694925812379,213.194731957256,225.89920043945312,1097263,43.69156883082342
2025-05-14,225.89922361339745,240.77440894292425,225.89922361339745,238.12884521484372,4843513,52.74510802794827
2025-05-15,238.39049544476643,241.61749051117744,236.41360515946076,240.58058166503903,1572501,56.28852529296921
2025-05-16,241.68532123237156,282.96758431014257,239.65028925837944,278.112548828125,25091451,78.28588904390226
2025-05-19,281.02945221085594,294.01494512243465,281.02945221085594,285.80694580078125,11254701,79.08266869208715
2025-05-20,287.0279435634071,287.03764369649474,263.4020864855207,266.92950439453125,4117782,68.10401594488229
2025-05-21,267.99546385612416,271.21277335579344,262.7140665126327,268.5187683105469,1560990,72.24171229950417
2025-05-22,267.46250098882,269.2068098180112,262.8497324502502,265.0592041015625,754031,70.18710398026434
2025-05-23,266.3964894549989,267.82101900532456,262.61713439502546,265.12701416015625,654765,69.48935586853403
2025-05-26,266.2026901392612,274.58511293725115,262.8303266696282,268.39276123046875,1819675,74.26622845656102
2025-05-27,268.5769215634097,270.95114761734567,264.9719910273414,267.9761047363281,761896,73.68607168407806
2025-05-28,270.3599986450567,285.76818793324946,269.94330692380913,278.7908935546875,8498807,78.07407785634437
2025-05-29,281.7078078696548,282.96758322581724,273.2769125673988,276.11627197265625,1848870,78.33197610321484
2025-05-30,276.1841158999177,277.812141485458,267.4722123741992,268.85797119140625,1786116,70.64406205487782
2025-06-02,268.4315581273024,273.8098681303858,266.8810450176276,270.660400390625,913908,70.32117694034415
2025-06-03,272.307832529375,276.57172150124023,268.9160979605038,271.38720703125,1060972,66.85990350122125
2025-06-04,270.66040631768124,292.17370594827946,268.7222722815401,286.4077453613281,10667778,70.6056774326341
2025-06-05,290.138654209688,306.22517234238984,288.7819663228866,299.6355285644531,13428157,62.384311654122534
2025-06-06,299.4417280992017,299.4417280992017,288.8789028285414,290.865478515625,3166169,52.87508759270951
2025-06-09,295.5654470539961,299.3448025934133,292.1737124156715,292.9005126953125,3780462,68.25617135639412
2025-06-10,296.486077489376,300.9437622862592,291.0592960633161,292.2706298828125,2910532,66.92450978132334
2025-06-11,293.38505297169496,299.3448094872876,289.50878472433976,294.8386535644531,3461892,71.49257064723977
2025-06-12,295.56541776234866,297.4066390402513,278.849012987265,280.4479675292969,2562704,59.16310177703618
2025-06-13,277.1531590749361,284.9056949931162,272.0171158585729,280.8356018066406,2359508,57.7070997025109
2025-06-16,277.1531664686166,282.7737433298076,271.62947265012536,279.2851257324219,1253705,56.907786326022666
2025-06-17,279.2850981948773,283.25824890832206,271.3387376208369,272.743896484375,875645,46.102910171123604
2025-06-18,272.2593688964844,281.51394635336953,270.56350174977734,272.2593688964844,1943458,47.44214813978274
2025-06-19,272.3078331233393,274.2459671669218,259.70996184005315,262.13262939453125,1449901,45.703307176024495
2025-06-20,260.77594022593945,267.36558411303105,260.6790276095102,264.2645874023437,1227636,45.930969889899394
2025-06-23,264.1676767668771,269.01301188889033,262.2295427180718,266.8326110839844,978100,47.168687384158915
2025-06-24,270.03053504725244,273.8583618302097,266.6388002783062,267.3656005859375,1234168,35.562109448573665
2025-06-25,272.6954674061232,274.8758683122067,269.20682004167367,270.56353759765625,1717382,24.00349519628824
2025-06-26,272.1140088829174,274.2459681680724,268.6738327724313,270.3212585449219,645415,28.323129126843213
2025-06-27,271.338756331907,275.6026451595501,270.5635145718183,271.4356689453125,1115063,26.90303055777396
2025-06-30,272.59855097792376,273.9552685149613,270.3697085789272,271.3387756347656,499517,27.21519786281715
2025-07-01,271.9202235459044,273.4707367600141,268.91610973861293,270.41815185546875,466742,22.428897370892727
2025-07-02,276.1840970018419,290.526276876366,275.9418302500859,285.9716796875,29010873,56.0767914181407
2025-07-03,287.7160228970369,288.7820026470275,275.7965091138574,277.0078430175781,3705585,46.457448599281705
2025-07-04,277.2501023993098,280.44801199035686,273.27692138642226,276.1356811523437,1337273,47.04815972275848
2025-07-07,275.2150086296871,278.1222094250711,272.11398261851383,273.1799621582031,649853,50.438154556421026
2025-07-08,273.08306836735204,276.087181977632,269.78824648693256,271.8717346191406,765440,49.61685107204479
2025-07-09,272.21090756652893,274.24595413026753,269.54597338328426,271.1449279785156,685286,60.94113427828119
2025-07-10,271.33876753862125,276.6686361867013,270.36970051169766,271.5325927734375,687393,59.21374552578685
2025-07-11,271.3387504913522,272.8892635517324,267.9954576290816,269.64288330078125,387797,53.62496152117143
2025-07-14,274.8758558198204,275.21503519340126,269.3037204241794,270.3212585449219,973588,53.798248235411315
2025-07-15,271.3387949514177,273.955288017882,270.46664045379026,271.24188232421875,466451,50.92591975473208
2025-07-16,271.67794333161095,272.0655642225552,269.4490714549195,270.030517578125,347152,49.61337580910253
2025-07-17,270.0304875684541,271.1449085961602,268.47997460341406,268.9645080566406,293931,46.70964145148799
2025-07-18,269.2067951323041,270.03050797976783,265.5243524388603,266.59033203125,327615,44.03893615179092
2025-07-21,267.4625222683116,268.4315893779794,264.84602924277607,267.1718139648437,367090,45.88963816018255
2025-07-22,268.431549120746,269.4490576038668,265.5243482277415,266.1542358398437,274395,10.291628550882535
2025-07-23,267.1718041433555,267.1718041433555,263.8285109084717,264.94293212890625,295896,14.930036245961347
2025-07-24,265.57277099012674,267.70472999052186,264.0222876155573,265.1851501464844,254667,16.959265718489647
2025-07-25,264.99134782461226,264.99134782461226,255.1068539064979,256.41510009765625,674230,12.554343306553989
2025-07-28,261.64810571915064,264.0707733646983,252.97494371865804,255.10690307617188,1163713,12.554360421523128
2025-07-29,253.4110163759097,256.2213047154586,249.29248169293604,254.67079162597656,533229,12.719534201789983
2025-07-30,254.6223768995451,255.5430024608691,251.9574424124899,252.49041748046875,257901,10.142089152575096
2025-07-31,250.1646561115752,252.58732376629425,246.5791109399489,248.80796813964844,424910,9.434071010733732
2025-08-01,250.01928739972743,251.7635961800617,243.23581836175032,244.2533416748047,425007,5.9016457763190004
2025-08-04,244.20487750828508,252.6357720135972,242.50901030336644,250.8914337158203,509438,21.15378209894878
2025-08-05,250.6976447495473,255.10688777046997,247.69353113459067,249.8739318847656,376658,21.27068386708379
2025-08-06,250.9399151006064,252.0058651571262,247.112088565938,248.5656890869141,484617,21.124814191954698
2025-08-07,245.1739473411818,246.19147063335475,240.0863456671059,243.13890075683597,533329,19.44440136861833
2025-08-08,243.38117057959727,247.01517182130016,238.39048145570763,239.4080047607422,378880,16.569306721492524
2025-08-11,239.3595707689887,243.23583912152293,237.4214365927216,242.5574951171875,329331,22.974440959336107
2025-08-12,245.4798656932266,246.941055369972,240.9014743455557,242.46006774902344,352700,23.575973713649944
2025-08-13,242.4600749284253,245.57729155564368,241.7294800684192,243.9212646484375,275020,25.704771701040812
2025-08-14,242.9471317126812,247.23329702921643,242.31395546309724,244.0186767578125,362555,32.335643900190476
2025-08-18,244.9927852372249,248.10998668891668,243.53159566324544,244.50572204589844,320259,34.53179651477336
2025-08-19,245.47984433435636,252.6883735001665,244.9927811511532,251.5194396972656,462888,46.14232853351062
2025-08-20,251.4707260019261,253.75992900379407,248.0612835776909,250.69143676757807,464118,47.72239922170021
2025-08-21,250.7401357943426,253.8086280868229,249.7660093695565,252.6396942138672,492880,55.07396484376578
2025-08-22,251.37330159687576,252.63968373335055,248.4996465997552,249.425048828125,193730,57.10034243404279
2025-08-25,249.8147418003427,250.3991938921854,245.0415132424289,245.5772857666016,237694,42.09871725646254
2025-08-26,246.45397882147148,247.03846060616948,242.2165230423841,243.77513122558597,301688,41.13882320390307
2025-08-28,243.77514156296704,244.3109140776617,237.4433197041887,238.02780151367188,316686,36.43846763801771
2025-08-29,237.6868471113101,242.02170671902584,236.2256574774291,237.6381378173828,346058,41.86638689589818
2025-09-01,240.6092238927313,253.27286725550667,239.48898446392772,251.79220581054688,1685144,63.99718818305644
2025-09-02,252.3474529595293,261.0561460761019,248.6944935205273,257.3447265625,1549925,65.8521113444072
2025-09-03,256.3705808305956,259.663132844929,254.44182956935515,255.84457397460935,535496,63.92944562468413
2025-09-04,258.1434948112298,258.825395179281,250.12642387407672,250.95443725585935,460910,56.83192196662874
2025-09-05,251.0323861829576,256.6336130055329,249.27894081910333,255.4062042236328,427988,60.19890162962564
2025-09-08,255.4062235202524,259.9164338676654,252.8929605605712,254.67562866210935,551183,59.068815477270874
2025-09-09,254.82174602497977,263.7934427118313,254.82174602497977,262.88751220703125,1609437,59.925167378241774
2025-09-10,264.3779063021167,266.82297314646934,261.1827728111603,262.2640686035156,955207,60.13998187054286
2025-09-11,261.94260611310835,262.04002470729466,256.3901029802629,257.1011962890625,537207,53.700711540452545
2025-09-12,258.3286009321905,262.16666160185235,257.656451289718,260.9684753417969,704766,59.47244500294748
2025-09-15,260.97820419385835,273.63209646187005,260.97820419385835,268.0211486816406,2419079,67.49694462690897
2025-09-16,269.83300949401206,269.90120547589135,265.4299689220303,268.0211486816406,835145,69.44835495435284
2025-09-17,269.8998115373977,273.7358452147717,267.096545767248,268.45391845703125,1168603,76.6803056049881
2025-09-18,269.4080229982076,270.4899889574552,265.365441571446,266.122802734375,450948,74.15540807202736
2025-09-19,264.5883720042019,269.034232727638,264.5883720042019,268.00146484375,733207,67.35992631726194
2025-09-22,264.5883929365625,268.04083844986496,258.7064542874341,260.1818542480469,772902,52.89781122006869
2025-09-23,260.35889434602154,262.84740078537646,256.12939694756284,256.63104248046875,560162,50.770993115481154
2025-09-24,256.23761271897416,258.81463958549455,253.1097423074285,254.04417419433597,499609,53.17219284847066
2025-09-25,254.04418526183755,256.10975109014004,247.365548431802,248.16226196289065,527215,42.774912026142744
2025-09-26,254.60485330368556,265.57198675322513,237.19512216524987,244.2377014160156,37461051,40.21281539440613
2025-09-29,244.9163733869307,248.19176283204612,242.6540906310456,244.0016326904297,1825080,29.17702035250032
2025-09-30,244.0016349393756,245.16227561985423,240.98197603556383,242.00491333007807,835552,28.319433775924466
2025-10-01,245.8016222753964,249.07701192023305,244.32622234575163,247.67047119140625,1756194,40.01503112204808
2025-10-03,249.53929835894667,250.8179812651444,247.38521211847905,249.7950439453125,736080,37.71661843418097
2025-10-06,249.5786491269373,249.82454910696,246.8540731458933,247.84750366210935,450005,25.01825305767065
2025-10-07,248.654063568792,253.9458209494178,247.08029768836764,252.41140747070312,1075800,32.63294708192774
2025-10-08,253.6114019013461,253.6114019013461,248.3589818864709,249.63766479492188,413592,30.101947622351744
2025-10-09,249.63765460778453,249.63765460778453,246.9229093110924,248.0245513916016,355233,30.56611378639704
2025-10-10,248.8507796328622,251.6048624091639,248.50651365762064,250.34585571289065,339450,31.219949074921757
2025-10-13,249.06717252534355,249.3327487056904,246.22456936165293,248.0048828125,313051,35.33871799808645
2025-10-14,248.00488319782744,249.342579689204,244.91638004975064,245.4671936035156,321719,36.22241220868049
2025-10-15,244.43441604485804,247.00161249236533,244.43441604485804,246.1557159423828,255591,39.78607132273044
2025-10-16,246.8835847440968,249.5884845769505,245.8999848048773,247.52291870117188,270754,49.062586973583265
2025-10-17,246.9032522196957,247.10979979484776,242.13278667965207,244.3065490722656,315643,50.1030860942525
2025-10-20,244.3163847034944,245.3983506241156,242.5655780381574,243.9032745361328,312334,49.85346136708769
2025-10-21,241.77869787527996,245.8016180116106,241.77869787527996,244.20819091796875,139368,53.456806792859794
2025-10-23,246.54915168196715,246.7655448581456,243.6376894079115,244.31637573242188,418813,43.626133623454365
2025-10-24,243.9426085258728,245.40817779634952,241.9655781078236,242.5852508544922,319166,36.091072813153374
2025-10-27,243.6376901692551,243.6376901692551,240.98197346340783,241.66065979003903,299901,37.57408001039531
2025-10-28,241.6606721150418,242.644272056894,239.99838581194447,240.1459197998047,273662,21.92706066915659
2025-10-29,240.46067611715253,244.17868265232315,240.29346593005735,243.47048950195312,446267,36.23187912101392
2025-10-30,242.939347343328,246.77538099158468,242.762291554962,243.79507446289065,315312,39.98136390481862
2025-10-31,242.7622912430564,243.8835945394556,240.9819778083697,241.4541015625,294544,28.95713355086508
2025-11-03,241.45410943606424,246.19506835817648,241.30657544825743,243.81475830078125,331024,40.093050372461306
2025-11-04,250.8179727456519,250.8179727456519,237.29347421524912,244.0016326904297,1291581,46.10152347723318
2025-11-06,244.414745183551,244.52294177317137,239.99837621810127,240.83444213867188,354486,37.494217507772774
2025-11-07,240.19510055625264,240.19510055625264,236.0639838407483,238.51315307617188,377072,29.734518012495755
2025-11-10,239.9983741201102,240.49017406707765,238.28690490158792,239.0836334228516,230852,36.664975873076905
2025-11-11,239.98855533216152,248.8507854094786,236.01480316036387,243.69671630859372,1551375,49.56593119414609
2025-11-12,243.4311511155085,246.93276445108543,241.965581822532,244.95571899414065,713648,51.51031974754636
2025-11-13,245.89997426693105,246.1360436453029,240.98197478159244,241.22787475585935,500921,44.55617355007367
2025-11-14,242.93358577083208,246.52348816667265,241.2774701591613,244.2723693847656,337725,52.84214498443031
2025-11-17,244.94670682095065,252.68186901010628,243.95501974880105,250.40098571777344,1422760,62.52755683706997
2025-11-18,249.40930285986207,250.00432116598336,245.44255450423807,249.3002166748047,608860,63.27847851357243
2025-11-19,249.9051440983583,249.9051440983583,247.22759200940757,247.6143493652344,285257,56.31075541674802
2025-11-20,246.9300801627177,248.4176107661076,244.9467060248645,245.5516357421875,297540,52.54059684759239
2025-11-21,245.55163665432275,257.541144862459,243.0625075495706,244.7781219482422,7908567,55.03602893411223
2025-11-24,244.45085360146476,244.82769951617564,240.97994898643375,243.2806701660156,565116,49.16910145593589
2025-11-25,242.3583956214476,242.4773932242816,231.64817254002952,234.67282104492188,1459400,38.50003254141698
2025-11-26,236.021523091269,240.9502090487304,234.73232687152452,237.53880310058597,394664,45.90694929637579
2025-11-27,238.2032343742337,240.6824520824,235.5256822758028,236.17027282714844,350548,47.019706355389886
2025-11-28,236.1702702502064,236.81487592646252,233.5423055610024,235.05958557128903,336720,44.95055093602061
2025-12-01,235.70417604056613,236.39836909661236,228.13761396993476,228.7722930908203,820862,32.02769473318658
2025-12-02,228.772284865334,229.4763741873424,226.6599866354222,228.2070159912109,362869,29.4881469081499
2025-12-03,228.2070258579629,233.1059624510664,228.2070258579629,229.70448303222656,366436,35.07197778499065
2025-12-04,228.6830439242729,229.95240216070576,227.09633856275997,227.3541717529297,225016,27.681849235517333
2025-12-05,227.29467243042896,228.80204100722645,225.23196151795443,227.55252075195312,288550,14.268076347251935
2025-12-08,227.08642570581355,227.5525198353673,219.19259003663916,220.51153564453125,498737,12.032508807185437
2025-12-09,219.31158038389637,228.8813692917482,215.31508286806792,226.32281494140625,804997,24.6756603128442
2025-12-10,226.32282434472447,227.44343557613948,221.1462166283397,222.108154296875,307178,23.47400494196853
2025-12-11,222.038729054468,225.1129650261042,218.7959232286069,224.0121917724609,463430,27.089743045861738
2025-12-12,224.6171135534156,225.79722354683807,223.7246012741926,225.35096740722656,307101,30.149342687425133
2025-12-15,224.527872050287,227.47318384431188,223.29817464201216,226.6004943847656,287594,39.32321224734284
2025-12-16,226.1046428698506,226.203817625641,222.29656830581425,223.26841735839844,203465,31.35528749042068
2025-12-17,222.3362374407991,224.04194040694588,220.4024506861396,221.3544769287109,247906,30.91469392921809
2025-12-18,221.3941432662251,221.55281683259537,218.2207475985404,220.80905151367188,180939,31.37156108417679
2025-12-19,221.63214234473284,225.70797669043577,220.85862766294483,224.6667022705078,271775,44.269098319732954
2025-12-22,228.08801998783235,232.94728044783923,227.5425890875597,230.6664123535156,1294950,52.980783278807976
2025-12-23,234.02822867611303,250.18280380709197,232.55060954748024,239.9386749267578,9065054,60.43687779397504
2025-12-24,240.65269269504088,244.4508558821876,238.81808074628785,240.58328247070312,1151718,63.97737909491231
2025-12-26,240.1866016951693,255.24041905871496,238.8478332500824,250.5497283935547,6686823,70.14069871210822
2025-12-29,251.88851518633103,252.78102749445,241.81297094721128,242.9831695556641,1198576,69.50088519949105
2025-12-30,241.2377879478441,244.74836860219597,234.83149803591525,235.29759216308597,1333081,57.542938002507974
2025-12-31,239.88909556079184,252.6322804301645,238.0941443898377,240.79153442382807,10680565,65.37207061213891
2026-01-01,240.9799529935204,242.96332709223248,239.2147512562221,241.22787475585935,837633,64.51505749045859
2026-01-02,241.26753286473976,244.79795143155124,239.04616358362364,243.8360137939453,933297,65.25868714197188
2026-01-05,244.35169185090132,245.3334675131928,240.2857838789108,242.5468292236328,575835,63.154467017382345
2026-01-06,242.34848204488748,244.9466972299632,238.99657503004508,240.51385498046875,730374,64.53771313010324
2026-01-07,239.4924247915023,241.7931460321284,238.69907211777112,240.7221221923828,427920,66.81012402068376
2026-01-08,240.1271100316801,240.58329274859813,233.64148315721005,234.64308166503903,569746,60.95492278978991
2026-01-09,234.03814716975575,234.7819124679648,229.40697039540785,230.3193206787109,524148,54.44340651010329
2026-01-12,229.0797033897271,230.51764655344712,224.1212682514213,229.3772125244141,587870,48.89904591537166
2026-01-13,230.5672445729808,232.53078074143215,221.7015597153861,224.765869140625,1163831,35.92198261252686
2026-01-14,225.11296941810485,232.5704605714552,225.11296941810485,229.86314392089844,1124031,40.81251064161448
2026-01-15,229.86314392089844,229.86314392089844,229.86314392089844,229.86314392089844,0,28.618301521131286
2026-01-16,233.0464555393319,233.06629351717305,225.3608809417582,227.6120147705078,663660,32.15108862051365
2026-01-19,226.600494839777,228.6830437335328,224.64687010697048,225.73773193359372,377143,37.16721062189499
2026-01-20,225.1129572242276,226.3922268429093,218.17114797061703,219.1529235839844,664483,21.779641656604028
2026-01-21,218.17115044884287,220.54128188707756,214.2539896376273,217.11996459960935,706277,19.81626915502767
2026-01-22,218.6174137137169,222.3263288396381,217.1794704744076,219.69834899902344,519219,19.756481985647298
2026-01-23,221.08672025120876,221.09663167451853,215.59276534877995,215.97952270507807,370462,18.6226449165014
2026-01-27,215.93985767682176,220.1049403094119,212.01277025458643,216.12828063964844,782079,19.857841948281404
2026-01-28,218.66699943492185,226.55090863305745,218.23065470201325,225.34104919433597,851970,34.44956545778125
2026-01-29,226.10465504889888,226.74924560042732,220.7892116758049,223.3080902099609,536361,37.51910315637242
2026-01-30,221.3445411949412,227.78059544170787,219.7677624551384,226.52114868164065,662706,45.71299450908107
2026-02-02,217.1794620804663,221.04703548939588,212.71687039388135,218.75624084472656,548827,39.61202234071263
2026-02-03,223.5163455177312,226.60049287505012,220.1049396152628,221.9494781494141,649446,47.16679985227301
2026-02-04,221.9395644239874,227.76076255497327,220.13468673284564,223.69485473632807,1585713,43.346175332629485
2026-02-05,224.6171134866357,224.9939594022568,220.20410920611252,220.68011474609372,460947,40.69907145106907
2026-02-06,221.1462092878568,222.63373984360476,218.01247461874812,222.00897216796875,501127,44.21698105184516
2026-02-09,224.121271991256,227.34425488493557,222.822164384453,226.6599884033203,706804,50.90027785415683
2026-02-10,227.5,233.0,227.0,228.33999633789065,564176,59.91784818650589
2026-02-11,230.5,230.5,222.41000366210935,226.1499938964844,593814,59.71537091614001
2026-02-12,225.5500030517578,225.5500030517578,221.58999633789065,222.6499938964844,407120,53.11390973800462
2026-02-13,221.00999450683597,221.8500061035156,217.94000244140625,218.66000366210935,402532,52.811751516893764
2026-02-16,218.97999572753903,221.47999572753903,216.5,220.22999572753903,310150,54.17801278225401
2026-02-17,220.0,222.8000030517578,219.3000030517578,220.94000244140625,235672,44.57787521482499
2026-02-18,221.4900054931641,221.6999969482422,218.5,221.3300018310547,298787,47.460159479634065
2026-02-19,222.0,222.25,218.1999969482422,219.22000122070312,234096,40.35213085137269
2026-02-20,218.8699951171875,219.8000030517578,216.5500030517578,218.49000549316406,278952,49.56784497107078
2026-02-23,218.99000549316406,219.97999572753906,217.1300048828125,219.4199981689453,287820,45.56853201140289
2026-02-24,218.5,218.7899932861328,215.10000610351562,216.94000244140625,369636,38.462945781688305
2026-02-25,217.5,219.6999969482422,215.82000732421875,218.6300048828125,289570,46.332522074856406
2026-02-26,218.0,218.8800048828125,215.0,215.6300048828125,308729,39.23235742890381
2026-02-27,215.8800048828125,215.8800048828125,213.25,213.91000366210938,288316,26.114666796253147
2026-03-02,206.00999450683594,209.0,202.41000366210938,203.9199981689453,829776,15.114273121108226
2026-03-04,200.0,202.35000610351562,195.94000244140625,197.3000030517578,814839,13.41617122979413
