Date,Open,High,Low,Close,Volume,RSI
2021-03-04,704.0820511137713,704.0820511137713,674.1169696470422,683.0281372070312,917,
2021-03-05,686.4065571050007,701.1932352900518,679.6007451814866,685.77001953125,1558,
2021-03-08,675.732802671907,783.3036662799126,675.732802671907,748.5891723632812,7965,
2021-03-09,809.8412629561458,809.8412629561458,726.1152315380679,726.8496704101562,6104,75.0980891149747
2021-03-10,729.5425987176033,752.9956915294636,714.8538215622153,730.6687622070312,2921,76.14180148221185
2021-03-12,724.5974407125699,752.0654439986043,700.214044987911,701.6339721679688,2149,57.742468035822235
2021-03-15,696.1990924068584,714.6090146432947,684.0073953111905,697.3742065429688,1447,55.76544763986693
2021-03-16,695.0240182515842,714.8538687194878,694.7792052828446,702.46630859375,4094,57.504721158282635
2021-03-17,711.9160828808738,712.8953347142725,647.4813241969954,662.9534912109375,3938,44.06142692732834
2021-03-18,659.966814692979,684.497062266808,649.5867089318069,655.2174072265625,2288,42.13298056566448
2021-03-19,641.9485631961136,660.9950243706255,636.5137271717135,653.6016845703125,3937,41.75133082788324
2021-03-22,657.5186489341831,674.2148805734203,656.0987218361532,664.6671752929688,2315,45.15379257060707
2021-03-23,679.3559256581101,687.4347528821525,653.258841687477,655.462158203125,2899,43.061371787911106
2021-03-24,672.0115827526856,673.7252734919457,653.2588858984099,659.8198852539062,1171,44.2836577230243
2021-03-25,662.708685111654,673.7252683514117,641.4099575147889,645.3759155273438,1228,41.34205246298477
2021-03-26,684.1053260571857,704.6206644949983,651.0555757547112,658.2531127929688,723,43.95441239377843
2021-03-30,656.7842346024997,664.2265248326464,637.1991973981239,642.4871215820312,1283,20.612964148808913
2021-03-31,647.2364972625405,647.2854478993958,626.7211598420776,634.995849609375,1323,22.37928291590852
2021-04-01,649.9295277826702,660.9950628062604,631.0299771998948,644.0540161132812,1080,24.750259775383256
2021-04-05,625.7908799459351,665.8423043365076,625.7908799459351,645.2290649414062,1259,30.368115102142795
2021-04-06,641.360985615675,703.102800350037,641.360985615675,667.0173950195312,792,40.58323557455278
2021-04-07,650.1252925999147,680.5799996102095,650.1252925999147,653.2098999023438,670,35.504322207521284
2021-04-08,650.1743251237838,675.5859244361723,646.7958940414211,647.9710083007812,1048,44.47656116750664
2021-04-09,646.3062315159692,667.8497725665015,646.3062315159692,657.1759033203125,555,50.71428317027043
2021-04-12,667.6538992316945,667.6538992316945,623.3917036675193,628.5327758789062,709,42.362750257067255
2021-04-13,656.1476581144343,656.1476581144343,631.6174124229291,636.5626220703125,1119,41.276590424018345
2021-04-15,633.135279212136,660.0157547688696,615.3128833758951,626.5742797851562,1567,41.07684412591914
2021-04-16,631.0788141326975,651.2024260206307,629.6588871146851,642.5360717773438,1605,45.01833788144693
2021-04-19,642.5360900320119,648.8032656668869,612.2282349836067,621.6290283203125,1416,43.40134900673147
2021-04-20,626.6722356293824,656.0987418746282,617.1245300573262,643.8091430664062,1069,46.1836972837407
2021-04-22,634.8000067068471,665.8912526967312,624.2730494031855,630.0506591796875,1822,46.67887807595653
2021-04-23,635.5834136449836,654.7767861393917,620.4539603145972,625.4971313476562,852,47.42295969751193
2021-04-26,632.5967582768048,655.1195530761338,622.8042387988357,628.1901245117188,934,45.54209585332622
2021-04-27,635.5345180217876,654.1403051441512,624.7627465298929,642.5851440429688,2762,49.308416884858545
2021-04-28,632.2049958861492,652.181758337332,632.2049958861492,637.73779296875,2047,41.59641151284107
2021-04-29,639.6962104528635,657.8613185969263,638.9617716348924,644.2007446289062,1788,47.30045583132705
2021-04-30,641.9485579040554,657.5186867017242,630.1485847052141,639.255615234375,1327,47.38387442274778
2021-05-03,649.7337058040629,666.8706159043961,641.3121624622759,664.2266235351562,1348,51.93343386651625
2021-05-04,675.6838126544294,685.4763316784066,646.3062555824977,651.153564453125,1759,56.78216743738346
2021-05-05,637.5418165059037,680.5799412940078,637.5418165059037,651.7899169921875,1869,54.777245449357956
2021-05-06,646.1104191561519,711.9161615897322,646.1104191561519,705.8447875976562,2983,69.4825564720043
2021-05-07,694.8281765534858,731.9418476238873,675.6838137833819,681.8041381835938,2971,59.282416491608764
2021-05-10,672.5990502753183,698.1575571800074,671.668808914436,675.2430419921875,2560,63.59570540069018
2021-05-11,684.7417557218446,705.0612286302868,670.4936553470303,685.8189086914062,5673,61.31921566976456
2021-05-12,694.9750600357532,704.0820904198316,684.5949544130739,688.9036865234375,2709,66.82527916847266
2021-05-14,709.9575690150763,709.9575690150763,689.3443301719134,697.1783447265625,1157,70.06575563970024
2021-05-17,693.2613588781151,717.2040785545943,692.331057667237,707.4115600585938,2628,71.27823789008453
2021-05-18,707.656339262082,739.1881994999371,706.0405498798076,731.99072265625,4879,72.76803269795765
2021-05-19,744.2313596735596,744.2313596735596,724.6463238926764,734.83056640625,1909,74.98107694037525
2021-05-20,735.0753831019221,749.1276224388488,726.2621169555827,733.851318359375,2899,73.73605451147199
2021-05-21,736.887086908868,744.1335751926329,728.9551700802242,736.3974609375,1002,76.05038110564502
2021-05-24,721.0720916084584,773.6089784173561,721.023140968646,765.6280517578125,2397,76.58530652870701
2021-05-25,759.0180493334921,832.26613208392,759.0180493334921,811.45703125,15399,85.86761708680459
2021-05-26,818.3118439472481,841.1773510610061,802.986528370227,814.2479248046875,5575,86.00257320458654
2021-05-27,814.7375325794745,824.236287401046,783.4014736341102,787.367431640625,2779,70.54029839453541
2021-05-28,788.2977271911242,801.3707152811261,751.1351080983563,757.40234375,6117,68.49542124460078
2021-05-31,778.7990155181711,788.2977707970618,760.9276685404737,777.7708129882812,2500,73.49642017792665
2021-06-01,778.2603607496192,807.88272742175,749.2255212444625,766.4114379882812,2496,68.40340341456454
2021-06-02,779.533417698765,832.2661653077785,750.1069117691508,802.839599609375,6364,72.57906493710075
2021-06-03,832.2661604529537,832.2661604529537,778.8479249116564,788.3466796875,2721,67.63256693094823
2021-06-04,783.4014655709998,814.7375241938398,783.3525149331593,805.3856811523438,3311,68.46280543069696
2021-06-07,814.7865722133532,831.3849047026962,802.9865981816382,811.7998657226562,3576,66.14501700816763
2021-06-08,803.9168329285408,826.4885765305031,788.3956549606212,813.317626953125,4254,65.9629520758397
2021-06-09,802.741751266154,822.5716023953271,776.2040484773459,789.6687622070312,1999,60.393886912935585
2021-06-10,804.1616463348727,816.2064323631989,788.3956553913576,813.2686767578125,2485,63.273582129695285
2021-06-11,808.2745450344748,814.1990070967304,788.2977822961,790.4521484375,1832,54.383549537198704
2021-06-14,809.1068281243885,811.7997706688267,787.2695241723382,804.7491455078125,2598,48.6670531616584
2021-06-15,792.165833512826,818.164959407381,792.165833512826,807.2462768554688,2255,48.60705242019405
2021-06-16,817.6753200334339,819.5848731537374,788.3956649055584,795.2994384765625,1782,51.677728623089806
2021-06-17,820.6130342335709,820.6130342335709,788.7873497316723,789.7666015625,1874,57.63455672990979
2021-06-18,804.9939689642711,804.9939689642711,759.4587580735852,770.5242919921875,3584,48.281453325362556
2021-06-21,770.5733262128309,814.7375619748653,770.5243158039292,795.8380126953125,1944,56.545430207012764
2021-06-22,801.0279709828288,813.7582443603065,787.5632587566504,796.621337890625,727,48.35619515003349
2021-06-23,802.0561580561673,807.8827180980253,777.7217752427895,784.4785766601562,2364,48.96459714619284
2021-06-24,807.6379288419349,807.6379288419349,773.6089285057636,778.5541381835938,1485,42.363414262992556
2021-06-25,802.8396419350851,802.8886523448524,773.6089967867971,792.06787109375,1157,44.60217169384707
2021-06-28,793.6836102816756,802.9865026908993,770.6222415788836,789.4728393554688,1792,43.51530788564508
2021-06-29,790.7947546910207,802.9864511779056,783.8910416681871,802.5947265625,744,53.72877004940846
2021-06-30,788.2977299972403,802.0072557363227,783.5483824880023,788.1018676757812,3610,42.33748992320263
2021-07-01,795.1525233252577,795.1525233252577,770.6222757848069,780.3168334960938,1693,46.60319411073305
2021-07-02,796.131746047639,832.3151134951979,784.4786252422551,787.9550170898438,3048,44.108567398348676
2021-07-05,793.2428881482521,824.5299943039215,788.7873045270888,817.8221435546875,6524,53.11237827551881
2021-07-06,830.4055520110153,830.4055520110153,794.1732342935535,805.8263549804688,1813,53.09708038765355
2021-07-07,795.1524222414799,818.9482278498759,793.1449681046024,806.8055419921875,2324,55.1509721245329
2021-07-08,812.7300534501331,812.7300534501331,788.4935710993466,793.68359375,780,57.27022389197881
2021-07-09,796.1317407598723,812.7790219319729,789.7666038411279,805.0919189453125,1318,53.18288844775408
2021-07-12,812.6811337071948,812.6811337071948,795.250402973216,801.5665893554688,1314,51.66943384345815
2021-07-13,798.0902473991474,961.8701171875,792.4595493346749,961.8701171875,68764,79.93723691201322
2021-07-14,1013.525692283984,1062.1944627361142,925.833698687954,936.2626953125,104064,74.95740941036156
2021-07-15,949.9721291700581,959.6667457128347,888.1813656750419,896.2601928710938,29816,65.21303852258357
2021-07-16,900.9117393903152,939.788051402547,896.015479937107,901.7440795898438,15671,66.25550377381434
2021-07-19,912.6627106480158,1051.7164712832284,912.6627106480158,946.495849609375,83547,69.08690837024947
2021-07-20,956.9248709679232,998.8368360565382,950.8534978538222,955.3580322265625,16952,72.52109540793441
2021-07-22,959.666792549184,987.8202826367238,937.2909121610372,948.013671875,8271,72.60726116056331
2021-07-23,958.6875814018117,960.6460851431842,912.956507087007,922.21044921875,8875,67.25397270885931
2021-07-26,974.3555881769112,974.3555881769112,920.4967365691422,927.988037109375,6091,65.0925811339182
2021-07-27,937.6336584569724,945.0269980659821,883.2851800816596,892.8328857421875,7315,61.208530250447275
2021-07-28,905.3183900704491,912.8586417251731,867.9109551846286,882.0611572265625,6756,59.45614881132061
2021-07-29,905.8079564818648,919.5174823096985,884.4113275795116,897.1416015625,6261,62.936214587233145
2021-07-30,925.3930309856491,925.3930309856491,881.4245974577561,887.8387451171875,6223,60.40128916314874
2021-08-02,897.9739437520362,908.5498517465029,883.1382543615941,896.358154296875,3595,61.76757132493974
2021-08-03,918.2933325014187,918.2933325014187,881.3265787803539,886.5655517578125,4264,35.07372945413299
2021-08-04,908.7456657509917,908.7456657509917,866.6378385664091,877.1158447265625,5504,37.47405783538682
2021-08-05,881.2287740692665,881.2287740692665,857.2860541018904,861.8885498046875,6656,41.867479536019815
2021-08-06,885.2436019841409,885.2436019841409,863.9938265756762,866.3930053710938,4128,41.59679373789991
2021-08-09,905.7590061536544,905.7590061536544,869.5756385204693,881.1307983398438,5012,31.876147188008005
2021-08-10,881.3266886677792,891.1192074307545,843.5765407902676,858.3632202148438,4102,25.0314784782108
2021-08-11,853.075284060547,871.534157764102,823.5997671333183,861.496826171875,4943,27.235217181268766
2021-08-12,871.387269987732,876.4304411263109,863.7980678439009,870.8976440429688,1850,35.22275660574553
2021-08-13,886.1739583705904,886.1739583705904,846.7101214480584,852.2918090820312,2615,29.70058449285301
2021-08-16,851.8021980619827,899.8834997721987,822.8163672010935,833.0006103515625,4091,32.4626547925306
2021-08-17,842.1566029248722,852.0960332506297,808.078650016089,814.2479248046875,2689,31.01174789703414
2021-08-18,817.3325589073003,831.4826999507696,802.007243952344,822.8163452148438,1752,28.400634707338256
2021-08-20,812.8279745802403,817.773184398661,783.4014688599464,788.7384033203125,2020,24.825821464054783
2021-08-23,790.0114258914255,800.0487573018836,752.9957181071036,755.2969360351562,3744,18.193838722329644
2021-08-24,758.969156174309,776.4977886999694,750.1069386311844,764.3550415039062,2948,22.352678340887593
2021-08-25,777.5259708293971,777.5259708293971,755.0031782235078,769.6430053710938,1109,25.220133663387244
2021-08-26,783.2546186029019,797.257968772002,768.9086139406079,773.0704345703125,1733,28.34288697610984
2021-08-27,780.5126569596221,792.2147282490737,764.7956770859414,774.6371459960938,1232,27.301363070565742
2021-08-30,784.3318053860365,789.6197296777478,770.7201803439814,779.533447265625,1982,23.580343280583037
2021-08-31,798.9225035024289,798.9225035024289,775.6163241803913,778.1624145507812,1348,26.532937575231543
2021-09-01,770.622230406429,789.2769655922908,770.622230406429,776.3997802734375,739,24.898891988702403
2021-09-02,764.7956737942166,789.668694006947,764.7956737942166,775.5674438476562,1181,20.38332217099091
2021-09-03,790.4031541884343,790.4031541884343,768.7127018156737,770.1815795898438,857,22.207494610052024
2021-09-06,765.2853053054954,780.4147580359261,765.2853053054954,774.0985717773438,1042,27.746932582533773
2021-09-07,774.2455547131112,781.9816090224086,768.7127574557528,771.4546508789062,790,31.59225153576216
2021-09-08,773.2172240578018,779.5334103395437,751.8205953968749,757.6471557617188,3264,23.176148313843484
2021-09-09,760.6338369359521,773.5599726715628,745.3575327376401,748.1483764648438,3858,29.0550725294965
2021-09-13,773.6089953120575,778.5052547760579,751.0372511367742,761.564208984375,4491,54.07646604380762
2021-09-14,766.8520744914356,788.1998119311587,758.9201586760142,776.7425537109375,5492,57.46310862042971
2021-09-15,783.4015051094893,788.2977645164236,775.5674900583945,779.2886352539062,1650,56.00975652792947
2021-09-16,792.7043353900239,792.7043353900239,773.6089252107706,779.4844360351562,1434,54.16395573219005
2021-09-17,779.4844918415523,786.339254960762,768.7127212256515,780.7575073242188,2815,53.98853191668774
2021-09-20,792.8512764577431,792.8512764577431,766.901102688113,772.0911254882812,1942,45.37712793907901
2021-09-21,761.5152162701512,783.352520319334,754.1218170729585,756.6679077148438,1419,38.63286883478562
2021-09-22,791.2355432411125,791.2355432411125,755.0032225728933,773.4620971679688,1264,48.659550801495655
2021-09-23,787.3184874084579,788.2977392584685,763.5716300457028,770.1326293945312,2249,47.57537669285781
2021-09-24,801.9583263970754,801.9583263970754,769.9857291131939,782.8629150390625,1521,55.30955879534391
2021-09-27,774.0006299982784,789.2769338425558,759.4097545842457,768.712646484375,1151,47.92294833391943
2021-09-28,767.3907082571995,779.3865429835233,756.5699278931182,761.417236328125,3649,46.263191069814454
2021-09-29,758.2836022176554,771.3566495191944,757.9408879975224,765.77490234375,1136,53.25487956957814
2021-09-30,771.6505200120852,782.128527605602,760.1932604896189,769.740966796875,2704,59.048027773273596
2021-10-01,763.9633756569266,773.5600320966108,758.9202045834683,764.599853515625,1040,51.36682422776739
2021-10-04,762.2006032166214,802.9864639838006,761.8578889992646,783.2545166015625,2660,52.84306389619027
2021-10-05,783.35249740049,788.199805813978,767.5375567607235,778.1134643554688,2691,49.49829900066289
2021-10-06,769.8388824849708,786.3392526078941,763.8164595693117,765.921875,5573,44.74785278132713
2021-10-07,764.0612014619816,781.345019289142,763.8163885169441,768.4678344726562,936,45.2872441915005
2021-10-08,769.5940550751511,829.3773687388815,766.6562995165522,800.8321533203125,9625,59.32633877235909
2021-10-11,816.8918842832336,822.5715329138814,786.9267425800979,791.1375732421875,3109,61.61716395651414
2021-10-12,788.2978110392419,800.6363615653814,773.6090319515541,783.0098266601562,1464,53.41746610716027
2021-10-13,786.3392605512571,786.3392605512571,759.899459760617,763.8164672851562,4194,47.9697857410231
2021-10-14,762.053796435444,778.5052154496793,762.053796435444,771.5525512695312,1020,46.24389840492011
2021-10-18,771.5525282246405,781.4429476393782,769.4960635537906,777.4769897460938,2739,53.07879370549155
2021-10-19,787.9549769898815,787.9549769898815,759.89938928965,766.3134765625,2086,51.674476157396576
2021-10-20,768.7127686748613,778.2604750373835,749.4214936091345,753.4364624023438,959,46.01269370644157
2021-10-21,773.755861863971,773.755861863971,749.5193789310819,757.2064819335938,872,45.944200541523735
2021-10-22,758.9202318089766,773.6579611309922,749.1277126888607,757.8430786132812,1829,47.74805599641651
2021-10-25,754.1217942941004,768.369955931794,744.2313749295255,746.5325927734375,1014,37.13107713157336
2021-10-26,758.9201897686062,768.7127083462657,745.2596143990132,752.94677734375,2503,41.2585251062657
2021-10-27,768.7127114013532,769.1044360535325,751.0861778915132,751.9185180664062,559,44.72711811819863
2021-10-28,765.2853289152175,765.2853289152175,744.2314139162703,752.163330078125,3006,43.752365084361884
2021-10-29,744.2314214161909,762.3475810164534,744.2314214161909,750.3517456054688,1447,24.742792541609745
2021-11-01,763.7674884012538,763.7674884012538,744.084490457033,755.2969360351562,978,31.172830995913387
2021-11-02,765.7749060150376,768.7126614089572,743.2521146616541,748.8828125,1069,31.744337070419547
2021-11-03,760.5848725549608,766.7051962047066,749.3724276748694,751.6246948242188,1316,42.08513423770828
2021-11-04,764.7956850644421,765.677035625681,753.0446630147964,756.9127197265625,221,40.18384997998784
2021-11-08,758.0387892693358,769.6919095168638,754.2686937727282,765.77490234375,441,42.45103312179254
2021-11-09,764.9426306160846,783.4015046621704,763.8164670456162,779.3375854492188,2571,58.14953746456798
2021-11-10,791.0885261718674,791.0885261718674,778.5051647126426,784.4785766601562,946,71.50594105459004
2021-11-11,786.8778180310052,795.103557540378,772.1400895314364,784.331787109375,1699,69.78568890922965
2021-11-12,765.0894512517438,793.1939910360377,765.0894512517438,787.7591552734375,1727,70.96767569778177
2021-11-15,802.8395308229539,802.8395308229539,752.1632522874879,756.716796875,2973,55.591388769370376
2021-11-16,767.0969180353748,771.6504630765277,744.5741253313644,752.8977661132812,2256,49.972302302944506
2021-11-17,752.0654892244298,763.8165124935615,745.847263318699,752.5061645507812,1703,50.3345034701087
2021-11-18,749.1765873291055,765.7749175076124,740.3143703782033,746.0919799804688,1271,46.77083313044116
2021-11-22,746.0920575264066,758.1368441203738,734.9285617941676,741.7833251953125,648,45.56063698384519
2021-11-23,724.6464049686494,753.485385336363,722.0513635298257,744.77001953125,2149,44.432946365226194
2021-11-24,744.2803250111956,763.8164105422845,742.9094083407253,746.8753662109375,2316,48.88769094244265
2021-11-25,752.8488274993271,752.8488274993271,730.5708474036485,734.3899536132812,3264,41.38101964844508
2021-11-26,725.2338886151902,733.6065396601284,724.6463614188526,724.7442626953125,327,34.58464220323019
2021-11-29,742.4198611193661,748.1484608980445,706.0406286747252,711.2306518554688,1376,24.97750180741548
2021-11-30,722.296163003294,722.296163003294,696.2970375350322,701.487060546875,1270,12.98871180127756
2021-12-01,696.3459712540902,739.3351516622313,696.3459712540902,737.3766479492188,2768,32.672912086333014
2021-12-02,715.8820633283192,766.6072979371924,715.8820633283192,751.4288940429688,1467,39.01958619633289
2021-12-03,752.0654960857348,755.9825038778481,725.8705064759779,735.2713012695312,1332,33.855415308238506
2021-12-06,734.4389339235653,771.6505065756926,734.4389339235653,742.27294921875,1040,44.786175194806795
2021-12-07,741.2936335595613,763.718524321124,741.2936335595613,758.8712158203125,3272,51.974118152995615
2021-12-08,754.0239725534293,798.0903086117465,754.0239725534293,788.6895141601562,16852,60.010841188410396
2021-12-09,795.4951643103469,795.4951643103469,782.3732262415151,783.3524780273438,3137,60.37066784630218
2021-12-10,783.4015181388013,799.0695485015773,773.7069004443166,776.05712890625,1549,59.38338007683937
2021-12-13,801.8114333935878,801.9583450842044,774.5882428795198,778.2114868164062,946,59.197422663625844
2021-12-14,783.5973302562037,784.3807197703813,764.9915453927364,773.2662353515625,837,57.146653937644544
2021-12-15,770.3284661144446,793.0960708704494,756.9616548985655,760.7317504882812,1766,57.13146978497722
2021-12-16,754.3665462795087,781.3449792553738,754.3665462795087,762.6412353515625,3074,60.7083357190802
2021-12-17,772.140057795673,772.4338213870501,727.5841001169118,745.0147705078125,2070,59.329348228765625
2021-12-20,723.3243747636973,726.6048444260302,700.4588090946785,714.3641967773438,2807,53.18787327138875
2021-12-21,709.8596553251032,732.3824467757923,709.8596553251032,716.2737426757812,1119,43.71902201675799
2021-12-22,719.4073823476754,743.2521405513937,718.7708447493056,726.213134765625,1399,42.306533436276645
2021-12-23,722.3452185116939,743.6439482380422,716.8124211350324,736.6422729492188,1392,50.433442243849946
2021-12-24,724.3036339778895,739.1392632184435,713.8745781671099,728.171630859375,2192,45.58279984674131
2021-12-27,718.1832626518145,737.3765731857902,711.9160274981002,724.89111328125,667,38.38688387259344
2021-12-28,717.9384934185437,748.5401126945712,717.9384934185437,729.15087890625,1380,25.34468822491945
2021-12-29,727.5841302628997,746.6795414878346,719.7501154013881,721.4638061523438,1937,24.86081497862888
2021-12-30,724.6464174631727,740.3144481110251,710.9858412883177,726.26220703125,2217,29.35449912188801
2021-12-31,724.3036447844395,744.13349447383,723.0305695819413,725.4297485351562,1895,27.87359556886497
2022-01-03,728.8570877160348,748.1483597309162,725.1359429067323,736.5932006835938,1810,35.38822723755392
2022-01-04,741.2936137756808,753.0446353943178,730.8156075453055,732.3824462890625,1873,37.90224907862008
2022-01-05,732.7252614628017,742.2729678433727,711.7692461148507,722.34521484375,4058,33.9195943181154
2022-01-06,725.9682836275292,734.4388354370844,710.2513045029327,720.2886352539062,3425,38.73273321047558
2022-01-07,724.9401108616006,734.5367667500562,716.8123327040959,728.4164428710938,1363,58.057225647953075
2022-01-10,729.5426872795712,742.2729623596174,724.7443289188052,738.89453125,1405,61.809794935623025
2022-01-11,741.2446330602122,741.7832095754541,725.6255555054936,740.2164306640625,1563,58.033668364231254
2022-01-12,726.604854749513,754.8072953790248,726.604854749513,743.3010864257812,2536,54.17170135118186
2022-01-13,757.6961397590952,816.6471147028341,741.2936708208531,795.7400512695312,12875,77.29427364171022
2022-01-14,802.9865462245623,807.4910809909882,780.3168411644863,794.1243286132812,3478,78.34804570607143
2022-01-17,821.5923143961952,821.5923143961952,769.7409162120694,782.7160034179688,3164,70.71968850973573
2022-01-18,779.4844867283236,802.1051809658127,761.857953108839,766.3624877929688,2275,66.27614710971277
2022-01-19,766.3624868380552,788.2977525558204,755.9824409603644,766.6072998046875,1017,65.12476638336742
2022-01-20,766.6562996809361,782.4222306079482,754.0239268687361,769.4471435546875,1675,66.25678003582357
2022-01-21,769.4471830110361,783.4015226329352,754.0239655342002,759.5567626953125,1895,58.56155577350625
2022-01-24,755.1011463379623,768.1252449431228,706.1385493826076,721.8555908203125,2928,46.859511235124415
2022-01-25,727.2413950494521,745.2106422123663,714.2172979027204,726.8496704101562,5062,51.38551016308623
2022-01-27,717.8406008781459,732.3825276071032,717.7916502363905,727.241455078125,510,52.16072296350699
2022-01-28,727.2414831107358,749.6663168593064,727.2414831107358,735.2713012695312,502,52.131577409037384
2022-01-31,735.4671381965051,752.0654700957361,715.9310505547126,726.5070190429688,1472,46.106497388114825
2022-02-01,726.9966469363266,743.2032542055296,718.477143306449,726.0173950195312,1782,45.51364802741831
2022-02-02,726.3600622517296,738.2089857702276,726.0173480105591,737.9152221679688,437,48.38804667982408
2022-02-03,730.9136348084635,737.8662993218961,724.6463988031893,730.9625854492188,541,23.358800240578432
2022-02-04,736.2995485483561,736.3484991909958,714.8539074182897,723.863037109375,1596,22.350631427098733
2022-02-07,734.1940961419307,734.389958471452,721.365920436964,733.0189819335938,1706,30.09017952768228
2022-02-08,730.3750270204824,739.3352060744656,719.7501675029566,723.8140869140625,1690,31.918407915807904
2022-02-09,729.1998916407488,733.2148001950696,721.2189654005593,728.6123046875,1239,34.45504896893058
2022-02-10,731.3542638665648,746.092052902728,725.8215264454901,727.5352172851562,1632,32.60155396068427
2022-02-11,724.6953466577136,743.25218186083,711.9161214925209,731.5501098632812,1684,37.777688990461584
2022-02-14,711.4754080085128,724.107780574088,703.3965803783583,710.202392578125,1116,44.067710242914224
2022-02-15,717.1550951314955,720.7293884245415,702.6621791658473,715.9310302734375,1139,44.48291282316985
2022-02-16,715.9309861846383,725.1359772578851,709.9575739526896,711.6712646484375,837,42.428491206908625
2022-02-17,711.6712793397413,719.7501070721843,705.0613293768336,707.9501342773438,1076,36.13310582742264
2022-02-18,707.9501149715436,727.5841020018189,705.012359512586,712.8953247070312,1464,42.81273284639163
2022-02-21,715.8330770290721,716.0778899829124,697.2272925372084,697.9127807617188,1485,37.12994101416285
2022-02-22,675.6837854416576,696.7866511346643,670.787526126863,673.48046875,2360,23.53168002912345
2022-02-23,702.3195337676515,702.3195337676515,680.3842654532289,683.4689331054688,2693,30.96543653449497
2022-02-24,673.0138370203015,689.4360502808318,641.1064845243786,644.80517578125,3572,24.712903079703068
2022-02-25,644.8051798352457,669.5617293901989,644.8051798352457,668.230224609375,810,31.010350486826013
2022-02-28,666.8493297951616,668.2301985659456,648.9970046588815,658.9094848632812,2793,30.989306141683528
2022-03-02,650.9696263889028,669.216502280107,647.3202391706521,656.4929809570312,1192,28.577204361275605
2022-03-03,656.8875914773259,668.6247962459069,655.95057761764,658.6136474609375,1242,29.653232621539757
2022-03-04,649.9833944878962,663.7918429292172,648.7011934583566,655.4081420898438,3272,27.41371656261066
2022-03-07,655.4080993312193,655.4080993312193,623.9939052566896,649.0956420898438,7738,30.098472677598892
2022-03-08,646.6297770854524,670.1534873326871,637.6543112469145,661.819091796875,9212,33.1445443207398
2022-03-09,659.9451160227097,670.6960024956759,652.3505182721384,665.567138671875,12218,35.592988232852804
2022-03-10,670.6959697524313,675.6275577653169,652.9422529060434,659.0574340820312,1474,34.98330099009307
2022-03-11,670.4987221875296,675.627585975088,656.4929996061378,666.257568359375,1262,35.87157459463516
2022-03-14,666.2575730673956,670.6960024956759,651.0682571661492,665.567138671875,1564,39.272277366015565
2022-03-15,664.1863407208265,668.7233779068399,655.9012482419595,657.3314208984375,663,43.99934320402133
2022-03-16,657.3807434727307,672.6686677395384,656.936888470135,660.2410888671875,1728,40.889746215641296
2022-03-17,665.7643548926828,673.1617366137126,661.3259258600649,670.3013916015625,1350,62.892710231453364
2022-03-21,668.8219738481231,670.3014503219356,659.2053767683423,668.871337890625,1159,50.4169385658647
2022-03-22,670.5973958730726,685.4907683426549,659.2053788290632,667.934326171875,1752,56.587504755862746
2022-03-23,668.4275536559963,682.5318854924914,664.4822826415889,680.2633666992188,2855,65.15732004053845
2022-03-24,681.5455178450229,788.1171312799105,681.5455178450229,695.2059936523438,3995,70.05407481095892
2022-03-25,704.2800921390169,704.2800921390169,681.5454827921121,684.8989868164062,1138,64.99498489260966
2022-03-28,681.9399777972469,698.7073761385731,644.4105468791245,666.0109252929688,2405,57.625593642862256
2022-03-29,674.7398592406715,676.1207279876246,651.0682363789604,654.3724365234375,2713,46.60980307814743
2022-03-30,654.9641792751088,670.6959567717499,651.0189089411574,652.1531982421875,4282,43.80690124699466
2022-03-31,652.8436787898823,663.0520424213694,641.2544463637744,645.00244140625,3650,43.549118160695954
2022-04-01,635.2871417726931,664.7780620784479,635.2871417726931,659.9944458007812,3443,47.317270332039925
2022-04-04,668.82197668256,673.7042611068424,663.8410845729597,671.4850463867188,2670,52.3201916666547
2022-04-05,666.8493434562236,678.6358514909954,663.7917828012019,670.5480346679688,2321,55.49630205713143
2022-04-06,670.843965555044,677.600217295216,668.7233585533572,670.4987182617188,721,54.36972670519991
2022-04-07,675.3317629337108,703.9349771529562,670.2522025354428,691.5567016601562,3022,58.278975713685945
2022-04-08,701.9129678548646,707.1897431132767,692.3949786129989,706.8938598632812,1893,63.362211530830464
2022-04-11,711.7760884339881,718.0391808351554,702.4060716511118,714.2418823242188,1764,65.57212717248478
2022-04-12,713.1076482411348,713.1076482411348,690.4716465370389,696.4882202148438,746,55.26398333445546
2022-04-13,696.3402737184027,708.6692445703575,694.9594049029625,704.6253662109375,242,53.19720286442461
2022-04-18,708.1760990387471,774.7032390455594,691.704581631122,726.6695556640625,2507,63.13179477398436
2022-04-19,726.6695722059101,762.4235891620882,713.2556754416834,730.5162353515625,2239,72.39732585438342
2022-04-20,737.7655638853585,769.3277270462295,727.9516917375155,752.658935546875,7249,81.80659657727597
2022-04-21,779.1909158822514,796.9446329529862,769.327739731843,786.9828491210938,7817,86.12583022969892
2022-04-22,787.1800749834962,796.9446435826604,783.1361967879113,787.9691772460938,2463,89.61466818696411
2022-04-25,788.560946248376,792.161029682751,761.4865152283559,766.4674072265625,2409,78.47533295571962
2022-04-26,769.3770629693795,788.807532515556,759.4645827283252,777.3662719726562,1708,78.4069889303727
2022-04-27,780.374597394968,786.8349664647582,759.563257241833,776.9224853515625,1151,78.61504821005616
2022-04-28,787.0814760960054,792.9993819313138,761.4372174763361,776.1826782226562,1043,78.32408350105607
2022-04-29,785.1581875459397,785.1581875459397,761.5358667563735,765.2345581054688,829,70.87757420290336
2022-05-02,758.4781904255749,769.9194498422235,751.7712431744345,760.0562744140625,600,65.9845354221928
2022-05-04,762.4235883180252,767.7003639760385,744.6698695732329,747.7767944335938,1071,59.792660156715066
2022-05-05,757.886472276629,778.2045908734054,748.6643665435877,753.152099609375,2561,67.83606316754523
2022-05-06,746.3958766563358,761.4372207184555,741.858839576635,755.864501953125,3411,66.69879776899023
2022-05-09,750.6862596506379,755.4699358653883,743.6834291589997,745.4094848632812,934,56.606361265230014
2022-05-10,745.5081748284189,756.4070330670983,739.7382406315139,740.5272827148438,678,53.503600770522596
2022-05-11,740.4779591977018,749.1575422838185,695.3539277181216,711.135009765625,2091,36.16953022655585
2022-05-12,717.0529909445297,717.0529909445297,690.4224121886806,691.5567016601562,1629,14.754090969343537
2022-05-13,701.9129539518486,717.0529052438973,680.4605458513606,695.2553100585938,1200,16.428509546617448
2022-05-16,697.9677063558145,732.8340110660846,694.4169267097567,721.5899658203125,928,34.29948658027959
2022-05-17,710.5432568980821,739.738235165944,707.9787948961425,737.6669921875,1307,36.596709601453675
2022-05-18,738.1601323466804,745.5081504701606,729.8750402422884,737.1244506835938,422,36.57232195406034
2022-05-19,722.4283664377451,731.7983840045122,706.3020369264891,718.7296752929688,517,32.67912279604161
2022-05-20,727.9024887693412,757.4920208331355,724.1051895678437,728.9381103515625,591,39.00835849828715
2022-05-23,749.6013884167969,769.5743201476392,726.4229244328565,752.7083129882812,859,48.00002392216525
2022-05-24,742.5986210939827,754.5330411949528,712.6145389063444,717.250244140625,1040,42.622153762820034
2022-05-25,727.3107001469939,727.3107001469939,691.4087115852282,700.2362670898438,1150,37.8921386389111
2022-05-26,700.2362171810738,759.4645791374307,691.408662305635,711.628173828125,1693,40.26480679731314
2022-05-27,719.4200762439272,722.2310573032923,691.5566042482726,697.3265380859375,1060,39.59444555249265
2022-05-30,701.7649998689172,728.8887349306111,701.4198127754252,718.7296752929688,1030,45.59760894294391
2022-05-31,721.8365377336438,732.8340034536483,710.0993939867856,728.8887329101562,1382,53.88769357473422
2022-06-01,733.8202947418833,749.5520725092224,721.5406285761525,740.1327514648438,1166,61.04010933158143
2022-06-02,738.1108388910466,759.4646415283264,727.9024746076686,755.3713989257812,814,62.98190071490331
2022-06-03,757.5412885419928,862.1896314021471,745.2123174368888,770.6593017578125,11700,61.12727091539725
2022-06-06,777.2675845870759,777.6128318724119,763.4098341340834,766.4180908203125,797,56.889608999207866
2022-06-07,763.3112255481171,774.6045140682812,754.6315823849513,769.7222900390625,1054,57.70936403589176
2022-06-08,761.190657146966,787.771930230204,732.8340243086437,740.0834350585938,2547,54.79512247805833
2022-06-09,729.9736430140664,746.5438271113858,722.1817699731135,728.5928344726562,924,49.92291001935358
2022-06-10,728.5928543357024,740.182086631593,714.0939729553014,718.9762573242188,538,41.96051083499457
2022-06-13,711.1350872528516,715.3762414752358,698.658143819502,705.7596435546875,829,46.93662961892637
2022-06-14,693.7264866936526,713.1076523627861,693.7264866936526,710.691162109375,599,52.979181747252795
2022-06-15,702.1101907253549,714.4391612740199,696.4882283152048,699.5950927734375,659,46.56531425588835
2022-06-16,717.1022300563963,717.1022300563963,675.6275852225273,681.1509399414062,1389,45.48955241865073
2022-06-17,678.5865712780969,689.5346735660794,667.2439178337684,670.400146484375,646,35.67251673615411
2022-06-20,665.7643526753188,686.8715725290438,647.024319044458,650.6737060546875,1027,28.057543609235495
2022-06-21,665.9616751507666,667.4411515942887,641.1557627010255,650.3778686523438,1222,23.172168047211187
2022-06-22,651.2655018513939,667.0958873548599,650.9696186102173,662.608154296875,470,21.765189117851307
2022-06-23,656.9369057005699,665.6658536470494,648.0600462160489,659.5999755859375,522,13.465243716835346
2022-06-24,658.1698239384651,670.5974637350006,657.0848984911748,665.1233520507812,214,16.956212346683884
2022-06-27,674.7891895654446,681.7920202321137,657.4299642141901,668.4274291992188,653,16.956146208771713
2022-06-28,675.2330187322499,684.5044284424705,657.8738526961496,678.4879150390625,473,26.964165957911092
2022-06-29,666.0109601501288,680.5591447665145,662.9533996667046,677.2550048828125,194,29.20489893922904
2022-06-30,667.7370617417436,687.9072701076311,662.8054733980084,672.4713745117188,866,30.394953926844906
2022-07-01,668.4275182682783,689.4360732677568,666.9973455612597,677.9948120117188,799,37.48330507509208
2022-07-04,681.5454418974955,681.5454418974955,665.2712019679605,671.9781494140625,254,32.71683993224876
2022-07-05,681.2495900476958,685.1948605153818,665.8629991036904,673.7535400390625,1034,37.4159304450381
2022-07-06,667.4411413986693,683.419498784638,662.8054365731034,667.8356323242188,1416,42.614867353460504
2022-07-07,676.7125711275418,677.6002811654231,662.9041228941852,669.561767578125,1117,49.48327800967236
2022-07-08,679.5235735761901,679.5235735761901,667.7370653312918,675.0851440429688,1082,68.23880814815152
2022-07-11,674.9371896113837,679.9674459979987,665.9617226275043,674.4440307617188,723,67.88854389158172
2022-07-12,666.2575655837791,689.2880583895932,666.2575655837791,682.0879516601562,1453,65.53893582898635
2022-07-13,683.9127309479354,683.9127309479354,674.1481614424841,680.4112548828125,204,66.96135081142603
2022-07-14,686.4770739131932,686.4770739131932,667.1945761902681,671.4357299804688,177,54.8705665609247
2022-07-15,678.5865963268184,679.5729140540376,671.6823722362839,678.5372924804688,385,57.368838762832304
2022-07-18,678.2906170705597,696.3895207240153,675.3316643075938,693.5292358398438,810,60.22798677533931
2022-07-19,684.5044713731238,698.2143112342496,683.0742986940769,696.3895874023438,587,62.72963001763058
2022-07-20,691.0634735437045,704.6253409955358,680.5591666737201,682.7783813476562,1003,56.136202102594886
2022-07-21,687.4633430070834,703.047148498655,676.6138497888942,687.5619506835938,1232,55.74634941769583
2022-07-22,695.3539402512804,700.1869207954588,690.8169031608671,695.1073608398438,270,63.64167180848115
2022-07-25,693.7264749884325,697.7211095154695,678.882406825158,682.0386352539062,912,54.31212431756915
2022-07-26,692.2470129514556,694.3676199617572,682.5318082578636,685.6387329101562,804,59.49502406910444
2022-07-27,677.1070231705261,693.381263348696,677.1070231705261,685.49072265625,741,58.640932153220426
2022-07-28,688.4497248284695,697.0307004874021,681.6441089127516,688.9921875,280,57.7133142542608
2022-07-29,691.4086920614274,697.3265981275737,686.3784959852245,694.9594116210938,819,60.74376995334577
2022-08-01,691.1620484519485,718.039202672877,690.8168613768365,706.055419921875,1769,62.11361688711915
2022-08-02,710.148736427094,717.0036564090053,697.7211576196416,715.326904296875,362,66.38884846206824
2022-08-03,711.135073166485,720.8502785881129,698.3129428597384,699.7924194335938,1059,62.53815994576646
2022-08-04,695.6498804160077,718.039304846139,695.353997138088,710.9378051757812,209,63.8315523543212
2022-08-05,712.1213462688462,715.2282709593197,703.2444873818384,714.044677734375,313,59.74695187550348
2022-08-08,724.6968877164625,856.8141479492188,714.0446692190957,856.8141479492188,24208,82.71975198479882
2022-08-10,886.5516202306677,897.5490864134473,818.6436722232542,829.73974609375,20197,78.41341820566807
2022-08-11,846.2112827884923,846.2112827884923,795.5145289264645,806.166748046875,3401,71.37778041806794
2022-08-12,780.1773077285271,787.6239943906025,750.6863841528249,770.9552612304688,5833,62.43130576467378
2022-08-16,768.3907708490194,770.3141023507252,755.6673089916834,761.387939453125,1049,63.15617758738392
2022-08-17,754.6316360276572,789.0541472828951,744.768459186621,756.4563598632812,3031,61.69000484415289
2022-08-18,744.8671116234373,764.9386519985576,744.8671116234373,754.9768676757812,842,61.42001432842097
2022-08-19,755.519261352503,768.341389808877,744.6697680432634,754.237060546875,529,60.82119316852025
2022-08-22,753.1521414674293,820.6162935247231,739.7875492078484,757.097412109375,3398,60.41321926891881
2022-08-23,757.0974496269417,764.3962247562494,740.7739035769968,752.5111083984375,805,57.95879033664639
2022-08-24,763.7550719633506,763.7550719633506,744.6698489219939,748.1712646484375,246,55.72361342331906
2022-08-25,757.9358411344045,764.3962099657168,746.6424915407066,755.7659301757812,858,60.03181494387863
2022-08-26,746.642482842889,762.4235657035049,746.642482842889,760.697509765625,728,59.121311451932996
2022-08-29,757.6398929092845,764.3961444284063,749.6013803426952,760.0070190429688,451,58.50053201204404
2022-08-30,767.4044241017206,767.4044241017206,756.1110751375759,758.675537109375,679,11.935754662086055
2022-09-01,751.0809010549222,767.749693654744,751.0809010549222,757.343994140625,934,14.913980784703497
2022-09-02,757.4919913440478,768.341486011736,754.5330382528601,766.6647338867188,670,27.787063661655495
2022-09-05,766.6647177151253,768.3414698047742,756.5056576896814,764.0016479492188,992,43.8319809255277
2022-09-06,757.4919484221813,775.2456659633261,757.4919484221813,774.0620727539062,1455,61.14476227891934
2022-09-07,769.9688971978786,774.2593548933818,762.9167019236061,770.0675048828125,707,62.169241431245325
2022-09-08,784.1225019518697,784.1225019518697,767.3057986984464,767.3551025390625,561,60.8282210226757
2022-09-09,753.941240005514,773.2730419748647,753.941240005514,769.3770751953125,712,62.95359028775777
2022-09-12,779.8321086298348,782.1499311300851,770.7086699628068,776.8237915039062,1491,65.64944340339817
2022-09-13,782.1499226043828,782.1499226043828,761.6838306825152,772.5333251953125,1168,65.9590491239268
2022-09-14,779.1909418307715,788.067800661755,751.9685988291096,765.3331909179688,2940,63.08267675136861
2022-09-15,771.2017690920096,777.2182824778716,764.5441251748451,769.9688720703125,635,61.33853594646402
2022-09-16,764.3962274755473,764.3962274755473,754.6316580380955,755.1248168945312,593,46.15908197924037
2022-09-19,752.6096584823729,764.3961662470964,749.601401739088,756.308349609375,1106,47.467941352208484
2022-09-20,765.7770955623598,767.1579042389201,754.039890711292,759.6126098632812,461,50.62463536153014
2022-09-21,755.5686503552943,764.1989300967718,755.5193465110681,757.6399536132812,539,50.195609220459545
2022-09-22,756.6535927627526,763.4098444377695,754.5329857815163,758.182373046875,394,43.65779907031252
2022-09-23,756.1604546206032,767.2565282442666,746.6424651656178,752.1165161132812,1306,41.54385836920308
2022-09-26,758.9221254073177,759.1687048190298,701.8636134171214,722.7735595703125,1635,21.365652727127753
2022-09-27,729.4805799240467,744.5712895784982,729.4805799240467,736.5327758789062,718,33.11823225877022
2022-09-28,722.7241712891611,742.3519142482704,722.3789842331145,733.0805053710938,366,32.87335330382288
2022-09-29,730.6641344469929,741.1684419504577,730.6641344469929,732.8340454101562,873,31.409978954611134
2022-09-30,730.1216388927862,734.8066477205346,716.0666124095411,731.9956665039062,649,25.55141013196561
2022-10-03,739.5409831357442,739.5409831357442,731.8477172851562,731.8477172851562,369,26.760596770156198
2022-10-04,737.7163152393061,754.5330195166268,726.2749941174534,753.3494262695312,770,44.11622627215757
2022-10-06,755.5193296673316,769.1305013732859,745.8041247692544,763.0153198242188,1397,46.74665132995873
2022-10-07,764.5933816770481,764.5933816770481,746.691693950342,753.004150390625,866,48.9608114194996
2022-10-10,762.5715708314939,762.6208746775818,753.0042768882437,760.3523559570312,586,51.868774816823
2022-10-11,751.2288478742196,763.3112388562703,733.8203176037343,741.1683959960938,967,42.56755826125283
2022-10-12,743.5355816553955,766.2208889869795,740.7246002617214,756.0618286132812,1341,49.42404145760994
2022-10-13,757.4426284477555,757.4426284477555,746.6424384669098,755.322021484375,365,48.95757705174745
2022-10-14,763.7550090539277,763.7550090539277,742.1546897460065,746.9876098632812,769,48.161231820632565
2022-10-17,743.6342321019375,759.4646189371756,734.8066767638907,747.4808349609375,991,61.168029734033574
2022-10-18,755.9138907958805,757.9358299912136,745.1630040498846,751.2288818359375,288,57.30387044677855
2022-10-19,758.7248587489089,761.6345078812942,739.7382438240907,759.218017578125,1916,62.42965025254797
2022-10-20,759.2180685654491,759.2180685654491,750.1932373046875,750.1932373046875,464,57.619020320209245
2022-10-21,737.8149029243382,761.3879187397347,737.8149029243382,752.5603637695312,1406,58.90641042043569
2022-10-24,752.5604002791453,759.366016445571,749.6014471981001,756.0125122070312,361,60.174389021663714
2022-10-25,758.3797313190521,760.4509744847074,752.5604325964096,753.3001708984375,290,49.97536336743385
2022-10-27,764.0016035664172,764.3961546940212,754.2370952587429,758.626220703125,1410,47.705018379384455
2022-10-28,756.7028899346826,757.9850908003856,749.6013910322616,752.9548950195312,691,49.9730208070757
2022-10-31,744.965674613529,758.8727889565359,744.6697913721988,749.6013793945312,566,43.84175623781595
2022-11-01,751.6233071105368,800.8898827507954,747.1355741178911,766.8126220703125,5353,65.02886265610837
2022-11-02,766.6153936367484,772.2867201255375,751.5740494708296,771.2510986328125,918,60.144896223746116
2022-11-03,756.2096956940095,771.201734852241,747.2341696545193,754.237060546875,2346,49.40475632379434
2022-11-04,751.031541680162,769.9688514666959,749.6013691332533,762.3248901367188,1225,58.4373426094431
2022-11-07,772.5332797248836,773.7168729148074,758.0343985984315,764.7907104492188,941,59.32022696784446
2022-11-09,775.3936488005887,775.3936488005887,758.0344219471325,767.0099487304688,1296,58.639295215654094
2022-11-10,776.0840778453444,823.5753003846748,769.3278255090376,773.3717041015625,3762,57.88895707942504
2022-11-11,773.7168431503115,797.388465237949,760.4508595653551,767.7496337890625,1173,60.17137344871385
2022-11-14,770.2155024477983,788.0678284234262,744.6698503875931,751.7220458984375,3517,49.58068776365383
2022-11-15,789.054053993082,823.5751688552793,784.1224661556253,800.544677734375,15901,65.32063695246543
2022-11-16,807.7941057714744,817.65728166612,800.939186484686,801.087158203125,3335,66.68958901773533
2022-11-17,789.1034450423192,813.2189242727093,789.1034450423192,810.1119995117188,2866,67.52852317823823
2022-11-18,801.3830770739778,819.0874906321146,801.3830770739778,802.172119140625,1917,66.50129391017074
2022-11-21,814.057229371191,814.1558972539221,771.7935431339101,794.8240356445312,1150,64.7664874586259
2022-11-22,783.4321008569639,802.8625706888292,781.1635822918338,789.9418334960938,1045,58.213677114396155
2022-11-23,798.3254828890286,798.9172493640938,790.6815215525203,793.2952270507812,319,57.88914037725002
2022-11-24,794.0349456689039,806.709162531196,794.0349456689039,800.544677734375,609,67.8178497888266
2022-11-25,800.8899412470554,821.0108456244162,800.6433618316469,803.207763671875,1419,66.41585509492558
2022-11-28,798.6706654421799,815.6846438044864,797.6843478559593,800.840576171875,1565,64.48671391241174
2022-11-29,795.2679768204922,817.6574014205104,795.2679768204922,804.1448364257812,3316,64.79372554511953
2022-11-30,804.1941166342542,816.5724519911638,803.3557706650862,809.964111328125,1912,64.64089477154509
2022-12-01,807.695526182469,833.4383920827565,805.4763115289943,817.5093383789062,3228,69.60748143662285
2022-12-02,817.7559620418465,827.7671105449012,817.7559620418465,819.3341064453125,1009,80.0
2022-12-05,811.5421465267119,826.6327944600497,809.0763524134197,823.7232055664062,1054,66.97980167420664
2022-12-06,825.399891057461,830.3808432880573,817.6573216812716,820.8628540039062,1312,64.01118455818315
2022-12-07,808.7804928454351,826.4356032936678,808.7804928454351,821.4546508789062,857,59.126975551779346
2022-12-08,819.6792469064671,851.9811489947857,819.383363660172,839.0111083984375,2773,75.67010993273382
2022-12-09,850.1564751477478,850.1564751477478,833.2904079132193,840.3919067382812,3209,84.63269812406064
2022-12-12,852.918149225556,863.0279046803834,831.4657413092151,852.6715698242188,2232,92.85707137257518
2022-12-13,850.2551309171914,865.9869097110648,850.2551309171914,863.2745361328125,2192,93.50086543328196
2022-12-14,849.0222692455754,872.6938941884822,849.0222692455754,865.5430908203125,1488,93.07183938263915
2022-12-15,874.469167309453,877.8226712571969,863.323790377321,874.6664428710938,2193,93.61824041130339
2022-12-16,865.197781256197,874.2225508684172,861.4004225056602,863.1758422851562,2105,84.23616190641566
2022-12-19,846.2605080138662,866.282743424534,846.2605080138662,859.7730712890625,668,80.5194596451703
2022-12-20,860.0197879485958,867.9103300751725,855.1375029677645,860.069091796875,867,79.2626797103247
2022-12-21,872.8417993850127,872.8911032265408,810.7530924883803,819.1860961914062,951,50.704815073272854
2022-12-22,819.186110103689,826.4355809329562,798.9665983296286,805.525634765625,1219,44.72096270480251
2022-12-23,803.1584250791402,803.1584250791402,744.7191061557586,758.626220703125,1505,31.218000306415178
2022-12-26,741.7109123747267,809.7668338559184,741.7109123747267,792.4569702148438,3092,43.04686043342942
2022-12-27,779.7333989446975,950.9088134765625,779.7333989446975,950.9088134765625,81669,67.87415581410204
2022-12-28,973.3475840804147,1014.7236832367589,941.9333898700072,950.3663940429688,80304,66.13318123737139
2022-12-29,942.9196712711407,1139.1968831779996,912.3438241901728,1112.4183349609375,118708,76.89157440404037
2022-12-30,1114.5389457365723,1303.9119347466801,1094.812592714686,1216.228271484375,238717,80.4326272202639
2023-01-02,1222.0477435924315,1226.8807248505047,1109.6075153684305,1125.5858154296875,45904,69.36295252375254
2023-01-03,1131.3063983513587,1226.5846637924715,1127.361127563734,1156.85205078125,48053,70.62068851099703
2023-01-04,1173.718138071293,1223.034026225549,1144.1286051787395,1168.9837646484375,23303,70.74528484280917
2023-01-05,1181.6577679675609,1195.7620364422082,1095.7987786036979,1111.678466796875,14821,66.45332999266535
2023-01-06,1122.4294904779813,1188.512773309286,1099.7441844314142,1126.867919921875,16294,67.41254577471963
2023-01-09,1163.854859564414,1163.854859564414,1099.7442105206114,1110.8896484375,5455,66.02394043247565
2023-01-10,1114.5390481065526,1129.333814231861,1050.4283948968837,1062.21484375,6746,65.37310141309743
2023-01-11,1065.2230979032165,1082.927452157398,1031.2937455196109,1051.5626220703125,7188,65.62284903729886
2023-01-12,1045.5461677961075,1064.9765791019647,1013.9346360887424,1027.2005615234375,5092,67.55641660817616
2023-01-13,1044.5103213379234,1045.4966389218118,1009.0521921571221,1013.0961303710938,5198,64.8047564566796
2023-01-16,1012.4550596546508,1026.7073014235036,980.0545491904381,986.613525390625,3834,52.91137232137383
2023-01-17,986.3176465922963,1009.9399662681922,956.7281171945275,959.4404907226562,5319,50.70910829500737
2023-01-18,967.0350197692271,1055.3597412109375,966.5911648474007,1055.3597412109375,10378,45.02706884698393
2023-01-19,1118.484185796219,1153.9916202659401,1077.6013684348718,1114.4403076171875,45208,40.37852563658769
2023-01-20,1128.347444124964,1129.235154131308,1060.2915231069373,1064.384765625,9462,43.73422179519353
2023-01-23,1081.990346661485,1089.880887020001,1042.1430937709617,1058.3187255859375,5508,39.36327922806966
2023-01-24,1074.1985046833436,1079.9684387277064,992.2355338682802,1004.7617797851562,5085,33.72752536325014
2023-01-25,1006.0440465490676,1045.348782522948,966.5913388412611,975.2216186523438,9320,35.69140928651127
2023-01-27,989.8684069730394,1015.9072179998535,927.1386261357886,956.2843017578125,8750,32.25243831627523
2023-01-30,981.3860039843526,992.7286562917094,937.0017123468692,945.2868041992188,5452,32.590203805796804
2023-01-31,949.8732303161471,963.3857945811508,933.0565259009661,940.6511840820312,3000,35.91589443414141
2023-02-01,956.3829948048344,976.2079567626286,902.7272871199755,921.6152954101562,8364,35.2314780709622
2023-02-02,922.2070558213189,941.8841061112073,913.4781681965082,918.7549438476562,2468,37.04183912995217
2023-02-03,917.275363653924,943.4127799300843,855.9263971845874,876.9843139648438,5833,34.74463989361192
2023-02-06,861.0553756133178,953.769241945107,858.1457262788514,890.4476318359375,6756,38.89775644178471
2023-02-07,917.275449007523,917.275449007523,888.9681193476026,898.584716796875,2248,42.6512666687009
2023-02-08,898.5353894002619,898.5353894002619,876.7870970096734,879.1049194335938,2851,23.897204978095502
2023-02-09,853.164809142102,917.2754595400634,853.164809142102,897.2039184570312,3728,13.383240697512434
2023-02-10,898.5353086803415,909.3848019794456,887.6858153812375,891.088623046875,2217,15.710405941421499
2023-02-13,902.825839154963,902.825839154963,858.1949653783932,869.1431274414062,2966,14.78152853779143
2023-02-14,876.8363253080531,876.8363253080531,844.2878452909938,852.5729370117188,4382,17.14227958966164
2023-02-15,849.3675161650721,930.0975962796285,849.3675161650721,894.3928833007812,12766,33.42773063057561
2023-02-16,894.3927906500696,905.4395598472573,879.943273881469,884.5789184570312,2230,34.72690271335736
2023-02-17,894.5900867031787,894.6886943857498,855.1373816666548,876.1459350585938,1288,35.11047494367814
2023-02-20,868.945804435226,887.6365349701819,868.945804435226,879.5980224609375,1099,36.78480298913582
2023-02-21,870.9184680670021,907.3629165680267,870.721192500816,889.1653442382812,2460,42.675862775815766
2023-02-22,895.9709703905132,895.9709703905132,853.1647606325145,856.8141479492188,2222,37.662096091019876
2023-02-23,867.811569792721,870.3760318308853,842.3152823405371,851.438720703125,1762,44.048731865253664
2023-02-24,865.4764204216457,865.4764204216457,852.0835600952838,853.8692626953125,623,41.01667334207932
2023-02-27,849.2066210148586,873.0161524451818,833.0359930285847,859.623291015625,1580,40.31808722979574
2023-02-28,863.1946114875709,874.9506028038219,859.1271744891633,863.5418701171875,666,45.80840833436074
2023-03-01,864.4843825247459,911.7065931624738,855.158958983735,868.9486694335938,2086,41.83156437080316
2023-03-02,879.9605796540399,879.9605796540399,860.5161536362195,866.5181274414062,738,42.74217945736224
2023-03-03,849.2066333318983,891.8653777632903,847.1233235218361,886.0618286132812,3598,55.06950738746885
2023-03-06,896.2304107939609,911.7065809842691,875.5458453954689,880.3077392578125,2275,58.88644263424208
2023-03-08,880.1093457492472,888.8394942990219,865.1291473773224,880.9525756835938,1030,44.15008527572485
2023-03-09,881.1014855309531,881.1014855309531,865.0796309890029,871.4784545898438,1243,44.28108423809071
2023-03-10,871.4784131142904,871.4784131142904,863.095462318401,865.1787719726562,714,45.12149695103741
2023-03-13,867.4605286133353,886.8553619525007,834.3255766177243,842.95654296875,3233,36.03315744902612
2023-03-14,847.6193516935052,851.5379553403412,819.3951239154995,827.4804077148438,1042,27.500701262272088
2023-03-15,828.4724663233575,838.2939222960092,819.9903328292146,824.107421875,557,34.87252219012167
2023-03-16,823.4129229301025,831.2998419526587,813.4922853044386,817.2125244140625,912,34.389159418417805
2023-03-17,822.6192579885077,822.6192579885077,817.4605144763196,820.0398559570312,563,34.62578644788239
2023-03-20,819.1471001249208,819.4447071578024,795.7343578756646,803.8197021484375,1121,26.842309492594893
2023-03-21,814.434737387338,814.4843284640585,775.9922675603194,787.2025756835938,1435,21.340801990012352
2023-03-22,797.5696745451048,944.6431274414062,797.5696745451048,944.6431274414062,55798,63.26956155529467
2023-03-23,1005.9527138146622,1035.7146284245634,986.1114374080613,1015.9725341796875,81857,71.10239014853349
2023-03-24,1004.8117628041176,1004.8117628041176,971.329610647259,983.6312255859375,12680,63.295918029560845
2023-03-27,992.0140942607699,992.0140942607699,908.2343039240865,919.990234375,3225,54.67070749913218
2023-03-28,922.5697490503212,943.4526800689275,879.7621715755715,895.3375854492188,4534,51.60257386619551
2023-03-29,892.9069782464492,995.9328364185104,880.5061812024433,963.0458984375,8474,59.029540512350124
2023-03-31,963.1450954147595,986.6570190821577,948.1153654966016,953.6708984375,3912,58.67367346228208
2023-04-03,967.063731372921,967.063731372921,932.5895160610244,937.20263671875,2345,59.343042515306436
2023-04-05,934.5240620427982,952.3316186472914,925.149047399413,942.9566040039062,2289,61.67268204382156
2023-04-06,949.8018451643086,949.8018451643086,923.6113383109112,929.4645385742188,2005,60.43631569980294
2023-04-10,931.8454868492543,931.9447295566931,905.2581899291595,911.905029296875,2130,59.18583735456941
2023-04-11,921.0320268446059,935.5161336435954,904.7621568218017,911.1113891601562,2978,58.869573901227255
2023-04-12,916.6173091617385,931.1510066932908,906.0518060588093,916.3197021484375,2251,61.19667909608199
2023-04-13,917.6590152866215,926.6371805692719,906.0518567128423,910.466552734375,1709,62.536582882817456
2023-04-17,910.4169094874368,918.6510264480382,900.793879065679,915.625244140625,597,45.72430481023241
2023-04-18,915.7243787319181,942.4605073397618,915.7243787319181,923.2640991210938,1773,33.183346128118046
2023-04-19,907.7383323293004,933.4328077051575,907.7383323293004,919.89111328125,1258,37.08021633305671
2023-04-20,911.7562227175512,934.5240990236637,901.7859936438538,910.0697021484375,2695,47.4280057447292
2023-04-21,914.6828144291003,915.2284374034758,903.7701127385145,904.7125854492188,573,52.7007752068836
2023-04-24,904.712607611701,926.587602608087,901.587582376173,918.5022583007812,1008,31.38471348952288
2023-04-25,910.7640982970512,932.490318277847,900.7938698869793,910.1688842773438,1450,31.66035306426288
2023-04-26,922.9665303460005,922.9665303460005,897.8177372843647,909.1768798828125,2320,36.411722092145105
2023-04-27,909.6232905858614,914.285941841963,905.7542176810463,909.4248657226562,1096,32.82515915482567
2023-04-28,918.6510133163509,935.6649304938657,915.9228380608218,925.7938842773438,2237,48.173726193758725
2023-05-02,927.7780559860963,956.2998895633348,927.7284649074198,933.9784545898438,3790,62.11217859193005
2023-05-03,940.4764794525648,940.4764794525648,924.0578357241744,926.9844360351562,1048,58.15498178123686
2023-05-04,940.0796012525029,940.0796012525029,925.4466606913759,928.6212768554688,685,56.560861200720055
2023-05-05,928.4724817031583,932.5399188309444,903.8196613482851,915.7244262695312,622,52.6082430714806
2023-05-08,912.6986435544229,924.5538173933536,911.706579811429,915.4268188476562,783,49.89658057394442
2023-05-09,928.3236126037667,928.3236126037667,908.8295365665616,913.2938232421875,953,44.4870800588844
2023-05-10,911.2105692233623,913.2938789120038,899.8018359124546,909.9208984375,1574,44.48711008635574
2023-05-11,913.6907077307162,924.5538178318046,909.7224527568586,915.625244140625,581,53.21839031689593
2023-05-12,907.7383101958574,942.4605406405076,906.7958375450639,924.6033935546875,2416,61.05900629759763
2023-05-15,929.96061747468,929.96061747468,914.7819931040549,921.2304077148438,1156,51.71552221758247
2023-05-16,873.0160918093806,927.5795975474668,873.0160918093806,914.236328125,1606,52.60151982067584
2023-05-17,911.7066212115819,933.4824334692811,911.7066212115819,922.2224731445312,1868,57.65869452580298
2023-05-18,920.9328193821686,935.51616944658,920.6848034305657,932.5399780273438,1184,62.13544136684654
2023-05-19,932.6391342073418,942.4605898375348,927.5796331558895,935.2681274414062,1991,55.8054975435489
2023-05-22,935.2680931524709,939.9308048519283,921.6272166943999,932.936767578125,1733,49.31236296212134
2023-05-23,932.9367938379277,979.4645483359088,932.9367938379277,967.1133422851562,4801,69.49395972835975
2023-05-24,977.1828458424335,987.0043017113098,962.3018887991477,967.857421875,1865,69.22704207221182
2023-05-25,980.1590292951436,980.5558790333843,940.0300366839892,944.3951416015625,1187,62.731315978480346
2023-05-26,944.891135505003,991.0716911874166,944.5438768603135,976.1907348632812,4145,71.08435470043474
2023-05-29,952.3811615133253,952.3811615133253,904.762103437659,915.4763793945312,8475,50.53842806529376
2023-05-30,927.5300319808123,927.5300319808123,909.9704911774553,910.9129638671875,1274,50.243309512333134
2023-05-31,911.3097979377723,913.442759364307,892.9566173260539,901.091552734375,1713,46.506090424938755
2023-06-01,898.8593463337264,927.5796039346917,898.8593463337264,918.0061645507812,1096,48.47231585716607
2023-06-02,930.6549679463016,931.6966833113088,907.7383198299179,912.3514404296875,899,47.9654461646647
2023-06-05,917.8574047410334,925.5954899747202,900.0498481024275,907.8375244140625,1710,48.51690119804528
2023-06-06,908.7800333979027,917.2621667919177,908.7304423179736,911.1610107421875,523,47.37956368812194
2023-06-07,912.7482621408025,924.752270123278,908.8295981277183,913.7899169921875,1289,45.39022544905391
2023-06-08,922.6193163403126,924.6034439023348,916.6669336542461,918.0558471679688,1262,45.80005218547528
2023-06-09,928.9685701164772,928.9685701164772,897.8177424562509,912.5498657226562,1299,45.10131057420227
2023-06-12,907.73829246504,920.0399066597349,907.73829246504,914.0875244140625,673,34.88830977629951
2023-06-13,925.9923922442404,925.9923922442404,915.2780545657215,920.5856323242188,428,36.955935201818114
2023-06-14,920.9327452188967,933.3335418004039,915.2283787914034,924.4049682617188,1039,43.81329201796629
2023-06-15,932.7383226357564,937.500216386615,918.3533986806178,921.32958984375,1828,29.350235824674172
2023-06-16,918.6510268329948,935.0696696840578,915.2283948064553,916.0220336914062,1479,50.352351373933885
2023-06-19,918.3038850430379,926.9844433341834,910.1193586542436,913.0458984375,904,51.40614865114991
2023-06-20,921.6272462848043,921.6272462848043,908.7304172194625,914.484375,520,59.926461274550604
2023-06-21,921.0320116552549,925.0498577410426,913.6907156695255,920.3871459960938,572,52.10899064713196
2023-06-22,922.6689286317645,922.6689286317645,910.7145719058988,912.5498657226562,522,50.169215570539095
2023-06-23,912.0041868241741,917.6589622693926,908.7303885824472,915.4268188476562,575,56.657981621115695
2023-06-26,918.1550719351957,920.6352315028219,905.754274097065,906.6471557617188,619,46.38603260609294
2023-06-27,914.682858109079,922.619368808507,893.8495175230804,912.7979125976562,2556,49.24816238545266
2023-06-28,925.4466861107145,925.4466861107145,901.8355799211648,906.8951416015625,973,41.74611786733447
2023-06-30,907.7383439781114,919.4446842821019,902.7780251585589,908.6312255859375,871,46.930838090630694
2023-07-03,908.6312371014958,921.4288234876717,899.8018452704861,915.7740478515625,1237,51.21430304138263
2023-07-04,916.6669344479786,928.6708819882997,908.58159040543,918.6510620117188,2109,48.53047538861545
2023-07-05,922.3712602200611,967.262144355536,917.6589574655085,948.4625244140625,3158,63.10108562194085
2023-07-06,971.2304151920852,992.0637540266447,949.405012603499,957.5895385742188,4028,68.5251604510028
2023-07-07,957.5895120239849,957.5895120239849,915.7244106546636,924.4049682617188,1890,53.33333980524089
2023-07-10,924.4050418996252,940.4268965795358,907.7383820765699,932.0439453125,975,57.28415759376425
2023-07-11,934.9209297659525,944.841567558245,933.5320162547243,935.466552734375,620,57.9243369339216
2023-07-12,942.4110267994952,949.3554734575565,908.0855827020443,914.8316650390625,1636,48.11195866682763
2023-07-13,921.0320376546399,981.151078507707,921.0320376546399,954.3653564453125,3938,61.69210946233073
2023-07-14,967.2622409892231,977.1828793583434,943.4527089033345,950.3971557617188,1480,59.718813673517985
2023-07-17,950.4466841467652,963.7899539831913,936.6570340537913,949.405029296875,1940,62.420733153833794
2023-07-18,945.436722515875,948.5120958189683,936.5081490608458,936.95458984375,1054,56.769509013343594
2023-07-19,938.4427624943781,948.4129915612015,930.1094023649554,946.5776977539062,1235,60.89324184354361
2023-07-20,942.510194329094,1111.1114480416372,935.5161566993428,1054.3157958984375,33187,75.27973076707997
2023-07-21,1056.547874890161,1106.1510615047225,1041.3197208197964,1052.232421875,10172,74.10196560037636
2023-07-24,1067.0142321539863,1067.0142321539863,998.0161487756525,1001.0419311523438,4175,62.43076431190123
2023-07-25,1010.9130003116508,1017.7086130414267,985.3673577620679,995.932861328125,1999,57.73897205884753
2023-07-26,1000.942725381578,1015.5260745105031,983.1847601656244,987.1530151367188,1804,54.825122578562855
2023-07-27,990.4268717875398,998.0161840876391,957.9864339263004,966.6669921875,2105,57.195962651135055
2023-07-28,976.3395913747921,998.0161607045795,964.2859922513433,989.7820434570312,1827,59.33889558332446
2023-07-31,993.9982980913258,1010.9129731172361,989.0875703610249,998.26416015625,1671,59.993682532084655
2023-08-01,1001.0419926383888,1006.9447845198663,993.055890940282,1001.1412353515625,673,64.55823392402394
2023-08-02,1001.1411663171101,1042.6590103985934,1001.1411663171101,1014.6828002929688,3517,61.15186467194769
2023-08-03,1021.2304963791306,1044.6431777571797,1009.028063241067,1019.5935668945312,1894,62.74902862530351
2023-08-04,1020.7344533866166,1020.7344533866166,1003.0756695595112,1012.8475341796875,749,61.44621750502362
2023-08-07,1022.222527657564,1034.1768233646746,999.008211336683,1000.1491088867188,1417,61.39128299429808
2023-08-08,1006.448690566679,1006.448690566679,975.7938959782003,982.5399780273438,1638,56.30105653910829
2023-08-09,989.5340551499124,1001.9348527217176,983.1352314927071,988.1451416015625,1063,31.943687568868285
2023-08-10,1001.7860017167434,1001.9844265846366,990.0796611202646,996.3296508789062,795,35.23709498402518
2023-08-11,1010.3177903808886,1020.4367926225576,984.176873121194,998.51220703125,1688,49.09863456631072
2023-08-14,1092.2622529504013,1155.7543366823045,1016.8654035187658,1027.232421875,16921,59.54613011026192
2023-08-16,1040.0797077991197,1055.5558787942161,1031.7463476935948,1037.69873046875,2304,65.25908949701116
2023-08-17,1052.2324452460714,1059.5240896200603,1025.8435736013091,1048.1153564453125,2803,76.17983365128293
2023-08-18,1062.7979518685222,1062.7979518685222,1026.7859890300438,1031.8951416015625,2666,64.16416597246658
2023-08-21,1046.875207541372,1061.458495325219,1021.8255994007231,1026.240234375,2938,59.591786169881516
2023-08-22,1037.5994676056405,1040.674840913296,1019.4446531128716,1026.2899169921875,1984,58.79287003224909
2023-08-23,1026.289998404139,1039.0876456108297,1003.968562962773,1019.8912353515625,1624,51.91679361432679
2023-08-24,1022.1728624164826,1033.1352153141602,1003.9685167917995,1010.3177490234375,1904,46.69960653707017
2023-08-25,1010.3673610899596,1023.1649474231934,1002.0340011816655,1004.6134033203125,949,47.04836542963537
2023-08-28,1004.613365576469,1014.2859869937629,994.0974536538752,1000.4962768554688,1073,50.13260509326652
2023-08-29,1009.5736799664928,1009.5736799664928,994.3454653667823,998.01611328125,1079,56.68377054270759
2023-08-30,1011.1114094973542,1028.7701325456508,1001.9844106760918,1023.1154174804688,2987,62.92628076560542
2023-08-31,1037.5003082312892,1103.6212596528458,1029.7621626149576,1075.595458984375,18764,72.07178452812757
2023-09-01,1071.6768556501038,1101.1907519292897,1059.0776945866603,1075.595458984375,3970,71.72814646694735
2023-09-04,1086.0121749524906,1096.2304803593506,1058.5320566003866,1066.5677490234375,5849,62.47247026401452
2023-09-05,1064.7324590272783,1070.5360079589018,1043.6511035608637,1050.5458984375,1760,53.93495531281033
2023-09-06,1057.738382973762,1083.2344954840096,1050.6947541617662,1063.839599609375,1882,54.73276188306701
2023-09-07,1069.2463889904716,1077.3812635341853,1051.5876052911938,1063.3931884765625,1591,60.47508780932184
2023-09-08,1065.5261896663685,1085.317814348469,1051.6372962469181,1069.19677734375,1627,64.27164715653956
2023-09-11,1081.3495199421966,1098.214604198176,1076.3892010433792,1082.3912353515625,5559,67.14159752817136
2023-09-12,1091.2701448949886,1095.6847802223592,998.1153328513732,1020.2384033203125,5406,50.07911938235694
2023-09-13,1021.8753385350338,1036.7066435111585,998.1153384941204,1023.809814453125,1692,53.16131947840961
2023-09-14,1021.8257354290229,1071.3297443074944,1015.7245187107648,1034.9705810546875,1693,56.93563303276302
2023-09-15,1017.8573855061419,1071.6271911536714,1017.8573855061419,1032.2423095703125,2044,57.299263824447294
2023-09-18,1046.7264454453104,1046.7264454453104,987.5994697679099,1013.3931274414062,3453,53.2880821850228
2023-09-20,994.04792725204,1044.6928326649274,994.04792725204,1021.7760620117188,1283,49.69155359495241
2023-09-21,1028.819813634581,1034.1273307515162,1013.8892049835908,1022.3713989257812,1733,33.89379716988974
2023-09-22,1035.1193410704484,1036.7066188502956,1000.0498511740961,1009.4248657226562,3130,31.43100945835171
2023-09-25,1008.9288635397485,1018.0558018686188,999.3058327704646,1008.8792724609375,1219,33.002091899715424
2023-09-26,997.1232766254947,1015.8733062044582,997.1232766254947,1006.7958984375,1386,35.9554524507422
2023-09-27,1012.8970769686844,1016.7661497689884,991.0716747225423,1002.4804077148438,1239,29.097701620230694
2023-09-28,993.0558055434992,1011.0121350498038,993.0558055434992,1004.4645385742188,565,30.133807960987255
2023-09-29,1015.7741121908842,1021.7760253022288,1006.2998548039684,1017.857421875,1188,33.5348613602535
2023-10-03,1018.452606629497,1071.428834324749,1016.6669645665405,1054.216552734375,2436,42.132959853407534
2023-10-04,1036.756242788745,1060.2681045974525,1024.6034621746458,1029.4644775390625,989,53.25625120095266
2023-10-05,1030.059897351946,1039.0876537587144,1016.865400302527,1025.248291015625,845,50.50539577756067
2023-10-06,1030.0598754007121,1046.1312602614112,1022.7681097068504,1030.357421875,1079,48.30722494365032
2023-10-09,1030.357415264954,1044.8415221985895,994.2463300883246,1007.88720703125,2059,42.19398733929591
2023-10-10,1018.0063107039725,1046.4784938299706,1006.944774916844,1033.184814453125,1381,56.09160085076933
2023-10-11,1033.4328347991004,1041.61736132951,1012.8971621270526,1017.0637817382812,815,48.61557209726679
2023-10-12,1017.5597634707399,1039.6828340480636,1001.9844106760918,1023.1154174804688,1511,50.211796086411404
2023-10-13,1035.7145688345327,1035.7145688345327,1003.5220876068693,1017.1630249023438,1046,52.29413544414109
2023-10-16,1016.8654403982895,1035.6154712756984,993.2543330143177,1031.44873046875,1317,56.18710876506796
2023-10-17,1017.9071621097565,1041.071828795519,1017.9071621097565,1035.4169921875,1592,57.7658274973039
2023-10-18,1019.0975658995633,1036.1114847464742,1016.8157706577114,1019.8416137695312,662,54.43939396777059
2023-10-19,1028.7205225727753,1033.9288575916482,1019.0479003948684,1029.8118896484375,611,56.2271798825792
2023-10-20,1009.9208943724279,1038.5915608789455,1009.9208943724279,1025.7442626953125,572,52.03063250734352
2023-10-23,1027.6788667969513,1037.202654613266,1006.9447101219178,1011.607421875,2202,37.611778417874895
2023-10-25,1020.8832678745026,1025.7939350805511,985.1193206334501,1001.5379638671875,859,41.12270223370124
2023-10-26,997.222501950794,997.5697000458915,967.311755417818,996.3792114257812,769,40.87774362384576
2023-10-27,996.3792180321003,1031.1511014315897,996.3792180321003,1018.1550903320312,630,46.511647384350596
2023-10-30,1032.440632429616,1032.440632429616,1003.3732390104908,1026.240234375,270,55.716884406747944
2023-10-31,1025.794003953541,1028.7701954543734,1013.9388290317381,1024.305908203125,523,46.76313131088376
2023-11-01,1039.1867194010104,1039.1867194010104,1002.9763945722401,1011.70654296875,718,47.99551112148427
2023-11-02,1007.9367709356582,1022.3713469521704,1006.9447071847372,1009.9208984375,435,44.900276808348316
2023-11-03,1015.5756426770387,1040.674842692843,1014.8811859626104,1027.0836181640625,2742,53.52856715499003
2023-11-06,1027.778164655031,1051.5876974269624,1018.8495898655569,1044.94091796875,2258,54.68001070413566
2023-11-07,1050.0994656978012,1060.5161349371274,1046.8752585522955,1055.2086181640625,1541,56.577633134462296
2023-11-08,1060.5161651625676,1085.3177592963975,1035.218539146061,1055.059814453125,2213,63.04186170561419
2023-11-09,1023.809836251395,1069.8416205512226,982.1431568690708,1000.0003051757812,4241,41.72401908972394
2023-11-10,1000.0002582903309,1000.0002582903309,977.5796417989691,990.2284545898438,1392,40.44314660035837
2023-11-13,995.1888256043982,1001.9844384169182,982.1431624086624,984.9705200195312,1372,42.472661115812144
2023-11-15,998.8593594478958,1006.3494891783679,982.242291685625,989.6331787109375,1719,46.52977538405044
2023-11-16,1003.3732996676932,1003.3732996676932,989.7324231229022,990.5260620117188,1323,48.25030214390809
2023-11-17,990.6252093667448,997.4208821371577,982.9367155843142,987.9962768554688,792,39.81228722421619
2023-11-20,993.5023181077066,1003.9189881491209,982.8872231934447,992.807861328125,539,38.45105154896532
2023-11-21,1006.1015539910964,1039.6828903020125,998.264225540458,1019.8416137695312,6647,48.685746813417126
2023-11-22,1019.3455049705145,1039.682811882335,1008.9784266540918,1028.720458984375,1159,55.12094163776956
2023-11-23,1028.819792812176,1039.0876287280685,1006.9447379944412,1010.2681274414062,757,50.09498152292998
2023-11-24,995.2879730458977,1023.0161068595905,995.0895481825829,1000.6451416015625,720,42.45683605327553
2023-11-28,996.8752742777599,1011.3098508500827,992.0637891208313,996.528076171875,729,35.012217787254045
2023-11-29,998.7602417342816,1008.5816976835881,988.1947379267176,991.4189453125,1523,29.600245781582302
2023-11-30,998.8097692194183,1004.9605765662056,984.722451889877,990.1292114257812,806,29.385808022812697
2023-12-01,1001.2403217212373,1029.7621540219413,993.4526456437858,1016.6173095703125,3382,56.444764068605146
2023-12-04,1030.903133689736,1030.903133689736,1006.4487365219023,1010.2185668945312,1526,57.96129975721193
2023-12-05,1007.2423359304723,1021.0816376645466,998.3137619795558,1004.811767578125,1792,57.89265394340133
2023-12-06,1004.6133626310178,1021.8256441643541,992.063732198402,1016.6173095703125,1005,60.15683654612237
2023-12-07,994.0479329049932,1029.7622298955919,994.0479329049932,1024.8515625,2217,62.24348376596376
2023-12-08,1033.631306683127,1033.631306683127,1004.6134402736466,1008.73046875,1278,56.741951450503244
2023-12-11,1008.7303933119694,1032.7383478013664,1008.7303933119694,1018.1054077148438,1161,57.988699885472336
2023-12-12,1013.393093083868,1026.1907393313709,1007.1926948148771,1011.1609497070312,1154,46.860383489551836
2023-12-13,1011.3098673035253,1018.9983617942993,1002.0836254739811,1006.5479125976562,1561,41.72531626136225
2023-12-14,1013.2442860968316,1018.899122128591,1006.5478557892576,1008.9288330078125,705,49.43205377410012
2023-12-15,1012.9466899787697,1021.7760211117948,1007.5399303769317,1015.3772583007812,1011,56.4202166963777
2023-12-18,1028.77005306184,1040.6251657920002,1011.9049702247605,1030.6053466796875,2947,63.539569001307584
2023-12-19,1033.9288605638542,1164.583737788095,1033.9288605638542,1106.7960205078125,25455,79.29470347283177
2023-12-20,1101.190745428036,1113.0458586161312,1046.6272400239443,1054.01806640625,5786,62.85940119395607
2023-12-21,1021.8753804534055,1063.9387893023247,1021.8753804534055,1049.603515625,1920,57.28688746950797
2023-12-22,1056.5974800888291,1089.285930190831,1051.5875100202923,1060.6649169921875,2388,60.919022421361156
2023-12-26,1063.1947331346773,1081.2998976058439,1058.5320816840886,1063.244384765625,2247,62.80435350158997
2023-12-27,1059.5240953526895,1139.8812598878656,1056.547904073609,1106.1014404296875,10491,67.25984680600985
2023-12-28,1093.254312314677,1137.79800134708,1093.254312314677,1117.460693359375,4134,67.64983142423489
2023-12-29,1102.232502769537,1125.9923816779872,1098.7602795661246,1114.2364501953125,2319,71.14734251645802
2024-01-01,1117.0140035926627,1129.811648729729,1108.6807659234269,1114.3851318359375,2771,70.03922102675907
2024-01-02,1114.3853014050387,1230.159097014053,1094.395191858253,1198.76025390625,27676,79.52842172087625
2024-01-03,1254.7623407243893,1397.8178920207445,1241.0718118651182,1317.5103759765625,117761,86.00803302544546
2024-01-04,1337.3020143963124,1394.7920636814135,1292.2622932519744,1307.44091796875,27623,83.96161718455099
2024-01-05,1327.0836792286902,1374.008344787312,1290.674986691908,1326.9844970703125,20122,84.42567934333684
2024-01-08,1425.5955834413485,1425.5955834413485,1326.9844242216898,1355.7542724609375,24344,84.87814216494267
2024-01-09,1372.0241203629269,1398.5618247878785,1319.4447433714336,1325.6451416015625,13972,76.0509984696158
2024-01-10,1338.8893505455649,1357.1433496441282,1305.4071955378972,1324.1572265625,10571,86.62906291648763
2024-01-11,1329.3653958952798,1354.0678069497592,1315.5261553263847,1334.57373046875,7704,88.02120284068293
2024-01-12,1337.6491669627603,1348.6115201184505,1311.508310708655,1317.460693359375,3771,83.7176366651376
2024-01-15,1337.202789527894,1346.8754113557368,1290.6749741562214,1301.0419921875,4487,80.1282249563242
2024-01-16,1291.071842212789,1334.3257992929828,1269.8416528587493,1275.149169921875,4379,72.37985469018317
2024-01-17,1263.4924680249953,1288.6909134945424,1190.575776614796,1210.5162353515625,7793,60.79650823046608
2024-01-18,1228.6708591253612,1277.7780109434518,1201.4387597395744,1258.283935546875,4502,65.14709291474585
2024-01-19,1275.1987395043018,1307.5399927993674,1259.9209338810292,1298.3634033203125,4212,67.8471958415791
2024-01-23,1279.76224351988,1296.2304776270385,1170.734412661717,1193.155029296875,6665,49.477377614307
2024-01-24,1218.204612002114,1248.0161756072716,1193.5518524673796,1230.7047119140625,1905,40.462154532217546
2024-01-25,1246.1809173016247,1269.8416137754944,1227.1828720627238,1251.934814453125,1730,44.04721632813793
2024-01-29,1244.0480395084749,1269.7920473878303,1239.0877203716786,1246.925048828125,1750,41.13770809286281
2024-01-30,1250.397174806395,1263.8892175870176,1216.3693397384395,1225.5955810546875,2667,35.3505932524744
2024-01-31,1245.0400090088795,1303.522118760357,1226.1907977171115,1263.591552734375,4042,43.13767576553059
2024-02-01,1294.6430599743053,1324.404969399002,1265.2780002289085,1273.859375,1869,44.54366419354446
2024-02-02,1282.1432722319194,1284.7226138773115,1256.9944792616554,1277.5301513671875,2683,43.71997238030143
2024-02-05,1296.6770254134376,1346.8257773468129,1279.811940980143,1292.75830078125,8207,47.26913663682305
2024-02-06,1303.1750257666745,1309.4746068808797,1276.339771766403,1288.4925537109375,2966,48.57434472276652
2024-02-07,1256.0022572481116,1294.5934371115816,1256.0022572481116,1272.718505859375,1820,49.71737122307632
2024-02-08,1279.6134116369863,1282.1927531826439,1254.9606515172115,1266.5677490234375,2080,57.54338017766061
2024-02-09,1269.8912714604992,1273.7602232646966,1230.1590692118732,1237.3018798828125,3331,47.02825633154207
2024-02-12,1349.2066768725037,1369.0479515323934,1279.7622155628897,1284.524169921875,24646,48.07878521052173
2024-02-13,1299.60361273159,1329.36552752697,1262.401219237365,1321.925048828125,6643,72.02240979631102
2024-02-14,1325.6948973785513,1329.2663028193801,1289.7325848184973,1314.5341796875,3439,65.98563383075034
2024-02-15,1337.1035639237032,1354.1670118967345,1291.3197978726025,1330.059814453125,5742,65.22916079709428
2024-02-16,1348.1154616511794,1348.1154616511794,1291.3693421722114,1302.182861328125,4406,59.88988709057224
2024-02-19,1309.5240969017473,1361.0617581838983,1309.5240969017473,1355.307861328125,9713,70.8432897389555
2024-02-20,1360.119403829658,1378.968615115408,1329.3654275213287,1335.4169921875,5341,62.25457281006635
2024-02-21,1274.8516504247257,1388.8893372069208,1242.7582892158912,1347.6195068359375,30826,62.50212595502452
2024-02-22,1373.0163222071003,1373.0163222071003,1323.9091632842308,1332.5897216796875,7173,58.986401892880735
2024-02-23,1338.3154062967815,1353.2021250294488,1323.3788504229335,1330.3492431640625,3973,56.406927541767935
2024-02-26,1332.2410834753753,1336.7717653222617,1297.4886763520774,1303.21435546875,4842,52.32769865083381
2024-02-27,1304.4591024572849,1334.332211673864,1284.5436963128989,1325.8681640625,4649,58.22468512483556
2024-02-28,1341.2528746716398,1341.2528746716398,1274.635932998536,1287.929443359375,3651,53.00954931485223
2024-02-29,1300.8245114122483,1315.412570666471,1274.5859882309487,1293.3065185546875,3470,58.45966561834349
2024-03-01,1311.3300778737878,1318.7485188102723,1290.5184519839252,1296.4432373046875,2742,52.07704118685393
2024-03-04,1306.400849169813,1306.6996288934638,1284.54373882459,1293.605224609375,1929,44.38903249773623
2024-03-05,1293.6052745847066,1297.6381932398126,1259.6993661243032,1270.45361328125,2992,41.779757937331766
2024-03-06,1272.0467310032673,1272.0467310032673,1219.719074263827,1232.066650390625,4316,33.1617259629422
2024-03-07,1238.2403745473357,1254.2225365677946,1222.258212526877,1233.560302734375,2895,37.032779050047886
2024-03-11,1233.7594231244736,1246.7542743867284,1206.3757393989506,1214.740234375,4168,19.480986208892503
2024-03-12,1196.6171002664046,1211.8025970797041,1155.0935280936012,1168.08837890625,2008,17.452906348359107
2024-03-13,1160.072554090632,1174.4116726322532,1075.681009919661,1081.10791015625,5174,9.842645541378431
2024-03-14,1090.5675743218185,1151.4589519406788,1066.4699818959068,1143.6920166015625,2485,25.104972731221537
2024-03-15,1147.1273595505618,1150.0151176657837,1090.0199584531783,1107.79443359375,6161,23.05928860062849
2024-03-18,1105.30512647098,1160.022660461614,1072.6438092473538,1109.2882080078125,4789,24.971097646628436
2024-03-19,1127.311505623977,1138.513921233699,1097.338844614541,1104.2593994140625,3198,20.035005560813588
2024-03-20,1117.2542492006287,1168.9844663954082,1072.9923090726984,1148.3720703125,8016,31.43953685454622
2024-03-21,1175.0089697261644,1187.4062615054916,1147.724838830199,1158.7281494140625,5170,32.33566130594201
2024-03-22,1167.0428999327078,1175.7558908665058,1156.0894256159331,1165.1011962890625,1529,32.905681720689785
2024-03-26,1163.0597735255042,1201.8948173332908,1150.7121968245365,1174.6605224609375,4667,34.78540027999753
2024-03-27,1176.6520117343587,1209.8609272793344,1176.2536792993528,1191.489013671875,2117,39.73330768556856
2024-03-28,1207.2221701765252,1209.2635480336583,1165.0513197922796,1168.13818359375,1866,41.350048031247404
2024-04-01,1168.1879909305471,1227.6852683507661,1168.1879909305471,1201.4964599609375,1748,46.00595274480412
2024-04-02,1201.9446795622111,1214.7900201543396,1183.025042440409,1201.0484619140625,1349,48.212671146979964
2024-04-03,1207.9689791054361,1283.5978096089027,1205.230610661454,1276.47802734375,4830,63.160439357173054
2024-04-04,1291.5141456684023,1308.4422416409257,1260.9937600894943,1267.7152099609375,2810,77.97011397090439
2024-04-05,1280.9590572501165,1300.9740178289926,1267.715262407983,1288.47705078125,3413,74.81225735918936
2024-04-08,1306.4008197877843,1306.4008197877843,1271.2003633651163,1284.3446044921875,908,83.95248198613353
2024-04-09,1291.8128147797515,1297.488656674692,1269.8560317915587,1273.09228515625,1547,80.36169314458269
2024-04-10,1279.7143104878373,1284.4939353134034,1249.6918096348147,1255.2183837890625,2647,76.70898673725387
2024-04-12,1254.322095306073,1280.510781526756,1235.8505074339203,1246.20654296875,2643,69.76463741239255
2024-04-15,1246.2065456797402,1246.2065456797402,1214.8397808464108,1217.7275390625,2313,61.10590526628777
2024-04-16,1200.1023714066241,1234.7552280409861,1199.9032659591842,1213.943603515625,829,59.28447815374591
2024-04-18,1230.6724744649146,1237.4934763565252,1196.2685637567238,1203.88623046875,1281,55.54503037043454
2024-04-19,1219.8186420735829,1224.7476565362824,1192.6340637143453,1205.4298095703125,1630,52.80786220102093
2024-04-22,1222.0092094098827,1238.738198330474,1209.5620812112245,1223.6025390625,2317,61.40924362573511
2024-04-23,1219.8186519205974,1235.2032548681204,1212.0018791558236,1220.117431640625,913,54.367133145413455
2024-04-24,1215.8853553809747,1234.7053165283091,1214.839747959905,1217.7772216796875,1233,53.88884159387965
2024-04-25,1234.8049752593633,1234.8049752593633,1211.3545367161364,1225.2454833984375,817,32.588813450476295
2024-04-26,1231.3694622684818,1231.3694622684818,1202.4921251256717,1213.1966552734375,1134,31.876851408490722
2024-04-29,1228.6810362502858,1234.7552109611504,1217.2296774389526,1233.510498046875,648,31.67334147334148
2024-04-30,1249.6419570514856,1249.6419570514856,1206.873668971496,1224.3494873046875,1419,30.64573038858181
2024-05-02,1224.7975172178844,1284.5437375699764,1224.7975172178844,1267.36669921875,4839,48.467101375765395
2024-05-03,1279.564912854699,1294.4516311180628,1220.8642987426142,1231.967041015625,1899,44.30902494976047
2024-05-06,1248.098511860603,1264.5784373077752,1225.3451849343555,1231.718017578125,2121,46.29486956966919
2024-05-07,1245.7087556800063,1245.7087556800063,1214.8398736447705,1219.8187255859375,1064,50.5843259700507
2024-05-08,1207.371520659494,1234.4564249137215,1206.2263604734305,1209.512451171875,1163,48.80537718487627
2024-05-09,1219.7688962737293,1219.7688962737293,1165.0513617107122,1174.959228515625,2939,43.11124909737217
2024-05-10,1175.1085160562081,1206.7740604694084,1175.1085160562081,1192.982666015625,875,47.25153519092648
2024-05-13,1194.5261133114825,1194.924445770873,1170.0301864839798,1187.6552734375,836,41.58509320177945
2024-05-14,1179.938078706513,1207.9193239964009,1162.6614866966731,1187.057861328125,1014,42.155013394388256
2024-05-15,1193.829082582672,1226.1417814303556,1190.4932762610495,1202.791015625,713,46.65632791175126
2024-05-16,1213.8938043540609,1220.1173685830327,1199.355461071992,1203.089599609375,325,44.89327136640675
2024-05-17,1214.0431858827192,1244.1652395603403,1185.2156823070586,1204.0357666015625,2826,47.77460020733943
2024-05-21,1220.0676367499052,1239.7341014108401,1202.9901507208756,1226.9384765625,2282,48.423329498890666
2024-05-22,1232.1163889576753,1241.177874616362,1204.8820948437015,1209.512451171875,2002,46.576272408662575
2024-05-23,1214.9393691046298,1225.793290135557,1204.0357324890356,1216.18408203125,3310,35.80893740997065
2024-05-24,1211.4044290774268,1265.0763519785492,1206.2761876285347,1253.077392578125,5249,55.805044806019616
2024-05-27,1269.607171890226,1269.607171890226,1235.20325833623,1249.14404296875,2668,54.6967389916787
2024-05-28,1219.8187047012616,1259.101797222898,1219.8187047012616,1229.5274658203125,1398,52.51223361176146
2024-05-29,1246.6546651980937,1246.6546651980937,1209.8609986748095,1226.7392578125,1581,54.6380639249717
2024-05-30,1293.505679322768,1380.087862277085,1284.5935833485712,1316.8564453125,67332,79.40568451920187
2024-05-31,1324.4244342445897,1330.3492193468771,1294.5014858914224,1307.496337890625,8250,74.61475810734505
2024-06-03,1345.3355272871959,1385.1165025897249,1294.5014042894625,1307.994140625,5000,76.41533297034499
2024-06-04,1308.0937704643318,1308.0937704643318,1189.9954289289713,1207.5706787109375,12712,53.13069279114021
2024-06-05,1225.0465363556496,1235.7510681709905,1168.5864032163365,1227.2371826171875,10883,53.68674173569922
2024-06-06,1240.7298763386286,1271.598757692158,1236.6969577337452,1255.2183837890625,3035,57.255744172572385
2024-06-07,1258.4546490859943,1294.5014880548442,1254.8697784912572,1276.2291259765625,2790,59.51693747356888
2024-06-10,1284.4442031165806,1286.535296547848,1238.837872310855,1251.3348388671875,5796,53.19926786062457
2024-06-11,1244.762831604502,1281.1581666302018,1244.4142147228497,1275.6317138671875,1969,58.517203477648295
2024-06-12,1278.4696189943688,1293.2069477297898,1271.548941900389,1283.0999755859375,2625,58.602167242419874
2024-06-13,1294.5513287250292,1320.391521416212,1280.9590387525914,1312.3258056640625,6598,57.76966423975547
2024-06-14,1326.3162857797265,1346.0325875798587,1306.5005528081383,1325.5694580078125,5750,59.7833122221045
2024-06-18,1327.4117433842578,1371.175802624192,1322.3830543826632,1330.9466552734375,6382,63.47400480689702
2024-06-19,1330.9465044222775,1349.4180913560065,1319.3955937238698,1333.03759765625,5313,64.14843511869597
2024-06-20,1333.0376251060136,1418.9726488846218,1320.6403337426173,1402.7913818359375,23295,62.093610775453776
2024-06-21,1453.824687040042,1487.6808783820704,1429.9261990339044,1474.88525390625,31786,70.02142822100795
2024-06-24,1538.4651451643067,1632.067555290808,1508.94053085084,1584.7186279296875,45366,76.23677326600824
2024-06-25,1587.2081236533238,1769.0856050148561,1587.2081236533238,1601.5472412109375,78111,94.39021116137104
2024-06-26,1607.123479518897,1637.5941489366337,1568.3382736895692,1583.5736083984375,16715,90.30296101899347
2024-06-27,1583.7727222766955,1583.9718277226575,1531.046731511591,1537.220458984375,12959,80.62282755459431
2024-06-28,1539.4610190232138,1577.2504566059667,1532.6400161798688,1543.2449951171875,9044,79.97093603186678
2024-07-01,1543.593399764664,1611.156392274524,1493.6056563179397,1582.279052734375,13090,86.00367859443165
2024-07-02,1595.2240885320791,1606.8248373318913,1553.4017341510882,1568.2884521484375,6980,82.56869267912045
2024-07-03,1575.05973951314,1593.182711128076,1537.5689618009371,1541.3031005859375,5649,77.53822438861809
2024-07-04,1541.402652882811,1545.584961253252,1503.6132170106648,1529.9512939453125,6566,74.13049504393003
2024-07-05,1532.5901052983293,1684.0965867724246,1531.196002512153,1647.2032470703125,31324,78.9789999850421
2024-07-08,1672.894090472252,1688.0297502882618,1613.2474256737823,1626.2919921875,6979,75.88582658210485
2024-07-09,1645.4109091048579,1676.0805621780632,1613.2973161282127,1635.7021484375,4110,76.19129209055995
2024-07-10,1639.3367300881866,1644.315581699274,1563.3594058813974,1579.6900634765625,9253,65.6809935391217
2024-07-11,1601.5971041596283,1635.0549646305494,1578.296052947272,1600.9498291015625,5067,62.281720552358166
2024-07-12,1608.1691144437677,1608.1691144437677,1563.3594487162325,1570.8775634765625,3593,48.4034179523039
2024-07-15,1573.3669817569917,1595.5228719264562,1548.0245535521046,1558.97802734375,5586,45.033113337372626
2024-07-16,1578.694221281893,1603.040755930099,1569.7322887899418,1594.87548828125,4377,51.265738508554406
2024-07-18,1594.875557723616,1624.7983829144396,1553.0033671359154,1581.1837158203125,5780,55.31223329829673
2024-07-19,1597.0164784503481,1597.0164784503481,1532.8390087711864,1535.2288818359375,3991,49.116628973945474
2024-07-22,1539.1621542855016,1592.2367616280344,1528.3083549047171,1548.7713623046875,3302,46.08766470233926
2024-07-23,1544.3899238894342,1553.4016938761463,1516.6577448832772,1529.453369140625,3030,45.52135828542452
2024-07-24,1537.0711381356357,1622.5580011635413,1515.5126850434378,1614.3428955078125,7943,57.430855545267036
2024-07-25,1636.6481389542578,1636.6979760938443,1577.350086964271,1597.464599609375,3280,56.79222820415014
2024-07-26,1619.5705046679452,1619.5705046679452,1568.3381729724406,1597.3150634765625,4947,43.433812098453934
2024-07-29,1617.9774260659901,1662.7373761528563,1606.2274088888732,1621.313232421875,8891,49.34998702715246
2024-07-30,1632.7645811428956,1676.4292078824478,1621.313222209986,1668.4132080078125,7445,53.88802977994978
2024-07-31,1679.516016117131,1679.516016117131,1633.3122494651152,1644.1163330078125,2402,58.2821082734461
2024-08-01,1644.1163572861535,1707.7461052866413,1623.055790627359,1686.884765625,12479,60.46819818198851
2024-08-02,1662.936433601785,1766.4965468320759,1619.8195301448836,1721.13916015625,16031,68.11955633735437
2024-08-05,1720.6910584739626,1720.6910584739626,1581.2832180883406,1609.3638916015625,12699,54.89644255496028
2024-08-06,1629.0801593542305,1658.9532674108484,1593.232429686289,1597.3150634765625,7859,50.24859816013727
2024-08-07,1618.525186325817,1647.8505751481337,1559.426239081559,1622.5579833984375,8584,54.11915805050161
2024-08-08,1623.3048148443584,1641.328355854418,1603.1903019139943,1609.712646484375,2301,57.93887116949476
2024-08-09,1630.4246250201052,1647.9999967280355,1608.716903433672,1634.60693359375,3149,58.932647887016195
2024-08-12,1610.1108909429267,1682.8519668907836,1610.1108909429267,1657.858154296875,6367,63.25419313997361
2024-08-13,1672.8941739605243,1673.8899443021676,1503.2647205724097,1542.0499267578125,18278,42.985511558394606
2024-08-14,1565.2015896626554,1586.959147350978,1520.5911512192793,1544.838134765625,9448,44.75018071080231
2024-08-16,1559.3763181835968,1622.0600110879618,1537.5192083223526,1590.494140625,3497,49.37620526226127
2024-08-19,1598.211317534281,1649.0951551088424,1588.6519470486126,1642.6724853515625,5799,51.85762251072213
2024-08-20,1665.3760864362032,1665.3760864362032,1603.1902762073978,1633.0135498046875,4447,46.706808099693575
2024-08-21,1633.0135124650035,1650.3897777453149,1593.1826990600434,1616.13525390625,5397,47.36051812013333
2024-08-22,1611.2558975114582,1678.8188880301761,1611.2558975114582,1659.4013671875,6753,47.409896747438474
2024-08-23,1678.2712945288615,1729.6530179000686,1648.995623282967,1699.0330810546875,10248,47.93757219061077
2024-08-26,1721.686899580293,1742.5980764982721,1654.9702875086446,1666.7701416015625,4665,56.28887149825538
2024-08-27,1663.9321515704532,1689.5233993554164,1649.0951499655798,1664.828369140625,2622,57.563595336592705
2024-08-28,1675.08482069564,1708.6920697382373,1664.6790692433087,1687.581787109375,2441,57.325555713555275
2024-08-29,1690.8180245116453,1695.9959816188225,1635.1047230322856,1656.712890625,2543,55.08838657496736
2024-08-30,1635.1046783253566,1684.8433564500237,1635.1046783253566,1654.92041015625,2296,52.31499695336563
2024-09-02,1654.9204981777834,1742.5981268383046,1643.070928158482,1655.7171630859375,9718,49.74284371249285
2024-09-03,1678.370878783321,1762.5134710450775,1678.370878783321,1730.25048828125,8717,75.09292627517897
2024-09-04,1747.5769285597123,1747.5769285597123,1712.2270818566526,1720.740966796875,3799,73.04030545677813
2024-09-05,1723.4792976464519,1750.5143642644923,1696.8921574914057,1715.21435546875,4687,68.25534773690492
2024-09-06,1725.0227501854108,1732.5408649873123,1652.9787893114608,1665.7744140625,2817,53.408764648604595
2024-09-09,1665.7743762047285,1722.4337324277333,1635.104722899939,1683.6982421875,4326,57.30062704556428
2024-09-10,1700.5268394560287,1717.703878238413,1675.5827432113147,1707.9951171875,1980,62.954642328639125
2024-09-11,1707.9950275191322,2049.594081644556,1707.9950275191322,1960.870849609375,422781,76.71873147265808
2024-09-12,1966.646395670664,1993.830974217229,1832.2174015362139,1846.5565185546875,46173,61.54626063468357
2024-09-13,1872.0482258100399,1936.5741920021119,1820.2681685004004,1841.3287353515625,19398,64.26595550249048
2024-09-16,1852.132758869549,1915.7126682436005,1790.4945529598124,1811.45556640625,17928,61.460036750885855
2024-09-17,1812.3020833738337,1857.1117502704394,1745.0377458885505,1782.0306396484375,13282,57.3057118301874
2024-09-18,1802.2944460387807,1890.9678418520175,1773.367391111356,1862.3892822265625,18431,64.77785517482484
2024-09-19,1882.005932772151,1882.005932772151,1773.4669662789424,1797.216064453125,7488,59.370499381187514
2024-09-20,1802.3443127210057,1829.6284443072502,1776.4542839194887,1786.4119873046875,6039,58.494598028104924
2024-09-23,1792.386621879189,1870.9529264490263,1770.0316262445724,1857.1116943359375,13300,58.28672526968515
2024-09-24,1862.2398152761996,1882.0058310427555,1802.3442085647555,1820.8157958984375,4292,56.31598337562155
2024-09-25,1834.0595385059564,1891.963606890808,1798.012701564687,1829.8275146484375,5230,57.20185372883517
2024-09-26,1814.2935132607604,1851.13701490217,1802.3941066224972,1810.858154296875,3805,59.479508598129
2024-09-27,1821.2141292678132,1827.0891986315378,1798.361248403881,1805.1822509765625,2410,58.066652865559
2024-09-30,1807.3231851965363,1822.2597404460944,1782.4289264472727,1795.871826171875,4578,55.953586429495566
2024-10-01,1811.3061805397883,1867.0693174887867,1804.3856255578933,1821.313720703125,2787,36.3334990962732
2024-10-03,1777.699047290583,1846.407202598271,1762.5135491972171,1770.330322265625,5485,41.47834818510358
2024-10-04,1805.3316301249206,1832.217429360096,1749.568490970483,1764.256103515625,4266,41.39999733028731
2024-10-07,1788.4034616200813,1807.2732602132398,1657.957552114385,1689.1749267578125,6940,37.60596919046083
2024-10-08,1718.0523881907498,1740.6066114427272,1642.9215621937267,1712.62548828125,2847,42.87904265533193
2024-10-09,1736.5735455368795,1745.5853152669558,1691.514939994478,1716.010986328125,3441,32.16452064391095
2024-10-10,1738.0175353472086,1742.5980544939368,1717.703796572595,1739.0133056640625,1234,42.096014794868076
2024-10-11,1722.682737034663,1757.4848627826361,1712.7250333523818,1731.246337890625,1620,42.446146342344015
2024-10-14,1755.1447857451915,1780.4373768184,1687.8805718744115,1754.1988525390625,3905,33.78824193625306
2024-10-15,1757.9328958557264,1765.9487737650318,1728.7070621287749,1745.03759765625,1252,36.94682087196561
2024-10-16,1757.982684742316,1757.982684742316,1709.339328314591,1729.8521728515625,1784,33.137391679610474
2024-10-17,1729.6529695980255,1735.876533823695,1682.8019294855912,1694.4525146484375,3310,31.397195753013705
2024-10-18,1694.8011272679885,1711.3807278238007,1651.0370692248234,1696.693115234375,3305,32.46985382849573
2024-10-21,1719.9443240652663,1719.9443240652663,1647.9999168203883,1652.7796630859375,4778,29.204074558068555
2024-10-22,1675.283974664422,1675.283974664422,1556.3889767015655,1566.3466796875,6969,18.52492129308989
2024-10-23,1588.652065636791,1621.4626505626973,1553.4017703826914,1581.6318359375,4633,24.45406908988268
2024-10-24,1583.2749187567533,1589.1001512225107,1546.87946241153,1553.10302734375,3260,23.05252446320533
2024-10-25,1573.715464051769,1573.715464051769,1497.7381387582925,1526.615478515625,2574,26.316596328920994
2024-10-28,1547.4769383955702,1547.4769383955702,1482.1045915638347,1527.3623046875,3352,21.096796506193613
2024-10-29,1548.3232236902886,1593.2324387466626,1516.7572330652274,1585.017333984375,1649,32.522926545803244
2024-10-30,1605.5800276270932,1618.3258143092173,1563.359343343205,1602.4931640625,1602,31.51296190196277
2024-10-31,1624.4498352589533,1624.4498352589533,1593.232461036321,1605.8289794921875,1438,32.81016339914116
2024-11-01,1613.1480114456615,1652.9788265430852,1613.1480114456615,1625.8939208984375,594,32.274080425149265
2024-11-04,1641.3780533581046,1660.6960227089608,1598.2114324376448,1640.6312255859375,1671,35.79464090858812
2024-11-05,1661.3432939520053,1662.936502218181,1637.3452525721118,1649.941650390625,1093,38.950864939769
2024-11-06,1629.0803301024005,1682.8519302402547,1629.0803301024005,1670.7532958984375,1246,46.58538644454138
2024-11-07,1682.8518402516647,1687.8306918500425,1645.4109005426633,1678.520263671875,1693,47.42267612890358
2024-11-08,1691.1665498780249,1691.1665498780249,1625.545259491891,1646.8050537109375,2088,49.12229608949768
2024-11-11,1646.8051182952881,1788.2542291500115,1625.1968279170535,1721.8861083984375,4875,73.6380268693587
2024-11-12,1731.1467428076528,1742.5981017620893,1652.9787708143247,1705.2567138671875,3268,68.71137805358877
2024-11-13,1668.9610056317752,1670.4546612121667,1597.2655377729807,1614.890625,3599,57.87737193924748
2024-11-14,1632.2667396789811,1654.4226303815724,1610.6087341607174,1624.7984619140625,1472,63.070000139748736
2024-11-18,1647.0539628956124,1647.0539628956124,1548.5224158134533,1581.5322265625,3144,56.477737521421666
2024-11-19,1603.4391990707322,1627.9849624016178,1553.4017392022,1596.568359375,1558,51.53806593726675
2024-11-21,1598.21138685178,1598.21138685178,1520.2425210398424,1582.0799560546875,2189,47.26010047636321
2024-11-22,1573.3171553708682,1583.2250217466994,1528.5573266925178,1561.5670166015625,2067,44.3209419435919
2024-11-25,1582.9264030800127,1604.1362391639266,1568.3383427556441,1581.2335205078125,1120,44.2639554434241
2024-11-26,1601.1987691739153,1603.1903099315944,1559.077633527404,1594.626708984375,1287,44.07084981197904
2024-11-27,1616.483696330125,1616.483696330125,1582.0799053094947,1602.443359375,1534,43.85466725376248
2024-11-28,1603.737895975154,1623.105579576107,1593.28230788586,1604.8829345703125,1028,41.05231809646735
2024-11-29,1605.1818299615759,1618.4256244507246,1593.2325855698023,1607.870361328125,808,40.276822050071765
2024-12-02,1607.870271726918,1642.0252419983287,1607.870271726918,1631.2708740234375,1305,47.81203771267366
2024-12-03,1631.2211275046664,1667.8156857211754,1631.1712903684897,1646.2073974609375,1915,37.1664617308178
2024-12-04,1641.9257404946422,1689.473774303714,1623.1056567285245,1672.695068359375,2700,44.656869441687974
2024-12-05,1667.965103189003,1687.8306722138163,1656.1154122119244,1676.13037109375,1170,64.06033143274821
2024-12-06,1692.8094863351391,1697.7883377655367,1658.8537438906264,1686.2374267578125,1578,64.09317870751391
2024-12-09,1709.2896632544894,1726.3670277170102,1699.680454951841,1713.7706298828125,1924,82.69325834354906
2024-12-10,1713.7705850041361,1729.005798209069,1683.1008100407219,1704.161376953125,1405,77.3336508917064
2024-12-11,1717.7037243850277,1720.4919297766394,1692.7099147931795,1707.2979736328125,606,83.75832944998643
2024-12-12,1700.2280225793097,1710.6836111749403,1674.0393355055091,1683.2999267578125,761,82.21342009409132
2024-12-13,1671.6493558672287,1681.8560012269543,1663.0359186431017,1672.296630859375,923,75.25541865366998
2024-12-16,1662.9364252981075,1703.6634554739915,1660.944884669008,1694.35302734375,1753,76.3899530835516
2024-12-17,1717.4050392015374,1754.9953691518613,1691.7639532089327,1739.9095458984375,5482,80.32065300214376
2024-12-18,1741.6022703696062,1741.6022703696062,1688.32855884029,1706.6507568359375,1993,69.76023634103724
2024-12-19,1706.7504382431368,1706.7504382431368,1626.2921425911711,1669.608154296875,4865,60.587429463330984
2024-12-20,1678.3709739884325,1717.4051242279097,1644.0168959091677,1658.45556640625,1603,54.86633460642033
2024-12-23,1660.7955168843826,1660.7955168843826,1610.1606200273457,1617.8280029296875,1365,45.34771472024334
2024-12-24,1619.122517384464,1632.0675313610925,1615.1892732977776,1619.3714599609375,847,40.479989818054385
2024-12-26,1627.785656329726,1702.6676556170112,1617.0811256340469,1633.90966796875,2355,42.74965914979465
2024-12-27,1641.4278312589934,1656.264833441382,1613.1479296627488,1626.3917236328125,1571,39.630804034852765
2024-12-30,1633.710614113532,1639.9838942520257,1603.190229227684,1605.7294921875,769,30.8236069011988
2024-12-31,1613.1479274404078,1613.1479274404078,1577.399748441269,1588.8013916015625,1083,30.04306763904276
2025-01-01,1608.169171726581,1616.0357820786444,1595.3237094496671,1605.032470703125,986,33.07517229703657
2025-01-02,1602.1446296452893,1628.0346583192315,1595.2739115865552,1613.3470458984375,1570,37.78897761821841
2025-01-03,1621.8110792707048,1676.8273897121917,1617.6787296662594,1670.5042724609375,2180,49.73054315291856
2025-01-06,1693.3572850672806,1712.7249693843603,1598.211381315057,1626.9393310546875,2117,40.4808682435216
2025-01-07,1638.141729906745,1638.7890049258542,1614.7411273755238,1635.1544189453125,1370,33.46429777112529
2025-01-08,1620.3673336482284,1633.710680909335,1599.207213297929,1609.1649169921875,980,34.2503181080597
2025-01-09,1616.5335427555958,1631.1713176655612,1603.0408064569463,1605.7791748046875,603,38.429578882847956
2025-01-10,1602.343858051059,1630.0760375557315,1578.8934180522845,1593.431640625,654,38.26381195871637
2025-01-13,1593.830000824961,1615.5378431164088,1450.8374026132722,1504.061279296875,3540,32.538581880521235
2025-01-14,1511.9279072461782,1555.7916403839204,1493.8049352504388,1549.0701904296875,1820,40.48005384918525
2025-01-15,1549.41860625,1583.274796875,1542.7469937778474,1555.89111328125,546,39.20947458133042
2025-01-16,1559.0278894587739,1575.059767954401,1552.8540402903589,1562.6624755859375,334,41.167547763286834
2025-01-17,1553.999210929057,1571.2758024912619,1544.4896768535493,1553.899658203125,236,42.57171629236286
2025-01-20,1547.3275869492618,1573.3171690384002,1513.6207845689542,1559.12744140625,1881,45.59952847112628
2025-01-21,1564.4051118129414,1564.4051118129414,1538.465244664792,1552.555419921875,569,41.98845152652749
2025-01-22,1558.1814991378471,1573.3171599026532,1535.5774391612772,1555.7916259765625,1163,41.07475344047551
2025-01-23,1563.9070771930692,1577.0013592601279,1553.9990898776332,1565.2513427734375,236,30.844499185110536
2025-01-24,1564.7037241249027,1569.6825759034234,1482.2041744656144,1516.7076416015625,447,30.295479004520388
2025-01-27,1516.7075819821457,1520.491436252685,1422.9557823670384,1436.398681640625,2902,21.75204572116985
2025-01-28,1443.9665905306956,1453.7749043732565,1350.3144600799892,1384.91748046875,454,20.282391172048577
2025-01-29,1392.1864290495298,1480.710432835139,1386.809245130588,1469.0101318359375,1615,35.069017076362556
2025-01-30,1489.174505334381,1495.6470123786294,1464.1806947512357,1472.6944580078125,537,36.56508107441427
2025-01-31,1467.6659271975755,1480.4117146064157,1467.6659271975755,1474.68603515625,546,45.94222165564884
2025-02-01,1478.5694961504405,1488.3280936493782,1454.8203989587296,1471.9974365234375,472,37.94388861434726
2025-02-03,1458.803532373784,1458.803532373784,1399.0074754797997,1416.0849609375,1787,31.04238008596785
2025-02-04,1421.6114836295728,1441.8753847886987,1404.0859507771934,1432.9134521484375,836,32.87324865970663
2025-02-05,1453.0778503630636,1453.0778503630636,1416.6326806883988,1428.930419921875,607,33.29336243788954
2025-02-06,1449.8416169450716,1462.089640764764,1414.2926643819594,1423.5035400390625,726,31.878629677703046
2025-02-07,1443.2197342252337,1480.7105122593448,1421.1633966349825,1435.95068359375,1454,34.660701117914115
2025-02-10,1443.6678220409733,1443.6678220409733,1405.4799339917154,1427.884765625,221,33.38503707795934
2025-02-11,1434.8552480535388,1434.9050851930147,1374.1630933840113,1378.2457275390625,1330,28.004204033459985
2025-02-12,1388.1536272293345,1416.981128624376,1364.2053030326038,1400.8994140625,793,35.49510607504743
2025-02-13,1399.0075236829728,1420.068091183382,1382.477759958429,1397.2152099609375,388,43.926535125478274
2025-02-14,1344.2900554919404,1344.2900554919404,1117.8021240234375,1117.8021240234375,22779,25.739330926272117
2025-02-17,1065.474227732588,1120.2415945786556,1000.7491578235989,1033.8585205078125,12222,10.466787000567365
2025-02-18,1033.8585332439116,1070.4530924509559,1000.7491701518239,1012.2503051757812,2612,9.48833918299367
2025-02-19,1019.0714147656865,1088.1779023338336,1010.5575295324106,1032.4644775390625,4158,12.300501719365997
2025-02-20,1025.543831150143,1124.2246411511999,1025.543831150143,1112.8231201171875,3156,22.961013616921022
2025-02-21,1177.6434648765498,1231.485674561268,1160.6274660814079,1180.0386962890625,10828,32.52756008534131
2025-02-24,1186.6253861313917,1217.4137496232397,1181.136370468042,1193.162353515625,2230,32.15545112331088
2025-02-25,1200.547579233492,1210.6275063155956,1167.713380206899,1189.3699951171875,1819,32.164580559157514
2025-02-27,1194.0605383850486,1197.0047200788933,1113.7712526399566,1162.274169921875,3170,31.159218305005723
2025-02-28,1149.948849519937,1149.948849519937,1106.9349485961914,1131.0367431640625,1162,28.588869748996927
2025-03-03,1146.805058336267,1148.751237002859,1032.9829056188348,1045.0587158203125,5639,25.769200220294678
2025-03-04,1058.9309811394903,1095.807138009474,1052.4439625629316,1071.655517578125,1291,30.01146823672478
2025-03-05,1068.761259283269,1127.8429783247634,1068.2123089939685,1113.1224365234375,1783,31.68725126959704
2025-03-06,1113.2222640657194,1161.5256278360555,1112.7732115002077,1123.1524658203125,1843,32.69968297061665
2025-03-07,1137.1245198566444,1151.2961121967533,1123.1524793643864,1144.509765625,1766,52.50062861740745
2025-03-10,1151.6953299684994,1151.7452788433884,1102.7931885746898,1108.3321533203125,2167,57.657916729532026
2025-03-11,1082.883131002044,1144.7093639604927,1082.883131002044,1115.0687255859375,2858,60.90608634739525
2025-03-12,1130.6374651408669,1132.6832979091876,1089.9688485713514,1093.3121337890625,2183,56.433141602833935
2025-03-13,1079.8391212287586,1140.6673483196766,1079.8391212287586,1082.8331298828125,2669,46.27956098219905
2025-03-17,1082.8331308598652,1097.6534493454994,1061.4758447430386,1080.6375732421875,4428,35.2967220278142
2025-03-18,1080.6375732421875,1080.6375732421875,1080.6375732421875,1080.6375732421875,0,32.68316838751103
2025-03-19,1115.4179035043298,1156.4857449202048,1114.7691772901105,1142.164306640625,2784,43.83148920368245
2025-03-20,1157.8829239806385,1157.8829239806385,1087.37411606171,1104.43994140625,4399,42.646875320103916
2025-03-21,1103.441873066259,1125.6972634769102,1097.8031326107273,1101.296142578125,3733,45.927834069371315
2025-03-24,1109.928948887942,1146.6055554394027,1108.7812211883734,1124.749267578125,3925,63.1657069056409
2025-03-25,1132.633515239765,1133.9807947890606,1089.869115352739,1097.0546875,3074,54.18104085753234
2025-03-26,1112.1744735991542,1131.1863560469426,1049.1006162322583,1081.9349365234375,4070,44.37850397373725
2025-03-27,1060.9768540950254,1119.7592490193688,1059.9788511992863,1080.8870849609375,5682,42.1267960622838
2025-03-28,1079.8391546272317,1107.7832362626868,1076.8451458805757,1082.48388671875,2287,37.527590134317805
2025-04-01,1095.008718669126,1106.3859759439797,1076.4958382148536,1104.48974609375,639,49.180655590059686
2025-04-02,1117.2641832547988,1117.6134598847066,1088.3221007944244,1114.4697265625,3717,49.87401376682662
2025-04-03,1108.1823786392333,1137.67328948496,1108.1823786392333,1123.8011474609375,925,56.766349813182146
2025-04-04,1128.0426843889313,1128.0426843889313,1100.7971575078564,1116.615478515625,944,57.60844881613972
2025-04-07,1097.803216344771,1098.751270391912,1022.004943001396,1036.1265869140625,4739,42.58888444453116
2025-04-08,1051.994870420945,1071.256375815417,1046.8551309354898,1058.0328369140625,1526,46.492181864471505
2025-04-09,1055.9369529783614,1071.206323325568,1040.2184082575052,1064.569580078125,705,35.48084856004451
2025-04-11,1097.8031499017216,1097.8031499017216,1072.853078313046,1084.5296630859375,760,46.009177387238864
2025-04-15,1097.902891939526,1125.447745758036,1082.8330735303518,1116.9647216796875,689,52.810587465047476
2025-04-16,1116.9647797141731,1132.633498098314,1107.783201906459,1111.07666015625,1021,47.382501652207324
2025-04-17,1111.0766466698667,1126.7452430372962,1111.0766466698667,1116.864990234375,666,54.13972509649988
2025-04-21,1132.633453353135,1148.601498875917,1119.9587441235153,1140.5177001953125,1736,61.82039676690929
2025-04-22,1133.431884215884,1196.6055187134357,1122.7533015451336,1184.429931640625,1335,67.81118222978532
2025-04-23,1184.5295934425017,1186.5255991196052,1157.683292720153,1161.3758544921875,945,62.63786547231818
2025-04-24,1165.8669456686641,1174.050642591043,1150.4977983826257,1160.3779296875,469,59.59890709374321
2025-04-25,1163.9707574455758,1171.4557787225733,1118.7611802019032,1135.3280029296875,629,53.40612936238955
2025-04-28,1150.0986090921126,1150.3979368773278,1113.9708296727733,1129.040771484375,634,50.864216024408975
2025-04-29,1116.9648185802407,1143.6115696221902,1112.7732550496783,1124.1505126953125,651,51.25230012030619
2025-04-30,1106.8849761625668,1133.6315022298882,1105.2881959107544,1107.783203125,1331,65.13491479486258
2025-05-02,1097.8031840500057,1122.6534804906244,1097.8031840500057,1110.7772216796875,323,62.10766830388067
2025-05-05,1106.9847990084556,1132.7333232815015,1106.9847990084556,1127.14453125,325,63.744004924755906
2025-05-06,1127.743261933852,1204.1902586872488,1115.7672272938464,1132.7332763671875,3200,61.3009076579129
2025-05-07,1123.1525233064078,1152.7931616368858,1109.080706339681,1143.3121337890625,567,56.88220303962533
2025-05-08,1152.7931150636878,1158.781132409869,1113.8710023135097,1120.657470703125,430,52.30104840979455
2025-05-09,1081.435936429712,1117.663491045206,1081.435936429712,1104.689453125,982,47.212091465268955
2025-05-12,1120.2582671557736,1138.7213210019936,1109.7792365944058,1121.156494140625,1007,45.41589521649835
2025-05-13,1123.3519980113113,1157.583544936232,1112.7731920308513,1145.4078369140625,621,39.812353201755364
2025-05-14,1145.2083171689965,1191.6154515902238,1138.022745085997,1176.046630859375,1399,53.68424666730838
2025-05-15,1175.0486225901632,1205.687262466232,1175.0486225901632,1189.22021484375,2169,56.82570075260779
2025-05-16,1182.6334764458595,1222.553593794243,1156.6854001694103,1211.5755615234375,1706,68.27755239631347
2025-05-19,1226.545516413824,1235.7270940062483,1206.5854591898399,1209.5794677734375,1355,69.71172145522556
2025-05-20,1209.5794492755479,1226.5454976564756,1182.8329242738307,1199.2001953125,1595,67.88767783460312
2025-05-21,1201.1962911492712,1227.5435926245677,1199.7990626947994,1221.755126953125,1261,76.38629670870048
2025-05-22,1223.950788301984,1223.950788301984,1177.8429809481793,1212.4737548828125,761,72.87830721540317
2025-05-23,1202.1941979738344,1229.0404987636134,1197.4038574326646,1215.667236328125,1204,71.1694212270463
2025-05-26,1227.64333402727,1237.623362954939,1207.7830520959035,1224.8489990234375,1019,71.65649770696177
2025-05-27,1230.2381353890542,1242.01461842859,1221.755110674998,1234.13037109375,770,71.48251820136394
2025-05-28,1236.9248417507833,1241.5156308113073,1223.6513542020127,1228.342041015625,372,77.68088001245111
2025-05-29,1211.7750495590624,1245.5075956724677,1211.7750495590624,1232.8330078125,545,85.0054554718783
2025-05-30,1192.6134022256872,1214.6692407802057,1192.513626306286,1195.9068603515625,1636,68.3668333720253
2025-06-02,1196.2062822234445,1196.2062822234445,1169.2602032330421,1183.6314697265625,852,59.97918294658826
2025-06-03,1192.2142114953035,1197.5036754695602,1157.683336345476,1163.4718017578125,1310,46.52701406078374
2025-06-04,1170.757165317052,1178.6414125094739,1136.226289705365,1152.1943359375,547,39.66575084086981
2025-06-05,1157.8828426790699,1157.8828426790699,1130.1384369082432,1135.3280029296875,997,28.045948085215272
2025-06-06,1139.719305503185,1147.7033286590745,1132.034731946252,1137.9228515625,1091,29.438719073715887
2025-06-09,1136.3260712966273,1147.6035527349309,1115.867011959661,1137.9228515625,1355,31.303298471440073
2025-06-10,1150.0985492258544,1152.5935564387592,1119.2602357090475,1137.12451171875,2940,20.224701729069494
2025-06-11,1142.613512853176,1154.7890991645374,1138.821053207855,1146.206298828125,1501,26.65256004988926
2025-06-12,1152.2940534604545,1174.6493414177355,1136.2262321190246,1160.278076171875,1743,31.874585560322444
2025-06-13,1157.6833209182018,1177.6433781754122,1147.8030682105784,1174.7491455078125,1582,34.1539898997699
2025-06-16,1177.6434068625363,1177.6434068625363,1134.829058637568,1158.7811279296875,1110,27.135043269469406
2025-06-17,1162.373959112661,1163.1724101840252,1151.4958246811293,1157.5836181640625,496,27.91274732527097
2025-06-18,1152.59351254634,1172.6533454088817,1140.1184769568838,1164.369873046875,548,28.931128060874897
2025-06-19,1177.6434027284922,1177.6434027284922,1133.930827693215,1141.5157470703125,606,31.674472778959526
2025-06-20,1143.3120337342443,1157.6832990533132,1135.7272364850608,1143.81103515625,681,35.616341713133735
2025-06-23,1123.7512676573403,1147.7033373054542,1123.7512676573403,1144.2103271484375,348,41.883898444572466
2025-06-24,1149.100570455519,1163.1723870663054,1137.7233129606075,1159.2801513671875,3443,52.89324495811681
2025-06-25,1159.8789674061982,1160.2781929472526,1142.7133655796317,1147.4039306640625,802,55.140251988011656
2025-06-26,1161.675328604409,1161.675328604409,1147.4038389811521,1155.2880859375,213,57.07320420287232
2025-06-27,1167.8629553753906,1167.8629553753906,1146.7053424353064,1151.5955810546875,1063,55.40654169969117
2025-06-30,1158.5816118052658,1172.6534285829557,1140.8171111352704,1153.4918212890625,1865,56.4163351170178
2025-07-01,1147.8030554525142,1163.3718755747834,1147.7032795326415,1150.0985107421875,773,51.59705922718061
2025-07-02,1152.393899403523,1192.613464986827,1152.393899403523,1177.94287109375,3866,56.51221439590447
2025-07-03,1177.6434214932685,1189.5196803634635,1168.6613953971334,1177.94287109375,927,51.3180100330573
2025-07-04,1186.6253906863933,1187.623393538106,1167.6633365038522,1180.53759765625,1424,60.09264240371929
2025-07-07,1192.613457673376,1219.4597598725002,1182.3339791402257,1195.5076904296875,2432,65.5993733618534
2025-07-08,1212.4737251576528,1212.4737251576528,1173.6513887001408,1175.2481689453125,893,54.02811339739261
2025-07-09,1182.0346907666456,1186.326030255603,1175.2482221343714,1180.3380126953125,393,66.55316570862281
2025-07-10,1185.2281999662116,1185.2281999662116,1165.7671437398185,1169.7591552734375,636,60.333865825568765
2025-07-11,1172.0546372959523,1182.6334437353685,1149.699347833877,1159.2801513671875,569,55.55554555518554
2025-07-14,1159.878955068803,1164.6694178574403,1145.1085848191422,1149.89892578125,523,46.39017200125133
2025-07-15,1151.2961553221942,1171.6554394531252,1138.2223413085937,1147.703369140625,1156,50.124496911684844
2025-07-16,1162.6733818670282,1162.6733818670282,1139.7193151005547,1142.0147705078125,722,44.37875512185439
2025-07-17,1156.6853092863164,1156.6853092863164,1137.8230309559465,1139.1204833984375,614,44.68083777481679
2025-07-18,1146.1065323356195,1157.6833413841562,1138.2222852143364,1150.298095703125,763,48.738126680255
2025-07-21,1152.6933102495768,1179.6393876320344,1137.7232672593227,1164.868896484375,2296,55.36229469110711
2025-07-22,1168.062553608179,1178.441807556639,1158.6813025042534,1173.15234375,1510,47.972925507956646
2025-07-23,1171.755126953125,1182.1343810039002,1166.7651126812639,1171.755126953125,364,47.41230210670974
2025-07-24,1157.783089004341,1176.4458155094528,1157.783089004341,1166.26611328125,285,44.17276743703845
2025-07-25,1165.9668200918145,1168.960828748909,1152.693332981419,1163.17236328125,1537,35.379048220422334
2025-07-28,1169.2601832916212,1169.2601832916212,1147.703344832251,1152.693359375,725,38.81190061266333
2025-07-29,1158.681305347407,1169.0605593213354,1158.5815294280126,1165.4677734375,747,43.14626793789967
2025-07-30,1166.6653612737787,1173.4518295567075,1159.6793411463907,1165.6673583984375,1202,47.91455135479504
2025-07-31,1139.7193046542543,1170.5576184362112,1127.743269929341,1167.26416015625,736,54.474272165450586
2025-08-01,1167.4638075422347,1172.6533737422296,1141.9148365765052,1149.499755859375,1621,49.79551662381062
2025-08-04,1162.0745983492825,1165.5676084909383,1141.8150907970692,1156.2861328125,741,54.19919635348979
2025-08-05,1163.1724085821143,1171.6554334409284,1158.381945813584,1160.876953125,876,59.328705576370666
2025-08-06,1197.6034809797025,1393.0124976901677,1197.6034809797025,1387.423583984375,104939,88.22989898701337
2025-08-07,1342.313931736846,1372.0544675795452,1322.3538732723575,1342.1143798828125,30929,76.72418338091339
2025-08-08,1341.3158751370613,1372.0544126728953,1309.579334717941,1365.2679443359375,11438,77.26783039511113
2025-08-11,1362.1741336549392,1387.2239811800077,1337.3238379720938,1375.7469482421875,7443,77.40284579921163
2025-08-12,1374.3497501757156,1435.627151751694,1282.4337087250099,1299.99853515625,21533,64.44146790867387
2025-08-13,1280.537489955292,1286.8249569231555,1257.483647450668,1272.553466796875,3602,61.40502912866544
2025-08-14,1287.4237007899574,1317.4635627764187,1259.0803949498973,1272.3538818359375,2753,61.78880519879699
2025-08-18,1293.7111882232634,1293.7111882232634,1268.0624409894479,1277.244140625,1691,63.612579415162855
2025-08-19,1289.4196826439274,1289.4196826439274,1262.4736056846505,1276.24609375,1037,62.42723700837908
2025-08-20,1281.5355264366367,1281.5355264366367,1269.5594913851428,1272.753173828125,551,61.924894588872824
2025-08-21,1273.451669695183,1273.451669695183,1247.5035949208298,1249.300048828125,1305,58.71133010341008
2025-08-22,1250.0,1259.5,1242.0999755859375,1250.800048828125,930,61.14186635646475
2025-08-25,1252.4000244140625,1252.4000244140625,1230.300048828125,1233.300048828125,833,58.27560895242973
2025-08-26,1237.5999755859375,1237.5999755859375,1201.0,1212.300048828125,1334,55.33749292993591
2025-08-28,1220.0999755859375,1225.800048828125,1210.800048828125,1212.199951171875,647,15.678669220903558
2025-08-29,1222.5,1222.5,1165.0,1179.0,1863,16.45945941875543
2025-09-01,1170.699951171875,1225.0,1161.199951171875,1216.9000244140625,2543,21.236102367981374
2025-09-02,1228.9000244140625,1304.300048828125,1216.0999755859375,1268.9000244140625,4257,32.15813054698296
2025-09-03,1275.0,1283.0999755859375,1236.0,1250.300048828125,1625,39.74354452701852
2025-09-04,1268.0,1268.0,1217.0999755859375,1228.4000244140625,1250,40.67446147499774
2025-09-05,1236.699951171875,1236.699951171875,1222.0,1224.9000244140625,319,40.115197506868014
2025-09-08,1224.9000244140625,1234.199951171875,1182.0999755859375,1199.199951171875,2972,35.040077947020734
2025-09-09,1212.4000244140625,1220.0,1188.199951171875,1200.199951171875,1142,35.42318326210706
2025-09-10,1207.5999755859375,1207.5999755859375,1178.0999755859375,1196.0999755859375,1315,35.34093588411751
2025-09-11,1206.800048828125,1227.300048828125,1200.0,1217.199951171875,548,43.80546399892959
2025-09-12,1217.199951171875,1217.199951171875,1191.5,1202.800048828125,897,41.17647058823529
2025-09-15,1204.4000244140625,1214.9000244140625,1179.4000244140625,1195.0999755859375,1544,42.71547243106544
2025-09-16,1204.5,1204.5,1195.0999755859375,1201.0,380,47.71346734879787
2025-09-17,1205.9000244140625,1216.5999755859375,1200.199951171875,1206.5999755859375,439,48.89153283309952
2025-09-18,1209.9000244140625,1210.0,1201.0,1203.4000244140625,406,55.48068892411953
2025-09-19,1212.9000244140625,1215.0,1194.5999755859375,1199.300048828125,523,45.33898770826477
2025-09-22,1176.0999755859375,1207.4000244140625,1176.0999755859375,1193.300048828125,399,23.52940673626729
2025-09-23,1191.0,1211.9000244140625,1171.9000244140625,1199.699951171875,613,30.62781224704966
2025-09-24,1200.0,1239.9000244140625,1180.300048828125,1206.5999755859375,1755,40.5709011883919
2025-09-25,1200.0,1205.300048828125,1180.0,1189.5999755859375,557,36.328393151951715
2025-09-26,1187.5999755859375,1189.4000244140625,1161.0,1173.5999755859375,472,39.27972248888943
2025-09-29,1170.0999755859375,1177.699951171875,1160.0,1163.9000244140625,777,35.83138061717584
2025-09-30,1150.0999755859375,1180.5,1150.0999755859375,1176.5,831,42.82576349947499
2025-10-01,1174.5999755859375,1189.9000244140625,1166.0,1179.5999755859375,937,34.14837237499344
2025-10-03,1189.0,1189.0,1154.5,1160.0,962,32.71400793556886
2025-10-06,1160.0999755859375,1189.0999755859375,1160.0,1169.5999755859375,563,39.85677826852036
2025-10-07,1185.4000244140625,1186.5,1165.0,1170.9000244140625,443,37.572236855235985
2025-10-08,1173.199951171875,1180.0999755859375,1161.0999755859375,1168.800048828125,699,33.928565867775546
2025-10-09,1171.0,1183.5999755859375,1152.0,1157.800048828125,420,31.81815969433697
2025-10-10,1173.300048828125,1197.800048828125,1162.5999755859375,1170.0,783,39.02617887219626
2025-10-13,1172.0999755859375,1181.9000244140625,1160.0,1163.4000244140625,1183,38.851571851858594
2025-10-14,1163.4000244140625,1181.0,1163.0999755859375,1175.5,698,41.3447836261395
2025-10-15,1175.0,1175.0,1166.0999755859375,1167.800048828125,555,36.20199115639703
2025-10-16,1169.0,1185.9000244140625,1167.0,1170.4000244140625,1015,42.39302862758602
2025-10-17,1177.9000244140625,1185.0,1130.0999755859375,1154.5999755859375,1887,42.460302851219254
2025-10-20,1154.5999755859375,1164.9000244140625,1144.0,1150.0999755859375,706,44.28805002465663
2025-10-21,1150.0,1182.5,1150.0,1170.199951171875,395,47.54479406906735
2025-10-23,1176.0,1176.0,1131.9000244140625,1152.5999755859375,796,40.546205557113254
2025-10-24,1162.0,1185.0,1155.0,1173.699951171875,1064,54.74704425329751
2025-10-27,1168.0,1188.0,1166.0,1184.199951171875,292,55.027545719673434
2025-10-28,1189.5,1189.5,1156.199951171875,1172.199951171875,1298,50.41691102948718
2025-10-29,1175.0,1175.0,1163.0,1163.5,439,48.36921329509209
2025-10-30,1165.0,1185.0,1153.199951171875,1177.699951171875,475,56.00480915153247
2025-10-31,1155.0,1180.9000244140625,1155.0,1165.0,354,48.49578555542825
2025-11-03,1174.9000244140625,1181.5,1151.4000244140625,1172.4000244140625,1480,52.69461471775402
2025-11-04,1170.0,1185.0,1165.0,1165.0,588,46.76524564517585
2025-11-06,1165.0,1174.9000244140625,1143.0,1155.699951171875,619,46.30869284141724
2025-11-07,1155.699951171875,1180.9000244140625,1140.0999755859375,1172.4000244140625,812,50.561797752808985
2025-11-10,1150.0,1193.800048828125,1150.0,1180.5,1919,57.604238271604046
2025-11-11,1180.5,1190.699951171875,1175.0,1181.699951171875,394,59.46107745038058
2025-11-12,1184.9000244140625,1231.199951171875,1171.5,1195.5999755859375,1608,57.898021139126065
2025-11-13,1174.0,1189.5999755859375,1151.0,1170.699951171875,1615,55.3836936986003
2025-11-14,1170.0,1179.9000244140625,1155.0999755859375,1160.0999755859375,829,45.685286264996414
2025-11-17,1160.9000244140625,1179.0999755859375,1156.0,1177.800048828125,477,48.058282631207035
2025-11-18,1162.0999755859375,1175.5,1144.800048828125,1149.9000244140625,629,43.82957451048608
2025-11-19,1150.9000244140625,1166.4000244140625,1145.0,1155.699951171875,142,47.80651105566761
2025-11-20,1164.9000244140625,1165.0999755859375,1141.0,1147.5,484,41.21072683684504
2025-11-21,1158.0,1158.0,1111.0,1125.300048828125,1184,39.05131260899132
2025-11-24,1120.0,1130.0,1114.9000244140625,1118.4000244140625,605,35.066375714495976
2025-11-25,1116.0,1135.0,1103.0,1110.5999755859375,724,34.98896180319066
2025-11-26,1105.0999755859375,1149.800048828125,1081.0,1099.9000244140625,1092,34.72071899824783
2025-11-27,1100.300048828125,1177.800048828125,1091.0,1110.5999755859375,1603,32.502802919183296
2025-11-28,1112.0999755859375,1128.0,1086.5,1105.800048828125,1995,28.4477682168839
2025-12-01,1120.0,1121.5,1100.0,1101.300048828125,438,27.236701859258204
2025-12-02,1110.0,1114.0,1091.5,1102.5999755859375,276,21.64629925432793
2025-12-03,1102.5999755859375,1125.0,1087.699951171875,1106.699951171875,314,27.6535855670314
2025-12-04,1114.9000244140625,1125.0,1072.0,1088.5999755859375,635,26.277326144644277
2025-12-05,1088.699951171875,1103.9000244140625,1049.0,1064.4000244140625,655,13.931194715863512
2025-12-08,1060.0999755859375,1079.0,1055.0999755859375,1066.800048828125,390,18.45093490211636
2025-12-09,1040.0,1073.0,1040.0,1072.0,38,18.0777267106655
2025-12-10,1079.9000244140625,1080.0,1046.0,1071.0,629,19.128244133416615
2025-12-11,1083.9000244140625,1084.0,1070.0,1071.0,103,23.303733897955155
2025-12-12,1049.0,1082.9000244140625,1049.0,1067.5,75,24.109771741438593
2025-12-15,1080.0,1080.699951171875,1050.5,1055.5999755859375,589,23.144441609902984
2025-12-16,1069.9000244140625,1089.0,1063.9000244140625,1081.5,1090,42.176842502986894
2025-12-17,1081.0,1088.0,1044.0999755859375,1070.199951171875,1219,32.910286452551034
2025-12-18,1081.9000244140625,1083.800048828125,1070.0,1072.5,81,35.60930731135012
2025-12-19,1083.0,1086.800048828125,1058.0,1068.5,531,35.7638616620643
2025-12-22,1083.9000244140625,1089.800048828125,1070.0,1085.0,456,43.251544367027165
2025-12-23,1085.0,1093.800048828125,1085.0,1093.800048828125,208,45.22579829047473
2025-12-24,1109.800048828125,1109.800048828125,1070.0,1090.199951171875,421,50.66333858659841
2025-12-26,1090.300048828125,1095.0,1060.0,1063.199951171875,1135,49.513747718605785
2025-12-29,1063.699951171875,1080.0,1052.300048828125,1059.5,386,47.07296014660161
2025-12-30,1074.4000244140625,1074.5,1050.0,1067.699951171875,166,48.316349940733375
2025-12-31,1061.0999755859375,1077.0,1061.0,1075.800048828125,549,51.780429672077105
2026-01-01,1076.4000244140625,1085.0,1065.0,1066.0,264,48.27109675611152
2026-01-02,1061.199951171875,1097.0,1061.199951171875,1090.199951171875,921,56.86627675129602
2026-01-05,1072.800048828125,1089.699951171875,1072.699951171875,1084.699951171875,309,59.15667917072222
2026-01-06,1080.0,1090.0,1066.199951171875,1088.0999755859375,619,52.419341125890575
2026-01-07,1075.199951171875,1081.9000244140625,1067.0,1072.4000244140625,196,50.78127506101341
2026-01-08,1065.0999755859375,1075.0,1052.199951171875,1060.5999755859375,233,46.0412472111879
2026-01-09,1052.0,1088.9000244140625,1015.0,1030.5,1992,39.229033887631736
2026-01-12,1010.0,1065.0,1005.0999755859375,1034.9000244140625,1300,34.75352298418882
2026-01-13,1027.5999755859375,1055.0,1027.5999755859375,1054.5,255,38.77783354944856
2026-01-14,1042.0999755859375,1059.9000244140625,1042.0,1058.5,110,40.96867487980769
2026-01-16,1050.0,1050.0,1040.0,1040.800048828125,218,43.261158566591504
2026-01-19,1020.2999877929688,1050.0,1020.0999755859375,1050.0,443,47.233546097374735
2026-01-20,1035.0999755859375,1063.199951171875,1026.800048828125,1038.9000244140625,664,41.752597140645854
2026-01-21,1022.0,1045.0,1005.2999877929688,1011.0,676,33.33331240219927
2026-01-22,1010.0,1042.5,1009.0,1032.300048828125,290,41.8164237116507
2026-01-23,1017.0999755859375,1054.0,1002.0999755859375,1010.0,689,30.343149222579655
2026-01-27,1010.0,1027.0,1005.0,1008.2999877929688,495,30.91909122865104
2026-01-28,1008.2999877929688,1040.5,1008.2999877929688,1040.5,134,39.60699223014465
2026-01-29,1030.0999755859375,1030.0999755859375,995.2000122070312,1011.7000122070312,598,37.46385728515364
2026-01-30,1000.0999755859375,1035.0,999.0,1003.2000122070312,433,37.98158159273652
2026-02-02,951.0,1010.0999755859375,951.0,1007.9000244140625,665,44.704786082384295
2026-02-03,1018.5,1040.0,1006.2000122070312,1016.5,721,45.77205273931759
2026-02-04,1016.5,1031.9000244140625,980.7000122070312,1029.800048828125,1675,44.15524243632183
2026-02-05,1031.0999755859375,1032.0,1016.7999877929688,1029.9000244140625,497,43.105117594191015
2026-02-06,1089.9000244140625,1150.0,1032.0,1055.4000244140625,29026,53.392186481625075
2026-02-09,1066.5,1080.0,1052.0999755859375,1064.4000244140625,1844,53.34884098562353
2026-02-10,1066.0,1075.199951171875,1065.0,1069.699951171875,457,57.36135659048166
2026-02-11,1070.0,1076.4000244140625,1066.0,1066.9000244140625,127,65.18197496663123
2026-02-12,1075.0,1075.0,1043.199951171875,1054.199951171875,447,56.23928841702279
2026-02-13,1042.0,1063.0,1026.9000244140625,1031.699951171875,366,56.175286625619904
2026-02-16,1026.5,1041.9000244140625,1015.0,1028.4000244140625,254,55.668373334398204
2026-02-17,1035.0,1038.699951171875,1020.0,1025.0,257,44.78114049112585
2026-02-18,1026.0,1058.199951171875,1011.0,1023.0999755859375,1032,54.68748823591711
2026-02-19,1023.9000244140625,1038.0,1005.0,1009.7999877929688,705,52.610751853268276
2026-02-20,1019.9000244140625,1029.800048828125,997.5,999.7999877929688,626,46.92481268864954
2026-02-23,999.7999877929688,1009.0,999.7999877929688,1005.2000122070312,495,45.60311550184459
2026-02-24,1005.2000122070312,1017.0,998.0,1007.5,712,40.51060766145244
2026-02-25,1014.4000244140625,1015.7999877929688,985.0999755859375,988.2000122070312,411,34.74760580812264
2026-02-26,990.2000122070312,1004.0,988.2000122070312,996.2000122070312,332,25.167757227321857
2026-02-27,996.2999877929688,1009.0,977.0,985.9000244140625,346,17.4273528949941
2026-03-02,975.0,990.0,969.5999755859375,973.9500122070312,814,12.347634076972
2026-03-04,969.9500122070312,979.0,960.0,976.9000244140625,501,14.650445609210223
