Date,Open,High,Low,Close,Volume,RSI
2021-03-04,1075.8672638194007,1080.4569968864198,1067.280114587614,1072.31396484375,1027668,
2021-03-05,1078.82852479269,1087.7118337800039,1033.1287870295832,1044.7264404296875,1431598,0.0
2021-03-08,1054.3994582936523,1064.171122585046,1044.2823560727209,1052.8695068359375,711820,22.790181240498114
2021-03-09,1063.0358655939056,1075.5218726995572,1036.385941386816,1041.56787109375,785553,17.31380162372045
2021-03-10,1048.0331300644316,1051.586429657561,1008.8477937388991,1014.0297241210938,1409421,10.919975347060515
2021-03-12,1024.541585740417,1041.3211685511947,998.8786943827573,1001.9384765625,1020608,9.396392893967317
2021-03-15,1016.6452917491845,1024.3934866227664,996.9046064725013,1003.0242309570312,1138505,10.517489268968234
2021-03-16,1010.2295282611113,1021.3830631873099,999.9150085715833,1008.84765625,635668,16.086477798708984
2021-03-17,990.7850367397498,992.9565242889416,957.4232888273095,965.6156616210938,23676553,11.002879033736846
2021-03-18,972.2287257648521,995.9175475093765,970.7481744058194,987.4290771484375,2886658,23.242051618305297
2021-03-19,981.1120492788463,998.8786658653846,962.4570777654649,978.397705078125,1695099,21.989975017639097
2021-03-22,978.3977284772823,978.3977284772823,953.7218715169473,960.4830322265625,3355126,19.867004445684103
2021-03-23,962.8519878436423,970.3534246457777,939.4592621999122,943.9502563476562,1746087,18.24174563026162
2021-03-24,943.6048147948027,943.9502527110697,901.2610181505307,909.7988891601562,2963569,15.604750713121092
2021-03-25,911.0326633509272,932.7474180570165,894.5985180781197,912.3157958984375,4206774,16.494397348806118
2021-03-26,921.8900375406514,937.4358277882587,913.9937631291683,934.2279663085938,2282054,26.29682844306744
2021-03-30,938.2747155298334,942.5683505793035,921.0016164939839,928.5031127929688,1365204,23.042325641330265
2021-03-31,928.897966414072,930.5265971254923,910.4404729848726,916.214599609375,1892366,22.94416331924809
2021-04-01,922.8771041483548,972.2288209477321,922.8771041483548,961.6675415039062,2082857,39.50957916623665
2021-04-05,966.3065798539046,966.3065798539046,900.3727006521618,929.1447143554688,2167884,36.51982298192317
2021-04-06,936.1033980212512,947.1087948349588,921.2978828284465,938.5709838867188,1081257,38.42199553545977
2021-04-07,933.7344143572593,970.0572632475574,923.6173131446146,963.6415405273438,2600202,42.40464751395947
2021-04-08,965.2208386367724,965.3195179664509,940.9397594005442,944.1969604492188,1244924,46.08866890533911
2021-04-09,943.6047864934606,966.9481716794402,934.9188967418607,951.4517211914062,1979210,43.061116718379886
2021-04-12,918.9288900169736,932.5992903305587,873.5253143555549,878.9046630859375,2550147,34.58716016175174
2021-04-13,886.159453633986,905.0118464237714,871.5513568699758,886.3568725585938,1682969,38.132135110081975
2021-04-15,888.8243877561406,898.003794703642,871.8967254020796,893.8088989257812,1874017,41.73177120027182
2021-04-16,903.9259494680657,968.6754320824587,903.136334120871,961.0752563476562,5938047,57.62287894449542
2021-04-19,922.9263730638801,935.708478783788,910.2430069162784,930.92138671875,2111834,52.555930741331764
2021-04-20,942.6177256395042,976.1768907408059,940.3968985372122,952.2906494140625,1898536,52.485055941238485
2021-04-22,947.1581016596036,947.1581016596036,928.0096721538496,931.8590698242188,1559209,50.443753744757345
2021-04-23,931.8097135912544,942.4203322561875,920.1627209659467,925.2459716796875,943020,51.212403369067154
2021-04-26,951.303616972203,959.2986307020735,899.1882195871505,907.429931640625,2745958,42.135384851755155
2021-04-27,908.0715755387799,951.5010856732433,898.201232326402,942.2723388671875,5280436,51.89082526496942
2021-04-28,951.0074963093165,989.0083147918372,940.6436367231744,980.3717651367188,3785596,55.56137698779535
2021-04-29,985.0602527751254,1002.8268705606487,963.2961580366182,977.2133178710938,2028504,51.91745327436449
2021-04-30,960.3844123332192,992.8084662882667,959.5454572421625,971.439208984375,1842192,54.00349709624765
2021-05-03,959.3973313778101,972.031358260776,950.2672641810562,964.6286010742188,1155386,51.93899403311836
2021-05-04,979.1379622515041,981.5562081788064,936.2019729793867,943.3579711914062,1292324,61.170027432070874
2021-05-05,947.5529122099533,962.3584264632339,933.7344322402248,952.389404296875,1230133,61.381414792850485
2021-05-06,958.1141994170811,976.8678509675067,957.4232633638333,962.8026123046875,1399816,61.77164328534186
2021-05-07,967.392212270487,974.8443688060726,960.334953763121,969.21826171875,917653,51.753448213773616
2021-05-10,973.1171790610434,976.8678975010372,958.5584225586476,964.5299682617188,845230,58.12845258807374
2021-05-11,962.3584934785695,971.0937233987796,952.4881499557123,958.1142578125,1155490,51.518299346876994
2021-05-12,970.2546973209227,979.039326511172,954.8569866491551,961.9142456054688,2438744,58.5798855745769
2021-05-14,967.1948889252676,970.9456070391236,949.6750309288469,957.275146484375,1713488,59.24762978888379
2021-05-17,965.319531611586,975.1405348050633,962.3584287538816,967.6390380859375,1734108,68.16559639717678
2021-05-18,976.1768744770052,995.9175595018182,975.4859384523788,979.1873168945312,2540162,62.959101421737586
2021-05-19,982.3952459203149,1004.8009370164946,980.1250790347535,998.7306518554688,2265642,57.410385655792226
2021-05-20,1005.7878807637335,1033.4742391211025,998.0396861527157,1021.8765869140625,3116575,65.5231533238156
2021-05-21,1034.0171101612505,1062.5918254824303,1032.092441468346,1050.40185546875,3433549,73.69666197760975
2021-05-24,1056.1265922671264,1085.6389388962177,1053.2148895769333,1076.45947265625,3018184,80.08497577914441
2021-05-25,1088.600207612145,1088.9950454492641,1008.7491046803412,1023.307861328125,2593937,68.35908428478565
2021-05-26,1032.536558212302,1036.3860160838447,1003.369706665558,1011.808837890625,1935012,63.491727806157094
2021-05-27,1019.6065494962015,1084.207903686957,1002.0866886505504,1037.3731689453125,22224051,65.84194002965685
2021-05-28,1053.6590353484028,1062.0488262621839,1028.6870212570589,1033.6221923828125,1327816,63.838798588203694
2021-05-31,1035.398942719236,1043.2952168295828,1023.5545315537156,1031.4508056640625,777506,64.5368556678478
2021-06-01,1034.4118961461047,1050.1550442712355,1025.4299085499856,1032.388427734375,867751,66.52752795224066
2021-06-02,1036.3858898888,1043.9860048862895,1029.4766506228746,1041.02490234375,668957,67.23282028154873
2021-06-03,1043.2952738521285,1048.2304454408331,1033.4249306747197,1037.718505859375,546706,67.62546056770185
2021-06-04,1038.3601560834602,1044.3317622103466,1026.5157436566526,1036.0406494140625,629772,65.58008892961925
2021-06-07,1036.3860573102731,1039.2484809946482,1028.4897825879093,1030.760009765625,585437,62.092159881483624
2021-06-08,1031.4508662394476,1056.1267242834535,1017.5829858236809,1045.6641845703125,845707,61.24914602872269
2021-06-09,1056.126680758727,1100.5432234074585,1052.1785436343953,1090.8702392578125,3425380,64.95509207025239
2021-06-10,1115.3487367727207,1124.7255624358543,1075.8673655595271,1089.4390869140625,2290122,59.587908776756336
2021-06-11,1088.797459472,1097.5820884138352,1071.9191978573967,1080.50634765625,716871,51.08524147539417
2021-06-14,1085.7376477183805,1089.1922675065753,1061.1604714134219,1064.2696533203125,646875,63.69634161772089
2021-06-15,1072.2153412353034,1073.8932512453432,1058.0020241065995,1061.1112060546875,718204,67.45897054386346
2021-06-16,1061.061866602282,1070.3892924904028,1055.6331779824563,1062.937255859375,487546,60.882348356119536
2021-06-17,1060.963233772702,1060.963233772702,1033.4743515631646,1038.06396484375,644817,51.60261407509785
2021-06-18,997.8917000684318,1001.7411580237801,968.576768640808,992.8578491210938,52608706,39.374988027459715
2021-06-21,986.047277589011,994.8812467292828,976.9172102039275,986.491455078125,1231745,37.73086933480916
2021-06-22,999.8657688903069,999.8657688903069,954.6102692922465,963.0000610351562,5732143,30.6771059591818
2021-06-23,957.423265958026,957.423265958026,918.9289284607446,921.5939331054688,9934420,25.807091505254306
2021-06-24,929.7863401459531,972.7223335603362,928.8979851502066,959.199951171875,8126911,36.07581468602624
2021-06-25,962.358462899525,967.2936345041379,945.6775587784156,959.7427978515625,3543630,36.906252700795115
2021-06-28,964.7767082327014,966.306599380101,942.0255792031033,947.7503662109375,2199710,31.751273481775385
2021-06-29,952.4881472016714,965.3195937442846,948.1945718791615,962.1610717773438,3329810,22.901097669703944
2021-06-30,965.7636678123722,969.267627328805,954.4621136730697,957.8180541992188,2733246,22.623697280268274
2021-07-01,959.496033409116,971.9820415900188,955.4492168155757,968.2313232421875,1806696,26.790481785303683
2021-07-02,971.2417769600323,973.6106834403794,956.6830206488936,970.9456787109375,1982887,29.565626224509487
2021-07-05,973.2157719269275,981.5068837365998,965.31949791535,975.5352783203125,1697600,31.378856771592837
2021-07-06,975.1898560584997,988.0213015329537,972.7716100549407,984.3692626953125,2271905,33.40974234191506
2021-07-07,982.0991474554681,982.0991474554681,969.7612184673341,974.3509521484375,1364283,35.6459918331786
2021-07-08,979.9275871628197,981.0133609794527,960.0388832566022,971.6365356445312,1406822,44.08688867180591
2021-07-09,969.5637231975825,974.9924115248297,957.423214078133,961.8648681640625,1088635,43.26583625521733
2021-07-12,969.2676657452289,974.2028371594103,960.4830365304692,966.6026611328125,1170529,51.09772086924986
2021-07-13,971.2417252052475,978.6444822571167,963.93764748322,975.8807983398438,997618,70.56841832628785
2021-07-14,977.1146675051673,977.1640071739421,967.2936636671346,974.153564453125,605238,57.781226219619874
2021-07-15,982.1484162920896,986.0472136199253,963.345425918966,965.763671875,1679244,52.89646643192543
2021-07-16,970.9455758471418,978.5457514023013,963.3454002919823,977.1638793945312,705163,64.23107021465717
2021-07-19,968.2806527752624,970.9456574463383,958.410309729643,960.0389404296875,957347,48.999530971694284
2021-07-20,967.2935912106846,967.2935912106846,933.7344258013343,952.1426391601562,1471828,47.41108955526401
2021-07-22,957.5713281026424,973.0183783942177,911.9209927831175,930.625244140625,7557441,34.423510781269115
2021-07-23,942.6177138446917,949.4776139680263,924.9497765766836,944.4931030273438,2255593,39.970035005445446
2021-07-26,957.4232970036403,1013.6842536316893,957.4232970036403,1004.0606689453125,8822539,57.63340824753045
2021-07-27,1007.7620133386195,1015.0660912056817,991.9694646477105,1003.2216796875,1703257,55.27043398434967
2021-07-28,1013.2401363796612,1013.6842536316893,977.4107421214998,1004.0606689453125,2201220,58.75507572945175
2021-07-29,1005.787886622722,1012.302288483705,996.9539181605458,1004.2579956054688,1104932,59.75788854094856
2021-07-30,1011.6115283899661,1026.5157229623824,1001.9879434871938,1023.307861328125,2072943,67.41260676590548
2021-08-02,1024.5415232043283,1030.907845745972,1016.5958495162392,1027.1077880859375,1149473,67.2384554815769
2021-08-03,1027.1078140035029,1037.7678320731175,1025.5285833047842,1035.39892578125,1086325,67.05315912201357
2021-08-04,1035.398962865294,1039.7912172296035,1011.8088194041162,1021.6298828125,1309497,62.72486230649785
2021-08-05,1025.331246277419,1025.331246277419,1002.6787375235775,1017.8790893554688,816327,64.32447920913134
2021-08-06,1017.6323609241306,1017.9285194084733,996.3617838575495,1005.6892700195312,967564,57.8066223997413
2021-08-09,1008.7490247982837,1021.8272288869111,1003.8138534440847,1013.832275390625,811299,65.48294636068633
2021-08-10,1016.6453360510775,1018.6194046647688,1006.7749929826203,1013.881591796875,985261,68.61052880247539
2021-08-11,1014.6218752275349,1021.5805153386447,982.0991427651704,1019.2116088867188,854619,79.5911951352482
2021-08-12,1018.6194275407257,1025.4299885084286,1005.7879812635654,1017.4843139648438,645518,76.53394310909312
2021-08-13,1012.6972946711373,1023.159835216419,1010.0816294129174,1016.5467529296875,670648,57.91128862598537
2021-08-16,1012.6972045898438,1020.198641267066,1005.7386247357191,1012.6972045898438,250890,55.7831441094233
2021-08-17,1004.8008805831746,1012.4997960361135,989.008332361828,1003.0242309570312,1560201,49.42900778965052
2021-08-18,993.9435189148296,1004.3073788439316,991.9694503569054,997.6448974609375,888608,46.553510934393636
2021-08-20,989.9953596704814,999.8657022394792,982.0990856152831,988.5641479492188,1407510,29.793239955386454
2021-08-23,991.9694699790291,1011.710155948761,985.0602298896229,1007.1204223632812,960750,40.07843379633753
2021-08-24,1011.7100863992727,1017.286853899867,992.2161603442623,1014.572509765625,1057683,39.57509706323378
2021-08-25,1016.6453559303233,1057.113763302307,1013.6842529518854,1051.388916015625,2697253,62.10354637394063
2021-08-26,1053.1655085105347,1085.7376376397265,1039.7911466882151,1073.942626953125,1971766,69.77715883434809
2021-08-27,1089.88329761013,1095.6081451220211,1068.9582172677017,1076.8544921875,1552855,76.86288116404413
2021-08-30,1076.9531621790954,1091.659998187091,1074.6336555390556,1080.654541015625,782375,76.07857186413806
2021-08-31,1075.867449980125,1145.897489469574,1066.3425443300303,1125.7620849609375,3348741,82.30264906217377
2021-09-01,1134.102376463291,1149.8949247865396,1082.776594412733,1111.499267578125,2326534,75.33868626496107
2021-09-02,1117.125444302184,1130.1542485798618,1103.5043230674983,1107.69921875,1487340,74.49083234773353
2021-09-03,1115.348685399571,1120.2838565739053,1085.8363376795357,1093.9793701171875,1347872,69.65661474921646
2021-09-06,1099.5562062644697,1104.3926984146758,1073.8933145563221,1078.1868896484375,720194,65.67442433924609
2021-09-07,1078.828479926636,1081.690903467691,1050.1058061596834,1067.37890625,881067,65.31953628191549
2021-09-08,1071.0802618240482,1108.7356433092687,1067.9710797770883,1094.02880859375,1637527,70.83419969117202
2021-09-09,1123.2450118723657,1123.2450118723657,1085.7377091912147,1090.8702392578125,1705768,72.69538989970437
2021-09-13,1090.8701594981824,1091.2157178613622,1069.9450824642074,1071.8697509765625,659910,64.33561500742826
2021-09-14,1075.8673869961135,1075.8673869961135,1044.0355308212286,1047.53955078125,1128681,56.79139323320069
2021-09-15,1051.1914729794082,1061.9994497882494,1042.308164757047,1050.007080078125,1181994,49.668406652957685
2021-09-16,1061.0618796992226,1070.7841435226703,1054.0539602191916,1063.4307861328125,872300,47.36192319545719
2021-09-17,1070.9322279651235,1079.8155367685208,1051.240941645961,1064.0723876953125,1479348,46.755197800583694
2021-09-20,1061.061794805768,1063.0358632612204,1040.2846761170986,1058.3968505859375,1113168,44.403066395806206
2021-09-21,1017.5337364850819,1065.8984196813092,998.8787631547332,1056.028076171875,39774519,27.663600953105615
2021-09-22,1050.2044669311304,1060.8644852792236,1040.4822034353463,1048.7733154296875,782140,28.963931102863455
2021-09-23,1048.2303710006554,1065.8983081310448,1028.489686047724,1035.39892578125,2898242,27.21616568830349
2021-09-24,1036.3366307887177,1039.0509751548354,994.2889930692841,998.089111328125,6572048,23.693486908245518
2021-09-27,1006.7749905973426,1033.424916819037,1000.9021244367661,1027.05859375,2762642,36.919209111890495
2021-09-28,1027.0585952005235,1028.489746749046,996.953988626744,1001.88916015625,3334438,34.39190659558696
2021-09-29,996.9046954051853,1013.6842793872528,996.9046954051853,1006.8737182617188,3168484,26.836329848168717
2021-09-30,1014.6711965629665,1025.479173272959,1006.8736019860273,1016.2504272460938,2817641,30.802426118364508
2021-10-01,1012.2037501806386,1034.41202358782,1010.4764400267468,1033.0301513671875,2026286,39.89216582014845
2021-10-04,1036.3859168922,1069.9450799153758,1036.3859168922,1058.05126953125,1780368,52.72582583228979
2021-10-05,1058.100769731993,1084.652016502822,1051.191529631131,1082.48046875,1515466,57.559728281503276
2021-10-06,1089.685869734978,1099.3094541823657,1069.9451836890544,1083.9117431640625,1602487,55.04988484408503
2021-10-07,1111.7953478728607,1128.0814121859762,1103.9977535890666,1124.577392578125,2243226,62.459309548072675
2021-10-08,1128.1801047179854,1135.9776990930786,1108.488820376599,1125.0709228515625,1720415,64.02906117785818
2021-10-11,1134.102334323278,1145.0583902179196,1105.6264207835206,1112.239501953125,1101061,61.328788867337614
2021-10-12,1111.4006336678704,1124.9723554377933,1087.9091688819872,1097.5821533203125,1360143,59.551868988305806
2021-10-13,1106.4653132035469,1118.2110440157105,1077.841322050199,1092.9429931640625,1444602,61.66000064310432
2021-10-14,1102.5171599707878,1127.193014043545,1088.698681690044,1120.234375,1789269,75.79734491645243
2021-10-18,1130.0555669297232,1139.037554745713,1121.2709377739425,1125.9593505859375,1039242,73.16225974939321
2021-10-19,1127.9334428541054,1133.3621314874001,1090.672898143764,1099.3094482421875,1097487,72.65841530467331
2021-10-20,1096.5950722209238,1102.517277831478,1069.007512613459,1088.945556640625,850277,68.62261623061346
2021-10-21,1099.5561517259177,1099.9015896150302,1066.0956666378197,1074.7816162109375,1051526,62.99869738541804
2021-10-22,1073.893184207614,1123.9357687693193,1073.893184207614,1114.8551025390625,2436016,66.46799561711683
2021-10-25,1125.120481508908,1133.559552922702,1087.5144968097127,1114.9539794921875,1172076,62.72911322443634
2021-10-26,1116.2862803100902,1130.006079787791,1105.5277039200032,1108.5380859375,1015325,56.34003024719299
2021-10-27,1116.3358888957835,1138.0506453552948,1110.5123619295773,1122.3074951171875,1195271,58.812879090138836
2021-10-28,1128.4762998331253,1142.097300113486,1095.60801129912,1111.3018798828125,2221276,46.47263390809705
2021-10-29,1105.2809872583305,1105.2809872583305,1021.6298356369564,1041.4197998046875,5328926,33.76131283910081
2021-11-01,1056.0281284284445,1065.7997930838444,1042.110967488983,1054.35009765625,1159482,38.76659203468634
2021-11-02,1058.7915320006525,1070.9321007852284,1051.4381754483545,1057.5577392578125,1121537,41.872111436455825
2021-11-03,1065.0100773685979,1099.506880150421,1061.2592985952467,1091.462646484375,1753014,49.73131727868959
2021-11-04,1110.4135314388798,1113.818751406927,1097.3847275316953,1106.070556640625,374627,47.305197580135705
2021-11-08,1111.4007027063565,1116.2371952259546,1083.2208231949187,1089.09375,1682661,43.273944186763345
2021-11-09,1095.015773550929,1095.015773550929,1059.186383635006,1069.0074462890625,1822776,44.335800413826966
2021-11-10,1071.1295345794022,1079.1246085039977,1056.2253412977311,1063.5294189453125,1300290,45.16069651348137
2021-11-11,1059.0878782395323,1063.03601571666,1044.2329627868014,1060.0255126953125,900752,47.07151793059942
2021-11-12,1070.9321710886845,1073.8438739579028,1061.7034248639156,1071.623046875,914220,40.32689346327788
2021-11-15,1080.7531526667606,1080.7531526667606,1052.5733958487547,1071.6724853515625,605870,40.313688721914616
2021-11-16,1070.8826859156945,1074.880222541663,1059.1863549745322,1066.589111328125,563315,40.555574488293885
2021-11-17,1065.0099757618186,1066.7372857317753,1046.2563246594325,1048.1317138671875,657952,33.645240645741254
2021-11-18,1051.191521146003,1053.066910398616,1011.7101494597681,1015.60888671875,1620485,30.729471641545956
2021-11-22,1018.1752656975389,1023.1597165482077,979.1380114996707,994.2396240234375,1523389,38.19170920502859
2021-11-23,986.047208869392,996.9045855436294,972.475488026595,993.5486450195312,1175544,33.78941904155933
2021-11-24,994.9305394816649,1003.1229118353848,985.060196828077,986.590087890625,1963684,31.449976866993183
2021-11-25,989.995367898568,994.9305392240842,976.0782088581283,990.2421264648438,1156788,18.571763732917134
2021-11-26,977.1639487644388,982.099120222845,938.6696113888701,943.506103515625,2208386,7.920281195434498
2021-11-29,943.456707634016,951.5010612430797,906.7884196877806,924.8511352539062,2794403,7.85206384549673
2021-11-30,927.8122868103959,962.2598096416193,927.8122868103959,938.1761474609375,3012653,15.219121127038449
2021-12-01,952.4880969201552,954.7582637552478,927.9109188192061,947.4048461914062,1773294,19.73242912773155
2021-12-02,956.3869344408392,971.9327252738805,952.4881367545873,968.1820068359375,1636771,28.03872096132224
2021-12-03,978.1509812838259,986.0472556029688,966.3065698051116,977.4107055664062,1278886,27.214163466077693
2021-12-06,982.5432705351361,982.5432705351361,958.0648328270383,967.2935791015625,952124,25.92760986079729
2021-12-07,977.1639717250749,993.9435550779298,967.7871457337737,987.52783203125,784948,32.95747882150914
2021-12-08,991.9694446310657,1006.7749587300368,990.1434553230424,1004.307373046875,1427329,40.484352851494954
2021-12-09,1004.3073352730902,1005.7385469642518,937.6825243335977,943.3579711914062,7421046,36.035864934604106
2021-12-10,943.3579605777575,951.4516532718069,908.1208266952297,909.9962158203125,7864424,34.439377739256386
2021-12-13,922.8770525983613,922.8770525983613,906.0974698238456,908.713134765625,2458493,34.36421130073535
2021-12-14,908.0715555945206,908.7131519867513,884.4320720713177,890.5516967773438,7430675,33.00140461849624
2021-12-15,895.9310129566331,898.102500384919,879.9410458404435,885.6658325195312,3156296,31.570707051150492
2021-12-16,887.3437753064676,908.0714941957176,884.0865743869145,904.7649536132812,3203345,42.435913783467186
2021-12-17,907.0352401011272,908.0716141337161,883.4944343927958,891.3413696289062,3014914,43.32088241276651
2021-12-20,883.3957286915974,886.3568316927983,849.0469459264261,857.2393188476562,2538736,35.10173770311307
2021-12-21,867.6030910232331,882.6060234173301,860.1509946109836,879.5955810546875,1562111,38.09358359891776
2021-12-22,879.64499425532,887.8373670273809,874.3149848526909,881.9151611328125,1531026,33.80280205212456
2021-12-23,887.3437982938542,897.0167219773318,883.4450009244503,895.5855102539062,1050392,34.88879270310605
2021-12-24,898.2012217929785,903.1363933412915,887.3438443866896,895.4868774414062,1362134,36.229413137621236
2021-12-27,888.3308856466016,894.2530915509122,879.496916457246,892.0816040039062,746856,30.433001475729057
2021-12-28,897.0167067833096,904.5182031662948,893.1673093870598,900.96484375,1012274,28.105362360595223
2021-12-29,906.0975074891866,915.4743335470812,901.2116755471037,908.7625122070312,1243862,40.53982602193753
2021-12-30,907.0845578308188,913.5989603727821,895.7336629286921,910.2924194335938,1755616,50.09807024116832
2021-12-31,903.6298978220942,918.336732927311,903.6298978220942,916.1159057617188,956297,52.379448309037336
2022-01-03,913.0067315594903,919.7185527805744,910.6378251314403,915.9678344726562,717440,59.239336394045544
2022-01-04,921.8900277763844,924.8511306493278,915.030127405307,922.383544921875,778643,63.20088336066772
2022-01-05,925.4926776220706,929.588833564665,918.9782155031401,923.2718505859375,692890,57.656202261887024
2022-01-06,913.0067636857083,925.2460135883105,912.0197293465886,920.8536987304688,578377,63.43219482057812
2022-01-07,920.6069047512665,925.7394951661161,913.1054079160887,914.9314575195312,404067,85.31730078000649
2022-01-10,911.0326327397427,911.0326327397427,885.3697416766513,892.8218383789062,2004623,58.12121998001729
2022-01-11,885.369710599678,890.2555421216448,872.5382655185233,873.327880859375,1889273,45.64559917501166
2022-01-12,883.3956202205093,886.8995796262577,873.5746177570098,882.1124877929688,1411418,42.81200138066676
2022-01-13,879.4475567307499,887.343831089724,879.4475567307499,884.4320678710938,808463,44.238675011673934
2022-01-14,884.8762393509375,885.5178357357694,878.4605164777851,882.3593139648438,538419,44.86176539276899
2022-01-17,881.421620028867,886.9983878589293,871.6006168050949,875.0552368164062,867313,36.074317023067586
2022-01-18,878.4605250922274,880.7306919285387,863.6550106243809,866.1719360351562,885485,27.37282419777425
2022-01-19,867.5043760897635,867.5043760897635,853.7845767132727,859.065185546875,891919,24.30689186698838
2022-01-20,861.6809530177852,863.5069423945896,845.9870833842051,849.5897827148438,974864,17.812804902537493
2022-01-21,849.5897590349769,849.5897590349769,834.0439690787748,839.0778198242188,1089183,16.189238021520524
2022-01-24,840.0648836546885,840.8545593038439,789.6274541202736,804.3342895507812,2574253,8.443381409133892
2022-01-25,792.0950559728286,843.7662794518559,771.0712366294116,838.9791870117188,4184737,26.024727124250518
2022-01-27,837.0050202932492,839.1765076305035,815.8331241816494,833.4517211914062,1423748,25.572413087236868
2022-01-28,830.4906470026727,864.1978306950142,830.4906470026727,856.9924926757812,1267768,35.25866197563671
2022-01-31,868.5901357749432,872.044755633139,859.805506895158,868.0966186523438,1070345,43.335993904156275
2022-02-01,873.5252751878637,875.400664282957,859.2626188154175,870.1199951171875,834265,49.04551414530675
2022-02-02,871.5512451444353,887.3437931878226,869.2810784119563,884.3826904296875,868260,50.65415905870038
2022-02-03,887.3437723887865,887.3437723887865,870.8109490433892,873.0811157226562,771285,46.890195858098195
2022-02-04,871.5512513955839,872.538285655375,839.077800150939,843.8156127929688,1566360,40.809599348012746
2022-02-07,848.8495415583967,848.8495415583967,820.965821152554,824.2230224609375,1299577,38.55047518755232
2022-02-08,824.6671289526475,831.9712066159922,805.4199607724242,808.7265014648438,1175450,37.4352261052146
2022-02-09,814.3032869166053,855.4626287404212,814.3032869166053,852.5015258789062,2729856,48.76281289769769
2022-02-10,856.745796683525,861.7796476586868,843.2727540091291,858.4237670898438,1248047,51.68772828805936
2022-02-11,840.9532313925487,848.8495058657182,832.0699226102331,835.7713012695312,739551,49.39629633922053
2022-02-14,805.4199491334193,829.8490468552969,801.7185706907106,813.3162231445312,761734,51.71696453364508
2022-02-15,824.1736149205008,829.1087862673301,804.4822691978935,827.6282348632812,699684,47.64729010893811
2022-02-16,829.1087802032433,837.4985714314904,824.1736088925097,825.5554809570312,542546,48.33956835861997
2022-02-17,823.5321088606356,830.0465718991342,815.0929769808373,820.91650390625,849437,41.75876668654928
2022-02-18,813.3162742144641,825.3087652193915,809.1707180495638,815.6851806640625,629787,37.69696893284395
2022-02-21,815.6850740251004,815.6850740251004,790.6143816456879,792.0455932617188,1151625,33.36140314730514
2022-02-22,783.2611141737967,783.7052916901388,765.9386729868359,780.2506713867188,1972549,27.572310640966137
2022-02-23,789.4300011673654,796.4873203317677,783.7052144206078,787.4559326171875,1321164,31.227015226521715
2022-02-24,767.6165956104425,773.8348997201492,740.275733150653,743.9771118164062,2301066,29.394993389282575
2022-02-25,752.1201499057144,781.1883226037163,752.1201499057144,772.6504516601562,1052529,39.740816800794356
2022-02-28,774.8219502952927,777.8323929578721,756.3150565780485,775.3648071289062,891610,43.007873782065914
2022-03-02,774.8219217279906,774.8219217279906,753.1565068997043,757.3020629882812,1496067,27.63736745848911
2022-03-03,770.9231333667892,771.8608280071167,740.3744095190277,742.9407348632812,1169814,23.90720706607121
2022-03-04,743.2367691690985,753.3538699446407,703.4099624087477,734.6002197265625,2604676,25.560299565608048
2022-03-07,710.664741412866,726.4572912220408,703.0152250990469,721.0779418945312,1268569,26.7131756379857
2022-03-08,725.6182923079515,778.7207257869374,722.1636722457375,771.7621459960938,2186728,38.084209726032256
2022-03-09,771.7620739127558,793.5755058849644,762.2371696761986,783.260986328125,1862288,41.32763947365589
2022-03-10,798.9548834294,805.8641231596667,791.6508059027449,794.4144897460938,1358515,44.70724039869183
2022-03-11,790.6144942866687,798.9549463812732,762.4346763580438,795.8457641601562,674047,45.9767727689617
2022-03-14,795.5496823698231,807.887611686973,793.2795154242266,806.1109619140625,965820,53.01590434204269
2022-03-15,807.5914192020794,818.2513768395302,800.4847606958492,808.5291137695312,956998,56.31751615806267
2022-03-16,818.1527239909309,826.739873876575,812.1317788455616,825.5554809570312,835701,58.15378980508171
2022-03-17,834.043973884711,848.8001485483528,829.5529799202441,843.3714599609375,1453002,73.89653950916093
2022-03-21,843.3221890883368,843.3221890883368,829.15820974494,831.2310180664062,752292,65.30036595234012
2022-03-22,831.3789764633343,842.433772640474,814.4019745031334,836.3141479492188,1302597,65.72448322732707
2022-03-23,845.0000305251664,853.7846597928058,840.9532140386942,852.106689453125,1293684,74.74880412888226
2022-03-24,848.8494574415535,851.317043073651,829.1581120486571,832.6127319335938,938300,72.7979983750142
2022-03-25,837.0050704335317,860.6938931816505,826.5425311506292,851.8599243164062,1123865,78.24540552334001
2022-03-28,860.6939108184436,863.4575948135974,827.6282617216341,835.5245361328125,1305167,77.199172489902
2022-03-29,840.0155402705022,848.8495094231414,829.2075024912978,843.7169189453125,930687,71.42858700856229
2022-03-30,851.1413854291718,874.0087934918439,846.3897358383902,860.1497802734375,1860593,72.24426300139143
2022-03-31,856.2890983845571,861.2387463520979,840.5491936795744,843.123046875,789954,63.62846145990552
2022-04-01,846.3897798385008,865.000443615176,841.8361279982153,862.6741333007812,549430,66.97690529602241
2022-04-04,862.2286209768105,880.7403152793571,861.2386914464123,867.3267822265625,777486,66.00757924466748
2022-04-05,850.3494320893316,856.239524640174,827.5810538145299,830.5508422851562,42706728,54.881423844679354
2022-04-06,829.5609381849126,847.8746343142932,820.5526037164996,845.498779296875,5034995,54.4618231602256
2022-04-07,843.419935421049,861.2386664510711,839.0642214455095,848.2210693359375,3097445,51.16356445294195
2022-04-08,847.3796236087863,849.30999815321,839.0147075299501,845.7462158203125,3516031,53.65200899884059
2022-04-11,841.4400473415424,846.1422123119804,835.9954352705089,843.766357421875,2276047,51.904711539091544
2022-04-12,842.2319812014912,842.2319812014912,827.9770330822437,836.44091796875,1774192,45.81483991356656
2022-04-13,841.4400526093692,841.6875349777837,824.6112515571817,825.1557006835938,839620,47.91644638962807
2022-04-18,820.6515557116262,822.235418743834,794.2204259707099,802.8328247070312,2081103,36.532904403505206
2022-04-19,810.7522817022297,811.2967308573674,775.1148187702636,786.4495239257812,1906979,36.52329077456907
2022-04-20,786.9939422673706,794.9133781644008,779.3219887421227,786.5484619140625,1319697,33.57039215741304
2022-04-21,795.655825054949,795.655825054949,782.044294610774,787.7363891601562,1737624,27.190484155318828
2022-04-22,799.8630351373561,818.8202092101117,796.8932466405589,807.1885375976562,6711765,38.85132588991359
2022-04-25,800.7539986144504,800.7539986144504,784.9151265769427,796.4972534179688,1236245,28.27426347356264
2022-04-26,804.3671558713148,814.3159346775627,799.5165378586681,810.40576171875,1686947,32.3835580832523
2022-04-27,804.0207023713955,823.126328458368,801.3973651900698,818.7211303710938,2236402,45.55594585819602
2022-04-28,826.59115394151,835.5005196726161,821.6909907053009,833.2236938476562,1581576,45.373150260864925
2022-04-29,839.1632586711344,839.1632586711344,813.7220581509282,822.48291015625,2513060,40.851521354853205
2022-05-02,822.482944951128,826.4922079772273,797.0912881686945,811.8907470703125,3577848,38.622792810975525
2022-05-04,820.5030503184112,820.6020795217274,769.7691629232988,776.8966674804688,3660920,31.609056674212667
2022-05-05,789.6667193456303,796.8931921092294,780.0643917789724,782.4402465820312,2796518,35.00137484331702
2022-05-06,766.4529651946405,772.0955757955119,741.6552416918823,745.3179931640625,2854660,30.608339033444906
2022-05-09,733.5378038853465,756.0092169791607,723.0940591125105,753.8313598632812,1694548,37.242275986608554
2022-05-10,756.1081681760531,767.195391073081,746.0604196291404,760.5133666992188,1297042,42.88816216686638
2022-05-11,757.8900048494743,762.2457188396157,725.7172959374125,741.40771484375,2070914,38.790571291557974
2022-05-12,737.1015199114086,738.0914494629525,716.1645461485574,728.8356323242188,2102675,36.156362538818364
2022-05-13,741.4571939059676,747.9412200329276,703.6418750031652,708.4925537109375,1613193,26.899902601697505
2022-05-16,719.0847935720777,719.0847935720777,703.8398555150841,715.5704956054688,890359,30.73295629580977
2022-05-17,718.6887805581662,728.5880750562126,713.7886176975335,723.83642578125,2028069,28.820527461973015
2022-05-18,732.2508540732873,743.0410492359957,728.9840988482563,732.8447875976562,1658677,29.06107151509957
2022-05-19,722.6485305454795,722.6485305454795,707.7995881370107,716.8079223632812,1306961,21.82555251197671
2022-05-20,730.5679922891871,737.4974989911171,722.8960384406219,733.9337768554688,983777,29.212180367655463
2022-05-23,740.4672543426607,748.8816549601909,731.5578889829227,742.34814453125,1075616,33.50549939255946
2022-05-24,744.3280472555856,763.7306421225119,738.8834347712385,747.4462890625,1324158,41.86046590088262
2022-05-25,748.3867075118492,753.2868706570391,732.6468041777246,735.0721435546875,631565,37.38465694798944
2022-05-26,735.1215786476464,751.5544436189637,720.7181173665823,748.9805908203125,846867,51.1130739820997
2022-05-27,757.2961119833708,761.3547990035762,744.8230237189056,758.1870727539062,875537,51.31816055980264
2022-05-30,763.2356705750161,771.1056224529838,758.137509307643,767.44287109375,729567,52.064894877384525
2022-05-31,767.2943407531732,776.1047375801282,760.2658653846154,772.14501953125,1408574,60.01935430474118
2022-06-01,774.0754428302637,780.2130182759944,754.7223317337427,765.1660766601562,815392,62.29069774164587
2022-06-02,760.2658051323752,775.0157778636894,759.6718716403146,773.3328857421875,558102,73.90510899630154
2022-06-03,777.0946694386864,784.0241760451461,764.2255857409757,765.6115112304688,1134569,68.3618329582754
2022-06-06,761.5032941120888,774.1248956719577,754.1777913914929,766.0569458007812,557597,66.43548581005724
2022-06-07,765.6115752834319,773.1350160602452,748.6837429048402,756.900146484375,572469,59.3533933440761
2022-06-08,760.2658342640112,788.9737889432513,748.6341629715606,776.9956665039062,1945413,72.68662732326527
2022-06-09,775.1148109287603,775.1148109287603,757.0980816557666,763.2356567382812,865528,61.33233185219876
2022-06-10,757.296140596464,769.8187741483864,749.228190224521,762.2457885742188,1127216,58.164145905468075
2022-06-13,747.3968099243718,750.3171141797004,730.7660055757185,732.5973510742188,815164,44.92899530387258
2022-06-14,727.5982064540092,736.062091873557,721.8071428565563,724.232421875,795197,46.19394470356581
2022-06-15,729.5780373682329,730.5184824720072,714.7785793429452,716.0159912109375,1052458,37.94351382241589
2022-06-16,718.5899116823508,727.4497331534278,693.3961915982012,700.3751831054688,1556639,29.806290134142913
2022-06-17,705.0278097742354,706.2652216629081,673.2015518293736,678.794677734375,2941955,21.48989395364613
2022-06-20,683.0514279297826,683.0514279297826,649.0968545385341,668.3014526367188,1642225,17.80226027405037
2022-06-21,671.6671629600518,720.8171865990947,671.6671629600518,713.6401977539062,2409444,37.093937544564284
2022-06-22,713.6402767062395,713.6402767062395,696.4154774039514,706.562255859375,1288797,33.183745522203594
2022-06-23,703.8893968085093,728.5386668545342,703.8893968085093,724.4799194335938,1034157,40.14700395231027
2022-06-24,732.4489357748412,754.8213205839459,730.568045365183,752.3464965820312,1898423,47.09705766805202
2022-06-27,770.1651336838067,783.57866602312,757.2960504731519,758.3849487304688,2680268,50.31858728338174
2022-06-28,756.3061937762941,771.0066237672252,745.9119332597351,768.1358642578125,1657323,48.010682854670584
2022-06-29,757.29607802304,773.6793993915948,755.5637013739677,767.9873046875,1282936,51.136360650693504
2022-06-30,770.1651796836866,771.6005895962467,751.653485260145,760.5133666992188,1654778,49.59815249818217
2022-07-01,760.0678850915116,769.7196980603345,756.0586825577936,764.8690795898438,1073345,58.480758299190455
2022-07-04,764.8691199370222,780.5099953351538,764.8691199370222,778.0846557617188,838947,63.800122936781406
2022-07-05,781.0543592242843,817.3352988114578,778.9755314858039,808.326904296875,4213944,71.25599695977891
2022-07-06,805.8026165041073,847.3796556849089,800.1105218543547,841.6875610351562,3714476,80.08429405934264
2022-07-07,839.9552460187165,843.419999537945,827.9275774909058,839.509765625,2093582,87.29615100462767
2022-07-08,841.6381070988737,844.4098977271244,836.9359417832771,842.5785522460938,1352265,91.88677341010003
2022-07-11,836.6884278535468,850.2999585170937,835.5994691481619,845.4492797851562,943398,89.80570856432107
2022-07-12,841.4401093929222,854.7546737962405,839.50973470492,841.390625,752520,91.47384421051999
2022-07-13,849.3595443451728,853.3192625006282,842.8755179497155,845.350341796875,728011,90.67292237204715
2022-07-14,847.3796726590145,850.5474592203451,826.5911526521929,837.1834106445312,585350,82.91092724765498
2022-07-15,837.1834138168035,841.7865498691688,825.3042594821785,826.8881225585938,673001,75.7249286714928
2022-07-18,830.0558757428815,837.7278292753889,818.8696846118422,836.2924194335938,777561,75.6615682581441
2022-07-19,834.4116157991242,851.5373843950746,828.5710074683623,849.656494140625,1311945,77.9661413702295
2022-07-20,855.2990989849748,873.1178302138284,855.2990989849748,868.0692138671875,2698667,84.26367118915226
2022-07-21,869.1086556253938,881.6312281102599,865.2479062338751,875.0977172851562,1363240,84.52716157766262
2022-07-22,878.9584841604551,879.0079685545605,861.3872343971232,869.6036376953125,944189,80.12385873851807
2022-07-25,867.4257938471537,879.0574664037347,857.7244960542769,874.998779296875,839160,76.23691699316139
2022-07-26,871.1379361687219,885.986878262507,869.158077222884,883.01708984375,1976960,70.31633382318262
2022-07-27,887.4718347952448,887.4718347952448,875.0977155147757,879.849365234375,827963,69.63858471829505
2022-07-28,879.0574062184322,928.4053681988673,875.4936841452071,919.7930297851562,4415986,77.65961075283488
2022-07-29,920.6344725522774,958.9942422419556,919.8920253969933,929.7913208007812,3802918,78.74498575918165
2022-08-01,936.4733283416634,942.0169094997976,927.8114450192644,934.6914672851562,1452429,81.61692467365285
2022-08-02,933.4540559127612,940.4330469666764,924.5941745967114,932.3156127929688,738627,79.78976295541149
2022-08-03,932.3156457971294,940.3341114705813,919.8920419262405,926.47509765625,1008595,81.08206299463536
2022-08-04,926.4750487961957,940.4330306620312,925.5840880726308,934.8399047851562,1111960,88.08948093374555
2022-08-05,935.4339168631222,935.4834012552785,918.8031129249068,926.1780395507812,485818,81.88208948632263
2022-08-08,926.1780309439152,930.533744982246,904.3995815932669,906.9239501953125,887360,69.49786457995647
2022-08-10,907.5673245381782,915.1897935289007,892.9658648793883,897.8660278320312,970881,60.83513293368519
2022-08-11,905.290489560823,935.4833380371545,902.815665915222,932.1175537109375,2668924,67.3076958704805
2022-08-12,933.3055086444979,950.2333391314813,928.3063768171859,944.2937622070312,1665679,71.78747983222692
2022-08-16,946.4715869427619,959.0437038915306,945.2837198588804,951.71826171875,946456,72.11759290475744
2022-08-17,961.1225796287463,1018.291008486349,955.5294537627888,990.721435546875,6849096,76.34384940741461
2022-08-18,973.1007314278461,973.1007314278461,933.6025188731023,948.2039794921875,6579065,64.02030782728181
2022-08-19,955.1830282165354,957.7568208278196,905.8350048652495,911.72509765625,3514265,48.32131579074363
2022-08-22,910.9331256057728,914.4968475891461,890.9860222836259,894.5498046875,1244532,42.879990845302636
2022-08-23,890.9365640339064,914.3979056375664,883.5615770586363,907.9138793945312,1493284,44.76890234276445
2022-08-24,914.2988900492179,915.1403664023048,896.876154483523,913.1110229492188,1222394,46.2892184866378
2022-08-25,910.7846539044715,919.3475685251497,905.0925590950217,907.96337890625,1151169,46.413494425884295
2022-08-26,914.6948906314531,917.5161656389005,895.98519824579,898.8560180664062,767844,43.0483956929201
2022-08-29,879.0078716015075,892.6194016069858,871.38540271434,885.5413818359375,802251,42.288178607178516
2022-08-30,896.8762143907819,917.1202867224457,893.4609451989008,912.9130859375,1758560,51.10261613730395
2022-09-01,909.6462824838761,942.4129262341081,900.8358853708387,918.7041015625,2034843,53.88305488988697
2022-09-02,928.2074139907437,930.4347553517,915.9322640999393,923.1092529296875,1091791,48.11126336711914
2022-09-05,929.3953561609748,933.5035880603016,919.69405842218,926.9205322265625,730458,46.22500504627052
2022-09-06,926.5739859781966,944.2442028887474,917.9121030964559,940.6804809570312,1151600,47.6658859741486
2022-09-07,938.2551699639264,950.3323219731016,931.5236614340506,948.5009765625,891988,39.71547546337898
2022-09-08,955.281983115339,960.7265954543384,945.679654724276,953.5001220703125,1565486,51.57864057745949
2022-09-09,958.2517936862245,958.2517936862245,931.6722097341005,933.7510375976562,1206744,57.292682562091464
2022-09-12,934.4935128899052,943.6503614007438,934.4935128899052,940.1856079101562,702008,66.2667514272897
2022-09-13,944.343261960973,951.322252876644,940.680510713872,943.1553344726562,797562,63.567043369725404
2022-09-14,936.473338688446,954.7375506655719,928.850869196416,948.2039794921875,981879,63.525339649014846
2022-09-15,952.9556285247851,960.2315859615516,945.3826439105998,948.9959106445312,829459,66.3639607640963
2022-09-16,948.9959171042816,949.3423682529622,920.139448687308,924.6436157226562,1236778,59.16927382643087
2022-09-19,926.1780523474945,941.2249934215896,919.6445415595144,933.3550415039062,453808,67.57642945254932
2022-09-20,938.3542748822828,972.6058142489542,938.2057612767902,947.5606079101562,2147402,64.10152331676753
2022-09-21,950.7778207759596,959.2417060986115,935.8298487526681,938.8491821289062,734391,58.008654647347626
2022-09-22,938.2551433783121,938.8491373150156,912.1210415168671,934.9389038085938,778257,54.721442286283335
2022-09-23,939.6411084276509,939.6411084276509,903.3106831157709,906.3299560546875,893539,43.13983546472187
2022-09-26,900.8358568330066,903.3106806155148,859.5557840566682,866.8812866210938,1494707,29.005954811771275
2022-09-27,892.0750414320846,902.7662685273099,877.8695160850285,895.341796875,2733212,36.46675703745415
2022-09-28,894.3517621575457,908.7552233852716,884.2544698136098,888.461669921875,1165811,33.59960623910324
2022-09-29,895.8862923987923,903.7562448415354,882.7202407382488,894.3024291992188,1211541,39.30206521588004
2022-09-30,892.0254481777622,907.5673534100499,884.7989749127054,904.3005981445312,1340531,40.45299014284304
2022-10-03,898.3610790210384,908.9533374362968,868.6631921112521,870.3955688476562,803074,33.37860161716529
2022-10-04,887.9667210846497,895.6386743604647,876.0875676253233,885.5413818359375,1311142,36.316474119409506
2022-10-06,888.9567143769456,897.8165957190347,875.9391169414204,877.4240112304688,1232328,34.85548162459834
2022-10-07,881.8292714890774,892.916495041544,871.92997553518,876.6321411132812,1401822,38.71571261920214
2022-10-10,875.0977636019501,880.9383723914783,859.8528236424913,874.058349609375,850805,35.64928076310517
2022-10-11,879.0574084437679,880.7403007016909,860.2487476775161,863.7135009765625,580439,29.321274678601284
2022-10-12,866.1883088746955,870.0490580767377,852.5272939159721,865.2478637695312,754892,31.181961409010555
2022-10-13,866.1883902244823,867.1783198133103,850.3495168032346,852.6263427734375,721065,29.852195641852532
2022-10-14,863.2185285687207,863.2185285687207,836.6389455212448,838.32177734375,1110130,32.100040290114535
2022-10-17,838.4703027173122,852.329315985367,822.7303991946774,849.8544921875,1114767,44.74648509576652
2022-10-18,854.1111692842433,876.4836124662207,847.5776586853706,874.8007202148438,991434,43.521684344745836
2022-10-19,879.2059636265884,881.9777543128341,873.1178726592317,877.5230712890625,760863,46.457234896526856
2022-10-20,876.0876307108505,881.284760723542,862.5255841174406,878.0180053710938,642160,44.53665912294626
2022-10-21,878.0675282465227,887.3728903690851,850.3000159029858,856.7345581054688,1197189,35.165175294594206
2022-10-24,866.1883926614553,866.1883926614553,842.5290512536995,846.884765625,371350,41.37304410262199
2022-10-25,847.5281706991051,849.6069984934283,828.2740297240089,836.3419189453125,1560814,31.315805088988697
2022-10-27,844.9047994193428,857.7243980910005,839.4601873551292,849.5079956054688,1721615,39.79001234906328
2022-10-28,826.5911013557969,829.5114053548664,791.8446013831722,802.1398315429688,8430730,29.678629561844474
2022-10-31,810.2078222543964,819.6121526308615,805.4066278625312,818.3252563476562,1824254,35.847165111834755
2022-11-01,821.6415419065946,824.6113306122811,812.7816601838621,817.2858276367188,1045864,37.62534956019269
2022-11-02,818.6717801163106,831.5408649307146,815.7514757089405,827.482177734375,957955,40.378357684198946
2022-11-03,822.6314553610456,832.0852704715271,818.6717371643618,820.8001098632812,1229699,41.63851126531416
2022-11-04,822.1365434631182,826.2942599211453,800.4075763771917,803.1298828125,1807193,40.91494094075041
2022-11-07,810.6532623159519,812.5340920454336,793.0324695186536,798.3781127929688,1911902,36.22883230927239
2022-11-09,800.8530405364887,813.7221252422667,798.8731813509844,806.0501708984375,2372049,29.73453970390068
2022-11-10,804.8126847947998,804.8126847947998,790.062711052869,798.4771118164062,1368730,27.347566596201162
2022-11-11,802.8328697561494,817.4343307042421,801.8429402003464,804.1692504882812,1398878,29.44910590537272
2022-11-14,806.792528147529,806.792528147529,797.3881980648277,801.00146484375,1096007,32.75128043452226
2022-11-15,802.8328247070312,808.2774369584353,799.0711046901615,802.8328247070312,1307752,35.654455693897916
2022-11-16,804.6147008768229,808.0299698011241,799.1206041310352,802.88232421875,1087186,38.304554934683246
2022-11-17,802.8328751964783,802.8328751964783,786.0040726337901,789.3203125,1558934,29.020106436076446
2022-11-18,792.4385704861783,792.4385704861783,778.084592632275,785.2120971679688,1260838,41.551458170359915
2022-11-21,782.0442952482523,790.6566938749597,773.3824122312622,785.9545288085938,682711,30.899612058596006
2022-11-22,788.4788047864151,801.0509208514156,787.835326477461,791.0031127929688,680334,35.1924293692058
2022-11-23,794.9629228262507,796.0023367824409,784.4202092413144,790.7062377929688,818511,26.679242975367814
2022-11-24,783.0342533612853,793.9729625156704,781.0543943135956,791.399169921875,1693339,29.823384191113334
2022-11-25,794.9134048896208,801.298462380369,791.3496827843442,798.724609375,1171797,46.47657952495138
2022-11-28,803.8227843100824,809.7128771412829,796.7943087632574,804.5157470703125,2015590,54.82871249379358
2022-11-29,804.8127120557243,815.6029681567762,803.8227825206004,809.0693969726562,970373,52.497906922959615
2022-11-30,814.315993989286,818.9191903972539,807.0895206217093,815.9494018554688,2335132,64.62310510474921
2022-12-01,818.6717049592262,827.2346193909063,814.2665065546075,826.0466918945312,1835114,67.05252581380567
2022-12-02,826.0467206957696,831.2933351988122,815.1080113104488,829.9074096679688,1007514,72.29015918617468
2022-12-05,830.5014066545828,833.5206796928849,819.9586327966788,822.7799682617188,1670685,64.22028488084712
2022-12-06,822.6314124428411,822.6314124428411,805.7531265941491,809.3663330078125,1223944,53.88262296519915
2022-12-07,811.7422056162271,814.3159981975409,801.9914240218432,803.2783203125,609571,59.179715096787454
2022-12-08,803.8227378083857,809.7623146887432,801.2984297183339,806.3470458984375,665441,64.09243153709349
2022-12-09,806.9410594909065,809.762334409585,788.1818833028187,793.3295288085938,1277512,54.22578163251031
2022-12-12,794.4184108989235,798.7245799860632,784.0241513170685,795.6558227539062,1674576,52.7517908480122
2022-12-13,797.8831964296518,799.6650574889424,788.5778347348515,790.0132446289062,1179383,49.61451284119722
2022-12-14,792.0425570429867,798.8730946599524,786.597944873681,791.4981079101562,1410018,50.05455498812983
2022-12-15,793.1810313645723,800.5560184048865,787.9839013618715,790.6072387695312,888622,45.182154027617074
2022-12-16,788.973894455984,788.973894455984,776.6987431971231,782.8858032226562,1377355,37.44970283859791
2022-12-19,782.8362563393853,790.9536905290405,779.7180145877242,788.4293823242188,824645,38.160100498712254
2022-12-20,790.7556463526977,790.7556463526977,778.1835300345625,788.0828247070312,420519,32.71936982696887
2022-12-21,790.9536922317086,796.1013378572421,781.0543969597222,783.677734375,1017650,21.73040130382408
2022-12-22,787.6374535784831,787.7364223631392,767.4923514196905,778.926025390625,929731,16.383672832028438
2022-12-23,780.5099543925236,786.9444963736318,757.5435770835444,763.483154296875,1273228,14.76457100661463
2022-12-26,763.483162243177,787.6869517235123,758.4345457275018,784.7171630859375,651376,36.598484144577036
2022-12-27,786.9940321095705,794.8639845147677,784.8161749051657,791.2012329101562,818975,43.4619611440172
2022-12-28,791.9435898345429,792.933519321836,784.0241539361974,786.9444580078125,683157,39.629632529389426
2022-12-29,785.9051088245017,787.0434915762978,773.3329912168648,777.2432250976562,1188622,41.08613598852783
2022-12-30,784.024199231026,791.6466688076508,783.0837540796658,787.4889526367188,657138,45.8396554468843
2023-01-02,786.9939725813653,791.5971690420236,783.1332232646515,786.845458984375,236362,48.29967363535877
2023-01-03,790.7556170840493,793.1314718857028,777.2431166085745,784.4201049804688,1083617,46.238816929767204
2023-01-04,786.9939609449737,787.9838904555962,773.1349477962572,776.104736328125,1890698,42.857125679163616
2023-01-05,780.0149558323989,781.0048853250676,767.2943255993054,771.6995239257812,637116,44.30439933222535
2023-01-06,774.5703608792791,774.5703608792791,764.7205501236825,766.4034423828125,623547,38.75694682002479
2023-01-09,770.1651899659793,775.5108337046391,761.4538220093339,774.223876953125,1055444,43.427257090885725
2023-01-10,778.134019015576,778.134019015576,766.5518325610595,774.1248168945312,835589,45.2765104211621
2023-01-11,774.2238170148827,776.0057384034877,768.1852713950545,770.2640991210938,453225,45.67899279918401
2023-01-12,773.1349031447753,775.0157932745307,769.4226676943363,772.3924560546875,493884,55.12524314796739
2023-01-13,776.3027178326997,781.0543672987056,772.3924842646579,779.4209594726562,339616,46.35801448349558
2023-01-16,780.5099375247877,784.5191399730415,763.037657431635,766.9973754882812,730529,34.612913239174304
2023-01-17,769.0762973740867,769.6702309403723,752.3464636844797,758.5830078125,1083171,32.875070574725186
2023-01-18,760.2658391859596,760.2658391859596,751.4554426626097,757.39501953125,626626,36.642165823089506
2023-01-19,756.2072276336884,765.0175646119682,747.2978614454578,761.4043579101562,604986,30.83645723100102
2023-01-20,762.245686515104,763.1366472000097,743.437026717978,744.8724365234375,1522013,25.000072707390558
2023-01-23,749.3766901323623,760.9588782726705,742.54615187973,759.4244995117188,621794,36.99134721675159
2023-01-24,758.2860176240038,758.7809823874659,724.628413708578,737.4974975585938,3399480,32.40079840941354
2023-01-25,732.5478282289187,736.5075462193453,703.9883863911675,707.8985595703125,5895355,26.348701968959844
2023-01-27,711.6603605139466,711.7098449061531,690.0303641153731,692.3071899414062,2741068,24.480129492017113
2023-01-30,693.9406077854071,713.3927474214878,688.5454797063983,709.185546875,2347230,28.91536370219991
2023-01-31,712.6502519956389,719.1342779616426,703.3448907784349,715.5704956054688,1266807,31.760762122621315
2023-02-01,721.6585968845419,737.893464658924,717.1544297974148,732.2508544921875,1966291,39.03487907378815
2023-02-02,732.5478368795559,738.0419335720521,720.817196362591,729.9244995117188,1027700,37.763870907382845
2023-02-03,729.0831084666096,750.3665936424848,726.6082846089496,746.4563598632812,878322,40.99517089921578
2023-02-06,747.396758609628,750.3170626644545,736.7055322924249,748.8816528320312,422048,44.7654571812535
2023-02-07,748.8816546063899,750.267580052117,732.844784882338,743.1400756835938,962622,45.4677553354191
2023-02-08,739.5763536677463,746.5554054357442,735.2701842292207,744.1300659179688,735979,46.10242624338473
2023-02-09,746.3079057110737,755.1182423805533,742.9421211008429,749.6241455078125,1032171,46.56861925891265
2023-02-10,749.6241008611407,756.5041228508004,743.4370415935513,746.10986328125,940185,50.390019622176915
2023-02-13,742.447176846591,751.3565429687501,733.141814728578,735.022705078125,929612,42.13715680609645
2023-02-14,733.1417674664688,742.4471289846101,728.9841118805566,740.2197875976562,629708,50.983190402375776
2023-02-15,739.5763219498613,749.7230995535424,737.7449765017884,748.78271484375,323890,67.4114954766492
2023-02-16,750.0201404140573,754.3263097463763,745.7633950541508,752.3959350585938,977032,78.49766459564043
2023-02-17,752.346466658209,757.7415948518986,743.4371006056776,751.0595703125,832721,73.29298070733437
2023-02-20,749.3766781846913,753.4353652193389,745.4169599380086,749.4756469726562,277435,69.92440589258148
2023-02-21,752.3464400114277,752.3464400114277,735.3196400744368,738.0914306640625,543957,53.660044123091794
2023-02-22,738.0914161589026,738.4379277386106,724.6283990335834,736.0620727539062,546212,53.860529827562644
2023-02-23,737.4974995980944,738.140977960576,726.9052415466116,731.7559204101562,813246,39.07284407665505
2023-02-24,733.9337595885792,747.3967766959612,732.4488653302428,738.8338623046875,636573,43.0144384876972
2023-02-27,738.982421875,743.1896225353735,730.7165341575276,738.982421875,623830,46.865708451392464
2023-02-28,742.4471587807868,747.0008105197738,735.1216559792813,742.8926391601562,915717,49.10649280134824
2023-03-01,735.3691530174949,752.0495024360889,735.1216706263036,744.1300659179688,597707,45.77305858409789
2023-03-02,744.9219373978408,747.6937278715001,735.6165760714482,739.7742919921875,337987,45.18795361239574
2023-03-03,740.5167533266365,746.3573615679919,735.7156194008033,742.7935791015625,846356,56.7265791753841
2023-03-06,746.555418772184,750.9605570776771,737.2005721339387,749.5252075195312,1020636,57.84645123836619
2023-03-08,749.5251486224726,750.8615292855645,739.5763087642254,742.5956420898438,408263,44.63520403572967
2023-03-09,743.0410415529242,763.8791053881649,742.9915571631552,759.3748779296875,1898644,54.926568735334634
2023-03-10,752.2969377949019,753.3363516888215,739.4773386485541,746.1593627929688,946902,47.037674682551334
2023-03-13,746.159384279835,746.4563510551491,722.6980423019603,727.5982055664062,1317677,39.0268273926439
2023-03-14,727.5982089901956,730.5185132056176,713.0462327262909,717.8969116210938,741803,39.697001213813685
2023-03-15,721.7576429745826,730.0235913385895,720.7182289847574,725.96484375,321893,45.14750803551996
2023-03-16,720.223251531993,726.3608269923843,712.8482641005755,720.3717651367188,478722,44.59588666422515
2023-03-17,723.9849270260165,727.5981939259588,713.8381494916749,716.6594848632812,656699,39.12625758652332
2023-03-20,716.70892654222,717.4513736346325,701.4145043544222,703.44384765625,566907,34.55247971508798
2023-03-21,707.7995752507869,718.6393150957207,704.9287556025487,710.2249145507812,696600,36.14610641055905
2023-03-22,716.6100296871733,721.3121950777178,710.3239407548792,719.92626953125,777434,40.423046995185864
2023-03-23,719.5302608029211,723.2424965718442,707.1066571803595,712.947265625,503821,39.600963403900934
2023-03-24,716.5604555400449,720.025208843877,704.5328481804722,716.2634887695312,715091,39.7396852523717
2023-03-27,710.769363334276,718.3918323789247,707.7995749080882,711.016845703125,965598,34.934129305713086
2023-03-28,712.6997550944117,717.2039222320585,700.8700854938543,703.9388427734375,912786,34.893600984970234
2023-03-29,706.6210814411788,721.2243974839092,706.6210814411788,715.4129028320312,887093,32.07729521490883
2023-03-31,724.3536924234195,737.9138666590312,721.4727443028564,735.3309936523438,815097,45.81417911081625
2023-04-03,743.4771154171628,745.0169075278733,734.1885825078566,742.3346557617188,701122,56.25547971753157
2023-04-05,743.5763978172818,745.2652274140081,734.1388884261472,735.2316284179688,636392,57.52439762323859
2023-04-06,736.2747708719991,753.6099370024424,730.2148600340316,745.7122802734375,1627638,58.395820228731104
2023-04-10,747.9474379557806,748.9408599423689,733.195085074745,734.6355590820312,914884,55.79421892169581
2023-04-11,737.1688348954377,741.7882717742725,730.6619324638602,732.8474731445312,438493,56.68029471236529
2023-04-12,732.8971107024184,740.8941460052399,728.7247260037426,737.0198364257812,492827,64.9733771666947
2023-04-13,740.0994191303284,755.9445127807251,735.1819679100441,753.7589721679688,1858764,67.83056931868748
2023-04-17,755.0007760029458,762.8488346385502,747.947503533229,757.1366577148438,1375315,66.07313566073978
2023-04-18,758.9744885645376,769.9021317244982,753.8086814894579,764.9846801757812,1160835,72.31021891507012
2023-04-19,761.8056733337642,764.7362805023998,750.5800163169424,754.1563720703125,393082,65.26283804015992
2023-04-20,754.0073973394746,755.0008194703565,743.4274273921108,748.7919311523438,365114,65.20096534494184
2023-04-21,748.791860843362,760.9612808040004,743.1293431022902,757.3352661132812,435417,71.23665558607156
2023-04-24,760.5639388526249,772.7333596311641,757.2856580349368,767.6669311523438,1136990,70.97288637165367
2023-04-25,767.6668838688191,773.3790606171151,762.7494326283347,767.5675659179688,708509,65.3864350095844
2023-04-26,765.9284312872087,784.7041330391579,764.040905062993,771.09423828125,1041830,64.19812904108383
2023-04-27,771.0942491456539,782.4192247494948,766.0277600357455,779.0416259765625,715787,71.44944677763587
2023-04-28,779.8362969534031,779.8362969534031,753.2622575349274,767.170166015625,1404497,60.36466145907037
2023-05-02,762.9481465396357,781.6741282266258,747.3514079797345,776.806396484375,2035928,70.65696075599908
2023-05-03,775.7633106649107,785.7968492143052,765.8290900680167,781.525146484375,1159947,73.17878003881657
2023-05-04,776.9553423310196,794.4396063699434,776.9553423310196,791.310302734375,782566,74.53970212303412
2023-05-05,790.7639619639507,814.2584180019007,784.9524671502217,795.3336791992188,1808989,71.23284938379975
2023-05-08,799.6551110824781,811.6258349547708,796.7245038356501,809.5396728515625,1002920,74.09773581410492
2023-05-09,809.5396777311526,817.5863723305114,805.3672928659149,815.301513671875,1681575,73.59103279143571
2023-05-10,815.3014888479958,819.5731915377615,805.7149418086618,818.828125,892808,82.54996239917818
2023-05-11,824.2919351665854,863.7308021605846,820.268588043636,859.955810546875,3616002,91.13964823323782
2023-05-12,860.1544661239097,872.2245684025385,851.9090751552668,861.1478881835938,2573526,90.62980441693429
2023-05-15,861.2969455020012,890.751934500723,854.342990924707,885.0894165039062,2600176,91.53192205896957
2023-05-16,890.0565554084856,892.5897696731437,869.2443499877583,871.7279052734375,1515710,83.68131800898162
2023-05-17,870.9827638153288,875.9002149849891,859.8067659904956,873.6153564453125,1130443,83.50646708211319
2023-05-18,877.1419903198479,888.5166846486443,875.1551462670859,880.7679443359375,1353307,83.4203322374252
2023-05-19,880.17194450254,887.1755578935744,877.7380483306239,885.6854248046875,1043077,90.80028273849547
2023-05-22,886.1324880091103,891.0002804141984,878.483125929831,882.2581176757812,549608,87.92426390243111
2023-05-23,884.1455861581873,893.4837772766957,878.2843720638963,882.0097045898438,1058077,87.33846952869322
2023-05-24,883.1522044648623,890.0564998548481,878.2844121552887,883.4998779296875,632123,86.50666357295125
2023-05-25,881.8607529094598,892.3413432556986,878.5824723195293,888.9636840820312,844714,86.6588603027276
2023-05-26,894.0798742005511,897.0601404478863,883.8972978554893,895.5700073242188,806267,85.8146953166409
2023-05-29,897.8051854644544,908.9315246475669,896.0666968618954,899.7423706054688,714336,85.62444798648644
2023-05-30,903.815329611244,917.4748822040085,900.1893756668196,911.0176391601562,1753378,86.50665705036329
2023-05-31,911.9614159570305,922.7400206394387,894.0798195657162,910.9183349609375,4239673,79.89509488005729
2023-06-01,909.8753067044636,911.5640757323735,897.0601376277415,904.5108032226562,1139440,73.9703768683154
2023-06-02,907.9380797940548,911.9614269036607,900.0403624996912,908.3851318359375,721774,66.54904875174411
2023-06-05,913.9483303354352,918.9154408263887,906.1499911181076,913.7496337890625,946814,83.67835906025167
2023-06-06,917.9219929763269,922.4917102463336,907.9877722731198,919.95849609375,941880,84.73568733370664
2023-06-07,920.4055376524802,925.0249744802431,913.9482942690576,921.59765625,630641,83.36042911742881
2023-06-08,919.9088544358749,924.3295948587645,899.0469905663788,909.1302490234375,1162383,67.05208316686111
2023-06-09,909.1302353343757,922.2930778157416,907.0440125986355,919.7101440429688,692217,74.67281918324217
2023-06-12,923.3361525314928,923.3361525314928,911.4647467011307,918.418701171875,426288,73.66052906930162
2023-06-13,919.90881001708,926.5647498188835,915.0410177624419,920.1571655273438,1763766,73.74525464967236
2023-06-14,926.8627929934249,926.8627929934249,911.9614619163602,915.4880981445312,509000,67.36029107457588
2023-06-15,916.8789264800404,918.9154296297827,903.2193727963544,906.6963500976562,655674,57.07968657277521
2023-06-16,905.5042043988368,911.3654187850018,902.0272272014744,906.89501953125,619703,54.79363744427692
2023-06-19,906.8949635091795,910.9183104622858,898.3514979717891,899.4939575195312,510625,41.853919010341166
2023-06-20,897.0600880127239,898.0535100371012,884.6423127080072,887.9205932617188,1160812,36.012042870242155
2023-06-21,888.6657098041733,893.0864501882354,877.2910148580225,879.9732666015625,1202870,35.34990230182868
2023-06-22,879.9732205698893,882.0097236012365,865.5189421843902,874.5093994140625,1071782,30.15128822438035
2023-06-23,873.2180038263226,873.2180038263226,848.6308074728511,851.4620361328125,1100838,19.768497288253286
2023-06-26,836.4613739235497,851.362704812924,828.9113905264015,839.2926025390625,2256172,12.989918790254833
2023-06-27,848.5811207361292,857.7206156528496,842.4715509219639,855.237060546875,1444296,23.086196295023754
2023-06-28,860.3035481684324,868.9463326612935,846.1472830859842,851.0150756835938,1368427,24.740912093421784
2023-06-30,854.2436697928125,857.6709274576517,839.4416565655838,841.627197265625,770711,15.70680684410442
2023-07-03,844.4087579999303,850.1209348922828,831.6433086765763,837.0077514648438,861051,15.260699006813809
2023-07-04,841.4284691853593,844.5577728696818,831.7922632556762,833.3817749023438,722526,13.558629542329811
2023-07-05,837.901830243941,838.2495037038423,824.3415951690852,830.9478759765625,1258096,13.818038383875319
2023-07-06,831.4942345078464,838.9448996916084,823.5468583118335,835.2692260742188,1079570,18.213947747824093
2023-07-07,835.269295447774,843.7630423359799,828.6133552040683,831.1962890625,1137815,17.435900936713296
2023-07-10,832.1400148599614,835.2692579764586,816.5929353292394,830.351806640625,1063996,18.47826389410622
2023-07-11,833.4811075229069,844.3094322197597,827.1231820916715,828.81201171875,1099282,20.33898824199619
2023-07-12,832.9347737235604,839.3920173879166,818.5798122199111,832.3386840820312,1486327,24.986971796904882
2023-07-13,839.3919976940286,848.8791664207977,826.1794961713814,830.2525024414062,1335481,25.90592243029846
2023-07-14,834.5241733813336,841.3291507421083,829.0106931807421,834.2758178710938,856217,38.19916566572818
2023-07-17,834.474569609398,844.011397580036,831.4943032893644,841.6768798828125,1243191,51.75187143136471
2023-07-18,846.8426406858988,848.8791437665626,834.8719170813431,837.1071166992188,1315520,34.005270532082505
2023-07-19,841.2794142943,867.8037943837488,837.1070903127176,860.0551147460938,1652584,55.99466069164927
2023-07-20,864.128144788417,864.128144788417,841.5277931810101,847.8360595703125,1007206,53.96824034602637
2023-07-21,846.3956112382867,853.74695887575,836.262693906587,840.7330932617188,778546,52.3077004511351
2023-07-24,846.3458876039389,857.6212030848066,840.4846735326241,854.1442260742188,1429401,61.47089013611085
2023-07-25,858.1180005945113,874.1121328358081,854.5417052765561,870.684814453125,2156908,68.99338695805906
2023-07-26,878.0857849844384,878.0857849844384,859.3100837564082,865.3699340820312,790932,64.25211714034046
2023-07-27,869.2443430591364,873.1187135273836,847.4387156979468,852.157470703125,1676111,59.13418011326098
2023-07-28,854.3429710065211,856.329815125141,842.4219062948022,851.5614013671875,957789,59.262483500689825
2023-07-31,839.4416772619829,851.3627425012063,819.7719317439988,849.7235717773438,2948262,59.10861750213615
2023-08-01,851.2633698762425,877.6883718727056,843.4153115109531,875.552490234375,1763679,65.76085238582638
2023-08-02,875.2048795044834,876.347339185229,850.3693267376138,861.4956665039062,1473194,60.47986157004659
2023-08-03,864.2771937672935,870.9331337080977,847.5877152557628,855.783447265625,596541,57.13345833078602
2023-08-04,863.9791967557645,883.1025718323529,858.3166787621961,875.5028686523438,1406495,60.3716078766617
2023-08-07,882.1587541898439,885.139020251296,869.3435858721322,875.006103515625,907461,61.9181354075936
2023-08-08,875.1055125693481,886.9768576205622,867.1581361287452,875.4531860351562,1002735,55.64047552400022
2023-08-09,878.1851133765243,878.1851133765243,863.63145573961,865.5189819335938,456756,56.58771423594957
2023-08-10,864.1281799802942,871.1318542156314,854.193959088948,866.313720703125,834193,60.0
2023-08-11,869.2442783589036,878.0857587008217,859.3100580348017,861.0982055664062,591283,52.90457087383393
2023-08-14,859.459092148026,861.2968986471504,837.7031254719834,849.0778198242188,1233152,40.62093153507073
2023-08-16,847.8360844919209,847.8360844919209,836.4613895734807,844.3094482421875,385379,40.81457720514834
2023-08-17,844.4087524414062,847.2897006737923,840.7827376627484,844.4087524414062,450061,46.183936915852726
2023-08-18,844.2100753336836,846.2465784803004,834.4745510317147,836.908447265625,670660,43.24324476456589
2023-08-21,836.9084698295644,837.4548398640695,826.9742487161117,830.0538330078125,1520760,41.330996270059934
2023-08-22,833.1831147480037,835.4679734165821,822.5038273351282,824.6396484375,2156377,22.637488945513525
2023-08-23,825.9808216288402,840.2860635658294,825.1363764590797,834.7725830078125,2052496,35.005571997953396
2023-08-24,833.4810883632332,837.206420998945,822.9011194243443,824.9376831054688,2232562,33.45765208425395
2023-08-25,824.9376821454491,829.3583616944137,811.6258026225299,815.3511352539062,749612,13.807557502416444
2023-08-28,815.3511311658605,821.7090564116661,809.8873100005699,818.28173828125,518988,16.840922973289267
2023-08-29,819.8712262240855,825.5337441773067,816.5929455039063,819.1261596679688,1187456,17.22544452920461
2023-08-30,823.9939451152287,831.494269589933,817.139308603492,819.6228637695312,1057451,20.0
2023-08-31,823.546888761735,823.8449032533705,809.1422688738638,811.1787719726562,1432434,17.237307204353414
2023-09-01,814.4074298479194,836.4614127136603,810.1357269216032,834.7725830078125,2274771,37.16088579734443
2023-09-04,840.4350564184549,846.0975742444622,831.4942579459181,836.2130126953125,641246,43.003787262715214
2023-09-05,838.2495282905375,840.4350689654087,825.6330559086488,828.3153076171875,1087679,41.58827864789977
2023-09-06,829.5074603410671,835.1203195058264,826.3284974681152,827.6199340820312,429487,41.225352526027145
2023-09-07,828.2159659402372,832.1399951205435,826.8748098075488,829.1597290039062,753245,45.68105351608612
2023-09-08,829.2093764483976,841.4284552299621,829.0106799166509,834.3751831054688,988318,52.453445829859405
2023-09-11,839.3919693965303,849.3261898506375,835.9646512131293,845.4021606445312,1304770,61.08164386203464
2023-09-12,848.8791559018792,852.1574365948948,826.0304483702897,830.1034545898438,1054433,47.638168924071536
2023-09-13,830.9975940546096,831.7923196149565,815.6492103461131,826.7258911132812,703092,50.96776878722695
2023-09-14,830.5008095655834,835.4679196706408,819.2751528548876,820.5665893554688,804452,52.93131696232546
2023-09-15,824.5403412556335,836.4614064304138,821.4110373937846,833.4811401367188,1183960,57.680741564591735
2023-09-18,833.4810738167707,835.7162733591875,813.662292413941,814.556396484375,1737745,48.04753040799732
2023-09-20,815.0531680287445,818.5798043308625,799.8538221381705,805.864013671875,1542580,44.50616805556977
2023-09-21,805.8639485281008,805.9136075019836,790.1678928600345,794.7376098632812,1365258,43.57281040062684
2023-09-22,794.7376443946962,805.6156280290827,790.4162827067682,793.148193359375,2053947,30.34709166212309
2023-09-25,794.7872721476372,800.3504718200528,774.8691728442087,782.2205200195312,1742922,26.603543535124587
2023-09-26,782.7668797497922,786.9392642910403,776.1109401999043,781.1773681640625,3879843,28.283750801381174
2023-09-27,789.7705055644499,794.2409046525505,783.1642248807893,784.6543579101562,1426073,30.70057694184632
2023-09-28,787.8333397051751,790.1181982791705,774.9685121112913,777.154052734375,950392,27.82720615214548
2023-09-29,781.7238549915797,788.0320609137204,777.4520915625762,785.8961791992188,828018,29.93423578915032
2023-10-03,791.3599991061761,792.8004732387747,782.6178969904238,791.2606811523438,895753,26.488402888437236
2023-10-04,790.7639917686122,790.7639917686122,780.8794297447698,787.0883178710938,1632453,29.321927277592465
2023-10-05,792.5521232537909,793.4462273792107,778.8429106772774,784.7537841796875,1335351,29.618946850539558
2023-10-06,789.7208785903963,796.5754544230366,783.1145976390435,792.8998413085938,1445403,36.81973451749433
2023-10-09,788.2804295490732,789.770562686217,776.8560754976373,777.99853515625,1207012,24.05947708426909
2023-10-10,775.4156087274213,790.018925737323,768.6106915897549,786.1942749023438,2436105,35.26075694974412
2023-10-11,789.7208676685576,796.9231775027336,787.8333415275125,795.4330444335938,596545,44.609838485338784
2023-10-12,799.1583598207203,801.2445218189247,793.7441976598859,795.7807006835938,517665,50.60658505039377
2023-10-13,795.7311239570746,798.4133758274851,780.8297920477661,784.7041625976562,1030263,45.57754629851618
2023-10-16,789.5718404235619,798.5622979314278,785.0517821815191,794.68798828125,1004989,56.59487860299003
2023-10-17,798.413299041859,803.1320536926577,793.297151324894,799.75439453125,643695,59.42545379773021
2023-10-18,802.4366305201454,806.5096365175389,791.7573438867915,793.843505859375,652362,54.54993825828527
2023-10-19,793.7442074693473,793.7442074693473,784.1576605599607,785.4491577148438,576153,54.071214729189805
2023-10-20,785.1014283231011,788.8267609837197,779.3395926014116,780.7304077148438,490858,47.3604074845216
2023-10-23,782.816600427758,783.8100225095192,765.3323960422312,769.8027954101562,1041269,39.62533080571406
2023-10-25,771.292927362196,776.8064077808679,763.1965131546622,772.4849853515625,891012,42.83620959643291
2023-10-26,769.9021343737359,771.8393196127657,762.2031130299985,767.4185791015625,692713,41.718046156394266
2023-10-27,776.8560362640246,791.2606558622706,768.2132523783432,785.2008056640625,604104,46.6318767085467
2023-10-30,777.998538866686,777.998538866686,726.4399078221475,745.4142456054688,7239819,38.29401598304778
2023-10-31,754.9014354281159,758.6764270682771,739.1060006763233,741.2418823242188,2268047,33.370002872146145
2023-11-01,748.9409341903088,756.9379698484153,738.7583578183064,739.9007568359375,1463292,28.18103029433898
2023-11-02,747.8480822974971,747.8480822974971,736.2250325714496,739.1556396484375,1205604,27.820944791007747
2023-11-03,745.0665427774998,747.6991354821151,741.0431955732354,742.2849731445312,946847,32.282099157591816
2023-11-06,749.8349614457484,750.8283835093049,743.0300445638544,748.94091796875,1373751,30.345696727114813
2023-11-07,751.0270766781447,753.5106318258898,740.9935381347224,748.295166015625,1317743,27.01863895809369
2023-11-08,745.6128954161578,749.9343176438199,741.7882448391142,743.5267333984375,899849,27.297186843885157
2023-11-09,745.0665858776241,748.9906153566477,743.6757706638497,745.31494140625,606163,30.743590899959415
2023-11-10,745.3148728484895,751.0270494814503,743.1789912453064,748.4938354492188,730509,34.30090574670005
2023-11-13,755.0007445486434,755.7954700477503,744.5698132094846,747.9971313476562,1182457,38.17983547372767
2023-11-15,755.0008113074119,766.7231801983447,751.3747963154264,761.557373046875,1588218,44.7013685916445
2023-11-16,762.6997869201077,770.647163403808,757.6333586652171,767.4682006835938,1138172,50.02386531157882
2023-11-17,728.1783954778432,730.1155806894097,716.0586337947244,728.0293579101562,10087996,27.243989814059447
2023-11-20,734.0395565396591,745.6625456937725,725.2477352619986,738.0132446289062,4081166,46.13789650436604
2023-11-21,740.596095502762,740.596095502762,729.0227050352012,729.9168090820312,1949001,44.32268795253272
2023-11-22,730.1652436947649,735.0330362395325,725.1981331934398,726.886962890625,1528078,43.584742845726694
2023-11-23,730.363900724009,737.119158513572,730.363900724009,734.0892333984375,840389,47.6519547996773
2023-11-24,735.1323483922772,739.4537102408439,730.7116079542648,734.2879638671875,930896,46.19026822200498
2023-11-28,739.801384030681,739.801384030681,727.3836088879399,728.9234008789062,2366981,40.34496666028821
2023-11-29,732.1520114817625,735.1322774715119,731.2082484582752,732.3507080078125,1603465,42.510484530372175
2023-11-30,733.1951631853198,737.0695335992347,730.6619489763782,734.2879638671875,2464705,45.54173745237428
2023-12-01,738.1126279463722,742.5830274426827,734.1389395052074,735.0827026367188,1185861,45.01452714658293
2023-12-04,745.0665414730105,751.0270738047946,741.0928532518211,746.75537109375,2611075,49.21771362435642
2023-12-05,750.0336525556688,751.970837692315,741.1921720005511,743.1790161132812,2521921,47.890381056936725
2023-12-06,744.073120217478,748.7422160091282,742.4339495710075,743.1790161132812,1747993,40.86868920894987
2023-12-07,747.0533743892508,777.2037090622641,739.105998065961,762.451416015625,5722975,47.79956513335392
2023-12-08,768.6106642411271,774.8195521508013,747.5997633013211,754.9511108398438,2668741,66.4043474574128
2023-12-11,760.0671820281626,761.9547081662665,749.2389181228203,750.828369140625,1949464,58.409357980565346
2023-12-12,753.9080241904912,757.732674860936,748.8911942898509,750.9774169921875,1262660,65.42941693592886
2023-12-13,755.0007247390594,756.9875687515306,741.0928166517609,745.016845703125,1476097,62.735423548014225
2023-12-14,752.0205044899951,768.660324107178,750.2820158732745,762.7494506835938,2641527,67.5379185418962
2023-12-15,770.8955516152166,774.7699220688139,764.9350189996351,771.2432250976562,2201691,70.52971217884338
2023-12-18,773.2797706372413,783.611323879843,770.3491633771151,776.0613403320312,1673309,76.34644171502882
2023-12-19,776.8560534375058,780.2833716823467,766.1271072814714,771.6902465820312,1297167,71.7581918264365
2023-12-20,775.8626226175664,777.203718134308,750.8283747802528,754.8020629882812,1969218,59.73592445847481
2023-12-21,753.4609661025418,762.1534090418105,746.6559886784552,760.1665649414062,1240258,61.40980850298284
2023-12-22,763.941544324003,772.8823426320863,761.6070267970267,768.0642700195312,1847748,60.037409745969086
2023-12-26,771.8889662324041,772.68369178004,761.308996688877,763.0474853515625,1167036,59.233604448581985
2023-12-27,769.703423336499,769.703423336499,757.6830402989185,759.7195434570312,1591045,57.45634598325816
2023-12-28,760.9612610405192,762.898446090267,748.0964338609465,755.2490844726562,2381444,46.253228333256075
2023-12-29,757.981077053337,762.4018176111168,752.9643074774252,754.6531372070312,1796866,49.83299215658371
2024-01-01,758.9744424085675,766.6734632576073,756.2425317847147,761.3089599609375,1091156,55.711957208720584
2024-01-02,761.3089516798219,770.7961806136678,756.9875900843826,768.0642700195312,1493730,58.68686260625427
2024-01-03,770.5478461700254,775.8129709686541,763.0971807096062,764.7859497070312,1390145,60.332295309241225
2024-01-04,767.3192209955968,770.9948340991548,760.3652665973641,765.0343017578125,1580391,51.461232736297355
2024-01-05,767.4185181429301,774.8195243928546,762.9481190081169,766.5244140625,1546574,46.685234236930306
2024-01-08,767.8655886256911,770.5974992736918,759.1731456547799,762.6004638671875,1183984,40.42400574534472
2024-01-09,764.9350102323293,767.9152765059617,753.0139451377995,757.0372924804688,2051681,39.74981896928626
2024-01-10,757.1863561197378,764.4383255085486,751.9708899612974,760.4149780273438,1720978,54.84155263257647
2024-01-11,762.9481248792066,764.9349689544129,753.2622600125761,757.3352661132812,2420685,47.45758438728376
2024-01-12,762.4018048582891,764.9350190934874,758.2790788785367,761.65673828125,1173186,43.85133227674247
2024-01-15,763.8919068438097,769.5544247249977,756.9876113848906,762.997802734375,1075144,49.948706056718244
2024-01-16,762.9978131388299,768.9086866161665,757.2359772263216,762.2527465820312,1288356,52.76270455356334
2024-01-17,758.9744432124355,761.4579983276594,745.0665345671815,747.2520751953125,1779825,42.90751617181367
2024-01-18,747.0534301066311,748.8415777860026,733.6918905398243,745.31494140625,1465911,41.91047629723079
2024-01-19,750.5303976987824,750.7290942458211,742.135968814199,744.2718505859375,1284550,33.65120828403754
2024-01-23,741.0928251123325,744.7684987041006,718.7408297168533,725.0987548828125,2495585,16.705213958754868
2024-01-24,730.1652153300176,744.967228302421,721.2244167749561,742.03662109375,1203579,35.451125383604705
2024-01-25,741.8379405700621,757.9810494207665,728.1783869271584,754.8517456054688,2201724,44.389727172147545
2024-01-29,711.8365617038846,729.5691817738175,705.4289773195168,710.8431396484375,8841578,29.109238648052767
2024-01-30,715.3135192147403,717.2010453216191,706.3230619870676,707.8628540039062,4124185,29.3168302354662
2024-01-31,709.9987822343786,715.7606182489961,700.9586048048122,710.6444702148438,3886982,32.09358733222014
2024-02-01,714.1711411269389,715.6612742126396,704.9322674886583,707.266845703125,1163723,29.486205153261153
2024-02-02,706.3230556280206,715.9096023664533,705.4289515573028,706.5714111328125,1745972,30.03908591846148
2024-02-05,708.111205373338,710.2470869747642,695.3954156145485,698.5247192382812,2180351,25.882335933758412
2024-02-06,700.3625476347282,705.3296579016412,694.4020153144327,703.9388427734375,1491932,28.119247840240675
2024-02-07,707.3164810150917,721.224389349658,706.3230589911941,720.3800048828125,1490461,36.10287441796773
2024-02-08,725.1484330763308,727.1849361396053,713.3763454758362,716.704345703125,1907311,39.037438308840855
2024-02-09,720.0819623133602,720.2309998771481,705.4289867986182,713.6744384765625,958307,38.73364263776348
2024-02-12,715.2638806288098,715.2638806288098,704.4852755700244,708.160888671875,1096335,37.53855486142997
2024-02-13,714.0717226532488,719.7342401893394,704.5348956909563,716.2572631835938,1726759,46.696350908977294
2024-02-14,711.2901909042811,716.952708740728,703.9885630583826,714.4194946289062,1366033,38.36820292348261
2024-02-15,718.7408233206907,719.5852077746495,707.3661291939269,708.8562622070312,911905,29.36719757046623
2024-02-16,711.290218029091,715.8102764219548,706.3231075679939,713.3267211914062,975869,51.72653451583969
2024-02-19,714.767162115034,740.0001063375386,713.376346997131,723.608642578125,2550695,59.937320449203455
2024-02-20,727.0856332155993,736.4734232176011,718.2938115651209,734.8839721679688,1731698,63.81652555817177
2024-02-21,735.1323346217662,739.9007484493352,726.7379059713103,734.3872680664062,1383857,65.98359269952108
2024-02-22,734.3872473025057,738.311276509855,727.7809664449638,735.8773803710938,631233,67.11137688870579
2024-02-23,737.6158557206678,746.6559719211507,731.7546415025513,734.1885375976562,1294462,72.4936943928601
2024-02-26,734.0395530410042,734.0395530410042,723.4595843003434,725.0987548828125,1315344,62.75449463087149
2024-02-27,724.2046973884743,730.6619409180012,721.5224456417825,726.9862670898438,1919189,54.82933985591891
2024-02-28,727.2842654757991,729.1717916422376,721.6714672200633,724.6517333984375,2271357,55.92593064554005
2024-02-29,725.2477516152719,728.0790408229029,710.8431319669477,714.9161987304688,3043100,50.84173830440932
2024-03-01,719.5852582740855,719.7839548165106,709.6013785123655,713.177734375,1444844,53.58414874505084
2024-03-04,716.7043845901659,719.0885612447008,710.296799932571,712.184326171875,1102727,46.76152715025454
2024-03-05,712.2836068202196,716.3566129544266,706.9688231287947,711.33984375,1035298,47.512009238558555
2024-03-06,707.9124849198427,710.1974040008686,693.4085481377629,697.5809326171875,1772444,41.95607551757441
2024-03-07,703.839552463491,704.783315578003,699.4188120255885,702.8461303710938,1335533,42.60688360558335
2024-03-11,705.1309898621906,705.1309898621906,695.5941620177537,700.1638793945312,1329626,31.475689069316374
2024-03-12,700.1638773814652,705.1806468126429,688.689864360896,695.9418334960938,1652036,15.371088407313664
2024-03-13,696.8855634886318,698.8724075755558,678.5072556845837,680.7921142578125,1518868,12.193460666436465
2024-03-14,680.4941314653947,700.0148997820681,674.4342809715076,697.72998046875,1809163,27.90568768395518
2024-03-15,697.3822638099571,700.0148564382058,691.4217316406413,694.7000122070312,1003378,27.478800874420415
2024-03-18,695.3457670511355,698.3756921378018,689.4348938031784,696.8855590820312,981919,32.533868979740205
2024-03-19,696.8855394651486,702.200322960988,690.9746663835788,693.9052734375,1582478,29.793724112991313
2024-03-20,689.7329379096901,696.3888779713864,684.8154864877228,687.74609375,999111,28.463814655356643
2024-03-21,690.4779713122525,699.8161626678371,690.4283123373792,698.0280151367188,2707401,40.20739251688161
2024-03-22,697.382282761733,705.9256881831237,697.0346092958755,699.4684448242188,811372,42.02310254230245
2024-03-26,695.3458192430218,704.3362772275841,690.4283676631466,692.2661743164062,3756858,39.19137427026483
2024-03-27,694.3523713331988,697.7796896181165,686.4546537115201,687.9944458007812,2204657,37.78588877712315
2024-03-28,690.4869963277539,693.9267315210484,677.9245539777617,680.5167846679688,2613193,40.444115409303535
2024-04-01,690.138028180765,690.4371223446868,683.6573909313203,686.0003662109375,1518452,40.58942705502643
2024-04-02,685.950519162492,696.7681737934138,685.452008610775,690.2875366210938,1515418,44.57995251672097
2024-04-03,692.3314846363958,695.6216421359089,689.4899379546904,693.1290893554688,1578369,48.432642821868725
2024-04-04,700.7064720725631,700.7064720725631,690.9855155822792,692.082275390625,1046989,57.4644729536034
2024-04-05,692.7302874920274,729.6699091764294,691.0353393549996,728.1743774414062,4409255,66.0605237111198
2024-04-08,740.2882039959843,740.6371370572047,720.2979421058857,721.1453857421875,2116826,63.386099472379804
2024-04-09,725.831373515854,751.6542447995809,722.0925443253534,749.8595581054688,4242049,71.13754015987968
2024-04-10,754.6951406472239,754.6951406472239,741.5344498374245,745.7717895507812,3404987,70.51432776052789
2024-04-12,744.7748214453859,747.8157238736575,733.0099836922855,735.4526977539062,1438789,68.26785768541306
2024-04-15,720.7466303924981,730.1684317958432,714.3656705431689,719.2510986328125,924924,57.77431178630374
2024-04-16,711.8731020382867,729.17139467225,710.3775703113155,723.637939453125,1013260,58.666545274526435
2024-04-18,731.8135103588262,739.3908466152108,721.0955331975764,723.8373413085938,1170098,61.91918232964893
2024-04-19,717.8551973592394,731.7636539787425,712.6208365451616,729.9191284179688,2012194,65.61457730931363
2024-04-22,733.8075307496465,742.5813042727245,729.9191241122192,737.4965209960938,1066150,71.20598120447292
2024-04-23,740.7368740140444,749.2115537713211,732.2123553700403,745.3729858398438,1406042,71.70985825090264
2024-04-24,750.1088541827824,757.5366740825726,743.0300282050908,747.217529296875,1556168,71.19531601152
2024-04-25,755.7420363368414,762.6215066553868,749.211559934942,756.140869140625,1788745,72.44323999528694
2024-04-26,762.6215064468411,762.7211842210887,738.7926764808193,748.2145385742188,2054729,69.05891934571363
2024-04-29,732.8105480824036,740.7867173132324,715.9110273539166,721.9429931640625,7563261,47.73304082724748
2024-04-30,724.3358672603075,732.8105470561956,721.843314379164,726.1304931640625,2318223,51.851853531345654
2024-05-02,726.1304741357511,733.608132583229,723.3886660383426,727.2272338867188,923194,39.42220467535313
2024-05-03,727.8752633811962,732.7606912568166,717.7056356901816,720.0985107421875,867523,38.33258718432211
2024-05-06,720.8463119464333,725.5821625435917,714.7146073582486,715.8612060546875,684213,40.575532386542136
2024-05-07,715.8611709691527,722.2919694249894,706.5888866356242,713.41845703125,1365824,46.76613514537874
2024-05-08,711.2748895864496,717.5561104562137,706.9876500984036,709.7793579101562,656698,42.25196875113034
2024-05-09,710.2279559380551,715.8611494919666,705.8909384962567,708.2838134765625,1030970,41.42858584397631
2024-05-10,711.8730689075369,719.9489155159927,707.5858903270808,718.2540283203125,838295,43.83565355212477
2024-05-13,717.5561063119026,719.8492426983069,703.8969049099787,718.6029663085938,866281,39.189974451417875
2024-05-14,718.6029850982127,721.3946321134966,711.5739982471086,716.260009765625,528743,32.21685440761871
2024-05-15,719.6498705198401,720.9459858741059,710.4772635573279,711.3247680664062,596597,28.8732460145758
2024-05-16,712.8701167599332,715.1134143301567,706.4891571077386,711.6238403320312,452022,20.83602901014747
2024-05-17,712.6208692630242,716.260020813609,710.4274105552748,712.7704467773438,647454,24.516140357036278
2024-05-21,712.521162621889,715.3128095671317,705.8909478802653,707.7354125976562,990078,35.29410278214043
2024-05-22,707.7354217540733,711.1751568084902,704.0963311571836,705.9407958984375,657014,28.013017191413326
2024-05-23,707.8850269745166,712.969810573419,705.2927962874962,708.4832153320312,1014823,30.21051085031742
2024-05-24,710.3775648765744,710.8760754484176,706.4891580748608,707.4363403320312,612037,34.66183235567674
2024-05-27,707.8849850299727,709.2808389192546,699.5099834009585,700.7064208984375,1070659,32.6878775539801
2024-05-28,700.9058578262002,704.7443648541823,697.2168674564467,703.3485717773438,1280415,38.54879973569616
2024-05-29,701.9028932660268,703.24884748422,694.0264017985514,695.2228393554688,665926,34.97944304766895
2024-05-30,694.7242909376359,700.4073233834433,687.9445596221722,691.9824829101562,1821007,33.76365840343644
2024-05-31,693.1789711170801,697.8151439168056,686.9475887805368,690.038330078125,1641581,16.548525282931493
2024-06-03,702.89988780506,707.5360603425569,696.1201563770409,703.0993041992188,1747460,35.87651542278377
2024-06-04,704.8939423645779,704.8939423645779,646.019856520213,675.3821411132812,3672395,24.53419620756131
2024-06-05,680.0680874448125,699.6595769622194,678.2236226983252,697.5658569335938,1126462,42.94478412402729
2024-06-06,700.9058328254298,704.8939172227296,697.3664200934941,701.603759765625,755105,45.0516957321407
2024-06-07,703.8969174153507,721.4444649529241,702.2518082103667,713.41845703125,1956654,50.289508171509254
2024-06-10,717.6557752918204,718.4035411164897,709.8790228859289,714.9638061523438,1235522,53.33332958053469
2024-06-11,716.3596682454918,716.9080176858678,708.8321710281938,710.6766357421875,1119119,52.13482713270859
2024-06-12,710.7264715729374,716.8581757205054,710.7264715729374,715.3128051757812,561824,53.02161272935644
2024-06-13,717.8552293584605,729.4206503790101,716.9080470934997,724.8842163085938,1990427,57.17801793839077
2024-06-14,727.8254070169776,731.0657256098614,718.6528006756848,726.1802978515625,1219385,60.97037585320823
2024-06-18,726.8284096541008,730.0188894665977,720.846282825672,724.186279296875,1023807,59.02417672113693
2024-06-19,727.825439453125,729.8194817529966,719.00182661753,727.825439453125,968431,64.69004815453454
2024-06-20,727.8254402863695,736.3001200705258,726.4794860737519,730.3179931640625,886197,67.39036898352191
2024-06-21,732.7108707269464,733.7078918813695,721.793476915344,723.1892700195312,758059,64.36285862522524
2024-06-24,723.837328162772,730.8164759549751,718.9020614819034,727.7755737304688,1095490,61.538470319895346
2024-06-25,727.7755768876116,731.2153119136442,721.9429668382502,729.8194580078125,1355431,83.4969432524335
2024-06-26,729.8194580078125,731.2153119136442,723.5880760234562,729.8194580078125,912110,77.29958599341433
2024-06-27,729.8194866912685,737.4467228812231,725.8314020645403,728.1743774414062,1229089,73.43889819147046
2024-06-28,732.8105111033279,732.8105111033279,718.8522156537408,722.4414672851562,1225536,58.91622668456751
2024-07-01,721.843334657028,727.5263675563501,719.9489700728061,720.8463134765625,1189555,55.80717426644349
2024-07-02,722.8403348174936,725.6818207578533,706.6387411060671,709.0316162109375,2596663,48.58617354100789
2024-07-03,710.8760871553872,715.4623601505366,709.0316223505284,713.119384765625,589709,48.09690596956278
2024-07-04,713.8671591816178,722.3916780319029,710.1781686743961,716.758544921875,1120401,42.14083229926597
2024-07-05,716.7585361098904,721.8433196834508,712.2220411502005,719.7994384765625,546703,44.02991893243913
2024-07-08,721.0955318185099,737.7956357354958,712.2220194257603,733.4586181640625,2067366,57.1210138297234
2024-07-09,734.8045949378034,735.452683033156,721.4444870521428,727.7257690429688,993753,49.92583953910613
2024-07-10,728.6728665246417,744.3261103934636,721.8432961441717,743.079833984375,2384876,57.970106288413476
2024-07-11,747.7658391045125,747.7658391045125,735.2033973488926,738.9920654296875,1747827,60.25892886152608
2024-07-12,740.038958879832,743.6781104692814,733.8574154931919,736.44970703125,858002,55.78462442699994
2024-07-15,738.2443401571002,739.4407777360796,732.3618908915682,736.3499755859375,539293,54.471020851615066
2024-07-16,736.3001146716018,741.5344756763762,726.9280915788596,728.7227783203125,1032022,49.32017367958266
2024-07-18,728.8224496041827,732.2621846902194,719.8492593901777,731.3150024414062,836572,51.92426209694308
2024-07-19,732.6609437428651,733.7577034839533,714.1662141867018,716.4593505859375,1513766,46.703294115905905
2024-07-22,714.8641757893014,726.7287520021763,709.4802371533168,725.5821533203125,717521,52.409940913089066
2024-07-23,727.8254079630567,731.8134923902516,710.8760491474786,728.6728515625,2360731,60.968792649523
2024-07-24,732.3120197564799,742.7807416182131,724.3856896047853,741.3848876953125,1832662,64.3981649025804
2024-07-25,739.7896562246001,739.7896562246001,721.8931153083372,728.3239135742188,2374154,55.37531949176343
2024-07-26,728.2242670110921,728.2242670110921,715.9608582725074,719.5501708984375,3001400,49.89000760574244
2024-07-29,700.9058320430507,719.5501387502832,700.1580662193917,705.791259765625,4435482,37.802172726714986
2024-07-30,709.8790671994524,722.7905034153918,705.9906603271072,716.8582153320312,1849310,45.42399975327933
2024-07-31,720.2979578087771,725.5821578491709,716.9579003709113,724.684814453125,1612250,41.73017083838678
2024-08-01,722.8403280691483,724.0866044968537,715.8611800739978,718.3038940429688,560280,40.88713549751823
2024-08-02,713.8671405863765,718.4035746303284,710.8760771481655,712.4214477539062,1267000,39.71840991180395
2024-08-05,705.8909450712252,710.7763728459635,695.9207339826486,700.2577514648438,1036909,36.00152641324609
2024-08-06,701.2547983575032,707.8850133165226,695.3724101109623,696.56884765625,783289,37.13601573732575
2024-08-07,700.95572129508,717.705664777956,697.6655636052309,711.7734375,870799,42.89856924033063
2024-08-08,711.3746026445725,715.2630095371553,706.2898190342805,713.4683227539062,777520,48.7980904832704
2024-08-09,715.8611936010597,719.799439357695,706.3894925715192,707.6856079101562,698168,42.610112268367416
2024-08-12,707.8849790560344,708.832161269101,696.9675858703475,697.8649291992188,778938,37.948524738428716
2024-08-13,698.911795954337,705.4921109187055,687.0971201786128,689.8389282226562,1290799,29.06882390409413
2024-08-14,689.8887785029814,693.8270241110548,686.9475540183018,687.5956420898438,564182,31.868622150923997
2024-08-16,690.8858149561393,697.9148018613604,688.3434232057411,696.56884765625,815771,39.78733076348061
2024-08-19,697.4162917119336,700.8560268367208,694.92373884663,697.8151245117188,569447,46.0119786208534
2024-08-20,697.9148082519667,710.8262443752965,697.9148082519667,708.5829467773438,1398065,45.84999981634729
2024-08-21,705.8411308434695,712.4214460504634,704.445276900972,707.4363403320312,1439159,40.72882335688645
2024-08-22,710.8760844963359,714.8641691218413,705.990656488755,712.32177734375,1708458,46.73203202782662
2024-08-23,713.8172708111896,716.5092399597601,711.8730674898144,714.5151977539062,659576,51.19183117577981
2024-08-26,714.8641660793475,721.2451257943353,713.9169838141528,718.2041625976562,1094078,61.30656473990218
2024-08-27,718.3537049230415,737.7457775527698,717.5062613265775,734.5552978515625,3527927,70.63919593457219
2024-08-28,737.5962003779035,741.4846070238341,726.0307799158281,729.1215209960938,1783612,60.54540746022901
2024-08-29,728.7725915517026,728.7725915517026,714.3656243607791,719.0516357421875,1752565,53.08030540067844
2024-08-30,727.8254470517074,728.0747023417937,719.201189673388,721.0457153320312,1802624,57.69231850525304
2024-09-02,724.2860478332079,745.7718420752692,720.4474797811085,742.1326904296875,2393931,72.560988886905
2024-09-03,745.7717865951801,773.6385386526597,740.1884927481025,763.7680053710938,9020038,83.08789865152063
2024-09-04,762.6713074406596,768.1050846407037,752.6013577549495,766.2605590820312,2264088,85.12910192854285
2024-09-05,766.2605906065465,774.6854314721176,762.2725060172435,765.4131469726562,1582345,83.14932795864831
2024-09-06,776.7293211194667,809.5811804525894,776.5798044577431,798.2650146484375,16337930,87.08136278324662
2024-09-09,798.4145292817393,806.3408596399036,783.8580447504423,799.9598999023438,4440702,86.15386547300051
2024-09-10,802.6020053573167,803.7486039920203,787.9956215396022,791.5350952148438,2283172,81.46218940234641
2024-09-11,791.53509369477,803.2999307725848,790.3386561767987,794.4762573242188,1771615,81.18853038289984
2024-09-12,798.6139530361386,803.5990588603341,794.1771966819359,799.8602294921875,1774551,81.63345548196071
2024-09-13,805.5930997225145,814.9651229962668,801.355759779667,802.8014526367188,3526173,81.53108106017659
2024-09-16,802.701690353886,804.9948876439353,790.6377589781533,798.1154174804688,887502,75.94630594231447
2024-09-17,797.8163303578814,801.8542538141292,786.9986144503115,790.0894165039062,1163166,74.3723063289558
2024-09-18,787.5968665922873,792.8312276097105,775.5827739515364,777.5269165039062,1211245,72.91911772093698
2024-09-19,783.658604433095,802.5023280413337,775.5328579211105,792.7813720703125,2417123,75.4690347563975
2024-09-20,799.6109294460905,799.6607683308745,778.3743919943123,784.6057739257812,1481594,66.60171151419144
2024-09-23,787.6466960676408,796.7195640480963,774.6854213222239,792.681640625,1459292,62.64168223790287
2024-09-24,791.9338769233798,795.5231895284708,775.8320220733438,777.6266479492188,1334966,54.47763131951891
2024-09-25,777.676466611155,779.6206699483507,764.3662591201074,769.5507202148438,1032415,51.542152470856294
2024-09-26,769.5507671703815,780.6675775781249,765.71226,778.9227905273438,1205917,41.26126662728896
2024-09-27,780.6675450771766,799.610946554145,780.2188733978434,783.9577026367188,6113355,42.98207857673621
2024-09-30,780.6675480489142,789.192066575332,769.8997319706318,771.395263671875,1084102,41.4768022077539
2024-10-01,771.6943688769206,777.6764957674394,764.8148986114875,767.9057006835938,1653309,38.80726566661936
2024-10-03,759.7301105576859,777.6764911220407,743.7279333918045,747.5166015625,3066060,30.42507094102308
2024-10-04,751.2554236816234,755.1936693274639,737.0478725370141,740.936279296875,1444830,27.477329541035687
2024-10-07,741.8335350369082,748.7628438315832,722.7406175417543,728.7725830078125,1478692,26.058535273691575
2024-10-08,728.7726102820249,734.4057431787751,724.3856929498,730.0687255859375,1431845,28.267166189229528
2024-10-09,733.807567021629,743.2294290677788,731.8633636068136,736.998046875,919421,34.7008224841519
2024-10-10,741.285242174143,741.883430536645,731.9132188059908,735.1036987304688,1429333,25.78487229409386
2024-10-11,737.1974638676623,738.7926733689576,728.8224618525074,731.5642700195312,490791,26.829298206883024
2024-10-14,733.0099300133987,737.2971086026926,729.2212619775889,735.3529052734375,665462,23.981906218144744
2024-10-15,739.2911636321141,739.7398353086952,728.3737701508977,736.8484497070312,1487394,28.895773658428112
2024-10-16,732.8105511726816,742.0828357719532,732.8105511726816,738.59326171875,1015247,32.854816236048606
2024-10-17,739.1915082544491,741.933316429201,730.8165062156884,737.795654296875,2090794,24.83220273271435
2024-10-18,739.2911445713884,740.9860926095831,728.5731677620256,737.9451904296875,824220,20.05192960265431
2024-10-21,737.9452096188365,738.8923310044122,711.8730828725736,716.808349609375,730990,18.038538785370704
2024-10-22,717.3566935393601,717.4065324245323,700.5569120625747,701.85302734375,1440853,15.903249284010684
2024-10-23,701.8530378334473,710.8760669046972,699.2109074930964,703.7972412109375,690808,22.123362734323194
2024-10-24,705.3924795296128,711.3247676765375,700.9058842534528,710.0784912109375,544948,30.248917072438942
2024-10-25,710.0784468248304,710.1282857096704,674.1856868591608,689.3902587890625,4472250,27.272759293568996
2024-10-28,691.2845961293365,691.9326842239091,663.4179034228773,665.5614624023438,2350396,20.456643213945284
2024-10-29,670.9453659541036,699.9088169343516,657.8345140590833,683.1588745117188,3876788,27.53743205341914
2024-10-30,663.0190616183811,693.8270393492033,663.0190616183811,681.9624633789062,4389030,27.698744298319298
2024-10-31,678.5227129088754,697.416275355434,669.1507508671395,686.349365234375,2065078,31.159124307392744
2024-11-01,685.0033717008528,696.9177866620963,682.2615635272895,692.7302856445312,175967,32.614905400433074
2024-11-04,692.7801298800359,693.5777954920861,678.2734841476736,686.3992309570312,1230924,30.20346439373111
2024-11-05,685.3523850567772,695.4222746567053,677.9744039663937,692.8798828125,1286559,32.704654932732325
2024-11-06,697.9646606445312,702.7503501087643,692.979554774842,697.9646606445312,763300,35.40372476314835
2024-11-07,697.964638738031,702.3515561070059,694.9237364236317,698.2637329101562,1591536,35.474442574156996
2024-11-08,697.5159448949918,701.5539290771017,694.2756262843313,697.3165893554688,540437,41.627406164121744
2024-11-11,697.3166310421699,698.8121627980339,689.539817229003,690.4869995117188,395195,44.751384018385565
2024-11-12,691.9326856582973,695.1231655438168,674.9833259231517,677.2266235351562,786130,38.89119401042663
2024-11-13,677.2266384638124,690.9356797282621,671.2445113665981,678.2734985351562,1038299,36.094137363267855
2024-11-14,682.9595013614677,689.09120589751,678.9714166819847,681.3143920898438,816979,45.824737095545565
2024-11-18,687.9445778594685,687.9445778594685,673.9862820768127,675.0331420898438,415550,55.982365621906354
2024-11-19,677.9743692461625,683.9564960336287,674.0361236070792,682.5108032226562,644318,49.53067953784001
2024-11-21,682.5108245783462,682.5108245783462,668.054017722951,673.0391235351562,756880,44.22951834239559
2024-11-22,674.3352355788963,681.7630553734366,672.291354376553,677.67529296875,619554,44.40873853940117
2024-11-25,689.6893565756848,699.8589841233993,684.0561629323576,692.680419921875,1147800,49.971072990245545
2024-11-26,692.4311904579785,705.691559616455,689.7890600623384,696.9177856445312,734567,56.25370135977797
2024-11-27,700.4073739812189,705.8909904323175,693.4282257707299,703.3984375,909536,56.25370135977797
2024-11-28,703.8470700901913,715.8611623857466,701.4043561815777,709.7793579101562,1356072,56.91769327314261
2024-11-29,708.9817226702838,708.9817226702838,696.917790973313,698.5130004882812,710993,50.12933906597179
2024-12-02,697.9147862215509,709.5301066478598,694.8240450810486,700.9556884765625,997717,51.859384930696024
2024-12-03,700.9556817619491,708.084407065689,700.9556817619491,702.3016967773438,628946,56.39503229694157
2024-12-04,706.3396625870561,713.9668380528685,702.8999273675674,712.571044921875,1015078,69.77133410404309
2024-12-05,712.8701035592325,724.8343570455413,712.5710093927428,722.2421264648438,928657,72.43132492604701
2024-12-06,722.8403369201767,723.5881027859562,714.2659793339086,715.2630004882812,385221,66.65038191338667
2024-12-09,717.855219678212,722.7406475979141,712.521180928884,717.5062866210938,476294,71.69045131399474
2024-12-10,717.9050425777417,740.6870115958232,715.7614836898301,727.326904296875,2095222,72.35207485161366
2024-12-11,727.8254153146917,734.2562136891675,722.8901486155199,728.5731811523438,1014110,80.17334576697013
2024-12-12,729.4705377471106,735.1036706477252,722.790483972098,724.6349487304688,736528,75.7095989248167
2024-12-13,724.5352778954975,726.2800648984127,712.8701183339107,723.2890014648438,694565,69.70478054806598
2024-12-16,723.288973157608,730.2182820115196,720.8462592784585,726.1802978515625,246944,69.1704712757016
2024-12-17,724.8343759124132,728.3239499367508,711.9229398516957,713.2190551757812,385028,55.93015070376335
2024-12-18,711.8730846681455,716.8581903030764,706.4891462410839,708.433349609375,274048,49.1712507863591
2024-12-19,697.9147913151331,707.2369145435063,694.9237279237826,701.3046875,719891,51.81114858791469
2024-12-20,701.3047239772943,706.0405745932607,683.0591876583696,684.9535522460938,608957,41.205488054003034
2024-12-23,687.7451909012372,698.4133295909974,686.2496591462243,689.24072265625,412325,43.04669115807356
2024-12-24,684.0063317578207,703.1989884455598,680.7660130962544,693.8270263671875,1146340,39.37848456760234
2024-12-26,693.0293571304505,696.1201591187349,675.3322322259415,677.1767578125,1108502,26.33501003521137
2024-12-27,677.8248253145094,682.8099312176928,671.9922757491222,673.2883911132812,662434,27.21854445039247
2024-12-30,673.3382257985103,676.827799908956,665.0629622215507,667.5056762695312,663779,23.866532087755317
2024-12-31,665.5115878997304,670.147760381491,661.0748318097311,661.8724365234375,589773,14.223367174822783
2025-01-01,666.010149413669,677.8248260761519,662.022064686641,675.7809448242188,443863,24.652944244846765
2025-01-02,679.8687234430586,702.8998868847551,676.0301556338827,700.6067504882812,858309,40.39074765479157
2025-01-03,697.9148170046116,726.5293366724692,695.9706135580016,721.3946533203125,1502248,49.34437248650067
2025-01-06,738.7926351245669,758.633379356562,725.6817833177955,728.3239135742188,4921422,50.721725581936326
2025-01-07,727.8254380403864,738.8923484418557,722.4913992399202,730.7666625976562,957937,56.35839121865257
2025-01-08,730.2681437224786,737.2472916791482,716.0107536388075,735.0538330078125,793910,59.68093210407063
2025-01-09,737.7956611163127,737.7956611163127,714.9140132394018,728.5233764648438,1008063,59.941734144870104
2025-01-10,722.8402968713558,731.4645537201909,716.0107266836309,720.3975830078125,1156720,63.77368944607338
2025-01-13,712.8202924456847,714.0665688990644,703.4482691749329,711.4244384765625,1012939,58.31774862529602
2025-01-14,706.4392874951634,734.4057171502335,705.0434944686269,732.5114135742188,1627465,62.907500506072665
2025-01-15,734.804574598168,738.7926591278731,722.142394045686,733.0099487304688,1026479,70.87992929632773
2025-01-16,742.5315210196078,762.721199838872,737.2473209560986,750.5076904296875,2039577,76.20979587135342
2025-01-17,762.422056436955,762.422056436955,722.4913730762187,738.64306640625,1588789,73.18811717299207
2025-01-20,748.7628458364966,762.5715637253016,737.0976867999341,759.2315673828125,2167132,78.91617721702559
2025-01-21,760.7271409086187,767.1081006389661,743.777781281559,760.3283081054688,2834308,77.17945981072813
2025-01-22,760.3282913650415,761.9235616891757,744.0768590746371,754.2963256835938,1183516,69.63176683892956
2025-01-23,752.7509781686883,766.7092744526111,750.4080027766527,757.736083984375,1054554,65.21919165377565
2025-01-24,757.5366694436957,765.0641670732225,747.416941124975,756.0411376953125,1897571,62.13973287823937
2025-01-27,753.7479704009055,762.1728110767159,748.7628647765608,751.454833984375,1864291,58.89410827482298
2025-01-28,750.7569403270571,770.1490142365852,747.0679498307443,756.8387451171875,2040422,59.27811790345792
2025-01-29,724.8343464709352,774.535824428879,718.852219815054,759.1318969726562,4991376,63.52419139094565
2025-01-30,755.7420008928401,776.6794441893436,754.1467914592041,772.491943359375,2619372,71.99998350350499
2025-01-31,770.2486423539611,779.6705039651283,767.7560895919244,775.8818359375,1248306,78.56822104277916
2025-02-01,772.6913958372685,831.0171334585333,767.8059678319283,822.4926147460938,3471634,82.52248388713582
2025-02-03,818.0558633279876,843.9784135370402,816.6101704725835,822.841552734375,4840203,82.50356328738492
2025-02-04,831.5156499763966,838.345220601892,819.6012349073852,833.2604370117188,1629517,81.55888907354984
2025-02-05,832.5624605702808,837.2983108134034,815.1644301380364,818.9032592773438,1378129,80.03726953806878
2025-02-06,812.6718905958194,821.54540290543,806.2411530542922,808.2850341796875,1067237,69.83870187394535
2025-02-07,809.5811924752718,814.9651311508042,794.7255526562479,813.12060546875,1378157,70.72406236657349
2025-02-10,812.5722034234377,812.5722034234377,794.6258234705274,796.7195434570312,1052263,65.39989630922892
2025-02-11,795.5231735874133,803.4494427848097,776.5298726260879,782.0134887695312,829353,58.146509826538924
2025-02-12,781.6645695115199,817.2582361867304,769.1519664431962,813.9680786132812,2404577,66.15682766947072
2025-02-13,822.542412993046,864.6167158646915,817.7068849670892,857.28857421875,8035172,74.27392955495603
2025-02-14,858.4352043960091,869.4024369724971,851.5557341657848,856.441162109375,4325610,73.33021479593499
2025-02-17,861.4262706595532,865.1152610726292,845.9226040006427,850.5587158203125,2561671,71.06108167403555
2025-02-18,850.5587078652947,865.6137635501044,842.5326998809243,862.772216796875,2347345,70.90740399413352
2025-02-19,861.3764483038784,865.364532966802,848.6644284408094,855.344482421875,1830099,68.06438328489953
2025-02-20,852.5029156853882,856.8898330535261,844.0282359745215,847.2685546875,1202211,56.828788478794586
2025-02-21,843.5795914587294,848.2157642617973,822.3430526111479,832.7120971679688,2061566,52.522944868352695
2025-02-24,827.5275543640155,838.7440422996723,822.7418650154702,836.75,1436630,50.92202053980446
2025-02-25,833.0,848.4500122070312,830.0,840.7000122070312,1018173,56.09435518111832
2025-02-27,844.9000244140625,864.75,844.0,856.75,2846707,63.151304679648426
2025-02-28,856.6500244140625,856.6500244140625,827.5,838.7999877929688,2772042,56.50527294930466
2025-03-03,839.9500122070312,839.9500122070312,822.5,827.9500122070312,1220400,58.14045984179813
2025-03-04,824.0,839.0,814.7000122070312,834.6500244140625,1175041,64.31768775179313
2025-03-05,831.2999877929688,848.0,829.0999755859375,844.0,1049981,59.31442720332261
2025-03-06,850.0,850.0,836.3499755859375,839.0499877929688,852719,42.57636638174968
2025-03-07,837.0499877929688,846.0,830.7000122070312,834.7999877929688,466045,41.428827667629896
2025-03-10,834.7999877929688,853.6500244140625,833.3499755859375,843.25,2287110,47.163019415782806
2025-03-11,840.0,845.0,830.5499877929688,838.5999755859375,770319,40.03190491148376
2025-03-12,838.0,844.9000244140625,833.4500122070312,835.3499755859375,1006226,41.460470887554216
2025-03-13,836.6500244140625,842.0,828.0499877929688,829.8499755859375,669471,42.39326053534455
2025-03-17,823.0,845.4500122070312,823.0,843.0,936170,54.54862904535919
2025-03-18,843.0,843.0,843.0,843.0,0,52.86565667194276
2025-03-19,849.0,853.1500244140625,839.7000122070312,846.5,1070986,52.67034338727019
2025-03-20,849.0,859.8499755859375,838.9500122070312,856.8499755859375,923504,50.04857899038742
2025-03-21,860.4000244140625,866.0,851.2999877929688,857.5,1928222,60.92289965354007
2025-03-24,857.5,863.0999755859375,848.7000122070312,854.5,989594,67.07393373039517
2025-03-25,857.9500122070312,875.5,852.0499877929688,859.2000122070312,2843733,66.20459934783082
2025-03-26,865.0,878.7999877929688,863.0999755859375,868.5999755859375,1945536,66.22688637161528
2025-03-27,868.6500244140625,875.0,863.7000122070312,870.5,774116,71.61511053017064
2025-03-28,830.0,884.5,830.0,881.0999755859375,2095957,79.26672968228553
2025-04-01,881.0,881.0,848.8499755859375,862.0999755859375,984809,60.513090046064
2025-04-02,861.0,865.0,853.7999877929688,857.0,871819,60.21089311867379
2025-04-03,850.8499755859375,856.75,845.9500122070312,850.2999877929688,433635,57.99038704319045
2025-04-04,850.2999877929688,852.9000244140625,835.6500244140625,848.0,1631537,60.04428849944673
2025-04-07,763.5,828.9000244140625,763.5,812.0499877929688,1178513,36.32345460714438
2025-04-08,817.0,850.9500122070312,817.0,846.5,1492773,51.18563705248114
2025-04-09,840.2000122070312,851.7999877929688,823.6500244140625,846.5499877929688,555697,50.01733881570173
2025-04-11,850.0,856.5499877929688,847.6500244140625,852.0,454015,48.258536593918315
2025-04-15,861.2999877929688,884.0,857.7999877929688,882.4000244140625,1014687,57.36687112842086
2025-04-16,882.2999877929688,890.5499877929688,877.0,888.6500244140625,916012,59.91292435821843
2025-04-17,888.0,908.0,882.25,906.3499755859375,1615410,62.726040192610874
2025-04-21,906.2999877929688,926.0,904.5,909.6500244140625,1435497,61.45689177614835
2025-04-22,910.0,922.9000244140625,896.4000244140625,915.7999877929688,1623415,62.35005366369089
2025-04-23,914.7999877929688,921.5499877929688,901.2999877929688,915.9000244140625,1063725,60.063633289254355
2025-04-24,911.0,930.6500244140625,907.5,926.5499877929688,1450145,69.58371831911651
2025-04-25,875.0,898.9500122070312,860.0,867.5499877929688,5917555,52.414737286205835
2025-04-28,866.0499877929688,871.7000122070312,853.7000122070312,863.9000244140625,2120720,53.15692640048647
2025-04-29,863.5,886.5999755859375,861.2000122070312,878.4000244140625,1627262,56.67838920803926
2025-04-30,876.4500122070312,883.0,865.7999877929688,873.5499877929688,1227691,65.64885496183206
2025-05-02,877.0,893.0,876.8499755859375,877.9000244140625,1023513,59.43510210549251
2025-05-05,877.6500244140625,906.5999755859375,877.0,904.3499755859375,1774867,64.98962433935296
2025-05-06,905.5999755859375,910.75,887.0499877929688,889.7000122070312,917982,59.33168900946862
2025-05-07,862.2000122070312,915.8499755859375,862.2000122070312,914.6500244140625,1590048,58.20402239064129
2025-05-08,909.2000122070312,914.4000244140625,881.1500244140625,890.5,1237725,50.43133038171103
2025-05-09,862.0,882.7000122070312,862.0,874.2000122070312,1416421,42.45483097371778
2025-05-12,911.0,911.0,894.0999755859375,898.1500244140625,408398,47.5395801448965
2025-05-13,896.6500244140625,901.75,881.9500122070312,887.0999755859375,1032828,43.98574857458887
2025-05-14,889.2000122070312,903.4500122070312,886.0999755859375,901.2000122070312,464729,47.09025928822773
2025-05-15,900.0,915.0,895.4000244140625,911.3499755859375,790094,46.98532130126643
2025-05-16,910.0,919.7999877929688,908.9000244140625,912.0,769945,61.470967278551136
2025-05-19,910.0,917.7000122070312,906.2000122070312,914.5999755859375,491750,63.15514579700101
2025-05-20,914.6500244140625,915.0,897.0,898.8499755859375,703296,55.271962735053705
2025-05-21,897.3499755859375,906.7000122070312,892.8499755859375,903.1500244140625,296004,57.65253969571432
2025-05-22,900.0,901.0499877929688,876.7000122070312,885.25,665551,51.77578472691238
2025-05-23,893.0,901.0,888.3499755859375,897.7000122070312,358859,48.27676632519268
2025-05-26,895.0,914.7999877929688,894.1500244140625,906.5,864342,54.4895706958426
2025-05-27,908.9500122070312,918.0499877929688,898.0,915.9500122070312,808909,50.378783971670615
2025-05-28,917.0,921.4000244140625,905.0499877929688,908.25,856572,55.72026530499847
2025-05-29,907.0,916.0,901.5,914.25,404212,63.82462682636497
2025-05-30,914.7999877929688,929.0,909.0499877929688,921.0499877929688,2349296,58.966303562833886
2025-06-02,921.0499877929688,924.7000122070312,914.2999877929688,923.6500244140625,860691,65.324952374713
2025-06-03,924.0,929.1500244140625,910.4500122070312,916.2999877929688,684114,56.71109297841474
2025-06-04,912.6500244140625,946.5,912.6500244140625,942.0499877929688,2649593,61.982815837483734
2025-06-05,942.0499877929688,945.8499755859375,937.2999877929688,944.3499755859375,572580,62.46626017369248
2025-06-06,943.0,999.4500122070312,938.0499877929688,993.0999755859375,3755601,72.31379608514797
2025-06-09,995.0999755859375,1018.75,994.0499877929688,1017.0,1836252,82.0972330091614
2025-06-10,1021.0,1027.25,999.2999877929688,1002.25,802686,75.47555614132533
2025-06-11,1002.0,1004.0,991.0999755859375,991.9500122070312,531871,78.54466651274537
2025-06-12,992.0,1011.0,992.0,1002.1500244140625,954119,78.28322877645145
2025-06-13,977.0499877929688,1008.7000122070312,977.0499877929688,1007.0,1253322,77.80851114136034
2025-06-16,1001.0999755859375,1014.4000244140625,998.7999877929688,1008.7000122070312,436784,76.8140967682966
2025-06-17,1008.7000122070312,1009.75,989.5,991.0,919708,72.61545965342587
2025-06-18,984.0,993.0,967.25,972.5999755859375,925037,64.9347188166278
2025-06-19,968.5,975.9000244140625,933.2000122070312,939.7000122070312,1496522,54.21088693740598
2025-06-20,944.4000244140625,950.0999755859375,934.0999755859375,945.5999755859375,1168359,54.883192696746384
2025-06-23,946.9500122070312,959.4000244140625,942.5999755859375,955.9000244140625,909345,58.695659749259974
2025-06-24,970.0,985.9500122070312,964.2000122070312,982.0999755859375,1179089,58.77711904920507
2025-06-25,991.0,992.0,957.5,969.7999877929688,858081,55.34327443219869
2025-06-26,968.6500244140625,982.9500122070312,953.0,975.2999877929688,1435893,45.43355794316808
2025-06-27,978.0,1015.0,949.5,991.3499755859375,9956566,43.14353529598718
2025-06-30,976.9500122070312,983.9000244140625,945.5,953.0999755859375,2183255,38.32817822097894
2025-07-01,953.0999755859375,953.5,921.0499877929688,931.7999877929688,2693691,36.42517619068871
2025-07-02,921.9500122070312,927.75,906.7999877929688,913.0999755859375,2464474,30.64549507075624
2025-07-03,913.0499877929688,917.0,901.2999877929688,911.4000244140625,1653406,28.933447172422106
2025-07-04,915.0,919.4500122070312,906.5499877929688,909.5999755859375,809693,28.171792231970215
2025-07-07,909.5999755859375,919.8499755859375,906.7000122070312,908.9500122070312,925809,30.459625927992136
2025-07-08,908.9500122070312,921.0,902.6500244140625,918.75,866016,36.627758936571894
2025-07-09,924.5,938.5,920.0499877929688,934.5,967120,48.588486615499164
2025-07-10,934.5,939.0,929.75,935.5,392432,47.18349701291849
2025-07-11,929.0499877929688,929.0499877929688,910.0,913.4500122070312,544006,38.890331839160986
2025-07-14,1004.75,1004.75,886.3499755859375,903.5,3790595,27.517160034386407
2025-07-15,900.0,906.7000122070312,888.2999877929688,893.75,1585513,27.924524023056236
2025-07-16,893.4000244140625,899.9500122070312,885.0,897.3499755859375,789465,27.120618929399456
2025-07-17,899.9000244140625,910.5,896.0499877929688,908.7999877929688,717366,25.098033728242285
2025-07-18,908.0999755859375,908.1500244140625,893.0,894.5999755859375,739076,29.357791052079335
2025-07-21,892.0,903.0,887.5499877929688,898.6500244140625,723028,36.68141417143496
2025-07-22,898.6500244140625,902.4000244140625,890.2000122070312,896.6500244140625,748118,42.36661198520882
2025-07-23,896.6500244140625,898.7999877929688,886.5499877929688,895.5499877929688,507765,42.60381522112481
2025-07-24,894.6500244140625,895.9000244140625,878.5499877929688,885.7999877929688,1175233,39.661172797312965
2025-07-25,885.0,894.0,878.3499755859375,888.5,642266,41.271874822534485
2025-07-28,832.0999755859375,864.7999877929688,830.0,837.0999755859375,3524339,24.283476652100262
2025-07-29,834.0999755859375,837.0999755859375,819.0499877929688,821.4000244140625,1133505,14.366753815753128
2025-07-30,822.0499877929688,825.4000244140625,812.3499755859375,814.7000122070312,740562,13.260363441148442
2025-07-31,810.0,812.0,803.0499877929688,807.4000244140625,1750487,14.567348065780081
2025-08-01,804.0,812.2999877929688,797.5999755859375,803.9500122070312,757650,15.2288060183229
2025-08-04,801.5,814.0,801.5,804.5,933330,16.6853485631799
2025-08-05,804.5,808.0,801.4500122070312,804.8499755859375,668730,14.613638804701623
2025-08-06,805.6500244140625,811.0,783.5999755859375,793.0,1239184,5.835257267069011
2025-08-07,787.2999877929688,799.0,784.0,796.5,526708,9.260815741794985
2025-08-08,799.0,799.75,784.0999755859375,786.9000244140625,317602,5.637140403689926
2025-08-11,786.9000244140625,801.0,785.0499877929688,797.7999877929688,363831,13.348127824037604
2025-08-12,799.9000244140625,803.0999755859375,787.25,789.9500122070312,869644,12.711834453174433
2025-08-13,797.0,797.2000122070312,784.2999877929688,790.0999755859375,264960,13.74994509140258
2025-08-14,786.2000122070312,794.75,786.1500244140625,789.3499755859375,363454,11.879979500041287
2025-08-18,797.0999755859375,815.9000244140625,796.0,811.7999877929688,647597,37.48761635793843
2025-08-19,812.5999755859375,821.5999755859375,807.25,820.0999755859375,561940,49.30626937071792
2025-08-20,815.0499877929688,821.7000122070312,811.4500122070312,818.0999755859375,386641,51.91009571566611
2025-08-21,815.0,828.0,815.0,825.2000122070312,601959,60.02253080458617
2025-08-22,825.2000122070312,829.7999877929688,818.0,821.0,303061,59.51982878778068
2025-08-25,817.2000122070312,827.0,816.25,822.0499877929688,473611,59.74459409357743
2025-08-26,821.7000122070312,821.7000122070312,799.5499877929688,815.7000122070312,1470019,55.64812690754988
2025-08-28,809.6500244140625,815.7000122070312,795.0999755859375,803.5999755859375,1692967,55.50362598540479
2025-08-29,799.7000122070312,807.0999755859375,786.5,803.5,1142474,53.767495887185355
2025-09-01,802.0,813.5,797.75,810.8499755859375,1285724,63.210136223343795
2025-09-02,810.8499755859375,816.5499877929688,791.9000244140625,793.4000244140625,696472,47.73664179418444
2025-09-03,794.4500122070312,804.6500244140625,792.5,795.3499755859375,651891,52.957267974144585
2025-09-04,813.0499877929688,813.9000244140625,791.7999877929688,793.1500244140625,388623,51.633665567356495
2025-09-05,797.1500244140625,799.6500244140625,788.25,791.4500122070312,387234,51.11348865928937
2025-09-08,791.9500122070312,808.8499755859375,790.2000122070312,803.8499755859375,487221,45.281881611099806
2025-09-09,807.5,821.0,802.75,819.3499755859375,813502,49.589939091538895
2025-09-10,824.0,861.0,823.0,854.4000244140625,1889303,64.57834715654332
2025-09-11,854.4000244140625,874.0,851.5499877929688,853.75,1067058,62.09234234117787
2025-09-12,851.5499877929688,863.4000244140625,850.0499877929688,856.1500244140625,515577,65.11830594580178
2025-09-15,854.4000244140625,902.0,846.5499877929688,900.0499877929688,3503837,74.51290754719008
2025-09-16,897.0999755859375,905.0499877929688,890.9500122070312,896.5499877929688,834035,75.8720124000097
2025-09-17,892.4500122070312,905.0,890.0,893.2999877929688,1416725,80.42744531157156
2025-09-18,890.0,895.7999877929688,878.0,891.7000122070312,1757116,79.6172284106863
2025-09-19,888.0,897.2000122070312,869.5,871.6500244140625,1121241,68.81191334812883
2025-09-22,870.0,878.0,864.4000244140625,869.0499877929688,1042879,75.77512601113565
2025-09-23,874.5,874.8499755859375,864.0,870.2999877929688,520336,75.65902720692989
2025-09-24,875.5999755859375,887.7999877929688,870.75,884.75,924569,78.93239018687625
2025-09-25,880.0,896.4000244140625,875.2999877929688,887.0,726771,80.07553218916937
2025-09-26,882.0,884.5999755859375,861.3499755859375,873.8499755859375,894416,71.9298111429629
2025-09-29,870.0,881.5999755859375,860.0,863.2999877929688,672166,64.20950143007286
2025-09-30,868.9000244140625,880.7999877929688,866.0999755859375,876.9500122070312,931443,58.46153000523551
2025-10-01,873.0999755859375,882.8499755859375,852.9000244140625,875.7000122070312,823355,58.199479343127834
2025-10-03,875.7000122070312,899.0,866.7000122070312,892.0499877929688,1154618,62.14477887142766
2025-10-06,892.0499877929688,907.0,889.5499877929688,902.5999755859375,1206650,51.11401813935853
2025-10-07,903.1500244140625,914.0,891.9500122070312,905.1500244140625,1200961,53.78856035083097
2025-10-08,915.0,938.0,906.9000244140625,920.2000122070312,2624444,60.73424338842895
2025-10-09,919.75,928.2000122070312,910.25,923.0999755859375,573088,62.40124577249707
2025-10-10,922.0499877929688,925.5999755859375,913.5,921.75,603757,73.21592411957232
2025-10-13,912.9500122070312,926.0999755859375,910.0999755859375,920.8499755859375,630500,74.38793871887107
2025-10-14,920.9500122070312,929.5999755859375,910.5499877929688,916.0,644491,70.81057253539956
2025-10-15,915.0499877929688,935.0,911.8499755859375,929.2000122070312,728651,70.474443669127
2025-10-16,931.0,942.9000244140625,931.0,934.8499755859375,677803,71.37114625109314
2025-10-17,931.0499877929688,939.5999755859375,923.0999755859375,927.0,292090,74.91799019316085
2025-10-20,927.0499877929688,941.5,927.0499877929688,937.9500122070312,1256593,84.86691989194404
2025-10-21,938.0499877929688,939.0,929.0999755859375,936.7000122070312,156079,81.56368813937053
2025-10-23,938.0,965.0,924.0499877929688,928.5999755859375,2397167,76.05911093071153
2025-10-24,927.8499755859375,936.9000244140625,890.75,928.9500122070312,2434129,71.5789616456506
2025-10-27,905.0,914.3499755859375,890.4000244140625,900.7999877929688,3305116,49.12706733578382
2025-10-28,901.0499877929688,915.0,890.25,905.75,1288380,50.28434861892772
2025-10-29,905.7000122070312,913.0,901.25,910.9500122070312,900250,45.164664067435375
2025-10-30,912.0,915.0,883.0999755859375,885.75,1323903,34.16704010465233
2025-10-31,887.9000244140625,893.9000244140625,875.5,878.6500244140625,1233800,32.57883990838317
2025-11-03,880.0499877929688,890.0,877.3499755859375,887.5,774670,37.33385134778025
2025-11-04,883.0499877929688,897.7000122070312,878.0999755859375,880.4000244140625,1792692,36.70650892644695
2025-11-06,881.0499877929688,885.9500122070312,867.0999755859375,870.2000122070312,645583,27.463716961055937
2025-11-07,865.0,875.7000122070312,859.0999755859375,872.0,663704,25.265662561467494
2025-11-10,870.9000244140625,880.75,864.2999877929688,875.0499877929688,375947,28.752561852671946
2025-11-11,875.25,889.9000244140625,857.0,863.4500122070312,1033769,19.69081155386837
2025-11-12,870.0,874.9500122070312,864.0499877929688,869.7999877929688,1194966,23.867177963256836
2025-11-13,874.0,886.8499755859375,866.3499755859375,877.6500244140625,1877134,30.05872752568493
2025-11-14,877.6500244140625,886.7999877929688,867.0999755859375,874.9500122070312,1863347,29.24672938761225
2025-11-17,875.0,894.6500244140625,873.9500122070312,889.2000122070312,701225,45.00861425975145
2025-11-18,889.2000122070312,889.2999877929688,865.0499877929688,867.3499755859375,784965,35.574744005392745
2025-11-19,869.0499877929688,869.0999755859375,852.4000244140625,863.7000122070312,862548,32.04103903189977
2025-11-20,863.7000122070312,877.3499755859375,863.7000122070312,874.0999755859375,390374,45.01069096574186
2025-11-21,874.0999755859375,881.25,867.7999877929688,878.0499877929688,459811,49.735899175863594
2025-11-24,884.0,902.7000122070312,867.2000122070312,869.7000122070312,4097096,42.130857099376215
2025-11-25,870.0,888.25,870.0,873.4000244140625,1962290,46.809478980973935
2025-11-26,874.0499877929688,880.0,870.5,877.75,676067,53.63504766740896
2025-11-27,878.4000244140625,885.7000122070312,875.8499755859375,880.4000244140625,1072239,54.01147484790754
2025-11-28,880.0,881.9500122070312,873.9000244140625,880.1500244140625,349529,52.50247225415072
2025-12-01,881.0499877929688,883.1500244140625,870.0999755859375,876.5,783244,56.94517620935024
2025-12-02,871.0999755859375,893.75,871.0999755859375,883.4500122070312,1264882,57.218412144279164
2025-12-03,881.75,885.0,866.0499877929688,867.9500122070312,565296,45.254397725813625
2025-12-04,870.0,874.9500122070312,853.8499755859375,855.9000244140625,573572,41.46123268595753
2025-12-05,859.5999755859375,887.7999877929688,856.2999877929688,885.1500244140625,1752612,48.39984662835591
2025-12-08,885.1500244140625,889.5,866.5499877929688,870.0999755859375,395449,51.148225469728594
2025-12-09,866.5499877929688,868.75,856.4500122070312,865.3499755859375,419540,50.68264910174559
2025-12-10,865.3499755859375,872.0499877929688,855.8499755859375,865.3499755859375,1361622,46.03893426996033
2025-12-11,865.5999755859375,884.8499755859375,860.5999755859375,873.2000122070312,659807,47.879330369914896
2025-12-12,871.9500122070312,879.8499755859375,871.7999877929688,874.5999755859375,428193,52.28117294246617
2025-12-15,870.0999755859375,874.5999755859375,864.0499877929688,870.0,526827,48.43027567814931
2025-12-16,866.0,868.3499755859375,842.5,847.7000122070312,799118,38.09902048894816
2025-12-17,847.7000122070312,851.4000244140625,829.0,834.4000244140625,895187,33.19941862797987
2025-12-18,834.0499877929688,855.0,831.0,848.1500244140625,959266,39.36170385454805
2025-12-19,849.0,878.0,848.25,870.2999877929688,1516944,48.164590422935056
2025-12-22,870.5999755859375,879.7999877929688,867.0,872.2000122070312,550196,46.566981484199395
2025-12-23,871.0,875.0,861.5999755859375,866.9500122070312,419784,49.67447911492651
2025-12-24,867.0,881.0,865.3499755859375,867.5999755859375,1242121,54.11390829443163
2025-12-26,874.9000244140625,875.0,862.7999877929688,864.5999755859375,1945212,41.13839694608269
2025-12-29,864.6500244140625,866.3499755859375,846.9500122070312,849.9500122070312,922488,41.28083652331092
2025-12-30,848.0499877929688,852.5,829.7000122070312,843.4000244140625,6890747,40.647644409307944
2025-12-31,843.4000244140625,865.4500122070312,842.0,861.7000122070312,1099785,48.65463779990614
2026-01-01,861.7000122070312,865.7999877929688,854.5999755859375,859.5,486194,44.73075711400961
2026-01-02,862.9500122070312,881.3499755859375,856.0,875.9500122070312,689809,50.46536982794424
2026-01-05,872.0,876.3499755859375,866.75,873.5,464853,51.22463344711763
2026-01-06,873.9500122070312,906.4000244140625,873.1500244140625,901.5499877929688,1737746,68.11302084188743
2026-01-07,901.0499877929688,901.4500122070312,881.3499755859375,885.5999755859375,829925,66.92001849208802
2026-01-08,885.5999755859375,885.5999755859375,869.6500244140625,872.1500244140625,760018,57.94702629202637
2026-01-09,866.5999755859375,875.5,860.2999877929688,863.2000122070312,578117,47.42381010172236
2026-01-12,854.0,857.9000244140625,838.0999755859375,855.75,762944,44.26228740401381
2026-01-13,855.9000244140625,862.0499877929688,846.0,857.8499755859375,776526,46.75462063050846
2026-01-14,852.5499877929688,858.2999877929688,843.75,846.5,791044,43.00861854175632
2026-01-15,846.5,846.5,846.5,846.5,0,43.881004889418584
2026-01-16,846.5999755859375,851.5,835.3499755859375,839.6500244140625,736038,46.324056361492154
2026-01-19,835.4500122070312,841.4000244140625,833.0999755859375,838.2999877929688,1121926,48.10969681038059
2026-01-20,836.0,838.9500122070312,808.0,811.7999877929688,1042145,32.56462860676889
2026-01-21,804.4500122070312,814.2000122070312,781.6500244140625,783.7000122070312,1556847,27.573960009317787
2026-01-22,785.0,793.5999755859375,783.0,789.0999755859375,1299134,22.507091791606243
2026-01-23,794.9000244140625,794.9000244140625,767.3499755859375,770.5499877929688,727529,20.4251388590327
2026-01-27,771.0,780.5499877929688,761.0,771.0,943204,5.428444613002654
2026-01-28,771.5,793.7999877929688,771.5,782.4000244140625,1475349,13.636355815850067
2026-01-29,779.9500122070312,785.0,751.75,769.3499755859375,5513410,13.674894407022975
2026-01-30,769.5,770.0,749.9000244140625,753.5499877929688,3416794,13.043463950372043
2026-02-02,737.3499755859375,742.0,725.1500244140625,735.7999877929688,2045295,12.19664673966777
2026-02-03,760.0,788.5999755859375,746.5499877929688,758.0999755859375,1300048,22.113499128751613
2026-02-04,758.0,762.8499755859375,747.25,749.7000122070312,680453,22.48436385843587
2026-02-05,750.0,751.9500122070312,739.1500244140625,749.7000122070312,571677,22.48436385843587
2026-02-06,749.0,758.6500244140625,741.6500244140625,756.2999877929688,659124,26.27382465167561
2026-02-09,758.75,772.5999755859375,755.7999877929688,765.5499877929688,1458460,30.182503669426424
2026-02-10,771.9500122070312,772.0,763.0,765.9000244140625,830688,35.419322090815214
2026-02-11,765.0499877929688,771.2000122070312,758.2999877929688,768.8499755859375,1417949,44.38561683380385
2026-02-12,765.0,774.7999877929688,760.0,772.7999877929688,472432,43.76911723464053
2026-02-13,772.7999877929688,772.7999877929688,755.5499877929688,760.7000122070312,515475,46.03941394458488
2026-02-16,757.0499877929688,779.0,751.2999877929688,772.2000122070312,2958838,50.443136089953406
2026-02-17,771.9500122070312,787.3499755859375,761.4000244140625,776.5999755859375,1777812,47.74141228994193
2026-02-18,776.5999755859375,795.5999755859375,775.5999755859375,789.25,861645,57.773454450087016
2026-02-19,784.8499755859375,800.5,777.8499755859375,798.2000122070312,1585440,68.42759405920641
2026-02-20,799.75,800.0,781.7999877929688,785.5999755859375,1292865,71.46552327413796
2026-02-23,792.0,792.2999877929688,779.5999755859375,784.25,625260,63.75594138051934
2026-02-24,778.0,784.0,760.0499877929688,779.5999755859375,1332832,66.3745714001119
2026-02-25,779.0,794.0,773.0499877929688,788.75,957320,69.43752267171718
2026-02-26,784.0,785.0,765.0,775.4000244140625,735256,58.90859815585029
2026-02-27,775.4000244140625,795.0,761.3499755859375,774.4000244140625,4651147,54.471973486257376
2026-03-02,750.0,765.3499755859375,743.0999755859375,746.5,1139992,42.3320061604496
2026-03-04,734.0,740.0,717.7999877929688,726.5999755859375,1084231,35.27362201876707
