Date,Open,High,Low,Close,Volume,RSI
2021-02-19,8.61304144455017,8.853629199525143,8.179983669149106,8.372453689575195,35634477,
2021-02-22,8.516806992377267,8.709277015044155,8.228101499492206,8.324336051940918,21654762,0.0
2021-02-23,8.324336051940918,8.46868925726818,8.179983764383119,8.324336051940918,13776643,0.0
2021-02-24,8.276219459582839,8.709277251797984,8.276219459582839,8.66115951538086,21843995,87.5
2021-02-25,8.75739616532578,8.80551299044096,8.516808368671441,8.564925193786621,21496313,70.00013873776382
2021-02-26,8.757395980438519,9.864099454575769,8.661160496700674,9.479159355163574,170734508,89.65522661740454
2021-03-01,9.719746657042249,10.441509995403717,9.527275699263557,10.104686737060549,141625049,92.85717656407938
2021-03-02,10.200921793276104,10.345274087859362,9.62351077940406,9.86409854888916,54573089,82.97873686261292
2021-03-03,9.864097921386646,10.056567941176883,9.671627901596406,9.719745635986328,26478726,78.0000047567214
2021-03-04,9.623511663000748,9.719747146738593,9.431041613294653,9.479159355163574,25043531,70.90913611762656
2021-03-05,9.5272748875607,9.5272748875607,9.142334840338446,9.190452575683594,18562459,63.93443262123303
2021-03-08,9.33480528878492,9.864098566131233,9.286687551249893,9.43104076385498,28887163,66.66667667660151
2021-03-09,9.52727697704368,9.623512468839946,8.805513541880684,9.14233684539795,19415181,61.111146284924956
2021-03-10,9.238570311028742,9.431040334639867,9.046099369648148,9.190452575683594,20287224,61.643850493293066
2021-03-12,9.190453736939446,9.382923784870044,8.997983689008848,9.094218254089355,17947618,60.00002642625818
2021-03-15,9.142335376076332,9.142335376076332,8.805512126692026,8.949865341186523,16353789,58.44158017001177
2021-03-16,8.997983180968731,9.094217740615688,8.853629964844004,8.901747703552246,10127787,57.69232723835466
2021-03-17,8.901748153481075,8.949865894621373,8.661160365549154,8.709278106689453,14600160,50.66668181772536
2021-03-18,8.757395329854168,8.853629888673183,8.516807556152344,8.516807556152344,11854502,49.35064767922986
2021-03-19,8.516808264596905,8.70927831601449,8.276220470882526,8.613042831420898,16384255,34.99997192209142
2021-03-22,8.613042217347141,8.757395433945751,8.420572179651863,8.468689918518066,12049267,15.999965117334568
2021-03-23,8.516808368671441,8.70927842244099,8.468690625786651,8.564925193786621,12357241,21.27657421128137
2021-03-24,8.564924581448265,8.661160060337611,8.372454541439115,8.420572280883789,12808168,21.27657421128137
2021-03-25,8.516808437156525,8.56492526265862,7.987515096706922,8.131867408752441,17047752,20.83330236506714
2021-03-26,8.2762207467202,8.32433757285108,7.987515201086775,8.083749771118164,12724571,23.255796802851094
2021-03-30,8.179984253906255,8.179984253906255,7.843161005755251,7.891278743743896,16225805,11.904704041119274
2021-03-31,7.891279117944963,8.179984641797615,7.795044555173786,7.939396858215332,13627359,16.216170612122923
2021-04-01,8.035631383271904,8.42057142412408,7.987513648723018,8.372453689575195,12452921,31.111099855492554
2021-04-05,8.32433757285108,8.37245531675159,8.035632944987285,8.083749771118164,9601232,28.571425682262202
2021-04-06,8.08374966548073,8.27622063856758,8.08374966548073,8.131867408752441,6113099,31.91489765453028
2021-04-07,8.179985152024154,8.372455207341387,8.131867408752441,8.131867408752441,9457645,32.60870127212212
2021-04-08,8.131866355671958,8.276219566793289,8.131866355671958,8.179984092712402,7737910,37.20927284795074
2021-04-09,8.179983764383119,8.46868925726818,8.13186602927403,8.324336051940918,12934986,45.23805816043007
2021-04-12,8.1799845022044,8.1799845022044,7.6988089432512,7.795044422149658,19836261,33.33330742521997
2021-04-13,7.843161451277297,8.03563241416498,7.650691406159183,7.698809146881103,26024800,33.99997581995619
2021-04-15,7.698808770780953,7.795044247523525,7.506338735065334,7.650691032409668,11225130,30.612202385888068
2021-04-16,7.698808770780953,7.795044247523525,7.650691032409668,7.650691032409668,9395780,32.60865724914497
2021-04-19,7.506338798632984,7.506338798632984,7.265751022508654,7.410103321075439,10027363,33.33328928954059
2021-04-20,7.458221435546875,7.650691482587717,7.41010369434427,7.458221435546875,8492154,35.555533044288694
2021-04-22,7.458221113129857,7.698808890972755,7.3138683546471635,7.602573871612549,11590045,43.18181613432723
2021-04-23,7.554456354835072,7.602574095373775,7.458221332642449,7.506339073181152,6734709,39.999982382471266
2021-04-26,7.602573871612549,7.698808890972755,7.554456132490062,7.602573871612549,5549917,28.947351264093868
2021-04-27,7.650691406159183,7.746926887603024,7.602574124322047,7.698809146881103,5441431,38.23527097179799
2021-04-28,7.746926682700429,7.939396722727801,7.6988089432512,7.795044422149658,9579354,39.99998301168316
2021-04-29,7.795044628324945,7.891279191999217,7.650691406159183,7.698809146881103,8164387,37.83781539771039
2021-04-30,7.650691032409668,7.795044247523525,7.602573752923144,7.650691032409668,6274485,35.135130068013666
2021-05-03,7.602573871612549,7.650691151850268,7.506338852252344,7.602573871612549,7489920,28.571456885257945
2021-05-04,7.650691304352136,8.131866869629246,7.6025740231552925,7.746926784515381,21708185,48.14814678877533
2021-05-05,7.891278844713939,7.939396583318258,7.7950442852748285,7.843161106109619,7589332,55.55552700870527
2021-05-06,7.939396827072313,7.939396827072313,7.698809044433759,7.746926784515381,5117066,53.57145511565674
2021-05-07,7.746926475913321,9.0942176379115,7.746926475913321,8.949865341186523,139316824,75.47171786939126
2021-05-10,9.334805272468037,10.00845084347242,9.2385707153357,9.86409854888916,148086659,88.05971937396419
2021-05-11,9.671628724542016,10.393392048496352,9.286687734437988,10.200922012329102,141579498,89.0411128128286
2021-05-12,10.297156938675654,11.259508071594306,10.200922376045524,10.874567985534668,97200729,90.47620676787838
2021-05-14,11.163273190094763,11.40386096645224,9.81598109183117,10.585862159729004,84504834,86.36363431614907
2021-05-17,10.874567884721014,10.92268562447478,10.104686801969434,10.48962688446045,28202164,84.09090473999909
2021-05-18,10.68209731514494,10.68209731514494,10.249038596549452,10.29715633392334,20676975,79.99998898907
2021-05-19,10.249039238941196,10.585862503900396,10.104686935541286,10.441510200500488,22349649,80.21977399696411
2021-05-20,10.537744721905318,11.067038028564488,10.345274678875498,10.874567985534668,52713206,83.67346484763883
2021-05-21,11.067037502768663,11.355743012481748,10.48962648334249,10.68209743499756,108245515,81.18811871473548
2021-05-24,10.585861840397165,10.633979577771052,10.104686302197292,10.29715633392334,42665947,75.92591114273694
2021-05-25,10.393391175462844,10.441508909905204,9.960333401020527,10.152803421020508,32329622,73.14812954172064
2021-05-26,10.152804273844907,10.345274310012158,10.05656879687652,10.200922012329102,19065142,72.8971871732708
2021-05-27,10.297155706578131,10.297155706578131,10.056567952135794,10.152803421020508,13845750,73.58486967595707
2021-05-28,10.200922672003433,10.200922672003433,9.864099398601876,9.912217140197754,18284699,61.62790349302982
2021-05-31,10.008451461791992,10.200922423486483,9.960334639137931,10.008451461791992,17933642,52.173914292353665
2021-06-01,10.056568041783498,10.104685776654794,9.57539252860946,9.67162799835205,23640719,42.02898092803657
2021-06-02,9.7197462543059,10.00845084347242,9.62351077940406,9.86409854888916,31015515,32.20340064847201
2021-06-03,9.960334881793631,10.0565694472158,9.864099398601876,9.912217140197754,11698268,37.03707374007641
2021-06-04,9.960334023791004,10.00845084347242,9.81598081143824,9.86409854888916,9939072,37.73587234061649
2021-06-07,9.9122169897499,10.633980349424366,9.81598150801881,10.393392562866213,71565093,51.66668263248356
2021-06-08,10.585862261382193,10.874567779337433,10.249039004139489,10.537744522094728,50551425,51.666650700839284
2021-06-09,10.537744205572452,10.682097419098907,10.152804138374274,10.249038696289062,28978178,38.59649122807019
2021-06-10,10.249039442540548,10.6820981968822,10.249039442540548,10.345274925231934,30932508,43.636383947393625
2021-06-11,10.441509546045005,10.489626365649388,10.249038596549452,10.29715633392334,13331245,50.0
2021-06-14,10.297155706578131,10.297155706578131,9.912215666578172,10.152803421020508,13350719,50.0
2021-06-15,10.200921155462863,10.297155706578131,10.152803421020508,10.152803421020508,8928811,48.93614957666108
2021-06-16,10.249039238941196,10.970802591479858,10.104686935541286,10.441510200500488,96319087,55.76924762764701
2021-06-17,10.297156644546124,10.970802234793156,10.200922084664851,10.585862159729004,51263978,63.99994926175857
2021-06-18,10.82645094859645,11.307626546311848,10.29715760755559,10.970803260803224,83367467,67.8571062009575
2021-06-21,10.63397937892225,12.269975994655791,10.585861642448132,12.12562370300293,196869134,84.93145254892801
2021-06-22,12.847387515407116,13.424797623095932,12.510564264261497,12.75115203857422,232414642,86.58531427070105
2021-06-23,13.039858007158074,13.184210309684246,12.36621239908668,12.558682441711426,72732708,82.35290551480732
2021-06-24,12.751151820519969,12.799269558113568,12.318094017716588,12.414328575134276,22640510,80.45973397922619
2021-06-25,12.510564050321475,12.654916345332769,12.029388509924498,12.414328575134276,28080688,77.63153536882936
2021-06-28,12.606799543304666,13.08797508438088,12.510564067981615,12.847387313842772,40638077,79.26825849078666
2021-06-29,12.94362197255168,13.087975186664384,12.70303420013336,12.799269676208496,26760585,84.41555065298026
2021-06-30,12.895504541450409,13.039857758998975,12.606799941892348,12.654916763305664,16765806,80.76919069990572
2021-07-01,12.751151820519969,12.799269558113568,12.414328575134276,12.414328575134276,16213904,76.82924589092511
2021-07-02,12.558681787915075,12.654916345332769,12.318094017716588,12.414328575134276,13581716,79.74681511843747
2021-07-05,12.462447516165035,12.654917567355811,12.269977464974264,12.318095207214355,17121697,77.77779409026365
2021-07-06,12.318094354816164,12.606799870509027,12.173741138084962,12.269976615905762,20362445,74.9999869607419
2021-07-07,12.318094559770222,12.462446861133683,12.125624518695751,12.173741340637209,15114189,71.9999894295107
2021-07-08,12.173741582608232,12.46244710884316,12.029389278375554,12.077507019042969,18257355,66.66666666666663
2021-07-09,12.125624104739074,12.173740925037867,11.93315315246582,11.93315315246582,11823717,45.83332989242055
2021-07-12,12.077506578033695,12.703034430560294,11.933153361302496,12.269976615905762,32399181,38.09525607224542
2021-07-13,12.510564600844692,12.510564600844692,12.173741340637209,12.173741340637209,11472017,40.00000000000004
2021-07-14,12.2218585606554,12.2218585606554,11.981270790100098,11.981270790100098,10084910,39.02440910853148
2021-07-15,12.077506505217508,12.077506505217508,11.88503646850586,11.88503646850586,8980051,37.209336626776945
2021-07-16,11.885036232539685,12.4624463312107,11.692565281879832,11.981270790100098,38286924,24.99998623633752
2021-07-19,11.933153289356625,12.173741064688569,11.836918729885564,11.88503646850586,13595638,24.324322876575323
2021-07-20,11.885036251488144,11.981270809201988,11.4038607096104,11.548213005065918,23648536,21.951213616990017
2021-07-22,11.740683555603027,11.88503677518882,11.644448993648718,11.740683555603027,11911826,32.500014864760445
2021-07-23,11.30762581179415,11.30762581179415,10.77833250513498,10.874567985534668,36724992,22.413804886850144
2021-07-26,10.874567779337433,10.922685518624895,10.489626782807264,10.537744522094728,18570283,20.634915141941846
2021-07-27,10.585862159729004,10.874567674911884,10.537744420903602,10.585862159729004,14368651,22.22222571775525
2021-07-28,10.682097984680045,10.730214807300303,10.297156979331016,10.441510200500488,15476005,21.875009677577154
2021-07-29,10.489626365649388,10.68209731514494,10.249038596549452,10.29715633392334,15624158,21.538457316520933
2021-07-30,10.345274925231934,10.441510407923316,10.249039442540548,10.345274925231934,7828550,23.809553771226277
2021-08-02,10.441510407923316,10.585862714190815,10.29715718388624,10.345274925231934,13996461,14.285734509866614
2021-08-03,10.441509647657666,10.441509647657666,10.249038696289062,10.249038696289062,8861514,14.285729453823137
2021-08-04,10.297156986564168,10.345274726987792,9.960334639137931,10.008451461791992,11476039,14.035107240055424
2021-08-05,10.008451048022785,10.056568786457124,9.479158678553611,9.767863273620604,15642561,13.333346546440552
2021-08-06,9.815981554551094,10.200922565530684,9.815981554551094,9.960334777832031,12046067,16.129101348407346
2021-08-09,10.056569342249746,10.200922565530684,9.86409929564474,9.960334777832031,8732880,16.666732732137547
2021-08-10,9.96033556455659,9.96033556455659,9.575394523172143,9.623512268066406,12281303,16.66673823761711
2021-08-11,9.67162853376062,9.67162853376062,9.09421751887928,9.43104076385498,20925886,10.000066065470875
2021-08-12,9.52727469842664,9.7678624526068,9.479157881806168,9.719745635986328,8190895,25.000030968176688
2021-08-13,9.719745733223348,9.81598028519648,9.623510263480757,9.67162799835205,7997438,28.571462278285537
2021-08-16,9.719746898680532,9.719746898680532,9.527275936116904,9.575393676757812,5126482,25.581441441026243
2021-08-17,9.6235108986879,9.6235108986879,9.33480538817336,9.382923126220703,4546543,25.00003378346426
2021-08-18,9.38292259929472,9.431040334639867,9.142334840338446,9.190452575683594,6644595,24.444488488091736
2021-08-20,9.190453985633972,9.190453985633972,8.901748447040886,8.997983932495117,7057471,20.833359140189913
2021-08-23,9.046099367100048,9.094217102431644,8.661159319986226,8.757394790649414,9974231,18.867938639840617
2021-08-24,8.757395899653206,9.1423359955144,8.70927815822816,9.094218254089355,7821178,29.31037487523014
2021-08-25,9.1423359955144,9.286688302019954,9.04610051266431,9.094218254089355,4969215,32.075495687729
2021-08-26,9.142335945373532,9.719747003768113,9.046100463051244,9.527276039123535,27160250,45.614047898211815
2021-08-27,9.623510976087108,10.008451048022785,9.334805463250593,9.767863273620604,10450602,46.55170116030526
2021-08-30,9.91221575493907,9.91221575493907,9.623510263480757,9.67162799835205,7760546,44.999975225407496
2021-08-31,9.671629404869671,9.671629404869671,9.479159355163574,9.479159355163574,6122637,47.36841556241479
2021-09-01,9.527275936116904,9.719746898680532,9.43104137260466,9.575393676757812,6789912,52.72728058963242
2021-09-02,9.57539378028468,9.671629262606968,9.479159215731968,9.527276039123535,6611020,46.000008720666344
2021-09-03,9.527276039123535,9.671629262606968,9.527276039123535,9.527276039123535,4572517,46.93878706687894
2021-09-06,9.527276039123535,9.623511521445824,9.527276039123535,9.527276039123535,3988898,48.93616752109216
2021-09-07,9.575393921131829,9.623511663000748,9.431041613294653,9.479159355163574,4958470,52.27275696133311
2021-09-08,9.479159355163574,9.623511663000748,9.431041613294653,9.479159355163574,4513492,57.50005078800691
2021-09-09,9.47915995115327,9.91221781966233,9.431042206259008,9.623512268066406,14279125,66.66668360657407
2021-09-13,9.671629262606968,9.671629262606968,9.527276039123535,9.527276039123535,5303261,72.22225586676765
2021-09-14,9.62351141739872,9.719746898680532,9.575393676757812,9.575393676757812,7649675,66.66668868856308
2021-09-15,9.62351077940406,10.29715635040844,9.62351077940406,9.86409854888916,37598901,72.22224057380258
2021-09-16,9.960334730615449,10.682098090289912,9.864099248884356,10.393392562866213,54919547,73.68424621274362
2021-09-17,10.44151020783504,10.44151020783504,9.719746854789378,10.008451461791992,25522653,56.09757276602002
2021-09-20,9.719745733223348,10.008450306912202,9.67162799835205,9.67162799835205,10604909,50.0
2021-09-21,9.719745733223348,9.81598028519648,9.527274793738163,9.67162799835205,10077981,54.76186206649213
2021-09-22,9.671630012960668,9.767864584979543,9.623512268066406,9.623512268066406,5753872,51.219538134011906
2021-09-23,9.719745635986328,10.15280340995673,9.623510167206485,9.719745635986328,31529978,54.761892402688865
2021-09-24,9.767862550325184,9.864098020067775,9.623510263480757,9.67162799835205,7529268,53.48835708622945
2021-09-27,9.719745733223348,9.767862550325184,9.623510263480757,9.67162799835205,5843838,53.48835708622945
2021-09-28,9.671630012960668,9.767864584979543,9.575394523172143,9.623512268066406,7757288,53.48838174025227
2021-09-29,9.575392432816562,10.056567941176883,9.575392432816562,9.719745635986328,16270524,55.555531086776405
2021-09-30,9.767863173314662,10.056568683186471,9.767863173314662,9.815980911254885,10337489,54.54542588058086
2021-10-01,9.767863173314662,9.960334125075546,9.719746353143956,9.815980911254885,8074380,57.14286388426038
2021-10-04,9.864098649195103,9.960334125075546,9.815980911254885,9.815980911254885,8433522,56.09756333369753
2021-10-05,9.81598081143824,10.10468631837426,9.767863073987318,9.86409854888916,9939613,50.0
2021-10-06,9.864097921386646,10.008450206786964,9.719745635986328,9.719745635986328,10026798,24.99985843033211
2021-10-07,9.767863273620604,9.912216488923626,9.767863273620604,9.767863273620604,8260193,38.095148209564925
2021-10-08,9.815981417867064,10.200922423486483,9.815981417867064,10.008451461791992,23879133,68.42120635861124
2021-10-11,10.0565694472158,10.152804930407555,9.912217140197754,9.912217140197754,8829783,61.904910216262444
2021-10-12,9.960334639137931,10.393392467411417,9.815981417867064,10.008451461791992,25589703,68.18185913178534
2021-10-13,10.056569202215616,10.297156986564168,9.960334639137931,10.008451461791992,19653998,65.00008918891601
2021-10-14,10.056570053100586,10.345275602300095,10.008452308605726,10.056570053100586,21784874,70.00014864804602
2021-10-18,10.104686302197292,10.633979577771052,10.056568564823404,10.29715633392334,33369771,76.00010464828662
2021-10-19,10.297156571527964,10.82644985931505,10.104686535360711,10.200922012329102,79082016,73.07695239605313
2021-10-20,10.24904011331038,10.393393346794957,10.008452308605726,10.056570053100586,17244534,62.963047244325686
2021-10-21,10.15280447650522,10.297156777069697,10.056568997615871,10.104686737060549,20218563,61.538514312895636
2021-10-22,9.382922500057122,9.479157969729592,8.805511517561207,9.238570213317873,59928874,36.36361588873578
2021-10-25,9.334806911220817,9.334806911220817,9.094219099499815,9.14233684539795,12802914,34.78261431561002
2021-10-26,9.28668703038465,9.52727478679637,9.1423347436454,9.238570213317873,21668592,36.17016969908592
2021-10-27,9.28668703038465,9.382922500057122,9.190452478481635,9.238570213317873,7708268,38.636329852716884
2021-10-28,9.23857158436358,9.23857158436358,8.997983792247545,9.046100616455078,9679014,34.04251461073406
2021-10-29,9.046100757452626,9.142336242906856,8.901748447040886,8.997983932495117,7872112,25.581318170756077
2021-11-01,9.094218254089355,9.190453736939446,9.04610051266431,9.094218254089355,4927362,30.232462738851225
2021-11-02,9.094218254089355,9.23857147836449,9.04610051266431,9.094218254089355,8026231,26.829182222355513
2021-11-03,9.09421850017974,9.190453985633972,8.949866189768002,8.997983932495117,6686049,25.581318170756077
2021-11-04,9.046101353601683,9.14233684539795,8.997984525473218,9.14233684539795,1872558,28.888802758558796
2021-11-08,9.1423359955144,9.190453736939446,9.04610051266431,9.094218254089355,7166144,19.512105514530404
2021-11-09,9.1423359955144,9.1423359955144,9.04610051266431,9.094218254089355,5636120,20.512721479264343
2021-11-10,9.094218358432204,9.190453842386455,8.997983792247545,9.046100616455078,4932432,21.62151159240348
2021-11-11,9.046100757452626,9.09421850017974,8.949866189768002,8.997983932495117,5320606,18.918849426781122
2021-11-12,9.046099899746666,9.046099899746666,8.901747603021692,8.949865341186523,4138724,34.999945495608415
2021-11-15,8.997983283690647,8.997983283690647,8.853630065917969,8.853630065917969,4806848,34.99987612662838
2021-11-16,8.853629343543137,8.949864814206325,8.757394790649414,8.757394790649414,7574310,24.999975225374712
2021-11-17,8.757394790649414,8.805511608211543,8.70927705531782,8.757394790649414,5217797,24.999975225374712
2021-11-18,8.757394988215108,8.805511806862746,8.66115951538086,8.66115951538086,6042396,27.77772884028417
2021-11-22,8.709277591559898,8.757395329854168,8.468689817858074,8.516807556152344,7761716,24.999950450798636
2021-11-23,8.516807223898974,8.757394988215108,8.468689487481848,8.66115951538086,7904065,28.57138812310474
2021-11-24,8.757394790649414,8.853629343543137,8.70927705531782,8.757394790649414,3911406,34.78258246923856
2021-11-25,8.757394988215108,8.757394988215108,8.66115951538086,8.66115951538086,4602502,34.782552496242886
2021-11-26,8.61304211497136,8.661159853265628,8.468689817858074,8.516807556152344,6860007,21.739081728585916
2021-11-29,8.516808218468498,8.564925042735085,7.939397149573496,8.228102684020996,8285818,17.857122632961847
2021-11-30,8.228101403697991,8.516806893221851,8.179983669149106,8.372453689575195,5390013,25.80635880465367
2021-12-01,8.372455140017072,8.61304293667141,8.372455140017072,8.564925193786621,3820536,35.29410393100413
2021-12-02,8.61304293667141,8.70927842244099,8.516808368671441,8.564925193786621,6460093,36.36360360382003
2021-12-03,8.613042831420898,8.661160573717694,8.564925089124102,8.613042831420898,3081182,39.3939375739485
2021-12-06,8.61304293667141,8.6611606795562,8.564925193786621,8.564925193786621,5424772,40.625001935517844
2021-12-07,8.613041584654631,8.99798254953792,8.564923849323037,8.757394790649414,15303962,50.0
2021-12-08,8.805511474609375,8.901746943812425,8.757394657777303,8.805511474609375,3453317,51.42854877746306
2021-12-09,8.80551232666041,9.046100105178668,8.75739550517239,8.853630065917969,8723785,55.88237351527051
2021-12-10,8.853631287778818,9.28668916532268,8.853631287778818,9.14233684539795,22343397,67.56760520904142
2021-12-13,9.286688553318596,9.334806296045713,8.997983932495117,8.997983932495117,9088431,59.4595014441578
2021-12-14,8.997983079351355,9.046099899746666,8.901747603021692,8.949865341186523,3388342,55.555561672735514
2021-12-15,8.997983180968731,9.046100001907444,8.853629964844004,8.901747703552246,3478378,57.1428652325158
2021-12-16,8.901747078874731,8.949864814206325,8.757394790649414,8.757394790649414,4809028,57.14283287389491
2021-12-17,8.757395329854168,8.805512150378913,8.468689817858074,8.516807556152344,6707434,58.823505408724955
2021-12-20,8.372453787050006,8.564923809716893,8.276219234601292,8.324336051940918,7432884,48.57143018935663
2021-12-21,8.372454541439115,8.613042320892937,8.372454541439115,8.420572280883789,5871230,45.45455091449517
2021-12-22,8.468690625786651,8.70927842244099,8.468690625786651,8.564925193786621,5617643,50.0
2021-12-23,8.661160060337611,8.661160060337611,8.372454541439115,8.420572280883789,7610757,44.73684759546276
2021-12-24,8.420572280883789,8.468690020328463,8.276219980319313,8.420572280883789,5437928,45.945950289178974
2021-12-27,8.37245444078566,8.56492447848094,8.37245444078566,8.468689918518066,5297859,41.17651516520517
2021-12-28,8.516807556152344,8.661159853265628,8.468689817858074,8.516807556152344,4313288,41.17654945513602
2021-12-29,8.56492437667709,8.61304211497136,8.516807556152344,8.516807556152344,3367460,39.393988533457296
2021-12-30,8.564924581448265,8.564924581448265,8.420572280883789,8.420572280883789,5416256,24.13796638456749
2021-12-31,8.420572079563806,8.56492437667709,8.420572079563806,8.516807556152344,5238892,32.14288242297603
2022-01-03,8.564924548142152,9.142335583693786,8.516807726654132,8.853630065917969,22784895,47.05882352941176
2022-01-04,8.901747703552246,9.238570956740414,8.75739540519705,8.901747703552246,21192515,50.0
2022-01-05,8.901746943812425,8.94986467841395,8.757394657777303,8.805511474609375,9211136,51.5151205754179
2022-01-06,8.709278106689453,8.805512671200475,8.613042624408854,8.709278106689453,8308476,56.666666666666664
2022-01-07,8.757394790649414,8.949864814206325,8.70927705531782,8.757394790649414,8284272,66.66669113539551
2022-01-10,8.80551232666041,8.901747805175528,8.75739550517239,8.853630065917969,8098795,66.66666666666666
2022-01-11,8.805511608211543,8.853629343543137,8.757394790649414,8.757394790649414,4231894,57.692287168963595
2022-01-12,8.805512671200475,8.853630412340776,8.709278106689453,8.709278106689453,6211029,62.5000412910557
2022-01-13,8.757394790649414,8.853629343543137,8.70927705531782,8.757394790649414,8769766,64.00001585577587
2022-01-14,8.757394657777303,8.901746943812425,8.709276923175777,8.805511474609375,7895934,63.99998731536925
2022-01-17,8.80551232666041,9.046100105178668,8.80551232666041,8.853630065917969,8442461,64.00001585577587
2022-01-18,8.853629343543137,8.949864814206325,8.70927705531782,8.757394790649414,7567408,59.25925654050562
2022-01-19,8.757395847829752,8.757395847829752,8.661160365549154,8.709278106689453,6204252,61.538514312895636
2022-01-20,8.757394790649414,8.901747078874731,8.70927705531782,8.757394790649414,6301529,60.000015855801
2022-01-21,8.757395329854168,8.757395329854168,8.468689817858074,8.516807556152344,11803744,34.78255998924563
2022-01-24,8.516806893221851,8.709276913647939,8.32433595502631,8.372453689575195,11917079,27.99989535179634
2022-01-25,8.324336801994441,8.516807759773135,8.22810224087464,8.420572280883789,7391879,33.33333333333333
2022-01-27,8.420572882901862,8.61304293667141,8.276220572017102,8.564925193786621,12005794,43.99998097308405
2022-01-28,8.661159956213345,8.709277695079548,8.420572179651863,8.468689918518066,9879300,38.46155018916366
2022-01-31,8.516808264596905,8.757396058311286,8.516808264596905,8.613042831420898,12129298,40.74075705323861
2022-02-01,8.709277591559898,8.709277591559898,8.516807556152344,8.516807556152344,7675249,40.74075705323861
2022-02-02,8.564925089124102,8.661160573717694,8.564925089124102,8.613042831420898,5492412,46.42856637253333
2022-02-03,8.61304293667141,8.6611606795562,8.516808368671441,8.564925193786621,3375580,42.85717319334994
2022-02-04,8.56492437667709,8.61304211497136,8.468689817858074,8.516807556152344,4502106,39.28578507014738
2022-02-07,8.56492447848094,8.613042217347141,8.468689918518066,8.468689918518066,4833471,35.71431099445829
2022-02-08,8.516807759773135,8.516807759773135,8.372454541439115,8.420572280883789,5573040,37.03706422449358
2022-02-09,8.468690020328463,8.516807759773135,8.372454541439115,8.420572280883789,3212135,38.46153846153846
2022-02-10,8.468690020328463,8.468690020328463,8.372454541439115,8.420572280883789,2919680,36.00005073824142
2022-02-11,8.42057142412408,8.42057142412408,8.32433595502631,8.372453689575195,3150702,42.85711589172089
2022-02-14,8.27622063856758,8.324337464069675,8.08374966548073,8.131867408752441,8729323,39.130520954962016
2022-02-15,8.131867408752441,8.179985152024154,7.987515096706922,8.131867408752441,6352629,36.363669123403504
2022-02-16,8.131866355671958,8.276219566793289,8.131866355671958,8.179984092712402,4331315,29.99996036063891
2022-02-17,8.179984838796889,8.70927815897884,8.179984838796889,8.276220321655273,17419869,40.00003963932181
2022-02-18,8.179984941984815,8.324337250323767,8.179984941984815,8.228102684020996,3190691,27.777808363677607
2022-02-21,8.179984432837918,8.228102171879108,7.939396655401508,8.035632133483887,7325684,25.000024774576133
2022-02-22,7.891278743743896,7.987514219721189,7.843161005755251,7.891278743743896,5519346,14.285721027092038
2022-02-23,7.939396858215332,8.083749161256877,7.939396858215332,7.939396858215332,2718730,19.04766623724116
2022-02-24,7.795044313536086,7.795044313536086,7.361986041181433,7.410103321075439,11001781,12.903261898421789
2022-02-25,7.458221261795204,7.843161346909069,7.458221261795204,7.746926784515381,5386986,29.729764475640494
2022-02-28,7.746926682700429,7.843161243829343,7.602573923237514,7.795044422149658,3656477,32.43246790221633
2022-03-02,7.795044524597003,7.795044524597003,7.698809044433759,7.746926784515381,3356416,31.57898168221338
2022-03-03,7.795044524597003,7.843161346909069,7.698809044433759,7.746926784515381,2625281,31.57898168221338
2022-03-04,7.698808770780953,7.746926509152239,7.602573752923144,7.650691032409668,3705538,30.769271815845997
2022-03-07,7.650690771719808,7.650690771719808,7.506338479294139,7.554455757141113,4185288,33.33334250908817
2022-03-08,7.506338852252344,7.698808890972755,7.506338852252344,7.602573871612549,5672106,35.13516047066793
2022-03-09,7.650691032409668,7.795044247523525,7.650691032409668,7.650691032409668,4989165,35.135177843593226
2022-03-10,7.746926784515381,7.891279086990691,7.698809044433759,7.746926784515381,5642679,35.13516047066793
2022-03-11,7.746926887603024,7.746926887603024,7.650691406159183,7.698809146881103,4107125,35.1351604706679
2022-03-14,7.746926509152239,7.746926509152239,7.650691032409668,7.650691032409668,3688436,38.23530783364581
2022-03-15,7.650691151850268,7.698808890972755,7.554456132490062,7.602573871612549,4950915,40.62503677470227
2022-03-16,7.650691032409668,7.795044247523525,7.602573752923144,7.650691032409668,3905865,40.625000000000014
2022-03-17,7.698809044433759,7.795044524597003,7.6025740231552925,7.746926784515381,8901468,65.21737819117496
2022-03-21,7.746926887603024,7.795044628324945,7.650691406159183,7.698809146881103,4469608,47.058826958411395
2022-03-22,7.698808770780953,7.698808770780953,7.650691032409668,7.650691032409668,2916220,41.176456872244565
2022-03-23,7.698808890972755,7.698808890972755,7.602573871612549,7.602573871612549,3592652,41.17648087523434
2022-03-24,7.650691151850268,8.035632147060628,7.554456132490062,7.602573871612549,19244052,41.17648087523434
2022-03-25,7.650691151850268,7.698808890972755,7.554456132490062,7.602573871612549,6277744,46.66670190156119
2022-03-28,7.602574095373775,7.650691377027696,7.458221332642449,7.506339073181152,7360224,46.66673273213754
2022-03-29,7.554455813490563,7.554455813490563,7.169515293419727,7.313868045806885,13890337,33.33333333333333
2022-03-30,7.361986385014244,7.410103667155512,7.21763362082087,7.265751361846924,10628205,27.77784812530865
2022-03-31,7.313868748758523,7.361986490473859,7.2176337242126465,7.2176337242126465,8194593,17.64707939757548
2022-04-01,7.265750713405029,7.602573493872834,7.217632976673308,7.554455757141113,7428202,43.478225276560025
2022-04-04,7.698809044433759,7.746926784515381,7.650691304352136,7.746926784515381,5311584,53.846180233300494
2022-04-05,7.795044628324945,7.795044628324945,7.650691406159183,7.698809146881103,6808744,53.84615970996194
2022-04-06,7.795044978708424,8.75739616532578,7.746927235823635,8.564925193786621,41889633,72.09303075920391
2022-04-07,8.661159179099053,8.757394648196824,8.32433595502631,8.372453689575195,19475966,64.44440529449265
2022-04-08,8.468690369602461,8.564924934691263,8.276220321655273,8.276220321655273,6585607,63.04349277906596
2022-04-11,8.324337250323767,8.37245499235995,8.179984941984815,8.228102684020996,3752798,63.04350636061052
2022-04-12,8.228102895295867,8.228102895295867,8.08374966548073,8.131867408752441,3909757,61.70213932348688
2022-04-13,8.179985258919183,8.228103002819692,8.083749771118164,8.083749771118164,3306138,60.416675699072044
2022-04-18,8.083749057384214,8.083749057384214,7.987514495849609,7.987514495849609,3230749,58.00000436032885
2022-04-19,8.035632060526897,8.131866619966008,7.7950442852748285,7.843161106109619,4355708,56.86272528599102
2022-04-20,7.843161106109619,7.939396583318258,7.843161106109619,7.843161106109619,2246226,61.7021263137387
2022-04-21,7.89127891636032,8.131866693796729,7.84316117731913,8.035632133483887,7526505,65.99998612623736
2022-04-22,7.9875145984857,8.035632338756068,7.891279117944963,7.939396858215332,2704266,64.70586749391079
2022-04-25,7.939396722727801,7.939396722727801,7.795044422149658,7.795044422149658,2702174,55.31916284312512
2022-04-26,7.891278844713939,7.891278844713939,7.7950442852748285,7.843161106109619,2321573,52.272707821606765
2022-04-27,7.746926784515381,7.843161346909069,7.698809044433759,7.746926784515381,3160382,51.11111306861002
2022-04-28,7.795044524597003,7.795044524597003,7.698809044433759,7.746926784515381,2500060,18.518515799769872
2022-04-29,7.795044247523525,7.795044247523525,7.650691032409668,7.650691032409668,4282454,20.00000792787536
2022-05-02,7.698808890972755,7.698808890972755,7.602573871612549,7.602573871612549,2192163,20.833317849219412
2022-05-04,7.650691151850268,7.650691151850268,7.554456132490062,7.602573871612549,2534530,21.739115448267015
2022-05-05,7.602573871612549,7.746926630095242,7.554456132490062,7.602573871612549,5601441,23.809510326755557
2022-05-06,7.554456354835072,7.554456354835072,7.313868569911123,7.506339073181152,5776360,22.727268632298134
2022-05-09,7.55445628307367,8.179984609710868,7.458221261795204,7.746926784515381,21100480,39.99999999999999
2022-05-10,7.795044369217729,7.843161190570679,7.602573871612549,7.602573871612549,3829961,40.000015855750725
2022-05-11,7.650691482587717,7.650691482587717,7.361986412026454,7.458221435546875,4658186,35.71430341043782
2022-05-12,7.45822118050792,7.45822118050792,7.313868420721135,7.36198616027832,4164973,23.076879098295052
2022-05-13,7.987514407938141,8.22810218578104,7.554456132490062,7.602573871612549,14029932,37.93101445095495
2022-05-16,7.650691406159183,7.795044628324945,7.650691406159183,7.698809146881103,4562538,46.428561316480895
2022-05-17,7.795044422149658,7.891278983278571,7.746926682700429,7.795044422149658,4407653,48.275892705810314
2022-05-18,7.795044628324945,7.843161451277297,7.698809146881103,7.698809146881103,3639722,48.27585971228673
2022-05-19,7.602573493872834,7.650690771719808,7.554455757141113,7.554455757141113,4810038,43.74997870934996
2022-05-20,7.6025740231552925,7.939396827072313,7.6025740231552925,7.746926784515381,6701942,52.94119361562162
2022-05-23,7.795044524597003,7.843161346909069,7.698809044433759,7.746926784515381,3296800,54.545457275434316
2022-05-24,7.698809146881103,7.795044628324945,7.602574124322047,7.698809146881103,3492268,52.941178185091054
2022-05-25,7.746926245183249,7.746926245183249,7.506338479294139,7.554455757141113,3741605,48.64863489505899
2022-05-26,7.602573871612549,7.650691151850268,7.3138683546471635,7.602573871612549,5342543,52.77776324949536
2022-05-27,7.650691032409668,7.746926509152239,7.602573752923144,7.650691032409668,3335850,46.87498548366568
2022-05-30,7.698809146881103,7.746926887603024,7.650691406159183,7.698809146881103,2667328,53.3333311311524
2022-05-31,7.698809146881103,7.746926887603024,7.650691406159183,7.698809146881103,3090081,59.25923071248226
2022-06-01,7.698808770780953,7.795044247523525,7.650691032409668,7.650691032409668,3448428,61.53840583245417
2022-06-02,7.698809146881103,7.891279191999217,7.650691406159183,7.698809146881103,6135259,54.545442260586114
2022-06-03,7.746926887603024,7.795044628324945,7.650691406159183,7.698809146881103,3370014,50.0
2022-06-06,7.698808770780953,7.746926509152239,7.602573752923144,7.650691032409668,2644545,42.10526590298736
2022-06-07,7.650690771719808,7.698808508451528,7.554455757141113,7.554455757141113,2909496,42.1052659029874
2022-06-08,7.602573493872834,7.698808508451528,7.554455757141113,7.554455757141113,3906516,50.0
2022-06-09,7.554455757141113,7.650690771719808,7.554455757141113,7.554455757141113,1531895,33.33336086049911
2022-06-10,7.554456354835072,7.602574095373775,7.506339073181152,7.506339073181152,1955550,30.769312862231587
2022-06-13,7.506338798632984,7.506338798632984,7.410103321075439,7.410103321075439,2495686,28.571489243627894
2022-06-14,7.410103321075439,7.506338798632984,7.410103321075439,7.410103321075439,2665879,36.36371826275894
2022-06-15,7.410103321075439,7.458221059854211,7.361986041181433,7.410103321075439,1864738,30.000039639203763
2022-06-16,7.458220798194041,7.554455813490563,7.2657507676009985,7.313868045806885,4242668,18.181949220414324
2022-06-17,7.313868643988191,7.361986385014244,7.21763362082087,7.265751361846924,2476533,9.090999180187453
2022-06-20,7.313868001534926,7.313868001534926,6.977045220593565,7.121397972106934,3616237,7.142922871212662
2022-06-21,7.12139869966677,7.265751465927982,7.12139869966677,7.2176337242126465,2175514,20.000118917768944
2022-06-22,7.21763298682093,7.265750723620301,7.121397972106934,7.121397972106934,2053579,12.50005419429803
2022-06-23,7.169515609741211,7.313868368497261,7.121398329412374,7.169515609741211,2570365,17.647106829552953
2022-06-24,7.217633348954818,7.265751088168424,7.169515609741211,7.169515609741211,1609758,18.750061936378955
2022-06-27,7.2657507676009985,7.458220798194041,7.217633030510362,7.313868045806885,4298727,35.29413822109288
2022-06-28,7.36198578289752,7.36198578289752,7.2657507676009985,7.313868045806885,942897,35.29413822109288
2022-06-29,7.313868420721135,7.45822118050792,7.265751140048722,7.36198616027832,2800128,38.88894394344796
2022-06-30,7.410103061103406,7.458220798194041,7.2657507676009985,7.313868045806885,1317340,38.8888797131442
2022-07-01,7.36198578289752,7.458220798194041,7.2657507676009985,7.313868045806885,1973873,43.75000774203783
2022-07-04,7.36198578289752,7.410103061103406,7.2657507676009985,7.313868045806885,1479438,43.75000774203783
2022-07-05,7.361986093769651,7.698808890972755,7.361986093769651,7.602573871612549,7912608,59.090900900982106
2022-07-06,7.650691304352136,7.795044524597003,7.6025740231552925,7.746926784515381,6917272,69.56520053151061
2022-07-07,7.795044628324945,7.891279191999217,7.650691406159183,7.698809146881103,3965834,69.56514058564348
2022-07-08,7.746926630095242,7.795044369217729,7.554456132490062,7.602573871612549,3115464,72.72721949277101
2022-07-11,7.650690771719808,7.650690771719808,7.506338479294139,7.554455757141113,2050702,66.66657228755616
2022-07-12,7.554455757141113,7.650690771719808,7.506338479294139,7.554455757141113,2558813,73.68413366352125
2022-07-13,7.602574200269902,7.602574200269902,7.458221435546875,7.458221435546875,1639690,65.0
2022-07-14,7.50633917674948,7.50633917674948,7.41010369434427,7.458221435546875,1709952,65.0
2022-07-15,7.458221435546875,7.50633917674948,7.41010369434427,7.458221435546875,919934,58.82355341477646
2022-07-18,7.506339073181152,7.554456354835072,7.506339073181152,7.506339073181152,1329527,61.11113252120563
2022-07-19,7.554455757141113,7.650690771719808,7.506338479294139,7.554455757141113,2641465,61.11106829085136
2022-07-20,7.650691151850268,7.698808890972755,7.602573871612549,7.602573871612549,2611598,66.66668501820656
2022-07-21,7.602573752923144,7.843161068125287,7.602573752923144,7.650691032409668,7729240,68.42105537668591
2022-07-22,7.698808770780953,7.891278806496572,7.650691032409668,7.650691032409668,4783932,68.42105537668591
2022-07-25,7.698808508451528,7.7950439819149695,7.506338479294139,7.554455757141113,4963983,46.66662702730558
2022-07-26,7.602573493872834,7.746926245183249,7.554455757141113,7.554455757141113,3864044,33.33325075129014
2022-07-27,7.602573871612549,7.795044369217729,7.554456132490062,7.602573871612549,8698777,41.66665290300423
2022-07-28,7.650690771719808,7.698808508451528,7.554455757141113,7.554455757141113,4610187,45.45449631489474
2022-07-29,7.602573493872834,7.650690771719808,7.506338479294139,7.554455757141113,4207304,50.0
2022-08-01,7.650691151850268,7.698808890972755,7.554456132490062,7.602573871612549,5732384,54.54550368510525
2022-08-02,7.602574052977092,8.179984641797615,7.554456312706723,7.939396858215332,33643033,81.24993806362104
2022-08-03,7.939396827072313,8.035632307235558,7.698809044433759,7.746926784515381,8382221,64.9999826578053
2022-08-04,7.746926682700429,7.987514462177029,7.650691203801972,7.795044422149658,17115184,66.66665093678523
2022-08-05,7.795044422149658,7.939396722727801,7.746926682700429,7.795044422149658,8061447,64.9999826578053
2022-08-08,7.843161451277297,7.843161451277297,7.650691406159183,7.698809146881103,5477775,57.14287736697129
2022-08-10,7.698808890972755,7.746926630095242,7.554456132490062,7.602573871612549,4573232,50.0
2022-08-11,7.650690771719808,7.698808508451528,7.506338479294139,7.554455757141113,5928480,45.45454954950896
2022-08-12,7.602573493872834,7.650690771719808,7.506338479294139,7.554455757141113,7863389,45.45454954950896
2022-08-16,7.554455757141113,7.650690771719808,7.506338479294139,7.554455757141113,4971672,50.0
2022-08-17,7.554456014551858,7.795044247523525,7.554456014551858,7.650691032409668,10545044,54.54545045049103
2022-08-18,7.650691304352136,7.795044524597003,7.6025740231552925,7.746926784515381,8294711,56.52173351050354
2022-08-19,7.795044247523525,7.891278806496572,7.602573752923144,7.650691032409668,7044628,54.16666322575957
2022-08-22,7.650691032409668,7.746926509152239,7.602573752923144,7.650691032409668,8397303,54.16666322575957
2022-08-23,7.650691151850268,7.843161190570679,7.554456132490062,7.602573871612549,7488301,50.0
2022-08-24,7.602573871612549,7.650691151850268,7.554456132490062,7.602573871612549,6516907,29.411805853902507
2022-08-25,7.602574052977092,8.179984641797615,7.602574052977092,7.939396858215332,43876134,59.99997027055283
2022-08-26,8.035632133483887,8.372454471233139,7.939396655401508,8.035632133483887,42001735,61.90473269215251
2022-08-29,7.7950442852748285,7.939396583318258,7.746926546670509,7.843161106109619,7808294,51.999958775178854
2022-08-30,7.891278743743896,8.035631957709835,7.843161005755251,7.891278743743896,8650443,58.33328516063395
2022-09-01,7.843161005755251,8.035631957709835,7.843161005755251,7.891278743743896,6178700,63.63630630687441
2022-09-02,7.939396583318258,8.083748881361688,7.7950442852748285,7.843161106109619,9684567,63.636334971606146
2022-09-05,7.891279610163496,8.613043005930333,7.891279610163496,8.131867408752441,33516589,71.42855626048939
2022-09-06,8.228103002819692,8.2762207467202,8.035632944987285,8.083749771118164,11118414,68.96550427967274
2022-09-07,8.03563147682532,8.420571522159094,8.03563147682532,8.324336051940918,21448940,71.874951612174
2022-09-08,8.42057142412408,8.805511464976258,8.32433595502631,8.372453689575195,29144328,70.96768212589515
2022-09-09,8.516806893221851,8.516806893221851,8.228101403697991,8.372453689575195,14644946,75.86203597201467
2022-09-12,8.46868925726818,8.516806992377267,8.276219234601292,8.324336051940918,9975995,73.333298098369
2022-09-13,8.420572628173268,8.420572628173268,8.276220321655273,8.276220321655273,8142203,73.33337077052009
2022-09-14,8.131865934600222,8.42057142412408,8.083748200051337,8.372453689575195,15899398,75.00000774207378
2022-09-15,9.623511373942131,10.008451461791992,9.431041330017202,10.008451461791992,255272468,86.44069647055032
2022-09-16,10.297156455118058,10.3933919309985,9.527275401383074,9.815980911254885,134818334,80.32787284728971
2022-09-19,9.960335481880508,10.345275602300095,9.719747677175857,10.056570053100586,68582896,87.096811316783
2022-09-20,10.2971571299484,10.2971571299484,9.912217036738385,9.960334777832031,32776350,84.12701458807236
2022-09-21,10.008451048022785,10.008451048022785,9.719746452955787,9.767863273620604,19601816,79.10447319677579
2022-09-22,9.7678624526068,9.864097921386646,9.575392432816562,9.719745635986328,24035846,79.10447319677581
2022-09-23,9.767863091061171,9.8159808285962,9.33480528878492,9.43104076385498,21587142,70.14925108224342
2022-09-26,9.286688302019954,9.286688302019954,8.613042675378072,9.094218254089355,39378762,64.38356573496957
2022-09-27,9.190453736939446,9.334806043444996,8.901748206158759,9.094218254089355,17958938,61.764726456411005
2022-09-28,8.997983932495117,9.238571728361087,8.949866189768002,8.997983932495117,9693824,59.42032315846439
2022-09-29,9.142335376076332,9.190453114241164,8.757395306296715,8.949865341186523,12365092,58.5714431328224
2022-09-30,8.949866779575084,9.190454591296085,8.853631287778818,9.14233684539795,8278304,61.64386499819452
2022-10-03,9.142335376076332,9.190453114241164,8.85362986485686,8.949865341186523,8630219,59.21050504123271
2022-10-04,9.190453290545893,9.382923329127944,9.190453290545893,9.286687850952148,24732603,61.728385697164626
2022-10-06,9.382924461364746,9.815982329873805,9.334806716470483,9.623512268066406,28553318,42.592634733088346
2022-10-07,9.671629158039629,9.719746898680532,9.479159113245563,9.575393676757812,11629248,45.098064361683896
2022-10-10,9.38292373340968,9.671629262606968,9.38292373340968,9.527276039123535,10796884,38.297882209862834
2022-10-11,9.527276179262904,9.719747146738593,9.431041613294653,9.479159355163574,10595087,39.130461008965796
2022-10-12,9.47915850139001,9.575393058690562,9.38292302631995,9.43104076385498,8947164,41.860491914051046
2022-10-13,9.431040965716305,9.623511002206529,9.19045319066114,9.334805488586426,11496842,40.90911752636575
2022-10-14,9.575393367709992,9.671628845885786,9.238571029633787,9.286687850952148,7691739,46.153850063041645
2022-10-17,9.238570829848191,9.479158602315389,9.238570829848191,9.382923126220703,10993437,58.82348483479483
2022-10-18,9.479159113245563,9.671629158039629,9.479159113245563,9.575393676757812,17475735,63.15784807016976
2022-10-19,9.671628714521448,9.864098750489289,9.671628714521448,9.767863273620604,20194007,69.999895947038
2022-10-20,9.767863478717375,10.585862295968193,9.6235111781529,10.104686737060549,68586076,76.08689095587464
2022-10-21,10.48962635021166,10.92268506816981,10.345274056071949,10.73021411895752,103840377,79.99992072140637
2022-10-24,11.163274201359735,11.59633205447938,11.115156458175418,11.40386199951172,43515245,89.2307354552756
2022-10-25,11.644448829313376,13.376680097739891,11.548213350947664,12.654916763305664,275194690,91.66663520688894
2022-10-27,12.991740288267623,13.617268157261574,12.799270245328682,13.376680374145508,155615494,92.39127296980905
2022-10-28,13.328562959082705,13.328562959082705,12.414328689677475,12.799269676208496,59031746,82.52426418506417
2022-10-31,12.895504311430502,13.472915335786295,12.703034275901745,13.184209823608398,58104027,84.54544750209953
2022-11-01,13.232327461242676,14.098443073416208,12.895504213303235,13.232327461242676,107394998,85.45452448828316
2022-11-02,13.32856293715952,13.713503005287864,13.184209723284251,13.232327461242676,40745198,86.2385277728178
2022-11-03,13.232327234947077,14.339030600216669,13.136091760676024,14.19467830657959,65188961,89.76377756144333
2022-11-04,14.29091453552246,14.772090096748542,13.954091275556385,14.29091453552246,88190601,90.62500096775742
2022-11-07,14.43526710372439,14.916442673848538,14.43526710372439,14.579619407653809,53952252,90.9090909090909
2022-11-09,14.723972215421735,14.772089954635344,14.05032661973986,14.339031219482422,51221857,87.21803906234166
2022-11-10,14.242795955168113,14.242795955168113,13.472914919094526,13.809738159179688,52709789,79.99999716861828
2022-11-11,14.146561317116245,14.387149097739886,13.7135034955476,13.857855796813965,31132854,79.10447319677577
2022-11-14,13.761621682435798,13.954091729635476,13.472916152751496,13.665386199951172,24910613,74.40000697652479
2022-11-15,13.665385793058167,13.713503532867756,13.280445710120578,13.424798011779783,21081556,68.10343958560466
2022-11-16,13.424797876731905,14.435266731490122,13.23232783719928,13.905973434448242,69525060,63.0000007927869
2022-11-17,13.905973536492604,14.098443577437608,13.7135034955476,13.857855796813965,22530233,55.81395134454588
2022-11-18,13.95409192148724,14.339032021179053,13.905974179583366,14.002209663391112,30126887,66.2337742565694
2022-11-21,14.05032661973986,14.483384437123242,13.76162110222776,14.339031219482422,57110719,65.78947231165704
2022-11-22,14.435266176019606,14.868323977746291,14.050326111766886,14.146560668945312,59808394,62.02530946911128
2022-11-23,14.194679056169424,14.627736877718988,14.194679056169424,14.29091453552246,29887064,63.41463827298202
2022-11-24,14.387148958696027,14.579618997780916,14.242796658824748,14.339031219482422,32963643,52.38095537712263
2022-11-25,14.339031350506316,15.782558033487604,14.290914528622578,15.541970252990724,101373347,65.11626888659299
2022-11-28,15.782557827566164,16.119381082974947,15.59008870700334,15.638205528259276,50083369,63.41462943017962
2022-11-29,15.830676622277158,17.0817323412214,15.493853363933988,16.841144561767578,93917698,75.49019684043336
2022-11-30,17.274204823684272,17.418557136989808,16.071265820239386,16.215618133544922,102273890,74.03848829209632
2022-12-01,16.408087343969246,16.696793807372302,15.92691174050341,16.167499542236328,45685540,73.0769340715654
2022-12-02,16.215616428190337,16.311851905452944,15.83067635467898,16.119380950927734,35886221,75.24751037490961
2022-12-05,16.26373250066293,17.562906795077854,16.16749702782868,17.32231903076172,76267058,83.47106368585327
2022-12-06,17.322318317250797,17.99596476380389,17.12984737951023,17.659141540527344,78323080,83.05083578559815
2022-12-07,17.70725908655974,17.947846850875877,17.17796673927983,17.32231903076172,60026575,79.03225316631314
2022-12-08,17.32232073109831,17.70726082468155,17.177968425446984,17.418556213378906,42512303,78.86178678382296
2022-12-09,17.61102520183804,18.38090721839884,16.696792716317205,17.466672897338867,87640093,77.77777777777777
2022-12-12,17.322319855561126,17.995966361937462,17.081732079789447,17.803495407104492,49333029,81.66666941939917
2022-12-13,17.995965984370976,19.006433887196177,17.947847328902764,18.813962936401367,115557890,84.05796768415357
2022-12-14,18.95831582310416,19.824431373762867,18.81396170171196,19.391372680664062,101521081,85.23489647209682
2022-12-15,19.535727693324528,20.97925442442356,19.34325856383482,19.87255096435547,104164413,83.58209242209574
2022-12-16,19.72819748598712,20.40184398801693,18.09219988707988,18.717729568481445,102823588,70.51282263030706
2022-12-19,18.8620829823756,19.247023076803845,17.51479173410716,18.236555099487305,48023538,60.28369970686556
2022-12-20,18.23655551835468,18.23655551835468,17.32232116699219,18.044084548950195,36745633,64.39393097649418
2022-12-21,18.18843554094021,18.71772975069891,16.69679206047465,16.937379837036133,74183871,55.19480034769367
2022-12-22,17.27420243588473,17.466671548507506,15.686321702397596,16.359968185424805,74048416,51.51514787517498
2022-12-23,15.975029506472753,16.263734118149227,14.723972824052908,14.91644287109375,70942536,35.29412861988851
2022-12-26,15.157029743214853,17.322319706531257,15.060794266626312,17.033615112304688,78485131,46.85991263258117
2022-12-27,17.707260893593663,18.092200988674996,17.081733009644104,17.370437622070312,66733218,50.241551074245464
2022-12-28,17.27420425415039,17.75537983966389,16.889262317308237,17.27420425415039,45810608,49.275365649179776
2022-12-29,17.22608531585721,17.466673104725434,16.889262044333858,17.370437622070312,33572172,49.51922976138817
2022-12-30,17.707261132632336,18.38090768477291,17.707261132632336,18.09220123291016,71521914,51.38889169259897
2023-01-02,18.092198417950637,18.71772804855771,18.04408160122958,18.525257110595703,39595015,48.529408621445796
2023-01-03,19.054550802766148,20.401843794014265,19.006433982595443,19.63196182250977,133198950,51.16279755792049
2023-01-04,19.824435787153817,19.87255261463724,19.054553698643986,19.19890785217285,58896718,46.728982003163374
2023-01-05,19.34325727347049,19.39137409374831,18.52525847997421,18.765846252441406,42804737,50.251251877143446
2023-01-06,18.86208033425977,18.91019715098082,18.28466935591264,18.525257110595703,32389982,51.546374479605646
2023-01-09,18.765847714252672,18.86208319784385,17.995967516601567,18.14031982421875,27923179,50.50505171837703
2023-01-10,18.18843513755876,18.18843513755876,17.322319528253868,17.947847366333008,35531683,55.865918818560615
2023-01-11,18.04408304442056,18.09219986499006,17.51479067599984,17.851612091064453,27218809,59.17160262952167
2023-01-12,17.947846309444348,17.947846309444348,17.51478944806269,17.56290626525879,18825691,68.96551347068967
2023-01-13,17.611024452271522,18.092200003814888,17.418555332977615,17.803495407104492,26446061,57.54716804737577
2023-01-16,17.94784632090326,18.765845062531653,17.94784632090326,18.42902183532715,44045945,59.821417511333486
2023-01-17,18.42902311559372,18.57337541284128,17.56290749656934,17.851612091064453,41984943,54.9180114811219
2023-01-18,17.611022888322754,17.899729294933604,17.611022888322754,17.659141540527344,17976591,52.41934349550093
2023-01-19,17.61102308245489,17.75537720512103,17.41855397813157,17.56290626525879,10975553,45.04502638517242
2023-01-20,17.659141869524145,17.755377340187334,17.41855411063564,17.514789581298828,14324343,39.80583645188555
2023-01-23,17.61102520183804,17.61102520183804,17.370437415826377,17.466672897338867,23853774,22.2222222222222
2023-01-24,17.562907975830907,18.044083536812572,15.63820573190423,15.97502899169922,86688089,17.47571320978946
2023-01-25,15.975028601811765,17.322319772570552,15.87879312485634,16.985496520996094,62546210,33.91303328742059
2023-01-27,16.985498213271722,17.226086011860666,15.878794706870416,16.263734817504883,38005499,31.200004820149744
2023-01-30,16.263734194735395,16.841145256346536,15.92691092250063,16.552440643310547,26334278,36.585361923521155
2023-01-31,16.841143502129448,17.418554503595967,16.552438919165677,17.32231903076172,22017128,45.1851790951824
2023-02-01,17.370438327768518,17.99596807267025,16.552441280815607,17.08173370361328,35921651,44.202908958046564
2023-02-02,17.03361652919381,17.514792116622573,16.648674590819446,17.226085662841797,15276867,47.40742067492126
2023-02-03,17.370436527056004,17.611024300757826,16.841144159127612,17.033615112304688,17184998,44.029844344267794
2023-02-06,17.129850318421685,17.418556774564944,16.84114569781764,17.177968978881836,12487446,39.516143469087645
2023-02-07,17.177967474906943,17.37043659327874,16.793027402624297,16.985496520996094,12448691,42.24137518615135
2023-02-08,17.033614121613674,17.177966410331294,16.504319948930483,16.600555419921875,11728858,40.83332562567468
2023-02-09,16.648672772128467,16.744908246209352,16.31185136615386,16.359968185424805,8233331,39.83739470585315
2023-02-10,16.3599691370237,17.081732481304158,16.21561683527543,16.793027877807617,17883346,44.27481886168431
2023-02-13,17.46667256447925,17.562908044157798,16.600556918450522,16.793027877807617,13991950,44.6153883682241
2023-02-14,16.937379700287906,17.129848818659703,16.793027402624297,16.985496520996094,8834250,60.19417139452883
2023-02-15,16.937380977183103,17.322321078486066,16.889262317308237,17.27420425415039,10426548,53.409119573912974
2023-02-16,17.370438114104797,17.46667359948588,17.129850318421685,17.177968978881836,7181096,62.66667019016311
2023-02-17,17.033616668579814,17.322321289183858,16.937381183198728,17.177968978881836,7683328,59.42028902248814
2023-02-20,17.177966208968027,17.27420167883133,16.552438408164935,16.69679069519043,8290839,39.682558658254756
2023-02-21,16.793028501764695,16.793028501764695,16.408086568747706,16.504322052001953,8675477,40.32258683235023
2023-02-22,16.50432123249903,16.50432123249903,15.975028854190828,16.02314567565918,9890046,31.88408794398113
2023-02-23,16.071264130065963,16.263733249052112,15.734440877416375,16.119380950927734,9099195,35.820922896339226
2023-02-24,16.26373359407258,16.311852251494205,15.926910334277594,15.97502899169922,6243138,31.343303891807295
2023-02-27,15.9750291969714,15.9750291969714,15.590089110347572,15.878793716430664,10854431,32.30773265064305
2023-02-28,15.926909996402529,16.45620420357732,15.878793175540752,16.119380950927734,23082752,41.935510682154124
2023-03-01,16.167499472083577,16.600558247539436,16.167499472083577,16.215618133544922,12218475,47.45767836159479
2023-03-02,16.215616566321806,16.359968865675835,15.975028788885396,16.071264266967773,9718814,35.849080593362444
2023-03-03,16.071263598721142,16.552439133586578,16.071263598721142,16.359968185424805,22180062,42.37286199747115
2023-03-06,16.408086402741347,17.65914400131083,16.3118527559999,17.418556213378906,45920458,55.84416720977618
2023-03-08,17.22608437814464,17.899730884520977,16.889261124956477,17.803495407104492,26373652,56.961992924131856
2023-03-09,17.899732379536005,18.28467248581371,17.659144583670034,17.995967864990234,28025505,60.493817493847345
2023-03-10,17.707261065828018,18.42902443945312,17.226085483411282,18.14031982421875,43532014,61.90474392775454
2023-03-13,18.18843554094021,18.18843554094021,16.793027538207056,16.937379837036133,31663839,52.52526506294243
2023-03-14,16.93737831734593,16.985495134125365,16.552438276493753,16.74490737915039,19485048,52.52522300103863
2023-03-15,17.22608302613022,17.322318495993525,16.600555225327128,16.69679069519043,15805294,57.77775918156298
2023-03-16,16.600555419921875,16.744907708639495,16.167496718230076,16.600555419921875,18844901,55.555535980592595
2023-03-17,16.793029079458048,17.2260860156909,16.648674931841196,17.08173370361328,16895232,61.855657464361414
2023-03-20,16.98549700162561,17.081732481304158,16.50432143877197,16.793027877807617,13845841,59.40592893659207
2023-03-21,16.93737845207923,16.985495269241422,16.359967468438327,16.69679069519043,13802101,56.12242380264184
2023-03-22,16.744907708639495,17.033614121613674,16.504319948930483,16.600555419921875,12182545,54.081590553881895
2023-03-23,16.648674290629767,16.937380739204922,16.359969677593778,16.552440643310547,14823212,55.20833548390294
2023-03-24,16.648675073461533,16.696793734922878,16.071265820239386,16.215618133544922,11010442,48.453638580390326
2023-03-27,16.263733454079105,16.600556710974818,15.926910197183394,16.02314567565918,11625225,31.64558676911328
2023-03-28,16.263733661583775,16.263733661583775,15.878793578308365,15.926910400390623,10880187,23.287733715462934
2023-03-29,14.435266837418524,14.435266837418524,13.232327934300317,13.857855796813965,156250255,11.607166715301503
2023-03-31,14.050327161685336,14.627737301211708,13.85785619740697,14.098443984985352,63853838,13.157934083327362
2023-04-03,14.194678791335436,15.012677597265968,14.146561052556663,14.82020664215088,59224119,28.846170338098517
2023-04-05,14.964560100573026,15.060794661917852,14.531502280097444,14.72397232055664,31071198,29.41179899595913
2023-04-06,14.62773660480532,15.012677597265968,14.57961886602655,14.82020664215088,15423780,31.06797779197015
2023-04-10,15.01267696883039,15.01267696883039,14.57961825571895,14.675853729248049,11978388,30.76924689469702
2023-04-11,14.772089302885677,14.964559333478718,14.531501535201995,14.62773609161377,15005882,23.157870799506938
2023-04-12,14.675853729248049,14.820206021772195,14.57961825571895,14.675853729248049,9593299,25.555534512442634
2023-04-13,14.723972082362868,14.916442119708424,14.62773660480532,14.82020664215088,14700152,28.571425460018204
2023-04-17,14.8202066494079,15.445734500529646,14.627736611968096,15.253265380859377,38325902,35.71429727095126
2023-04-18,15.397617567211974,15.49385304411486,14.820206541333716,14.868324279785156,29066173,33.333320749417524
2023-04-19,14.9645604058236,15.493853716210204,14.916442665284896,15.012678146362305,33299592,37.62376004474144
2023-04-20,15.108912918134592,15.1570306593372,14.868325129891144,14.91644287109375,15338102,38.38385213485865
2023-04-21,15.060794661917852,15.060794661917852,14.675854580999454,14.72397232055664,9390872,37.62377481088901
2023-04-24,14.868324924746195,15.108912709670143,14.675854880360948,15.012678146362305,19694929,68.75000193551358
2023-04-25,15.060793777550506,15.349499280171337,15.012676958588278,15.108911514282228,18062107,67.21309398099257
2023-04-26,15.108912570417488,15.157030310512708,14.916442527806158,15.060794830322266,18047998,55.31915790840857
2023-04-27,15.060793679082256,15.349499179815515,15.060793679082256,15.157029151916504,15323399,59.57444206561489
2023-04-28,15.301380959057166,16.263731985859994,15.205146407038558,15.83067512512207,63326639,67.79660049025117
2023-05-02,15.975028788885396,16.215616566321806,15.78255783272064,16.071264266967773,26675759,73.77049872764267
2023-05-03,16.07126391541967,16.1193807356388,15.734440667268665,15.782557487487791,21538554,68.18179907195969
2023-05-04,15.830676893929857,16.071264677512136,15.734441413389115,15.878793716430664,12671101,68.65670714607722
2023-05-05,15.92691012687305,16.07126426171901,15.59008870700334,15.638205528259276,18514544,62.318829756126334
2023-05-08,15.78255762416365,16.071264054595705,15.638205326717149,15.734440803527832,15438331,58.06450272344328
2023-05-09,15.878793305617112,16.07126426171901,15.493853228952393,15.638205528259276,13618751,64.28570164563237
2023-05-10,15.638205871506072,15.686322693818138,15.349500348785895,15.493853569030762,11206373,58.9285632125124
2023-05-11,15.638205391384448,15.878793166636516,15.590088570549655,15.686322212219238,16167189,63.79307575729094
2023-05-12,16.985496520996094,17.514790726481404,16.84114422333248,16.985496520996094,142390166,79.01233419985272
2023-05-15,17.12984816573082,17.177966820143947,16.35996805051062,16.408084869384766,43098373,66.66663629168904
2023-05-16,16.55243860219565,16.937378650622282,16.504319948930483,16.600555419921875,33042396,67.41571632494444
2023-05-17,16.64867492813935,16.744910414682774,16.16749933096146,16.263734817504883,29189198,63.15790352118345
2023-05-18,16.359968185424805,16.600555952857523,16.31185136615386,16.359968185424805,25358772,63.15789583488498
2023-05-19,16.408085754023244,16.45620441103068,15.87879337571504,16.02314567565918,27143499,52.27273136770185
2023-05-22,16.071264130065963,16.215616428190337,15.975028652803358,16.119380950927734,19935578,50.58822486992458
2023-05-23,16.119382505459363,16.55244127713516,16.119382505459363,16.263734817504883,25917331,56.09758632499788
2023-05-24,16.359968865675835,16.359968865675835,15.975028788885396,16.071264266967773,16267764,52.38095799877778
2023-05-25,16.119380950927734,16.215616428190337,15.975028652803358,16.119380950927734,14722252,56.250004645241106
2023-05-26,16.119382436549436,16.40808705940627,16.119382436549436,16.311853408813477,11910153,57.317101172962765
2023-05-29,16.504322052001953,16.648674359113738,16.31185292103263,16.504322052001953,24348630,60.71430172509193
2023-05-30,16.55244085211436,16.600557676380944,16.35996988396963,16.456205368041992,10779464,62.1951422896919
2023-05-31,16.359967660212863,16.793026361904662,16.26373218922147,16.600555419921875,19062092,61.72840503048442
2023-06-01,16.889262078550413,18.38090747387889,16.841145254894947,18.18843650817871,121159125,64.36784070618242
2023-06-02,18.28467164466324,18.862082695286745,18.188436163636133,18.332788467407227,80858503,75.64107841537927
2023-06-05,18.38090768477291,18.429024508980444,17.94784892474837,18.09220123291016,22555246,69.62030461131806
2023-06-06,18.044082841931115,18.09219966196065,17.851611890734905,17.947847366333008,14769319,73.33332276283285
2023-06-07,17.9478478439233,18.236554278400057,17.611024588136615,17.75537872314453,20760728,68.83119958527948
2023-06-08,17.75537707079278,17.995964826030953,17.514789315554605,17.61102294921875,17086790,72.602702533931
2023-06-09,17.611025410938538,17.65914407003568,17.22608531585721,17.370437622070312,22716091,67.10527276577412
2023-06-12,17.418555003851974,18.09219966196065,17.033614936998582,17.947847366333008,31314204,70.58822980769769
2023-06-13,18.140319432387177,18.23655491389967,17.418556074352193,17.466672897338867,22834869,65.93407837971577
2023-06-14,17.61102520183804,17.803496164863024,17.418556074352193,17.466672897338867,13226146,65.55557464118647
2023-06-15,17.562908871242815,17.659144355453353,17.226085594275528,17.27420425415039,13970691,61.11112823925651
2023-06-16,17.370437902821738,17.562908871242815,17.177968769939852,17.27420425415039,25843356,59.302355595010596
2023-06-19,17.418556213378906,17.80349630696215,17.32232073109831,17.418556213378906,17198963,61.363649672321735
2023-06-20,17.418556074352193,17.514791555864683,17.081732806828036,17.466672897338867,22870760,60.465145220756845
2023-06-21,17.51478944806269,17.995964962179368,17.51478944806269,17.56290626525879,31560258,38.18174479966213
2023-06-22,17.562908519030227,17.70726082468155,17.274203907727586,17.418556213378906,14394008,32.72723341537508
2023-06-23,17.466673387032277,17.514792046907143,17.12985011006499,17.27420425415039,10629117,33.962230283085844
2023-06-26,17.274204322908194,17.370437971962588,17.03361652919381,17.226085662841797,14429470,35.294090214869485
2023-06-27,17.32232114743539,17.41855663202898,17.129850178248205,17.226085662841797,11371705,38.297829273517614
2023-06-28,17.3223213591124,17.37043818422758,17.081733562458062,17.129850387573242,14896318,39.13044602255836
2023-06-30,17.226084514060407,18.765846658255885,17.226084514060407,18.573375701904297,127405917,67.60567547891179
2023-07-03,18.76584601983792,19.920668047582005,18.76584601983792,19.72819709777832,157220182,72.28921128969556
2023-07-04,19.82443439288938,20.016903524825885,18.81396456695079,18.95831871032715,68563790,67.41579289144403
2023-07-05,19.150786411845296,19.72819743560496,18.813963161690573,19.583845138549805,54014822,71.56868079126565
2023-07-06,19.583845138549805,19.968785209209894,19.39137418545024,19.583845138549805,38146716,74.489834303084
2023-07-07,19.680081480103205,21.02737270440089,19.48761051854391,20.883020401000977,127052463,80.00004439614426
2023-07-10,21.12360700064639,21.12360700064639,20.353725033120487,20.54619598388672,58395814,75.19381822047987
2023-07-11,20.54619632234126,20.834900917707373,20.30560854768981,20.401844024658203,26933511,73.28247185224612
2023-07-12,20.498077757762893,22.4708986200514,20.498077757762893,22.037839889526367,143712248,78.52763764836803
2023-07-13,22.182191478391555,22.80772114370756,21.027371293158403,21.508546829223636,97631485,74.85380374524823
2023-07-14,21.652900835036352,21.701017658231887,20.834901991938263,21.60478401184082,34001009,76.4705909785022
2023-07-17,21.70101628208294,21.84537041359376,21.027371622368264,21.36419486999512,39970178,74.71264315445434
2023-07-18,21.50854972409242,22.03784215078685,21.21984326227243,21.893489837646484,54130867,76.21622084901055
2023-07-19,21.989725182701527,22.182194320464145,21.46043092389105,21.941606521606445,82131252,77.17391679010882
2023-07-20,22.037842302034903,22.711488882032267,20.016904397582085,21.027374267578125,110496822,64.73990399486755
2023-07-21,20.1131388944316,20.44996216783316,19.53572783082024,19.824434280395508,103149068,50.57472495078114
2023-07-24,19.968786587413557,20.161257553797064,19.53572783082024,19.824434280395508,38640803,55.69619713292223
2023-07-25,19.96878359695345,20.0650190657333,19.29513715103344,19.439491271972656,22686054,49.01960073112502
2023-07-26,19.58384361882773,19.6319604355992,18.910197170793797,19.391372680664062,38611946,48.70128516282873
2023-07-27,19.535729169959087,19.583847832623,19.054553556555767,19.24702453613281,23925898,36.9230914653166
2023-07-28,19.29513986628321,19.391375348605507,18.958318431463937,19.05455207824707,18975826,37.795285666887935
2023-07-31,19.150786182522776,19.198904837990987,18.765846116472176,18.813962936401367,27004745,37.20930018175697
2023-08-01,18.958315763612333,19.5357249052136,18.910197111452963,19.439491271972656,35565938,25.000027527289575
2023-08-02,19.487610761943003,19.487610761943003,18.8139642236108,19.102670669555664,27606857,25.961577309237626
2023-08-03,19.10267108718972,19.19890657127529,18.76584781065978,18.910200119018555,22831591,23.58491342172651
2023-08-04,19.006433822545542,19.58384483742688,18.813962872405423,18.86208152770996,43465900,24.509813065589043
2023-08-07,19.00643553442648,19.150787842263654,18.81396456695079,18.95831871032715,14644356,17.204319407711765
2023-08-08,19.054550998436856,19.68008068031376,18.958317357107223,19.53572654724121,38251128,25.96152087011407
2023-08-09,19.68008081836879,19.68008081836879,19.15078660964759,19.48760986328125,23819828,31.39532311130081
2023-08-10,19.48760952645862,19.9687850703218,19.39137405057818,19.63196182250977,34981144,46.87496322520673
2023-08-11,19.728197781096533,20.69054889236953,19.487610003278284,20.25749015808105,67830137,55.8441277643301
2023-08-14,20.30560854768981,20.49807766608754,19.487609746767088,20.401844024658203,52827666,63.888919474822394
2023-08-16,20.209371241384577,20.83489903174823,20.016900304870124,20.353723526000977,37675562,63.88888430100139
2023-08-17,20.573678970336918,21.10995894818712,20.3299150059011,20.573678970336918,40724690,68.73767858807338
2023-08-18,21.890005283228124,22.86506116471229,21.49998144281726,21.841251373291016,211644270,80.19063685720296
2023-08-21,22.03626351505828,22.18252152679714,21.548735569414383,21.792499542236328,48296623,83.66845600946229
2023-08-22,21.84125242974249,23.25508427018953,21.743746464923447,22.962566375732425,120759925,85.45858935512457
2023-08-23,23.157579536632664,24.37639951224491,22.670051546387764,24.03512954711914,134844859,93.23975859577031
2023-08-24,24.327644289377226,24.71766625883325,23.15757652123769,23.40134048461914,86336334,86.54344037259659
2023-08-25,23.303835228482715,23.840117079920528,22.621297226341184,22.767555236816406,56314046,79.01281833657194
2023-08-28,22.96256631776635,23.15757824691214,22.37753424987216,22.523792266845703,30890845,75.91893112789678
2023-08-29,22.670049447810275,22.81630745939023,22.328779514276032,22.71880149841309,28900693,74.50129667562439
2023-08-30,22.767555850722644,23.10882579088119,22.523791873433904,22.62129783630371,28228899,73.93913784687564
2023-08-31,22.81630768035479,22.86506159120128,22.28002767944417,22.6700496673584,23190748,73.55284182334961
2023-09-01,22.76755562927984,22.81630768035479,22.28002767944417,22.6700496673584,31591143,70.71227066075508
2023-09-04,22.81630769479028,23.98637551904477,22.62129763059556,23.59635353088379,69276340,74.17908288731373
2023-09-05,23.693856496768294,23.93762046014975,23.10882447246998,23.40134048461914,37367028,72.56548433282198
2023-09-06,23.54759910387272,23.54759910387272,23.157577124260524,23.255083084106445,22716948,70.07300270604614
2023-09-07,23.35258994589376,23.645105976957804,23.157578018670016,23.49884796142578,24932381,64.65518927709712
2023-09-08,23.59635261921848,23.791362675878823,23.303834744570768,23.352588653564453,34312610,63.559317538310545
2023-09-11,23.498847741017588,23.888869732035285,23.3525897268574,23.54759979248047,38290779,56.12244653543208
2023-09-12,23.693857309789475,23.74261122000156,21.987509507568426,22.280027389526367,54723600,32.352921998595434
2023-09-13,22.42628657564204,23.011320510439194,21.69499462208849,22.91381454467773,49355680,45.09805651338421
2023-09-14,23.108824687910424,23.498846661002577,22.71880085504681,23.352588653564453,40603082,56.122451423753496
2023-09-15,23.498847852684083,24.3763978015869,23.25508387466821,23.98637580871582,92215012,64.1509433962264
2023-09-18,24.13263378054128,25.838981623609858,23.986375765946857,24.912677764892575,151124892,68.59504639938743
2023-09-20,24.57140869991833,26.033992506823672,24.37639678175569,25.15644073486328,85269766,70.96771954467309
2023-09-21,25.058937072753903,26.424014944394287,24.912677201694404,25.058937072753903,140417097,69.60000475733963
2023-09-22,25.30270043228482,26.326508346287408,24.86392454927144,26.13149642944336,106601397,74.14965642401523
2023-09-25,26.326510849391823,26.814038828084264,25.400206945967525,25.546466827392575,76920633,64.28574023457526
2023-09-26,25.741475551301303,25.936487476446707,25.01018362166336,25.400205612182617,39317936,64.74821885289987
2023-09-27,25.54646499543529,26.424014922197557,25.40020512449865,25.985239028930664,71608968,68.91892892111767
2023-09-28,26.180251969304635,26.57027396751569,25.595218042102267,25.74147605895996,62248380,65.54055286468156
2023-09-29,25.93648875268838,26.71653277211007,25.790230731518268,26.472768783569336,56561052,70.00002689698965
2023-10-03,26.619025281353004,26.814037204933864,26.131497332172387,26.37526130676269,50489806,68.35443946934507
2023-10-04,26.277757756785864,26.911543732080908,25.54646581765199,25.79022979736328,81690542,75.00003396084827
2023-10-05,25.93648781323574,26.0827458291082,25.05893785822941,25.79022979736328,41239637,72.51911497415797
2023-10-06,25.936486807276967,26.18025077753376,25.49771091690614,26.033992767333984,39517252,71.65357435508811
2023-10-09,25.35145287374848,25.546464793608997,24.91267698394808,25.107688903808597,43329755,58.64661808954912
2023-10-10,25.351454451280443,25.741476455499665,25.25394848528273,25.643970489501957,25181977,56.000012519326766
2023-10-11,25.790229576801277,26.082745606044558,25.400205724781493,25.83898162841797,28929143,55.64518062785928
2023-10-12,25.93648781323574,26.0827458291082,25.497711905846785,25.79022979736328,25742353,56.097571836612694
2023-10-13,25.69272484904598,25.88773492465997,25.497712913660344,25.546466827392575,16260310,44.339657460733136
2023-10-16,25.74147588555808,25.98523986526937,25.497711905846785,25.79022979736328,23683424,52.525242146777934
2023-10-17,25.98524004031332,26.424015950657992,25.54646598974023,25.74147605895996,25021384,53.60825823354983
2023-10-18,25.887733790281622,25.936487701877503,25.058937750638925,25.35145378112793,29247496,43.01076173496903
2023-10-19,25.35145489200694,25.838982870699382,24.8639269133145,25.546466827392575,49556035,47.82610914339243
2023-10-20,25.69272372321281,26.229003732366508,25.10768980246324,25.35145378112793,52885895,35.802467346921006
2023-10-23,25.44895955587761,25.546465518574923,23.206329852925656,23.54759979248047,46446666,25.000008431649164
2023-10-25,23.645105581989583,24.522655520294684,22.962565707879207,23.59635353088379,43081724,28.57143921709627
2023-10-26,22.96256748295579,23.45009547078731,22.475039495124275,23.15757942199707,44148120,26.315805729711258
2023-10-27,23.401341389134984,24.327645229696856,23.401341389134984,23.64510536193848,35902653,29.4117666397848
2023-10-30,23.693857412590564,24.035127346469757,23.157577416331492,23.64510536193848,26351304,35.00000586842752
2023-10-31,23.986375295817663,24.083881256893363,23.450093439787075,23.64510536193848,24381104,26.966286207874248
2023-11-01,23.64510575517778,23.791363769337973,23.303835815622968,23.54759979248047,23790253,22.988500578298826
2023-11-02,23.8401181867598,24.083882168793043,23.64510625722457,23.88887023925781,20861071,29.032260778552924
2023-11-03,24.083881835298875,24.717667807854838,24.03512792370438,24.42514991760254,26503287,38.38381563103765
2023-11-06,24.66891383129732,24.86392575761864,22.523791940620608,23.98637580871582,25208441,32.03883568899694
2023-11-07,24.18138525968199,24.425149231492377,23.84011718696465,24.13263320922852,27577707,34.28570789830893
2023-11-08,24.27889144153573,24.57140932623588,23.93762150593799,24.083881378173828,20607109,36.73469387755104
2023-11-09,24.18138649840232,24.18138649840232,23.693858529807343,23.840118408203125,13797400,32.32321196543916
2023-11-10,23.8401181867598,23.98637620402543,23.59635420472656,23.88887023925781,12431210,34.37498089701505
2023-11-13,24.18138604664744,25.058937861541327,23.88887001486385,24.86392593383789,37050634,67.08864959520139
2023-11-15,25.1076899135814,25.497711909216697,24.76641996998617,24.86392593383789,30773113,66.66670010508015
2023-11-16,24.961432119977456,24.961432119977456,24.620162173343136,24.815174102783203,17743416,74.28576857879156
2023-11-17,24.473904273388047,24.668914343990696,24.132634325118914,24.327646255493164,21504385,60.00004471192101
2023-11-20,24.27889060974121,24.473902526193537,24.18138465151505,24.27889060974121,14016622,59.15492336871284
2023-11-21,24.376397181038907,24.52265519217084,23.986375198096585,24.13263320922852,14319321,56.756763901188215
2023-11-22,24.13263382357103,24.18138587526558,23.645105867539293,23.98637580871582,15831118,56.000020865555385
2023-11-23,23.98637642682729,24.13263444545147,23.742612442529808,23.840118408203125,10721361,49.295787065404795
2023-11-24,23.840118408203125,24.13263444545147,23.693858529807343,23.840118408203125,12513240,40.000013040980654
2023-11-28,23.98637682711053,24.035128880874957,23.5963548176802,23.74261283874512,14706325,45.28302861732165
2023-11-29,23.88887001826549,24.0351280341781,23.742612002352868,23.9376220703125,12955497,46.29628824630643
2023-11-30,23.84011718696465,24.27889122036045,23.69385731606121,24.13263320922852,23220650,50.8771773284666
2023-12-01,24.23014029030604,24.71766825647006,23.98637630722403,24.327646255493164,28745955,58.928577666277555
2023-12-04,24.863926155257424,25.01018417245168,24.47390415614888,24.815174102783203,30724861,64.6154040610751
2023-12-05,24.96143111197141,25.400205145835365,24.76641919040642,25.058937072753903,38630806,54.00000312983163
2023-12-06,25.156441675554724,25.25394763828215,24.376397693278435,24.47390365600586,27791429,43.548383025713804
2023-12-07,24.5714084844197,24.668912582874395,24.18138465151505,24.27889060974121,21102866,41.53841894316529
2023-12-08,24.425150360908688,24.668914343990696,24.23014029030604,24.327646255493164,18429176,50.0
2023-12-11,24.42515150684091,25.05893938040625,24.37639945184589,24.96143341064453,29602637,60.2941692580756
2023-12-12,25.107689968913053,27.20405982737284,25.058937916765544,26.22900390625,140000970,73.62637929566822
2023-12-13,26.47276860872353,27.20406056951574,26.32651058851941,26.521522521972656,65738405,77.65957225425355
2023-12-14,26.71653277211007,26.81403873948069,26.18025274122911,26.472768783569336,37188173,79.3477886466441
2023-12-15,26.52152117933411,26.619025281353004,26.326509255753248,26.37526130676269,25807892,77.65950761042517
2023-12-18,26.52152196288832,27.78909392429857,26.180252016425072,27.10655403137207,67297219,82.24292846231303
2023-12-19,27.301564653635488,27.545328623757232,26.66777870327325,26.960294723510746,30850352,79.24521825527914
2023-12-20,27.10655410646796,27.350318088935374,24.91267826426122,25.25394821166992,42602144,58.39415453907335
2023-12-21,25.058937916765544,26.3265098703166,24.23014001185681,26.22900390625,34484476,62.74507698118088
2023-12-22,26.277756911032427,26.52152088289814,25.692723006600414,25.985239028930664,24246471,58.108084174319615
2023-12-26,26.08274531334851,26.08274531334851,25.35145338867519,25.448959350585938,25192458,52.597399298126554
2023-12-27,25.790228967301,26.32650896149697,25.64396909636436,25.985239028930664,27492353,60.130700904504245
2023-12-28,26.42401474779055,26.76528467810436,25.936486807276967,26.033992767333984,33785556,62.00000052163764
2023-12-29,26.1314968676195,26.22900282767652,25.83898084721995,26.033992767333984,16484070,61.74495216904636
2024-01-01,26.03399405774605,26.375262145203795,25.93648809285601,26.180252075195312,16170722,58.99279239114279
2024-01-02,26.57027323034356,26.814037204933864,26.08274528116294,26.37526130676269,39801891,51.28204185073064
2024-01-03,26.47276771172726,26.667779638572767,26.180251681230565,26.27775764465332,22574283,47.78760234695606
2024-01-04,26.375261748304503,26.52152162332442,26.22900373305616,26.27775764465332,14439651,48.214285714285715
2024-01-05,26.472767095857428,26.716531068857535,26.13149716170297,26.424015045166016,17689422,50.4424867614041
2024-01-08,26.472766797933307,26.521520707847568,25.936486807276967,26.033992767333984,53920732,39.62263384920191
2024-01-09,26.180250557626664,26.326508566597912,25.936486589417427,26.082744598388672,12565729,41.34614407989497
2024-01-10,26.08274640660584,26.08274640660584,25.44896041727815,25.643970489501957,20286933,55.12821284475833
2024-01-11,25.790229576801277,25.98523964303961,25.595217650791383,25.83898162841797,15161915,43.54837488357767
2024-01-12,25.88773466813544,26.960296582585,25.79023056118045,26.521522521972656,54781817,57.746530871565
2024-01-15,26.8627898776343,27.740341694285995,26.765285773358848,27.15530776977539,51240074,73.9726482571009
2024-01-16,27.64283605196979,29.15417200308845,27.25281405101384,28.91040802001953,144532113,80.61228930024717
2024-01-17,28.276623313213715,28.56913936220036,27.447825361389324,27.69158935546875,68663963,63.93445566894074
2024-01-18,27.594081556541152,31.153037121978247,26.47276763006729,29.982969284057617,277548327,73.96452224576545
2024-01-19,30.56800320301793,31.0067772474095,29.83671126926043,29.982969284057617,90073870,73.49399805186805
2024-01-23,30.470497239895952,31.445553151572625,29.64169934301647,29.982969284057617,94313456,72.83953479498402
2024-01-24,30.226734188820817,34.41947399368409,30.080476169538912,33.88319396972656,210289648,82.50001344848718
2024-01-25,34.07820220739598,34.12695425528067,32.37185449463195,32.90813446044922,97855133,76.15383469478378
2024-01-29,33.15189841941551,33.785686200545,32.37185449463195,32.90813446044922,62896221,75.875476667098
2024-01-30,33.15190146642802,33.834441358174885,32.85938543269171,33.1031494140625,52864594,78.65612257047913
2024-01-31,33.29815835695994,35.004506073533875,32.9081345339259,33.83443832397461,117628005,79.77527365481866
2024-02-01,34.02945451941015,37.05212651004377,33.59067859314571,36.46709442138672,136087493,85.57691511924565
2024-02-02,37.05212502783398,39.14849674748922,36.808361047387706,37.73466491699219,140272048,86.52693642842652
2024-02-05,37.73466225396028,38.80722220441333,36.07706655999775,36.51584243774414,62703638,79.7101235624057
2024-02-06,36.71085637642653,37.783416386018864,35.83330457254692,36.028316497802734,39062763,76.60817763509506
2024-02-07,36.27208047448673,36.85711253071107,35.93080867540328,36.028316497802734,32584526,73.85620029257748
2024-02-08,36.36958435518279,38.70972000487185,35.97956422659666,36.07706832885742,59927703,80.49643274631504
2024-02-09,36.32083039898515,36.51584231282117,34.12695473730148,34.66323471069336,38800763,68.18179191132634
2024-02-12,34.85824568226148,34.955749776772365,31.34804620627044,32.07933807373047,28382011,56.78232585865056
2024-02-13,32.46935935681307,33.10314715290258,30.7142595547367,32.7131233215332,28707310,58.484836521666764
2024-02-14,32.32310520180651,33.54192510052406,31.78682147073628,33.15190124511719,25187547,47.10424617109877
2024-02-15,33.39566321994948,33.83443910105447,32.46935940862623,33.639427185058594,39443943,53.01205046438345
2024-02-16,34.0782030661636,34.61448304549507,33.298159121723,33.639427185058594,24705683,53.01205046438345
2024-02-19,31.08025996357575,31.304183894330016,29.9606551879766,30.095006942749023,22254098,40.28933255227648
2024-02-20,30.229360581937787,30.63241770635519,29.826303457520385,29.960655212402344,19248001,36.99367313151941
2024-02-21,30.13979213005774,30.54284925453708,28.79626528217405,29.154539108276367,24869042,22.015523748029395
2024-02-22,29.915871805991703,32.15508334990464,29.60238311972971,31.9759464263916,72750866,30.304282801667227
2024-02-23,32.60292939651197,33.22990680515224,32.065518595015945,32.51335906982422,55460059,35.64162966320279
2024-02-26,32.961200655097926,33.409041094456924,32.06551605683674,33.22990417480469,71754298,40.12336055111979
2024-02-27,32.56686871967348,32.85938474730848,31.348048838241738,31.88432884216309,84684854,36.64298321706783
2024-02-28,31.786821119604635,31.88432894215081,30.08047514002072,30.470497131347656,51692862,33.39037775211162
2024-02-29,30.47049649908648,32.079340202055455,29.83671054385978,31.54305648803711,35173906,40.56561596930194
2024-03-01,32.03058465519425,32.07934042556691,31.34804850449359,31.494304656982425,15636943,47.910753198517625
2024-03-04,31.39680035864848,31.49430445969692,30.47049652051618,30.61675453186035,16438617,42.641647980133875
2024-03-05,30.51924952662591,31.591813269456846,29.982969514982017,31.299293518066406,36496051,43.6066650237382
2024-03-06,30.22673337321636,30.372991388551803,29.25167745795132,29.495441436767575,46477257,36.89019717544301
2024-03-07,29.495441324642137,29.836711265641892,28.86165535408348,29.056665420532227,28999458,35.8937157622654
2024-03-11,29.25167709238821,29.34918305465048,27.496577210753536,27.74034118652344,32603251,41.59983517067498
2024-03-12,27.740340367636232,27.984104336210287,26.81403654314622,27.009048461914062,43545117,39.900427819436594
2024-03-13,27.15530854863076,27.740342489921023,25.40020672475997,25.595218658447266,52546112,38.30728441201419
2024-03-14,25.35145442857655,27.10655437587705,24.62016247390607,26.570274353027344,62263075,29.79021140587409
2024-03-15,26.66777975589417,29.98296950845157,25.74147588896021,29.00791358947754,63367924,38.52488730387052
2024-03-18,29.690454421073376,29.885464495208197,28.130364529136667,28.325374603271484,37256170,33.90914631780642
2024-03-19,28.276622403304028,28.42288042309093,27.350318511700937,27.44782447814941,24059228,34.98349221351533
2024-03-20,27.59408027558747,27.78909219277872,26.862788375777505,27.05780029296875,24110207,37.58864382371955
2024-03-21,27.545330047607425,28.0816100656876,27.399072029928423,27.545330047607425,18916227,34.81482426011429
2024-03-22,27.54532916026985,28.666643072715917,27.30156518540021,28.22786903381348,26150382,38.16255008036775
2024-03-26,28.03285931913429,28.276623313213715,27.594083385882644,27.69158935546875,16828853,39.13044341083865
2024-03-27,27.78909219277872,27.837844242190798,26.91154228496105,27.05780029296875,21033799,34.18182025112604
2024-03-28,26.619026406096733,27.39907227360821,26.2290044022268,26.570274353027344,47401730,37.90322962306711
2024-04-01,27.106553700350503,28.715397448348607,27.05780164849608,28.569137573242188,45663526,48.21428596379375
2024-04-02,26.76528626249305,27.78909425426796,26.57027433083516,27.49657821655273,82228094,49.09091271219883
2024-04-03,27.496578364050148,28.569138414607163,27.301566431346167,28.374128341674805,64180273,55.03597825950815
2024-04-04,28.617890700830348,28.95916063377636,28.22786871736556,28.764148712158203,57789668,62.64591155369848
2024-04-05,28.76414893199489,29.202924829103427,28.52038495799493,28.71539688110352,38505684,59.243698998487375
2024-04-08,28.95916060725292,28.95916060725292,27.74034074768456,27.83784484863281,37393909,44.174747785712285
2024-04-09,28.471633182906626,28.812901261995187,27.984105230184056,28.17911529541016,45913167,49.24622631494102
2024-04-10,28.4228796695888,28.4228796695888,27.935351710042603,28.08160972595215,20863122,53.55190684397804
2024-04-12,28.0816096638233,28.276621591118957,27.545329653417603,27.64283561706543,30053563,53.260880889773205
2024-04-15,26.81403632636543,27.25281221016,26.22900243456316,27.05780029296875,31542437,47.31181687466292
2024-04-16,26.66777909098308,27.25281299973509,26.52152107873796,26.86278915405273,18325816,42.045441662793266
2024-04-18,27.009048853252757,27.447822887180635,26.814036931659352,26.91154289245605,29158796,45.18071110757067
2024-04-19,26.326509758698812,27.20405971203446,26.229003795045617,26.71653175354004,26696838,47.77070603342092
2024-04-22,27.740341253822773,28.325373309272617,27.252813301100204,28.17911529541016,41539344,59.32202940271534
2024-04-23,28.47163358140636,28.56913768549834,27.935351710042603,28.08160972595215,29212389,46.37681159420291
2024-04-24,28.276622375322816,28.95916228001512,28.08161044261884,28.374128341674805,43687083,57.377044448998085
2024-04-25,28.37412691763609,29.73920479873864,28.276620956177723,29.641698837280277,63808471,59.99998194329833
2024-04-26,29.885462637697696,30.03172064915115,29.34918264244452,29.690452575683597,55306075,57.7235790459372
2024-04-29,30.27548599243164,30.66550985366393,29.836711938202715,30.27548599243164,55199913,61.94028804914288
2024-04-30,30.616755254693143,31.0067772474095,29.83671126926043,29.982969284057617,49743458,68.03279135372401
2024-05-02,30.17798178930549,30.372991859519416,27.93535203355844,28.47163391113281,85636336,52.05480736817334
2024-05-03,28.47163358140636,28.520385633452356,27.64283567822352,28.08160972595215,54088138,50.0
2024-05-06,28.47163276392074,28.47163276392074,27.20405898963263,27.350317001342773,37998689,48.10125485259358
2024-05-07,27.496576573641484,27.69158663387598,26.765284663276248,26.960294723510746,35366645,49.350649680577234
2024-05-08,26.86278859295244,27.30156448029433,26.7165305837623,27.009048461914062,24985419,50.99338331729558
2024-05-09,27.252814662762667,27.252814662762667,26.375262816198717,26.472768783569336,24975079,47.20497603786122
2024-05-10,26.52152229995796,26.814038337917506,25.88773445142625,26.570274353027344,24962493,49.05661027316854
2024-05-13,26.765285153924417,26.765285153924417,25.7414753447822,26.37526130676269,26844635,36.090228439125255
2024-05-14,26.47276788121776,27.301565785960147,26.42401582908003,27.15530776977539,18070537,43.53742763940036
2024-05-15,27.252812603519736,27.496576573641484,26.862788763507744,26.960294723510746,15729240,39.99998920749563
2024-05-16,27.155306643516735,27.301564653635488,26.814036713392,26.960294723510746,15506172,26.890782272042216
2024-05-17,27.106553637575463,27.252813512343167,26.81403760758318,27.20405960083008,13575721,29.268314404891157
2024-05-21,27.35031811752103,27.83784608296541,27.057802082163043,27.545330047607425,21696839,26.271225777018614
2024-05-22,27.691588689041662,27.789094656281183,27.155308658881733,27.399072647094727,13981802,26.9565655211736
2024-05-23,27.39907135330051,27.64283533000288,27.15530737659814,27.2528133392334,18732747,35.63220820148139
2024-05-24,27.252812603519736,27.35031670375124,26.814036713392,26.960294723510746,16665399,36.47061097794031
2024-05-27,27.05780029296875,27.49657617676332,26.716530367769806,27.05780029296875,25762877,45.83334465357611
2024-05-28,27.0578015212373,27.301565498906104,26.61902561752483,26.76528549194336,21743521,47.14289147509075
2024-05-29,26.765285153924417,26.862789255943312,26.326509255753248,26.37526130676269,18977810,41.558448156986955
2024-05-30,26.326511299047414,26.521523237763848,25.838983312028024,25.88773536682129,18489333,42.1052794138995
2024-05-31,26.08274571780781,26.47276771172726,25.692723723888363,26.27775764465332,17595609,46.34147039669079
2024-06-03,27.20405830097645,27.5453282261754,26.716530367769806,27.05780029296875,32058956,57.44680231190975
2024-06-04,27.05780261670147,27.20406063726985,23.69385884477047,24.668914794921875,64439836,29.921255233837613
2024-06-05,25.107691331498927,25.985241336179502,24.62016334447953,25.88773536682129,27464354,42.56758078475178
2024-06-06,26.27775853504192,26.716532595654268,26.1802525683153,26.521522521972656,20831502,47.20498750862948
2024-06-07,26.57027295955336,27.009048853252757,26.37526103795996,26.91154289245605,15949505,48.17073127093755
2024-06-10,27.057801076893917,27.155307038314504,26.67752987310229,26.86278915405273,18299464,45.569606775487635
2024-06-11,26.90179352125969,26.91154430382789,26.42401633404757,26.570274353027344,16644872,44.72048889505566
2024-06-12,26.570274806366204,27.301566773513898,26.44351835036013,26.736034393310547,34748533,46.71623524438347
2024-06-13,27.10655427343905,27.447824222949908,26.921294984658203,27.145557403564453,25906206,51.159965099895906
2024-06-14,27.252813887062345,27.252813887062345,26.931045505737977,27.018798828125,15382743,49.756695629659525
2024-06-18,27.20405852091041,27.243061648572574,26.9017917206146,27.009048461914062,15753328,51.57628689847342
2024-06-19,27.00904870846635,27.96460302765428,26.911542748192343,27.223560333251957,45619371,55.61291055371515
2024-06-20,27.379570526064143,28.101111693359385,27.252814073065245,27.808595657348636,50716755,62.54777600188192
2024-06-21,28.03285615938204,28.130362117977665,26.882289939450924,27.05780029296875,33693761,54.866167223564524
2024-06-24,27.174809689788344,27.18455861252607,26.609277322648403,26.88229179382324,20434899,48.81580007397306
2024-06-25,26.96029447438002,27.057800433482,26.619024547408834,26.74578285217285,13776390,70.13230396150135
2024-06-26,26.76528394494613,26.862788042560805,26.52151998136656,26.58002281188965,13553591,58.43227103851136
2024-06-27,26.5800242345726,26.65802863270235,26.229003513102928,26.326509475708008,16497979,47.38217442133772
2024-06-28,26.472766208862808,26.7067793919295,26.22900224403024,26.26800537109375,14502285,40.517241863887506
2024-07-01,26.326509255753248,26.541020883874967,26.22900329396282,26.37526130676269,11743893,42.93785935121306
2024-07-02,26.619026063381337,26.784785645363385,25.751226883472054,25.9169864654541,32278984,40.97035154126535
2024-07-03,26.2290036885536,26.29725730490225,25.955989223158987,26.10224723815918,13514360,41.286857928010846
2024-07-04,26.326510735403552,26.375262789153048,25.994991562546367,26.121749877929688,14061989,34.23427392541525
2024-07-05,26.190001199672547,26.648276787940983,25.93648645091613,26.39476203918457,24398521,40.80458187161294
2024-07-08,26.39476389303469,26.589775824166075,25.87798543714825,25.955989837646484,18635503,36.224501507528664
2024-07-09,26.12174836273785,26.706780412883617,25.858482824309338,26.024242401123047,25484858,33.686996046200235
2024-07-10,26.258254394973925,26.268005176667632,25.44895811211077,25.653718948364254,21578098,18.873161361564897
2024-07-11,25.838980822151104,26.10224635611818,25.65371968419966,25.946237564086918,17506049,31.493498039091236
2024-07-12,26.01449174476968,26.131497411455964,25.67322180735352,25.799978256225582,13764119,31.80324399207285
2024-07-15,25.790228942809165,26.102246528937524,25.380705396072813,25.897483825683597,29710695,35.548152678066174
2024-07-16,26.12174899802296,26.41426503020988,25.88773394054753,26.14124870300293,21245490,42.71845827968183
2024-07-18,26.32650915991402,26.472767172181463,25.77072759743484,25.848731994628903,22701521,42.172519369259284
2024-07-19,27.05780013088576,27.48682523027365,26.32650823545641,26.531269073486328,105016909,53.580886854913174
2024-07-22,26.56052373462748,26.56052373462748,26.14124938046145,26.258256912231445,17810936,48.4771845788129
2024-07-23,26.28750650007277,26.36551275842902,25.253947753882656,26.01449203491211,24314102,51.34408757642507
2024-07-24,26.219252364683197,26.697029529026672,26.04374200639956,26.51177024841309,21134986,55.19802100048129
2024-07-25,26.326510912224087,26.375262966301023,25.994991737140275,26.072996139526367,16522662,49.440704037670045
2024-07-26,26.12174901957116,26.472767886530708,25.98523992596929,26.22900390625,14038758,48.04599055384101
2024-07-29,26.472767292174662,27.087053550162423,26.39476289462702,26.46301651000977,26930093,56.28016904113005
2024-07-30,26.61902554971303,26.970046271788785,26.472767535438653,26.50201988220215,30780153,55.96107322306264
2024-07-31,26.71653207111193,26.78478568854901,26.04374295965633,26.09249687194824,23128878,55.42172593235035
2024-08-01,26.28750670148911,26.297257483858356,25.848732653502623,25.87798500061035,16332325,49.14006484599312
2024-08-02,25.819481518344148,25.819481518344148,25.47821155848796,25.6732234954834,17854887,48.426178447909244
2024-08-05,25.2051947305457,25.2051947305457,24.37639686517544,24.49340438842773,33269372,36.259537140250345
2024-08-06,25.01018321149174,25.195444351364404,24.376397254820706,24.395898818969727,18739636,32.41648142853195
2024-08-07,24.76641943792428,24.79567178438284,24.239890220071054,24.43490028381348,17973650,34.98961784685456
2024-08-08,24.48365397334501,24.532406023897213,24.22038843691148,24.308143615722656,15908411,23.239423038068708
2024-08-09,24.493406034024154,24.54215808712133,24.278892536944703,24.366647720336918,14403903,25.990079833902243
2024-08-12,24.35689755979978,24.37639912544533,24.064381514203102,24.22039031982422,13370888,26.649739892342666
2024-08-13,24.278890970992496,24.327644880716733,23.88886899205608,23.918121337890625,13824675,14.438484773199903
2024-08-14,24.0351272967886,24.0351272967886,23.41109212282845,23.469594955444336,13830312,14.399975378683294
2024-08-16,23.645105100409157,24.493404534682057,23.53784835843506,24.356895446777344,14117662,28.666658552298188
2024-08-19,24.60066060290795,25.058938079057487,24.57141011533864,24.99068260192871,16043280,34.62323155420046
2024-08-20,25.257066542215803,25.28666346227815,24.961084169005836,25.168272018432617,11929681,36.46247224805653
2024-08-21,25.168271465046715,25.799697503134293,25.1386726638371,25.622108459472656,14551080,45.268128330138744
2024-08-22,25.898359534796956,26.628446396819264,25.720770482613503,26.53965187072754,24200641,55.83124840730925
2024-08-23,26.638312150752547,26.67777722016489,25.898359035453865,25.97728729248047,12861133,52.52081506306266
2024-08-26,26.095680946342277,26.23380492742235,25.19787130572556,25.306396484375,14922346,57.3612145394358
2024-08-27,25.30639547181723,25.43465506208662,25.158405229181646,25.326128005981445,8428067,58.54305545240138
2024-08-28,25.32612946650362,25.50371852062684,25.25706747474418,25.31626319885254,7707127,58.13782784621795
2024-08-29,25.395191155500815,25.434656225634647,25.158406380092195,25.26693344116211,10057140,58.98114089407983
2024-08-30,25.3162618568041,25.49385090151309,25.207734800193485,25.28666305541992,8086137,58.68099386188165
2024-09-02,25.34586190395665,25.35572817156964,24.9808175294684,25.05974578857422,8584555,57.80116447355826
2024-09-03,25.30639611627552,25.30639611627552,24.842692842395795,25.128807067871094,9875152,61.76228599891634
2024-09-04,25.040012503878927,25.276799155907288,24.921621059662822,25.00054931640625,8306348,65.86085322771302
2024-09-05,25.06961142505735,25.18800475163458,24.911754910819763,24.961084365844727,7580778,57.59342529116973
2024-09-06,24.96108440658252,24.990683208724658,24.566443120344484,24.66510391235352,9384350,45.528455710500836
2024-09-09,24.665104259144176,24.68483679418304,24.201400976519587,24.41845321655273,8941435,39.893599244386955
2024-09-10,24.457917457913283,24.7736304806452,24.37898732043225,24.526979446411133,8955367,33.72432986803442
2024-09-11,24.526980459990398,24.704569513065493,24.41845339826714,24.507247924804688,8942860,8.79985956848239
2024-09-12,24.596042753351117,24.665104745550952,24.30006036732561,24.55657768249512,7132799,13.636190548722595
2024-09-13,24.61577385955521,25.24719990220449,24.58617505813176,24.99068260192871,14558541,40.80452426850067
2024-09-16,24.9906832481477,25.09921030770865,24.744032208635076,24.79336166381836,8860883,35.937422908886234
2024-09-17,24.793360607097352,24.84269194197617,24.57630837902456,24.68483543395996,8177297,34.15831634557409
2024-09-18,24.615773825261048,24.773630335703444,24.467781700148016,24.566442489624023,6806658,33.01423855240921
2024-09-19,24.665103767203338,24.852559082737542,24.092873435076143,24.28032875061035,11729048,28.38980586381561
2024-09-20,24.2803279731341,24.50724646889471,24.16193465085142,24.22113037109375,11567012,30.59353394396939
2024-09-23,24.309925478811625,25.049878585984526,24.1718015009814,24.911754608154297,18276796,46.0992975870064
2024-09-24,24.961084099752902,25.10907622684633,24.576309085625358,24.61577415466309,10091810,43.4782664919202
2024-09-25,24.615773520186856,24.64537043940422,24.41845194368033,24.517112731933597,7168773,42.622952897873304
2024-09-26,24.556577501215507,25.01041640371839,24.388854714911982,24.467782974243164,10117713,46.42856896269589
2024-09-27,24.50724819083174,24.66510471043467,24.36912420662871,24.428319931030277,9332598,50.19306345006228
2024-09-30,24.51711409305969,24.51711409305969,24.171802255901472,24.250730514526367,8760764,44.73684593044383
2024-10-01,24.270462747046945,24.4677824502501,24.17180195454632,24.201400756835938,8553986,44.23792008578151
2024-10-03,24.270461924948023,24.36912271410677,23.89555130250439,24.01394462585449,13328511,40.28267730520665
2024-10-04,24.073141861759545,24.08300812947619,23.510777774497743,23.70809936523437,11391795,25.925971008474022
2024-10-07,23.767294918672373,23.87582198097622,22.74122566510401,22.89908218383789,14915604,21.08436400903733
2024-10-08,22.889218045927823,23.70809945140431,22.691896454474,23.540376663208008,12266122,34.97413660121684
2024-10-09,23.67850038103152,23.85608943497696,23.579839586417595,23.619304656982425,6445392,37.43459485119338
2024-10-10,23.658766653409728,23.816623164117203,23.145732052711416,23.25425910949707,12432694,36.66667327604328
2024-10-11,23.254260543779782,23.6094386556774,23.185198551310396,23.540376663208008,7357318,41.646542374293595
2024-10-14,23.639034863070208,23.75742819072581,23.471313961738428,23.609437942504883,7753594,31.142894860831362
2024-10-15,23.61930319707995,23.81662289231339,23.55024120965835,23.629169464111328,5852538,34.472065538141024
2024-10-16,23.767294476405983,25.32612898124457,23.64890114865959,25.17813873291016,51397303,57.14286303150815
2024-10-17,25.60237945265562,25.937825027399025,24.75389924809311,24.85256004333496,43561940,53.92355243954429
2024-10-18,24.92162121885776,24.92162121885776,24.280328893496183,24.66510391235352,17460277,52.34373672547074
2024-10-21,24.66510417667253,24.76376496973884,24.13233702319331,24.5861759185791,17115149,53.38645004066743
2024-10-22,24.58617557966953,24.605908114370404,23.28385839818078,23.392383575439453,17255357,43.36568961741798
2024-10-23,23.402250289916992,23.66863386807419,22.61296770478247,23.402250289916992,14309627,44.83334149591832
2024-10-24,23.333186985898067,23.708097604087957,23.234526197858727,23.372652053833008,7951983,47.02796003324371
2024-10-25,23.372653063317006,23.42198251856825,22.1097990618254,22.208459854125977,28029868,44.243432296557096
2024-10-28,22.23805942864764,23.678500648146787,22.159129286627586,23.540376663208008,18418150,50.0
2024-10-29,23.678499004018903,24.17180106660263,23.27399146324409,23.885684967041016,12942140,51.914872496310345
2024-10-30,23.87582159573825,24.734166167279515,23.77716080267194,24.5861759185791,13782057,59.133968923671596
2024-10-31,24.58617635352249,24.763765407823875,24.102740528923224,24.171802520751957,10312793,54.25531340564668
2024-11-01,24.55657693300628,24.61577453748351,24.39872041799653,24.49738121032715,2006167,55.78405792779898
2024-11-04,24.34939162517381,24.43818615250728,23.678500477231225,23.875822067260746,11581232,51.489878339141164
2024-11-05,23.875820538372192,24.0238107805187,23.639033892780148,23.75742721557617,13508201,39.62535148021426
2024-11-06,23.90541902356613,24.07314181079776,23.71796558274113,24.004079818725582,8204213,43.7317771932326
2024-11-07,24.07314065076525,24.32965795309956,23.935016673276795,24.06327438354492,10285463,45.46804657714938
2024-11-08,24.063273777202884,24.0731400441746,23.589704253348486,23.66863250732422,7883581,43.404245517269366
2024-11-11,23.668633176178904,23.796892768637733,23.25425936064697,23.4713134765625,8003466,50.66226500970784
2024-11-12,23.530508831658384,23.66863280741768,22.88921652474989,22.99774169921875,6370436,46.85099125644081
2024-11-13,22.76095724021762,23.106269066055205,22.198593180726892,22.32685089111328,13027858,42.597759216333216
2024-11-14,22.445245347161663,22.68203012720605,22.099933503922625,22.1393985748291,13619916,49.4327471344393
2024-11-18,22.38604841758493,22.632699452079,21.97167460436298,22.49457359313965,9562348,39.76830129415681
2024-11-19,22.49457365982905,22.958278810403392,22.46497673995277,22.622833251953125,9094207,37.09678550937935
2024-11-21,22.662297591752814,22.662297591752814,21.981542054799508,22.1393985748291,11776581,23.839643172941663
2024-11-22,22.19859385124552,22.47484369661945,22.090066790241806,22.12953186035156,11966737,26.09697314972975
2024-11-25,22.691894603740597,22.90894683119865,22.445243575439065,22.524171829223636,12252968,27.27268732957765
2024-11-26,22.612967794964945,22.908948295121256,22.543905803715013,22.81028938293457,8470693,36.69950011761378
2024-11-27,22.88921803806806,23.185198543348992,22.6129681864872,23.11613655090332,7252163,42.352958301434796
2024-11-28,23.28385926240932,23.777161357452748,23.04707448260426,23.70809936523437,13202977,46.739135459766366
2024-11-29,23.67849977248561,24.043544138635927,23.51077699049192,23.944883346557617,14660113,48.74478417389852
2024-12-02,23.678500648146787,23.816624633085564,23.510777859950487,23.540376663208008,9618610,48.64303314169016
2024-12-03,23.55024122277319,24.211266059859277,23.54037495573632,24.053407669067383,21959091,55.77297984011162
2024-12-04,24.30005870290469,25.17813765132545,24.03367702006502,25.069610595703125,30673970,68.55126559493172
2024-12-05,25.355728269456872,25.65170877179681,24.78349791828102,25.31626319885254,27025562,78.96754914720816
2024-12-06,25.40505751272738,26.421260490683803,25.118941398641333,25.947689056396484,40616312,83.97888947846891
2024-12-09,25.997019075055597,26.23380383928488,25.819430031434123,25.9180908203125,14557107,82.42992883121666
2024-12-10,25.91809070728004,26.006885228703528,25.51358316826104,25.66157341003418,17151324,78.10220033874157
2024-12-11,25.65170878405319,25.927958633021092,25.56291425694916,25.740503311157227,9503667,85.99605266970998
2024-12-12,25.740501926665694,25.839162716118903,25.168271605994697,25.58264541625977,11536410,83.52489257892799
2024-12-13,25.503717463399173,25.72076969733093,24.99068285759895,25.631975173950195,11848538,82.34085459771032
2024-12-16,25.65170721726251,25.91809078230407,25.385323652220947,25.49385070800781,9731374,78.81354370222432
2024-12-17,25.49385176450307,25.49385176450307,25.15840619798607,25.17813873291016,7210977,72.09302800837558
2024-12-18,25.17813840453792,25.23733412674004,24.80322777306233,25.128807067871094,11880978,67.22485692587901
2024-12-19,24.55657707278471,25.020282234838643,24.418453091814488,24.882156372070312,14477513,61.336505272133266
2024-12-20,24.87229033262636,25.2077359024563,24.507247841916083,24.67497062683105,15845615,64.41101882565216
2024-12-23,24.635504663472386,24.7538979880959,24.369122976216065,24.655237197875977,10971247,58.739259141085824
2024-12-24,24.4677815143196,24.63550429061557,24.369122607390928,24.47764778137207,5877593,38.63637528641652
2024-12-26,24.467783035200103,24.783497955109503,23.688366707587708,24.59604263305664,6402320,35.45820538119143
2024-12-27,24.566443684815773,24.74403273815293,24.487515425754605,24.63550567626953,5539220,15.183334041851012
2024-12-30,24.48751404842454,24.71443254523733,24.319791272128565,24.47764778137207,9252785,14.215762924045308
2024-12-31,24.398719337056814,24.74403115401654,24.309924816072947,24.68483543395996,6649555,25.125709178518605
2025-01-01,24.66510294411969,24.86242452039185,24.586174689970427,24.813093185424805,4964334,26.96077223560532
2025-01-02,24.93148771164557,25.849029886568367,24.91175517670574,25.602378845214844,27241722,50.37315909143365
2025-01-03,25.631974839996143,26.71723975911135,25.60237792045356,26.598846435546875,34667612,63.46151701281837
2025-01-06,26.786302800322783,26.88496359353943,24.901888988897447,25.43465614318848,33688538,49.3589926301193
2025-01-07,25.434656041528925,25.750369073121835,25.079477940087845,25.17813873291016,11023977,50.0
2025-01-08,25.306395582150376,25.779965113368156,25.0202813627139,25.58264541625977,16442247,54.61847888452467
2025-01-09,25.582646310275017,25.77996601427897,25.08934422756797,25.602378845214844,13030579,57.68422406439053
2025-01-10,25.306396446320488,25.53331495255313,24.734166106108805,25.17813873291016,20296932,55.1307818906671
2025-01-13,24.665103239171646,25.3063955470305,24.65523697206021,25.15840530395508,20150924,55.130781890667066
2025-01-14,25.158405607291613,25.40505664265721,24.78349686152704,25.207735061645508,13231677,57.644627934119484
2025-01-15,25.19787102872529,25.99701986758629,25.11894088977795,25.681306838989254,13710617,60.57691771473992
2025-01-16,25.94768877467866,26.6383124425758,25.7701016057719,26.322599411010746,16058783,64.7160075719336
2025-01-17,26.3127337102741,26.411394505212662,26.01675320725655,26.29300117492676,10768266,66.1971965212467
2025-01-20,26.302866274534747,26.73697262390762,26.223938018448592,26.648178100585938,14191077,67.06690060162762
2025-01-21,26.6975071849213,26.884962496201936,25.128806470378887,25.45438575744629,25706235,54.70332652547353
2025-01-22,25.65170747210743,26.638311605650024,25.41492270587297,26.43112564086914,43695022,55.91548720518002
2025-01-23,26.421259888413253,26.421259888413253,25.45438638853997,25.55304718017578,13645934,42.40688988536244
2025-01-24,25.66157348431568,26.07594729155877,25.365591118114605,25.49385070800781,15747613,50.51193019208717
2025-01-27,25.43465486774863,25.43465486774863,24.053407595575468,24.22113037109375,17266627,42.960803690728085
2025-01-28,24.566442838563727,26.371928348966893,23.579838693386083,25.760234832763672,29858170,51.11940567671454
2025-01-29,25.48398575126361,26.48045619329313,25.41492376013848,26.243671417236328,21655387,53.81903111545669
2025-01-30,26.20420485268953,26.26340245467656,25.4445211118362,25.533313751220703,9722617,52.045437369945425
2025-01-31,25.414922310842684,25.770100395572776,25.316261522662327,25.533313751220703,11195955,52.1639998326577
2025-02-01,25.63197456911033,25.750367891423597,24.911754013615543,25.23733329772949,8133941,50.166113383570526
2025-02-03,24.91175550191195,25.25706734067432,24.862426045716525,24.93148803710937,5908392,45.71106634149172
2025-02-04,25.158406416872165,25.58264651244045,25.158406416872165,25.395191192626957,10509639,44.58525553463682
2025-02-05,25.39519044219892,25.839163059743573,25.27679899871905,25.335994720458984,10850229,44.431689320698645
2025-02-06,25.444522903244437,26.510055350654937,25.237335045298927,25.997020721435547,19959256,46.341474392442606
2025-02-07,25.898358781483505,26.006885839505102,25.257066464206385,25.335994720458984,11027829,49.292462239613315
2025-02-10,25.405057862171915,25.454387318893765,24.724300444981107,24.85256004333496,7064939,39.97495018502706
2025-02-11,24.95122085394341,24.961085239855336,24.073141845728124,24.13233757019043,7669489,40.79284788454328
2025-02-12,24.19153374038942,25.01041509373369,23.540375164563763,24.862424850463867,16948178,46.23530136898754
2025-02-13,24.82296114397434,25.12880791441985,24.428319846335267,24.59604263305664,7427637,52.54012388276264
2025-02-14,24.596040975216784,24.79336066983737,23.698231377928398,23.79689216613769,9582697,35.215456310523436
2025-02-17,23.67849922180176,24.004078510829608,23.29372421162285,23.67849922180176,9859532,29.559745942388744
2025-02-18,23.70809783671832,23.826489278088808,23.33318721484971,23.589704513549805,9906830,32.80978242716509
2025-02-19,23.579838798971632,24.004078884385365,23.43184855289193,23.856088638305664,6520696,35.83335293429643
2025-02-20,23.68836603987325,24.023811603860647,23.579838980407303,23.944883346557617,7141296,38.68740993213947
2025-02-21,23.94488267047772,24.309925144523028,23.678499103927013,23.71796417236328,8432080,39.22942431974176
2025-02-24,23.717965719156812,23.89555289330746,23.491045324445476,23.540376663208008,8097924,32.656852299758455
2025-02-25,23.54037651745337,23.80675821792907,23.530510249761956,23.5798397064209,6871701,33.5185310488105
2025-02-27,23.5897052079492,24.418452849130198,23.5897052079492,24.240863800048828,16285786,33.51850724788147
2025-02-28,24.152069414390837,24.152069414390837,23.28385858053152,23.481178283691406,9535809,32.90908541292026
2025-03-03,23.530509131380107,23.76729389932555,22.987875724931826,23.343053817749023,13160779,35.145616562696844
2025-03-04,23.20492935180664,23.678498877729712,23.135867364500943,23.20492935180664,6371499,39.69297845829551
2025-03-05,23.24439363055038,24.23099779682601,23.24439363055038,24.16193580627441,10510384,42.588725502462324
2025-03-06,24.270461741195778,25.21760079363365,24.221130406090875,24.94135284423828,16701199,53.295656276896146
2025-03-07,24.872289203117628,25.483984591440223,24.71443269293077,25.15840530395508,19138372,64.61864050995118
2025-03-10,24.882155622705508,25.44452156071512,24.02381107852935,24.102739334106445,13673703,53.79189127447666
2025-03-11,23.925150374862483,24.004078630724127,23.579838549793514,23.639034271240234,12310661,50.41321944328254
2025-03-12,23.777160725634765,23.875821518381414,23.579839140141456,23.609437942504883,5089450,47.84853855148195
2025-03-13,23.767293513829017,23.767293513829017,23.43184796089759,23.46144676208496,4013647,45.82622774377854
2025-03-17,23.53050849129436,23.648899931147525,23.185196675092943,23.24439239501953,7135220,45.904419745510815
2025-03-18,23.24439239501953,23.24439239501953,23.24439239501953,23.24439239501953,0,47.359127425109676
2025-03-19,23.74756121011099,24.023811045145976,23.639034153169025,23.67849922180176,9669011,50.82236078563551
2025-03-20,23.85608853159045,24.04354384607851,23.550241773487468,23.599571228027344,11628310,44.08014834931109
2025-03-21,23.62917007024369,23.90541802701639,23.550241813766057,23.727828979492188,15744120,52.57731588920945
2025-03-24,23.925149991821687,24.11260530216621,23.72782841442766,23.75742721557617,12335270,54.43037561662994
2025-03-25,23.846222983624266,24.004079501071164,23.51077741360008,23.53050994873047,10034114,53.41616274173586
2025-03-26,23.520643702142127,23.67850021972981,23.185198131818773,23.234527587890625,10821236,38.70191804987504
2025-03-27,23.18519794962453,23.3825195359576,23.056940235766717,23.145732879638672,12413489,23.699417120737408
2025-03-28,23.145732738927894,23.540375909194864,22.65243065789228,22.760957717895508,15843701,16.528933982577342
2025-04-01,22.83988603428537,23.688366218022523,22.721494588339507,23.31345558166504,8997413,37.17948082430635
2025-04-02,23.185196861367043,23.569971866678195,23.00760781836251,23.333187103271484,6324834,44.194755469569095
2025-04-03,23.195063094386303,24.11260522736555,23.106268573014248,23.92514991760254,11815080,54.938249505649964
2025-04-04,23.92514983233609,24.013944353391693,23.29372379976114,23.372652053833008,7311621,48.76711849899578
2025-04-07,22.64256635322798,22.790556601708285,22.001272140149812,22.59323501586914,14939741,42.180107162359775
2025-04-08,22.978011375390636,23.264125598097245,22.65243020193439,23.04707336425781,10042015,47.863266575732425
2025-04-09,23.076670284173424,23.23452679638357,22.721494072599636,23.04707336425781,5405507,42.45283492028309
2025-04-11,23.65876756286786,23.65876756286786,23.19506428006436,23.27399253845215,8853995,46.24146387756513
2025-04-15,23.76729455961548,24.06327505732054,23.431848991924085,23.865955352783203,10356526,51.44034820713265
2025-04-16,23.865954124282457,24.36912244991894,23.777159603182017,24.092872619628903,12854011,53.359685606630805
2025-04-17,24.0928740134084,24.813094609067576,24.0928740134084,24.67497062683105,15313807,60.701104839356866
2025-04-21,24.911754601460306,25.84902928968002,24.77363062366719,25.631975173950195,17072580,69.95074188742663
2025-04-22,25.63197520334881,26.588982427150334,25.42478923642151,26.056215286254883,33383624,72.93935588306834
2025-04-23,26.18447606899744,26.24367179341061,25.612243833076867,25.701038360595703,21679293,73.28126052524503
2025-04-24,25.79969769019925,26.21407150114821,25.55304665705815,25.71090316772461,14037650,70.76923737862265
2025-04-25,25.849030535983587,25.997020788154096,24.763765550402937,24.980817794799805,16746068,62.70930639381102
2025-04-28,24.98081744648944,25.33599555218489,24.81309466122193,25.227468490600582,8950681,60.61094976539944
2025-04-29,25.3557284155048,25.947689423594344,25.227468817100085,25.27680015563965,8681497,66.90020246615971
2025-04-30,25.286663581608792,25.523450234013417,24.862425377062525,25.128807067871094,14152100,75.34516261384036
2025-05-02,24.901888187954413,25.37545772200472,24.832826199463497,25.24720001220703,10015692,73.57293324537679
2025-05-05,25.296528973718747,25.405056028832814,25.0400116773206,25.10907554626465,9664944,71.45790187604281
2025-05-06,25.14853911189232,25.1584053790332,24.181667513662973,24.27046203613281,9895342,59.1985373530301
2025-05-07,23.708099149055705,24.448052284873697,23.708099149055705,24.33952522277832,8023480,54.838708420105284
2025-05-08,24.44805242018857,24.665104663782525,23.787027539927276,23.875822067260746,6676292,47.88463876373402
2025-05-09,23.67850007105501,24.112606432594493,23.481178484410307,23.994213104248047,9787374,42.70612070899896
2025-05-12,24.66510411567262,25.306396446320488,24.66510411567262,25.17813873291016,10391928,45.36291823499312
2025-05-13,24.82295999387525,26.14500969106145,24.82295999387525,26.095680236816406,19136641,50.36630769421424
2025-05-14,26.36206188872165,26.51991840025068,26.14500965581876,26.391660690307617,15647427,56.48147717211871
2025-05-15,26.440990678164773,27.516389360785617,25.80956461930413,27.37826538085937,50385256,63.223794837537746
2025-05-16,27.624917077063948,27.86170185476586,27.013221656652068,27.180944442749023,28377274,69.05981493721086
2025-05-19,27.49665824232653,28.956831919622747,27.3782649173953,28.384601593017575,51244029,73.46039837890872
2025-05-20,28.52272583486364,29.154151888885444,27.871567246204133,28.305673599243164,34083643,72.40874515700781
2025-05-21,28.315539537429103,28.542458037730785,27.950495178067136,28.2563419342041,17755945,73.48147821432228
2025-05-22,28.26620815979816,28.59178744986418,27.94062886973214,28.128084182739254,14726887,71.59763652051114
2025-05-23,28.23661179296573,28.463530297376963,28.039290208904955,28.39446830749512,10580773,74.16546341507218
2025-05-26,28.463530637737524,28.789109938072347,28.335271042024893,28.57205581665039,15563438,85.04823480925207
2025-05-27,28.66085034235972,28.710181679863847,28.36486984452737,28.57205581665039,11732378,84.87804985387493
2025-05-28,28.572054761697835,28.75951007369599,28.384601331497723,28.463529586791992,8710174,90.15543435943432
2025-05-29,28.6707153253451,28.6707153253451,27.87156651156302,27.95049476623535,8896305,82.39094104099829
2025-05-30,28.01955820311852,29.548795803964687,27.80250596199242,29.08509063720703,36984744,82.24754613183983
2025-06-02,29.203483436992716,29.795446307824623,28.64111936833173,29.24294662475586,24233759,79.70203534419699
2025-06-03,29.35147421617869,29.499464466119125,29.02589491359048,29.08509063720703,14417332,76.09942723436819
2025-06-04,29.20348272064997,29.252812174593405,28.828572096206905,28.88776969909668,12833413,67.26862036506495
2025-06-05,28.92723326762049,29.193616838745587,28.710181032887856,28.769376754760746,11997172,68.50573885094992
2025-06-06,29.035759874391218,29.203482651921437,28.52272527467549,28.759510040283203,15423095,56.050934237648825
2025-06-09,28.956833128399797,30.170355821061577,28.956833128399797,30.02236557006836,32412679,70.04607268553016
2025-06-10,30.239416308150965,30.762317176227644,30.091426064521123,30.32821083068848,27032533,72.82608604288947
2025-06-11,30.57486219544029,30.782050044206443,30.01249813447196,30.37754249572754,24713957,75.22123250349226
2025-06-12,30.39727335883594,30.515666684921506,29.25281269446717,29.45013427734375,19486696,60.308276264105864
2025-06-13,28.710181558037995,29.894105426141746,28.374735991625737,29.7559814453125,20504326,61.27819466904083
2025-06-16,29.55865870000332,29.844774799693184,28.77924241930664,29.39093780517578,16836517,57.29349784149294
2025-06-17,29.390938673853377,29.963169008347897,29.30214414938025,29.410669326782227,13509465,58.57142166698197
2025-06-18,29.331740700874413,29.667186259822294,29.134421001480288,29.23307991027832,10412615,62.35740480606171
2025-06-19,29.20348352062637,29.479731481153788,28.414199063324087,28.65098571777344,19085209,45.31915838798528
2025-06-20,28.650986056688147,29.193617598541344,28.493127657921896,28.82857322692871,15782276,45.550850321258864
2025-06-23,28.512860156132245,28.85817199222793,28.414199362705176,28.700315475463867,13248158,45.84222152696796
2025-06-24,29.10482186429291,29.88424003104042,29.075223062915825,29.4797306060791,13108179,55.68180653173968
2025-06-25,29.54879461830661,30.239416384249854,29.52906208396016,30.16048812866211,16750343,62.05128425441265
2025-06-26,30.24928250570092,30.52553233982625,29.41066861799728,29.4797306060791,12234136,55.589585571641614
2025-06-27,29.84477578663067,30.0223648362008,29.479731420092293,29.667186737060547,16373997,46.6911615761369
2025-06-30,29.66718630772707,31.078030534674596,29.66718630772707,30.37754249572754,27779949,50.4273631377152
2025-07-01,30.58472819769258,31.304948764909938,30.140755584039116,31.17669105529785,25100486,56.12707721698989
2025-07-02,31.571332255943567,31.817983289193126,30.387406543626465,30.62419319152832,33544619,59.550568073737736
2025-07-03,30.683389066291955,30.831379310623333,30.209819531712316,30.288747787475582,10355161,54.31310269218591
2025-07-04,30.486068506031074,30.5353998436575,30.111159749060807,30.26901626586914,7290359,57.52962350410464
2025-07-07,30.22955019400152,30.476201228565625,29.913837170847152,29.992765426635746,6983103,54.78119843761068
2025-07-08,29.99276546225373,30.21968396269065,29.598124182842117,29.69678497314453,7785688,53.73610036657935
2025-07-09,29.78558087617015,30.03223192245424,29.450135302679936,29.854642868041992,7670025,60.40955789033345
2025-07-10,29.85464115362125,29.933569408627733,29.598123854400683,29.64745330810547,5202302,57.04582446989209
2025-07-11,29.598125457763672,29.84477650324504,29.400803868659327,29.598125457763672,7512716,57.831324499410876
2025-07-14,29.647453821395228,29.992765648701265,29.430401586819062,29.785579681396484,7246042,52.975063368499086
2025-07-15,29.90397157063397,30.732719215797797,29.85464211534012,30.21968460083008,12187226,50.60484075281202
2025-07-16,30.288748719012656,30.653791207470487,30.25914991651684,30.436738967895508,12351767,60.801801491483396
2025-07-17,30.67352349308555,30.92017453315102,29.85464211534012,30.21968460083008,28010112,56.19468118140087
2025-07-18,30.32821136936856,30.367676438663107,29.29227776376172,29.45013427734375,15290038,39.737990344746656
2025-07-21,29.49946386724842,29.49946386724842,28.52272597931262,28.690448760986328,17779331,22.2467118864342
2025-07-22,28.93709960098024,29.15415183620853,28.769376820458984,28.89763641357422,10535445,29.11696867267311
2025-07-23,28.946965646801043,29.193616682045228,28.759510333112008,29.10482215881348,6416260,35.22167558054497
2025-07-24,29.19361638662612,29.548794475958964,29.04562614333678,29.4797306060791,7595843,40.95020318758034
2025-07-25,29.479731581192286,29.48959784864433,29.16401854991925,29.33174133300781,9266854,42.19114807362553
2025-07-28,29.312008759777363,29.440268354688143,29.08509025407133,29.20348358154297,9229787,43.932045440681705
2025-07-29,29.203482568955323,29.38107161310609,28.86803701484788,29.22321510314941,8505003,41.959778735442306
2025-07-30,29.223216613984764,29.992766669359654,29.203484078770504,29.76584815979004,17290557,51.38891810142483
2025-07-31,29.321874171203845,29.529062017781115,28.956831695602915,29.31200790405273,6915204,46.93443556976808
2025-08-01,29.31200756098,29.4008020825027,28.7101803261904,28.838438034057617,6311296,40.43823067167976
2025-08-04,28.838438636265096,29.006161415777267,28.41419855386384,28.512859344482425,7112365,32.38289293912439
2025-08-05,28.512859040676645,28.887769664672952,28.39446759863426,28.463529586791992,5015283,28.90293551684168
2025-08-06,28.650985956657003,28.789109938072347,27.970228553484876,28.57205581665039,9335888,31.965432032782516
2025-08-07,28.414198101734662,28.907500165180046,28.364868648109343,28.798974990844727,8674741,41.91175390523014
2025-08-08,28.70031464750352,29.154151649658168,28.59178758968477,28.808841705322266,7409458,51.807236632935776
2025-08-11,28.907500577898908,29.20348294927076,28.82857232189269,29.10482215881348,6883724,53.07916508633573
2025-08-12,29.252813138476306,29.548795517283697,29.17388488048729,29.46000099182129,7581090,55.05619991072306
2025-08-13,29.649999618530277,29.850000381469727,29.399999618530277,29.51000022888184,5704559,50.4748323874585
2025-08-14,29.76000022888184,30.149999618530277,28.8700008392334,29.299999237060547,8802453,49.51157177505893
2025-08-18,29.530000686645508,29.899999618530277,29.530000686645508,29.68000030517578,5018688,56.80513441279048
2025-08-19,29.649999618530277,29.899999618530277,29.51000022888184,29.81999969482422,11442599,58.23964050605979
2025-08-20,29.899999618530277,30.270000457763672,29.520000457763672,30.1200008392334,10071344,55.240818308062266
2025-08-21,30.229999542236328,30.25,29.68000030517578,29.770000457763672,5981612,56.992355350963166
2025-08-22,29.739999771118164,30.09000015258789,29.65999984741211,29.899999618530277,5700295,68.10684968585869
2025-08-25,29.8799991607666,30.020000457763672,29.700000762939453,29.739999771118164,4741251,72.18416677183329
2025-08-26,29.690000534057617,29.850000381469727,29.299999237060547,29.43000030517578,6415280,65.96695243022964
2025-08-28,29.26000022888184,29.399999618530277,29.0,29.270000457763672,6418400,61.33783222720028
2025-08-29,29.32999992370605,29.46999931335449,29.190000534057617,29.270000457763672,4947664,58.2606293054599
2025-09-01,29.299999237060547,29.670000076293945,29.299999237060547,29.440000534057617,4939036,60.48032735484234
2025-09-02,29.450000762939453,29.700000762939453,29.209999084472656,29.479999542236328,3662470,56.80858590508725
2025-09-03,29.479999542236328,29.65999984741211,29.399999618530277,29.459999084472656,2819938,49.999960591971636
2025-09-04,29.600000381469727,29.61000061035156,28.549999237060547,28.670000076293945,10860750,36.70885770333482
2025-09-05,28.670000076293945,28.96999931335449,28.11000061035156,28.59000015258789,7564844,38.28383877043321
2025-09-08,28.61000061035156,28.84000015258789,28.43000030517578,28.6200008392334,3936862,30.22387873810314
2025-09-09,28.61000061035156,28.790000915527344,28.549999237060547,28.6299991607666,2869333,26.666631760903556
2025-09-10,28.700000762939453,29.0,28.649999618530277,28.82999992370605,7032094,23.6734179107266
2025-09-11,28.93000030517578,29.299999237060547,28.88999938964844,29.01000022888184,3708880,33.333305448081305
2025-09-12,29.1200008392334,29.229999542236328,28.709999084472656,28.920000076293945,3173505,28.124989356303303
2025-09-15,28.899999618530277,29.0,28.75,28.90999984741211,3512588,30.143525823605756
2025-09-16,28.899999618530277,29.0,28.82999992370605,28.8799991607666,3240651,34.80659373778275
2025-09-17,28.90999984741211,29.399999618530277,28.90999984741211,29.280000686645508,6850371,50.243907885347014
2025-09-18,29.5,29.690000534057617,29.299999237060547,29.59000015258789,6427082,56.77965279798271
2025-09-19,29.59000015258789,29.959999084472656,29.5,29.850000381469727,8282367,58.36734121911456
2025-09-22,29.799999237060547,29.959999084472656,29.479999542236328,29.549999237060547,6071923,51.29150590292099
2025-09-23,29.540000915527344,30.299999237060547,29.32999992370605,29.959999084472656,14567291,58.06451017477452
2025-09-24,30.11000061035156,30.25,29.809999465942383,29.8799991607666,8512757,75.31375443916835
2025-09-25,29.899999618530277,29.950000762939453,29.520000457763672,29.63999938964844,4381174,70.58819569523152
2025-09-26,29.520000457763672,29.600000381469727,28.899999618530277,28.989999771118164,6079742,55.835941645998716
2025-09-29,29.0,29.09000015258789,28.5,28.63999938964844,9156594,50.14245323876668
2025-09-30,28.799999237060547,29.200000762939453,28.709999084472656,28.950000762939453,6686881,51.65746802428973
2025-10-01,29.100000381469727,29.420000076293945,28.93000030517578,29.3700008392334,5868842,54.66321499549842
2025-10-03,29.5,29.850000381469727,29.26000022888184,29.780000686645508,8987390,60.28707850146429
2025-10-06,30.07999992370605,30.26000022888184,29.850000381469727,29.989999771118164,9202700,62.32875787706147
2025-10-07,30.239999771118164,31.32999992370605,30.09000015258789,31.13999938964844,35285391,70.54544950122855
2025-10-08,31.38999938964844,31.399999618530277,30.75,30.82999992370605,11294904,64.32531682789224
2025-10-09,30.93000030517578,31.15999984741211,30.729999542236328,31.11000061035156,8870092,64.1263955017779
2025-10-10,31.1299991607666,34.439998626708984,31.11000061035156,34.2599983215332,115797112,76.66262825307359
2025-10-13,34.2599983215332,34.41999816894531,32.95000076293945,33.060001373291016,31069687,69.138518523757
2025-10-14,33.189998626708984,33.25,32.029998779296875,32.16999816894531,19943960,61.450775174339604
2025-10-15,32.25,33.099998474121094,32.0099983215332,32.779998779296875,23950928,64.24361529933668
2025-10-16,33.06999969482422,33.619998931884766,31.5,32.95000076293945,46851352,66.36993656509733
2025-10-17,32.900001525878906,32.900001525878906,31.93000030517578,32.650001525878906,23810436,68.75000854984637
2025-10-20,32.90999984741211,38.959999084472656,32.7599983215332,37.72999954223633,255007916,81.36646477814989
2025-10-21,39.0,39.68000030517578,38.31999969482422,38.84000015258789,54812434,82.34140374399257
2025-10-23,38.5,40.29999923706055,38.13999938964844,38.31999969482422,91477909,79.07732397579758
2025-10-24,38.04999923706055,38.59999847412109,37.77000045776367,38.11000061035156,30680736,77.4193605094367
2025-10-27,38.400001525878906,40.18999862670898,37.900001525878906,38.18000030517578,64795408,77.20930892754645
2025-10-28,38.5,39.900001525878906,38.220001220703125,38.9900016784668,53816574,76.68253833239368
2025-10-29,39.27999877929688,39.88999938964844,38.290000915527344,39.11000061035156,64911917,78.51240190519452
2025-10-30,39.09999847412109,39.15999984741211,37.09999847412109,37.27999877929688,37004908,69.19725664628525
2025-10-31,37.36000061035156,38.09999847412109,36.5,36.619998931884766,29444816,58.68924997106673
2025-11-03,36.68999862670898,37.970001220703125,36.650001525878906,37.58000183105469,27061734,66.94152106818325
2025-11-04,37.630001068115234,37.63999938964844,36.630001068115234,36.70000076293945,19493594,66.99175047025497
2025-11-06,36.77999877929688,37.52999877929688,36.31999969482422,36.77000045776367,31616504,65.5981243268732
2025-11-07,37.09999847412109,39.38999938964844,36.43000030517578,39.060001373291016,64850958,70.48960130666781
2025-11-10,39.29999923706055,39.38999938964844,38.0099983215332,38.2400016784668,30076485,68.11405917056192
2025-11-11,38.2400016784668,38.95000076293945,38.16999816894531,38.77000045776367,32458473,54.77941382714942
2025-11-12,38.95000076293945,39.86000061035156,38.34999847412109,39.27999877929688,51713406,52.140070601567984
2025-11-13,39.400001525878906,39.400001525878906,38.20000076293945,38.310001373291016,25017708,49.953409496925666
2025-11-14,38.400001525878906,39.150001525878906,37.77999877929688,38.0,27678787,49.49214869919902
2025-11-17,38.08000183105469,39.13999938964844,38.0,38.650001525878906,35706371,52.05960153309993
2025-11-18,38.95000076293945,39.900001525878906,38.400001525878906,39.2400016784668,64892947,51.117068567719556
2025-11-19,39.33000183105469,41.5,39.33000183105469,41.08000183105469,160686044,57.62974694765207
2025-11-20,41.34999847412109,41.650001525878906,37.5,37.77000045776367,101744620,51.70257668295311
2025-11-21,37.95000076293945,38.75,37.77000045776367,38.18999862670898,44006789,55.54770150361059
2025-11-24,38.400001525878906,38.869998931884766,37.63999938964844,38.310001373291016,28646505,52.742297020724614
2025-11-25,38.29999923706055,39.150001525878906,38.2400016784668,38.650001525878906,30001360,57.63508493750258
2025-11-26,38.79999923706055,40.15999984741211,38.619998931884766,39.77999877929688,42867611,60.88213576738453
2025-11-27,39.9900016784668,40.25,39.540000915527344,40.09999847412109,27604773,54.38447462823575
2025-11-28,40.369998931884766,40.369998931884766,39.40999984741211,39.58000183105469,25235537,55.79585154747767
2025-12-01,39.75,40.209999084472656,39.59000015258789,39.880001068115234,20123957,54.89850475911504
2025-12-02,39.9900016784668,40.34000015258789,39.61000061035156,39.7400016784668,20612802,52.09855427784022
2025-12-03,39.869998931884766,40.150001525878906,39.15999984741211,39.65999984741211,29388393,56.703071077623605
2025-12-04,39.58000183105469,40.2400016784668,39.459999084472656,39.970001220703125,21651344,59.781535652457215
2025-12-05,40.0,40.0,39.47999954223633,39.709999084472656,25275221,55.4751938283875
2025-12-08,39.95000076293945,40.060001373291016,38.470001220703125,38.619998931884766,24574349,46.95479996072885
2025-12-09,38.59000015258789,39.93999862670898,37.84999847412109,39.77999877929688,30514785,43.157878674958916
2025-12-10,39.65999984741211,39.79999923706055,38.970001220703125,39.060001373291016,16210753,59.33431010249452
2025-12-11,39.04999923706055,40.0,38.97999954223633,39.630001068115234,21160224,60.19832110036227
2025-12-12,39.77999877929688,41.060001373291016,39.77000045776367,39.959999084472656,38445107,61.34800095498705
2025-12-15,39.93999862670898,40.09999847412109,39.40999984741211,39.88999938964844,10618868,58.8571372518673
2025-12-16,39.79999923706055,39.86000061035156,39.02000045776367,39.18000030517578,12818811,45.44073706045425
2025-12-17,39.18000030517578,39.70000076293945,39.06999969482422,39.25,11018477,43.28594587102341
2025-12-18,39.220001220703125,39.38999938964844,38.720001220703125,39.13999938964844,13276126,46.283762014366985
2025-12-19,39.130001068115234,40.150001525878906,39.08000183105469,40.02000045776367,21817573,51.07691838191106
2025-12-22,39.93000030517578,40.34000015258789,39.40999984741211,39.81999969482422,18106200,50.60974085068894
2025-12-23,39.880001068115234,39.97999954223633,39.310001373291016,39.36000061035156,12030663,47.83862178368464
2025-12-24,39.36000061035156,39.459999084472656,38.0,38.119998931884766,21777935,38.24648958131877
2025-12-26,38.09000015258789,38.2400016784668,37.43999862670898,37.63999938964844,13952361,37.20642378335153
2025-12-29,37.68999862670898,37.95000076293945,37.0099983215332,37.16999816894531,10336761,40.29450290187749
2025-12-30,37.15999984741211,37.880001068115234,36.93999862670898,37.7599983215332,8573596,35.36231066794262
2025-12-31,37.88999938964844,38.93999862670898,37.59000015258789,38.31999969482422,15550950,44.5103746722276
2026-01-01,38.31999969482422,38.47999954223633,37.880001068115234,37.93000030517578,6218391,37.042679824268106
2026-01-02,38.70000076293945,39.58000183105469,38.15999984741211,38.59999847412109,33605690,40.144925292764064
2026-01-05,38.79999923706055,39.790000915527344,38.75,39.709999084472656,29161334,48.866497167323914
2026-01-06,39.84999847412109,42.5,39.41999816894531,42.119998931884766,101605716,65.24895046395646
2026-01-07,42.09999847412109,43.2599983215332,41.40999984741211,42.63999938964844,39823785,66.79880107401266
2026-01-08,42.54999923706055,43.040000915527344,41.59999847412109,42.33000183105469,28032119,65.5004963925349
2026-01-09,42.20000076293945,42.959999084472656,41.16999816894531,41.43000030517578,23000415,56.838019687683264
2026-01-12,41.45000076293945,41.58000183105469,39.59999847412109,41.119998931884766,31622769,56.23799899031352
2026-01-13,41.13999938964844,41.560001373291016,40.0,40.470001220703125,18509968,55.23091680724598
2026-01-14,40.40999984741211,42.65999984741211,40.40999984741211,42.459999084472656,37504338,69.10211873584389
2026-01-15,42.459999084472656,42.459999084472656,42.459999084472656,42.459999084472656,0,72.150739483459
2026-01-16,43.220001220703125,45.16999816894531,42.88999938964844,43.9900016784668,75465789,78.55948196788562
2026-01-19,43.9900016784668,45.5,43.18999862670898,45.09999847412109,47218010,79.45426540567298
2026-01-20,45.31999969482422,45.619998931884766,43.209999084472656,43.43999862670898,35021333,68.87906081884933
2026-01-21,43.43999862670898,44.84999847412109,43.02000045776367,44.310001373291016,38066770,72.72080621632762
2026-01-22,44.900001525878906,46.84000015258789,44.61000061035156,45.959999084472656,52990643,74.50067328659864
2026-01-23,46.04999923706055,46.75,44.70000076293945,45.0,25458970,67.7875005130731
2026-01-27,45.619998931884766,45.9900016784668,44.369998931884766,45.150001525878906,23103154,62.014287723841264
2026-01-28,45.220001220703125,45.29999923706055,43.5,44.43000030517578,23876526,56.98673402293703
2026-01-29,44.43000030517578,45.27999877929688,44.0,44.2599983215332,16452483,57.6164016902689
2026-01-30,38.150001525878906,39.0,36.02999877929688,37.58000183105469,178280484,39.56639807333978
2026-02-02,37.54999923706055,38.040000915527344,36.810001373291016,37.540000915527344,27670454,40.15401895640522
2026-02-03,38.29999923706055,39.650001525878906,37.75,39.29999923706055,40975092,46.96733499355417
2026-02-04,39.22999954223633,41.13999938964844,38.900001525878906,40.81999969482422,31566682,45.64293460084524
2026-02-05,40.79999923706055,41.70000076293945,40.40999984741211,41.25,23889744,46.85714523513597
2026-02-06,41.20000076293945,41.650001525878906,40.79999923706055,41.27000045776367,21639109,42.33370476820013
2026-02-09,41.4900016784668,41.9900016784668,41.220001220703125,41.43000030517578,14596373,39.07088156990123
2026-02-10,41.59999847412109,41.84999847412109,41.25,41.29999923706055,10444731,42.98820743750874
2026-02-11,41.5,41.59999847412109,40.29999923706055,40.52999877929688,13787444,37.5329728494707
2026-02-12,40.52999877929688,40.7599983215332,40.0,40.150001525878906,10382027,29.085681015494984
2026-02-13,39.88999938964844,41.18000030517578,39.70000076293945,40.95000076293945,13758973,35.25127686784727
2026-02-16,40.95000076293945,41.09999847412109,40.119998931884766,40.2599983215332,8439382,32.86614209011721
2026-02-17,40.29999923706055,40.95000076293945,39.900001525878906,40.68000030517578,11267801,36.5783834204588
2026-02-18,40.75,42.09000015258789,40.68999862670898,40.970001220703125,10912103,38.325063643715396
2026-02-19,40.720001220703125,41.119998931884766,39.79999923706055,40.040000915527344,11701981,64.74818893445584
2026-02-20,40.189998626708984,40.68000030517578,39.95000076293945,40.189998626708984,12623087,65.68045841370906
2026-02-23,40.25,40.619998931884766,40.0,40.52000045776367,13335767,58.68946209540867
2026-02-24,40.20000076293945,41.43000030517578,40.119998931884766,41.15999984741211,16706067,52.76872943932056
2026-02-25,41.290000915527344,41.439998626708984,40.790000915527344,40.95000076293945,11849546,47.466223508966145
2026-02-26,41.150001525878906,41.84000015258789,40.900001525878906,41.72999954223633,14767827,53.4431067624072
2026-02-27,41.70000076293945,41.84000015258789,40.810001373291016,41.150001525878906,14018609,48.028177186815974
2026-03-02,38.279998779296875,41.38999938964844,38.279998779296875,40.599998474121094,24025295,45.34573989143332
2026-03-04,40.0,40.560001373291016,39.27000045776367,40.11000061035156,23090164,47.099459303385444
