Date,Open,High,Low,Close,Volume,RSI
2021-03-04,1347.1081834882466,1421.6261397629542,1338.9699903875603,1377.4056396484375,68262,
2021-03-05,1377.601636491479,1389.8088059638021,1355.0992234724222,1367.4044189453125,59714,0.0
2021-03-08,1368.7771578788656,1394.270142194661,1342.7939238646893,1362.9921875,104062,0.0
2021-03-09,1380.494068545542,1436.8238303260196,1348.3337603611492,1375.0032958984375,295163,45.45433547373771
2021-03-10,1416.5273940513412,1419.6650638538856,1386.4261112239108,1407.1146240234375,34262,75.37672618377314
2021-03-12,1417.802220534108,1428.097464874086,1362.8942507208922,1371.8658447265625,110766,47.0465348751243
2021-03-15,1390.3481013702053,1390.3481013702053,1343.0880797919592,1364.3648681640625,29125,43.56237917785502
2021-03-16,1363.8744883141435,1363.8744883141435,1333.6750628392983,1352.8929443359375,39074,39.13035476502366
2021-03-17,1356.864038386374,1362.5999358015804,1318.7716615429756,1340.440673828125,15444,35.23879347072639
2021-03-18,1340.4406382038292,1355.0010296215773,1307.6429828037567,1345.539306640625,28870,37.77273165855885
2021-03-19,1325.6350091919514,1392.3089593584107,1277.6396179407134,1325.68408203125,86581,32.778275010750804
2021-03-22,1318.7716287199287,1336.3225910624265,1289.4546741509332,1325.8802490234375,77646,32.86597583271903
2021-03-23,1330.8317117831166,1372.5518840561795,1315.8300250227876,1360.6387939453125,70701,45.471318637115964
2021-03-24,1351.1280834581278,1367.698546155492,1329.0177755807463,1342.2545166015625,38775,41.36347440516252
2021-03-25,1348.9711960416646,1348.9711960416646,1281.5127857628936,1305.92724609375,32867,35.09810977524664
2021-03-26,1312.4965233779114,1323.674240905757,1280.5813384944408,1298.76953125,40558,35.51923799045325
2021-03-30,1294.259237113466,1318.7717226648574,1279.747797791094,1311.123779296875,44126,39.411519028096336
2021-03-31,1310.9276568406526,1348.1866328765127,1282.8853988147941,1317.3499755859375,48848,37.945876193937515
2021-04-01,1314.8987567702682,1352.353785647435,1284.9935253312638,1300.73046875,56747,26.216559188496603
2021-04-05,1300.68150807138,1313.6240520876197,1246.99916670038,1265.82470703125,32625,26.256829630277494
2021-04-06,1266.11877112042,1289.3074833951239,1245.2340885313154,1250.52880859375,16840,25.371209924355625
2021-04-07,1254.9901217305103,1419.4688911757878,1246.2637730826227,1372.0128173828125,114298,52.802549366237
2021-04-08,1368.3358680865406,1399.9569710221513,1310.5353616042767,1323.5269775390625,90051,47.757692159552974
2021-04-09,1316.3202183949875,1354.0694388107843,1315.829968779198,1342.8917236328125,21711,49.66179371428126
2021-04-12,1330.6355475515807,1362.893997767649,1285.4836275689458,1313.3787841796875,62929,48.465953309465476
2021-04-13,1299.1616572406424,1333.3811089806518,1299.0636312422198,1313.673095703125,81220,48.4785608546751
2021-04-15,1308.9666131209597,1350.4417828957928,1304.2601684337942,1326.5665283203125,32176,45.50860625190681
2021-04-16,1333.5772102683625,1355.0501710706246,1321.8602903119697,1327.6942138671875,55382,47.989183758104595
2021-04-19,1299.1614914012391,1307.495734930983,1279.5515066253715,1299.4066162109375,10660,49.07903280254919
2021-04-20,1300.142066472764,1312.5454065049137,1284.5521037286717,1297.0045166015625,61618,49.74731667045893
2021-04-22,1303.524809277931,1329.9982916527133,1291.1705414410046,1322.154296875,39004,51.523342567142926
2021-04-23,1318.7715819037628,1377.6015409477968,1310.878514522745,1362.599853515625,21631,55.70948763137133
2021-04-26,1377.601508938757,1404.074989893452,1372.6990124656654,1383.2393798828125,53412,60.30616293335294
2021-04-27,1392.3091466445555,1464.670050170058,1381.6216792569865,1448.8349609375,173318,71.23192223374063
2021-04-28,1453.1000206155609,1488.8882464944193,1451.8743964416274,1471.190185546875,63296,75.1874507093671
2021-04-29,1470.797935988195,1489.2312499257673,1452.9527779680636,1468.052490234375,30342,65.02065548469082
2021-04-30,1470.7490913800607,1486.4370816881149,1444.1285088881082,1449.031005859375,41949,71.62165174581344
2021-05-03,1446.2364819239156,1514.8714336084404,1438.588539431697,1500.06591796875,57413,74.41367742806469
2021-05-04,1499.2325932172184,1510.4101901613749,1449.7663287264966,1474.1317138671875,27564,75.250280902108
2021-05-05,1447.2169183793064,1505.2134739718406,1422.7535095387407,1466.8759765625,79167,73.54934780601779
2021-05-06,1485.2112883843538,1500.7521780762838,1454.2764881410076,1489.62353515625,13030,74.3270891225141
2021-05-07,1465.846594402447,1546.7868672736595,1456.139626461407,1476.386962890625,93624,71.41044196076874
2021-05-10,1475.651390010497,1495.2613752598058,1447.7562338692956,1463.1500244140625,20103,74.64583416013676
2021-05-11,1456.0414620523786,1483.495442481649,1447.4130203272368,1461.287109375,11267,74.76718930754714
2021-05-12,1451.2861144902015,1468.5428788464692,1375.8366188557306,1393.1424560546875,51578,59.473966650386224
2021-05-14,1391.3285889577633,1415.841072906984,1354.1186861987917,1368.6300048828125,68319,50.84052015298457
2021-05-17,1377.4544558798564,1433.4409435250413,1364.1196889678995,1389.5635986328125,22615,50.880787050417446
2021-05-18,1420.7436072087967,1430.5486010473667,1378.1409568561564,1410.4974365234375,17189,43.90205258982338
2021-05-19,1409.9581820667852,1422.6066486672503,1378.1410234002672,1392.701416015625,19596,37.3318811500409
2021-05-20,1402.1140304044,1412.654398115482,1373.777576061752,1385.88671875,24669,36.89397214076817
2021-05-21,1373.777578769588,1400.1039616781638,1373.777578769588,1389.759765625,8782,40.06573331685635
2021-05-24,1404.025971962876,1469.7685001141037,1363.8745721539149,1381.4744873046875,160658,26.798413648393748
2021-05-25,1392.5540622803846,1420.4982909549076,1377.6014486913857,1381.229248046875,60509,29.79314080285053
2021-05-26,1451.138965913218,1500.1639309778539,1410.7913957270516,1433.8822021484375,674594,44.007141276569705
2021-05-27,1445.0599773962945,1449.3251255938994,1402.1631312051456,1424.126220703125,106093,37.514055454819626
2021-05-28,1422.2142937099607,1441.0398331757822,1406.8205019366487,1424.224365234375,32192,39.53171040498736
2021-05-31,1424.2245086259638,1455.0611681202174,1381.0334604429422,1396.18212890625,63477,37.31433431362257
2021-06-01,1402.0650153379888,1421.7240754293541,1375.248381715277,1384.0728759765625,41288,35.91995459047958
2021-06-02,1387.3574059508665,1410.6933366502842,1372.6989896162627,1395.74072265625,45073,50.59669751683004
2021-06-03,1407.0165222451046,1481.6815692973373,1401.1335263332785,1476.0926513671875,113577,69.64150889512023
2021-06-04,1476.0926666565845,1498.6932240612239,1458.9830012450775,1475.6024169921875,74048,66.99587949450503
2021-06-07,1500.1640668201915,1500.1640668201915,1458.1986450488826,1460.9931640625,105769,60.230417550196094
2021-06-08,1460.9932214311145,1539.384102870112,1460.9932214311145,1490.31005859375,222171,68.89348329474032
2021-06-09,1497.7619215931747,1519.9701374773601,1473.298389500215,1495.16357421875,65699,71.31384539488408
2021-06-10,1504.7721780762076,1516.1460653319955,1481.5343933105469,1482.514892578125,70474,67.49255498811192
2021-06-11,1503.9389414508319,1503.9389414508319,1460.944067822355,1465.6505126953125,24454,65.37705757370873
2021-06-14,1499.134338666147,1499.134338666147,1454.325569075871,1458.00244140625,23408,63.65539540603635
2021-06-15,1485.4566786265525,1485.4566786265525,1451.2372236099857,1457.70849609375,37064,55.20792476531853
2021-06-16,1457.0220303153208,1476.2397935874294,1449.2271083790133,1455.1590576171875,34754,57.0037693806832
2021-06-17,1455.1588602942377,1460.894756761065,1387.406388510594,1398.633056640625,71129,45.39677771805384
2021-06-18,1414.8604669705694,1414.8604669705694,1343.2840192305475,1391.5245361328125,56087,49.093987381598595
2021-06-21,1353.089078361159,1389.3675536505523,1353.089078361159,1381.5726318359375,27728,49.509526423120505
2021-06-22,1396.2310780466464,1397.0155254046401,1350.637858152567,1361.0802001953125,21178,43.428168569435435
2021-06-23,1362.9431909893538,1380.1019298868644,1353.040051645185,1368.3359375,25045,21.73357268059756
2021-06-24,1387.4065426407035,1415.1547213694612,1369.2673051574152,1401.5257568359375,45592,33.413835779383206
2021-06-25,1398.19205035671,1491.339487091554,1394.3191258631527,1471.435302734375,162784,51.87397803330231
2021-06-28,1480.4069582104412,1483.789752869949,1441.3340820334265,1449.9625244140625,39100,42.549338286510334
2021-06-29,1457.2181517188478,1459.228223352815,1405.5458815227685,1413.92919921875,17260,36.54813161756679
2021-06-30,1436.4314154243286,1461.434146546049,1397.8487934940754,1455.453125,130700,45.90989330188526
2021-07-01,1462.0225923636222,1463.199263426124,1433.7842822115524,1446.0894775390625,62107,46.97496441556578
2021-07-02,1451.0899002918925,1505.0664349725512,1434.7156097547788,1461.0419921875,171287,50.4596694515128
2021-07-05,1461.9736777303726,1489.0843903789173,1461.9736777303726,1468.346923828125,32763,51.5754354275748
2021-07-06,1468.7880224847581,1492.1239548300869,1451.1390342306022,1455.1590576171875,40368,50.0
2021-07-07,1451.2371614084889,1462.4639515334825,1430.5486476727854,1436.3336181640625,39133,56.069528879113314
2021-07-08,1426.7737180021288,1456.0416009932107,1408.1442295045724,1417.7530517578125,41351,54.072188941803994
2021-07-09,1407.1145470277454,1428.8326308548471,1400.1530258093817,1409.6148681640625,43514,54.37844266638204
2021-07-12,1416.674539150386,1431.185978197533,1393.6328031690894,1401.77099609375,385934,56.61462237961229
2021-07-13,1402.1141587340521,1420.6945747098598,1393.338736875266,1397.505859375,85719,54.788366849496676
2021-07-14,1401.133637958988,1412.1642561724511,1385.8378713076263,1394.2210693359375,65819,48.67035932294981
2021-07-15,1411.8699655087169,1426.6756011766495,1382.504058385619,1389.3675537109375,44772,30.425617527119712
2021-07-16,1408.8796832151736,1408.8796832151736,1376.964378251415,1399.6138916015625,65205,37.31159164376869
2021-07-19,1388.386884840663,1400.790223816227,1345.2449194925068,1367.355224609375,23761,38.03521566679461
2021-07-20,1363.8747078830045,1391.328691938162,1359.9036373133633,1377.1114501953125,21088,25.948403605856257
2021-07-22,1381.6442559713473,1413.620903914859,1380.5603283082116,1404.5550537109375,18147,38.522702280415096
2021-07-23,1404.604333695068,1416.0350729259465,1379.328527020246,1409.2850341796875,17873,34.84148724626054
2021-07-26,1399.2831355204203,1422.932991332033,1391.8925555792912,1400.4163818359375,56868,30.285168502863584
2021-07-27,1407.4619594171875,1411.1079303953359,1382.7280579811318,1394.4544677734375,17002,31.611009461995963
2021-07-28,1393.3705629967399,1409.9747072461453,1370.5582839647664,1396.1297607421875,13770,36.4090514438139
2021-07-29,1403.12605457021,1411.1078556736184,1385.0437957009813,1399.775634765625,24007,43.240151766214666
2021-07-30,1409.1371598152869,1422.4402029324242,1392.8285662485257,1397.7064208984375,12106,45.30805413672697
2021-08-02,1399.2830043018107,1410.3195545298495,1378.0966771240016,1384.2554931640625,55156,43.390881630329346
2021-08-03,1398.2483456514583,1399.1845579104172,1378.5894519752833,1381.052978515625,129477,43.741653649920416
2021-08-04,1395.144305766252,1416.034961324885,1351.983275530788,1366.271728515625,77514,40.22367264817928
2021-08-05,1374.6478621822102,1384.3049347061265,1355.038166111841,1365.927001953125,22806,41.53374465747434
2021-08-06,1350.0124945834652,1399.2337049381113,1342.5233982334323,1357.452392578125,70942,34.57469851645352
2021-08-09,1374.647773659976,1374.647773659976,1306.6544429198052,1340.8974609375,69445,39.06339880230335
2021-08-10,1335.2313812538673,1359.8666465906545,1300.988362435733,1307.7877197265625,95533,25.981505886413117
2021-08-11,1304.6836639892017,1320.1545626443176,1268.1741523154426,1315.72021484375,124615,14.409724769385917
2021-08-12,1322.3225037468417,1374.6477823728349,1300.7913062671932,1340.7496337890625,74568,26.383644941581863
2021-08-13,1340.158419115049,1387.4581280249918,1340.1091004691823,1365.08935546875,104576,38.999673866190875
2021-08-16,1366.370405927091,1369.8686619084503,1336.758887576385,1351.3922119140625,33677,37.20729515556528
2021-08-17,1357.8957824067552,1393.3705633694863,1335.3298560142537,1371.6422119140625,38792,43.44841280727813
2021-08-18,1378.5401717649765,1393.370650067088,1343.0653885949516,1349.86474609375,33769,37.82745332472747
2021-08-20,1349.0271658443341,1368.7353786397225,1342.1786100136906,1356.0728759765625,62749,40.04711150228029
2021-08-23,1359.866648768696,1362.7243636102169,1316.360746056372,1342.3756103515625,24585,40.0
2021-08-24,1343.0652831966825,1343.262437483564,1316.5085165511648,1329.2203369140625,27825,38.185063104745694
2021-08-25,1325.3771401057852,1349.81536894616,1320.9427927968811,1338.5816650390625,18155,43.52831016591414
2021-08-26,1369.720746855766,1399.0860311271313,1342.7697907506888,1354.7425537109375,194653,47.56593569201195
2021-08-27,1363.808236826538,1363.808236826538,1330.3535958958573,1353.46142578125,38255,49.10337489098658
2021-08-30,1362.8228512459027,1384.797555603725,1330.649171299973,1379.5255126953125,62905,58.32271211618305
2021-08-31,1361.5911283188718,1393.5676549192015,1361.5911283188718,1387.0147705078125,35921,69.18854578975937
2021-09-01,1387.4581974791136,1394.1590380258751,1369.7701243983126,1386.324951171875,25962,67.72198983487493
2021-09-02,1392.8779059092658,1392.8779059092658,1369.81927343379,1381.052978515625,14148,61.23009440129633
2021-09-03,1381.5456925290514,1419.9767068005442,1360.852069459786,1411.452880859375,79146,62.49666040643676
2021-09-06,1414.064263214031,1458.4077418514048,1377.6040696677458,1402.9783935546875,114230,64.3071593689864
2021-09-07,1409.0878298476962,1423.5241190981762,1389.23190262316,1404.0130615234375,44584,60.0489597938535
2021-09-08,1387.5074450491254,1412.7339323804008,1379.9690298925384,1381.3978271484375,60739,59.738236751053485
2021-09-09,1379.574850083508,1397.8542649628669,1379.574850083508,1381.25,39323,58.077713295636215
2021-09-13,1379.67334940282,1422.9328985624204,1379.67334940282,1410.0732421875,122019,69.7982048852653
2021-09-14,1433.7723739319317,1453.382068258704,1424.1153022666742,1443.380126953125,70694,79.86588412178627
2021-09-15,1448.553656546677,1477.130565417326,1444.7598495993132,1459.6395263671875,83252,80.56726483660776
2021-09-16,1459.3930627463599,1471.80921194345,1441.6556723821232,1451.312744140625,38448,75.38852870327402
2021-09-17,1462.349444625326,1463.285536652693,1419.9274668659582,1454.9095458984375,49979,76.35011094109373
2021-09-20,1433.77242636025,1452.0518411488422,1423.031426737201,1442.4932861328125,32016,67.60326517240438
2021-09-21,1449.7358818624741,1450.9676449894948,1400.2683227970722,1428.648193359375,52393,61.239616748185995
2021-09-22,1434.7577912136794,1434.7577912136794,1373.0711135339334,1386.177001953125,67071,49.96741059424576
2021-09-23,1387.6060009747744,1399.4309285201373,1364.793720860635,1374.6478271484375,118671,48.62695923452408
2021-09-24,1388.443573606495,1395.2921293491981,1369.7207716912903,1376.7171630859375,11323,41.52441657855153
2021-09-27,1376.7171329198632,1380.2645870418737,1360.8520462288009,1364.99072265625,10887,40.87573263590597
2021-09-28,1371.8394186073829,1389.428974115436,1345.0854962181347,1356.5162353515625,14615,38.98538268954436
2021-09-29,1351.1949786838954,1362.9213889866053,1340.1584279809808,1342.5234375,23581,40.609402893442955
2021-09-30,1349.0271599946204,1363.808319527067,1330.402874925861,1339.86279296875,19189,40.12231589104377
2021-10-01,1348.0415565631401,1348.0415565631401,1317.9372178384724,1322.667236328125,16471,27.91336974801321
2021-10-04,1340.158465533495,1340.158465533495,1310.6946634466096,1315.4246826171875,24780,12.761760900472424
2021-10-05,1320.1053624928638,1333.8025941827684,1312.5669471842668,1327.9886474609375,24041,10.844081250916744
2021-10-06,1334.2459229798685,1344.7897680516248,1320.4501748840648,1339.1236572265625,34452,17.18068721606147
2021-10-07,1343.1146145117586,1344.789764374489,1325.3772241513684,1331.0433349609375,21618,14.690931867214132
2021-10-08,1331.2896165469042,1386.1769345611801,1326.3625639320007,1381.20068359375,61222,35.62178027862491
2021-10-11,1379.5749392788834,1418.991366115423,1362.1824168793828,1398.1007080078125,45777,42.93532666968174
2021-10-12,1399.2829363282042,1411.8469204396017,1362.8227471421876,1375.189697265625,145069,47.2062197677768
2021-10-13,1375.1897821776772,1396.031119700186,1360.9013287765824,1367.6513671875,260583,48.184132137772146
2021-10-14,1374.4999333886071,1394.3559807769818,1360.8520208148495,1367.4542236328125,39114,47.57229494623229
2021-10-18,1387.1624820458967,1403.2247232721381,1366.813848968716,1368.7353515625,20252,51.03826934350347
2021-10-19,1375.5837942003723,1385.5857352319986,1334.344387189133,1344.0999755859375,14246,46.84050505201111
2021-10-20,1353.510791541683,1409.137172362914,1332.2751447794824,1364.8922119140625,71649,55.5016732148122
2021-10-21,1346.070881353937,1378.5894311963089,1290.8878876820331,1340.651123046875,49685,50.17528488543784
2021-10-22,1340.2077351737803,1354.643904237964,1303.944576963741,1332.521484375,14919,52.28313524251701
2021-10-25,1332.5215567767261,1339.2223973392042,1283.0046714167481,1300.7913818359375,11848,46.955109480522516
2021-10-26,1307.1472783735298,1330.3044295546665,1296.9483018048222,1304.092529296875,11528,44.8283496169549
2021-10-27,1304.0922538783625,1326.313188038771,1297.9334383755831,1316.853271484375,124073,45.21387365123838
2021-10-28,1320.1544289727153,1353.6583867401316,1311.9755938089977,1330.2056884765625,16159,49.82397039870628
2021-10-29,1335.1819697760295,1374.3520389381374,1309.5612956071036,1358.2406005859375,132064,44.68037086290506
2021-11-01,1369.7207314594932,1369.7207314594932,1317.5924867583028,1322.3717041015625,61400,33.871947256495446
2021-11-02,1322.3717351940797,1396.3268504415462,1322.3717351940797,1340.207763671875,63855,42.38527371052498
2021-11-03,1352.9685984172709,1354.8901007508425,1320.9427575953034,1335.0833740234375,16297,42.83543716409021
2021-11-04,1354.8902097370276,1366.7644551742267,1346.0708332862246,1361.83740234375,4876,48.89363901946405
2021-11-08,1375.5838582670242,1375.5838582670242,1345.0854487714375,1349.1749267578125,16780,46.31246401385182
2021-11-09,1355.8756690901075,1369.7207361576693,1310.5961000645325,1318.2330322265625,50403,45.23681718991501
2021-11-10,1324.786095461316,1347.8447286168132,1317.3461969743212,1321.337158203125,20943,41.420831143275244
2021-11-11,1404.2101613386637,1536.2551870364748,1399.2831081409843,1500.632568359375,2074425,69.56259676303215
2021-11-12,1517.532374884794,1552.0217470412667,1485.1123409998331,1510.9793701171875,739006,71.70421644014667
2021-11-15,1550.0508255172767,1624.9420287844814,1528.3717929925597,1604.346923828125,542093,82.10523461858745
2021-11-16,1602.2776886432925,1852.3749553184973,1582.5694759908536,1767.580322265625,1127698,86.62874739047722
2021-11-17,1754.0308987771489,1867.35311976556,1687.6141991138904,1719.1473388671875,1167816,80.09582173475258
2021-11-18,1704.7603120050321,1710.3771042236328,1621.0004122822415,1646.7196044921875,215239,71.75560721127577
2021-11-22,1664.260093252566,1728.3117863650384,1611.6884584250527,1705.5980224609375,143858,72.90447411064973
2021-11-23,1749.0545796568617,1749.0545796568617,1650.5628336117254,1671.4534912109375,66516,73.0706415457715
2021-11-24,1670.3203318288918,1758.859452629058,1645.1923608341217,1667.955322265625,190142,72.07910923982763
2021-11-25,1721.512334143875,1721.512334143875,1630.8545581042436,1660.318359375,67971,71.8359266343353
2021-11-26,1655.4898668556589,1719.443041127186,1611.68841224419,1663.6688232421875,80561,70.92213128278757
2021-11-29,1670.2709560109608,1671.9461059041878,1619.0296051480877,1650.562744140625,45071,70.87854184935972
2021-11-30,1635.781589722341,1745.1128472570072,1635.781589722341,1727.91748046875,300617,76.66600613484161
2021-12-01,1730.38095629573,1733.3371879978297,1677.1687856579342,1700.2274169921875,53767,73.89680854815064
2021-12-02,1708.6034765565228,1802.2666826342331,1694.3150227464816,1756.1002197265625,219160,69.08352891420563
2021-12-03,1770.3393872070478,1770.3393872070478,1724.369960589484,1737.1802978515625,62591,66.6836050253265
2021-12-06,1740.2352039572534,1762.6039775458194,1620.0644235777715,1649.035400390625,85079,53.321619123281565
2021-12-07,1672.6852315295469,1689.9792362612686,1661.0574582291931,1684.0667724609375,44995,42.33101779975361
2021-12-08,1690.9646185440522,1734.6675553442344,1650.5627832524985,1658.0518798828125,83637,44.148740906180926
2021-12-09,1673.0793792556597,1756.2480587540415,1651.1047948377804,1727.5233154296875,110108,57.78283718055923
2021-12-10,1704.7603699255937,1915.4412082668334,1704.7110512789184,1818.920166015625,799712,60.27151265805838
2021-12-13,1837.790640555489,1837.790640555489,1734.3225347869495,1742.0579833984375,184424,55.93963099018633
2021-12-14,1735.3081427637742,1778.6662110667874,1715.5999298987683,1724.5179443359375,136155,54.6485289889371
2021-12-15,1729.297080882732,1732.2533126739875,1663.3730878798547,1674.90234375,68019,51.12120442010105
2021-12-16,1691.9499379425802,1753.0453928944962,1679.1889192578897,1700.325927734375,179052,52.72566039140155
2021-12-17,1710.6727139261745,1710.6727139261745,1591.4380374370805,1615.087890625,129422,47.61778289289245
2021-12-20,1587.6443852718496,1659.4315267258353,1528.9139348684084,1620.6063232421875,133850,42.024322969316216
2021-12-21,1628.7359430447505,1672.241846612311,1607.1554260930552,1657.5592041015625,71650,46.87184533722048
2021-12-22,1667.4132240645092,1682.5392524613815,1635.7815683961696,1650.8583984375,59804,41.68483904114676
2021-12-23,1660.3674121340728,1753.7350591613854,1652.533446594231,1740.2843017578125,150130,50.22066266139233
2021-12-24,1729.3955838346799,1747.0344574370802,1700.8186767513719,1728.114501953125,49850,56.3025115248082
2021-12-27,1700.9172775967777,1791.4765392550617,1691.9993834996392,1749.1038818359375,46591,55.30205504590077
2021-12-28,1765.8558572976226,1783.593248721371,1751.025379130346,1757.33203125,25340,58.33540188828491
2021-12-29,1755.0163092505234,1789.9490675148554,1726.4394013514413,1737.4759521484375,52990,50.91155097829728
2021-12-30,1737.2788684666837,1786.5493979183764,1737.2788684666837,1750.5325927734375,50234,42.68703358269839
2021-12-31,1763.8356303090097,1781.8686921487047,1752.5034085699192,1760.8302001953125,54353,52.340599884691414
2022-01-03,1760.8302953161242,1842.717895379105,1757.0364884129265,1787.73193359375,99880,57.701985460717495
2022-01-04,1813.1553970998293,1813.1553970998293,1750.729663328207,1778.468994140625,41945,63.99466221521367
2022-01-05,1837.7908576223658,1891.988443235894,1796.4529290747107,1811.923828125,834696,64.75954888130883
2022-01-06,1833.9476052335986,1920.2695479297572,1823.994982439696,1871.09765625,770411,86.36615855625155
2022-01-07,1882.0849153905208,1896.9153929420008,1852.6212348693145,1874.6943359375,314017,86.29131329742366
2022-01-10,1890.8059081771682,1920.0725548935113,1854.592068612202,1892.825927734375,165228,85.51239014920213
2022-01-11,1896.9153600023283,1945.200478256933,1867.3530427035907,1934.3609619140625,170000,88.72137353035033
2022-01-12,1951.0143988970494,1987.4745897496427,1932.2422795450316,1969.4415283203125,147581,86.75514893497046
2022-01-13,1968.6534347641687,2000.383609418501,1943.2297920065437,1991.1700439453125,130998,90.93694351561167
2022-01-14,1980.6752877536392,2048.767255817867,1963.9233077079616,2035.7596435546875,194552,91.55710579499322
2022-01-17,2036.7448331045703,2087.0994050673867,2003.339513929177,2070.10107421875,139452,92.1513577184145
2022-01-18,2070.1012171703596,2126.4666526305446,1934.360913628664,2000.4327392578125,374448,81.24342973969586
2022-01-19,1997.5749068632008,2093.9972996380734,1993.7811005193769,2045.268798828125,172831,82.56043049996912
2022-01-20,2037.8291291987625,2053.9897668738636,1975.7975797888562,2019.0076904296875,87297,77.54996662725853
2022-01-21,1992.9436574416836,2025.0188211923814,1977.7191115002968,1998.1663818359375,396337,72.7495800138038
2022-01-24,2009.7943172985642,2009.7943172985642,1873.265625121484,1887.5047607421875,64598,59.66799676066945
2022-01-25,1875.2364457781123,1984.5677080454805,1813.5004451947498,1948.6002197265625,104539,61.55256861205493
2022-01-27,1948.9451695705868,2004.9657391797684,1837.544451022804,1930.96142578125,109079,55.44210047384951
2022-01-28,1962.8886445135824,1970.821248153152,1926.4777700697061,1930.7642822265625,48991,55.12891260688003
2022-01-31,1951.0143912674255,2096.953671105573,1950.8172369818546,2051.132080078125,224815,62.199115010949484
2022-02-01,2048.422478847264,2060.887827886908,1989.5935085687056,2038.371337890625,97012,58.38700716847642
2022-02-02,2074.2400674418877,2143.0710965087123,1980.6753757908068,2032.26171875,191731,55.31385996364103
2022-02-03,2033.8873854843314,2058.5226493588993,2000.4327452584178,2006.4437255859375,60131,51.283099373801726
2022-02-04,1995.702917277469,2035.8584012320705,1932.1932490527554,1978.8031005859375,48143,45.074991671814175
2022-02-07,2010.2375720496705,2035.8582469875582,1936.9723198909314,2007.8233642578125,99727,44.564856333502725
2022-02-08,2023.0479809146302,2033.0007243001721,1911.6965820625342,1925.1474609375,92834,43.575513037478125
2022-02-09,1960.9178630644985,1973.6790030789218,1877.2072769659444,1948.4525146484375,93542,41.4229792034668
2022-02-10,1951.0636824743012,1955.1039621929742,1883.2181862659459,1898.7384033203125,40945,39.77034818647083
2022-02-11,1881.1486787341871,1882.8238284989254,1823.0094581761373,1832.2230224609375,102067,36.90307911672897
2022-02-14,1785.662633191634,1856.513683713967,1763.93440030906,1835.9678955078125,50545,45.106675153884915
2022-02-15,1824.1428339763631,1848.3345917373706,1769.10767669618,1791.32861328125,65946,34.585675627624795
2022-02-16,1813.1554102375173,1846.3636976244877,1769.8466647228652,1776.2025146484375,50645,34.75686808727572
2022-02-17,1782.6077294772854,1847.6448274018298,1769.0090154318573,1779.503662109375,49012,35.191981401409606
2022-02-18,1773.6897369906972,1877.207167214525,1759.7462734237297,1840.3035888671875,228844,26.635412999970498
2022-02-21,1827.9365858924655,1858.4349945602044,1762.8501703922425,1773.8868408203125,108456,23.804443576091458
2022-02-22,1690.1270003130894,1774.6751569023675,1690.1270003130894,1723.975830078125,127548,21.903944584817793
2022-02-23,1742.6493727764255,1789.308662131427,1724.4685948493386,1735.2095947265625,61353,24.605647227701724
2022-02-24,1699.8331631850538,1711.06686727789,1626.9127840107383,1656.42578125,74334,22.455205674764883
2022-02-25,1694.9062577870436,1773.739106986441,1671.9461423419664,1733.485107421875,47476,28.338060500933892
2022-02-28,1742.1565437618485,1796.4034429666347,1691.5065374324677,1786.2044677734375,40801,38.484176506332375
2022-03-02,1773.73907100919,1887.9973813842803,1768.8120180341643,1809.460205078125,70469,38.47914726920503
2022-03-03,1818.0826678214873,1852.5227222750336,1801.5770392653844,1837.9879150390625,20110,44.78119237654844
2022-03-04,1849.5663526321957,1882.1342206391107,1798.7191904152137,1813.7960205078125,99785,48.29288152154
2022-03-07,1773.7391190463263,1800.5422398406067,1734.4212111829231,1741.4176025390625,40029,42.228882348266986
2022-03-08,1763.8849498360435,1799.1133783034393,1737.574535292229,1773.04931640625,17396,48.46479330112499
2022-03-09,1773.7883189496224,1869.2745055679338,1763.1458368320361,1849.4185791015625,30057,55.57556451352018
2022-03-10,1883.1195752582953,1928.4484609003055,1843.8509886023853,1867.6978759765625,70068,56.566388610323585
2022-03-11,1872.2800375032828,1901.1032959753727,1861.88390812666,1876.2216796875,64890,52.89997924369382
2022-03-14,1885.09038598051,1965.3028289713768,1879.670627944497,1933.129150390625,82102,63.057516360019115
2022-03-15,1955.7936908085924,1955.7936908085924,1854.0993648765063,1876.5174560546875,26671,62.3721201097235
2022-03-16,1886.3715078231598,1951.1129343471086,1885.8788025367085,1922.2403564453125,23543,64.3657115253782
2022-03-17,1941.2589248476975,1996.5404366700016,1933.474156877995,1981.75927734375,44053,75.75073441515201
2022-03-21,2036.1539284255891,2117.647335230045,2023.097238247926,2036.2032470703125,182661,74.85035376576204
2022-03-22,2025.16665922923,2069.3624243814597,2005.6064016127011,2047.04296875,34187,72.9934189500407
2022-03-23,2063.449728674552,2087.9863555777197,2006.2959157504238,2024.3782958984375,38973,68.9652089404679
2022-03-24,2000.3834001517534,2044.628237253661,1978.7043682289266,1992.5986328125,40210,63.56559456815416
2022-03-25,2010.3361077825894,2020.9784699131033,1956.4341969690365,1966.731689453125,15383,63.37929831058793
2022-03-28,1961.9524881963534,1983.9763908643383,1946.2352373735155,1972.594970703125,30282,72.88779162278583
2022-03-29,1989.5441054744772,2027.9751208848313,1935.7899063168047,1948.2061767578125,33223,67.59378853930914
2022-03-30,1970.8211028279643,1970.8211028279643,1934.360912425647,1951.507080078125,41928,62.0185551963776
2022-03-31,1948.2061013564248,2005.3105982877357,1892.0868947491417,1910.760498046875,46045,54.81491652455864
2022-04-01,1911.6965274610318,1965.8941094251331,1896.9153687435496,1928.1036376953125,48148,55.68882793683699
2022-04-04,1932.3902320976883,2005.3106182145823,1932.3902320976883,1975.6004638671875,45773,54.75508883682676
2022-04-05,1979.6899367904723,2007.2814341673431,1941.258922586974,1983.82861328125,41053,63.474378856996935
2022-04-06,1994.4710505779453,2040.7360300435348,1974.6643216137775,1992.74658203125,77701,59.75460930863326
2022-04-07,1990.4800195994492,1999.3980333147551,1900.0686003995336,1940.9139404296875,45258,44.22620779336414
2022-04-08,1950.0782309628505,1969.8357613270296,1935.100038172063,1962.593017578125,104876,38.532387497532525
2022-04-11,1941.2589396705202,1979.0002148874821,1941.2589396705202,1963.184326171875,30930,36.504883206155455
2022-04-12,1968.8504326343916,1970.82125388828,1931.6018628201498,1967.322998046875,21445,40.236073781830626
2022-04-13,2010.2378001954569,2312.7588809111458,1974.3688271536992,2197.318115234375,539415,70.87315515262853
2022-04-18,2266.395179270496,2291.0797642005405,2108.778793715766,2137.50341796875,572893,66.28453427760589
2022-04-19,2142.08537151332,2210.275729313072,2035.0696960560576,2110.699951171875,165244,62.66373727532577
2022-04-20,2118.6328024014424,2266.444393266659,2093.9975372572394,2131.049072265625,413935,66.89118342449251
2022-04-21,2157.7533252858757,2187.611311573093,2126.170870622418,2151.151123046875,83978,67.88800674796246
2022-04-22,2143.2678645337387,2207.3195478416437,2121.588833260294,2134.399169921875,71709,70.9382178751923
2022-04-25,2132.4284314736087,2155.339226774792,2003.3396493465095,2018.810546875,73930,57.172891878069784
2022-04-26,2034.8729460045674,2069.3623179707465,2003.9803468870236,2020.239501953125,61013,53.80735055844778
2022-04-27,2028.9604595016037,2056.502638118765,2004.3251940875484,2028.812744140625,33649,53.83452691234166
2022-04-28,2048.4714596937147,2120.4064284474143,2035.5624855077863,2080.6943359375,62917,56.9851859004862
2022-04-29,2083.157849351415,2137.306109571457,2078.0830813803764,2089.0703125,53372,62.639735711502134
2022-05-02,2089.021165474896,2123.559855321044,2055.9115134700473,2114.740478515625,26203,62.89243354933953
2022-05-04,2120.603401865249,2172.8301585096997,2087.690787305712,2118.435546875,121665,63.0865991746031
2022-05-05,2138.3411863400906,2161.9417241288716,2024.4276149284335,2042.70703125,56109,55.670031154844686
2022-05-06,2031.0789425407297,2076.260114350287,1963.4799203742539,1999.1024169921875,84602,29.28209235960786
2022-05-09,1981.6607278611395,1985.7994042889063,1926.0343472907846,1951.7535400390625,49674,30.06557285131467
2022-05-10,1946.0380637037804,2020.0423743502624,1936.4303105297793,1981.0694580078125,54493,36.16284878792199
2022-05-11,2018.0715764268286,2039.799928124779,1882.922609787649,1923.6199951171875,81788,29.48339108258783
2022-05-12,1894.9445495590219,1901.8424236343797,1847.8418756143985,1860.800048828125,67060,23.51936842536523
2022-05-13,1871.294605412648,1960.917645428695,1871.294605412648,1890.85498046875,35768,28.314459114167477
2022-05-16,1888.835008247082,2003.191831484163,1888.539336963532,1969.58935546875,47821,45.309423124886
2022-05-17,1989.3466775266882,2055.516893443477,1965.8938605482622,2044.5296630859375,29773,52.03029468836912
2022-05-18,2043.7416061343747,2181.6990916014975,2043.5938907743077,2134.94140625,176270,57.80321669097788
2022-05-19,2108.7788403921995,2134.399517892292,2074.2894668343833,2108.23681640625,32744,52.10294659327647
2022-05-20,2131.4429217775833,2155.240489235838,2074.141397157776,2138.73486328125,45912,53.6681144911313
2022-05-23,2187.6114973736917,2199.4364243865225,1986.5877381555688,1995.2593994140625,106452,42.483404248260555
2022-05-24,2000.334016664187,2018.120724485483,1936.4301691483872,1954.9066162109375,38536,40.165916108476786
2022-05-25,1980.5273658417043,2018.1208023058127,1932.5871186235865,1961.8045654296875,48661,44.6956785923119
2022-05-26,1999.3981549205362,1999.3981549205362,1928.3007543828585,1940.9632568359375,21274,46.07085910544059
2022-05-27,1955.054629160095,1980.5767877417845,1932.0945140789042,1970.2791748046875,37006,51.28327152131965
2022-05-30,1986.5877804291813,2008.266813747357,1936.331839555229,1974.171630859375,25827,49.50474344418519
2022-05-31,1970.8211400745895,1991.5147620453727,1948.206015607984,1965.155029296875,63885,53.20507929546375
2022-06-01,1962.9378974992717,1995.1607757129511,1952.5910862925737,1964.46533203125,25576,58.847785245863385
2022-06-02,1964.4652506245252,2117.6472725496524,1956.2862949414598,2063.696044921875,86337,63.19393504313262
2022-06-03,2118.386380144978,2118.386380144978,2013.7358253667194,2036.4002685546875,85628,55.534705891989525
2022-06-06,2038.8144769771948,2055.812809373452,1956.0399887867238,1977.275634765625,59148,44.27866493285639
2022-06-07,1978.7045001171143,1997.4766203081808,1951.3100371093024,1972.052978515625,24967,33.79408592748048
2022-06-08,1972.1513854724676,2024.9693670362112,1966.6824290789282,1984.0748291015625,55817,37.275247774464745
2022-06-09,1980.971013500317,2019.944051558347,1970.821236019066,2006.3453369140625,35401,36.19931290193442
2022-06-10,1985.6023007899973,2028.9603659189104,1981.7099771498567,1989.59326171875,35888,49.197260201005754
2022-06-13,1962.9379537339198,1974.6150455152738,1903.2712926168674,1953.3302001953125,48008,49.77404573955316
2022-06-14,1926.4776139262299,1995.456352020775,1926.4776139262299,1984.3704833984375,28288,53.025104142392955
2022-06-15,1984.6168696114005,2001.4673661445659,1971.8065323199664,1985.8486328125,26987,56.34665592381133
2022-06-16,1995.7028614744593,2017.3818951505182,1965.8941901698784,2000.087890625,39726,54.40256935687832
2022-06-17,1985.6023648579385,2015.1646829451536,1951.1129937561877,2000.7283935546875,40813,53.96031763657765
2022-06-20,1992.5000467083094,2007.1826873319367,1936.8736716605138,1961.11474609375,31836,49.44787195994278
2022-06-21,1956.0399024694484,1980.6258470824719,1936.8737157725868,1952.19677734375,35297,48.3603059074277
2022-06-22,1942.244261807356,1965.8447971874373,1938.4996534709715,1950.4232177734375,15385,29.52806474201458
2022-06-23,1950.4231456928183,1978.1623563863911,1950.4231456928183,1959.7845458984375,37168,35.19328309970133
2022-06-24,2032.9020346189639,2032.9020346189639,1931.4047444756031,1938.2041015625,96838,41.16729254007467
2022-06-27,1960.9176900383388,2016.149999881035,1944.6092174915182,1971.7080078125,60479,49.93085555122757
2022-06-28,1961.0655654822444,2004.5221478756625,1961.0655654822444,1997.5257568359375,29026,52.5547584027184
2022-06-29,1991.416339845314,2027.7286970219209,1975.7976056245864,1990.0860595703125,24380,46.72748357550355
2022-06-30,1988.4600424096052,2108.7786507124742,1980.6752747346136,2066.5537109375,88707,62.48801628992259
2022-07-01,2029.945815170903,2049.604708323433,1992.8450824037143,2011.370849609375,30977,58.873170150911584
2022-07-04,2001.41821559153,2033.3454222950686,1992.5002016868243,2017.677490234375,16209,55.508506912408905
2022-07-05,2020.4858004558325,2020.9785057564293,1981.6607190003092,1994.6680908203125,38882,51.361638466696604
2022-07-06,1995.1115292121453,2093.012045018976,1990.0366407324964,2036.5972900390625,79135,55.19271296139075
2022-07-07,2058.522842168461,2136.8629886272415,2039.800039870136,2068.4755859375,164725,58.84930987867986
2022-07-08,2088.23283947768,2105.5761627900833,2034.8729501165424,2048.718017578125,28744,62.069017709509154
2022-07-11,2045.6136400956989,2069.3621302987203,2039.4057461677985,2060.050048828125,36074,64.76065767016789
2022-07-12,2059.212564683694,2069.3623423835193,2029.9459168143094,2042.2635498046875,27286,62.04137199004112
2022-07-13,2069.3626152041834,2071.333436742473,2021.0774875160857,2041.8697509765625,16681,61.02152899248144
2022-07-14,2032.9019724121335,2059.064670730279,2003.191820158318,2012.6025390625,330468,59.787400507587144
2022-07-15,2015.411014265246,2047.6832111688943,2000.3835027299594,2023.4913330078125,20834,57.24328627175373
2022-07-18,2038.8144685680907,2102.8661555941544,2019.1062571754558,2026.34912109375,74371,54.30845816897508
2022-07-19,2020.0426137254099,2081.1873956967456,2014.7214921838352,2066.652587890625,82473,60.42115049961404
2022-07-20,2079.2162539155147,2104.787609491286,2058.0792458007013,2076.06298828125,103754,51.583275408623265
2022-07-21,2082.1987484994856,2177.2040145907167,2068.343813861181,2164.09130859375,143397,72.92071553151885
2022-07-22,2164.3386811866726,2211.8413134212224,2113.421845582441,2123.911865234375,103083,64.47247198373204
2022-07-25,2121.7843295942835,2135.490915494648,2069.6799743015417,2087.98828125,53960,62.28102783701142
2022-07-26,2090.11589886612,2090.11589886612,2038.7537724275448,2052.311767578125,36410,52.10264414446934
2022-07-27,2042.61324759384,2078.24022284257,2031.1333478137826,2042.7615966796875,39985,46.34074568192043
2022-07-28,2061.1195281021164,2078.240318092391,2029.7480440035686,2044.740966796875,28426,49.403878849445924
2022-07-29,2055.4290411948227,2078.240250360241,2028.7583396373782,2036.7249755859375,34321,46.46869470756063
2022-08-01,2039.545267985706,2091.1550450379577,2037.6650520516748,2070.9169921875,79790,54.132705610594755
2022-08-02,2085.8602380457583,2131.1857127168682,2058.4473101699955,2070.2734375,142295,54.09373382487532
2022-08-03,2070.3231811484193,2087.14703109083,1964.4318903344226,1989.5687255859375,353781,47.10887725587186
2022-08-04,2008.965648126331,2061.366945157988,1993.6757854812442,2052.856201171875,98416,53.25731394988906
2022-08-05,2049.5408299255923,2067.3543185487993,2033.9540273802868,2043.3555908203125,104647,51.85905467996269
2022-08-08,2052.5096402395584,2075.271318988599,2026.779046871078,2046.4234619140625,40255,47.59268798422755
2022-08-10,2049.045998813991,2162.3595785600437,2049.045998813991,2090.957275390625,180609,51.63571585995803
2022-08-11,2102.931653416787,2134.649606179415,2098.0329926288177,2104.168701171875,56889,42.12511494227059
2022-08-12,2108.9190199038394,2119.4092815463096,2077.794946604255,2086.751220703125,29039,44.80567966048713
2022-08-16,2096.993730881427,2144.5458927932264,2072.3023071107596,2136.430908203125,54253,56.52055894730408
2022-08-17,2134.649836378204,2150.5335795885976,2117.0342261239243,2122.37841796875,54502,60.01419468208867
2022-08-18,2119.8049794245258,2206.5961994009162,2119.8049794245258,2193.236083984375,119753,68.29947985403015
2022-08-19,2206.8932318752995,2275.1782690947593,2206.8932318752995,2239.99658203125,206191,71.4131150701216
2022-08-22,2235.642074139949,2315.7532327365893,2212.385577999218,2245.340576171875,173950,73.01313663615178
2022-08-23,2243.955053124399,2262.9067693241223,2185.170641609399,2217.97705078125,44013,66.47086553542795
2022-08-24,2197.0959917093332,2340.4449483148655,2197.0959917093332,2312.685546875,110183,72.42522740967529
2022-08-25,2340.494207698911,2441.0415396507487,2291.0123005593987,2425.7021484375,227384,88.07019704879666
2022-08-26,2434.5592921311727,2498.8362393519333,2434.5592921311727,2466.92041015625,291539,87.59214026066141
2022-08-29,2454.00562468201,2511.2067569658097,2386.3144731779994,2442.67431640625,69546,85.30807498065256
2022-08-30,2454.203567409837,2471.472946527704,2361.4745204774144,2391.312255859375,86922,78.09583531970134
2022-09-01,2397.893297718592,2438.4684628884074,2385.028001445236,2396.65625,57186,76.60184517539705
2022-09-02,2409.274343173935,2409.274343173935,2359.297611060448,2373.894775390625,30358,73.08775452372852
2022-09-05,2384.9786176436614,2423.1292199495265,2377.457512019382,2394.875,51264,76.21459630051359
2022-09-06,2392.8955734731494,2435.4995451677237,2340.6921598170757,2367.066162109375,93464,70.38046855044149
2022-09-07,2347.273364942206,2439.458062843018,2317.633508780421,2426.988525390625,64394,74.89889239628513
2022-09-08,2429.6113606344093,2502.894119156674,2429.6113606344093,2484.78369140625,92652,74.35117118917452
2022-09-09,2494.8777672233705,2523.5772734706843,2429.5616495570707,2446.385498046875,52645,67.4826067121278
2022-09-12,2461.724989724896,2474.9860447839847,2414.766706082271,2443.713623046875,134122,66.88002067477204
2022-09-13,2455.8861341428405,2468.454490348482,2405.859877247346,2417.636474609375,130720,67.02675670374998
2022-09-14,2380.0797049187026,2491.9088137152985,2380.0797049187026,2472.660400390625,40097,64.63292899761096
2022-09-15,2488.939978107234,2535.8487303544457,2418.675668586115,2443.614501953125,94041,51.93581972278113
2022-09-16,2443.614604118475,2580.1351459891484,2443.614604118475,2534.5625,251420,56.60070614133309
2022-09-19,2553.1179763834375,2651.240498409219,2479.0434671575563,2497.6982421875,183280,55.240339767133214
2022-09-20,2504.279545952085,2548.7637361561046,2497.6985483539693,2527.3876953125,36731,63.51749551207459
2022-09-21,2543.8151361843716,2569.100437269344,2504.922311596913,2525.90283203125,56861,62.93832936755439
2022-09-22,2533.4737980769232,2591.9119822492735,2520.558971213767,2573.059326171875,46119,69.00908676560917
2022-09-23,2573.0592339576438,2573.0592339576438,2350.3906464036168,2372.31103515625,193552,48.396613843852094
2022-09-26,2345.3931458341613,2345.3931458341613,2148.50466234031,2182.99365234375,315708,39.36173304921765
2022-09-27,2192.0486828467524,2248.408531810407,2148.356251568906,2155.3330078125,158703,33.691828451145724
2022-09-28,2137.5195930999403,2200.90597233009,2112.877696932305,2131.136474609375,78249,27.8772202746419
2022-09-29,2148.5044790253783,2186.2097901565426,2134.699074799234,2166.070556640625,103360,32.3882695017968
2022-09-30,2143.556285920575,2165.4766748409224,2128.7117133033967,2147.02001953125,73397,31.735132160080028
2022-10-03,2157.70821829058,2185.0716179080355,2139.9442609021066,2151.572509765625,54384,33.17483872641108
2022-10-04,2177.2040740776574,2182.1522651551063,2159.39058619884,2172.701171875,48822,30.181810791219064
2022-10-06,2195.908317727049,2201.648268164403,2168.69326459477,2177.45166015625,63747,31.83144587762274
2022-10-07,2177.2040125915637,2193.0382235922298,2151.4734197154817,2162.0625,32081,21.64813781098114
2022-10-10,2162.0624766110245,2162.0624766110245,2074.2816186478644,2121.091552734375,100164,21.513647431893943
2022-10-11,2088.928290617783,2096.993745032133,2058.002097908034,2077.69580078125,209311,16.676472290970153
2022-10-12,2070.3230002649907,2083.4357056920994,1933.5055266576128,2042.36572265625,286459,15.879924888452464
2022-10-13,2052.509528509777,2052.509528509777,1989.4200962809928,2022.127685546875,147077,9.589153939053574
2022-10-14,2057.160744356197,2070.1251005782087,1993.1312052986198,2005.2542724609375,44559,13.131231637215492
2022-10-17,2008.9159731582838,2023.8100760745544,1965.4214235129903,2011.8848876953125,141289,22.8486222698466
2022-10-18,2021.6824022429196,2048.155345285097,1994.665351471504,2036.7249755859375,38565,31.009399168557636
2022-10-19,2045.5820238571332,2089.126101771847,2020.0988418956813,2058.942138671875,85756,38.36706674691875
2022-10-20,2046.918407585097,2076.656844239936,1949.5873873151293,1976.1097412109375,128506,23.48396062804558
2022-10-21,1984.2247664486085,2086.1079798251217,1972.4480466662017,2064.3359375,59506,40.32652967958276
2022-10-24,2089.3240111257055,2117.8256381292463,2075.221667507322,2091.00634765625,11261,43.26284201235658
2022-10-25,2101.991397896549,2102.7336264975015,2029.747814070538,2052.4599609375,32480,37.12375841059824
2022-10-27,2063.296498231275,2120.7450416047864,2044.2459636965943,2074.825927734375,35978,39.40969081754149
2022-10-28,2071.312738014772,2105.554316138014,2042.6132304168607,2069.679931640625,20426,40.260827265637666
2022-10-31,2080.0215589332647,2187.050830626808,2066.908853149843,2149.444580078125,83975,52.76303743307365
2022-11-01,2151.4733030528523,2240.540735101958,2136.1834422065967,2202.39013671875,86941,61.92957378029411
2022-11-02,2221.7377493383187,2229.65485490389,2150.3847387842566,2192.889892578125,47455,65.14946082842191
2022-11-03,2196.8978765219285,2215.057835235573,2166.9120305354863,2204.07275390625,56565,68.6517758864666
2022-11-04,2214.810274591631,2308.825902869649,2193.7804630031264,2299.86962890625,76575,75.99553049326784
2022-11-07,2325.649738493958,2341.4839494794487,2298.187278815997,2322.136474609375,57442,76.64010951288358
2022-11-09,2311.794854294212,2338.712965234364,2302.4923517817338,2316.545166015625,32850,74.84848333744894
2022-11-10,2317.2379294643683,2355.339001548237,2306.945788454903,2326.787841796875,79616,74.30196122038777
2022-11-11,2338.4654764225475,2384.8301215483707,2322.6807958593567,2341.137451171875,56881,87.81921388123659
2022-11-14,2341.48409527732,2374.142157468424,2242.5202704557937,2252.6640625,93254,69.50201342553359
2022-11-15,2268.003290134532,2285.965126386848,2207.8827709349366,2232.12890625,43267,64.8017969941524
2022-11-16,2233.2175758624003,2243.3118368055016,2165.3778314485835,2176.560791015625,28980,62.56770087745975
2022-11-17,2176.56079699524,2177.550435161221,2128.7116950256936,2137.66796875,19812,56.15789214304819
2022-11-18,2129.7508117584716,2142.6161076041403,2091.1053939921912,2109.2158203125,19242,53.70489931003431
2022-11-21,2119.8051345447116,2155.4321115958833,2098.03309301344,2110.0078125,22959,45.66237683264062
2022-11-22,2110.0075899452368,2118.8152728095297,2083.7326488191884,2108.424072265625,17720,38.348265128622124
2022-11-23,2118.963706664155,2137.420603811385,2049.7385638313776,2053.44970703125,53316,34.46182373959604
2022-11-24,2053.4497919538944,2063.3461742294967,2032.766449642244,2036.972412109375,92366,31.596730210064806
2022-11-25,2046.0770734838661,2068.343934017548,2025.3442005535735,2036.4281005859375,46785,13.282773512851534
2022-11-28,2058.1505781837436,2058.1505781837436,1988.4801434504911,2009.01513671875,99179,6.975812700898302
2022-11-29,2016.5855599736278,2038.5554780371665,2002.3842770340402,2008.866455078125,45373,7.081732733959939
2022-11-30,2018.5649327962162,2036.7744201427909,2009.5592495845647,2027.6695556640625,88322,9.249043830306533
2022-12-01,2035.537366952186,2043.3058816214673,2017.8226987396692,2030.292236328125,36282,6.253581908014553
2022-12-02,2038.6545623098377,2077.2504496545384,2029.4508793131577,2073.539306640625,40378,21.113983415526036
2022-12-05,2092.787646855008,2098.032777119981,2031.92490355648,2044.245849609375,48280,20.533948204129544
2022-12-06,2054.3897532458636,2074.281576843726,2014.9032874302602,2019.30712890625,69821,22.71638657775887
2022-12-07,2027.1747157144293,2043.355396318001,2020.0988994958807,2033.508544921875,19874,30.234799117545947
2022-12-08,2048.5511931818182,2057.4084072649407,2029.7975965229382,2041.12890625,23032,35.97072648540751
2022-12-09,2038.7537627532051,2054.9342024383286,2015.0518552603235,2035.8836669921875,20610,35.00199816929161
2022-12-12,2035.8836367835954,2038.605141806948,1971.3592750975595,1984.7689208984375,54178,29.15768045163368
2022-12-13,1992.1418373160036,2018.664191271602,1986.2535379322583,2011.7861328125,31039,42.24682724800394
2022-12-14,2000.058740341888,2037.6649907787964,2000.058740341888,2013.2703857421875,16282,45.32862298948689
2022-12-15,2038.654656167918,2066.2654648182656,1986.2038324898112,1996.49609375,49614,42.603107154922235
2022-12-16,2003.967856378857,2022.4246332610871,1916.0880553158881,1934.3963623046875,47544,37.75179101481021
2022-12-19,1942.1650213020448,1974.0313239026304,1921.333088292779,1964.6297607421875,21963,43.39150500742753
2022-12-20,1984.1749952272978,1984.1749952272978,1932.120051787846,1970.9139404296875,51783,41.19185138932251
2022-12-21,1960.6218314407456,1969.132696178833,1873.4841357264079,1894.365478515625,45423,32.84197342761132
2022-12-22,1894.3654387803108,1911.040939487816,1855.126379869547,1892.8809814453125,122823,24.507769004114365
2022-12-23,1892.1386978585535,1892.1386978585535,1811.681185120191,1849.8316650390625,46985,23.591905794210533
2022-12-26,1850.6235573501056,1910.001853307863,1830.830792030853,1885.1124267578125,20499,32.26991613021639
2022-12-27,1894.3654953396792,1919.8982105861494,1892.4357490687446,1914.4552001953125,24266,34.87555521507498
2022-12-28,1914.4551894139609,1938.1075676856706,1902.134241557178,1925.7864990234375,43621,35.48385808275731
2022-12-29,1947.6079145574786,1947.6079145574786,1885.3596496313166,1893.9200439453125,10105,33.25550683880644
2022-12-30,1919.7990985738672,1959.4835647906093,1905.5978150810436,1947.8057861328125,47468,45.668542093539415
2023-01-02,1957.5043263291088,1957.5043263291088,1919.8980753682868,1940.9774169921875,23445,41.290302237691044
2023-01-03,1940.6804670525958,1949.587210654571,1925.8358943826372,1935.2869873046875,13528,40.50603188869986
2023-01-04,1935.732338343879,1944.3916726795176,1911.5851418639809,1930.9326171875,28901,41.769168433093
2023-01-05,1930.7841493733458,1941.0764109273016,1919.1559003958282,1930.734619140625,20325,49.45571015336356
2023-01-06,1937.5631291389511,1978.979463721181,1924.0051340971272,1942.6597900390625,23007,46.54636041675942
2023-01-09,1944.639060431815,1959.3846937534302,1917.4240099677568,1938.8001708984375,28664,44.91299676768896
2023-01-10,1943.5504386818845,1949.2902676214114,1927.3698786597583,1943.9957275390625,14639,60.157961826724694
2023-01-11,1953.6943175928327,1959.4836770229476,1911.981042428452,1918.8095703125,19949,54.83753126413463
2023-01-12,1928.359466773907,1974.3281105494877,1926.0832507052332,1966.806884765625,111896,71.42858420682836
2023-01-13,1976.5549955895697,1976.5549955895697,1929.250238898792,1946.66796875,15974,61.93861543568135
2023-01-16,1963.4421527752231,1967.202826188401,1949.5872182294304,1953.941650390625,9728,58.3753169810715
2023-01-17,1963.689656802408,1963.689656802408,1938.2560026275119,1947.41015625,21923,54.68183819654306
2023-01-18,1957.108567518198,1965.767902154724,1944.7876197004068,1960.2259521484375,137244,65.64699727952453
2023-01-19,1948.5977349873576,1966.8565125719908,1948.5977349873576,1960.0775146484375,13711,53.879939174533575
2023-01-20,1968.3903388261701,1968.3903388261701,1925.3906082534263,1939.344482421875,10868,49.52544207995221
2023-01-23,1949.5872734499349,1959.285776228869,1925.8359564129814,1952.2098388671875,41564,54.72117444969807
2023-01-24,1958.1970404002232,1974.0312514577652,1929.7944726379344,1937.7611083984375,11911,51.80345183111342
2023-01-25,1947.410152779678,1951.2202357952128,1921.8774381829774,1934.8416748046875,11280,51.06933022964299
2023-01-27,1944.5401179991404,2001.0484349028145,1852.6027053106177,1885.7060546875,25395,37.578201169429974
2023-01-30,1866.4575838972119,1910.0511934975812,1861.608332715394,1881.1536865234375,109007,37.46498881978081
2023-01-31,1885.0133826985252,1929.596632433261,1871.9996160607407,1905.2020263671875,119333,42.20367141187542
2023-02-01,1914.7024936213643,1944.342109175119,1911.5356997264137,1935.33642578125,29227,53.256614110422966
2023-02-02,1929.7943738119477,1963.6894801212088,1907.0326965823708,1921.1845703125,20722,39.62645719995559
2023-02-03,1931.2789863493515,1932.4665038911846,1890.20900021894,1899.759033203125,14584,39.3959513008157
2023-02-06,1917.918853162759,1950.5769141299265,1881.4507092438441,1934.9901123046875,17368,46.19663130271092
2023-02-07,1941.6702127932347,1986.1544030363234,1921.3826290204206,1978.8311767578125,35623,55.484535757372235
2023-02-08,2066.2657109618444,2136.629090771496,2013.0232428784177,2068.8388671875,559873,64.93400555831005
2023-02-09,2074.72694864911,2111.788850784408,2045.8295616346177,2096.845458984375,93757,67.46712139679227
2023-02-10,2076.2609965312095,2139.845252502196,2076.2609965312095,2107.484130859375,52233,72.04203958157571
2023-02-13,2145.288133918507,2167.4066435685463,2096.8453940246472,2120.646240234375,79699,72.06377531848483
2023-02-14,2117.825785384498,2132.6703586465387,2069.3335127284977,2117.1826171875,38488,74.1991652740848
2023-02-15,2100.0121648398217,2108.9189082345238,2069.481731114741,2090.21484375,25476,69.67911169354676
2023-02-16,2098.0329617396897,2102.981152687189,2053.548773443849,2059.5361328125,71714,73.09667080801756
2023-02-17,2044.5924676716315,2050.5302967161765,2011.53852849591,2025.4429931640625,34518,67.77616093707516
2023-02-20,2019.8515614787468,2023.909053928174,1987.1935009550828,1994.31884765625,63351,60.79088465905715
2023-02-21,2004.0172582925693,2017.8226621941872,1971.4087294983299,1979.375244140625,100398,55.53619274150235
2023-02-22,1973.8830578332502,2142.121563569823,1964.4814942773828,2105.2080078125,179060,68.06217859932809
2023-02-23,2105.2077960122533,2133.610363153963,2078.2896861247536,2107.2861328125,95909,71.17324914824371
2023-02-24,2107.9290653387015,2135.6884612114595,2058.4471623964787,2125.9404296875,89528,70.16403577453002
2023-02-27,2125.9407652054965,2145.535650185271,2080.4174073141116,2136.62890625,50065,67.91772598781958
2023-02-28,2119.9534904028283,2143.5069291839973,2108.1768918176945,2130.691162109375,42451,58.68054199294036
2023-03-01,2088.1861940506133,2191.009509430228,2088.1861940506133,2172.750732421875,58422,60.24852951065437
2023-03-02,2183.389175670294,2212.929971190003,2141.824373232605,2203.6767578125,47291,62.31312568791685
2023-03-03,2221.7375739279123,2226.7848249718286,2166.218778888306,2194.2255859375,33943,59.508852877350776
2023-03-06,2198.877149391002,2226.4882017630916,2178.540276472412,2189.4755859375,21956,59.31165126213201
2023-03-08,2177.1545477050404,2186.9025807892567,2162.3595046794126,2176.7587890625,10549,61.57207064863976
2023-03-09,2177.2041241544425,2177.2041241544425,2147.514977006882,2158.598876953125,9659,63.7048175476354
2023-03-10,2145.683712443044,2220.6487972104123,2119.8543034501104,2158.845947265625,119256,70.36252944436102
2023-03-13,2196.9968908833002,2196.9968908833002,2099.3196450026953,2135.094970703125,28452,71.98276815157926
2023-03-14,2140.587285078701,2204.666354292222,2128.3158688543604,2180.9150390625,64986,78.70340300209668
2023-03-15,2187.1004341247717,2196.9968161796346,2147.564436137771,2159.29150390625,13433,60.954117770389075
2023-03-16,2146.3769672643916,2236.5823950947624,2127.7221900237787,2230.298095703125,62522,69.47672373471667
2023-03-17,2250.93198305649,2302.6901068738753,2228.6155943439326,2286.7568359375,66341,72.74008997936937
2023-03-20,2251.426956601925,2282.155271738385,2217.8287872640444,2237.572021484375,35157,62.87234287642753
2023-03-21,2249.3485799871582,2265.133502649038,2229.7044065801892,2257.36474609375,22964,65.6021934575162
2023-03-22,2268.6961331026305,2293.9814384360443,2255.3855471077413,2283.837646484375,50228,64.22872939233983
2023-03-23,2283.8375142921077,2292.9916674747324,2233.712437022955,2267.409423828125,37622,58.478165838170824
2023-03-24,2281.017059503974,2284.530323542378,2206.942782960814,2217.333984375,33312,52.77419876736145
2023-03-27,2214.810155267071,2221.6385617823917,2133.8577071679315,2163.1015625,44936,47.169988274213644
2023-03-28,2162.3596733334934,2214.810502938379,2162.3596733334934,2190.416015625,22075,51.420946694939964
2023-03-29,2190.41582307429,2269.4878192041233,2190.41582307429,2237.91845703125,29334,57.77779586544626
2023-03-31,2249.15035417923,2302.8382185413107,2230.8915804280296,2268.943115234375,30898,60.18121082352219
2023-04-03,2268.943330498978,2317.138659918588,2256.3749743587164,2307.390869140625,28487,65.5113994028633
2023-04-05,2318.920187936719,2360.287113126267,2287.5487052374697,2300.31494140625,46079,61.555411689097234
2023-04-06,2300.3148479121,2330.3009325533517,2276.266833855802,2285.5693359375,21812,62.38594283108907
2023-04-10,2295.4162171391313,2320.701520837598,2281.660343148242,2292.10107421875,20478,56.93966606703552
2023-04-11,2286.1136723409695,2293.387367826614,2221.7376619216866,2237.324462890625,22757,44.4283435029766
2023-04-12,2241.481031757111,2272.2093467237905,2237.621539354333,2246.87451171875,15772,51.15138109526701
2023-04-13,2251.0806615280235,2263.401851646704,2224.706897488198,2250.833251953125,15179,49.15860961914293
2023-04-17,2256.3748771039195,2273.1987248717996,2234.2070802188236,2245.63720703125,11593,44.79359588569329
2023-04-18,2253.4059802640027,2259.88815821759,2229.70419581177,2244.44970703125,11148,46.73514632701792
2023-04-19,2246.528375286333,2251.229157010559,2189.0798261028194,2195.957763671875,17479,46.94656728139622
2023-04-20,2204.46874421639,2315.753517717874,2189.921110183676,2279.037841796875,118145,65.29972479020972
2023-04-21,2279.0376627727587,2279.0376627727587,2231.6340907054528,2259.6904296875,14772,59.338276045005706
2023-04-24,2256.375223544569,2276.068928193426,2239.6009034285566,2262.01611328125,21106,53.69891248135629
2023-04-25,2262.0157052097366,2279.13649227107,2235.0975978264055,2243.509521484375,20167,45.94000106005195
2023-04-26,2236.5822094371397,2256.424502581976,2216.789446521767,2221.885986328125,15706,35.57597582954159
2023-04-27,2230.792931131434,2232.970328537494,2211.841455572565,2225.05322265625,8396,37.13425495436691
2023-04-28,2226.6861521496953,2267.261322033312,2226.6861521496953,2262.956298828125,31818,46.41797775056908
2023-05-02,2274.2875667623925,2320.7015001204495,2271.26912203281,2280.72021484375,27946,48.259160172500586
2023-05-03,2280.720336276861,2325.6498147775683,2264.2922451962027,2304.026123046875,18806,61.289762725311775
2023-05-04,2305.95632529065,2335.0020647542833,2305.0655058441293,2320.998779296875,16644,62.23858083687992
2023-05-05,2320.701699488547,2333.467936287002,2300.9584646956755,2317.9306640625,15879,61.11106169824823
2023-05-08,2350.390747627601,2350.390747627601,2288.7857690845194,2295.070068359375,21274,57.73344873076826
2023-05-09,2306.846804302328,2337.5255906315315,2291.0125920033847,2332.181640625,22996,62.33824826059369
2023-05-10,2342.473340974616,2355.2891058191617,2301.8981795973623,2343.611328125,20516,73.18199345771394
2023-05-11,2355.3389883576465,2363.2560942008654,2305.857076837528,2315.01123046875,14222,56.813500948406855
2023-05-12,2310.8050804119557,2345.442415664383,2302.442686366045,2341.03857421875,17470,65.02740274640824
2023-05-15,2354.4977104355926,2447.375355445735,2354.4977104355926,2390.817626953125,70240,70.24421016763404
2023-05-16,2394.874772476395,2440.9920065199526,2383.9392226893865,2406.651611328125,27869,75.85889309402742
2023-05-17,2444.4062897429876,2464.1990532226882,2429.5617171332124,2435.153076171875,59961,83.08264696926776
2023-05-18,2474.144991449545,2533.4737522873793,2231.634106018766,2256.47412109375,528668,53.15574522175547
2023-05-19,2289.9732483339653,2310.953529703056,2189.57450197788,2203.8251953125,110165,44.23203782548247
2023-05-22,2211.791719383271,2236.582203187681,2173.294892264789,2220.253173828125,59462,44.086310596853494
2023-05-23,2231.3867927516794,2300.8098177445454,2231.337262518141,2253.802001953125,59307,45.18454883381242
2023-05-24,2281.1161484036074,2281.1161484036074,2197.04642804601,2206.84375,31479,39.65002406101182
2023-05-25,2206.84350780644,2261.817954452767,2202.8849552718475,2245.340576171875,26156,43.815841963895366
2023-05-26,2244.4993632498818,2281.561264290011,2223.865310819039,2237.769775390625,24413,44.98784878680067
2023-05-29,2246.1818700002673,2259.2945767094234,2221.5399744138344,2232.37646484375,22065,40.75699146065952
2023-05-30,2232.3761323065446,2323.175427502876,2232.3761323065446,2305.1640625,93549,46.80274036903701
2023-05-31,2305.1641310804284,2325.55053147295,2299.770651625574,2310.953369140625,41709,49.64924254031041
2023-06-01,2315.8029248844086,2354.3492845629567,2310.9535527239454,2342.869384765625,34955,50.15665860707331
2023-06-02,2350.093741179124,2380.0798263993893,2326.491015517952,2352.914306640625,38810,46.52005899572774
2023-06-05,2365.2353249300545,2372.8059606018965,2337.772864567373,2354.250244140625,16572,45.057399163445076
2023-06-06,2354.2010150315873,2354.250303654683,2271.2692825087015,2284.2333984375,114554,36.798823576142304
2023-06-07,2284.2333479121494,2330.597994900926,2266.2715109652318,2304.81787109375,38858,55.84539414256178
2023-06-08,2316.7432036749847,2325.649948157289,2290.418728894033,2303.4326171875,19605,63.748195513956716
2023-06-09,2315.5554773128847,2325.649738493958,2296.208002442811,2322.136474609375,10892,63.97452589336183
2023-06-12,2337.525557676356,2337.525557676356,2289.6764514157157,2300.51318359375,11348,56.62369476215435
2023-06-13,2301.89854739612,2324.0170587155885,2297.09870528535,2315.45654296875,17612,66.93942172374088
2023-06-14,2320.40464920654,2353.3596497305803,2302.7397522270307,2336.387451171875,31959,65.02295370425574
2023-06-15,2355.339001548237,2355.339001548237,2317.0895803733356,2326.787841796875,62084,64.59050951417524
2023-06-16,2338.4657018583744,2399.377985701245,2328.569319158019,2367.85791015625,107151,69.88097182933086
2023-06-19,2380.079734396678,2380.079734396678,2332.131814680799,2352.765625,27896,58.409096398221024
2023-06-20,2338.6633941649784,2364.3939871282023,2317.7326430719413,2327.826904296875,13546,52.79191631279933
2023-06-21,2330.004120087086,2339.2078038219397,2245.043824174249,2259.8388671875,75186,37.72673173569455
2023-06-22,2286.0641005167126,2286.0641005167126,2226.784872649828,2231.58447265625,28494,32.981619613598895
2023-06-23,2254.3463076029134,2254.3463076029134,2176.2144194030934,2182.399658203125,53179,28.747981677191532
2023-06-26,2200.9553994350244,2231.6341842293077,2169.1386273330527,2191.35595703125,56393,36.47108694755379
2023-06-27,2211.791918430584,2226.686022145335,2195.017598719268,2214.909423828125,15104,37.01586943415119
2023-06-28,2225.94355714443,2225.94355714443,2195.1657147505243,2205.6064453125,108156,36.18828788210947
2023-06-30,2217.1852979095793,2267.310617056684,2212.8805167618857,2258.10693359375,97092,41.747467112902044
2023-07-03,2274.1885144350217,2282.006559332896,2228.5168095383924,2243.856201171875,28846,42.556224375304325
2023-07-04,2255.1875240758895,2262.8572199408586,2219.758429048437,2232.12890625,28731,38.95884256605414
2023-07-05,2241.530699529789,2270.0818604926662,2226.6861253607176,2228.86328125,21832,35.05300118308334
2023-07-06,2239.6501042734003,2246.577571046147,2208.7239133236376,2216.888427734375,26030,34.823040894188665
2023-07-07,2216.88855795817,2260.3335769120845,2216.88855795817,2250.338134765625,34875,33.42175322103479
2023-07-10,2266.2714999624195,2266.2714999624195,2236.582353674702,2263.05517578125,14509,37.25937134202833
2023-07-11,2275.178270093314,2276.0688478478623,2227.6756354850154,2248.507568359375,45290,38.39251901044234
2023-07-12,2259.739689849177,2294.6739654040857,2245.8354669163546,2285.173583984375,34871,54.081619006937544
2023-07-13,2292.298835465498,2315.258391625354,2285.173489293249,2310.953369140625,31298,62.8897208148998
2023-07-14,2312.7844766223993,2323.6704968375666,2284.8271974334466,2304.768310546875,21510,73.09915054897247
2023-07-17,2316.4954318039922,2422.634120284598,2307.1929301106456,2373.74609375,135028,78.06879253131989
2023-07-18,2384.978530200788,2384.978530200788,2320.751107707344,2356.2294921875,22824,72.16009714736799
2023-07-19,2359.297497379077,2398.0912669668232,2345.5416228768026,2388.2939453125,24319,76.73816969773199
2023-07-20,2400.713758446797,2421.64450828806,2350.6379723380524,2408.23486328125,32478,74.28755596702487
2023-07-21,2403.664042823215,2484.2547342276234,2373.057363245552,2454.244384765625,67940,80.86479447109186
2023-07-24,2454.2442369195096,2483.3105974539344,2419.7124068828853,2431.885498046875,20428,78.41860852832994
2023-07-25,2431.8857214693116,2711.369983054047,2431.6372910145697,2607.476318359375,685932,86.14243784023391
2023-07-26,2625.3135824068777,2642.7037142780214,2484.404022245844,2501.24755859375,66479,73.00517526821446
2023-07-27,2521.3704433506546,2551.877654956481,2425.674982768213,2438.146240234375,50002,64.49842362140376
2023-07-28,2450.319110748528,2514.066263215431,2445.052337014126,2501.7939453125,37894,67.08657053154818
2023-07-31,2502.191398477758,2605.389500577259,2502.191398477758,2583.37841796875,82116,71.868342670269
2023-08-01,2601.5637280403457,2604.5448935041045,2489.273162238757,2500.552001953125,45045,63.26528095888829
2023-08-02,2572.5468801166166,2622.332193553343,2536.7231629922194,2585.763427734375,401527,65.7711280787846
2023-08-03,2591.626440856246,2591.626440856246,2500.8995924688093,2514.06640625,88303,61.171429517119435
2023-08-04,2525.047041729643,2554.1134037802494,2484.3044487698176,2503.085693359375,35812,57.3592187802568
2023-08-07,2434.668093016978,2503.9304524876234,2434.668093016978,2495.781982421875,29172,58.033683151256554
2023-08-08,2496.2291533644398,2535.9780252333003,2496.2291533644398,2529.02197265625,32212,58.0904058522673
2023-08-09,2506.166477980593,2545.915351540951,2506.166477980593,2542.834716796875,16614,57.7930098247834
2023-08-10,2542.934113535067,2570.5098937814905,2499.210353865062,2533.394287109375,24382,54.785221632995736
2023-08-11,2516.1033809134897,2550.038880417824,2516.1033809134897,2528.52490234375,14752,55.968822520888274
2023-08-14,2530.0154578425895,2550.337018163473,2514.414075614696,2547.455322265625,24155,45.40332828005956
2023-08-16,2572.745500120956,2580.6952737791125,2522.0656930502073,2569.366943359375,30005,55.99054624870803
2023-08-17,2568.7210858760814,2588.645256235473,2533.891088705353,2562.907958984375,28133,62.18578369747482
2023-08-18,2574.5343568020085,2598.5823746153105,2543.2321216967,2583.1796875,107868,58.68505410768179
2023-08-21,2596.0484565153233,2830.2686352276487,2579.900477336066,2749.13134765625,354460,64.98924362742328
2023-08-22,2771.4402327555877,2777.402563269818,2688.5639356509246,2704.016357421875,53068,69.74635088553993
2023-08-23,2730.747591117046,2747.144001325718,2688.564147919945,2720.860107421875,60501,65.11733118275339
2023-08-24,2742.6720865669836,2774.5209178329283,2720.810207616087,2751.51611328125,28459,79.25798688406233
2023-08-25,2732.734736813283,2752.807867085761,2668.6894203211723,2675.79443359375,50874,68.35268790870445
2023-08-28,2691.5452045979496,2740.6846986242267,2682.0053783645258,2702.52587890625,21037,71.09826071141164
2023-08-29,2707.8916680025277,2820.182221574743,2707.8419333953084,2787.7373046875,76356,73.8699751771612
2023-08-30,2802.3450898347837,2826.1446773974853,2722.7976146515857,2742.97021484375,39282,67.46746989902917
2023-08-31,2756.5841009681317,2804.282744387912,2730.598374564869,2791.264892578125,35982,71.07699110735429
2023-09-01,2784.458285389647,2796.184251434121,2743.6659559939158,2782.570068359375,24474,70.6352785329994
2023-09-04,2796.3330736852113,2851.9814930620314,2759.7640638588728,2786.29638671875,35638,69.89161301131855
2023-09-05,2801.003526769341,2849.9443243295914,2793.4016522117545,2812.033935546875,31151,70.0822716013464
2023-09-06,2812.033832131794,2822.1200107631353,2774.0239755259945,2814.56787109375,12421,70.96267753115222
2023-09-07,2812.23277496102,2837.075820676223,2797.7243392201935,2828.13232421875,10253,70.63454783273966
2023-09-08,2837.075808649334,2923.6290765973345,2834.3928082450393,2908.9716796875,87004,65.71877881069453
2023-09-11,2906.6859645569803,3030.851453447974,2906.636229946008,3016.69091796875,63909,77.37755703644356
2023-09-12,3016.6907361237745,3028.963296509127,2787.3894473613395,2810.1953125,66210,55.87195716286117
2023-09-13,2782.4209936978204,2886.6623117399995,2742.9205528051457,2753.8017578125,53821,50.14531752235642
2023-09-14,2759.5156531570633,2787.3398630445304,2722.7976818449947,2737.455078125,146716,54.24043207202633
2023-09-15,2765.378748759652,2846.019174053967,2685.1852071363014,2711.369873046875,80774,50.60874679662227
2023-09-18,2711.320191732551,2777.5518951462063,2698.054151291516,2770.347412109375,24001,48.758177090652076
2023-09-20,2762.546500316837,2917.5173606889393,2762.546500316837,2890.587646484375,125743,59.51573452051095
2023-09-21,2889.941601525665,2896.6989580798063,2822.1698253676327,2844.87646484375,24338,53.46746557767513
2023-09-22,2859.1362278531064,2979.6747270643227,2810.2948999053488,2957.71337890625,92506,59.98300048176435
2023-09-25,2952.7449397994656,2963.6263878917594,2903.804139818144,2940.62158203125,37549,58.664374135777635
2023-09-26,2922.982848301447,2955.278805787295,2896.3510563761615,2945.88818359375,55845,57.69186846351747
2023-09-27,2941.416495077943,3104.3868684538834,2940.3233040670343,3026.08154296875,150090,61.15858911003309
2023-09-28,3020.914214143588,3157.0043635256234,2981.1653429048565,3058.924072265625,128049,61.932898173312516
2023-09-29,3073.581305303483,3112.336452703042,3050.0301488668583,3090.971435546875,30355,59.91016560657226
2023-10-03,3090.872155982883,3209.721379010438,3081.0841419243,3142.048828125,126586,57.27466593825461
2023-10-04,3141.154606708674,3204.7528018460844,3070.6998282011555,3128.683349609375,120685,73.8219560662465
2023-10-05,3133.850640893986,3199.784179017189,3070.600345702831,3081.38232421875,44642,74.83991981736011
2023-10-06,3105.281295679708,3105.281295679708,2992.1462092173274,3009.685302734375,29051,69.04417312912611
2023-10-09,3007.9958899840126,3007.9958899840126,2902.8600749740663,2908.921875,71590,62.51260657796625
2023-10-10,2920.548227781379,2956.0240457898517,2887.8051445896463,2900.127197265625,21617,58.77805013537515
2023-10-11,2902.7110531911726,2966.458208317474,2902.7110531911726,2939.130859375,37945,53.68873641673874
2023-10-12,2971.1783518330476,3027.621796779355,2912.598502128593,2938.236572265625,39371,57.61283692611027
2023-10-13,2930.48545694629,3020.864402086729,2913.592187102924,2931.77734375,16523,47.44118536845736
2023-10-16,2946.3852051995777,2946.3852051995777,2862.7636108371444,2896.45068359375,25703,45.79350989103172
2023-10-17,2910.610914763884,3196.3059089580174,2890.587519170458,3108.510498046875,341746,61.11072375889849
2023-10-18,3090.5245214105394,3164.606529853615,3052.912054373714,3099.468017578125,94625,55.55390087301954
2023-10-19,3065.631713915763,3178.36940216688,3032.8886295447824,3121.528564453125,84500,54.816522549908676
2023-10-20,3103.492607255072,3137.1299441503083,3084.61189331891,3109.35546875,29504,51.45900671831701
2023-10-23,3091.4186009043297,3096.1885137815602,2865.2971702721948,2907.927978515625,87249,34.999347701829976
2023-10-25,2911.5549563464265,2981.0162513642895,2862.415464947273,2881.8427734375,27308,34.438020607106495
2023-10-26,2874.8371134180634,2880.7994441061064,2806.270310505569,2844.727294921875,66885,34.886058281055924
2023-10-27,2858.8878017242378,2887.5070372622945,2738.0016452758687,2756.385498046875,55789,34.159809560335006
2023-10-30,2769.5026646712595,2842.04435628267,2748.1376459089943,2817.6484375,36553,43.99554278394194
2023-10-31,2817.5985970109823,2861.918684797868,2800.7550616063986,2813.921875,21046,44.29088133954428
2023-11-01,2813.9218594380686,2917.0702266537837,2783.5636111466897,2867.98046875,43769,45.380049840523014
2023-11-02,2867.9803399771877,2977.7368549260696,2859.93109703898,2897.444091796875,85417,47.44601171478533
2023-11-03,2897.6926017013934,2958.5580584415206,2857.098971469125,2922.883544921875,39694,49.456092483836855
2023-11-06,2971.2280297898183,3006.0082910080937,2863.906080887711,2877.17236328125,101956,48.83580559763965
2023-11-07,2881.7434013319294,2919.5048286304805,2828.8277170254073,2860.875244140625,44778,30.414973620532663
2023-11-08,2880.7992965162325,2925.5167743855773,2853.8198485781986,2921.29345703125,35458,36.967566194955694
2023-11-09,2921.2936230116716,2959.7008730318503,2881.79318198277,2894.463134765625,14991,33.50656821846252
2023-11-10,2902.5121614780437,2923.6287478721556,2861.9185324725795,2876.575927734375,20708,33.23071478997963
2023-11-13,2899.083910574126,2907.331850116205,2869.7691171879915,2883.035400390625,13288,47.50623929341164
2023-11-15,2898.189690243302,2903.9035907126654,2854.7640951977114,2875.234619140625,15126,49.312814148813175
2023-11-16,2871.856019231315,2889.4448466752765,2834.094590604744,2847.211669921875,23228,50.263331411483286
2023-11-17,2850.987816560762,2909.3192371336886,2794.4451437320663,2812.58056640625,52541,56.721745016695216
2023-11-20,2817.1018286276258,2891.9291285524255,2757.577989959571,2770.347412109375,51630,44.07225216173333
2023-11-21,2802.2954387237232,2814.220100165101,2664.1681103611,2670.875732421875,153499,35.542858665619164
2023-11-22,2692.9858732492703,2693.880125758135,2588.6450921824166,2596.346435546875,111305,23.637774074146037
2023-11-23,2594.6075295018786,2649.2622265997734,2594.6075295018786,2603.551025390625,78021,20.18956270913114
2023-11-24,2612.246022359708,2652.988613673735,2599.6755393998606,2609.413818359375,63395,16.88885656785716
2023-11-28,2636.4433694804825,2636.4928614835335,2525.047060142203,2558.386474609375,277152,16.7012894147217
2023-11-29,2573.7395165818702,2607.6750197284036,2485.298274506277,2503.334228515625,255026,15.45037789032547
2023-11-30,2511.134942542684,2628.3443781813457,2484.5528848802314,2519.084716796875,1239793,7.461944321509748
2023-12-01,2542.933959521106,2617.46309080836,2542.933959521106,2593.265869140625,246563,21.0450866227185
2023-12-04,2643.2999228725344,2741.678378648617,2642.9520232079612,2685.980224609375,387412,33.98197695413808
2023-12-05,2688.017429475279,2712.8107394991453,2640.815644669336,2658.007080078125,153365,31.74819801980199
2023-12-06,2672.0183107307603,2692.9362020444164,2614.4819185738147,2669.931640625,106966,33.458751771810824
2023-12-07,2695.0231880259034,2702.9232276144553,2663.224091230439,2681.458740234375,58324,36.280616443117395
2023-12-08,2697.8553293616865,2710.873182523257,2656.8643034162747,2693.58251953125,97333,39.76934127131387
2023-12-11,2697.954719259463,2706.2026588196563,2658.2058467841857,2662.926025390625,36106,40.57705519643503
2023-12-12,2676.1922871764514,2724.338060054737,2630.133184521677,2708.63720703125,379938,53.657366968186054
2023-12-13,2737.7037075785474,2742.6723168482,2673.956547692055,2696.911376953125,130350,61.089233121732434
2023-12-14,2720.76041712816,2720.76041712816,2684.042446984028,2688.017333984375,54656,59.27947258594885
2023-12-15,2697.954556722139,2816.9030019168267,2691.1972002868633,2803.984619140625,171270,67.21167875644983
2023-12-18,2805.2765308723374,3005.0146048026736,2805.2765308723374,2980.121826171875,473743,80.54553144897419
2023-12-19,2980.121691402823,3018.8768383232623,2963.72528309033,2993.23876953125,134266,87.7777489108052
2023-12-20,2964.27197265625,3138.1235438518142,2947.9750330411384,2964.27197265625,268053,83.6437336600252
2023-12-21,2964.2722890113137,3043.273176365118,2891.7803283195544,2973.01708984375,144874,81.84850012428495
2023-12-22,3010.9770160512153,3147.9119268869313,2999.102089212453,3123.963134765625,152793,83.46367039410018
2023-12-26,3125.2054406269476,3125.2054406269476,3030.851600789517,3044.96240234375,140991,77.42640149922391
2023-12-27,3080.5376425414875,3080.5376425414875,2968.594976541957,2989.463134765625,64870,71.33003278707761
2023-12-28,3011.0269061068175,3118.944952233241,3001.4373447979,3071.3955078125,223158,73.79337180162898
2023-12-29,3061.458007751551,3124.161704444506,3051.421321060196,3062.153564453125,77975,72.56903986870593
2024-01-01,3080.239394484929,3095.443386445543,3050.378006071643,3071.991455078125,18894,75.70402051986942
2024-01-02,3071.5941004843935,3100.4120328409276,3036.3667110046163,3076.364013671875,36530,74.37265308222736
2024-01-03,3075.5689764252616,3225.720437713271,3062.700327614134,3154.4208984375,210564,77.87261549317017
2024-01-04,3169.972690561034,3201.7220550373986,3134.4968691600293,3167.73681640625,95719,79.06908210373456
2024-01-05,3182.8909067136938,3247.482823334484,3154.371139742702,3189.697998046875,86405,76.37786204483102
2024-01-08,3204.752642427696,3233.5705731658054,3160.035163696147,3179.51220703125,54683,67.63956414216136
2024-01-09,3186.4682896209715,3231.533425829293,3160.0351937870337,3169.62451171875,44919,65.69407250489627
2024-01-10,3160.0353685321033,3198.1941891467036,3152.234555249028,3171.661865234375,33644,69.38148116881784
2024-01-11,3170.022290683156,3226.714168146381,3170.022290683156,3186.07080078125,27401,69.70221850554762
2024-01-12,3201.771481272246,3240.2284645089744,3175.785754530386,3193.77197265625,58847,58.7823182197083
2024-01-15,3179.959464581791,3199.784165783005,3112.3863828199137,3153.874267578125,43380,65.19686294708828
2024-01-16,3161.724565890379,3178.9657359636785,3054.8994736286054,3135.0927734375,68069,72.64009364246886
2024-01-17,3135.0927893398552,3135.0927893398552,3046.403119268004,3069.209228515625,27505,49.642262197241166
2024-01-18,3055.644774762196,3085.506163123335,2982.655957685891,3054.601318359375,28876,48.785562746055646
2024-01-19,3069.606614995465,3105.380599501725,3040.788683032089,3056.34033203125,26267,47.41591766021374
2024-01-23,3053.7070404566816,3075.072058800261,2968.2469670823652,2974.606689453125,22828,36.617859720591895
2024-01-24,2975.2030311726166,3039.794947347039,2958.309760788537,3009.73486328125,26051,28.550384521837827
2024-01-25,3020.9143622961806,3125.2551544149633,3012.964587658559,3095.54296875,78716,41.19075253338926
2024-01-29,3111.0448805289607,3131.2174821727517,3070.948350306417,3087.195556640625,27412,37.06260607831029
2024-01-30,3092.462042600537,3145.129294611407,3027.4727381057332,3064.04150390625,45842,35.88778688818074
2024-01-31,3075.568842092338,3207.733835952849,3066.1782199975037,3161.27734375,87781,49.15933864367072
2024-02-01,3177.624144474234,3189.7972364979382,3083.717434577088,3116.51025390625,29107,44.885736679316054
2024-02-02,3118.2989192763366,3141.1047854129533,3030.4042771000136,3075.419921875,38412,40.22303658687063
2024-02-05,3085.009353612744,3143.042610169529,3039.2484158227326,3105.231689453125,33131,42.47088616424825
2024-02-06,3110.2497879222105,3267.357302714492,3065.8802062651725,3219.8076171875,116089,54.97486804017134
2024-02-07,3309.093419770282,3309.093419770282,3188.8530883011513,3264.52490234375,85681,59.39820727202849
2024-02-08,3318.484123424189,3486.5225721348293,3131.267038597687,3188.604736328125,304099,58.54489211690178
2024-02-09,3269.344743809382,3343.078853339681,3185.872112052547,3329.166748046875,156658,66.64858636089633
2024-02-12,3368.9153951688345,3384.1193863157546,3255.482155565976,3290.75927734375,72598,63.60908099797093
2024-02-13,3291.206545554276,3336.868012965138,3269.4936275508794,3301.292724609375,78917,70.67478512596405
2024-02-14,3294.187723408936,3428.3401646337347,3272.2263748764,3341.2900390625,106499,70.85440963923507
2024-02-15,3357.9845412868863,3455.170578469462,3357.736110845524,3437.03515625,114825,71.21424636791389
2024-02-16,3437.0351487020566,3476.0387279103124,3380.9893382969008,3413.732421875,64984,69.91514256317404
2024-02-19,3452.6862142412106,3536.6557019670367,3439.2709706400433,3465.157470703125,86795,73.64815246087623
2024-02-20,3495.4161523119406,3541.5744777135815,3464.163652719732,3489.602783203125,84391,71.17406199016071
2024-02-21,3527.6128961676636,3559.4617281570536,3464.163905245011,3521.94873046875,248882,76.57289081131455
2024-02-22,3525.4763767522127,3735.251137492737,3473.0575538718863,3698.334228515625,212820,84.67666505840701
2024-02-23,3706.5326139921867,3749.212917179073,3671.5536548272,3716.37060546875,181934,84.47310196703495
2024-02-26,3731.2764630951597,3870.4967441477183,3677.863915410087,3704.743896484375,144804,80.9487527785023
2024-02-27,3705.4890745791677,3715.873661339823,3635.978284098626,3675.280029296875,55483,76.73501168745938
2024-02-28,3675.776853168257,3675.776853168257,3517.7750906233114,3559.8095703125,309787,72.97778199582714
2024-02-29,3556.2320919364283,3622.463794256815,3497.0064193070225,3614.41455078125,92159,69.75974250224847
2024-03-01,3614.41440813408,3627.0843603517474,3569.4982338918417,3607.35888671875,220727,72.92743090964896
2024-03-04,3643.3320054062533,3716.4200494478323,3568.703401450766,3674.087646484375,48100,74.96504493475273
2024-03-05,3656.9456593337486,3675.7766373810828,3613.1224344970174,3652.672607421875,62762,71.38465221979553
2024-03-06,3654.8589232961713,3660.8212538963444,3528.705993535747,3552.65478515625,84684,57.894019202560344
2024-03-07,3552.5554736621157,3654.8590855639036,3552.5554736621157,3618.836669921875,36604,63.229060670508275
2024-03-11,3646.8593582589715,3702.6072455531944,3410.0556589970693,3595.384765625,141494,58.71400076127495
2024-03-12,3577.4977741005887,3646.6606624302703,3512.458491388046,3595.384765625,51422,57.31766675325035
2024-03-13,3587.086991355765,3738.3811237566,3520.6071050976484,3606.265869140625,204544,56.01131654974036
2024-03-14,3584.4041579464847,3617.1472417367895,3549.474692176539,3587.087158203125,96849,39.77721421751272
2024-03-15,3587.335726867465,3592.3043359074472,3428.3402375880205,3462.176513671875,481655,30.47627084001357
2024-03-18,3463.020791524213,3701.6134781237297,3387.5476739616224,3667.330078125,133565,47.78489163896944
2024-03-19,3691.5767191671384,3691.5767191671384,3548.729221971998,3571.833251953125,71728,44.319527928181074
2024-03-20,3572.3801883314636,3708.5200769109615,3561.1015913021874,3661.96435546875,90209,55.77010060091368
2024-03-21,3677.6649132737784,3959.9813737504223,3643.4312457788637,3835.6171875,260347,61.01326094609076
2024-03-22,3835.716391093098,3927.238265384266,3817.5809683485113,3874.372314453125,104721,62.88730421068831
2024-03-26,3895.3895917139025,4120.964448172846,3874.5214331868638,4075.99853515625,292030,67.16316920613878
2024-03-27,4071.2777629544594,4181.580870518029,4010.163879034103,4160.76220703125,91835,70.58373912945433
2024-03-28,4163.694441827114,4261.725002704312,4125.1382291489945,4166.02978515625,86288,76.9153700983375
2024-04-01,4183.668235163607,4367.40729841083,4183.668235163607,4261.22802734375,106194,77.48862682596041
2024-04-02,4275.239988490788,4357.470474642828,4227.243415433366,4272.80517578125,70568,79.28517390537095
2024-04-03,4342.564192662695,4470.754302697818,4254.321892399222,4404.9697265625,282251,81.40951929907648
2024-04-04,4471.747736757131,4552.885018093154,4391.305769495193,4480.04541015625,205605,82.29159655419258
2024-04-05,4509.658548115712,4610.769742577092,4461.264586957491,4490.08251953125,188235,83.59831962482788
2024-04-08,4525.955424740405,4656.08348838249,4471.74809470093,4514.7265625,155833,92.32058945078633
2024-04-09,4562.127152201146,4650.866312139554,4506.577717108307,4531.32177734375,108180,90.9480424509745
2024-04-10,4573.60436678168,4580.65988826896,4493.112904813333,4515.62060546875,64756,98.38993665345059
2024-04-12,4474.728950083596,4545.134231695559,4474.728950083596,4516.06787109375,76568,98.22686979326348
2024-04-15,4516.068096056843,4844.393674953086,4422.061918675125,4679.4853515625,466947,98.20613493373142
2024-04-16,4700.304146228643,4779.70242154991,4613.303996128397,4642.7177734375,135718,93.99178130522311
2024-04-18,4663.536634733683,4749.990435548051,4611.912590620874,4712.9248046875,199247,92.92744137739027
2024-04-19,4712.924682407737,4846.381329104451,4687.932190395294,4781.68994140625,332744,92.77155765075624
2024-04-22,4818.5568736038285,4947.6412347749865,4545.183917016779,4573.75341796875,226096,71.95523017524891
2024-04-23,4573.753471424093,4720.178473318495,4481.9831676418,4516.416015625,288963,64.32556566282861
2024-04-24,4566.052270967982,4607.639625971316,4364.525680960462,4408.54736328125,194342,56.87674887102583
2024-04-25,4456.841863201307,4456.841863201307,4233.25447875977,4273.30126953125,148427,43.350389497019904
2024-04-26,4315.4853924215,4387.232301223774,4280.904067503412,4340.3779296875,117241,42.8889641329473
2024-04-29,4386.188489890978,4523.421565446459,4367.755144864999,4426.53369140625,169747,46.99721843327839
2024-04-30,4463.7981224344085,4688.7271386701195,4451.8734613771485,4640.283203125,288560,55.03325227097274
2024-05-02,4670.4923943821295,4695.534377476592,4572.213406786041,4666.8154296875,300855,55.388670724256954
2024-05-03,4646.6429568893,4768.870733556832,4616.086012722416,4736.97216796875,178717,58.437814560464105
2024-05-06,4736.972593621901,4736.972593621901,4488.641600145595,4623.04248046875,148354,53.753109260972344
2024-05-07,4625.775300019773,4644.656015530058,4456.09729089445,4530.080078125,107952,44.48563441281888
2024-05-08,4533.955017990463,4743.282410557971,4533.408179890776,4664.48046875,161786,50.749236810608004
2024-05-09,4710.241087603229,4731.0597523193155,4406.162232580742,4457.18994140625,125421,41.95502636318867
2024-05-10,4511.794865405507,4600.484535484498,4384.400022595145,4553.1337890625,72384,42.930902155964375
2024-05-13,4620.8066659434835,4650.618321852796,4513.484704669957,4580.3125,159155,50.22840755402766
2024-05-14,4620.508555082191,4809.315701476415,4609.726576258112,4666.0703125,303839,55.11027477155726
2024-05-15,4694.341636424604,5348.607952044875,4694.29214442244,5055.857421875,1078129,68.53516532159856
2024-05-16,5097.74284429191,5209.039675025743,4889.11077866485,4913.7548828125,480662,68.2671098740374
2024-05-17,4999.4635570698865,5017.69844800967,4874.701986920535,4910.2275390625,295652,66.8646988304195
2024-05-21,4948.7344863003,5089.842979684766,4856.318360351318,4969.85107421875,247383,66.33602548194119
2024-05-22,5031.909237900601,5137.541670422813,4889.1112221431795,5000.30859375,382764,62.16589381201482
2024-05-23,5062.018715935981,5314.424046491093,4896.067179704864,5132.3740234375,524907,64.68469001274005
2024-05-24,5151.553350636028,5223.647674122345,5033.200985599805,5111.3076171875,322119,62.18465891842734
2024-05-27,5174.209851319298,5385.92256817202,5121.592574074878,5262.45263671875,485754,70.32055754319495
2024-05-28,5272.836580325953,5515.1557267318985,5197.214257912669,5316.0634765625,482461,75.6194724632219
2024-05-29,5337.328860678853,5534.036269628283,5214.057875155252,5250.5771484375,446572,70.00271296437018
2024-05-30,5302.300668691521,5519.528354587928,5182.259267473724,5390.54345703125,614851,83.3884594316632
2024-05-31,5460.501120589972,5529.067922650155,5089.942369977427,5370.71826171875,5477923,80.93161365931228
2024-06-03,5604.5908964101845,5664.114734596646,5519.18031446105,5623.07421875,274033,83.70755729528379
2024-06-04,5664.164356930895,5664.164356930895,4899.842901757417,5244.16748046875,777579,65.70979167866409
2024-06-05,5428.801807631047,5428.801807631047,4936.909503492186,5098.48876953125,582073,51.335720962537884
2024-06-06,5116.6735833191215,5248.838583626257,5070.117619626432,5229.1630859375,212935,59.95361852546975
2024-06-07,5286.500460722945,5395.909326992962,5048.106700022881,5193.28955078125,273990,58.75412064057746
2024-06-10,5187.227553866785,5224.144219970417,5112.747914347111,5129.34326171875,114241,54.919383793865414
2024-06-11,5193.538181465385,5274.029649667515,5098.836199969733,5166.65771484375,229218,55.10926759710867
2024-06-12,5166.359442159196,5415.684135275267,5119.753988550814,5363.2158203125,130713,56.81992076287373
2024-06-13,5371.016966214851,5496.275408032091,5271.694275829008,5308.859375,74113,55.723821030323435
2024-06-14,5355.961613143589,5370.718479053364,5223.796612519896,5278.55078125,123318,50.50154301032902
2024-06-18,5383.388127891281,5384.97817973929,5199.152211920274,5224.7900390625,64774,47.15661149280939
2024-06-19,5250.925450332147,5276.662747859542,5026.294346744399,5085.17236328125,114279,45.074726255748594
2024-06-20,5102.71184412765,5142.410738076783,5048.15613027766,5107.87890625,81766,40.951162912111876
2024-06-21,5097.793048711352,5146.485418962201,4979.639618758052,5006.9169921875,279015,38.928885065105845
2024-06-24,5016.357051938894,5192.146823501458,4986.943275338464,5165.6142578125,107502,35.2371440853275
2024-06-25,5207.052622936328,5232.34255104835,5059.037570067571,5083.53271484375,84493,43.58761949388623
2024-06-26,5117.667165052565,5157.316567016334,5018.294987090379,5114.8349609375,120439,50.71809746322424
2024-06-27,5050.094243771613,5440.626915515463,5045.076142712086,5314.72216796875,163700,53.543193085773886
2024-06-28,5271.942501757484,5376.034858773477,5208.09587704839,5317.4052734375,95492,55.28519893127073
2024-07-01,5334.398243000089,5334.447735005205,5208.195570818772,5264.88720703125,44175,55.82857406816387
2024-07-02,5276.612878180727,5287.543817177336,5111.655071504642,5136.19970703125,190471,48.78568881178235
2024-07-03,5187.227322687189,5315.417423190379,5119.157385598287,5261.30908203125,50086,45.69169634102286
2024-07-04,5286.599808417233,5321.380070314715,5225.535411656658,5255.79443359375,47737,47.659938409119
2024-07-05,5268.692488809219,5765.736857927975,5268.692488809219,5608.42138671875,521073,61.32676995712904
2024-07-08,5633.0224906914245,5816.4824814946005,5597.914142055633,5643.6796875,211014,64.5685307807053
2024-07-09,5671.118893290627,5791.632659726905,5509.371588329231,5538.90234375,78578,66.17215908754702
2024-07-10,5527.697428520254,5527.697428520254,5285.673919487746,5305.5439453125,99766,56.12548700601082
2024-07-11,5228.902767957217,5308.581286326089,5138.318057858974,5209.28173828125,172469,56.289447238621214
2024-07-12,5253.8026230016,5308.581607696404,5182.291342964028,5231.14404296875,55466,52.225982920612985
2024-07-15,5231.143742045848,5278.701857840543,5075.57123993431,5148.77587890625,157848,52.21581520733323
2024-07-16,5149.224309330466,5213.963106256284,5030.254125683,5078.111328125,126521,48.78525521753962
2024-07-18,5069.0977420244735,5114.365298345658,4885.438840064356,4942.4091796875,174482,37.138497588437716
2024-07-19,4960.535408759213,4999.82707301402,4820.550405057342,4952.36865234375,138486,37.452935606410264
2024-07-22,4935.337513771532,4994.847410638057,4920.198399873659,4957.99609375,291054,39.100165757296494
2024-07-23,4959.788677381912,5028.013412858398,4782.2549679120775,4953.76318359375,74156,42.892033019715036
2024-07-24,5005.85265166868,5047.634270356033,4883.346926480481,4920.1982421875,58922,35.68901553406411
2024-07-25,4914.222347595338,5004.807059954389,4879.362994938939,4922.73828125,35601,35.99197921034981
2024-07-26,4930.157978233537,5065.56185627687,4930.108373686689,5048.58056640625,59650,20.90286455610496
2024-07-29,5099.425275976437,5124.573808831594,5012.82449009213,5029.95556640625,47198,17.541124074388748
2024-07-30,5053.410741833459,5070.442122752876,5018.750780149702,5038.67041015625,35018,20.551196176649995
2024-07-31,5038.670576215798,5095.44152360546,5001.022668790297,5051.4189453125,94885,29.790122459630567
2024-08-01,5062.374797615855,5194.093356817669,5037.574954432606,5159.3837890625,88390,46.10426395745573
2024-08-02,5118.3986484114075,5175.020295226426,4930.108536120157,4964.2705078125,280016,33.6005972180632
2024-08-05,4880.3092702401955,4904.113130437346,4485.402611944229,4525.04248046875,117354,23.356757473796975
2024-08-06,4556.864593288023,4611.34497868018,4412.198272939389,4432.41650390625,200005,22.926608956854395
2024-08-07,4457.017257085825,4518.668415288735,4350.397630971891,4372.70751953125,128393,24.48708445126684
2024-08-08,4391.73089037213,4469.965043928397,4327.539687136561,4340.8857421875,67584,23.14190993321921
2024-08-09,4382.31844380355,4497.802689140049,4283.765883363565,4338.8935546875,113584,22.720117870110514
2024-08-12,4339.491212199208,4343.524742576195,4154.5873517983955,4239.89306640625,270932,20.96888083310631
2024-08-13,4238.897137227631,4377.338561587274,4235.909192816991,4296.6640625,99498,25.112335725567178
2024-08-14,4306.076691490352,4314.343143951748,4214.844682877539,4283.81640625,70174,24.706278507125475
2024-08-16,4295.419319862259,4417.1780612345065,4292.6803706698365,4359.4111328125,351782,21.58667196515559
2024-08-19,4430.972261022073,4430.972261022073,4271.565134922995,4296.6640625,61510,20.828883538991846
2024-08-20,4314.741066083683,4392.527316841131,4273.35823016752,4359.361328125,45646,24.08921850002514
2024-08-21,4339.093062930508,4531.715786113813,4339.093062930508,4479.4267578125,116618,29.833564589265364
2024-08-22,4481.9166975358185,4578.178211120187,4481.9166975358185,4550.3408203125,170727,27.95124710540736
2024-08-23,4547.651796682862,4611.394616434878,4443.422423836555,4463.04296875,96960,30.31796832817946
2024-08-26,4447.106953831205,4476.887189413596,4315.139406512016,4417.8251953125,90076,43.903274691236334
2024-08-27,4417.825301961521,4481.916809602659,4408.114482207382,4421.361328125,186854,49.30049340225106
2024-08-28,4475.940727565607,4475.940727565607,4372.358654653542,4428.3330078125,125961,53.77134688737504
2024-08-29,4447.25694418719,4451.390170293226,4319.72121685109,4342.4794921875,46737,50.10067822080856
2024-08-30,4352.438985498734,4429.32894883197,4312.599727050233,4355.2275390625,177013,51.0179947584773
2024-09-02,4375.645618817449,4386.701111462452,4335.50775624046,4367.08056640625,67305,58.89279754410211
2024-09-03,4371.362839820315,4429.976448846136,4335.507505522404,4364.83935546875,47861,55.16021758043402
2024-09-04,4341.483513688395,4354.879659869884,4272.760787731869,4309.5625,52410,51.831120717557056
2024-09-05,4328.237195335695,4328.237195335695,4247.861290113522,4262.25341796875,60163,42.80024170583531
2024-09-06,4273.358179021159,4376.143174610816,4270.021543843325,4312.998046875,63491,51.232332103408034
2024-09-09,4312.9982658677345,4386.302602815298,4262.900590068034,4306.275390625,176242,45.62540036117003
2024-09-10,4300.648101073355,4372.358768807788,4278.039126579446,4362.64794921875,53151,39.248056753148084
2024-09-11,4397.25841387879,4480.771561653083,4359.510811508181,4451.98779296875,96316,41.24170269088051
2024-09-12,4432.1675694092155,4670.506249737918,4432.1675694092155,4621.9521484375,195773,62.334770038704626
2024-09-13,4670.157202715147,4872.341445016528,4656.213461866776,4711.5400390625,301489,71.32938843706651
2024-09-16,4809.594915957641,5064.56619334119,4747.89366426628,4983.7919921875,443388,79.37780743125715
2024-09-17,5025.722741096535,5228.9029708198195,4971.192752972272,5209.33203125,376561,83.21122900272005
2024-09-18,5213.913812445344,5248.075785100685,5133.388606821623,5199.5712890625,103963,88.96888925198871
2024-09-19,5180.597727417854,5266.750126422304,5047.136207572811,5186.42431640625,105166,87.77783153257238
2024-09-20,5184.0838388130605,5552.646607696134,5006.8988227387745,5324.06884765625,174780,89.03196383406687
2024-09-23,5373.270528252399,5438.058929579925,5192.54949255768,5213.16650390625,86254,81.78292162851585
2024-09-24,5277.706251031694,5348.520636736422,5119.046584115795,5279.44921875,107945,86.03998652987522
2024-09-25,5279.449058180905,5292.645813361001,5169.144104505758,5178.35693359375,75186,82.73309801261465
2024-09-26,5199.023567018124,5273.722181486775,5159.284001384623,5258.23486328125,80156,83.08524816435661
2024-09-27,5324.36788944719,5324.36788944719,5130.649484407829,5179.80126953125,47771,79.11369106611922
2024-09-30,5166.056383017573,5166.056383017573,5065.661641608069,5079.705078125,82418,73.2219442995796
2024-10-01,5079.70531010421,5128.010415414878,5035.2343447165185,5078.310546875,33435,71.50868977164762
2024-10-03,5059.586257261029,5119.345150063325,4861.087329530383,4898.5859375,47988,59.43668324767442
2024-10-04,4890.3187076192335,5240.754891220333,4789.674972846363,5172.380859375,117488,63.965352740565194
2024-10-07,5169.0943630621505,5171.683525898166,4971.392035977285,5067.10546875,52592,52.80901355101352
2024-10-08,5069.546053873499,5208.983469893595,4926.423311616654,5064.86474609375,114998,44.26565790590663
2024-10-09,5139.215187444011,5296.7791766783985,5080.5514851622775,5150.0712890625,44235,48.14622471758892
2024-10-10,5208.933615062441,5221.13438837797,5004.80701310479,5037.57470703125,42532,44.811660505551814
2024-10-11,5044.646359919045,5157.988861493832,5028.760260269844,5134.53369140625,33298,43.200665906218205
2024-10-14,5134.533708799704,5177.111918595773,5059.586099743465,5095.6904296875,41659,45.55593360471599
2024-10-15,5117.054221448405,5173.825165554616,5069.14741521075,5108.58837890625,26566,43.26435671808826
2024-10-16,5113.120058772186,5218.9430938332125,5106.446788151288,5200.119140625,67401,50.86442213140985
2024-10-17,5199.023445183605,5267.6965643368,5066.0103099977805,5088.1708984375,31767,43.41267454593941
2024-10-18,5029.7065259361725,5199.471765482782,5019.796315580208,5177.70947265625,33785,49.91966660516024
2024-10-21,5177.610110982793,5181.992332558697,5082.0955771716435,5128.65771484375,28831,51.956692217222795
2024-10-22,5129.304881029361,5129.304881029361,4980.854028466241,5099.82373046875,39417,50.84144848541564
2024-10-23,5069.545874366654,5094.843707399281,4941.014655321204,5024.2783203125,74879,55.352424391375834
2024-10-24,5031.698778649323,5197.0317155566445,4960.037711769377,5163.01904296875,34530,49.54952668936303
2024-10-25,5168.09828484863,5428.099055155559,5138.417745012477,5409.32470703125,290808,64.49910526805755
2024-10-28,5408.129944416081,5696.018202674428,5261.321882153216,5297.77490234375,223905,59.0313883345514
2024-10-29,5322.52497565344,5390.2517156131025,5069.545682274703,5097.08447265625,93908,48.11425707633647
2024-10-30,5097.084906658297,5201.513669942899,4900.428640454512,4957.896484375,105495,47.217207572395985
2024-10-31,4947.040062962202,5086.925857820628,4882.350870631186,4905.6572265625,109781,41.74865396484061
2024-11-01,4972.587104802986,4992.606430885479,4932.598543506127,4976.8701171875,6742,45.814044377900224
2024-11-04,4916.1649950212,5029.657288653927,4895.796977529981,4932.25,45314,43.92353849172124
2024-11-05,4932.249985368459,5017.555708723447,4881.604225775777,4991.06298828125,52692,42.62992949539581
2024-11-06,5019.74666345879,5104.106489413994,4998.930747772945,5065.51220703125,107292,49.17949597483587
2024-11-07,5082.94218644555,5143.049283348239,5064.566132499103,5081.19921875,29921,46.30774191162104
2024-11-08,5065.56217777815,5166.505005422983,5046.688132824059,5110.38134765625,30835,49.289994210692846
2024-11-11,5088.420097098922,5266.700793242016,5066.060116937688,5193.994140625,58397,53.50901228893908
2024-11-12,5258.782178828786,5333.480789323513,5074.525606275126,5091.15869140625,71629,52.442446801339955
2024-11-13,5084.685006276075,5087.174960054452,4868.70631827582,4888.376953125,40951,40.418353277388
2024-11-14,4978.811884486561,5099.126742961779,4873.3375395996345,4983.7421875,125079,33.404556967038474
2024-11-18,5079.505512073065,5144.941689373873,4760.791440727304,4839.92236328125,95184,32.584497546515905
2024-11-19,4852.969651290974,4860.389908281056,4582.511059016626,4613.93408203125,122676,31.969240861547433
2024-11-21,4531.715989359799,4567.023729343005,4293.825702192991,4351.1943359375,293790,29.27004732169611
2024-11-22,4351.194415681173,4516.7763490962225,4311.6041488947185,4470.66259765625,151009,35.78983602153882
2024-11-25,4486.896690459386,4567.919883343377,4339.491427376592,4430.67333984375,464659,31.78557273926596
2024-11-26,4435.254868364354,4651.233551414966,4430.673256253319,4615.32861328125,115666,40.3341509144548
2024-11-27,4606.314690583974,4656.163855893077,4531.715774331867,4592.8193359375,75609,37.57882376949939
2024-11-28,4626.333937414618,4677.5773786763675,4532.860979004115,4556.615234375,57783,33.739631532684356
2024-11-29,4531.715829701001,4601.534230187245,4431.121698096648,4571.65478515625,97343,33.71220457361299
2024-12-02,4578.028897861095,4696.003099340029,4536.695666215009,4663.73291015625,70475,36.27459806726578
2024-12-03,4667.467792006674,4824.534265149943,4661.193303241481,4802.77197265625,108688,38.373875111839475
2024-12-04,4802.772330597531,4822.791657001886,4667.219144476678,4713.18408203125,60434,38.67841631331143
2024-12-05,4755.762220121952,4755.762220121952,4620.209036085832,4696.94921875,78013,43.54470514468776
2024-12-06,4697.048817635607,4705.863351293845,4621.354222610097,4636.2939453125,44083,38.00255064706989
2024-12-09,4657.25922586657,4670.107776623095,4596.205752775139,4622.99755859375,88308,41.76746806215973
2024-12-10,4665.824645366376,4770.602093888377,4596.454631026511,4624.54150390625,107747,50.48522524422081
2024-12-11,4663.732959250997,4754.815661581659,4603.924464947888,4732.60546875,60582,70.32317049056809
2024-12-12,4768.41058432269,4777.673503778806,4706.012442533652,4758.35107421875,63318,67.03019028481444
2024-12-13,4740.871932005594,4817.263907454413,4667.866682706338,4771.69775390625,66469,70.84501308450488
2024-12-16,4817.264092267972,4899.581868998452,4763.082307625389,4885.14013671875,75975,68.064821958651
2024-12-17,4906.454042375177,4968.951883767522,4763.381391973494,4778.52001953125,116839,61.17469863587669
2024-12-18,4798.290285665741,4828.219822214924,4692.716244257475,4727.67529296875,60542,60.11544971510045
2024-12-19,4581.614470677009,4667.617568124349,4581.514775265906,4632.01123046875,37219,53.25841346027114
2024-12-20,4632.0116250421015,4788.728934094928,4464.536937055245,4634.65087890625,393728,48.2621503584242
2024-12-23,4635.297752644958,4652.179833057275,4519.315516154391,4530.470703125,46802,33.0207688246588
2024-12-24,4538.588139043421,4559.802837434402,4403.73233707838,4424.64794921875,36584,32.36548550555963
2024-12-26,4424.6481115098795,4496.856775119213,4344.371899943815,4459.90576171875,38331,35.841787557256666
2024-12-27,4459.856029631929,4477.435006523404,4347.559111161122,4368.6240234375,31762,34.576783527801794
2024-12-30,4382.31853166491,4392.228741963013,3799.66936325037,3897.375244140625,310682,22.632533571807542
2024-12-31,3944.0868309649422,4072.419147463569,3897.2756993853077,4023.516357421875,211603,29.279275715365245
2025-01-01,4045.328339966163,4045.328339966163,3885.3738499333617,3917.6435546875,74475,21.86115642510468
2025-01-02,3945.43151204791,4133.273724961264,3940.1029136243596,4041.792724609375,163745,26.833080932977808
2025-01-03,4082.229698605558,4299.602667904362,4073.564464751915,4123.06494140625,344228,29.911492005729556
2025-01-06,4180.134478696804,4203.291049254273,4118.283928460128,4136.85888671875,74268,25.300810240699775
2025-01-07,4165.045403947091,4187.902887969775,4065.1484091644743,4080.9345703125,57862,26.17687795380499
2025-01-08,4116.789775734383,4116.789775734383,3954.0464982345893,3966.297119140625,51603,25.08393359710371
2025-01-09,3983.926060428819,3987.860138781582,3861.0716432765253,3884.576904296875,48850,25.314963924989527
2025-01-10,3884.5767793359187,3908.2313395587835,3705.051117012914,3752.2109375,152546,23.156388758591575
2025-01-13,3752.2111162363235,3796.183603544585,3598.531117446488,3621.189697265625,103202,22.784321365273954
2025-01-14,3621.1895205510314,3799.669353476939,3621.1895205510314,3720.98681640625,128683,28.86248288652257
2025-01-15,3779.1521877973805,4163.202759739569,3732.540447120282,3998.76611328125,215858,37.90932486537737
2025-01-16,3984.9220445926094,4071.0245979989477,3789.7096675018443,4028.89453125,303946,40.79748856243081
2025-01-17,4022.2215773557377,4229.734184069181,3890.7520148675626,3948.07080078125,255614,51.74160423616552
2025-01-20,3948.07064550693,4032.4800771937894,3885.9711020404484,3947.12451171875,103036,47.12862735611936
2025-01-21,3947.1246539027884,3956.885321535634,3846.9288146497793,3883.3818359375,115594,48.67006970724021
2025-01-22,3883.3817032720976,3902.056356334896,3690.1612929156786,3727.112060546875,117475,38.08228814386778
2025-01-23,3712.8697062207966,3812.5673077818064,3687.223182774134,3786.771484375,99573,37.051790282051165
2025-01-24,3786.771494211856,3819.5890358619945,3675.2714144044558,3707.142822265625,48172,34.25307737934946
2025-01-27,3699.0752779874592,3699.0752779874592,3535.834007975525,3581.101318359375,50352,32.578887042383684
2025-01-28,3565.7135830158995,3659.734142453007,3446.19579907404,3617.80322265625,69208,37.155861682234246
2025-01-29,3617.803196179264,3784.630101710515,3605.652270199346,3745.836669921875,102914,45.055373413800545
2025-01-30,3745.836690947843,3752.50971857464,3648.13104863773,3668.448974609375,46664,46.89301279474988
2025-01-31,3677.9106822958115,3976.5558321861004,3633.3903578998625,3848.07421875,91627,58.122947780469346
2025-02-01,3844.438906164787,3884.228320153927,3759.8801704742345,3860.82275390625,41347,55.33921972936996
2025-02-03,3774.819744101173,3774.819744101173,3515.7648579053994,3561.380859375,303729,33.57151110222631
2025-02-04,3635.481863114963,3675.1219764080724,3442.1121474649194,3527.81640625,279591,31.227618563988045
2025-02-05,3442.1120071233986,3485.935192399275,3311.638432779311,3331.60791015625,318086,28.742658943965523
2025-02-06,3336.1894297476824,3343.410295829462,3220.6059678904235,3302.1767578125,191529,28.188895607801612
2025-02-07,3278.771227256183,3410.2407904389947,3251.8797256960625,3374.435302734375,114063,32.88680959913836
2025-02-10,3337.5339960004094,3373.4890253011163,3246.899679785537,3265.7236328125,62609,33.97336513817858
2025-02-11,3232.9559814914987,3249.3896764066585,3090.530625560111,3152.580322265625,128390,28.760134664981862
2025-02-12,3120.410141657728,3244.6089901419105,3049.6954528426313,3168.81494140625,185020,31.171190865129674
2025-02-13,3154.7713862193277,3247.3976652780166,3150.3891649040247,3164.731201171875,71323,34.07853429144262
2025-02-14,3128.378000911542,3190.1288560712096,3038.888962742944,3096.506591796875,78504,30.535522429312394
2025-02-17,3067.622967970796,3095.211606420962,2938.1952228728974,2999.348388671875,113035,21.469361262657046
2025-02-18,3027.7340707150174,3235.9440628162215,2971.660260699125,3198.84375,398414,33.58402329827565
2025-02-19,3134.8517457811513,3430.110410425437,3121.605143306863,3326.2294921875,395095,31.066381701070284
2025-02-20,3307.6546073451154,3396.2471143661255,3279.9662726294373,3315.17431640625,160704,30.178377011140313
2025-02-21,3316.6183876024443,3374.385314473598,3241.0730937321264,3308.202392578125,68425,38.32123997553925
2025-02-24,3240.923959468732,3313.4314648459795,3197.250071294428,3271.99853515625,75332,38.22815294020369
2025-02-25,3236.939870152714,3280.1653699241656,3180.4677678191897,3187.7880859375,96648,42.621357812653436
2025-02-27,3182.1609279975664,3217.0202808864283,3129.12491253094,3178.177001953125,61266,43.50615460502848
2025-02-28,3194.013115437412,3381.3573410835047,3121.456005869837,3235.446044921875,404137,42.60505677466687
2025-03-03,3249.937504054847,3290.6730504148763,3154.771422458177,3188.8837890625,59601,45.6222069898695
2025-03-04,3123.4978056659947,3271.201673558567,3113.239147169429,3191.572998046875,70372,52.54138093886327
2025-03-05,3191.124797265987,3235.3462795897476,3174.292806803904,3223.9921875,114420,53.521922607026205
2025-03-06,3222.946348729152,3374.8833781294393,3222.946348729152,3286.739013671875,93856,57.24509429826342
2025-03-07,3266.869300276743,3378.369385094517,3266.869300276743,3346.298828125,92818,64.98744782622835
2025-03-10,3372.5926293762172,3466.9618799347404,3301.180801859885,3319.3076171875,129224,70.96248211343179
2025-03-11,3319.3074383820467,3358.44955927958,3227.029851284282,3261.83935546875,65523,55.07093372156186
2025-03-12,3251.8796171612707,3345.0038879743115,3183.1568932457644,3249.0908203125,87409,42.38522894442056
2025-03-13,3288.2329141577734,3467.609279130153,3224.9880890634167,3357.15478515625,356684,53.47799352750809
2025-03-17,3386.38710473739,3388.827210893631,3196.4534725118683,3227.279052734375,161649,44.429985205420145
2025-03-18,3227.279052734375,3227.279052734375,3227.279052734375,3227.279052734375,0,46.76046991941985
2025-03-19,3291.4698294296577,3431.006933457404,3287.2369080967046,3372.094482421875,132894,62.27366478276859
2025-03-20,3396.2969506332383,3606.05075399775,3387.4824170019397,3513.52392578125,332721,68.99683538439112
2025-03-21,3513.8227380313415,3570.5936836287865,3448.08795891851,3482.051025390625,204664,64.39032854764093
2025-03-24,3500.8750933574197,3509.6896272005342,3445.8969612913706,3450.1298828125,147890,65.50971139747767
2025-03-25,3507.846988414373,3658.389501116147,3467.758731377553,3553.064453125,387668,69.17834354809503
2025-03-26,3566.4106888993438,3575.3246749050545,3436.1362569600774,3463.675048828125,103374,61.99113106197387
2025-03-27,3463.6750693988806,3934.127042203118,3414.2745314228973,3761.5732421875,218713,69.23077531550135
2025-03-28,3761.5732989597113,3761.5732989597113,3611.429081095628,3639.416259765625,119190,61.29837982485478
2025-04-01,3620.3928036971834,3623.878738996479,3518.055703125,3535.734375,48323,57.87661471294663
2025-04-02,3509.838903035387,3619.7455618627596,3490.9651017204983,3533.991455078125,102357,60.32340784932206
2025-04-03,3533.991465308735,3584.537527977492,3503.863024013564,3535.3857421875,55872,60.954239075970776
2025-04-04,3535.7344855350016,3573.5817842534047,3436.136331012889,3531.94970703125,32441,57.27010265227349
2025-04-07,2999.8464034461417,3340.4720733977324,2999.8464034461417,3240.42578125,66101,50.48198989171898
2025-04-08,3279.7672228466436,3352.424027815298,3189.3320500621435,3209.002685546875,61180,49.34503646832744
2025-04-09,3229.8187081915034,3229.8187081915034,3039.7853891446807,3060.053466796875,186024,38.85053336203891
2025-04-11,3179.670892030964,3179.670892030964,3063.639048985825,3073.051025390625,111105,32.67112934156559
2025-04-15,3166.4243004380237,3248.7919209266747,3100.390679101241,3232.5576171875,133249,41.08287029789762
2025-04-16,3226.9801042500226,3392.3130355171534,3208.5544462473604,3352.8720703125,95193,46.73049820245029
2025-04-17,3321.598317383109,3398.8865793932337,3298.1927520282356,3380.759521484375,43338,43.89985529290697
2025-04-21,3425.0806269367718,3436.932952488197,3371.3973222306527,3407.850341796875,31853,47.9324234928514
2025-04-22,3407.850426689798,3467.0116310298786,3407.252740520889,3435.04052734375,83785,34.8728757775187
2025-04-23,3456.0559633766425,3467.011760378701,3388.329218273008,3435.738037109375,43003,39.36779177507891
2025-04-24,3482.9473141140234,3713.5170319342683,3482.9473141140234,3621.587890625,480131,54.1275573634414
2025-04-25,3614.217836360569,3614.217836360569,3396.396723678476,3430.160400390625,130673,45.77815614822415
2025-04-28,3430.1603740583455,3509.8388961038354,3380.660140869495,3396.994140625,79848,44.514627801124924
2025-04-29,3424.184395193821,3424.184395193821,3314.62643025161,3332.952392578125,84863,42.47400318696524
2025-04-30,3333.0521050294983,3381.1580603319367,3208.0564262064886,3278.073974609375,104455,51.73426741099574
2025-05-02,3271.6995729333757,3291.7188985971356,3217.119980579586,3219.80908203125,44539,50.48578446898883
2025-05-05,3248.194596235501,3258.1544114858725,3215.128058236179,3236.64111328125,37678,59.00823852491173
2025-05-06,3242.01962633039,3285.1454327270117,3173.1972042659468,3206.462890625,30768,56.688478737209145
2025-05-07,3168.2170799363857,3236.9398018840784,3131.9634514191,3230.067626953125,48077,49.85547244878901
2025-05-08,3260.843355184103,3260.843355184103,3127.381837287136,3143.417236328125,51239,37.348094162963925
2025-05-09,3091.227700646508,3238.9318041864262,3073.3000338336683,3226.083740234375,61105,41.23688753153632
2025-05-12,3388.8269882276313,3391.416637341379,3219.111841172862,3286.041748046875,243568,43.34674666302529
2025-05-13,3296.4997694008543,3386.3372562131867,3276.5801384819533,3307.45556640625,159752,42.986984962333366
2025-05-14,3336.53806940273,3414.2246274365843,3319.5066882622573,3391.416748046875,375902,47.76807449029873
2025-05-15,3401.276759425819,3475.6765274642207,3391.416640022486,3416.017333984375,144573,37.64071611943935
2025-05-16,3416.0174144496864,3451.0759147934564,3401.1771441295937,3412.830322265625,65744,48.65325026884148
2025-05-19,3436.1363057948115,3590.9117395224425,3430.060721149729,3498.783447265625,221593,57.31044744401121
2025-05-20,3540.3158986028748,3564.4186020084403,3473.9834341615465,3487.72802734375,130644,62.031606735836846
2025-05-21,3504.659919412694,3559.638052225337,3488.226223872202,3528.5634765625,95590,69.90661785106585
2025-05-22,3545.694095122672,3616.7076238057734,3514.8186690134576,3582.54541015625,141419,79.02455243246538
2025-05-23,3603.4611380145943,3603.4611380145943,3516.91044122273,3533.742431640625,48672,72.6156356452719
2025-05-26,3550.475072475084,3550.475072475084,3457.0519546004407,3469.202880859375,52667,69.00578164940012
2025-05-27,3483.8436430509582,3485.437310738319,3421.196503039327,3437.829345703125,77974,64.86178929941111
2025-05-28,3460.039692165822,3491.413109063699,3444.601979089089,3471.692626953125,64228,75.40074746751176
2025-05-29,3520.7946269063486,3520.7946269063486,3381.357215939761,3404.6630859375,89261,64.16047979773536
2025-05-30,3415.618861860676,3454.5618358089782,3341.517935458879,3374.58447265625,187261,57.37025625018036
2025-06-02,3401.4759287500233,3461.0356703567036,3391.416661618238,3434.84130859375,68384,59.959495623160414
2025-06-03,3446.0961343573463,3456.0559497745644,3350.5816017700504,3376.67626953125,58219,48.799093328092944
2025-06-04,3381.0583759769097,3514.021907271362,3371.2977085683287,3500.875,339111,55.9480697099662
2025-06-05,3535.734337604861,3552.2677278276205,3492.3094467862334,3517.208984375,106468,57.18398192238037
2025-06-06,3517.2090965896728,3550.1761826728157,3493.2060874840267,3518.205078125,37550,51.51374109510894
2025-06-09,3549.578517022646,3590.214612530981,3506.651858497451,3548.283935546875,373059,54.58385710256957
2025-06-10,3583.5415415191433,3583.5415415191433,3530.4556773889085,3542.706298828125,92848,51.13092525846959
2025-06-11,3557.347095123637,3645.192615290686,3520.6949270835453,3536.33203125,263092,46.00001183365932
2025-06-12,3537.726355467263,3591.5093574929483,3520.794669644363,3556.251708984375,74282,52.050825998097714
2025-06-13,3474.083256972065,3577.4659448095263,3448.38688497773,3536.53125,49011,56.679844999169184
2025-06-16,3518.503967116697,3555.654127500929,3459.6416035067436,3517.308837890625,41574,58.08021540092808
2025-06-17,3517.806692569865,3540.415424210134,3447.092005374944,3460.637451171875,32140,48.925896793867636
2025-06-18,3460.637432354267,3513.025913588498,3427.1723565435536,3494.699951171875,38796,59.346584789126474
2025-06-19,3513.2251619621056,3605.453149174422,3495.397189786639,3521.591552734375,140975,65.36222115295811
2025-06-20,3521.5915525441087,3533.443635521408,3340.522061236923,3409.344482421875,500255,47.59672361872878
2025-06-23,3386.3371387128327,3490.915197408376,3376.576471269339,3463.724853515625,59409,58.263974549208456
2025-06-24,3466.015694643339,3475.875814441866,3393.309043577545,3445.39892578125,151751,43.40829632758299
2025-06-25,3450.976373611678,3471.891986151257,3393.3091391592347,3430.658447265625,62258,39.67691643774107
2025-06-26,3438.128187716575,3495.8951155519057,3431.1563171157595,3449.083984375,86352,42.08485465230057
2025-06-27,3450.0799258258235,3450.0799258258235,3317.6143859485614,3334.346923828125,275946,29.48029017951228
2025-06-30,3346.4978190994607,3438.1281165271844,3346.4978190994607,3405.5595703125,150672,38.31663041565745
2025-07-01,3414.822400154285,3447.291252413551,3326.5783385796376,3343.211181640625,81117,34.980619676676895
2025-07-02,3373.987038022618,3479.9593727155643,3336.139740895202,3398.488037109375,183962,38.370017032831754
2025-07-03,3415.917752870453,3569.2989061583103,3407.1530669078084,3469.89990234375,290173,45.43592210019626
2025-07-04,3485.0,3498.0,3430.0,3458.5,32372,45.92810794052844
2025-07-07,3455.0,3506.300048828125,3421.0,3446.199951171875,60768,48.934910986828314
2025-07-08,3426.0,3475.0,3384.10009765625,3453.5,58442,46.83563055060834
2025-07-09,3432.699951171875,3459.5,3412.199951171875,3426.39990234375,31809,42.69112948063258
2025-07-10,3432.0,3455.39990234375,3412.0,3434.39990234375,29318,52.29042848311309
2025-07-11,3407.5,3486.0,3407.5,3465.0,89615,50.12186523100729
2025-07-14,3430.39990234375,3474.800048828125,3420.0,3444.199951171875,63493,49.88595381024813
2025-07-15,3459.800048828125,3481.0,3435.5,3479.39990234375,47978,54.462583324876604
2025-07-16,3495.0,3747.0,3485.10009765625,3645.800048828125,786930,64.17084743091846
2025-07-17,3701.0,4091.800048828125,3701.0,3885.89990234375,3973518,83.65385388862754
2025-07-18,3906.89990234375,3960.0,3860.0,3888.39990234375,416865,82.15774206346626
2025-07-21,3890.10009765625,3938.10009765625,3838.300048828125,3903.10009765625,138588,89.81635520979717
2025-07-22,3904.0,4003.10009765625,3874.199951171875,3944.5,185055,89.61131245233373
2025-07-23,3940.0,3957.699951171875,3840.0,3869.199951171875,89370,78.80535650818845
2025-07-24,3889.0,3930.0,3831.199951171875,3850.39990234375,68375,77.97285004792192
2025-07-25,3850.0,3850.0,3720.800048828125,3739.0,83759,68.30914980414715
2025-07-28,3751.5,3779.199951171875,3691.199951171875,3722.699951171875,47705,66.64604485410294
2025-07-29,3713.0,3794.0,3691.300048828125,3778.60009765625,66075,71.02937849417725
2025-07-30,3795.0,3850.0,3786.699951171875,3837.10009765625,53325,72.67710429933679
2025-07-31,3790.0,3975.0,3737.0,3940.39990234375,170040,74.74494347354685
2025-08-01,3940.39990234375,3950.0,3760.0,3778.699951171875,179535,65.1838402178847
2025-08-04,3790.0,3825.5,3520.0,3539.0,234575,52.28178015529288
2025-08-05,3547.0,3576.5,3455.0,3557.0,201968,46.164475636445545
2025-08-06,3558.0,3588.0,3441.5,3454.199951171875,97584,28.844460917760998
2025-08-07,3441.5,3447.0,3281.800048828125,3328.199951171875,165510,25.51145623110328
2025-08-08,3325.0,3326.0,3232.10009765625,3272.699951171875,192611,23.39185275882444
2025-08-11,3250.0,3306.5,3225.699951171875,3273.60009765625,58335,20.680017259061316
2025-08-12,3290.0,3320.0,3273.60009765625,3297.89990234375,65177,23.867892901517138
2025-08-13,3330.0,3335.0,3201.10009765625,3300.89990234375,296605,24.49642162706057
2025-08-14,3287.10009765625,3312.0,3264.300048828125,3274.300048828125,50859,26.589417356102743
2025-08-18,3307.89990234375,3325.0,3263.800048828125,3276.60009765625,85196,27.20490726521264
2025-08-19,3276.60009765625,3318.300048828125,3262.0,3305.199951171875,62703,25.115621646497416
2025-08-20,3321.0,3321.0,3225.0,3233.300048828125,130958,18.702029537339783
2025-08-21,3230.5,3250.0,3137.0,3237.199951171875,415635,9.361974820090083
2025-08-22,3248.0,3275.10009765625,3220.800048828125,3259.0,188786,14.173427129886733
2025-08-25,3264.5,3287.800048828125,3231.0,3271.5,170408,23.14794119838291
2025-08-26,3240.0,3350.0,3219.60009765625,3258.699951171875,5169539,19.74028650013844
2025-08-28,3280.300048828125,3380.0,3169.60009765625,3186.699951171875,426685,21.056024007269812
2025-08-29,3192.0,3223.10009765625,3158.89990234375,3207.60009765625,168858,33.10925266246818
2025-09-01,3223.10009765625,3232.10009765625,3171.0,3210.60009765625,85314,39.802971542561075
2025-09-02,3243.60009765625,3288.800048828125,3204.800048828125,3282.199951171875,99030,51.146037556846395
2025-09-03,3282.199951171875,3293.5,3236.89990234375,3260.0,80444,44.92094049532265
2025-09-04,3280.10009765625,3366.0,3264.0,3341.89990234375,145608,54.535403129540505
2025-09-05,3340.0,3345.0,3257.5,3292.699951171875,95651,51.93846581205374
2025-09-08,3328.0,3364.89990234375,3288.39990234375,3320.89990234375,104715,54.42555923135384
2025-09-09,3330.10009765625,3398.5,3301.5,3312.300048828125,159262,50.738824648421904
2025-09-10,3390.10009765625,3490.0,3361.10009765625,3366.0,337654,64.35216064394461
2025-09-11,3370.0,3381.89990234375,3313.89990234375,3342.800048828125,60897,60.96347418068854
2025-09-12,3320.0,3339.89990234375,3305.0,3311.5,50170,55.345147806858805
2025-09-15,3317.10009765625,3340.5,3288.800048828125,3314.89990234375,55100,54.502069119218746
2025-09-16,3322.89990234375,3342.0,3305.0,3318.800048828125,47221,56.35173824553002
2025-09-17,3334.89990234375,3366.39990234375,3301.0,3311.39990234375,86054,65.26316104027276
2025-09-18,3321.0,3376.199951171875,3306.0,3330.0,63368,65.06646856521901
2025-09-19,3344.89990234375,3365.0,3289.39990234375,3307.60009765625,129910,61.39568715094054
2025-09-22,3339.0,3339.0,3260.0,3269.800048828125,33789,48.41757165325284
2025-09-23,3322.0,3398.39990234375,3298.0,3358.800048828125,212678,60.771923286796124
2025-09-24,3375.0,3375.0,3307.300048828125,3317.199951171875,64268,47.04757969296533
2025-09-25,3317.199951171875,3326.5,3222.0,3233.10009765625,86716,43.42455208109435
2025-09-26,3229.800048828125,3229.800048828125,3162.300048828125,3197.699951171875,90386,36.620339707466165
2025-09-29,3227.699951171875,3227.699951171875,3121.0,3131.5,77585,32.54826606036869
2025-09-30,3154.89990234375,3195.0,3139.10009765625,3170.300048828125,78126,30.550604430826624
2025-10-01,3170.300048828125,3190.5,3149.300048828125,3165.199951171875,43648,31.690730014970583
2025-10-03,3160.0,3192.0,3141.0,3188.5,58797,37.10693143698875
2025-10-06,3161.300048828125,3187.89990234375,3138.0,3179.300048828125,64863,35.95694877148554
2025-10-07,3168.0,3200.0,3145.39990234375,3190.10009765625,68235,36.859318391096274
2025-10-08,3180.0,3191.5,3125.89990234375,3158.199951171875,72619,35.103090213729686
2025-10-09,3165.0,3197.0,3142.0,3182.5,57904,35.81459038502719
2025-10-10,3182.0,3228.5,3162.800048828125,3223.800048828125,72385,42.22346276066222
2025-10-13,3203.0,3215.699951171875,3166.300048828125,3189.5,53084,42.49953593716293
2025-10-14,3172.0,3191.60009765625,3102.0,3107.39990234375,116715,26.211218349890416
2025-10-15,3110.0,3140.699951171875,3100.0,3110.0,62490,28.83125434940399
2025-10-16,3114.0,3180.0,3113.0,3167.199951171875,88053,42.875671121720146
2025-10-17,3250.0,3250.10009765625,3113.199951171875,3145.199951171875,156801,44.15498424585597
2025-10-20,3186.89990234375,3230.0,3151.5,3180.39990234375,119474,55.84786340757004
2025-10-21,3198.0,3227.699951171875,3185.0,3219.10009765625,15968,55.83731618667029
2025-10-23,3241.89990234375,3260.0,3175.0,3187.800048828125,107976,52.54390622200384
2025-10-24,3188.0,3285.0,3188.0,3276.5,111752,58.63421299232893
2025-10-27,3292.0,3325.0,3255.0,3314.199951171875,96157,62.53482210103173
2025-10-28,3329.0,3353.0,3244.0,3254.800048828125,71447,55.513882964889476
2025-10-29,3254.800048828125,3280.800048828125,3234.800048828125,3267.89990234375,48198,59.658383771423566
2025-10-30,3250.0,3284.39990234375,3242.0,3257.0,60700,56.717763751127144
2025-10-31,3257.0,3287.199951171875,3213.199951171875,3218.800048828125,34492,49.546608552273284
2025-11-03,3226.89990234375,3235.39990234375,3180.0,3206.800048828125,64801,51.63485670173353
2025-11-04,3218.89990234375,3316.0,3212.5,3271.699951171875,169708,66.04807174562809
2025-11-06,3272.0,3289.10009765625,3229.89990234375,3256.0,51821,63.904774837030175
2025-11-07,3225.0,3233.199951171875,3160.39990234375,3190.89990234375,55757,52.22367858630164
2025-11-10,3170.10009765625,3195.5,3121.60009765625,3138.60009765625,51236,49.414074945868094
2025-11-11,3138.60009765625,3200.0,3136.0,3167.699951171875,74247,48.86017181454407
2025-11-12,3071.0,3128.300048828125,2986.0,3061.199951171875,562188,37.365950053660995
2025-11-13,3057.10009765625,3064.699951171875,3006.0,3024.10009765625,216969,37.022338884151274
2025-11-14,3020.199951171875,3039.300048828125,2998.5,3006.0,79898,25.85248844242308
2025-11-17,3018.0,3054.89990234375,3000.0,3012.89990234375,99620,21.53782571935818
2025-11-18,3010.5,3013.699951171875,2937.199951171875,2943.39990234375,140161,21.134535994050808
2025-11-19,2940.0,2968.199951171875,2895.0,2921.89990234375,157434,18.41909166025637
2025-11-20,2944.39990234375,2985.89990234375,2905.699951171875,2968.199951171875,133489,25.240027880282227
2025-11-21,2967.800048828125,2967.800048828125,2880.0,2886.699951171875,88756,23.495582083922088
2025-11-24,2885.10009765625,2897.800048828125,2840.0,2867.199951171875,156591,23.217637286848515
2025-11-25,2864.0,2893.0,2842.0,2882.800048828125,73517,16.743620899149448
2025-11-26,2934.0,2952.699951171875,2876.0,2933.0,88400,23.91794631584841
2025-11-27,2933.5,2952.699951171875,2911.199951171875,2940.800048828125,58602,27.745149880015177
2025-11-28,2940.89990234375,2948.89990234375,2902.0,2920.10009765625,35408,29.398446117780523
2025-12-01,2949.300048828125,2949.300048828125,2898.0,2916.5,40063,25.11886619711838
2025-12-02,2917.10009765625,2929.5,2894.0,2924.10009765625,20636,33.11162798251138
2025-12-03,2923.89990234375,2929.39990234375,2872.89990234375,2889.60009765625,42029,33.32508030059603
2025-12-04,2889.60009765625,2890.0,2845.89990234375,2869.10009765625,60335,33.127947197770055
2025-12-05,2868.89990234375,2868.89990234375,2802.199951171875,2845.699951171875,76988,30.198984232649238
2025-12-08,2845.699951171875,2859.0,2742.699951171875,2805.60009765625,108936,32.459304746691856
2025-12-09,2805.60009765625,2892.39990234375,2745.10009765625,2833.699951171875,59508,38.958447818780975
2025-12-10,2825.0,2849.89990234375,2762.0,2773.800048828125,53422,26.464902863952787
2025-12-11,2760.0,2804.60009765625,2744.0,2798.699951171875,34558,37.654317604845545
2025-12-12,2851.89990234375,2958.39990234375,2821.0,2870.39990234375,428416,50.39157517365001
2025-12-15,2865.10009765625,2904.89990234375,2841.0,2891.199951171875,105340,51.01497176274571
2025-12-16,2897.0,2905.0,2860.39990234375,2884.60009765625,35543,43.46300099318226
2025-12-17,2883.10009765625,2889.39990234375,2863.10009765625,2882.699951171875,59916,42.02578523119319
2025-12-18,2865.0,2874.0,2824.0,2850.800048828125,73451,40.772291093835236
2025-12-19,2845.800048828125,2879.89990234375,2845.800048828125,2869.89990234375,78202,44.04090078637106
2025-12-22,2889.89990234375,2891.800048828125,2859.60009765625,2877.0,59113,43.96925012160157
2025-12-23,2881.699951171875,2945.0,2866.800048828125,2931.699951171875,83460,55.12538453536239
2025-12-24,2944.0,3008.0,2912.89990234375,3000.60009765625,146277,64.32151076963656
2025-12-26,3008.89990234375,3017.10009765625,2963.699951171875,3012.39990234375,114630,68.62572335303011
2025-12-29,3020.5,3025.300048828125,2991.89990234375,3008.60009765625,57204,74.68389903768512
2025-12-30,2995.199951171875,3030.0,2942.10009765625,3013.5,115311,73.17015312302382
2025-12-31,3030.0,3041.0,2989.10009765625,3022.60009765625,107790,86.89211819842467
2026-01-01,3023.10009765625,3080.0,3003.60009765625,3063.39990234375,73271,87.48236009942647
2026-01-02,3065.89990234375,3070.199951171875,3007.0,3025.89990234375,65999,74.38072839630934
2026-01-05,3039.89990234375,3080.0,3019.39990234375,3070.60009765625,85552,76.16691605411839
2026-01-06,3070.60009765625,3111.0,3011.0,3087.60009765625,120329,78.73728317985825
2026-01-07,3100.0,3100.5,3020.0,3069.300048828125,158371,75.24354638412557
2026-01-08,3080.0,3120.0,3042.60009765625,3061.39990234375,163471,80.46874172157361
2026-01-09,3050.0,3050.0,2986.10009765625,3023.39990234375,131347,71.05624142661179
2026-01-12,3020.0,3049.0,2919.89990234375,2949.39990234375,88767,58.39127477201652
2026-01-13,2942.0,2975.800048828125,2925.60009765625,2964.199951171875,64500,54.15070242656449
2026-01-14,2951.0,2986.199951171875,2940.5,2971.800048828125,28572,45.63899862402855
2026-01-16,2947.0,2975.0,2920.0,2970.300048828125,65557,43.41984460177775
2026-01-19,2950.39990234375,2956.800048828125,2926.699951171875,2937.699951171875,27553,39.833659717267736
2026-01-20,2925.0,2960.39990234375,2895.39990234375,2921.39990234375,72607,37.2118928359318
2026-01-21,2909.89990234375,2943.0,2847.800048828125,2929.39990234375,72849,37.01948905993066
2026-01-22,2934.89990234375,2947.5,2897.699951171875,2908.300048828125,44056,27.144178014426785
2026-01-23,2900.0,2959.89990234375,2900.0,2920.60009765625,67965,33.237884709254786
2026-01-27,2920.60009765625,2944.699951171875,2811.0,2831.0,116900,16.62955824888165
2026-01-28,2839.0,2904.0,2827.10009765625,2870.39990234375,64816,21.525960558591137
2026-01-29,2870.39990234375,2880.60009765625,2785.0,2795.199951171875,95443,18.731472228813587
2026-01-30,2808.800048828125,2917.5,2751.10009765625,2878.0,166507,32.13173884003753
2026-02-02,2902.0,2926.0,2806.0,2829.699951171875,118408,31.499535736621112
2026-02-03,3090.0,3090.0,2900.39990234375,2950.0,377890,50.05265859491958
2026-02-04,2949.0,2963.89990234375,2886.199951171875,2949.89990234375,119037,48.71194018888231
2026-02-05,2960.0,2964.699951171875,2899.10009765625,2908.5,58111,44.62557029353663
2026-02-06,2908.5,2915.0,2847.0,2872.60009765625,67047,42.16268702725421
2026-02-09,2919.0,2929.699951171875,2855.0,2893.300048828125,191441,46.36899661142022
2026-02-10,2924.0,2970.0,2901.300048828125,2960.199951171875,60500,52.93051836384416
2026-02-11,2985.699951171875,2985.699951171875,2920.5,2931.60009765625,168898,50.1611629484021
2026-02-12,2931.60009765625,2949.0,2815.10009765625,2831.60009765625,219292,44.96388865645026
2026-02-13,2829.5,2895.0,2749.800048828125,2886.699951171875,302282,47.892567138708564
2026-02-16,2886.10009765625,2940.0,2845.39990234375,2924.199951171875,62084,56.19516203944876
2026-02-17,2915.60009765625,3064.39990234375,2915.60009765625,3054.199951171875,133302,60.90413767591792
2026-02-18,3061.300048828125,3097.0,3031.300048828125,3092.300048828125,99384,68.4373964060984
2026-02-19,3088.0,3100.0,2962.800048828125,3007.0,81761,57.98070074003454
2026-02-20,3000.0,3198.39990234375,2975.0,3151.800048828125,318068,67.80149231578805
2026-02-23,3152.0,3174.10009765625,3112.60009765625,3155.60009765625,153386,63.04238607437712
2026-02-24,3126.5,3157.60009765625,3111.0,3148.199951171875,148525,62.46386610225306
2026-02-25,3159.5,3218.0,3133.300048828125,3186.60009765625,153123,67.54574748619874
2026-02-26,3210.0,3246.60009765625,3133.60009765625,3182.39990234375,142889,70.36012653719004
2026-02-27,3147.60009765625,3149.39990234375,3076.0,3117.800048828125,91863,63.949294489285975
2026-03-02,3012.0,3107.800048828125,3012.0,3101.800048828125,80951,59.39241460749341
2026-03-04,3051.0,3079.300048828125,2966.800048828125,3015.5,55894,55.16943018244198
