Date,Open,High,Low,Close,Volume,RSI
2021-03-04,196.358829072257,200.388182923034,194.45208773770176,196.4307861328125,56379,
2021-03-05,196.43080249978178,200.31624255318965,190.7465455736653,193.19293212890625,75559,0.0
2021-03-08,194.91979193506378,197.15032924886523,192.07767445111241,193.19293212890625,42450,0.0
2021-03-09,194.16430547093333,198.58939076481062,192.90513360919994,194.9197998046875,63001,34.78276904919967
2021-03-10,195.71125802844062,197.8698380802249,194.3801292715313,195.20758056640625,32671,38.35597336648966
2021-03-12,196.21493225034283,199.0210818796816,194.27220145253293,194.77587890625,61646,35.442929238698596
2021-03-15,195.99909017657495,196.3948430798904,188.69589776253721,190.09898376464844,102373,19.444350355288833
2021-03-16,191.03436558803665,195.71128979264017,190.71056974443178,192.47341918945312,52341,34.46328698977757
2021-03-17,195.63931318372772,195.63931318372772,188.51600295971693,188.94772338867188,89783,26.991093144761734
2021-03-18,190.09897844305925,194.99175161922275,185.99766713494125,188.1922149658203,80987,25.792743781658857
2021-03-19,187.07696094665778,195.63932515218883,179.3780266727514,194.2002716064453,59742,45.15627723328692
2021-03-22,194.272230637561,194.81187572266532,189.3434678019651,193.55270385742188,66345,43.921007714362325
2021-03-23,194.63197285987607,197.0423917028331,192.1495969550881,193.15695190429688,53233,43.19881470436079
2021-03-24,192.61731920150172,196.0350712541223,188.5879650215063,191.71791076660156,69690,40.76166057583076
2021-03-25,192.61731547315395,193.91245481105565,189.09161691001864,192.50936889648438,77001,42.54444138865777
2021-03-26,194.27222018031017,196.25091871918372,192.1136399560845,194.34417724609375,67958,52.312148648284214
2021-03-30,195.35150711519015,196.43079720974922,189.95505664239482,190.92642211914062,43843,45.9974498017291
2021-03-31,191.3941228018633,195.13567082789234,189.23554246951144,190.96240234375,31774,42.567552076885335
2021-04-01,192.47339571429183,194.991739209619,191.71790144897875,194.59600830078125,21010,48.979633401221996
2021-04-05,195.49542639997358,211.61282117879023,192.90512571307843,200.9998016357422,160121,58.65868326521289
2021-04-06,202.00713395175683,209.3822830987043,199.48879034060403,208.195068359375,132992,73.52663096113324
2021-04-07,209.02251906370168,220.13921603815473,205.85660578277887,207.58346557617188,271769,70.58819860435062
2021-04-08,208.66276861484945,216.00195063907154,204.52548958196883,213.5555419921875,77023,81.43381407032825
2021-04-09,214.2031205913092,214.2031205913092,205.89257351855542,209.56216430664062,43757,75.2122199519339
2021-04-12,209.56216480845117,209.56216480845117,190.74654478896602,193.0850067138672,83997,48.9448620019818
2021-04-13,193.91245713213704,197.68997253081503,193.91245713213704,195.81919860839844,21630,52.06285516364435
2021-04-15,197.79790348628774,199.3089140858013,194.2722267262323,194.84783935546875,20330,51.52300714678395
2021-04-16,195.8551860695118,197.97777676304216,194.4880677063069,196.97044372558594,35094,54.67348467116578
2021-04-19,191.39410830854322,195.7112686463299,191.39410830854322,194.05636596679688,37738,51.326353918699205
2021-04-20,194.09232280389273,201.57539591794264,193.0849898389996,196.21493530273438,33781,51.595082542223466
2021-04-22,195.71128444500792,197.86986478815138,190.63862942190664,195.02772521972656,132027,53.635206168988816
2021-04-23,197.68997403258842,205.7846499483905,193.2648889235927,203.8419189453125,79013,59.87858337281309
2021-04-26,206.50416991584407,208.77067470620463,200.02842939583502,200.8558807373047,33342,54.84949263474595
2021-04-27,201.86322771017745,206.8639475739465,199.5607552077614,204.59744262695312,39922,52.90698319565824
2021-04-28,207.2236683438251,207.2236683438251,201.4674553342744,202.798583984375,17356,45.22290257727475
2021-04-29,203.84190858562866,204.84926354830353,199.74061950498685,201.79127502441406,117776,44.90828536898456
2021-04-30,200.02841983710113,212.26037356814686,200.02841983710113,205.10107421875,78448,42.203021569775295
2021-05-03,202.4388645689771,205.7846597146528,201.64738071689317,202.94252014160156,30661,43.68131299934487
2021-05-04,204.99316326651928,209.02251739100052,201.46748664192822,204.88523864746094,88532,65.58936986159983
2021-05-05,202.4028566024345,207.7633394245522,202.4028566024345,205.35292053222656,24726,63.39738383038726
2021-05-06,205.06512868414836,206.36026808202567,204.34560191683556,205.24501037597656,25210,64.97414095082715
2021-05-07,206.28831442327376,210.10179716385326,205.7126798862536,207.65541076660156,50814,65.26210942948808
2021-05-10,209.3822631647884,212.94392900190707,204.3455764219928,206.03646850585938,94334,67.76949323782978
2021-05-11,206.50417211132117,207.3676129731207,200.0284315224644,202.18701171875,87015,58.43498493113841
2021-05-12,202.9065579152407,205.71270804795734,199.92052608224458,200.38821411132812,269827,57.442596639036445
2021-05-14,202.11506904203222,205.28098249698294,198.7333063353724,200.10040283203125,303478,43.193738785951574
2021-05-17,201.32358611750905,205.38893002857523,200.1363713112024,204.1657257080078,40727,55.79350699022031
2021-05-18,204.345607307217,208.2310475615563,203.30228468380616,206.64810180664062,44525,53.754969204066775
2021-05-19,207.9432102672817,208.66273694640725,205.96451189968647,207.51148986816406,38721,58.93595414922333
2021-05-20,208.44693114916242,240.60976723123875,206.8279957838769,229.92478942871094,2028437,79.44286280954994
2021-05-21,232.69494945432373,242.98419528230514,229.92476704070515,238.09140014648438,1000163,81.33980252648742
2021-05-24,244.6390979000651,265.50537389742357,244.6390979000651,257.66253662109375,1674844,89.06014018004477
2021-05-25,259.7491656702554,272.7006476150327,254.13686561080442,262.51934814453125,892089,89.49708909520709
2021-05-26,265.50538532695083,265.8291811655136,253.05758065181882,257.482666015625,323576,83.61953710506546
2021-05-27,258.3101105365788,258.8137880590724,245.75435961161256,255.36004638671875,107845,81.50159227757366
2021-05-28,255.36002613774815,255.36002613774815,219.85137844764006,223.08924865722656,627090,57.05359513879125
2021-05-31,226.57897502256105,231.90346871813668,208.23104242471348,211.1811065673828,523443,52.14909276477181
2021-06-01,212.22444466239818,215.8580463255926,208.73473518849124,212.65614318847656,193180,54.461829041333495
2021-06-02,213.69943881784198,220.93067367132207,212.69210578744767,220.03126525878906,143375,57.991792211055866
2021-06-03,221.3983992178395,226.65093593397592,221.32644214812228,225.96737670898438,170695,60.06156768860847
2021-06-04,228.7735370403481,230.21259052836234,223.05329064220606,225.1759033203125,136728,58.38598364927989
2021-06-07,226.57896023553107,227.58629325410774,221.11055275984108,223.05328369140625,120479,56.566808679892674
2021-06-08,223.053299261759,225.53567540779665,214.77874138591957,217.7288055419922,233176,53.94884491913266
2021-06-09,218.9879750233536,223.37709267556303,212.97992215208276,214.9226531982422,213452,43.16617270083465
2021-06-10,219.09588489440094,228.34180758125876,215.9299717374873,220.85873413085938,564905,41.987285910916235
2021-06-11,225.13987980667764,226.21916975968972,219.6355054379581,220.75076293945312,154802,29.04409433375804
2021-06-14,222.2977873600297,244.42323384403974,214.41896104829226,232.87481689453125,916354,34.45282255457242
2021-06-15,233.84620717524595,236.2566263177723,227.6582723783503,230.5004119873047,237445,35.44254903184347
2021-06-16,232.3352041505045,232.37119366618066,222.3337858145668,224.816162109375,117418,34.13085336725983
2021-06-17,224.0606530553045,224.16857768940636,219.45568568182108,219.99533081054688,104238,47.751079357241466
2021-06-18,222.1898384973028,224.09660183878717,212.44026039376146,220.39102172851562,146692,58.04018460503947
2021-06-21,215.9300104574583,225.39178407236435,215.9300104574583,221.3264617919922,129034,57.64110996717735
2021-06-22,225.49968746400413,225.49968746400413,219.5276239996771,220.42703247070312,96101,50.39372780091402
2021-06-23,221.6142372125946,222.29779640286694,217.11719506136498,217.36903381347656,59178,40.926356929916174
2021-06-24,217.69281527614004,219.74347096036053,214.31105263523887,215.1385040283203,110451,39.719978008809605
2021-06-25,216.57757273763133,219.16787368028938,213.4476266801785,215.64219665527344,260657,42.14943920293919
2021-06-28,217.22510221405892,218.8800267675654,215.1744467663508,216.0378875732422,46019,47.9999653473638
2021-06-29,216.57758701705586,218.48432882340308,211.54089894689176,215.89402770996094,165339,51.22617567248975
2021-06-30,217.80076966883436,219.49164007081538,214.418984948442,214.8866729736328,98002,41.39005933915183
2021-07-01,215.7860828086422,216.97329763634048,206.57614855703784,211.6488037109375,90691,37.96390458710857
2021-07-02,213.3396799662706,219.45565730088546,213.3396799662706,218.84405517578125,85357,28.665171830379393
2021-07-05,219.45565730088546,222.90937689479426,217.36903413130665,218.84405517578125,445628,30.89615953065099
2021-07-06,220.1751695780325,220.8946962759999,214.49091305573225,215.60617065429688,147871,33.589644597181135
2021-07-07,216.57755083317875,220.89471131490325,215.1744648933328,219.95933532714844,93414,49.93477627349395
2021-07-08,220.89469151781094,220.89469151781094,215.85800474053187,217.29705810546875,74909,44.81929385457047
2021-07-09,217.2970866643823,218.6641831491047,215.4623021662305,217.9446563720703,34192,44.282198269412355
2021-07-12,219.45565876348851,220.89471226357696,214.41897151317895,214.74276733398438,165386,41.083522741416324
2021-07-13,215.35435199198602,217.6568464233869,213.05187951879944,213.91529846191406,99833,44.174751284754244
2021-07-14,214.81471712649787,217.26112581044833,213.59153474273796,216.10987854003906,87139,51.640359755682766
2021-07-15,217.1531528795943,218.44831413601023,214.41896015751507,215.7860565185547,89711,50.24442093910735
2021-07-16,216.86535258820894,217.8726856211575,213.05186969268465,215.82205200195312,80030,49.62875321445387
2021-07-19,219.45567816325345,220.8947317905535,216.72148505466973,219.7434844970703,160007,55.859751355780865
2021-07-20,219.45566754008448,220.85875354206925,214.05921669893485,216.5775604248047,81650,52.41519760707694
2021-07-22,217.69280348553912,219.02393232833802,214.05920228053301,217.18914794921875,64502,58.555491988150706
2021-07-23,217.47697365436446,218.44833921865725,214.95862987342062,215.39035034179688,45640,43.60008369525878
2021-07-26,216.32572855807587,216.43365318669706,213.69946012328796,214.23910522460938,46122,41.815944305357284
2021-07-27,215.3183914068748,215.82206894198976,212.2604025564848,213.5555419921875,53892,45.99163190898419
2021-07-28,214.4189749128028,214.4189749128028,209.0225242019101,209.8499755859375,70421,29.725930228217038
2021-07-29,210.1018191499653,212.97992626160865,210.1018191499653,210.64146423339844,75314,35.569563885416954
2021-07-30,210.10180730544016,215.3903332165862,208.5188396999905,210.71340942382812,91412,33.92006091217611
2021-08-02,211.57685357884796,214.3830257559031,210.60550993409998,211.28904724121094,69633,41.30441965050639
2021-08-03,211.28901162699677,214.31103255834327,210.4615603114319,211.5048828125,85150,43.73834131785422
2021-08-04,213.1238396007616,213.33968885003907,210.10181836158992,210.53353881835938,36515,34.53095197983801
2021-08-05,210.38963215988878,211.21708358915632,205.10110578242575,206.82798767089844,58452,29.075715432353093
2021-08-06,206.82796698682606,208.87860059743448,206.50417117556515,207.90725708007812,35936,32.37175696526036
2021-08-09,208.66273527757008,217.62085114432278,205.92854270204515,211.14511108398438,204058,30.247800279158255
2021-08-10,209.0225132474038,212.18842644023135,202.94250364848844,204.20167541503906,67518,25.774524878822746
2021-08-11,205.2449915322913,212.97990357075625,195.92711196778578,209.0225067138672,96200,36.27564362610271
2021-08-12,210.10182319972827,213.2317691356138,205.60478075110393,206.86395263671875,54710,35.84225013529756
2021-08-13,207.87126455634862,217.00926266341185,206.8639315422204,209.31031799316406,378927,42.15342235480164
2021-08-16,210.8213469627282,221.97401207509097,208.08715397653162,216.68548583984375,393293,54.107662226665155
2021-08-17,215.13849068108252,217.29707085514022,212.26038378233895,214.4909210205078,64350,56.34219568516582
2021-08-18,213.33966227073557,216.68545696698163,208.8785880369329,210.209716796875,62367,49.46136013276868
2021-08-20,208.73471262165913,211.86465834663716,205.78464858250499,208.08714294433594,57896,46.883005730350796
2021-08-23,208.66277031690367,210.1018239052961,197.15034160976415,203.0144805908203,77687,41.12651073592025
2021-08-24,202.90654582289963,207.51151268397513,200.24428803413625,205.28097534179688,36720,43.606783903057725
2021-08-25,208.48286451672777,208.66274619448166,203.76997334286162,205.13706970214844,39277,44.360871804438744
2021-08-26,204.4175657149202,207.58347920367993,204.0578023194199,205.38893127441406,67973,48.379249164963596
2021-08-27,205.42490162606822,209.92194413101717,205.06513822567229,206.82798767089844,40297,48.79423450060058
2021-08-30,207.36761620104045,212.18843220619195,205.3889176569779,208.08714294433594,60602,46.4255890348607
2021-08-31,208.08717144492016,210.8213646606453,206.68408532003536,208.7347412109375,37896,56.21308432949785
2021-09-01,209.74205343835422,209.74205343835422,206.5041829736112,207.83531188964844,42825,48.17683338332334
2021-09-02,206.8639394875515,209.09447679192957,206.50417611452968,208.195068359375,54441,52.1637265027477
2021-09-03,209.2383650871656,215.85801981133173,207.51150532031758,214.814697265625,101851,57.878467161096076
2021-09-06,215.7860924183567,218.12455462119934,214.23911412196563,215.21047973632812,61155,47.36169548442881
2021-09-07,216.28976322321955,230.24857892915657,213.69946231862343,224.96005249023438,428471,64.74165021913569
2021-09-08,228.36908510632742,228.36908510632742,221.94994025047248,222.96539306640625,93279,69.19755507645897
2021-09-09,222.312591013255,224.23470197344017,219.15741604491558,220.02781677246094,78867,67.54065392364046
2021-09-13,220.02780205365767,220.02780205365767,215.8934320772017,217.9606170654297,57674,74.08206355731349
2021-09-14,218.32330939947389,226.5194912304858,217.67051987814565,220.6443634033203,138150,74.4259321885051
2021-09-15,223.8357812424644,225.032565641558,218.28703747560496,219.302490234375,103167,71.69489616259891
2021-09-16,219.30248582805663,220.49927020310392,217.1627636611466,217.56170654296875,72232,67.8299156283176
2021-09-17,217.56171514336157,223.83578559347316,214.91425543500696,222.49392700195312,149927,70.81632065490888
2021-09-20,221.29714147203148,227.49867480652375,219.5200825171272,220.10035705566406,148490,65.49556408090385
2021-09-21,220.10035066610405,221.55100376751793,216.50997538602084,219.22994995117188,42637,63.46015655577299
2021-09-22,221.94994494178655,226.30190464652748,217.67052232583367,220.35421752929688,264900,65.96349429026728
2021-09-23,222.60272577347976,224.05337895171712,215.6395860908983,216.87265014648438,78870,60.24922810080719
2021-09-24,219.0123654181205,219.19369705958766,214.00759440545875,215.16812133789062,50924,50.47226787265364
2021-09-27,216.25610943840286,216.25610943840286,210.4897765674903,211.9404296875,130600,45.937792146643304
2021-09-28,212.81079149208713,213.78998669789777,207.4433797984691,210.01828002929688,75130,26.957526835163762
2021-09-29,209.61937073877186,211.36015001336682,207.4433911117258,208.3863067626953,108830,27.262494318330553
2021-09-30,209.40177024515972,213.9713183594304,209.40177024515972,210.7436065673828,81452,35.253457784826765
2021-10-01,210.27217747629822,211.5052415536862,207.4434081557619,209.69192504882812,74989,36.428641910008295
2021-10-04,212.5206954531007,215.1318756604541,207.80607251642783,211.36016845703125,111268,34.236427294174206
2021-10-05,209.69191800610574,212.59322431643523,209.6193809213054,210.1633758544922,51242,34.40593247390015
2021-10-06,210.16338453732217,211.07004279675843,204.90476663259193,205.55755615234375,161714,31.34159576809526
2021-10-07,206.7180621328037,208.82150465377987,206.7180621328037,207.22579956054688,70352,23.588425713784943
2021-10-08,208.02365492671055,208.89405567945923,207.3346079547276,208.20498657226562,36806,28.36407032735245
2021-10-11,208.2049954805337,209.25672792383693,208.1687380039556,209.0391387939453,51066,31.439935215615392
2021-10-12,208.89405170753074,213.39108528587417,208.89405170753074,211.65028381347656,76004,34.96235190280933
2021-10-13,213.24599182080388,213.24599182080388,208.89403280405278,210.01828002929688,73770,37.34931819333908
2021-10-14,212.15801886792454,212.15801886792454,208.53138606676345,209.7644500732422,52846,39.46250707438955
2021-10-18,211.7953670839504,219.2662222057724,211.75910960805473,217.67051696777344,212972,59.44979237115612
2021-10-19,219.5563641016984,225.50402876252926,213.28227149134347,217.5254364013672,204623,63.15129080666796
2021-10-20,216.87262067775276,217.63420463875872,213.24598822494752,214.18890380859375,62357,59.592313012717646
2021-10-21,214.04387401487827,217.5979697605926,212.593220883141,215.16812133789062,52770,57.6633562257485
2021-10-22,215.5670527676357,217.59795818999203,212.66574665843578,215.3494415283203,68282,60.10356142971671
2021-10-25,217.52542372420362,222.13125165494807,212.520675052734,214.58786010742188,84946,55.957134987839595
2021-10-26,215.42199049601146,221.22460303462455,214.33400064502152,219.62887573242188,79062,65.29891697071426
2021-10-27,219.99156009704856,222.67527750741175,218.28706020866332,219.66517639160156,60556,76.75376077680376
2021-10-28,220.49928627918123,222.60272899098646,216.90891075706404,217.67051696777344,69820,69.56519005106634
2021-10-29,218.7947703841042,231.99572371544028,214.44281066632905,226.62831115722656,542694,76.56901150833627
2021-11-01,224.85123500474484,234.20794326015832,224.19844552370856,226.0480194091797,221451,74.7101140213749
2021-11-02,227.17229650712073,230.58131819396766,225.5765691573893,226.4106903076172,119676,72.94242538371851
2021-11-03,225.64909415457103,232.46715929820982,225.64909415457103,230.83517456054688,169580,79.7717260083607
2021-11-04,233.48261256224603,237.47190859654577,232.5396968991318,236.02125549316406,122308,82.90895849732676
2021-11-08,236.45645141601562,265.4695129394531,236.45645141601562,244.43504333496094,639087,83.12374325265475
2021-11-09,246.61101089632757,250.81789575753456,241.53372537787376,246.6835479736328,334420,84.30023715176637
2021-11-10,243.637210066801,257.3458789173223,242.73055178124784,254.80723571777344,365540,92.94473667992885
2021-11-11,253.64671069800212,261.11756552419354,246.6110341061828,252.9576416015625,364991,89.23186105381883
2021-11-12,254.22695604010048,255.89519825275622,246.64728473061277,253.42909240722656,114299,89.29634080590954
2021-11-15,253.1389495638718,256.04025557606514,248.82324801665087,249.58485412597656,107828,83.95487730242091
2021-11-16,252.41364738171012,299.4873375382111,252.41364738171012,292.0890197753906,3883677,90.70899300718004
2021-11-17,300.6478539480423,309.2792354365172,290.4207452009343,293.2132568359375,3037983,90.821197614507
2021-11-18,297.63778186980187,300.974288736802,284.0016281818907,290.3482360839844,630762,89.95212630053919
2021-11-22,290.34824533563034,290.34824533563034,265.0706296225872,270.1841735839844,495045,71.31699860812955
2021-11-23,270.1479298311445,280.7014241324255,269.0961972949092,278.16278076171875,355180,73.78353388356226
2021-11-24,278.525390625,294.9903118936345,277.4736582906917,281.42669677734375,429521,74.45985569920569
2021-11-25,291.5812905053371,312.615761710946,287.41066259388015,308.7352600097656,1156918,78.77814392961467
2021-11-26,303.18650512527546,314.791730201841,294.48258631785126,299.4873352050781,627906,72.76274987475684
2021-11-29,298.1092184939393,320.5943420299785,273.26678361944437,300.8291931152344,812282,71.30721116378048
2021-11-30,300.9379813931277,310.1858949125472,290.1306202170833,293.43084716796875,204565,67.00078943329166
2021-12-01,298.58066439502323,319.14367613678763,297.2750854830928,314.68292236328125,442397,69.87719037148847
2021-12-02,317.6930602632462,317.6930602632462,301.01054796631774,303.4766540527344,271297,65.79007962920464
2021-12-03,303.94809730192276,324.22098425423013,295.1716633110395,302.860107421875,336549,65.43601753148255
2021-12-06,302.4612057723913,315.04562727413634,297.4564564348546,302.3161315917969,244616,66.81315142017687
2021-12-07,304.56460767818055,310.693625754196,299.81372772709824,301.51824951171875,85485,54.09577292723218
2021-12-08,303.04146805551864,307.5385021772906,299.6687035317961,301.0830993652344,112441,53.4390093566275
2021-12-09,298.87079116422683,307.0307147176936,297.6377493306063,301.73583984375,180342,55.0743317135499
2021-12-10,301.73586652403634,311.89043895513373,300.2126762323295,308.9165954589844,257311,69.5175481762888
2021-12-13,310.476042645723,312.6883020594847,299.77747528298,301.44573974609375,150118,61.79279784490567
2021-12-14,298.8345415036611,333.72275332469843,298.8345415036611,315.26318359375,2101532,65.48291725456156
2021-12-15,314.7917016159969,322.04496663019034,311.1650691089001,313.95758056640625,240811,53.13587247531342
2021-12-16,313.7037315927992,318.9986065320736,307.5021984697306,309.1704406738281,115748,56.1435847232893
2021-12-17,307.61100834107924,318.4183700029764,302.46118517367006,306.9944763183594,222003,53.87068393374176
2021-12-20,306.99451285415404,309.4243616239289,293.7935586156727,301.5908203125,207026,55.25459594875773
2021-12-21,303.11397774897927,315.5170668738199,297.45643919705026,299.7049560546875,459354,37.149960674739766
2021-12-22,302.4249325207178,311.8904357276708,301.2281259312684,308.84405517578125,159912,54.77419099152703
2021-12-23,308.8440537539173,315.51706724866307,306.12407903625643,311.52777099609375,105208,57.43624438004853
2021-12-24,312.61575461943437,315.00932346893285,305.1811572067912,308.48138427734375,128177,55.071589129558326
2021-12-27,310.3672411149876,315.5170642925519,304.6371655238432,307.103271484375,309849,54.55084382456884
2021-12-28,310.0045845077491,314.32028663315316,305.3624986933719,311.7091064453125,89526,58.10734980262095
2021-12-29,311.63656923458086,315.51707097126973,308.6264682718972,313.1597595214844,121224,58.61128658035267
2021-12-30,312.61574829214453,315.51705454079547,303.1865029840288,307.8648681640625,175816,49.18401451693177
2021-12-31,308.9891116564915,311.8904178692285,306.704337441003,307.68353271484375,47219,55.45684235705689
2022-01-03,308.7352594054894,311.8904345071974,307.03073748753576,308.62646484375,99904,42.50616468849888
2022-01-04,308.98913219657675,310.94752287444237,304.6371725881743,305.906494140625,51735,41.19051498912747
2022-01-05,307.06699494568306,311.45521165587894,302.4974244653902,303.2952880859375,132460,43.24999596788614
2022-01-06,302.9689197812003,304.20196167981095,299.5598760184318,301.11932373046875,87247,43.24999596788614
2022-01-07,302.42495009535423,305.3262566428181,299.6324381163777,303.6217346191406,40502,52.499994365067025
2022-01-10,304.56461602628275,308.7352437176536,298.0366770310936,300.5390625,79432,50.99737264632901
2022-01-11,301.01052050753293,301.01052050753293,291.2548694827832,293.2857971191406,81185,30.517767816539987
2022-01-12,294.1199009250634,297.38387023249317,290.8559316176336,292.70550537109375,85160,25.119888985703682
2022-01-13,294.19244949128876,302.8600883761339,292.30659605742477,296.15081787109375,70017,33.87100894813149
2022-01-14,295.53432170653656,305.362487939336,294.22872059099035,302.461181640625,76623,44.62187060697001
2022-01-17,305.725165362601,310.8024516201056,301.1918740612576,302.96893310546875,53908,38.81158165649128
2022-01-18,303.4766064049846,304.9997964982482,287.2655545302953,288.02716064453125,226795,26.087029744541553
2022-01-19,288.97007027090075,303.91180044788615,285.8148956005458,295.1353454589844,201338,38.29220138757515
2022-01-20,296.4409739535805,298.7620056646698,291.61753462096516,292.1615295410156,70877,36.4213499494096
2022-01-21,290.130639359311,295.280462634981,288.67998616251447,289.9855651855469,54134,34.03730434868962
2022-01-24,291.1823423201123,291.1823423201123,277.3286012653432,279.5771179199219,97193,30.076874227851604
2022-01-25,279.25073254867465,301.445730264001,268.87857133666523,288.0634460449219,207278,39.41535563066512
2022-01-27,288.06345425023545,299.342296141287,278.67048807808067,281.1728515625,142104,36.991517496407575
2022-01-28,282.91363371796797,290.13064229924623,278.1627533044023,279.6859436035156,92159,34.18026312710927
2022-01-31,282.36961120558647,286.90290204908234,282.36961120558647,284.11041259765625,26070,39.33114063772086
2022-02-01,285.5610865993612,293.39460489703964,281.1365899847494,285.3434753417969,47166,44.40470887303862
2022-02-02,286.75786799896133,289.6591743206704,281.46297068071596,282.36962890625,84271,42.95602815874986
2022-02-03,283.6389720651217,288.42613228826895,280.6288709537044,283.24005126953125,50070,40.88118773467373
2022-02-04,283.2400369125462,290.13063960312036,280.01232469287703,287.0842590332031,56090,38.747348585175125
2022-02-07,290.1306275714807,290.6383650238149,282.91361935655607,283.5301513671875,49459,36.38209244194051
2022-02-08,282.18830255524915,286.2138784332702,275.69664281976213,280.8464660644531,67571,43.926405578795375
2022-02-09,282.659771076893,300.756655582421,282.4059023522426,296.3684387207031,176458,50.91302595139446
2022-02-10,296.3684362524843,308.2637873857391,290.89220745427053,292.052734375,259804,49.921013788577504
2022-02-11,290.13066182609737,297.8916658840306,282.91365275908805,285.0533752441406,215050,46.653561241291115
2022-02-14,286.4677098143306,286.4677098143306,265.7596249737297,275.0075378417969,92437,46.884257066687084
2022-02-15,277.03850323098544,282.1520468977994,271.9974745158734,281.1728515625,59242,45.14811725263329
2022-02-16,282.5872536745233,299.41481786398555,282.5509740626407,293.1407470703125,213606,57.86463405438447
2022-02-17,293.14071715859836,298.3993345815747,292.27033859040375,294.7001647949219,49061,59.85711583803096
2022-02-18,294.7001934965592,296.65858420234633,286.50401163796283,288.46240234375,62793,52.79071751690603
2022-02-21,288.46237823560847,289.44155137145646,279.25072218226546,280.3749694824219,43062,47.07138771266472
2022-02-22,275.6241009892409,275.6603584642342,261.8428959397789,264.8529968261719,89817,41.00558890330192
2022-02-23,266.920170366991,275.6240889659146,266.920170366991,271.562255859375,23154,44.34291688571112
2022-02-24,268.3708033654683,268.3708033654683,259.0866330760974,260.3922119140625,63559,37.926495382460274
2022-02-25,261.98797515530066,276.34943289247894,261.98797515530066,273.59320068359375,115947,45.86603376705949
2022-02-28,271.272105589841,275.37019580606847,260.7911290197868,271.7073059082031,67153,46.17252374279613
2022-03-02,271.48972500393353,280.12112885399426,269.9665569223559,276.0592956542969,66208,40.61663521441486
2022-03-03,277.4736685127657,282.8411028005043,277.0022106726833,277.4011535644531,32217,43.03930008939681
2022-03-04,271.99747064320434,288.67998217598756,271.99747064320434,283.892822265625,57480,49.44596977942811
2022-03-07,277.07471714734334,279.6858969192289,264.88924105882074,267.3553466796875,65210,46.56016282045056
2022-03-08,268.6972436177031,276.567019396335,263.1484775063986,273.62945556640625,75871,46.61238226074715
2022-03-09,273.6294447041866,279.3232626260672,269.0961537051113,274.6448974609375,138833,40.787572056644535
2022-03-10,277.80007873909676,292.30661026594254,275.37023028130795,277.6912841796875,122405,41.65186056592407
2022-03-11,279.10561897592453,284.83571584172313,278.70669826840015,280.12109375,66365,45.74702213126896
2022-03-14,279.97605756644543,285.0533435844898,278.6704785873182,283.3851013183594,99769,51.614169130676416
2022-03-15,282.15202003636887,287.30184282397164,271.99744862117825,275.5515441894531,100206,56.25262183132957
2022-03-16,284.1829670301606,286.32268945968843,277.691306921385,278.779296875,65569,54.39682861947078
2022-03-17,284.3280130343809,289.6954251799267,280.3024594590241,287.55572509765625,68679,67.04594027733306
2022-03-21,291.54499919964195,296.6222847635651,285.0533180888283,286.685302734375,90756,59.719913722007234
2022-03-22,288.1359990729987,289.47785774367867,282.913638568,287.4469299316406,56431,61.88388833076802
2022-03-23,288.89756169040834,291.472484274655,282.9136175352688,283.2037658691406,43756,55.403168554117535
2022-03-24,284.4731012288802,295.9332526489461,282.1883047318775,284.1829528808594,346442,55.15718045234923
2022-03-25,288.4623835136141,290.05808867415504,280.12112802308206,281.75311279296875,124776,48.26573439027382
2022-03-28,282.87737388148764,282.87737388148764,268.80604227442507,269.4588317871094,166503,51.83083642027612
2022-03-29,271.9249172704831,277.2198143296614,271.88865979732,274.1371765136719,60044,50.45453775502008
2022-03-30,275.69664138017487,279.2507372453462,269.9302861336217,273.7382507324219,87485,49.179263594266864
2022-03-31,275.1163366093477,279.214449102298,268.3708089150263,269.49505615234375,60701,42.7377730764322
2022-04-01,270.87321691838144,279.0331408458773,270.87321691838144,276.38568115234375,57334,46.93272349655789
2022-04-04,279.2507219353497,300.2851918993111,279.2507219353497,294.8815002441406,347347,57.551182567058106
2022-04-05,296.73111204589725,296.91244369318326,287.22932930106725,288.35357666015625,57735,58.55550266537935
2022-04-06,288.6799765568318,297.38389544799253,285.7061331753098,293.6484680175781,93697,59.66978875959223
2022-04-07,295.06283071639945,306.8131296418742,284.32800666575577,290.31195068359375,385719,51.928920653606724
2022-04-08,291.79887317737797,297.2025650320448,290.20316798853355,293.8660583496094,72144,54.8434546802627
2022-04-11,294.4826122314807,303.91185843593695,294.4463547540099,302.20733642578125,175115,59.03240107701059
2022-04-12,303.0414335802731,303.18650774906973,288.4623871598378,299.4510803222656,200639,60.126572647647805
2022-04-13,301.37321922932193,305.36251575341646,293.39462618113294,296.4772644042969,160398,57.47685267671549
2022-04-18,296.6585760124272,308.6264647757647,292.77807431969677,301.264404296875,268738,61.53516121722287
2022-04-19,304.63714864959627,308.26378137161527,293.7572504835392,297.3476257324219,139581,68.3007860530652
2022-04-20,300.28519874014887,306.77688036892937,298.8708030804047,302.3886413574219,166289,68.45095114447463
2022-04-21,301.08307811701286,312.2531034052815,301.01054102948154,303.2227783203125,232143,69.14741353580747
2022-04-22,301.0105024319941,306.8131145270687,298.8345228963411,299.8499755859375,99961,69.93804527097076
2022-04-25,298.725742369514,299.92252674326147,294.6639092852478,296.0057678222656,78252,63.42431251949718
2022-04-26,296.69483084198873,307.64726670628966,296.69483084198873,302.7513122558594,130080,56.41633126719295
2022-04-27,302.09850820042965,303.0051663883061,296.4046903535237,299.23345947265625,71081,59.32833048128902
2022-04-28,298.0366551444678,301.7720822014692,290.565801030465,292.4153747558594,59608,48.96966680300405
2022-04-29,293.50339574808777,300.9379931824016,291.58128474089267,292.5242004394531,53477,51.95387527175714
2022-05-02,290.13063565764367,292.3791525110326,285.778676122779,288.35357666015625,44363,45.18378527979335
2022-05-04,289.8042209630089,298.79828810111565,287.3018575882247,287.7733154296875,69382,35.41055655154459
2022-05-05,293.7572677871905,301.0105336584791,287.33812306405787,291.1460876464844,134527,41.70891351663592
2022-05-06,287.30182143189063,292.3065696868321,277.800040173838,280.12109375,104376,35.93260572744228
2022-05-09,280.1211498245283,280.19366477844335,271.4534878513426,272.83160400390625,88258,26.55505932159886
2022-05-10,274.20968492632136,278.1264658838317,253.93682175945756,265.2881774902344,72712,25.05646299465667
2022-05-11,265.8322041800812,268.40710480714057,250.38275614730162,259.5943908691406,74012,17.0391605091026
2022-05-12,254.6621561442854,264.1276587681566,226.77334144136074,231.5605010986328,333361,11.10239258195071
2022-05-13,224.85124376085068,224.88750123640514,200.62533998914316,202.36611938476562,761878,8.671615694987082
2022-05-16,202.36610924704334,212.52068103721754,195.54804404353976,199.13839721679688,260055,8.717182100907394
2022-05-17,200.15386703889817,210.09082732954994,200.15386703889817,208.89404296875,90822,11.00062363192174
2022-05-18,210.6348222331144,213.97132873535156,202.72876739501953,203.81675720214844,77324,10.859885524521545
2022-05-19,202.94636433613957,202.94636433613957,197.0349572495993,197.6514892578125,54139,10.91836136227424
2022-05-20,200.29893831553926,205.81142496182332,200.22640122771747,204.8322296142578,59497,15.828160566672892
2022-05-23,207.15326887131744,207.15326887131744,199.46480294879467,202.03970336914062,41189,16.000006251030825
2022-05-24,202.3661035021163,204.21567731444978,197.28881775116713,198.63067626953125,24308,15.651208946739743
2022-05-25,198.73947391918628,201.2418593609387,170.8506703947776,177.12474060058594,424746,11.451696790130896
2022-05-26,181.3316502921302,191.12355940790522,177.26981689854424,189.52783203125,163009,19.655015627581093
2022-05-27,190.7608897185479,192.93686944917772,187.13425683416486,191.08729553222656,48071,21.526034207272076
2022-05-30,193.7347504749564,197.25258911514896,190.65211224693832,195.1491241455078,32936,24.961175011120474
2022-05-31,195.11286278649254,198.050426773617,194.16994702488054,195.693115234375,67064,26.31721218786737
2022-06-01,196.6360326593219,203.7079665407853,195.65683738715424,199.64613342285156,67200,35.60209820537355
2022-06-02,199.5373299473358,199.86371359999512,195.11283375121448,196.889892578125,31929,46.755473990634094
2022-06-03,199.39225031355494,202.36609338896486,188.6574269735282,192.61044311523438,48308,46.179959161558294
2022-06-06,192.13899805347918,198.59439990079224,186.40892275384644,195.80191040039062,53549,41.7011643049648
2022-06-07,195.47550323072392,200.95170977327084,192.71927122292735,196.7810821533203,52744,45.295827550337066
2022-06-08,198.376813279738,199.21093439299474,193.69844813441344,195.5117645263672,54317,48.469116054778155
2022-06-09,192.5742153349469,197.14376413287798,192.03022037637362,194.6776580810547,29370,42.00913625810146
2022-06-10,190.86969441483558,194.96778536478968,189.38278370735517,190.4344940185547,35201,41.07144240722945
2022-06-13,189.31023680074804,191.48621653408998,184.01535056942828,186.73533630371094,134283,40.88890270586523
2022-06-14,186.4089346085582,191.48622076521156,183.7977544438086,190.652099609375,49780,64.18252609963375
2022-06-15,192.1389999641758,193.58965307396227,187.46065696624032,191.05101013183594,89307,52.13413656438711
2022-06-16,192.93687617168885,192.93687617168885,183.18123558630316,186.62652587890625,27211,44.21446730494525
2022-06-17,187.13425683591655,188.29478378597207,181.40418130557978,184.01535034179688,23352,34.995083105996386
2022-06-20,182.12949649231504,183.10868066930755,175.52902062841943,176.9434051513672,40794,28.51202194717527
2022-06-21,179.590868732414,187.89584493552212,176.25436197982773,182.0207061767578,41390,30.307953534203236
2022-06-22,181.6942984136934,186.19133181933364,177.70500244053846,178.53912353515625,29442,29.82456316940484
2022-06-23,181.33163452148438,185.68359375,178.72045455733314,183.5076141357422,26982,40.141419743436266
2022-06-24,185.68361236892278,197.10750648927643,185.32094906351472,190.21690368652344,79145,44.379568858531265
2022-06-27,190.398219467082,193.66218894366054,187.27932415465747,189.3827667236328,53795,42.53296174940138
2022-06-28,188.58489869940013,192.82806334717847,186.55399325979795,191.9939422607422,83252,46.54313494165086
2022-06-29,188.62115998625774,192.138998171714,186.4089228685552,187.09799194335938,34144,43.10231202748072
2022-06-30,187.09801084868835,189.67291150063517,184.23296184000512,185.28468322753906,22710,45.096695196563395
2022-07-01,187.2067988248009,202.18478860277116,183.54389730206367,191.48622131347656,370118,54.31772620517582
2022-07-04,192.21154152097853,192.39287316392284,187.42438172020644,190.61581420898438,30477,49.96508984739947
2022-07-05,190.03554266264737,192.6467224850536,187.17049413865016,188.25848388671875,48758,47.41088094644581
2022-07-06,188.22225424791438,193.40833505352177,187.1705218151806,190.72463989257812,34777,53.94278503252599
2022-07-07,192.06645589141638,197.94160519926842,191.1960773383477,195.87442016601562,60212,60.8782054619734
2022-07-08,194.38752620456975,197.9053645946424,192.8643359378649,194.895263671875,35511,68.5393315085417
2022-07-11,192.21154023659028,194.93151486257975,188.9475706854029,191.848876953125,55516,60.59419704875246
2022-07-12,191.84888122715526,197.72403097722182,190.7608913525211,194.3149871826172,71130,67.3860876590017
2022-07-13,198.01415002035264,198.73947657720376,192.71927500942348,194.78643798828125,41606,63.797679309220975
2022-07-14,194.38749226824604,197.36133519640612,190.7608599498086,191.92138671875,30027,52.30161748870774
2022-07-15,191.92142290677026,193.5896652337265,187.64200039114283,191.7038116455078,20126,53.18725233168613
2022-07-18,191.70380751531792,196.781093609097,190.47076560224085,196.59976196289062,31351,55.95126323397835
2022-07-19,196.5634961306582,205.0135460575726,194.5688481071921,201.930908203125,88909,68.95272862829263
2022-07-20,201.93092245702763,211.36016832445907,200.91546963680807,206.17408752441406,103441,75.13088543907752
2022-07-21,207.95113815884883,210.81616485244814,206.06528463451903,207.87860107421875,68843,72.1134983835171
2022-07-22,207.44339048593932,221.0070056410268,206.21032651358252,214.0801239013672,180181,77.67323790976091
2022-07-25,212.52069102284014,216.87265056597,208.93031554567366,211.07003784179688,93321,76.49544626077291
2022-07-26,212.230557972778,212.230557972778,204.90475521760223,205.73887634277344,78791,66.3507212959698
2022-07-27,206.35542593157228,206.35542593157228,202.40238694980005,203.41786193847656,33270,58.75428048079508
2022-07-28,204.10690200361597,204.3970282182662,202.00345927838777,202.43865966796875,33526,58.754218055402085
2022-07-29,202.98265782431974,205.9565013756388,200.6253463233687,202.51119995117188,48707,63.29118546861126
2022-08-01,202.29357837345665,207.443401509296,201.49571470984034,204.3607635498047,43525,62.71811816050529
2022-08-02,204.542090798583,207.26206541026627,200.40772053474038,203.34530639648438,53243,60.688441146250966
2022-08-03,203.09143448900517,203.8167610407516,200.33520244645254,202.5474395751953,43869,63.99240813469251
2022-08-04,203.59917061960329,211.79535174753002,201.35065389661156,208.8577880859375,104194,69.4650400710034
2022-08-05,210.1270924328382,210.1270924328382,202.40234762728247,203.3090057373047,43917,57.50199707698225
2022-08-08,203.09144302169648,210.88870378056518,203.09144302169648,208.20498657226562,87537,57.08435589904115
2022-08-10,203.12769200405384,207.80605711785915,199.42854429755815,200.3714599609375,121730,43.939379933962556
2022-08-11,200.37146061943093,202.18477700512713,196.99869656907794,198.3042755126953,128603,40.07517686207779
2022-08-12,199.1021427945503,208.1687248890198,197.4701580175458,202.8375701904297,253317,37.92836896862456
2022-08-16,203.23650868105003,204.4695505380607,200.48025450291325,201.09678649902344,46698,38.99119608295591
2022-08-17,201.31438680967076,210.19963756406096,201.24187185862002,204.54209899902344,236791,48.621569125060546
2022-08-18,205.26743284521595,210.3084616932026,202.00346306499168,202.6199951171875,95644,49.07250558830948
2022-08-19,203.09144945402824,205.41250344473025,198.19549486897577,199.537353515625,85816,46.78457135397043
2022-08-22,197.28881898051142,198.95706116927758,193.66218627866377,194.49630737304688,70628,41.99853273529704
2022-08-23,192.93688953413945,197.28884944844333,191.30490456627547,193.66221618652344,72797,39.09833730752534
2022-08-24,199.35601305730182,221.94993138388025,198.70322356850895,211.3964385986328,1898050,56.119073281735595
2022-08-25,214.04386518843447,214.58786009040344,207.22580017746515,208.78524780273438,342906,54.61372869851862
2022-08-26,208.2412604025528,216.8726420643599,206.75432766914605,212.04922485351562,167702,52.47190719090818
2022-08-29,207.44336996990467,207.66095905634967,203.16394823323128,204.97726440429688,111852,51.26235352826489
2022-08-30,205.6663437113439,208.09619219091357,203.52664357308038,205.30368041992188,133747,47.64151177433135
2022-09-01,204.54207556660896,216.8000891433818,203.85300652887923,206.24659729003906,311407,55.37847381215063
2022-09-02,207.22581586979047,211.6140328905574,205.41249939257918,209.619384765625,194783,60.11673273845531
2022-09-05,210.7073640739773,226.30188499511502,209.80070588088788,223.0741729736328,824909,65.60400994721425
2022-09-06,230.25493084035398,231.9957101990011,219.1574209254588,222.60272216796875,398359,66.91385581712947
2022-09-07,221.9499277326461,224.01711285915883,219.8102055229696,220.02781677246094,129767,62.348171339771575
2022-09-08,221.94992127857623,223.72698015596885,216.90889297061634,217.70675659179688,146365,61.9539901362528
2022-09-09,219.33876708875277,232.03198303295386,218.46838841942042,226.95469665527344,360351,69.79055629827934
2022-09-12,228.4053042882201,235.00577968797955,223.87201378497974,224.88746643066406,592850,72.9211764665265
2022-09-13,226.6645457886937,227.3173352535232,221.80484907290028,222.6389923095703,145711,71.39792283676155
2022-09-14,216.94517830755083,221.94992713953764,216.80010414161094,219.19369506835938,101880,57.29801462970574
2022-09-15,219.77395195826705,225.5765645512246,217.59797223590797,218.03317260742188,166832,58.8974152996223
2022-09-16,218.39583650444737,219.88274713146143,204.25196826961042,206.42794799804688,169564,45.339756207400804
2022-09-19,209.58006037244152,211.7059117501263,206.75779899141745,209.3601531982422,71010,53.901365220440844
2022-09-20,210.7529420714728,230.8752754020108,210.4230589528644,217.31378173828125,770348,59.41253652752126
2022-09-21,219.84280545870422,225.92716473808142,212.9887487241703,215.62774658203125,253200,57.267527149660914
2022-09-22,215.81100507959545,222.1152713817984,212.65888311400576,214.60147094726562,246925,54.00521195462037
2022-09-23,215.2979056104662,215.81102983736852,211.88918761327565,212.87881469726562,71836,39.898165694375535
2022-09-26,212.58558238158702,213.31863611393732,207.08767938895977,207.89404296875,91204,36.62269124893628
2022-09-27,209.9832455516483,213.24532115987492,208.0406353106204,208.73704528808594,87790,39.397206412527005
2022-09-28,207.01436889239875,209.43345962418408,204.63194426973067,205.98809814453125,87012,39.08312300175524
2022-09-29,207.45420598597056,213.17201614247443,206.171361956022,206.64784240722656,78729,27.47887549896332
2022-09-30,208.55380059494897,208.55380059494897,201.29657264071832,202.1762237548828,196074,26.087590771801302
2022-10-03,202.72599177496187,204.26540901907828,197.99780883284723,199.72048950195312,114307,25.974227897458007
2022-10-04,202.65272014517365,202.7626737345588,196.75162397655035,200.3802490234375,98170,29.05433826102616
2022-10-06,201.88298976146132,205.14508775979368,201.88298976146132,203.27578735351562,94018,34.18121936474954
2022-10-07,202.02961155166327,203.71562617465466,200.85672111474454,201.55313110351562,71818,43.36986442377614
2022-10-10,200.30694967768716,205.40168250628048,198.69422237871515,201.8830108642578,70600,39.05578440595231
2022-10-11,201.62642257622164,203.31245960365985,197.8878663927811,199.42726135253906,63848,18.797902702115664
2022-10-12,199.39063163082508,200.6368320269283,197.9245240453043,199.31732177734375,30776,19.89171472898262
2022-10-13,200.49019030963674,201.5531271408579,197.19144860435935,199.39060974121094,66452,20.897533735317523
2022-10-14,201.55314691176096,202.13958099070342,197.92452173160444,198.51095581054688,58452,21.594112309222027
2022-10-17,199.09740544241498,200.52684685002072,194.25924615823132,196.05523681640625,53044,23.993483857127544
2022-10-18,198.10779056108356,203.38578689909573,197.63131006261654,198.32769775390625,68452,28.484805668866585
2022-10-19,199.09741251077762,200.85673712084255,196.09188751761087,196.6416778564453,54356,29.793936930832672
2022-10-20,196.6783005144122,198.87746163401138,195.7253396443287,198.03445434570312,39808,31.950751435180123
2022-10-21,198.98747376639724,201.58980594933206,197.74127329029935,199.09742736816406,35062,42.47317122666285
2022-10-24,200.85671997070312,201.58977369322395,199.13403924857437,200.85671997070312,9376,52.875701894632776
2022-10-25,199.79379582704428,205.1817455043299,199.75715208699822,203.75230407714844,39193,57.66671269194449
2022-10-27,205.9147877058881,208.51714186271184,202.35947265114407,207.78408813476562,65082,59.74650689911341
2022-10-28,208.62707892413195,208.8469860766891,205.9880812383331,207.08766174316406,64038,62.52068594846756
2022-10-31,205.25506219505826,207.85739421376363,201.58979322728936,203.09254455566406,49669,52.34707920874164
2022-11-01,203.2025175234438,204.92517601605772,200.12368268753283,200.96669006347656,53147,53.02597670590607
2022-11-02,200.1236672891153,205.0351362039612,200.1236672891153,203.4224090576172,30144,57.387856203299165
2022-11-03,203.055901891036,205.9148072268489,201.58979429615488,203.78895568847656,23000,57.83294854737868
2022-11-04,205.21839885733075,205.21839885733075,201.6264177150971,202.10292053222656,18677,56.21827833546682
2022-11-07,204.1188225533703,210.3864230728089,202.6893588140476,206.2080078125,96233,66.62661850225196
2022-11-09,205.36502181205728,209.06695700067613,203.20252648027596,206.06143188476562,33685,63.61295271491973
2022-11-10,204.88852950070674,206.83111752445106,204.5220026143012,205.73153686523438,21710,66.80216412340987
2022-11-11,206.90441029212053,209.2868348570431,195.76198491699623,199.39060974121094,250074,52.11913730460861
2022-11-14,197.1914659582046,199.5372469923631,174.17358184100596,186.48887634277344,181332,35.61868707085658
2022-11-15,184.72955322265625,189.64102251468492,183.3733992505863,184.72955322265625,65799,31.605366886701688
2022-11-16,185.16936858101352,186.15898436196375,180.36786462221838,181.1375732421875,67680,24.609022054024052
2022-11-17,181.21087918658168,184.69288439193159,179.59816322331153,182.97021484375,41602,20.692641847294837
2022-11-18,184.10645609663234,188.834662021678,180.2579236737898,183.73992919921875,47563,22.47193881681565
2022-11-21,183.22677042720045,185.64584987891453,179.34158357269138,180.58778381347656,37554,22.927696910736245
2022-11-22,180.62444044806816,181.87064077784132,178.90177083807967,179.78143310546875,22713,23.679428241025988
2022-11-23,179.3049460330753,182.27380467793387,178.64519096770837,179.854736328125,28583,18.877091056811622
2022-11-24,181.0642801728507,183.88654164570144,179.63482756648335,182.2005157470703,26440,22.907088790265377
2022-11-25,181.79734294348202,183.9965043500564,181.46747096959854,182.64035034179688,38554,24.786341005961546
2022-11-28,183.95983209251398,183.95983209251398,180.40452819812842,180.91766357421875,36984,15.081019767002857
2022-11-29,182.0172514801403,188.21155353664898,180.40453543961624,182.4570770263672,89411,18.616011416380175
2022-11-30,182.53038080858917,183.11682603624132,179.70811944236385,181.02761840820312,48410,18.087156379233534
2022-12-01,181.43080528265924,187.3685452024786,181.43080528265924,183.3000946044922,203584,26.772542247440484
2022-12-02,183.9964949681792,185.46260249780613,182.60369728923874,184.36302185058594,105686,45.33763650431165
2022-12-05,184.72953384640107,188.61470953841192,182.64032631083822,185.0227508544922,121206,50.67561913294314
2022-12-06,183.66661941204183,184.76620003771498,182.75030222398087,183.4467010498047,47522,55.86593824544756
2022-12-07,184.28972559704928,184.83951596122367,181.83400201504517,182.34713745117188,37650,48.355947079807066
2022-12-08,182.8969137581068,183.62996752066434,182.12720507031884,182.4570770263672,33452,46.49295738221354
2022-12-09,183.26343486436303,184.10644219053415,180.40452975468392,181.9805908203125,40370,54.460122801308344
2022-12-12,183.88652379484105,183.88652379484105,181.10091751780084,181.39413452148438,39353,55.2380489816309
2022-12-13,182.45706514942475,182.45706514942475,180.25790400490533,180.55113220214844,29266,52.1541832379726
2022-12-14,181.57741286155417,182.16385810260874,177.25240018161276,180.73440551757812,97987,44.76437707949856
2022-12-15,180.91765081250048,182.53036667453057,178.27865308517013,179.26828002929688,56204,38.78040063035108
2022-12-16,180.29457237536772,180.29457237536772,178.09541106681962,178.53524780273438,22136,41.51436428656833
2022-12-19,179.2683068879605,185.16939214464773,177.3990174831634,181.46746826171875,71786,46.79338534059682
2022-12-20,181.46744777720704,182.89690027168697,178.13205116641257,179.19497680664062,36590,44.369340226794115
2022-12-21,179.598175658971,180.69775632627082,174.24688084100927,175.27316284179688,57770,27.60731443399463
2022-12-22,176.37272849509804,178.79179680882038,170.06846206503423,170.36167907714844,43386,17.845038084478304
2022-12-23,170.06846994207598,170.06846994207598,164.60722174353856,165.70680236816406,47638,12.51778043341028
2022-12-26,165.78010750587686,174.7600162910018,165.78010750587686,172.15768432617188,38344,31.578965714886124
2022-12-27,175.4197839612215,175.4197839612215,165.2303290009987,172.5608673095703,25712,33.65973789460651
2022-12-28,170.14177259125728,174.28352162787255,170.14177259125728,172.2676239013672,25493,33.09004885272569
2022-12-29,171.53455831459985,181.0642559987443,170.80150464658874,179.01170349121094,79707,45.92142823902981
2022-12-30,181.35750088955652,185.9757419455423,178.35198709968637,179.7081298828125,208788,47.69079268002137
2023-01-02,181.79732701308365,182.60369059904016,178.8651120612597,181.3208465576172,31305,51.032457192446714
2023-01-03,182.31047239087027,182.31047239087027,180.3312294269454,181.2108917236328,25058,50.64039489685637
2023-01-04,182.12721308770168,185.05942826701028,180.40454338116584,183.73992919921875,156382,55.84293418359941
2023-01-05,185.05942194342828,185.3526501626473,179.8180919637186,181.3574981689453,42469,53.53533963413165
2023-01-06,182.05390631246416,182.05390631246416,177.7288824042742,179.63482666015625,41900,47.63256970972842
2023-01-09,183.1901274006488,183.44670068700347,180.40453210286256,182.78695678710938,94797,54.537054811470654
2023-01-10,183.26344416230285,184.72955171560125,179.8913923155113,183.6666259765625,85832,61.484432544925234
2023-01-11,184.50964618216983,200.85674877584697,183.52003022615182,191.2904052734375,741192,76.65734672926949
2023-01-12,192.06007973523742,196.7882853030835,189.567701495321,190.6672821044922,166777,85.43174567968407
2023-01-13,193.34292593718953,197.81455827193238,189.34777406420065,190.22744750976562,110713,80.92836816307087
2023-01-16,190.6672810920201,195.35882052536616,187.18527584813458,188.10159301757812,100281,75.11839329411306
2023-01-17,188.79798665096234,190.55733356909303,185.60920951114485,186.4155731201172,40341,71.88206529691357
2023-01-18,186.23231655704916,188.76134988146518,185.5359176975017,187.2952423095703,74597,65.65098310557573
2023-01-19,186.37891318952538,188.76133784189886,183.9964885371519,187.25857543945312,112829,64.63062856358903
2023-01-20,190.59397766919244,190.59397766919244,187.00201871809352,187.0753173828125,75331,61.804478706082016
2023-01-23,187.002032300507,190.9605184192535,184.0698170464686,185.05943298339844,179870,57.32217840454094
2023-01-24,185.90244426222193,188.76134954816365,185.86578933588666,186.635498046875,70539,55.71635476800692
2023-01-25,185.93907910352306,187.5884500400493,184.80285474010387,185.6092071533203,35898,58.86847388663479
2023-01-27,184.876142398015,187.40517544636526,180.91765686020693,183.15347290039062,168678,57.12161828289067
2023-01-30,183.55664893041862,184.28970265807286,178.9384193946066,182.67698669433594,70230,49.750389464475084
2023-01-31,182.67697848724524,183.48334202564246,180.66108082676388,181.39413452148438,36376,44.93460184263084
2023-02-01,183.04351515920217,183.336743364136,177.39900364399568,178.46192932128906,26655,13.842964721466018
2023-02-02,177.618934718629,186.96537049716576,177.618934718629,181.0642852783203,73968,25.650614865094923
2023-02-03,181.79731120929853,216.91057773076088,176.7758890666113,209.65335083007812,2218814,70.29094349438208
2023-02-06,217.27711748607248,228.8593796501592,216.2508467553367,221.19895935058594,3660752,78.88674120780293
2023-02-07,226.14708661753295,227.02676008439062,217.57034861426004,218.63328552246094,1465764,77.69376136844761
2023-02-08,218.81657191185022,221.6754774224226,218.01020821116882,219.25640869140625,969440,77.59494508036707
2023-02-09,220.64918798254467,227.24667200860085,220.0260877947675,226.4769744873047,1728902,80.12389368499443
2023-02-10,228.27293844110898,229.81235582514762,220.79580344453294,225.52398681640625,1956140,79.18752643911
2023-02-13,224.9148383110408,225.8051233527486,215.54338671474744,216.3399658203125,1034828,71.41533123860157
2023-02-14,210.15479130854928,210.90451025788423,204.29763436015045,204.62564086914062,669790,60.81511523077527
2023-02-15,202.42335257014287,214.5125192954241,197.4096202935486,212.68508911132812,580916,65.00806290776552
2023-02-16,212.77880898057754,213.76281424715341,205.6565001269523,206.4530792236328,291919,62.39594903233757
2023-02-17,206.17192781728642,208.04621807017082,203.82906500118088,204.34449768066406,158223,61.33086033665056
2023-02-20,204.7662255551234,205.75023087196465,201.53307748524585,203.03250122070312,199328,61.31217142587291
2023-02-21,205.00050756519738,205.00050756519738,200.689634029089,202.1422119140625,132274,62.64971659586386
2023-02-22,202.00164666756228,202.37649902016196,198.67477841436278,199.5650634765625,166865,59.88555114609473
2023-02-23,200.5022157601967,202.28280024737077,198.6747854520637,200.2210693359375,148737,42.81533740905181
2023-02-24,205.18792728135963,205.18792728135963,199.51819627638713,201.39248657226562,171153,32.08129613969233
2023-02-27,203.4073603889132,203.4073603889132,199.1433470394231,199.93992614746094,166918,32.7407082648177
2023-02-28,199.9399417977303,201.1582191646305,195.16049537479356,196.14450073242188,156493,29.841962987174767
2023-03-01,194.92619502622557,197.45648412095284,193.75476356573142,196.00390625,195236,19.676614611407615
2023-03-02,196.80048072783777,199.14334359364534,195.34790289109702,197.64390563964844,104619,22.63107328672058
2023-03-03,198.01877045028658,199.61191432439102,196.19134029176385,196.56619262695312,142927,26.91463845651758
2023-03-06,198.67477716253669,199.61192233783166,193.98905128606177,194.64505004882812,180928,34.89360896247375
2023-03-08,194.55132546577013,195.3478902086096,191.55244975247106,192.4427490234375,191218,12.758578483665005
2023-03-09,193.98904168792933,193.98904168792933,188.36617091436617,190.3810272216797,292297,15.071230550876123
2023-03-10,190.24047403363852,190.24047403363852,187.47589857634108,188.0850372314453,154068,14.94945600903121
2023-03-13,187.42904317842383,189.30333361020809,185.5547527466396,186.44503784179688,138562,14.740995797757847
2023-03-14,186.44502360523393,187.10102234632743,183.21187571722294,185.13302612304688,134853,14.481364979263262
2023-03-15,185.50788964577347,189.16276450885894,185.133037285319,187.9913330078125,107782,26.112197991713387
2023-03-16,186.11702172300807,188.3661642327734,182.04043483689668,183.35243225097656,230821,20.099640547536183
2023-03-17,184.52387649679864,185.03930919533278,179.6038644011279,181.0564422607422,90982,15.335488686994282
2023-03-20,183.63360166308442,185.1798998446555,177.07358517081,178.99473571777344,172535,15.02349834324194
2023-03-21,179.5570197222238,181.4781558748685,177.4952889150044,178.43243408203125,142888,16.842114283755535
2023-03-22,183.39930925472828,187.2416102207513,176.1832942133759,178.19815063476562,255880,16.783241864595908
2023-03-23,178.19813745815648,180.3535740772838,177.12042629844262,178.0575714111328,106114,11.29633940276942
2023-03-24,178.10445168881998,179.0884570284778,172.106713708816,173.9341583251953,344340,10.082692047880982
2023-03-27,176.55814211997563,176.55814211997563,168.77984874513498,169.7638397216797,276657,9.34153642995743
2023-03-28,172.34098714710183,172.34098714710183,160.25182044727515,161.09524536132812,503892,7.711789954360455
2023-03-29,161.0952449914708,174.21527704475125,158.89296247663307,167.4209747314453,743378,22.22224273393195
2023-03-31,167.42097888762666,172.9032838515814,167.42097888762666,169.62327575683594,601270,27.61366075327308
2023-04-03,172.9970112458291,177.7764432303765,169.81070895642978,175.33987426757812,180527,37.745630246667446
2023-04-05,176.93300266973037,183.49301855250863,170.37298678695214,180.35357666015625,296285,45.124277030152875
2023-04-06,180.40043719596503,185.36730923584585,178.99471950352893,184.10215759277344,121229,46.1032649093716
2023-04-10,185.97645637106962,186.0233164895713,182.41530186044753,184.71131896972656,49696,51.481131604769914
2023-04-11,184.5707401735684,186.44503053186756,180.8690195758677,182.0404510498047,117232,51.06383610510083
2023-04-12,182.04044154151066,185.08616321466334,182.04044154151066,184.0552978515625,45606,55.476647267844115
2023-04-13,184.6175966451366,185.64846204171545,181.38444870088517,182.3684539794922,115945,54.15842749339443
2023-04-17,183.68045760797077,183.68045760797077,180.1193030188965,181.85302734375,38933,53.83859460187117
2023-04-18,181.8061415494961,187.52273213252988,177.21413647766153,180.1661376953125,106247,52.14488892558895
2023-04-19,181.24386452197973,182.69644235024901,177.63586430949798,180.11929321289062,64457,56.860677549221485
2023-04-20,180.96273128777108,182.18100852350702,179.46329335189614,180.25987243652344,49509,62.78539389915593
2023-04-21,180.3535899161899,181.80616782836702,176.6518692559133,178.01072692871094,67202,74.42491216644069
2023-04-24,178.1981395781256,179.32272516649232,176.18328328175141,176.60499572753906,55440,65.4574012590194
2023-04-25,177.49529803311046,179.46330870484564,176.9330194838298,178.9478759765625,78312,65.6200907406224
2023-04-26,178.10443514435562,182.18100788754126,178.10443514435562,181.52500915527344,60920,61.57890557291372
2023-04-27,181.80616684608782,183.2587447504168,180.21302288314988,181.89988708496094,91668,53.503225668174125
2023-04-28,182.93073719407525,183.58673596342717,179.69758916679024,180.72845458984375,118009,41.3462223408594
2023-05-02,182.74331724514423,184.66446779920008,181.75931190773014,183.96160888671875,54903,48.30510053213765
2023-05-03,184.0084616986516,191.64618919103,184.0084616986516,189.58447265625,257840,65.04672533125895
2023-05-04,190.24048610780298,194.45763974073458,190.24048610780298,192.11477661132812,107084,65.75094830259799
2023-05-05,192.11477183237324,193.3330634892993,189.3033361470214,190.00619506835938,43814,64.684662906416
2023-05-08,193.00506174056224,193.00506174056224,189.86563372697864,192.11477661132812,71594,68.59079972223574
2023-05-09,194.50449119102694,194.78563761396077,192.34905434813564,192.817626953125,45569,73.76762804158606
2023-05-10,193.8953329393988,193.8953329393988,190.09990638220393,190.7559051513672,31740,68.57609584897817
2023-05-11,191.92732980491738,195.16047771626722,190.42789184327967,193.84848022460938,52331,71.51332989007835
2023-05-12,193.52047587170466,196.33191135652362,192.8644771185203,194.87933349609375,55822,77.77773310786193
2023-05-15,196.75361763882856,197.73762288754543,188.83474413194503,192.9113311767578,162984,76.36363367236478
2023-05-16,192.91133250132344,193.89532345709668,176.18328605737852,177.68272399902344,599474,48.55614295321905
2023-05-17,170.60726979959279,175.15241499432574,170.60726979959279,173.04383850097656,356053,40.75587289844968
2023-05-18,173.41872251603934,174.68385995910845,172.43471719385164,172.90328979492188,103053,40.14373143385396
2023-05-19,173.37185317021567,173.84042574635137,171.02899028953706,172.38784790039062,83255,40.729150978085514
2023-05-22,174.2152878586287,174.3558682191743,169.62328207482597,170.3730010986328,88116,34.47536592262429
2023-05-23,171.3101463034661,171.87242484654547,167.4678452437692,170.3730010986328,157828,24.815725012311674
2023-05-24,171.02899161903738,179.4632980550447,170.6072791571771,177.307861328125,213971,32.59907944502743
2023-05-25,179.74444629905497,181.5250164005216,175.33986686408454,175.9021453857422,66004,33.14666214484065
2023-05-26,176.13642424587954,179.36957208301365,176.13642424587954,177.77642822265625,59982,32.77021526275257
2023-05-29,180.30672717786928,180.49416765390603,178.10444458144377,179.51016235351562,89175,34.395589845623135
2023-05-30,180.3067169189453,180.96272994834746,177.77642793312214,180.3067169189453,63666,37.372554255026465
2023-05-31,180.1192938590167,182.2278704335102,177.72957088131736,178.85415649414062,71772,31.132045040333082
2023-06-01,178.1512934850847,180.77528838800018,178.1512934850847,179.13528442382812,63112,29.807642630019117
2023-06-02,180.35359006766015,183.3056060141834,178.57301991556108,181.75930786132812,121110,35.93379331581936
2023-06-05,183.58671663888276,183.58671663888276,181.75928658100952,182.27471923828125,89394,59.210519067063885
2023-06-06,182.64959833965273,186.67932566062936,182.2747459701345,185.086181640625,171158,76.06503386244574
2023-06-07,185.78902239504114,186.63244729385244,184.75815703009414,185.32044982910156,77633,76.76770866432334
2023-06-08,186.2107479291651,186.2107479291651,180.86902316203984,181.7124481201172,69752,67.7362449825423
2023-06-09,182.55587270034968,182.55587270034968,176.23014312425747,179.13528442382812,61655,66.31760748402893
2023-06-12,179.27587217457005,183.39930516344253,179.27587217457005,181.0564422607422,65180,68.56677196190702
2023-06-13,182.2278736255767,182.6495860879225,180.1192970141475,182.3684539794922,41768,60.93119744125385
2023-06-14,183.30558643595177,184.52386362058337,181.71242833352704,183.35243225097656,52567,66.39173762584315
2023-06-15,184.14902198425176,186.3981646244847,183.63358929178582,184.99244689941406,62318,66.04167839777585
2023-06-16,185.7421728766425,188.8347548482412,185.55474669951244,186.96046447753906,97790,66.3917601914923
2023-06-19,188.2256153811193,191.03705092497648,188.1787552621149,189.53761291503906,85743,68.83368367570583
2023-06-20,190.33419427274723,190.33419427274723,187.47589857634108,188.0850372314453,39499,68.8336408166874
2023-06-21,189.16276364024804,190.14675465684795,184.6176037171783,185.5078887939453,71301,61.88813000243094
2023-06-22,186.8199102473007,189.49076561482434,184.94561975793604,185.97647094726562,64419,58.555144614310244
2023-06-23,186.49187791961984,186.49187791961984,179.93186211340205,181.80615234375,87896,49.17219739161846
2023-06-26,184.33645927570603,185.27360448229294,179.93187966468773,181.61874389648438,76886,43.24817865249997
2023-06-27,182.5558891030713,184.14903309432884,180.9158849915442,181.61874389648438,60133,42.72564314616121
2023-06-28,182.93073648968814,184.6176006755982,180.02559500811586,181.99359130859375,50718,50.6329096531346
2023-06-30,184.33644812671403,184.33644812671403,180.91587404943454,182.50901794433594,62097,58.37211398140498
2023-07-03,183.53988438603773,184.61759559475647,181.8530202465517,183.68045043945312,50231,56.76328749409081
2023-07-04,183.6804440229866,186.39815915854885,183.1650113456352,184.24273681640625,56911,55.025106509364726
2023-07-05,184.19589222483214,189.02218429294052,183.6804595040388,186.6793212890625,95017,58.27510587213667
2023-07-06,186.6793241457699,188.36618839431597,185.5547527466396,186.44503784179688,70308,53.88475146192865
2023-07-07,186.44503251994325,187.89761042305415,184.664462380453,186.8667449951172,91226,49.72676137041051
2023-07-10,187.3352943597839,189.02215835100628,185.695290482148,186.304443359375,103655,39.318829577338406
2023-07-11,187.24161585261095,188.27246700398118,184.94561294762602,186.5856170654297,46388,44.630930421631454
2023-07-12,187.42902955946187,187.61645572908128,185.55473926386725,186.351318359375,55505,53.629011608897926
2023-07-13,187.42902028031844,187.85073271600928,184.05529219539295,184.52386474609375,71052,44.404238760630406
2023-07-14,185.36733017120025,187.4290468263498,183.72732601146967,184.94561767578125,80915,67.0050912457022
2023-07-17,185.88274745747208,199.79934444762037,185.88274745747208,197.5033416748047,700210,86.76773606110503
2023-07-18,199.75248547650654,201.01763716455523,193.4267556356639,194.87933349609375,171399,77.36932077287626
2023-07-19,196.8004792875215,200.08048727564687,193.09875884657717,196.5193328857422,152909,78.49253625023272
2023-07-20,196.61304981226647,198.6747662244672,193.0518954822653,194.31704711914062,85940,71.72407249264636
2023-07-21,193.98904985783025,198.62791558144698,192.77075827897625,196.00390625,107559,72.25035401984715
2023-07-24,196.00390850390974,198.48735180853546,191.08389631325758,192.06790161132812,139683,62.59424254777821
2023-07-25,192.95817766324149,194.41075548308356,185.41417076286484,186.5387420654297,144545,49.79422820500794
2023-07-26,186.49187570094352,189.39703124330032,184.28957898660536,188.27244567871094,94909,52.5623782848384
2023-07-27,189.25645832297343,192.11475386232857,186.63244906881624,187.71017456054688,116763,51.17800729117783
2023-07-28,188.22562393473137,192.95819587552796,188.22562393473137,192.58334350585938,166793,57.82712733580863
2023-07-31,193.05189231178977,194.69189625133168,190.94331581809305,193.2861785888672,99133,58.26586413901578
2023-08-01,194.83246947398845,194.92618970815124,192.1147542796683,193.9421844482422,81495,59.267725345587095
2023-08-02,193.70790791470074,197.64391485279393,188.13189689409364,190.61532592773438,109309,57.174420309858185
2023-08-03,188.88159536790462,192.11474306193392,187.05416530603583,188.5535888671875,70904,54.09135488193397
2023-08-04,191.3650309600188,191.78674340477514,188.3661694310074,190.56846618652344,46751,39.664795576331294
2023-08-07,193.9890420604801,196.3319048872975,191.73989946661536,195.44161987304688,119861,50.78533986781569
2023-08-08,197.73762410877248,201.39248442692192,193.84847750613395,199.04962158203125,270413,53.34987412594194
2023-08-09,200.45533815492777,202.09534213707323,194.9261875921459,199.19020080566406,135654,56.824148271542846
2023-08-10,199.19020371090153,199.7524822188753,195.86333558151472,197.64390563964844,170287,52.3056593007017
2023-08-11,199.37763952156405,200.36164483272697,194.92619986127062,198.11248779296875,152159,59.41605610394747
2023-08-14,186.02331752142805,189.2096054014111,179.93187387463067,185.88275146484375,315564,49.15460347912201
2023-08-16,185.88274053830955,187.38216415263886,182.50901238159403,185.4610137939453,144823,46.25000814109494
2023-08-17,183.77416645366642,186.96045418863028,183.2118736535199,185.27359008789062,111809,46.717166110358676
2023-08-18,185.27358978702904,191.88046582937233,184.61759105438998,187.8038787841797,189191,43.12665482587052
2023-08-21,188.83474596317134,199.23706275099775,188.83474596317134,196.47247314453125,240416,53.728066808374045
2023-08-22,196.33193071711736,202.1890885547402,195.8164979674662,197.08164978027344,188440,53.67730483017568
2023-08-23,198.11249198696433,204.2976561026119,196.80049441077296,197.83135986328125,238715,58.995329147141376
2023-08-24,199.2370680422504,200.7364917282617,196.4256325438162,197.36277770996094,92100,61.435533090645755
2023-08-25,197.36276987211377,199.89305886027938,194.59818030201635,195.4884796142578,99174,56.41024723461444
2023-08-28,195.48848775121596,199.14334818628404,194.78562887526436,197.31591796875,85982,52.652525507295444
2023-08-29,198.5341990968308,207.53078365564082,198.4873389809605,204.43820190429688,372851,56.936051298489076
2023-08-30,204.43820375101114,213.62222885626272,203.73534490570668,210.6233673095703,386405,62.73484244353754
2023-08-31,212.16966144671542,214.5593844977987,206.7342308830913,210.99822998046875,244428,65.27329809308242
2023-09-01,212.54451508080209,212.68508112826407,207.109070550311,208.32736206054688,115109,61.122427414681354
2023-09-04,210.2953773868499,217.88625923491438,210.24853156656013,216.8085479736328,432550,86.66660153797781
2023-09-05,218.6359683044675,221.63482995126762,212.8256711825984,215.07481384277344,413726,84.05167906428021
2023-09-06,215.07480276273836,217.60509170000714,211.74793476202404,213.48165893554688,160700,81.419560632904
2023-09-07,212.31022361451656,215.30908505126462,211.84165106815908,212.5445098876953,68678,78.57136312053738
2023-09-08,213.71596372097852,216.48053917518027,211.74795309950565,213.20053100585938,103140,73.70512569907298
2023-09-11,215.5433726301379,218.30794781045412,210.95136736789732,217.51138305664062,330945,76.20183792893847
2023-09-12,219.19823905280109,219.19823905280109,203.0324856439565,206.87478637695312,348311,59.252118712861645
2023-09-13,207.7650938288043,213.7159717362064,204.2976593511336,211.27938842773438,151130,63.176559210064376
2023-09-14,211.279368240609,214.36616507676152,209.4272930374271,211.42184448242188,280507,65.59758925069181
2023-09-15,212.51410844609737,215.60090555201833,209.90220320262577,210.6620330810547,85995,63.34378174226736
2023-09-18,211.2318742294233,213.36888740415125,208.47750749012653,208.9049072265625,126773,55.00262837510364
2023-09-20,209.94969150878546,209.94969150878546,205.10578880196073,206.05557250976562,66108,44.47102020763572
2023-09-21,206.05557239356315,213.13145811420955,203.91855905220726,210.89947509765625,206518,49.892134340079494
2023-09-22,208.95241285277896,210.8519802423497,204.29847854535032,205.86561584472656,161531,47.443127159148865
2023-09-25,206.91037980310452,210.56703826352398,206.1030578807457,208.52500915527344,113504,40.21274616420851
2023-09-26,209.4272936705355,212.75153642721065,208.1925720338322,209.52227783203125,119457,43.32331408134859
2023-09-27,210.61453501123327,210.99444269337707,207.6227221598408,208.80995178222656,124002,44.260900568014605
2023-09-28,208.7624679202402,209.85471341882993,198.5997848509043,201.0692138671875,112024,37.921831300564264
2023-09-29,201.11670243205353,208.47752625188076,199.4545809243506,200.35687255859375,372700,36.497588012828004
2023-10-03,200.4518593092476,210.66203441664126,200.4518593092476,205.39073181152344,290141,37.44848411109514
2023-10-04,204.20348688678834,205.3432243802049,198.50478492715703,200.02444458007812,135205,42.036950321399694
2023-10-05,201.73405065870764,204.20349405829268,199.8819753552934,201.97149658203125,216543,38.52457351058859
2023-10-06,205.81812232870928,207.00535193892625,201.44912605864008,204.8208465576172,292538,42.37101981087455
2023-10-09,204.82084112379843,204.82084112379843,197.27006390164735,198.64724731445312,257155,37.6585197954019
2023-10-10,200.30937126692623,201.78153886173337,198.5047880813877,199.26461791992188,201576,39.8601575931416
2023-10-11,200.7367879861085,206.91038194981365,200.64180382041656,205.24826049804688,171806,49.203378489472634
2023-10-12,206.29301628723928,213.65383994603098,205.67566268061833,208.80995178222656,519671,47.88461734527579
2023-10-13,208.43002567753823,213.65383591753942,206.91038048506718,211.99171447753906,385424,56.44354881163164
2023-10-16,217.50047208878695,221.2521148878784,213.79632137425097,214.98355102539062,490504,56.74604123295308
2023-10-17,215.17349170112416,218.4502424392025,213.32141645721455,214.65110778808594,170289,55.43258767105177
2023-10-18,214.65111204832627,216.2657414085871,209.5697635545875,213.46388244628906,110747,54.88046227738692
2023-10-19,210.8519755462701,214.46115640458086,199.5495556270706,213.368896484375,97484,65.36175805143404
2023-10-20,212.0392175018211,214.46116890931037,210.13965004379807,213.178955078125,86118,66.22594612797734
2023-10-23,211.3268636018131,213.0839691636116,200.59430538330122,202.44638061523438,271397,46.74367766086024
2023-10-25,203.491164468399,207.43276115699808,199.64453745741758,202.96878051757812,120859,53.64706069135388
2023-10-26,202.11398342278585,206.4355023522425,196.03535877163867,203.58615112304688,122715,52.068150582658006
2023-10-27,204.63088358263929,207.76517251219,202.8263004526956,206.15054321289062,101287,51.715682896644
2023-10-30,208.61998173367795,208.76245798272248,200.6892966168635,203.34869384765625,97065,56.644311511539144
2023-10-31,204.20349228906653,208.00262702932824,201.87652515916602,203.77609252929688,79574,56.410254186576935
2023-11-01,201.54409001937088,204.20348716938892,192.80608323435325,196.6527099609375,192999,38.16993255417968
2023-11-02,193.75586996806925,193.75586996806925,182.35846585230047,183.26075744628906,770015,22.325105533352513
2023-11-03,184.21054898443,192.80609452042688,183.49821119679297,192.0462646484375,513971,30.73397051076877
2023-11-06,194.70564845231704,203.01625539845253,192.4261734869678,197.50750732421875,620820,33.887899134318005
2023-11-07,198.40980139870908,200.40435288797852,196.5577261544152,198.64724731445312,144167,35.461599473704496
2023-11-08,199.40707821793063,202.2089371402997,196.41526546045242,198.2198486328125,149331,35.95799964186351
2023-11-09,199.92946898095784,201.3066524483501,196.60522602878038,197.64999389648438,126961,35.646149953294255
2023-11-10,198.3148342448913,200.8792472689641,196.27279064804634,199.26461791992188,129212,37.616220579543885
2023-11-13,203.2537150082356,203.2537150082356,200.64180979200825,202.25643920898438,68407,49.80393725740228
2023-11-15,204.20349015597952,205.1532738311236,201.06920112949427,201.6865692138672,161191,48.677762025173045
2023-11-16,202.3039180782928,203.20620965008538,197.98239955886186,198.97967529296875,115976,45.44597989949748
2023-11-17,198.97968347256,201.21168094576345,195.9403785566918,197.5550079345703,141688,41.306436623165695
2023-11-20,197.5550075695275,201.44912649652338,197.03262364138675,198.50479125976562,94686,44.91017080790156
2023-11-21,199.4545814798657,199.4545814798657,195.65544659453494,196.4627685546875,95094,42.56757301607486
2023-11-22,196.60522722186008,198.78973264505726,191.8563086899311,192.37869262695312,171491,45.37037710414114
2023-11-23,192.37868872177825,195.56045537805315,192.1887348828669,192.6161346435547,110465,64.17269067393062
2023-11-24,193.28097853852248,197.0801132518104,193.09102470136784,194.94309997558594,108128,55.456173174804356
2023-11-28,197.0326164880222,198.1248763876704,193.47092777893812,194.6581573486328,170025,43.33332619308238
2023-11-29,195.65543881572128,199.35958938463045,193.75587144857838,194.5157012939453,230333,39.86015085911502
2023-11-30,195.46547747260982,197.08010677417778,191.9987584651495,194.04080200195312,150181,39.7674303912675
2023-12-01,195.46548458029278,203.2537078712418,194.4207167334678,198.40980529785156,380022,51.56859644403171
2023-12-04,201.73404101341401,204.77336028067955,196.8901531047377,199.40707397460938,334876,50.30178667018364
2023-12-05,202.0189794246702,203.3961628184436,197.64998333088738,200.87924194335938,257648,46.88169397925367
2023-12-06,199.5020759742508,206.1030700187373,199.5020759742508,204.44094848632812,368768,55.49243611362473
2023-12-07,205.153281268559,206.00808081015828,203.25371384940567,205.1057891845703,223483,63.2989961184306
2023-12-08,205.91311198874968,206.00808166457165,200.07193345509748,200.78427124023438,154211,56.22710439483807
2023-12-11,204.20349228906653,205.20076805689501,201.44912539939637,203.77609252929688,110069,59.42275338821984
2023-12-12,204.15600195267908,210.32959595841402,203.2537103426584,204.39344787597656,263056,64.93735590593815
2023-12-13,205.34322588252118,205.39071796437528,201.87652129540206,204.01353454589844,74344,75.46775435823682
2023-12-14,205.05828604216796,205.96059211164552,200.40435191324008,200.97422790527344,134376,66.29628659967537
2023-12-15,202.20894039518902,204.63089168632507,201.63907888068866,202.30392456054688,116145,64.93255880326313
2023-12-18,204.20350083254965,206.29302212860537,202.30393338294456,203.82359313964844,152805,67.70645533664509
2023-12-19,204.86833477851806,208.05011587093875,203.6811051906818,204.53591918945312,156626,68.94074212947606
2023-12-20,205.53318803152234,213.0364879989811,198.59977857681702,200.1669158935547,440543,60.093909225439965
2023-12-21,197.0801146525257,204.25098437333222,194.8006396053715,201.35414123535156,145207,55.419591418530864
2023-12-22,202.39890093204568,206.95785084269087,201.40162520438642,202.77880859375,108267,56.110159283891655
2023-12-26,202.77881360243595,205.91310261283346,202.77881360243595,204.53591918945312,133105,56.55878946319761
2023-12-27,205.15328323647492,206.34051288483414,198.36233544487988,200.35687255859375,196008,42.83331994537714
2023-12-28,201.44912468751448,206.72041252696079,200.40435684061498,203.2537078857422,147534,46.98608381099569
2023-12-29,206.9578526470159,206.9578526470159,202.1614567828519,203.3961639404297,145847,54.91947967146947
2024-01-01,203.3961665111049,208.61997668012046,201.8765213392841,206.43548583984375,202009,55.0
2024-01-02,206.43548264953372,209.7122333518576,203.91854727510352,207.71768188476562,160747,56.09754868785864
2024-01-03,208.00263053426303,210.28210561981064,206.62544706622182,207.43275451660156,203371,56.2937098290872
2024-01-04,208.52499992901477,220.2073415361339,208.09760019184355,216.69313049316406,606594,73.54196470604367
2024-01-05,216.69314247759402,233.1244031676919,213.22643781569474,230.08509826660156,1809249,80.56427847891317
2024-01-08,237.25596134207026,249.3182109344862,232.6969968721871,242.76470947265625,2662655,84.39598242601153
2024-01-09,245.044185837491,246.84876900594142,237.44591650919668,238.965576171875,474676,78.83851580405195
2024-01-10,239.77288779327296,260.0982672980879,239.1555341965525,248.51089477539062,2169213,87.26208932586556
2024-01-11,251.78765933213677,252.26255117207475,243.144622048246,245.56655883789062,416226,83.17890331518221
2024-01-12,247.22868801801258,248.17847172762475,239.34549482227087,240.15281677246094,243655,76.46270512747101
2024-01-15,242.19483549444436,243.28708091632143,233.69427455893342,234.64405822753906,314028,70.24266365572699
2024-01-16,234.64407044475328,239.8678808940726,229.80016768563743,230.55999755859375,244105,70.33249526764756
2024-01-17,230.5599928671095,243.19210446620122,228.37548746151685,235.11895751953125,604613,70.9818793860006
2024-01-18,233.646781001919,236.11622432172297,226.33344969833615,230.65496826171875,247646,66.982261165697
2024-01-19,234.59656571413174,237.63587054957028,229.13530962969347,230.74993896484375,278825,65.72481882835163
2024-01-23,236.92353573271535,236.92353573271535,217.50046240348988,220.2073516845703,322525,57.21339650040688
2024-01-24,219.400029731746,225.4786394770779,218.9726299749342,223.15167236328125,227622,58.807879797199575
2024-01-25,223.1516820730035,228.85038439191854,217.50047183858936,220.34982299804688,302384,52.20885177682399
2024-01-29,220.53976937277574,227.94808503492044,220.53976937277574,224.7188262939453,175133,46.36188112441092
2024-01-30,226.90330929985532,242.14733985556398,223.0566970925448,239.29798889160156,955812,47.708716609003446
2024-01-31,240.10532190115,244.09441053670304,234.3591276261925,237.54090881347656,671892,49.03226234420809
2024-02-01,237.73086839217495,238.39571409872124,230.79744432665046,235.49887084960938,141910,40.158042660530974
2024-02-02,236.68609271610129,239.3454899473595,229.8951451277097,233.02943420410156,161471,40.44862681275247
2024-02-05,235.261406030901,237.1134812406366,230.18007222432118,231.84219360351562,130132,43.2327726416869
2024-02-06,233.21937747831788,239.15552527356854,229.3727508084858,236.25868225097656,175651,51.33857753746059
2024-02-07,236.25869180862327,239.3454887870274,232.0796493887265,236.40115356445312,145066,55.18112260227955
2024-02-08,237.82582469478396,237.92080885861324,225.09872933928676,227.37820434570312,312739,43.63776371466769
2024-02-09,228.32798905991646,230.89241656956995,219.5899821718879,224.5288543701172,180614,44.82757287927538
2024-02-12,238.39569660751235,248.8433167775627,224.33889566202583,227.6156463623047,1202203,47.48090835396715
2024-02-13,228.70790467566783,237.25595748295365,223.81651020708088,231.84219360351562,611795,60.40781662174591
2024-02-14,231.84219105620778,235.49884935473,229.42023988891106,231.22482299804688,246799,57.535453871654504
2024-02-15,232.6969911360853,250.26798842595295,230.60747003255662,243.33457946777344,2715946,68.27793674788339
2024-02-16,248.32095795794174,250.1730187669579,243.28708699744828,246.70631408691406,618123,67.76668547349814
2024-02-19,246.0889684248389,255.49182148546254,243.33460142517526,250.64791870117188,789702,61.07507740191613
2024-02-20,251.78764431272504,253.87715089275218,247.98850981984376,249.46066284179688,287194,61.761900904517226
2024-02-21,249.46067886415884,251.50270798821882,238.39570473998012,239.77288818359375,475761,53.66448377852809
2024-02-22,241.15008401604382,246.4688787179599,234.64407414040588,242.00489807128906,328109,57.72689822735431
2024-02-23,241.24505651421225,243.52453156614587,238.44319753588374,240.29527282714844,183393,57.212311968968805
2024-02-26,241.19757100936675,241.19757100936675,234.59657710275852,235.831298828125,116003,49.63564438350676
2024-02-27,237.44592582849668,239.44047740247572,229.70519444350737,232.2696075439453,213739,46.67178173899512
2024-02-28,232.26960041162533,236.3061810267582,225.62111469258298,228.4229736328125,201880,50.91820209940668
2024-02-29,229.32526770174925,230.37003555161738,224.29141127587823,227.14076232910156,113326,52.360514074496564
2024-03-01,228.89787815957345,236.3061941271484,228.28052453417118,230.22756958007812,453211,52.360527213600164
2024-03-04,234.59657253215272,235.59384830984777,229.65770021945931,233.12440490722656,106590,51.18733635992409
2024-03-05,234.54908708188788,234.54908708188788,228.0905548783903,228.66043090820312,86346,47.783274232956956
2024-03-06,229.56270551713618,229.56270551713618,219.02011568799136,219.82742309570312,159530,28.459547184394992
2024-03-07,221.20461398809434,224.1964412852686,220.017384384267,220.3023223876953,83731,24.448559921137203
2024-03-11,223.1991685237375,224.053968052979,211.37436440896846,212.7040557861328,246415,15.708191651058513
2024-03-12,217.97534779710583,217.97534779710583,204.48842285806037,206.24551391601562,205346,14.341731390428563
2024-03-13,207.29029454421322,208.95241603540393,193.75587668737455,195.84539794921875,324791,14.17509557183817
2024-03-14,196.7951759516107,208.09761045947803,193.37596339298736,203.2537078857422,187064,20.857146660411814
2024-03-15,202.77881534011274,208.05011765378703,201.8765237441349,205.1532745361328,138935,23.646730297175807
2024-03-18,208.24007001789164,210.89946719713157,202.82630598777203,204.10850524902344,157623,24.924924997364627
2024-03-19,204.20350518012094,208.24008609647217,202.16147592533966,202.63636779785156,87098,25.77640960140498
2024-03-20,204.10851455470842,204.82085234095223,201.06920956524468,202.25643920898438,58920,27.325113067007706
2024-03-21,204.2034908421172,205.05829035559955,202.30392348544632,202.7313232421875,130946,28.547581224183503
2024-03-22,202.11396824203962,206.67293276483952,199.92946289855752,201.1641845703125,183927,23.75642208458578
2024-03-26,201.1641781575472,205.81811220363124,199.02716496428548,200.2618865966797,223053,19.217076357066688
2024-03-27,201.21167201782637,204.678376542761,199.78699654305078,200.87924194335938,208746,21.955880296160473
2024-03-28,200.7367897423651,206.29301566278207,200.40435965208374,201.02171325683594,159675,26.976744186046503
2024-04-01,201.35413949639673,211.27937602117632,201.35413949639673,208.52500915527344,244820,37.6984126984127
2024-04-02,209.6647547137688,214.65111920866022,208.38254090377697,212.46661376953125,90137,49.73147587320816
2024-04-03,214.46115574530916,218.64019809942306,209.1898534743471,217.69041442871094,289618,63.31493635022554
2024-04-04,218.40275115523866,222.34436206569742,218.40275115523866,220.53976440429688,142620,84.85255442259205
2024-04-05,220.82469522932993,223.19915431781735,216.8356068591807,219.11508178710938,123656,76.93547091488111
2024-04-08,222.39184004318986,223.86400762695402,219.44751936821018,222.01193237304688,75216,77.69110349968145
2024-04-09,222.39184219595666,223.19916411851122,218.687691652286,221.15713500976562,90752,78.17899897251101
2024-04-10,222.24938511581263,222.24938511581263,216.97808269853033,219.02012634277344,100038,76.49767333505753
2024-04-12,219.06759966114174,220.3498134242073,215.98080270584575,217.785400390625,70185,74.43945908353889
2024-04-15,213.70132333203767,213.70132333203767,206.53045380616405,211.70677185058594,98273,62.00760775440598
2024-04-16,211.42184416714045,213.51136527767963,210.75698402476817,212.3716278076172,50815,65.36456404894798
2024-04-18,214.17622341320345,215.17349919235124,209.94968886519993,212.7040557861328,79545,67.3280308594122
2024-04-19,209.94968816036334,213.65383876470645,207.52773684557792,212.18167114257812,85742,65.78248048273275
2024-04-22,212.9414886479928,219.5899741110861,212.32413508058198,214.79356384277344,59539,67.9900465461898
2024-04-23,214.60362348765295,217.78540467034927,214.2712078891565,216.59817504882812,75909,62.390661950991266
2024-04-24,217.50046307671096,227.3307299778526,216.59817147774092,223.67405700683594,185687,65.69146924797525
2024-04-25,225.2886983661584,230.27506295991688,223.6265768349056,226.85585021972656,195612,63.61072967791932
2024-04-26,228.1380395639467,228.51796173568334,220.39730828324346,223.3416290283203,88325,54.0802155221644
2024-04-29,225.76357279412488,229.13530768131298,221.15713074455817,222.86672973632812,145076,55.61876633402166
2024-04-30,223.91150683931033,226.0485201601521,223.05670730799326,223.43661499023438,70801,52.2935829397205
2024-05-02,224.7663122096568,225.76358801713357,216.4082270428312,220.87220764160156,100104,49.56523034898454
2024-05-03,221.91694859152298,224.7662996001497,220.15985749839908,223.48410034179688,98209,56.714255747204255
2024-05-06,225.00374508661426,227.14075833899153,218.92513541020503,219.58998107910156,117113,52.51321047896034
2024-05-07,220.63476273572326,222.53433019019775,214.65112235561867,220.96717834472656,120227,64.84017148273094
2024-05-08,220.91968340041763,223.1991583697274,219.30503959689577,221.29959106445312,88749,64.46150629249018
2024-05-09,222.43934235478775,222.43934235478775,210.99444573167398,213.41639709472656,67772,50.927074041211945
2024-05-10,215.60088763735993,218.35525441368134,210.424569665281,217.3105010986328,92571,56.13635691473184
2024-05-13,218.1653009064549,219.3050383848105,212.60907526476558,216.3607177734375,118704,51.95267419686636
2024-05-14,216.36072138871498,222.24937720240575,216.36072138871498,219.49501037597656,110638,53.4936917486475
2024-05-15,218.54523306720827,222.53432167037076,216.7406353590176,217.97535705566406,67675,42.0635021828716
2024-05-16,218.92514608625817,219.82743771608645,215.64839517132947,218.78268432617188,50547,37.96034226403811
2024-05-17,218.7826779712088,233.5992947843287,209.28484110669007,210.61453247070312,1435751,33.33334665467213
2024-05-21,212.60908259940413,212.60908259940413,205.34322875069975,209.04739379882812,238829,32.40631090141082
2024-05-22,211.80175391663897,213.70132121633978,209.90218661693817,212.03919982910156,213025,36.33255323314626
2024-05-23,212.70404729023198,214.55612252464502,210.94695621862925,212.13418579101562,161687,38.861968188666275
2024-05-24,211.80176027157825,214.46115746946208,209.80720875002817,210.51954650878906,129604,33.043475137135815
2024-05-27,211.4693449070948,212.70406667340333,209.2373618031427,209.4748077392578,93840,35.704723400841715
2024-05-28,209.90218604309203,210.42456994759127,204.58339182145136,205.2007598876953,142480,29.404450673995427
2024-05-29,205.15327209224776,208.14508484657358,205.15327209224776,206.43548583984375,83515,31.030320827789907
2024-05-30,206.10306107101061,207.24279860238659,202.2564342216363,202.92127990722656,112955,34.92496762785136
2024-05-31,203.72859689013322,204.29847288824396,200.40435405043408,203.06375122070312,71583,27.064259622730503
2024-06-03,210.37708157076412,213.6063402312643,207.05283874684685,208.33505249023438,213020,38.65774185618231
2024-06-04,208.95240848113315,210.85197583096163,191.80881025042132,196.84266662597656,244390,24.104255323602615
2024-06-05,200.73678689546065,211.9442227438706,197.98240552339726,208.61997985839844,163179,41.33684994653301
2024-06-06,209.90219331394684,212.27665251433086,206.72041218841272,209.04739379882812,182430,40.921168193152916
2024-06-07,210.94695688631148,212.51409412980234,208.80994364925203,210.234619140625,106961,49.59266835763777
2024-06-10,212.1816638612505,213.91027707899008,208.0501136355018,211.28887939453125,173344,52.42997796613534
2024-06-11,212.51410976037684,212.9415095407146,210.47208053623552,210.96595764160156,109451,48.765043656100055
2024-06-12,210.94695388183703,220.20734444386753,210.94695388183703,216.3607177734375,330952,54.334690229036404
2024-06-13,217.40548859377878,219.21008636463623,213.9482764186424,218.5547332763672,134983,58.144025625671205
2024-06-14,219.68496416435863,223.6740526507022,218.55471928650908,220.65374755859375,348528,61.09328575958155
2024-06-18,222.20189913521904,222.8382524906316,216.00930520228954,217.18704223632812,196428,62.08813209195766
2024-06-19,218.1652950241569,220.81519944474752,212.71354631037536,214.71759033203125,138127,58.14952058640706
2024-06-20,214.65110399138038,218.79216126755318,213.71081296454324,217.3105010986328,135429,64.42032558020045
2024-06-21,218.3552542170188,223.19915660417118,215.5059032816464,219.52349853515625,294339,65.83804786831368
2024-06-24,218.45023860044495,219.9508985003712,214.708088716047,216.15176391601562,76706,57.806857555283
2024-06-25,216.78812171592205,217.22502857890552,215.0880153308844,216.3322296142578,74995,75.14705083245458
2024-06-26,217.26302025508824,222.4393384948964,215.42043756777824,221.12864685058594,178561,69.68610507286401
2024-06-27,221.20460849014407,222.15439214959946,217.08255088631924,218.86814880371094,97651,64.61274952536769
2024-06-28,218.45024621184155,219.69446051276205,217.310508695333,217.88987731933594,58825,61.461880699298206
2024-07-01,216.55067394940878,225.00374270567772,215.96181271926713,222.13540649414062,144582,64.82345433919456
2024-07-02,223.75953696317734,236.4961397763313,222.24938436811857,233.01992797851562,700597,73.38837385046823
2024-07-03,234.2166670831767,234.929004860811,227.99558092666066,229.84765625,156224,65.0105699628285
2024-07-04,230.5599869333765,230.56947955280185,224.15843975135883,224.84228515625,72261,56.58573274769478
2024-07-05,226.00102727026112,226.98881042864173,222.4203386830922,224.07296752929688,89254,53.68399109063445
2024-07-08,225.05123745307498,229.67669377566884,220.23584178775468,223.37962341308594,138902,57.09619627499397
2024-07-09,224.29140911436107,228.4134812793032,223.19916368483774,226.20997619628906,87049,63.06130950048055
2024-07-10,226.20998617160686,238.3957130015909,222.401358683202,232.87747192382812,807025,66.19245685146734
2024-07-11,234.46360289268483,236.49613941478057,227.87210174842085,229.76217651367188,265539,60.45384182994969
2024-07-12,230.6549725523741,232.69700166795087,228.89786694684148,231.25332641601562,163907,66.0346844409305
2024-07-15,232.93443661388025,233.1718825227629,227.94807252734458,229.01182556152344,97789,62.898526069001996
2024-07-16,228.42297868447397,234.20715790974847,228.42297868447397,230.8069305419922,121876,60.48567559203409
2024-07-18,231.98465987981075,233.18138207886403,224.14894465357352,227.28323364257812,137028,58.87419611987747
2024-07-19,226.04851443656182,226.99829811066502,221.25210398383092,223.05670166015625,98224,55.09936144470537
2024-07-22,223.10417399460704,227.50167693973734,220.39729928270256,223.51258850097656,56111,51.46909313225207
2024-07-23,224.46238934635016,230.32255318730896,213.29293796373912,224.23443603515625,334438,38.03365406198093
2024-07-24,225.09872428764737,232.69699346191396,224.31040212171143,228.57493591308594,132666,48.31994740431683
2024-07-25,227.94809444810582,234.5680881837735,226.37144998329453,231.49078369140625,182869,59.288759159441874
2024-07-26,232.44056123377266,239.9628464113102,232.44056123377266,235.64134216308594,282222,64.76721541636167
2024-07-29,237.35094227869737,257.48636843538264,236.98052721314312,248.05502319335938,1013883,74.24412107495718
2024-07-30,248.32096515716017,254.0196674764515,245.56656918142357,246.97225952148438,279724,71.12484439822751
2024-07-31,248.22596833408693,261.1905096525485,245.28163315552962,247.694091796875,1654922,67.15037518024266
2024-08-01,249.3182205572361,292.533378787157,248.3684368598752,272.5879211425781,5690573,82.95569190997853
2024-08-02,265.9394282027662,276.10212508883944,260.2407261698498,261.4754333496094,1988549,70.25717119054282
2024-08-05,256.4415884435125,258.34115576531633,246.99122942349982,248.65335083007812,634910,61.52987646129072
2024-08-06,254.54203687909256,262.28276839761236,245.9939834018096,247.60862731933594,735094,59.950514733524194
2024-08-07,250.83788189464366,262.1403021694215,250.83788189464366,258.57861328125,604650,67.03195171534108
2024-08-08,256.4416150666731,259.8608423979154,249.27075927644134,250.2680206298828,334885,64.17896919400192
2024-08-09,253.11735460789288,258.10371900448365,250.45797185708372,255.0169219970703,289486,65.71294193571956
2024-08-12,255.96670179687172,256.2991318819391,248.6058782758114,249.88809204101562,282085,62.256108086923966
2024-08-13,251.2177858835419,258.19870179868633,246.94375928060828,248.6058807373047,532452,59.85791070097268
2024-08-14,249.50818889074756,254.58950848354982,246.23142354081318,253.1173553466797,364247,60.47860398742023
2024-08-16,254.92194038192434,255.7292623274243,251.02782139811754,253.21234130859375,152970,58.86185491354418
2024-08-19,255.20689456744083,257.3913855072266,252.40502102784302,254.35206604003906,231287,53.58338588082594
2024-08-20,255.49180857564087,261.0955264611354,253.68722539015587,258.5311279296875,453769,56.35376892110014
2024-08-21,259.433422611366,265.93944702305714,256.7265331571471,262.09283447265625,406693,57.67518702471128
2024-08-22,263.3749977834966,263.94487377751034,257.3438947200512,258.863525390625,283791,40.48714862580936
2024-08-23,259.76582728595895,260.1932415208703,256.4415845236158,259.0060119628906,202336,47.98137994002863
2024-08-26,260.7156383646367,260.7156383646367,253.21235256573448,253.97216796875,327209,54.9822335678369
2024-08-27,255.44432746630414,259.81330912303935,254.2095913147553,257.81878662109375,289536,59.08704857277497
2024-08-28,258.4836360627746,262.37775514888193,257.4863747413163,260.5256652832031,476174,52.03170816211631
2024-08-29,260.5256525828378,261.09552858950417,255.0169188169575,258.1986999511719,406596,59.4563703708825
2024-08-30,261.0955343573496,261.0955343573496,256.5840617646495,258.0562438964844,329491,54.071259769613114
2024-09-02,261.04805664883827,261.90285618478794,256.53658405816645,259.1009826660156,322975,63.85711229985798
2024-09-03,259.14851067719275,261.5229701318397,256.72654464239235,258.0087585449219,283752,64.22416598842081
2024-09-04,256.01416376160597,257.62880751333154,254.77945664682466,256.2041320800781,231799,55.08603224870532
2024-09-05,257.77129274236785,265.5120241711993,255.30184930274532,259.6233825683594,639931,59.52043651063405
2024-09-06,259.62338681232114,262.90012326981775,256.5840673007803,258.9585266113281,449875,56.93848085171519
2024-09-09,259.10097236528674,260.66813860150563,252.59497744441518,255.49180603027344,516915,45.32162712533206
2024-09-10,256.4890576639868,258.7685615638551,255.01690463165997,255.8717041015625,500633,39.384052801128185
2024-09-11,256.80342883604135,256.80342883604135,246.75097481956584,248.32012939453125,404002,34.321219717852216
2024-09-12,249.49699356390758,251.5075022805097,245.2308392249597,246.60385131835938,196228,32.38175791380286
2024-09-13,248.12397329994621,250.03638828303167,243.36744055317433,246.1134796142578,174755,37.18139981731341
2024-09-16,247.0942118090183,248.0749389961664,243.22034241272522,244.93661499023438,132770,26.982725716217544
2024-09-17,245.1817940668332,245.91733944903368,240.27815818549652,240.719482421875,104288,16.423321034126687
2024-09-18,240.96467551584408,241.45503912697308,236.94370288341224,238.071533203125,129231,16.246509637903074
2024-09-19,238.51285612134416,239.9349075926938,230.96125954528938,234.19766235351562,201402,14.439384414967705
2024-09-20,235.66875181125482,236.06103670979596,229.3920886816292,230.32379150390625,246618,10.444254466622823
2024-09-23,230.3237813692615,232.13811765106735,226.40087269762637,227.23448181152344,306189,9.900687335100216
2024-09-24,228.5584726050038,233.3640298077024,227.52870607165147,228.90171813964844,191621,14.296740217920075
2024-09-25,229.0978807840493,234.39380169846552,226.74412651620133,231.8929443359375,281590,13.326472214486643
2024-09-26,233.51114566924701,239.1012875574273,225.8124313821689,228.2152099609375,502740,12.342861158605274
2024-09-27,228.65654325000065,233.36403685556212,227.3325704940272,229.68630981445312,190115,16.76640870115787
2024-09-30,228.4603939435393,230.71606945399094,226.69508202385066,229.53919982910156,109560,15.88313976958976
2024-10-01,229.4901628693776,236.06103206115725,228.90172056844418,234.393798828125,178981,30.601107298443452
2024-10-03,229.4901635739206,231.53987981943945,221.84048846184803,223.1350555419922,254186,24.17442331787545
2024-10-04,222.62507508800664,225.56725669709922,218.96696681082017,221.19320678710938,136980,23.426083124979044
2024-10-07,225.61630035234032,229.08806813279853,214.87734026731917,216.4072723388672,244572,21.7518201857428
2024-10-08,216.39745486728486,223.31158475356398,212.8178065041361,220.94802856445312,190928,30.548059462731317
2024-10-09,222.77218431192875,226.54799013336887,215.56384815014752,217.7312469482422,195824,30.209925879694282
2024-10-10,218.99638207707284,233.2953861435349,218.99638207707284,223.38023376464844,259537,39.82659618160303
2024-10-11,224.87093190212724,226.52836325562572,222.24259020323004,223.1350555419922,88293,42.74400748884852
2024-10-14,225.17497661643165,229.49017041615056,222.62507984814604,223.468505859375,52127,45.97486022495131
2024-10-15,224.46884002093208,224.96900549159048,220.6636138030875,221.0460968017578,62831,41.73716259377076
2024-10-16,220.77149628791435,223.57637662383766,220.46747325619305,220.83033752441406,57402,37.6424149720275
2024-10-17,221.81107505102622,221.8699162902704,218.30988663360807,218.74139404296875,65870,39.027722110180136
2024-10-18,218.11372524607881,219.75155285368055,215.75998593089832,216.7309112548828,71687,35.180614128880975
2024-10-21,217.70181750205475,219.63385126402824,212.8276021693248,213.44546508789062,208976,32.823939677889925
2024-10-22,215.1617451174242,216.2503529348684,204.0403019865899,205.9723358154297,174333,21.272793170724185
2024-10-23,204.32470014940506,209.93446090018722,200.8725511987002,207.44342041015625,109502,30.227369475108645
2024-10-24,209.18910762056373,210.8465389264065,207.3747563765409,209.17929077148438,56029,34.78257676319356
2024-10-25,209.17929184003518,210.1600190116068,201.04907017217857,202.53977966308594,143328,33.22255689399651
2024-10-28,203.59897001239236,209.8756180234723,182.07199628541363,188.32904052734375,458131,18.01920297768828
2024-10-29,188.29962449413625,190.75144252140365,184.6709368067224,186.43624877929688,197692,18.499481326685554
2024-10-30,188.00540607258455,193.20326335893964,186.74027453658465,191.55564880371094,104721,17.6212169102876
2024-10-31,191.14372538108321,195.8414170514579,190.26107688656543,194.08590698242188,129517,21.758158879372573
2024-11-01,195.80217653393464,199.82316397902824,195.80217653393464,198.9503173828125,54250,28.093204741220646
2024-11-04,198.95032583815248,198.95032583815248,193.61516732971415,194.89991760253906,89900,27.29902371478036
2024-11-05,194.9195235134131,196.53771734537673,193.0169104241363,196.0375518798828,81840,28.813243281163366
2024-11-06,196.3415757695354,202.0297963290225,195.53738727453458,200.47044372558594,129373,34.987892824984925
2024-11-07,201.04907320500573,202.02980039137162,196.14543727317633,197.2242431640625,100459,34.29155971261564
2024-11-08,197.71460842787312,198.48937632717664,192.49713256926012,195.01760864257812,82219,34.89791202211677
2024-11-11,196.61617679462606,196.61617679462606,186.3381603506657,188.6036376953125,148289,35.51444756567891
2024-11-12,188.8880681782209,192.3500340606856,188.20154715383296,189.2215118408203,71142,34.58346511889101
2024-11-13,186.82853008857498,189.13324497581385,184.6415126403864,185.5928192138672,110498,30.664103496180886
2024-11-14,187.17179155137467,187.7111795380091,183.44502520947356,185.4849395751953,69842,34.341801631570746
2024-11-18,187.0737196307316,187.42678203307918,182.81736703249857,183.64117431640625,71895,44.431511124870134
2024-11-19,184.32768082842236,188.7115327661232,183.41561168291776,184.9945831298828,54665,48.265286450539705
2024-11-21,185.84779797310878,185.84779797310878,179.75747568724896,180.68917846679688,111452,36.663446819523884
2024-11-22,181.43453075124165,187.31889391074137,180.46360544262882,184.31787109375,136905,38.326319912644074
2024-11-25,186.3381694585953,197.12616874304027,186.3381694585953,195.33143615722656,133265,46.229311988990354
2024-11-26,198.25399829985687,200.49987197722183,194.79203246696358,197.43019104003906,86323,52.748184107652236
2024-11-27,197.43018241474317,200.03892025490575,190.68277475739302,196.67501831054688,86893,50.69816628781156
2024-11-28,196.14543916568275,200.1468079204278,195.03721264568964,197.00848388671875,58064,45.83433244628016
2024-11-29,196.29254885182633,200.06835466846317,196.29254885182633,198.4305419921875,79787,51.51814608584239
2024-12-02,197.9009274219712,201.9219147717797,196.13563050225906,201.02944946289062,59618,57.492022925295025
2024-12-03,201.98075857120045,209.67947287598926,199.4700993991339,207.61013793945312,129693,73.58809636349314
2024-12-04,207.61014531808024,212.26859956196375,206.76671931954664,208.0220489501953,117466,73.45237886767285
2024-12-05,209.33621243082536,211.72918913126452,207.52187613659405,209.787353515625,68753,81.6525127169954
2024-12-06,210.7582681590219,211.2388298717291,208.0710852229085,209.62063598632812,35426,81.52700238183033
2024-12-09,210.85633968695979,212.80799212531105,208.89488536429042,210.11099243164062,46234,85.84325325491616
2024-12-10,210.36598543439592,210.36598543439592,205.33485008495018,205.9527130126953,62511,76.37617726787055
2024-12-11,205.9527069971285,207.03151287680663,202.37305878996682,203.9716339111328,49665,81.12215572428653
2024-12-12,204.72680139125399,204.72680139125399,197.46942615416634,199.10723876953125,50159,69.13705587765375
2024-12-13,197.12616562175555,200.55871079427368,197.12616562175555,199.55836486816406,49736,57.52706052928754
2024-12-16,200.55871108285976,205.95271064743545,200.54890919821955,205.45254516601562,66304,62.58462107042512
2024-12-17,205.3642692647517,210.670006997189,200.86273501769352,204.70718383789062,100039,62.60389191218584
2024-12-18,202.6182434198563,206.5019147116352,198.59725595537003,199.93104553222656,90393,54.024845936950875
2024-12-19,198.10689097619843,203.99125407450134,196.6358002016227,203.03994750976562,54469,56.06606927418098
2024-12-20,201.35310289425084,204.79546500959796,200.06835263199696,202.36325073242188,56782,51.84884841439653
2024-12-23,203.35378925846908,203.69703479686268,193.56612110717035,196.29254150390625,67171,34.08713703628693
2024-12-24,197.11635760072093,200.25468152495395,196.06697235473035,198.40110778808594,36919,37.088692925665754
2024-12-26,196.1454443729747,199.28376849000034,196.1454443729747,197.82249450683594,34860,33.41490560107481
2024-12-27,195.85122347379684,200.05855164142696,194.00746647024283,196.54754638671875,38596,32.418884455545594
2024-12-30,196.5573374350685,197.61652457346054,190.85931497695637,192.92864990234375,45286,28.686131000015905
2024-12-31,192.22252970675765,210.8465444773761,191.3987224566875,202.37306213378906,286090,46.0744298120848
2025-01-01,202.37306512628552,210.34636714224555,201.04907741110904,208.84585571289062,91223,54.86587787847925
2025-01-02,206.8353657276621,212.67070468708098,205.4623535988046,208.41433715820312,186337,60.19333495103122
2025-01-03,209.23815484543584,218.7021663730026,206.71767874946667,209.8560028076172,412190,61.03868658364798
2025-01-06,210.9053822772949,211.58208642336285,202.81438307201282,204.60911560058594,81006,49.0831511799525
2025-01-07,203.99126333231706,206.4430814012151,202.52017249097824,205.41331481933594,55367,50.76661795201668
2025-01-08,205.95271709540526,206.05079580371557,202.71631426239261,204.24624633789062,65359,55.083180161431734
2025-01-09,204.9719881304959,222.615276132469,204.00106279942435,209.267578125,739969,57.01968926746073
2025-01-10,207.17862599045495,208.8360573927322,199.08762639556144,201.8042449951172,156815,49.453508302168814
2025-01-13,201.45117357408193,201.45117357408193,186.43624284720048,190.34933471679688,237924,44.74323655341035
2025-01-14,192.71289074422094,201.83365650520986,192.71289074422094,200.78427124023438,122586,51.83728667450441
2025-01-15,201.0490773156128,201.0490773156128,196.1454412835247,197.6949920654297,47317,49.90536613430398
2025-01-16,201.01964996905272,202.90264434659107,197.42038303772222,199.53875732421875,70443,52.201524284239575
2025-01-17,199.09741782528877,208.7968089589917,197.61652518267908,206.8942108154297,471389,59.7427501034156
2025-01-20,205.97233221027,210.32676340383063,202.02980464789624,205.5800323486328,77545,52.52353128202862
2025-01-21,207.22766310740204,208.89489637662092,201.0196580531204,202.657470703125,101872,44.84224646808303
2025-01-22,202.62804920507742,203.54011832618426,193.63478249630987,199.04840087890625,184598,42.58656173456817
2025-01-23,196.15523818851383,201.40213459552936,196.14543630399396,197.7832489013672,33031,40.41725166002463
2025-01-24,199.6270227174314,199.63682460204586,190.69259740899238,193.8505401611328,83092,41.27842625390698
2025-01-27,196.04736044015996,196.64560462814245,185.51435993545437,187.2110137939453,163127,36.51946525635375
2025-01-28,186.83833559852576,188.38788638782196,176.53089799720655,181.4443359375,125153,34.19012735955853
2025-01-29,185.0730306670227,191.2515998606419,182.22891289778133,185.12205505371094,107009,32.940672950353985
2025-01-30,187.90733173236208,189.7707073692254,185.45551380769507,189.02536010742188,48041,40.493208842977545
2025-01-31,188.29961517077635,191.0260354849265,183.39597935903737,188.86843872070312,184572,48.67567272528792
2025-02-01,191.22219103303982,192.20291826261803,185.79877065064912,187.27967834472656,45263,35.65327705978717
2025-02-03,186.3381742858354,186.4852773849139,180.8460957946847,181.46395874023438,111366,33.70100611773272
2025-02-04,184.36691741815346,186.59315745642496,180.4538103818174,182.9252471923828,63623,33.18778371443986
2025-02-05,197.12617317064496,197.12617317064496,182.44468534478878,185.5535888671875,211045,26.119404769019297
2025-02-06,187.66215685251956,187.70137935628702,183.31752754832448,184.36691284179688,55118,26.19415127611417
2025-02-07,183.49406690708318,186.622574135437,181.95431800490826,184.89649963378906,73124,28.936955795552308
2025-02-10,176.55051908944102,183.7784739430403,176.55051908944102,180.40476989746094,92677,28.343576376518598
2025-02-11,181.92489904878266,182.3858420386976,171.62726325356854,174.80482482910156,106588,25.750364570450984
2025-02-12,170.94075244588498,173.57891098497984,163.20281550469298,164.90927124023438,238879,22.871842107897905
2025-02-13,164.9092681406882,169.66580091523593,163.20281243722042,164.3306427001953,96288,25.80376673579471
2025-02-14,165.54675015364978,165.54675015364978,153.97416649426037,157.6126708984375,187907,25.29483299598664
2025-02-17,155.37660424724433,162.30055090014756,155.37660424724433,161.5061492919922,83067,25.62752710008749
2025-02-18,162.94781809554433,162.94781809554433,156.82808995241604,158.26976013183594,72180,17.816071214721973
2025-02-19,156.92615622201157,162.40843272484548,156.92615622201157,160.76080322265625,54563,21.95692655824115
2025-02-20,160.00563293555922,163.38915366784738,159.71142675423775,162.2318878173828,46318,24.95092521833395
2025-02-21,162.55552813038094,168.67527104729052,161.43749975721283,162.07496643066406,74580,28.135331789053325
2025-02-24,160.4469783335038,161.88864853649358,157.0144330815682,158.58358764648438,67154,23.752073583801092
2025-02-25,157.0144293372941,160.7706013116097,156.9163506322652,157.47537231445312,53703,18.696664872526455
2025-02-27,156.9457764758426,159.77027566996307,155.93562863219447,156.56329345703125,45812,18.811845260957654
2025-02-28,157.2988320986288,157.59305324612617,152.3069343345331,153.41514587402344,72256,16.645854969522873
2025-03-03,157.16153814061144,157.16153814061144,144.67688472991907,149.39418029785156,114036,16.813576924584254
2025-03-04,148.58016354429955,152.9934357287837,147.21695340145837,150.05125427246094,82534,20.375533596491493
2025-03-05,150.09048548416686,162.4574561885154,150.09048548416686,160.4175567626953,111305,44.684321249604984
2025-03-06,160.59407639319622,163.3793380044549,160.05467344901007,161.9376678466797,89762,47.22978644629221
2025-03-07,161.42770264357262,165.4192545544923,160.20179364708346,161.08444213867188,72930,54.65055530482899
2025-03-10,160.64311222669693,162.45744849868018,153.48380094678072,154.56260681152344,127200,41.310747167436325
2025-03-11,153.91532921563757,154.1114716627636,151.03198885228588,151.55177307128906,74314,41.545281434761534
2025-03-12,151.13007220533956,153.45439095290826,146.94236274100226,148.57037353515625,230935,34.84515313961826
2025-03-13,149.1587946337564,152.01271434623862,148.08980558891633,148.31536865234375,114250,32.159907172279375
2025-03-17,149.6589755573748,154.36645410948123,149.07053325600683,151.20851135253906,195712,36.98307483876535
2025-03-18,151.20851135253906,151.20851135253906,151.20851135253906,151.20851135253906,0,40.35895817633385
2025-03-19,156.57308632145498,159.83890958532803,155.2981529753422,158.80914306640625,150321,51.49055464798627
2025-03-20,159.7604508196812,162.80071104802803,157.59305214319457,158.0637969970703,126205,51.68315930115093
2025-03-21,158.06379945909757,168.68507672542273,158.06379945909757,166.8217010498047,288654,63.35745933829637
2025-03-24,168.29278865820308,172.40202293748044,164.271801268144,165.6055908203125,233152,67.10825194644167
2025-03-25,166.91976350355299,169.47946204900302,160.41755245821707,162.12400817871094,160717,62.02383369421044
2025-03-26,162.11421212599973,163.3989623872076,157.26941727479615,157.75978088378906,251992,46.99355836480507
2025-03-27,155.9356298568501,158.8778115522624,152.69922699895463,155.1804656982422,206050,42.53522019448479
2025-03-28,154.5626156309956,159.66239417456748,152.98364421052503,153.4053497314453,470452,41.686135624210955
2025-04-01,152.9934444402544,157.11249572070392,152.81692072588393,155.16085815429688,94628,50.72224451201383
2025-04-02,156.12196563144613,157.69112017532504,153.02286408257424,156.8084716796875,74915,56.56219439393472
2025-04-03,154.95489249863306,159.45642660690498,154.8470119115963,158.35801696777344,95960,62.67138509459837
2025-04-04,157.79899280941973,158.52473628937196,154.16050345484885,156.1317596435547,114466,59.62792316682186
2025-04-07,151.91463895244556,157.89708092363483,148.29576811529725,156.96539306640625,121774,57.47010733441968
2025-04-08,158.04418138050133,160.34889627306214,156.77904988428693,158.19129943847656,49995,58.781459810425595
2025-04-09,158.2403430779112,158.30898620172505,154.13109362799153,157.38710021972656,43878,47.84292304238236
2025-04-11,161.71211180354365,161.8199923970634,156.44561138514638,158.36782836914062,49583,50.457911024842794
2025-04-15,161.72190860899215,167.70435048953172,159.1229875258861,165.62521362304688,86934,48.11262487947112
2025-04-16,166.41960458052708,168.3712421735441,163.94816779267626,165.45849609375,111110,49.76002349977347
2025-04-17,164.76216890408077,169.44024181844026,164.3208446588867,166.7138214111328,74521,58.07455050117307
2025-04-21,167.65531041257444,169.0087187257015,165.25253178607485,166.63536071777344,119153,68.38682023419511
2025-04-22,167.6553056439389,169.1754357406371,165.55655011217962,167.1747589111328,66478,77.14157464763443
2025-04-23,168.19470689459354,170.84266721719348,164.76216185592835,167.2041778564453,64507,83.90359190920651
2025-04-24,166.72362891113488,169.14602636366757,166.46864521891928,168.69488525390625,48862,83.69137969019457
2025-04-25,168.68507962597965,168.68507962597965,161.81998917608513,165.40945434570312,68574,69.79684556413604
2025-04-28,163.3499123005328,168.14566748279216,162.31034391212575,166.5666961669922,58698,69.24136727289375
2025-04-29,167.68473776051812,167.99857765748814,164.2914299216119,165.8802032470703,42718,74.62841916815854
2025-04-30,165.8801909794871,165.9194134813527,161.37865691379028,162.7418670654297,39305,63.0714600912803
2025-05-02,160.83926504356876,165.97828109445152,160.83926504356876,162.72225952148438,33332,60.845091821760384
2025-05-05,163.53625588933141,166.3803587015231,161.81018145434646,165.6055908203125,43401,67.89072252202098
2025-05-06,165.5467543809085,166.82170273406578,161.82978991204328,162.43785095214844,73888,58.08969687558572
2025-05-07,157.16153150855126,163.95796372239727,157.16153150855126,162.38880920410156,39623,40.983564744161455
2025-05-08,163.8795208677838,169.16563986951525,162.01613021166546,164.16392517089844,46488,46.69003330995108
2025-05-09,165.18387250647814,168.68507573829268,158.88760577759302,167.38070678710938,111314,51.54966333249417
2025-05-12,169.76388911568236,172.57857147072173,164.77197615307088,168.4300994873047,162893,53.990430024644176
2025-05-13,169.3715875207919,171.43112066405183,166.73342891056143,168.91064453125,74735,53.86970302445237
2025-05-14,169.66580531515368,173.5396747557081,168.8027605918956,172.2353057861328,91355,59.77889239778015
2025-05-15,172.21570772180434,175.6972774195268,171.4409248292013,173.31411743164062,112776,59.1243982392961
2025-05-16,173.35332896876443,174.76557848618148,171.43111209816487,173.1473846435547,98686,67.43261406880052
2025-05-19,173.14738365734883,176.1386044980756,170.50922519396534,172.16665649414062,145922,62.717171416156184
2025-05-20,173.14739134842887,176.49167471504956,170.55827212114082,171.94110107421875,108674,64.05824512871986
2025-05-21,171.67630027181866,174.12811828494173,171.06823922856165,172.5785675048828,33618,75.81064395085929
2025-05-22,172.11762885967875,181.23839509133873,171.43112279164194,177.03106689453125,216486,80.45930193278141
2025-05-23,172.60798913601266,172.69625099347238,165.73309677419763,168.1162567138672,275122,54.252499851391626
2025-05-26,169.66580223366068,170.51903009202474,167.50820542941145,167.93972778320312,57684,60.36968036613725
2025-05-27,167.93972990915458,168.6360378359164,165.1054289200989,166.4490203857422,55680,57.25806627591835
2025-05-28,166.23325472934212,168.6850726457041,165.25252756279733,167.89068603515625,63128,56.742367399491286
2025-05-29,167.70435770799293,167.92011889754258,165.74290323187606,166.2234649658203,39814,47.78198459458875
2025-05-30,166.03711748166825,169.66580511842682,165.1936914934738,168.70469665527344,100968,50.49891987561934
2025-06-02,167.60626506155327,168.63603156882976,165.0563834334544,166.8314971923828,96087,46.404329824542884
2025-06-03,167.21398976223955,168.38105753968438,165.74289894321691,166.3901824951172,57143,38.771674555429065
2025-06-04,166.7138185179839,166.9688021971865,164.987729105815,166.3999786376953,29282,36.14926061123294
2025-06-05,165.5467589075326,168.96948735228605,164.76217413300486,165.35061645507812,55031,34.91459251871915
2025-06-06,164.81121487099216,166.71382810166483,164.22277254397855,165.9586639404297,47506,37.81284392237307
2025-06-09,166.76284151438134,169.46965808281388,166.3411360140583,168.42027282714844,71824,43.64596671816181
2025-06-10,169.17544080604534,173.57891129026328,168.8812196551799,170.80345153808594,104906,46.98634068903773
2025-06-11,170.90150907524904,173.00026459366885,168.9890941111039,171.63705444335938,66434,39.55954833709797
2025-06-12,172.5099013920672,172.5099013920672,167.16494136505543,168.6360321044922,42098,51.30475617024341
2025-06-13,166.71381756078046,168.194710205028,163.88931851323693,164.96812438964844,83969,43.653096196101
2025-06-16,165.71346946985128,166.4293961067379,163.4970314749115,164.7327423095703,44116,46.126577221885505
2025-06-17,164.73274635256774,168.61641762235945,164.12470028697726,165.2034912109375,85876,43.65737706098869
2025-06-18,165.19368982106437,166.13517954062317,163.53625848019496,165.46829223632812,36693,48.091186155921754
2025-06-19,165.26234045376714,165.4977203767096,157.90688621480226,161.52577209472656,79722,33.102443131046414
2025-06-20,160.64312306865656,164.21296958286183,158.9856916576488,162.987060546875,40314,40.7721332334178
2025-06-23,162.8007128525496,168.5575766448334,160.55485418140518,167.19436645507812,100548,51.63474798707909
2025-06-24,167.46896911392258,169.46966095622633,164.95830990882,165.46829223632812,48127,48.229598147571465
2025-06-25,166.21364093951084,179.0807919232825,165.74289607568667,170.43077087402344,383192,58.403625846778894
2025-06-26,170.43077040553743,171.60764004421748,166.14499736075462,168.62623596191406,114123,54.244690676743865
2025-06-27,167.41012531061833,169.66580079974167,167.41012531061833,168.8714141845703,48025,50.77234298444238
2025-06-30,168.73411583864205,171.32323501867992,168.16529227333024,169.63638305664062,62759,47.88481162835074
2025-07-01,169.9109821217398,170.37192508859744,168.48893071885752,169.69522094726562,27083,46.37893946119439
2025-07-02,170.59748930475698,170.59748930475698,167.70434712794764,168.31239318847656,34928,49.35772815639819
2025-07-03,167.70435095267752,169.175441750508,167.2336060874904,168.5183563232422,21646,58.16787054303624
2025-07-04,167.70435213940456,169.86194899854857,165.74289772841738,167.13552856445312,53690,55.250762427416845
2025-07-07,168.5869965520878,169.46965999446292,167.7141499589438,168.2045135498047,36440,56.39097597766416
2025-07-08,169.46966359936428,169.55792545606653,167.8024303479143,167.95933532714844,41903,55.309361802047206
2025-07-09,169.1754484751742,170.64653933148006,167.80243632850608,168.4006805419922,46083,67.22361795598317
2025-07-10,169.37158995886486,169.37158995886486,167.80243536662604,167.87107849121094,21190,62.835042244936425
2025-07-11,167.80242392183825,168.6654536510591,165.17406733791984,166.98841857910156,50288,49.34417610696095
2025-07-14,167.99857911271224,167.99857911271224,164.78179496445503,166.03712463378906,36598,51.905421498924085
2025-07-15,166.02730677988094,170.18559563734524,166.02730677988094,166.59613037109375,34948,31.780079431710917
2025-07-16,167.410132388671,173.14739257480346,165.10543241526017,167.7435760498047,162777,45.52681313854615
2025-07-17,166.08616294490668,168.86160784619534,166.08616294490668,167.6847381591797,43086,43.87033516506036
2025-07-18,167.08648491690997,169.39119977646976,166.0371146156509,167.30224609375,61164,37.44723522422157
2025-07-21,166.9688067267482,168.88122178442103,165.76251645417142,168.22413635253906,48879,42.76066313343915
2025-07-22,167.80242321943197,169.17543525883752,167.78280448609507,168.44969177246094,27053,50.76250877079993
2025-07-23,168.58699803708097,169.4598446379134,166.7236223612798,168.99891662597656,43060,52.570846434903565
2025-07-24,169.46966480651508,171.38207987223325,167.28264731929426,169.39120483398438,47801,63.49766072687297
2025-07-25,168.68507165238185,169.1754352327667,166.72361733084253,166.9099578857422,27268,43.37353161709572
2025-07-28,157.38708818789175,158.87779763981584,148.5703607234414,150.1591339111328,546259,16.125454011152954
2025-07-29,152.01271390499915,152.01271390499915,149.79627585084094,150.86526489257812,90037,16.962305667977787
2025-07-30,152.01271819910642,152.01271819910642,150.55142926267112,151.14967346191406,337763,18.202161380442192
2025-07-31,151.32620763923407,152.01271367579582,149.8649187462811,151.05160522460938,44700,18.762019669338343
2025-08-01,149.9531867854667,152.0127199447963,147.69752613869892,148.9430389404297,74456,17.947770118941477
2025-08-04,150.2473962138257,151.79694690480417,148.001537627387,149.3353271484375,48265,17.431546604508895
2025-08-05,149.95318811659246,150.5318285579242,145.5791530324936,146.02047729492188,101013,12.11088098732155
2025-08-06,147.83481564159064,147.83481564159064,138.8905738779599,141.5287322998047,116143,10.488914417849045
2025-08-07,142.54870976187217,143.58827823784912,137.2233530878692,138.4002227783203,107969,9.685391947903469
2025-08-08,139.65554359697668,144.13747396538585,137.46852618899285,139.55747985839844,120452,10.27454091639946
2025-08-11,142.19563471893662,142.19563471893662,138.7826934658712,139.8026580810547,68734,10.323312008007136
2025-08-12,140.7833862636221,143.03906171579453,140.24398333477734,142.3231201171875,70030,14.966483973427657
2025-08-13,142.35254697116622,143.362694789117,141.22471667802412,141.48951721191406,65202,13.776403062285738
2025-08-14,141.48951484080735,149.5020541278462,140.45974830601187,145.1574249267578,150341,22.603723778387447
2025-08-18,146.2264340510445,147.10908256052375,142.70561196858324,143.52943420410156,68320,36.512371203147
2025-08-19,144.11785934338877,147.41310334075274,143.5392338857293,144.8337860107422,66782,38.02098454373377
2025-08-20,143.97076057494124,145.14763025978127,143.77461812158623,144.2159423828125,36709,36.40904378869114
2025-08-21,144.21593238632414,147.10907452572155,144.21593238632414,145.48106384277344,42962,39.55876186995092
2025-08-22,145.3928065444812,146.52063683196104,143.96093825643442,144.6768798828125,35597,41.59254672878929
2025-08-25,144.73572791368352,149.85512530502982,144.29440364850748,147.00120544433594,134191,45.725573126792895
2025-08-26,147.00119219817702,147.58963447519443,143.40192534650643,144.421875,31690,46.99146769832317
2025-08-28,145.12800313401803,146.7167913331659,141.22471316850698,145.45164489746094,68860,58.489008521631625
2025-08-29,144.8534097693569,147.47194969380385,144.16690369707473,144.7455291748047,52543,65.33909746147205
2025-09-01,144.7455222632656,147.10907838078037,144.56899855226914,146.13815307617188,47968,65.72908270632816
2025-09-02,147.10908551431373,149.12938122769003,146.07931892277153,147.82501220703125,48981,67.93868229998697
2025-09-03,147.82500153580247,150.28663629978863,146.71679001426398,149.64915466308594,51170,66.90818244759939
2025-09-04,150.93390482030694,151.51254522126774,146.9423530374254,148.560546875,55922,66.12978116874754
2025-09-05,149.7570421828137,150.9339118435123,148.08000703161338,149.3451385498047,51782,60.99953989229954
2025-09-08,150.3945204975294,152.60115667393111,149.76685569483018,151.58119201660156,54839,70.49427365883062
2025-09-09,151.58118773972748,153.46418209469635,150.35527878742676,151.29678344726562,42787,67.3512811122281
2025-09-10,151.69888020558864,153.34650972768858,151.29679341592004,152.66000366210938,80897,71.79747752857672
2025-09-11,152.94000244140625,152.94000244140625,147.60000610351562,151.38999938964844,157412,65.24946641359051
2025-09-12,151.38999938964844,152.33999633789062,150.0,151.72000122070312,73612,68.63254197769479
2025-09-15,151.4600067138672,153.0,150.6999969482422,152.05999755859375,45713,64.95292664819874
2025-09-16,152.05999755859375,152.9600067138672,151.0,151.38999938964844,43226,73.21718546477281
2025-09-17,151.38999938964844,154.00999450683594,151.38999938964844,152.36000061035156,61539,73.11008614229915
2025-09-18,152.36000061035156,154.2899932861328,150.64999389648438,152.02000427246094,65212,74.9458949210296
2025-09-19,151.41000366210938,151.88999938964844,150.14999389648438,150.4199981689453,52172,64.47754140530924
2025-09-22,150.4199981689453,153.4199981689453,149.5,149.57000732421875,132598,56.25400582307223
2025-09-23,149.05999755859375,150.52000427246094,147.5500030517578,148.17999267578125,51537,44.56545911634454
2025-09-24,147.60000610351562,148.50999450683594,145.80999755859375,146.02999877929688,44146,41.320826207188176
2025-09-25,146.0,146.69000244140625,145.39999389648438,145.75999450683594,18290,37.25389995204399
2025-09-26,145.14999389648438,145.38999938964844,141.14999389648438,143.9600067138672,51295,22.03773373642369
2025-09-29,143.5,144.7899932861328,141.30999755859375,142.5500030517578,39896,20.35636752521289
2025-09-30,142.00999450683594,151.1199951171875,141.1199951171875,147.9499969482422,66593,37.466715282588154
2025-10-01,149.0,150.6999969482422,147.9199981689453,149.38999938964844,46046,44.7257360196111
2025-10-03,148.07000732421875,149.89999389648438,148.0,149.36000061035156,19795,43.67630740346112
2025-10-06,149.1999969482422,153.00999450683594,148.99000549316406,150.88999938964844,52428,47.05289997839939
2025-10-07,151.85000610351562,151.85000610351562,149.50999450683594,150.17999267578125,14849,46.95825351684796
2025-10-08,149.08999633789062,151.0,149.0,149.1699981689453,9115,41.99698039708084
2025-10-09,148.25,149.25999450683594,147.10000610351562,147.47000122070312,11168,39.314221496909894
2025-10-10,147.0,148.5,146.0,146.88999938964844,64730,41.292548859015334
2025-10-13,146.5,151.0,145.7100067138672,147.39999389648438,28669,44.55591012240723
2025-10-14,148.6999969482422,148.6999969482422,144.0,144.97999572753906,18539,42.36641082443418
2025-10-15,144.25,146.5,144.25,146.10000610351562,144122,50.17563309068302
2025-10-16,145.60000610351562,147.9499969482422,145.35000610351562,146.66000366210938,20281,52.225543472108924
2025-10-17,147.5,147.50999450683594,144.99000549316406,145.64999389648438,15863,54.34891017108213
2025-10-20,146.8000030517578,149.77999877929688,144.72999572753906,146.63999938964844,25746,60.757480896423296
2025-10-21,146.0,148.0,145.5,147.3800048828125,11352,48.013967885347654
2025-10-23,147.3800048828125,152.1199951171875,141.8000030517578,150.25,68072,52.72496782409667
2025-10-24,148.14999389648438,150.19000244140625,147.1199951171875,148.7899932861328,17315,48.34396688997727
2025-10-27,147.52999877929688,148.7899932861328,146.7100067138672,147.52999877929688,19443,40.082653188984494
2025-10-28,146.3000030517578,148.0,146.3000030517578,147.2899932861328,15906,41.22648300550594
2025-10-29,147.0,148.49000549316406,146.5500030517578,147.22999572753906,25372,43.75
2025-10-30,147.0,147.86000061035156,146.0,147.33999633789062,16775,49.53336444237051
2025-10-31,146.00999450683594,147.60000610351562,145.10000610351562,145.97000122070312,18624,46.87500971813773
2025-11-03,145.00999450683594,146.7899932861328,145.00999450683594,145.75999450683594,11977,44.313466965633936
2025-11-04,145.00999450683594,146.60000610351562,145.00999450683594,145.7899932861328,14674,53.36656519533231
2025-11-06,145.10000610351562,145.41000366210938,143.5,144.42999267578125,15188,43.194740140873094
2025-11-07,143.52000427246094,147.66000366210938,142.61000061035156,146.82000732421875,19911,50.56738739908664
2025-11-10,146.0,147.0,141.35000610351562,142.5,46877,40.95351030338725
2025-11-11,142.5,146.47999572753906,141.50999450683594,144.42999267578125,16306,43.97819035130099
2025-11-12,140.0,143.8000030517578,139.1999969482422,142.0399932861328,68153,36.64998119355683
2025-11-13,140.10000610351562,144.07000732421875,140.10000610351562,142.33999633789062,51081,27.30925663620748
2025-11-14,141.02000427246094,142.8000030517578,137.80999755859375,140.22000122070312,46410,26.312917159758328
2025-11-17,140.0,141.24000549316406,139.10000610351562,139.9499969482422,57160,27.836279644176187
2025-11-18,139.0500030517578,149.14999389648438,139.0500030517578,141.22000122070312,53485,33.2598308826438
2025-11-19,142.6999969482422,142.6999969482422,139.10000610351562,139.7899932861328,17883,30.923100518485015
2025-11-20,139.7899932861328,142.5,137.0,138.5500030517578,53428,28.69611075074205
2025-11-21,139.97999572753906,143.38999938964844,139.92999267578125,140.24000549316406,82509,36.3246104643837
2025-11-24,140.25,141.30999755859375,139.75,140.19000244140625,40583,36.60417102448083
2025-11-25,140.0,141.44000244140625,138.0,139.55999755859375,59108,35.4371504982462
2025-11-26,139.92999267578125,140.67999267578125,137.05999755859375,138.8000030517578,49125,36.4598769169795
2025-11-27,137.5,140.10000610351562,137.5,138.72000122070312,24237,28.084412099353813
2025-11-28,138.72000122070312,139.89999389648438,137.80999755859375,138.41000366210938,47413,35.867325525726926
2025-12-01,137.41000366210938,140.89999389648438,137.41000366210938,138.08999633789062,27226,25.349966895825077
2025-12-02,138.08999633789062,141.60000610351562,136.47999572753906,137.36000061035156,111486,29.107198325894686
2025-12-03,136.0500030517578,137.8000030517578,136.0399932861328,136.25999450683594,19755,24.666691250240007
2025-12-04,136.5,137.2899932861328,136.00999450683594,136.13999938964844,18764,29.600021972622713
2025-12-05,136.13999938964844,138.0,136.0,137.07000732421875,30137,36.49162986766674
2025-12-08,136.10000610351562,136.99000549316406,132.64999389648438,133.05999755859375,55025,19.552280615451878
2025-12-09,133.05999755859375,134.08999633789062,130.57000732421875,132.52000427246094,41113,20.943311996253
2025-12-10,132.6199951171875,134.80999755859375,132.6199951171875,133.64999389648438,12800,30.241913155404504
2025-12-11,133.00999450683594,135.80999755859375,132.0,133.99000549316406,25738,21.719503876140266
2025-12-12,135.10000610351562,136.0,132.3000030517578,135.10000610351562,31188,28.98435314663287
2025-12-15,133.5,135.74000549316406,133.0,135.17999267578125,28161,31.055338201363256
2025-12-16,138.3000030517578,138.3000030517578,133.50999450683594,134.2100067138672,15971,30.501271783011262
2025-12-17,135.39999389648438,135.39999389648438,133.4499969482422,134.77999877929688,16754,33.93144734713182
2025-12-18,134.0,135.0800018310547,132.82000732421875,133.10000610351562,22514,30.520882078333813
2025-12-19,132.0,135.0,132.0,134.25999450683594,23328,36.76567510595242
2025-12-22,135.39999389648438,136.5,133.17999267578125,134.3699951171875,31592,39.20572542253746
2025-12-23,134.0,135.60000610351562,134.0,134.5,504395,43.16770149543716
2025-12-24,135.6999969482422,138.27000427246094,134.91000366210938,136.25999450683594,49513,50.41320750751382
2025-12-26,137.0,146.0,136.9499969482422,141.77999877929688,185527,62.32339766366707
2025-12-29,142.47000122070312,142.52999877929688,136.5399932861328,138.67999267578125,36720,65.43958844755657
2025-12-30,138.67999267578125,145.3000030517578,138.67999267578125,141.07000732421875,65122,71.32173257889109
2025-12-31,140.36000061035156,142.88999938964844,140.00999450683594,141.36000061035156,38366,70.06771542839441
2026-01-01,139.0500030517578,145.05999755859375,139.0500030517578,141.3800048828125,47138,69.56064469903625
2026-01-02,141.1999969482422,141.99000549316406,140.02000427246094,140.5800018310547,50238,64.7470510989548
2026-01-05,141.77999877929688,142.47999572753906,138.00999450683594,139.27000427246094,32958,60.32310765042938
2026-01-06,139.27000427246094,140.17999267578125,138.85000610351562,139.0,37649,62.53268742319703
2026-01-07,138.30999755859375,144.0,136.88999938964844,142.33999633789062,1816663,67.27604175383979
2026-01-08,144.0,151.0,140.0,140.5399932861328,222507,66.90905005087416
2026-01-09,141.66000366210938,142.64999389648438,137.0,138.10000610351562,57500,58.24744261407544
2026-01-12,140.97000122070312,140.97000122070312,134.22999572753906,138.1300048828125,111508,58.103465058706846
2026-01-13,139.0,140.5800018310547,136.00999450683594,137.86000061035156,75812,57.19794117589374
2026-01-14,138.0,138.0,134.0500030517578,135.3000030517578,84048,48.01161791105156
2026-01-16,135.35000610351562,136.1999969482422,133.4499969482422,134.1300048828125,76120,30.67208036035092
2026-01-19,132.7899932861328,133.08999633789062,128.0,129.49000549316406,58919,28.457603390269426
2026-01-20,129.49000549316406,129.8800048828125,125.0,126.58000183105469,69007,16.842078799632105
2026-01-21,124.08000183105469,127.2699966430664,121.20999908447266,123.47000122070312,131584,13.741384844996801
2026-01-22,123.5,129.0,123.5,126.98999786376953,36424,24.458622911428833
2026-01-23,127.80000305175781,128.0,123.0,123.6500015258789,37534,22.435673686326126
2026-01-27,123.6500015258789,126.0,121.5,123.45999908447266,34401,23.284874584205582
2026-01-28,123.0,126.58999633789062,122.80000305175781,125.18000030517578,63041,27.73839226658258
2026-01-29,125.0,125.94000244140625,119.5,121.33000183105469,69110,16.70364083069751
2026-01-30,121.0999984741211,124.58000183105469,120.30000305175781,123.80999755859375,45058,24.04591085036435
2026-02-02,121.5,121.81999969482422,117.69000244140625,120.19000244140625,93616,23.19663292620379
2026-02-03,122.19999694824219,123.5,119.31999969482422,121.02999877929688,129168,25.014592170570324
2026-02-04,120.30000305175781,122.19999694824219,120.0999984741211,121.5,77528,26.234734553682415
2026-02-05,121.05999755859375,125.87000274658203,121.05999755859375,122.75,85131,31.048008752493203
2026-02-06,122.0,126.47000122070312,120.19999694824219,122.87000274658203,144456,32.43916769609585
2026-02-09,123.13999938964844,125.52999877929688,122.58000183105469,124.12000274658203,58077,40.634802025529076
2026-02-10,124.0,132.35000610351562,124.0,131.19000244140625,120643,57.0210211633867
2026-02-11,131.17999267578125,131.3000030517578,128.00999450683594,130.02000427246094,46056,60.60214700015709
2026-02-12,130.89999389648438,130.89999389648438,126.5,127.02999877929688,22693,50.06587767584866
2026-02-13,125.02999877929688,131.44000244140625,123.76000213623047,127.38999938964844,80264,56.829799559791134
2026-02-16,125.05000305175781,126.72000122070312,124.08000183105469,125.29000091552734,27905,53.123936924767236
2026-02-17,124.04000091552734,126.5999984741211,124.04000091552734,125.38999938964844,24644,50.37947082810254
2026-02-18,124.4000015258789,127.63999938964844,124.4000015258789,126.56999969482422,35230,60.479998925780926
2026-02-19,125.94000244140625,126.56999969482422,124.75,125.0199966430664,44975,52.51350041506822
2026-02-20,125.0,126.31999969482422,125.0,125.58999633789062,33681,62.8448924807287
2026-02-23,128.10000610351562,128.42999267578125,125.0,125.06999969482422,46627,59.75845415969609
2026-02-24,126.0,126.0,124.9000015258789,125.08999633789062,43598,58.86418848861883
2026-02-25,125.0,127.5999984741211,125.0,125.27999877929688,50584,56.5919709677522
2026-02-26,126.0,127.5,124.94999694824219,125.62999725341797,48329,57.10606273704359
2026-02-27,126.9000015258789,127.9800033569336,125.0,125.05000305175781,35082,52.48000182291741
2026-03-02,123.88999938964844,123.88999938964844,119.11000061035156,122.37999725341797,103153,19.30311454779485
2026-03-04,120.0,121.6500015258789,116.6500015258789,117.3499984741211,94962,15.211404625650601
